
-- Executing script file `PROJECT_ROOT/build/known-board/portability-c-id00-l1-s1-r2/synth.ys' --

1. Executing Verilog-2005 frontend: rtl/core/vib_coeff_rom.sv
Parsing SystemVerilog input from `rtl/core/vib_coeff_rom.sv' to AST representation.
Storing AST representation for module `$abstract\vib_coeff_rom'.
Successfully finished Verilog frontend.

2. Executing Verilog-2005 frontend: rtl/platform/spram16k.sv
Parsing SystemVerilog input from `rtl/platform/spram16k.sv' to AST representation.
Storing AST representation for module `$abstract\spram16k'.
Successfully finished Verilog frontend.

3. Executing Verilog-2005 frontend: rtl/core/known_capture.sv
Parsing SystemVerilog input from `rtl/core/known_capture.sv' to AST representation.
Storing AST representation for module `$abstract\known_capture'.
Successfully finished Verilog frontend.

4. Executing Verilog-2005 frontend: rtl/core/known_spectral_core.sv
Parsing SystemVerilog input from `rtl/core/known_spectral_core.sv' to AST representation.
Storing AST representation for module `$abstract\known_spectral_core'.
Successfully finished Verilog frontend.

5. Executing Verilog-2005 frontend: rtl/io/spi_master.sv
Parsing SystemVerilog input from `rtl/io/spi_master.sv' to AST representation.
Storing AST representation for module `$abstract\spi_master'.
Successfully finished Verilog frontend.

6. Executing Verilog-2005 frontend: rtl/io/flash_stream.sv
Parsing SystemVerilog input from `rtl/io/flash_stream.sv' to AST representation.
Storing AST representation for module `$abstract\flash_stream'.
Successfully finished Verilog frontend.

7. Executing Verilog-2005 frontend: rtl/io/known_replay_controller.sv
Parsing SystemVerilog input from `rtl/io/known_replay_controller.sv' to AST representation.
Storing AST representation for module `$abstract\known_replay_controller'.
Successfully finished Verilog frontend.

8. Executing Verilog-2005 frontend: rtl/upduino_known.sv
Parsing SystemVerilog input from `rtl/upduino_known.sv' to AST representation.
Storing AST representation for module `$abstract\upduino_known'.
Storing AST representation for module `$abstract\known_replay_system'.
Successfully finished Verilog frontend.
Parameter \LANES = 1
Parameter \QUANT_PIPELINE = 1
Parameter \MODEL_DIR = 728'00101111010101010111001101100101011100100111001100101111011100110111010001100001011011100110110001100101011110010010111101000100011001010111001101101011011101000110111101110000001011111110011010010101100110011110011010011101100100000010111101000110011000010110110001101100001000000011001000110000001100100011011000101111011001000110100101100111011010010111010001100001011011000010000001101001011000110010111101100001011100100111010001101001011001100110000101100011011101000111001100101111011000010110001101101111011101010111001101110100011010010110001100101101011010110110111001101111011101110110111000101101011100100110010101101100011001010110000101110011011001010010110101110110001100010010111101101001011001000011000000110000
Parameter \MODEL_HASH = 256'1110000100111001001111101000010011111010010011010110110010100001000011110111111000000111101001001010001111011111010011011100111111110010001111011110100001100001100111100000100000000100000001111111111010000100101001000101010111111101000000111110001100100011
Parameter \BIAS = 441
Parameter \THRESHOLD = 32'11111111111111111111101111111011
Parameter \LOG_CONSTANT = 128145
Parameter \LOG_FLOOR = 32'11111111111111011000001000110001

9. Executing AST frontend in derive mode using pre-parsed AST for module `\upduino_known'.
Parameter \LANES = 1
Parameter \QUANT_PIPELINE = 1
Parameter \MODEL_DIR = 728'00101111010101010111001101100101011100100111001100101111011100110111010001100001011011100110110001100101011110010010111101000100011001010111001101101011011101000110111101110000001011111110011010010101100110011110011010011101100100000010111101000110011000010110110001101100001000000011001000110000001100100011011000101111011001000110100101100111011010010111010001100001011011000010000001101001011000110010111101100001011100100111010001101001011001100110000101100011011101000111001100101111011000010110001101101111011101010111001101110100011010010110001100101101011010110110111001101111011101110110111000101101011100100110010101101100011001010110000101110011011001010010110101110110001100010010111101101001011001000011000000110000
Parameter \MODEL_HASH = 256'1110000100111001001111101000010011111010010011010110110010100001000011110111111000000111101001001010001111011111010011011100111111110010001111011110100001100001100111100000100000000100000001111111111010000100101001000101010111111101000000111110001100100011
Parameter \BIAS = 441
Parameter \THRESHOLD = 32'11111111111111111111101111111011
Parameter \LOG_CONSTANT = 128145
Parameter \LOG_FLOOR = 32'11111111111111011000001000110001
Generating RTLIL representation for module `$paramod$36865113e5e00f76165e11b14ec2a62dcc53fcce\upduino_known'.

10. Executing SYNTH_ICE40 pass.

10.1. Executing Verilog-2005 frontend: PROJECT_ROOT/.tools/oss-cad-suite/libexec/../share/yosys/ice40/cells_sim.v
Parsing Verilog input from `PROJECT_ROOT/.tools/oss-cad-suite/libexec/../share/yosys/ice40/cells_sim.v' to AST representation.
Generating RTLIL representation for module `\SB_IO'.
Generating RTLIL representation for module `\SB_GB_IO'.
Generating RTLIL representation for module `\SB_GB'.
Generating RTLIL representation for module `\SB_LUT4'.
Generating RTLIL representation for module `\SB_CARRY'.
Generating RTLIL representation for module `\SB_DFF'.
Generating RTLIL representation for module `\SB_DFFE'.
Generating RTLIL representation for module `\SB_DFFSR'.
Generating RTLIL representation for module `\SB_DFFR'.
Generating RTLIL representation for module `\SB_DFFSS'.
Generating RTLIL representation for module `\SB_DFFS'.
Generating RTLIL representation for module `\SB_DFFESR'.
Generating RTLIL representation for module `\SB_DFFER'.
Generating RTLIL representation for module `\SB_DFFESS'.
Generating RTLIL representation for module `\SB_DFFES'.
Generating RTLIL representation for module `\SB_DFFN'.
Generating RTLIL representation for module `\SB_DFFNE'.
Generating RTLIL representation for module `\SB_DFFNSR'.
Generating RTLIL representation for module `\SB_DFFNR'.
Generating RTLIL representation for module `\SB_DFFNSS'.
Generating RTLIL representation for module `\SB_DFFNS'.
Generating RTLIL representation for module `\SB_DFFNESR'.
Generating RTLIL representation for module `\SB_DFFNER'.
Generating RTLIL representation for module `\SB_DFFNESS'.
Generating RTLIL representation for module `\SB_DFFNES'.
Generating RTLIL representation for module `\SB_RAM40_4K'.
Generating RTLIL representation for module `\SB_RAM40_4KNR'.
Generating RTLIL representation for module `\SB_RAM40_4KNW'.
Generating RTLIL representation for module `\SB_RAM40_4KNRNW'.
Generating RTLIL representation for module `\ICESTORM_LC'.
Generating RTLIL representation for module `\SB_PLL40_CORE'.
Generating RTLIL representation for module `\SB_PLL40_PAD'.
Generating RTLIL representation for module `\SB_PLL40_2_PAD'.
Generating RTLIL representation for module `\SB_PLL40_2F_CORE'.
Generating RTLIL representation for module `\SB_PLL40_2F_PAD'.
Generating RTLIL representation for module `\SB_WARMBOOT'.
Generating RTLIL representation for module `\SB_SPRAM256KA'.
Generating RTLIL representation for module `\SB_HFOSC'.
Generating RTLIL representation for module `\SB_LFOSC'.
Generating RTLIL representation for module `\SB_RGBA_DRV'.
Generating RTLIL representation for module `\SB_LED_DRV_CUR'.
Generating RTLIL representation for module `\SB_RGB_DRV'.
Generating RTLIL representation for module `\SB_I2C'.
Generating RTLIL representation for module `\SB_SPI'.
Generating RTLIL representation for module `\SB_LEDDA_IP'.
Generating RTLIL representation for module `\SB_FILTER_50NS'.
Generating RTLIL representation for module `\SB_IO_I3C'.
Generating RTLIL representation for module `\SB_IO_OD'.
Generating RTLIL representation for module `\SB_MAC16'.
Generating RTLIL representation for module `\ICESTORM_RAM'.
Successfully finished Verilog frontend.

10.2. Executing HIERARCHY pass (managing design hierarchy).

10.3. Executing AST frontend in derive mode using pre-parsed AST for module `\upduino_known'.
Generating RTLIL representation for module `\upduino_known'.

10.3.1. Analyzing design hierarchy..
Top module:  \upduino_known
Parameter \LANES = 1
Parameter \QUANT_PIPELINE = 1
Parameter \MODEL_DIR = 728'00101111010101010111001101100101011100100111001100101111011100110111010001100001011011100110110001100101011110010010111101000100011001010111001101101011011101000110111101110000001011111110011010010101100110011110011010011101100100000010111101000110011000010110110001101100001000000011001000110000001100100011011000101111011001000110100101100111011010010111010001100001011011000010000001101001011000110010111101100001011100100111010001101001011001100110000101100011011101000111001100101111011000010110001101101111011101010111001101110100011010010110001100101101011010110110111001101111011101110110111000101101011100100110010101101100011001010110000101110011011001010010110101110110001100010010111101101001011001000011000000110000
Parameter \MODEL_HASH = 256'1110000100111001001111101000010011111010010011010110110010100001000011110111111000000111101001001010001111011111010011011100111111110010001111011110100001100001100111100000100000000100000001111111111010000100101001000101010111111101000000111110001100100011
Parameter \BIAS = 441
Parameter \THRESHOLD = 32'11111111111111111111101111111011
Parameter \LOG_CONSTANT = 128145
Parameter \LOG_FLOOR = 32'11111111111111011000001000110001

10.3.2. Executing AST frontend in derive mode using pre-parsed AST for module `\known_replay_system'.
Parameter \LANES = 1
Parameter \QUANT_PIPELINE = 1
Parameter \MODEL_DIR = 728'00101111010101010111001101100101011100100111001100101111011100110111010001100001011011100110110001100101011110010010111101000100011001010111001101101011011101000110111101110000001011111110011010010101100110011110011010011101100100000010111101000110011000010110110001101100001000000011001000110000001100100011011000101111011001000110100101100111011010010111010001100001011011000010000001101001011000110010111101100001011100100111010001101001011001100110000101100011011101000111001100101111011000010110001101101111011101010111001101110100011010010110001100101101011010110110111001101111011101110110111000101101011100100110010101101100011001010110000101110011011001010010110101110110001100010010111101101001011001000011000000110000
Parameter \MODEL_HASH = 256'1110000100111001001111101000010011111010010011010110110010100001000011110111111000000111101001001010001111011111010011011100111111110010001111011110100001100001100111100000100000000100000001111111111010000100101001000101010111111101000000111110001100100011
Parameter \BIAS = 441
Parameter \THRESHOLD = 32'11111111111111111111101111111011
Parameter \LOG_CONSTANT = 128145
Parameter \LOG_FLOOR = 32'11111111111111011000001000110001
Generating RTLIL representation for module `$paramod$4e8b2c2e868a56c82dbef9d604f6995d319a74a3\known_replay_system'.

10.3.3. Analyzing design hierarchy..
Top module:  \upduino_known
Used module:     $paramod$4e8b2c2e868a56c82dbef9d604f6995d319a74a3\known_replay_system
Parameter \N = 1024
Parameter \LANES = 1
Parameter \WINDOWS = 156
Parameter \QUANT_PIPELINE = 1
Parameter \MODEL_DIR = 728'00101111010101010111001101100101011100100111001100101111011100110111010001100001011011100110110001100101011110010010111101000100011001010111001101101011011101000110111101110000001011111110011010010101100110011110011010011101100100000010111101000110011000010110110001101100001000000011001000110000001100100011011000101111011001000110100101100111011010010111010001100001011011000010000001101001011000110010111101100001011100100111010001101001011001100110000101100011011101000111001100101111011000010110001101101111011101010111001101110100011010010110001100101101011010110110111001101111011101110110111000101101011100100110010101101100011001010110000101110011011001010010110101110110001100010010111101101001011001000011000000110000
Parameter \BIAS = 441
Parameter \THRESHOLD = 32'11111111111111111111101111111011
Parameter \LOG_CONSTANT = 128145
Parameter \LOG_FLOOR = 32'11111111111111011000001000110001

10.3.4. Executing AST frontend in derive mode using pre-parsed AST for module `\known_spectral_core'.
Parameter \N = 1024
Parameter \LANES = 1
Parameter \WINDOWS = 156
Parameter \QUANT_PIPELINE = 1
Parameter \MODEL_DIR = 728'00101111010101010111001101100101011100100111001100101111011100110111010001100001011011100110110001100101011110010010111101000100011001010111001101101011011101000110111101110000001011111110011010010101100110011110011010011101100100000010111101000110011000010110110001101100001000000011001000110000001100100011011000101111011001000110100101100111011010010111010001100001011011000010000001101001011000110010111101100001011100100111010001101001011001100110000101100011011101000111001100101111011000010110001101101111011101010111001101110100011010010110001100101101011010110110111001101111011101110110111000101101011100100110010101101100011001010110000101110011011001010010110101110110001100010010111101101001011001000011000000110000
Parameter \BIAS = 441
Parameter \THRESHOLD = 32'11111111111111111111101111111011
Parameter \LOG_CONSTANT = 128145
Parameter \LOG_FLOOR = 32'11111111111111011000001000110001
Generating RTLIL representation for module `$paramod$b51e02e609ee40ea0a23bcfc9f25ac308e7a6d6e\known_spectral_core'.
Warning: Replacing memory \product with list of registers. See rtl/core/known_spectral_core.sv:125
Warning: Replacing memory \phases with list of registers. See rtl/core/known_spectral_core.sv:192
Warning: Replacing memory \accumulator with list of registers. See rtl/core/known_spectral_core.sv:191
Warning: Replacing memory \operand_b with list of registers. See rtl/core/known_spectral_core.sv:130
Warning: Replacing memory \operand_a with list of registers. See rtl/core/known_spectral_core.sv:130
Parameter \N = 1024
Parameter \WINDOWS = 156
Parameter \LANES = 1
Parameter \MODEL_HASH = 256'1110000100111001001111101000010011111010010011010110110010100001000011110111111000000111101001001010001111011111010011011100111111110010001111011110100001100001100111100000100000000100000001111111111010000100101001000101010111111101000000111110001100100011
Parameter \THRESHOLD = 32'11111111111111111111101111111011

10.3.5. Executing AST frontend in derive mode using pre-parsed AST for module `\known_replay_controller'.
Parameter \N = 1024
Parameter \WINDOWS = 156
Parameter \LANES = 1
Parameter \MODEL_HASH = 256'1110000100111001001111101000010011111010010011010110110010100001000011110111111000000111101001001010001111011111010011011100111111110010001111011110100001100001100111100000100000000100000001111111111010000100101001000101010111111101000000111110001100100011
Parameter \THRESHOLD = 32'11111111111111111111101111111011
Generating RTLIL representation for module `$paramod$f5be2c462021bc57739d5ef0136e48fd081add0e\known_replay_controller'.
Parameter \POLL_LIMIT = 4095

10.3.6. Executing AST frontend in derive mode using pre-parsed AST for module `\flash_stream'.
Parameter \POLL_LIMIT = 4095
Generating RTLIL representation for module `$paramod\flash_stream\POLL_LIMIT=s32'00000000000000000000111111111111'.

10.3.7. Analyzing design hierarchy..
Top module:  \upduino_known
Used module:     $paramod$4e8b2c2e868a56c82dbef9d604f6995d319a74a3\known_replay_system
Used module:         $paramod$b51e02e609ee40ea0a23bcfc9f25ac308e7a6d6e\known_spectral_core
Used module:         $paramod$f5be2c462021bc57739d5ef0136e48fd081add0e\known_replay_controller
Used module:         $paramod\flash_stream\POLL_LIMIT=s32'00000000000000000000111111111111
Parameter \N = 1024
Parameter \MODEL_DIR = 728'00101111010101010111001101100101011100100111001100101111011100110111010001100001011011100110110001100101011110010010111101000100011001010111001101101011011101000110111101110000001011111110011010010101100110011110011010011101100100000010111101000110011000010110110001101100001000000011001000110000001100100011011000101111011001000110100101100111011010010111010001100001011011000010000001101001011000110010111101100001011100100111010001101001011001100110000101100011011101000111001100101111011000010110001101101111011101010111001101110100011010010110001100101101011010110110111001101111011101110110111000101101011100100110010101101100011001010110000101110011011001010010110101110110001100010010111101101001011001000011000000110000

10.3.8. Executing AST frontend in derive mode using pre-parsed AST for module `\vib_coeff_rom'.
Parameter \N = 1024
Parameter \MODEL_DIR = 728'00101111010101010111001101100101011100100111001100101111011100110111010001100001011011100110110001100101011110010010111101000100011001010111001101101011011101000110111101110000001011111110011010010101100110011110011010011101100100000010111101000110011000010110110001101100001000000011001000110000001100100011011000101111011001000110100101100111011010010111010001100001011011000010000001101001011000110010111101100001011100100111010001101001011001100110000101100011011101000111001100101111011000010110001101101111011101010111001101110100011010010110001100101101011010110110111001101111011101110110111000101101011100100110010101101100011001010110000101110011011001010010110101110110001100010010111101101001011001000011000000110000
Generating RTLIL representation for module `$paramod$c5d56b8730780189bb3a1a35d3294d827d7174b0\vib_coeff_rom'.

10.3.9. Executing AST frontend in derive mode using pre-parsed AST for module `\spram16k'.
Generating RTLIL representation for module `\spram16k'.
Parameter \N = 1024

10.3.10. Executing AST frontend in derive mode using pre-parsed AST for module `\known_capture'.
Parameter \N = 1024
Generating RTLIL representation for module `$paramod\known_capture\N=s32'00000000000000000000010000000000'.
Reprocessing module $paramod$b51e02e609ee40ea0a23bcfc9f25ac308e7a6d6e\known_spectral_core because instantiated module $paramod$c5d56b8730780189bb3a1a35d3294d827d7174b0\vib_coeff_rom has become available.
Generating RTLIL representation for module `$paramod$b51e02e609ee40ea0a23bcfc9f25ac308e7a6d6e\known_spectral_core'.
Warning: Replacing memory \product with list of registers. See rtl/core/known_spectral_core.sv:125
Warning: Replacing memory \phases with list of registers. See rtl/core/known_spectral_core.sv:192
Warning: Replacing memory \accumulator with list of registers. See rtl/core/known_spectral_core.sv:191
Warning: Replacing memory \operand_b with list of registers. See rtl/core/known_spectral_core.sv:130
Warning: Replacing memory \operand_a with list of registers. See rtl/core/known_spectral_core.sv:130
Parameter \CPOL = 0
Parameter \CPHA = 0
Parameter \HALF_PERIOD = 1

10.3.11. Executing AST frontend in derive mode using pre-parsed AST for module `\spi_master'.
Parameter \CPOL = 0
Parameter \CPHA = 0
Parameter \HALF_PERIOD = 1
Generating RTLIL representation for module `$paramod$78dc09561539cbddd67c345fb430e65d2d8515c0\spi_master'.

10.3.12. Analyzing design hierarchy..
Top module:  \upduino_known
Used module:     $paramod$4e8b2c2e868a56c82dbef9d604f6995d319a74a3\known_replay_system
Used module:         $paramod$b51e02e609ee40ea0a23bcfc9f25ac308e7a6d6e\known_spectral_core
Used module:             \spram16k
Used module:         $paramod$f5be2c462021bc57739d5ef0136e48fd081add0e\known_replay_controller
Used module:         $paramod\flash_stream\POLL_LIMIT=s32'00000000000000000000111111111111
Used module:             $paramod$78dc09561539cbddd67c345fb430e65d2d8515c0\spi_master
Parameter \N = 1024
Parameter \MODEL_DIR = 728'00101111010101010111001101100101011100100111001100101111011100110111010001100001011011100110110001100101011110010010111101000100011001010111001101101011011101000110111101110000001011111110011010010101100110011110011010011101100100000010111101000110011000010110110001101100001000000011001000110000001100100011011000101111011001000110100101100111011010010111010001100001011011000010000001101001011000110010111101100001011100100111010001101001011001100110000101100011011101000111001100101111011000010110001101101111011101010111001101110100011010010110001100101101011010110110111001101111011101110110111000101101011100100110010101101100011001010110000101110011011001010010110101110110001100010010111101101001011001000011000000110000
Found cached RTLIL representation for module `$paramod$c5d56b8730780189bb3a1a35d3294d827d7174b0\vib_coeff_rom'.
Parameter \N = 1024
Found cached RTLIL representation for module `$paramod\known_capture\N=s32'00000000000000000000010000000000'.

10.3.13. Analyzing design hierarchy..
Top module:  \upduino_known
Used module:     $paramod$4e8b2c2e868a56c82dbef9d604f6995d319a74a3\known_replay_system
Used module:         $paramod$b51e02e609ee40ea0a23bcfc9f25ac308e7a6d6e\known_spectral_core
Used module:             $paramod$c5d56b8730780189bb3a1a35d3294d827d7174b0\vib_coeff_rom
Used module:             \spram16k
Used module:             $paramod\known_capture\N=s32'00000000000000000000010000000000
Used module:         $paramod$f5be2c462021bc57739d5ef0136e48fd081add0e\known_replay_controller
Used module:         $paramod\flash_stream\POLL_LIMIT=s32'00000000000000000000111111111111
Used module:             $paramod$78dc09561539cbddd67c345fb430e65d2d8515c0\spi_master

10.3.14. Analyzing design hierarchy..
Top module:  \upduino_known
Used module:     $paramod$4e8b2c2e868a56c82dbef9d604f6995d319a74a3\known_replay_system
Used module:         $paramod$b51e02e609ee40ea0a23bcfc9f25ac308e7a6d6e\known_spectral_core
Used module:             $paramod$c5d56b8730780189bb3a1a35d3294d827d7174b0\vib_coeff_rom
Used module:             \spram16k
Used module:             $paramod\known_capture\N=s32'00000000000000000000010000000000
Used module:         $paramod$f5be2c462021bc57739d5ef0136e48fd081add0e\known_replay_controller
Used module:         $paramod\flash_stream\POLL_LIMIT=s32'00000000000000000000111111111111
Used module:             $paramod$78dc09561539cbddd67c345fb430e65d2d8515c0\spi_master
Removing unused module `$abstract\known_replay_system'.
Removing unused module `$abstract\upduino_known'.
Removing unused module `$abstract\known_replay_controller'.
Removing unused module `$abstract\flash_stream'.
Removing unused module `$abstract\spi_master'.
Removing unused module `$abstract\known_spectral_core'.
Removing unused module `$abstract\known_capture'.
Removing unused module `$abstract\spram16k'.
Removing unused module `$abstract\vib_coeff_rom'.
Removed 9 unused modules.

10.4. Executing PROC pass (convert processes to netlists).

10.4.1. Executing PROC_CLEAN pass (remove empty switches from decision trees).
Removing empty process `$paramod$b51e02e609ee40ea0a23bcfc9f25ac308e7a6d6e\known_spectral_core.$proc$rtl/core/known_spectral_core.sv:49$1428'.
Found and cleaned up 3 empty switches in `$paramod$b51e02e609ee40ea0a23bcfc9f25ac308e7a6d6e\known_spectral_core.$proc$rtl/core/known_spectral_core.sv:142$1223'.
Found and cleaned up 2 empty switches in `$paramod$78dc09561539cbddd67c345fb430e65d2d8515c0\spi_master.$proc$rtl/io/spi_master.sv:29$1433'.
Removing empty process `$paramod$c5d56b8730780189bb3a1a35d3294d827d7174b0\vib_coeff_rom.$proc$rtl/core/vib_coeff_rom.sv:24$966'.
Cleaned up 5 empty switches.

10.4.2. Executing PROC_RMDEAD pass (remove dead branches from decision trees).
Marked 2 switch rules as full_case in process $proc$rtl/core/known_spectral_core.sv:82$1386 in module $paramod$b51e02e609ee40ea0a23bcfc9f25ac308e7a6d6e\known_spectral_core.
Marked 23 switch rules as full_case in process $proc$rtl/core/known_spectral_core.sv:142$1223 in module $paramod$b51e02e609ee40ea0a23bcfc9f25ac308e7a6d6e\known_spectral_core.
Marked 1 switch rules as full_case in process $proc$rtl/core/known_spectral_core.sv:128$1218 in module $paramod$b51e02e609ee40ea0a23bcfc9f25ac308e7a6d6e\known_spectral_core.
Marked 6 switch rules as full_case in process $proc$rtl/io/spi_master.sv:29$1433 in module $paramod$78dc09561539cbddd67c345fb430e65d2d8515c0\spi_master.
Marked 10 switch rules as full_case in process $proc$rtl/io/flash_stream.sv:69$920 in module $paramod\flash_stream\POLL_LIMIT=s32'00000000000000000000111111111111.
Removed 1 dead cases from process $proc$rtl/io/flash_stream.sv:48$915 in module $paramod\flash_stream\POLL_LIMIT=s32'00000000000000000000111111111111.
Marked 2 switch rules as full_case in process $proc$rtl/io/flash_stream.sv:48$915 in module $paramod\flash_stream\POLL_LIMIT=s32'00000000000000000000111111111111.
Marked 12 switch rules as full_case in process $proc$rtl/io/known_replay_controller.sv:101$752 in module $paramod$f5be2c462021bc57739d5ef0136e48fd081add0e\known_replay_controller.
Marked 2 switch rules as full_case in process $proc$rtl/io/known_replay_controller.sv:67$712 in module $paramod$f5be2c462021bc57739d5ef0136e48fd081add0e\known_replay_controller.
Marked 1 switch rules as full_case in process $proc$rtl/io/known_replay_controller.sv:57$704 in module $paramod$f5be2c462021bc57739d5ef0136e48fd081add0e\known_replay_controller.
Marked 9 switch rules as full_case in process $proc$rtl/core/known_capture.sv:31$1004 in module $paramod\known_capture\N=s32'00000000000000000000010000000000.
Removed a total of 1 dead cases.

10.4.3. Executing PROC_PRUNE pass (remove redundant assignments in processes).
Removed 4 redundant assignments.
Promoted 79 assignments to connections.

10.4.4. Executing PROC_INIT pass (extract init attributes).
Found init rule in `\upduino_known.$proc$rtl/upduino_known.sv:8$396'.
  Set init value: \startup = 17'00000000000000000

10.4.5. Executing PROC_ARST pass (detect async resets in processes).

10.4.6. Executing PROC_ROM pass (convert switches to ROMs).
Converted 0 switches.
<suppressed ~145 debug messages>

10.4.7. Executing PROC_MUX pass (convert decision trees to multiplexers).
Creating decoders for process `$paramod$b51e02e609ee40ea0a23bcfc9f25ac308e7a6d6e\known_spectral_core.$proc$rtl/core/known_spectral_core.sv:124$1427'.
Creating decoders for process `$paramod$b51e02e609ee40ea0a23bcfc9f25ac308e7a6d6e\known_spectral_core.$proc$rtl/core/known_spectral_core.sv:125$1425'.
     1/1: $0\product[0][31:0]
Creating decoders for process `$paramod$b51e02e609ee40ea0a23bcfc9f25ac308e7a6d6e\known_spectral_core.$proc$rtl/core/known_spectral_core.sv:83$1406'.
Creating decoders for process `$paramod$b51e02e609ee40ea0a23bcfc9f25ac308e7a6d6e\known_spectral_core.$proc$rtl/core/known_spectral_core.sv:82$1386'.
     1/2: $1$mem2reg_rd$\accumulator$rtl/core/known_spectral_core.sv:82$1151_DATA[47:0]$1398
     2/2: $1$mem2reg_rd$\accumulator$rtl/core/known_spectral_core.sv:82$1150_DATA[47:0]$1397
Creating decoders for process `$paramod$b51e02e609ee40ea0a23bcfc9f25ac308e7a6d6e\known_spectral_core.$proc$rtl/core/known_spectral_core.sv:142$1223'.
     1/86: $0\arithmetic_error[7:0] [7:3]
     2/86: $0\arithmetic_error[7:0] [2]
     3/86: $5$lookahead\power_buffer$1222[63:0]$1339
     4/86: $4$lookahead\power_buffer$1222[63:0]$1335
     5/86: $3$lookahead\power_buffer$1222[63:0]$1332
     6/86: $6$lookahead\power_buffer$1222[63:0]$1341
     7/86: $0\arithmetic_error[7:0] [1]
     8/86: $3\i[31:0]
     9/86: $4\i[31:0]
    10/86: $0\arithmetic_error[7:0] [0]
    11/86: $3\rne$func$rtl/core/known_spectral_core.sv:171$1146.half[63:0]$1293
    12/86: $3\rne$func$rtl/core/known_spectral_core.sv:171$1146.rem[63:0]$1292
    13/86: $3\rne$func$rtl/core/known_spectral_core.sv:171$1146.quotient[63:0]$1291
    14/86: $3\rne$func$rtl/core/known_spectral_core.sv:171$1146.value[63:0]$1290
    15/86: $2\rne$func$rtl/core/known_spectral_core.sv:171$1146.half[63:0]$1286
    16/86: $2\rne$func$rtl/core/known_spectral_core.sv:171$1146.rem[63:0]$1285
    17/86: $2\rne$func$rtl/core/known_spectral_core.sv:171$1146.quotient[63:0]$1284
    18/86: $2\rne$func$rtl/core/known_spectral_core.sv:171$1146.value[63:0]$1283
    19/86: $2\rne$func$rtl/core/known_spectral_core.sv:171$1146.$result[63:0]$1282
    20/86: $2$lookahead\power_buffer$1222[63:0]$1288
    21/86: $2$bitselwrite$pos$rtl/core/known_spectral_core.sv:246$1147[31:0]$1287
    22/86: $2\i[31:0]
    23/86: $0\dbg_valid[0:0]
    24/86: $1$lookahead\power_buffer$1222[63:0]$1252
    25/86: $1$bitselwrite$pos$rtl/core/known_spectral_core.sv:246$1147[31:0]$1251
    26/86: $1\rne$func$rtl/core/known_spectral_core.sv:171$1146.half[63:0]$1250
    27/86: $1\rne$func$rtl/core/known_spectral_core.sv:171$1146.rem[63:0]$1249
    28/86: $1\rne$func$rtl/core/known_spectral_core.sv:171$1146.quotient[63:0]$1248
    29/86: $1\rne$func$rtl/core/known_spectral_core.sv:171$1146.value[63:0]$1247
    30/86: $1\rne$func$rtl/core/known_spectral_core.sv:171$1146.$result[63:0]$1246
    31/86: $1\i[31:0]
    32/86: $1$memwr$\windowed$rtl/core/known_spectral_core.sv:144$1152_EN[15:0]$1240
    33/86: $1$memwr$\windowed$rtl/core/known_spectral_core.sv:144$1152_DATA[15:0]$1239
    34/86: $1$memwr$\windowed$rtl/core/known_spectral_core.sv:144$1152_ADDR[9:0]$1238
    35/86: $0\phases[0][9:0]
    36/86: $0\accumulator[0][47:0]
    37/86: $0\exponent[7:0]
    38/86: $0\log_work[63:0]
    39/86: $0\ram_part[1:0]
    40/86: $0\feature[7:0]
    41/86: $0\log_value[31:0]
    42/86: $0\difference[31:0]
    43/86: $0\norm_negative[0:0]
    44/86: $0\wide_acc[63:0]
    45/86: $0\purpose[1:0]
    46/86: $0\wide_part[1:0]
    47/86: $0\wide_a[31:0]
    48/86: $0\bin_index[8:0]
    49/86: $0\imag_part[31:0]
    50/86: $0\real_part[31:0]
    51/86: $0\valid1[0:0]
    52/86: $0\valid0[0:0]
    53/86: $0\lane_store[0:0]
    54/86: $0\retired[10:0]
    55/86: $0\issued[10:0]
    56/86: $0\component_base[10:0]
    57/86: $3\rne$func$rtl/core/known_spectral_core.sv:171$1146.$result[63:0]$1289
    58/86: $0\score[31:0]
    59/86: $0\clip_window[7:0]
    60/86: $0\previous_valid[0:0]
    61/86: $0\previous_id[31:0]
    62/86: $0\clip_id[31:0]
    63/86: $0\active_id[31:0]
    64/86: $0\log_q[11:0]
    65/86: $0\weight_q[7:0]
    66/86: $0\gain_q[31:0]
    67/86: $0\mean_q[31:0]
    68/86: $0\mean[15:0]
    69/86: $0\sample_q[15:0]
    70/86: $0\point[9:0]
    71/86: $0\active_bank[0:0]
    72/86: $0\state[4:0]
    73/86: $0\dbg_value[63:0]
    74/86: $0\dbg_index[15:0]
    75/86: $0\dbg_frame[31:0]
    76/86: $0\dbg_kind[3:0]
    77/86: $0\cycles_total[31:0]
    78/86: $0\cycles_nn[31:0]
    79/86: $0\cycles_power[31:0]
    80/86: $0\cycles_dft[31:0]
    81/86: $0\cycles_pre[31:0]
    82/86: $0\out_frame_id[31:0]
    83/86: $0\out_error[7:0]
    84/86: $0\out_score[31:0]
    85/86: $0\out_class[0:0]
    86/86: $0\out_valid[0:0]
Creating decoders for process `$paramod$b51e02e609ee40ea0a23bcfc9f25ac308e7a6d6e\known_spectral_core.$proc$rtl/core/known_spectral_core.sv:128$1218'.
     1/4: $1\operand_b[0][15:0]
     2/4: $1\operand_a[0][15:0]
     3/4: $1\multiply[0:0]
     4/4: $1$fordecl_block$3.j[31:0]$1221
Creating decoders for process `$paramod$78dc09561539cbddd67c345fb430e65d2d8515c0\spi_master.$proc$rtl/io/spi_master.sv:29$1433'.
     1/12: $0\rx_valid[0:0]
     2/12: $0\last_byte[0:0]
     3/12: $0\finishing[0:0]
     4/12: $0\byte_active[0:0]
     5/12: $0\edge_count[3:0]
     6/12: $0\rx_shift[7:0]
     7/12: $0\tx_shift[7:0]
     8/12: $0\divider[0:0]
     9/12: $0\cs_n[0:0]
    10/12: $0\mosi[0:0]
    11/12: $0\sclk[0:0]
    12/12: $0\rx_data[7:0]
Creating decoders for process `$paramod$c5d56b8730780189bb3a1a35d3294d827d7174b0\vib_coeff_rom.$proc$rtl/core/vib_coeff_rom.sv:26$955'.
     1/3: $0\is_zero[0:0]
     2/3: $0\negative[0:0]
     3/3: $0\magnitude[15:0]
Creating decoders for process `$paramod\flash_stream\POLL_LIMIT=s32'00000000000000000000111111111111.$proc$rtl/io/flash_stream.sv:69$920'.
     1/11: $0\done[0:0]
     2/11: $0\polls[11:0]
     3/11: $0\header_index[1:0]
     4/11: $0\remaining[15:0]
     5/11: $0\writing[0:0]
     6/11: $0\wake_count[7:0]
     7/11: $0\address[23:0]
     8/11: $0\state[3:0]
     9/11: $0\error[0:0]
    10/11: $0\rd_data[7:0]
    11/11: $0\rd_valid[0:0]
Creating decoders for process `$paramod\flash_stream\POLL_LIMIT=s32'00000000000000000000111111111111.$proc$rtl/io/flash_stream.sv:48$915'.
     1/4: $2\tx_data[7:0]
     2/4: $1\tx_data[7:0]
     3/4: $1\tx_last[0:0]
     4/4: $1\tx_valid[0:0]
Creating decoders for process `$paramod$f5be2c462021bc57739d5ef0136e48fd081add0e\known_replay_controller.$proc$rtl/io/known_replay_controller.sv:101$752'.
     1/41: $2\crc_byte$func$rtl/io/known_replay_controller.sv:200$681.$result[31:0]$865
     2/41: $2\crc_byte$func$rtl/io/known_replay_controller.sv:200$681.i[31:0]$869
     3/41: $2\crc_byte$func$rtl/io/known_replay_controller.sv:200$681.c[31:0]$868
     4/41: $2\crc_byte$func$rtl/io/known_replay_controller.sv:200$681.data[7:0]$867
     5/41: $2\crc_byte$func$rtl/io/known_replay_controller.sv:200$681.prior[31:0]$866
     6/41: $0\errors[7:0] [7]
     7/41: $0\errors[7:0] [6]
     8/41: $0\errors[7:0] [1]
     9/41: $0\errors[7:0] [0]
    10/41: $0\errors[7:0] [5]
    11/41: $0\errors[7:0] [4]
    12/41: $0\errors[7:0] [3]
    13/41: $0\errors[7:0] [2]
    14/41: $1\crc_byte$func$rtl/io/known_replay_controller.sv:200$681.i[31:0]$762
    15/41: $1\crc_byte$func$rtl/io/known_replay_controller.sv:200$681.c[31:0]$761
    16/41: $1\crc_byte$func$rtl/io/known_replay_controller.sv:200$681.data[7:0]$760
    17/41: $1\crc_byte$func$rtl/io/known_replay_controller.sv:200$681.prior[31:0]$759
    18/41: $1\crc_byte$func$rtl/io/known_replay_controller.sv:200$681.$result[31:0]$758
    19/41: $0\max_level[8:0]
    20/41: $0\level[8:0]
    21/41: $0\rp[7:0]
    22/41: $0\wp[7:0]
    23/41: $0\result_seen[0:0]
    24/41: $0\tail[21:0]
    25/41: $0\result_tick[30:0]
    26/41: $0\last_tick[30:0]
    27/41: $0\first_tick[30:0]
    28/41: $0\low_byte[7:0]
    29/41: $0\byte_index[7:0]
    30/41: $0\generated[17:0]
    31/41: $0\loaded[18:0]
    32/41: $0\crc[31:0]
    33/41: $0\expected_crc[31:0]
    34/41: $0\header_word[31:0]
    35/41: $0\period[13:0]
    36/41: $0\active[0:0]
    37/41: $0\committed[0:0]
    38/41: $0\blank[0:0]
    39/41: $0\tick[30:0]
    40/41: $0\phase[13:0]
    41/41: $0\state[3:0]
Creating decoders for process `$paramod$f5be2c462021bc57739d5ef0136e48fd081add0e\known_replay_controller.$proc$rtl/io/known_replay_controller.sv:67$712'.
     1/8: $1\cmd_length[15:0]
     2/8: $1\cmd_address[23:0]
     3/8: $1\cmd_valid[0:0]
     4/8: $1\wr_data[7:0]
     5/8: $1\wr_valid[0:0]
     6/8: $1\rd_ready[0:0]
     7/8: $1\cmd_write[0:0]
     8/8: $1\log_word[31:0]
Creating decoders for process `$paramod$f5be2c462021bc57739d5ef0136e48fd081add0e\known_replay_controller.$proc$rtl/io/known_replay_controller.sv:57$704'.
     1/3: $1$memwr$\queue$rtl/io/known_replay_controller.sv:58$682_EN[15:0]$710
     2/3: $1$memwr$\queue$rtl/io/known_replay_controller.sv:58$682_DATA[15:0]$709
     3/3: $1$memwr$\queue$rtl/io/known_replay_controller.sv:58$682_ADDR[7:0]$708
Creating decoders for process `$paramod\known_capture\N=s32'00000000000000000000010000000000.$proc$rtl/core/known_capture.sv:31$1004'.
     1/76: $6$lookahead\full$1002[1:0]$1130
     2/76: $5$bitselwrite$pos$rtl/core/known_capture.sv:52$970[0:0]$1123
     3/76: $5$memwr$\ids$rtl/core/known_capture.sv:51$978_EN[31:0]$1129
     4/76: $5$memwr$\ids$rtl/core/known_capture.sv:51$978_DATA[31:0]$1128
     5/76: $5$memwr$\ids$rtl/core/known_capture.sv:51$978_ADDR[0:0]$1127
     6/76: $5$memwr$\sums$rtl/core/known_capture.sv:51$977_EN[31:0]$1126
     7/76: $5$memwr$\sums$rtl/core/known_capture.sv:51$977_DATA[31:0]$1125
     8/76: $5$memwr$\sums$rtl/core/known_capture.sv:51$977_ADDR[0:0]$1124
     9/76: $5$lookahead\full$1002[1:0]$1118
    10/76: $4$memwr$\ids$rtl/core/known_capture.sv:51$978_EN[31:0]$1117
    11/76: $4$memwr$\ids$rtl/core/known_capture.sv:51$978_DATA[31:0]$1116
    12/76: $4$memwr$\ids$rtl/core/known_capture.sv:51$978_ADDR[0:0]$1115
    13/76: $4$memwr$\sums$rtl/core/known_capture.sv:51$977_EN[31:0]$1114
    14/76: $4$memwr$\sums$rtl/core/known_capture.sv:51$977_DATA[31:0]$1113
    15/76: $4$memwr$\sums$rtl/core/known_capture.sv:51$977_ADDR[0:0]$1112
    16/76: $4$bitselwrite$pos$rtl/core/known_capture.sv:52$970[0:0]$1111
    17/76: $4$lookahead\full$1002[1:0]$1110
    18/76: $3$memwr$\ids$rtl/core/known_capture.sv:51$978_EN[31:0]$1109
    19/76: $3$memwr$\ids$rtl/core/known_capture.sv:51$978_DATA[31:0]$1108
    20/76: $3$memwr$\ids$rtl/core/known_capture.sv:51$978_ADDR[0:0]$1107
    21/76: $3$memwr$\sums$rtl/core/known_capture.sv:51$977_EN[31:0]$1106
    22/76: $3$memwr$\sums$rtl/core/known_capture.sv:51$977_DATA[31:0]$1105
    23/76: $3$memwr$\sums$rtl/core/known_capture.sv:51$977_ADDR[0:0]$1104
    24/76: $3$bitselwrite$pos$rtl/core/known_capture.sv:52$970[0:0]$1103
    25/76: $3$lookahead\full$1002[1:0]$1101
    26/76: $2$memwr$\ids$rtl/core/known_capture.sv:51$978_EN[31:0]$1100
    27/76: $2$memwr$\ids$rtl/core/known_capture.sv:51$978_DATA[31:0]$1099
    28/76: $2$memwr$\ids$rtl/core/known_capture.sv:51$978_ADDR[0:0]$1098
    29/76: $2$memwr$\sums$rtl/core/known_capture.sv:51$977_EN[31:0]$1097
    30/76: $2$memwr$\sums$rtl/core/known_capture.sv:51$977_DATA[31:0]$1096
    31/76: $2$memwr$\sums$rtl/core/known_capture.sv:51$977_ADDR[0:0]$1095
    32/76: $2$bitselwrite$pos$rtl/core/known_capture.sv:52$970[0:0]$1094
    33/76: $3$lookahead\busy$1003[1:0]$1085
    34/76: $2$bitselwrite$pos$rtl/core/known_capture.sv:42$969[0:0]$1084
    35/76: $2$lookahead\busy$1003[1:0]$1068
    36/76: $2$bitselwrite$pos$rtl/core/known_capture.sv:41$968[0:0]$1066
    37/76: $2$lookahead\full$1002[1:0]$1067
    38/76: $2$bitselwrite$pos$rtl/core/known_capture.sv:41$967[0:0]$1065
    39/76: $1$memwr$\sums$rtl/core/known_capture.sv:39$976_EN[31:0]$1055
    40/76: $1$memwr$\sums$rtl/core/known_capture.sv:39$975_EN[31:0]$1054
    41/76: $1$memwr$\ids$rtl/core/known_capture.sv:39$974_EN[31:0]$1053
    42/76: $1$memwr$\ids$rtl/core/known_capture.sv:39$973_EN[31:0]$1052
    43/76: $1$lookahead\busy$1003[1:0]$1063
    44/76: $1$lookahead\full$1002[1:0]$1062
    45/76: $1$memwr$\ids$rtl/core/known_capture.sv:51$978_EN[31:0]$1061
    46/76: $1$memwr$\ids$rtl/core/known_capture.sv:51$978_DATA[31:0]$1060
    47/76: $1$memwr$\ids$rtl/core/known_capture.sv:51$978_ADDR[0:0]$1059
    48/76: $1$memwr$\sums$rtl/core/known_capture.sv:51$977_EN[31:0]$1058
    49/76: $1$memwr$\sums$rtl/core/known_capture.sv:51$977_DATA[31:0]$1057
    50/76: $1$memwr$\sums$rtl/core/known_capture.sv:51$977_ADDR[0:0]$1056
    51/76: $1$bitselwrite$pos$rtl/core/known_capture.sv:52$970[0:0]$1051
    52/76: $1$bitselwrite$pos$rtl/core/known_capture.sv:42$969[0:0]$1050
    53/76: $1$bitselwrite$pos$rtl/core/known_capture.sv:41$968[0:0]$1049
    54/76: $1$bitselwrite$pos$rtl/core/known_capture.sv:41$967[0:0]$1048
    55/76: $2$memwr$\raw1$rtl/core/known_capture.sv:34$971_EN[15:0]$1044
    56/76: $2$memwr$\raw1$rtl/core/known_capture.sv:34$971_DATA[15:0]$1043
    57/76: $2$memwr$\raw1$rtl/core/known_capture.sv:34$971_ADDR[9:0]$1042
    58/76: $2$memwr$\raw0$rtl/core/known_capture.sv:34$972_EN[15:0]$1047
    59/76: $2$memwr$\raw0$rtl/core/known_capture.sv:34$972_DATA[15:0]$1046
    60/76: $2$memwr$\raw0$rtl/core/known_capture.sv:34$972_ADDR[9:0]$1045
    61/76: $1$memwr$\raw0$rtl/core/known_capture.sv:34$972_EN[15:0]$1041
    62/76: $1$memwr$\raw0$rtl/core/known_capture.sv:34$972_DATA[15:0]$1040
    63/76: $1$memwr$\raw0$rtl/core/known_capture.sv:34$972_ADDR[9:0]$1039
    64/76: $1$memwr$\raw1$rtl/core/known_capture.sv:34$971_EN[15:0]$1038
    65/76: $1$memwr$\raw1$rtl/core/known_capture.sv:34$971_DATA[15:0]$1037
    66/76: $1$memwr$\raw1$rtl/core/known_capture.sv:34$971_ADDR[9:0]$1036
    67/76: $0\sum[31:0]
    68/76: $0\current_id[31:0]
    69/76: $0\position[9:0]
    70/76: $0\draining[0:0]
    71/76: $0\head_bank[0:0]
    72/76: $0\wr_bank[0:0]
    73/76: $0\q1[15:0]
    74/76: $0\q0[15:0]
    75/76: $0\accepted_samples[31:0]
    76/76: $0\protocol_errors[31:0]
Creating decoders for process `\upduino_known.$proc$rtl/upduino_known.sv:8$396'.
Creating decoders for process `\upduino_known.$proc$rtl/upduino_known.sv:11$394'.
     1/1: $0\startup[16:0]

10.4.8. Executing PROC_DLATCH pass (convert process syncs to latches).
No latch inferred for signal `$paramod$b51e02e609ee40ea0a23bcfc9f25ac308e7a6d6e\known_spectral_core.\coefficient[0]' from process `$paramod$b51e02e609ee40ea0a23bcfc9f25ac308e7a6d6e\known_spectral_core.$proc$rtl/core/known_spectral_core.sv:124$1427'.
No latch inferred for signal `$paramod$b51e02e609ee40ea0a23bcfc9f25ac308e7a6d6e\known_spectral_core.\rne$func$rtl/core/known_spectral_core.sv:83$1143.$result' from process `$paramod$b51e02e609ee40ea0a23bcfc9f25ac308e7a6d6e\known_spectral_core.$proc$rtl/core/known_spectral_core.sv:83$1406'.
No latch inferred for signal `$paramod$b51e02e609ee40ea0a23bcfc9f25ac308e7a6d6e\known_spectral_core.\rne$func$rtl/core/known_spectral_core.sv:82$1142.$result' from process `$paramod$b51e02e609ee40ea0a23bcfc9f25ac308e7a6d6e\known_spectral_core.$proc$rtl/core/known_spectral_core.sv:82$1386'.
No latch inferred for signal `$paramod$b51e02e609ee40ea0a23bcfc9f25ac308e7a6d6e\known_spectral_core.\multiply' from process `$paramod$b51e02e609ee40ea0a23bcfc9f25ac308e7a6d6e\known_spectral_core.$proc$rtl/core/known_spectral_core.sv:128$1218'.
No latch inferred for signal `$paramod$b51e02e609ee40ea0a23bcfc9f25ac308e7a6d6e\known_spectral_core.$fordecl_block$1.j' from process `$paramod$b51e02e609ee40ea0a23bcfc9f25ac308e7a6d6e\known_spectral_core.$proc$rtl/core/known_spectral_core.sv:128$1218'.
No latch inferred for signal `$paramod$b51e02e609ee40ea0a23bcfc9f25ac308e7a6d6e\known_spectral_core.\operand_a[0]' from process `$paramod$b51e02e609ee40ea0a23bcfc9f25ac308e7a6d6e\known_spectral_core.$proc$rtl/core/known_spectral_core.sv:128$1218'.
No latch inferred for signal `$paramod$b51e02e609ee40ea0a23bcfc9f25ac308e7a6d6e\known_spectral_core.\operand_b[0]' from process `$paramod$b51e02e609ee40ea0a23bcfc9f25ac308e7a6d6e\known_spectral_core.$proc$rtl/core/known_spectral_core.sv:128$1218'.
Warning: Latch inferred for signal `$paramod$b51e02e609ee40ea0a23bcfc9f25ac308e7a6d6e\known_spectral_core.$fordecl_block$3.j [0]' from process `$paramod$b51e02e609ee40ea0a23bcfc9f25ac308e7a6d6e\known_spectral_core.$proc$rtl/core/known_spectral_core.sv:128$1218': $auto$proc_dlatch.cc:545:proc_dlatch$5145
Warning: Latch inferred for signal `$paramod$b51e02e609ee40ea0a23bcfc9f25ac308e7a6d6e\known_spectral_core.$fordecl_block$3.j [31:1]' from process `$paramod$b51e02e609ee40ea0a23bcfc9f25ac308e7a6d6e\known_spectral_core.$proc$rtl/core/known_spectral_core.sv:128$1218': $auto$proc_dlatch.cc:543:proc_dlatch$5154
No latch inferred for signal `$paramod\flash_stream\POLL_LIMIT=s32'00000000000000000000111111111111.\tx_valid' from process `$paramod\flash_stream\POLL_LIMIT=s32'00000000000000000000111111111111.$proc$rtl/io/flash_stream.sv:48$915'.
No latch inferred for signal `$paramod\flash_stream\POLL_LIMIT=s32'00000000000000000000111111111111.\tx_last' from process `$paramod\flash_stream\POLL_LIMIT=s32'00000000000000000000111111111111.$proc$rtl/io/flash_stream.sv:48$915'.
No latch inferred for signal `$paramod\flash_stream\POLL_LIMIT=s32'00000000000000000000111111111111.\tx_data' from process `$paramod\flash_stream\POLL_LIMIT=s32'00000000000000000000111111111111.$proc$rtl/io/flash_stream.sv:48$915'.
No latch inferred for signal `$paramod$f5be2c462021bc57739d5ef0136e48fd081add0e\known_replay_controller.\cmd_valid' from process `$paramod$f5be2c462021bc57739d5ef0136e48fd081add0e\known_replay_controller.$proc$rtl/io/known_replay_controller.sv:67$712'.
No latch inferred for signal `$paramod$f5be2c462021bc57739d5ef0136e48fd081add0e\known_replay_controller.\cmd_write' from process `$paramod$f5be2c462021bc57739d5ef0136e48fd081add0e\known_replay_controller.$proc$rtl/io/known_replay_controller.sv:67$712'.
No latch inferred for signal `$paramod$f5be2c462021bc57739d5ef0136e48fd081add0e\known_replay_controller.\rd_ready' from process `$paramod$f5be2c462021bc57739d5ef0136e48fd081add0e\known_replay_controller.$proc$rtl/io/known_replay_controller.sv:67$712'.
No latch inferred for signal `$paramod$f5be2c462021bc57739d5ef0136e48fd081add0e\known_replay_controller.\wr_valid' from process `$paramod$f5be2c462021bc57739d5ef0136e48fd081add0e\known_replay_controller.$proc$rtl/io/known_replay_controller.sv:67$712'.
No latch inferred for signal `$paramod$f5be2c462021bc57739d5ef0136e48fd081add0e\known_replay_controller.\cmd_address' from process `$paramod$f5be2c462021bc57739d5ef0136e48fd081add0e\known_replay_controller.$proc$rtl/io/known_replay_controller.sv:67$712'.
No latch inferred for signal `$paramod$f5be2c462021bc57739d5ef0136e48fd081add0e\known_replay_controller.\cmd_length' from process `$paramod$f5be2c462021bc57739d5ef0136e48fd081add0e\known_replay_controller.$proc$rtl/io/known_replay_controller.sv:67$712'.
No latch inferred for signal `$paramod$f5be2c462021bc57739d5ef0136e48fd081add0e\known_replay_controller.\wr_data' from process `$paramod$f5be2c462021bc57739d5ef0136e48fd081add0e\known_replay_controller.$proc$rtl/io/known_replay_controller.sv:67$712'.
No latch inferred for signal `$paramod$f5be2c462021bc57739d5ef0136e48fd081add0e\known_replay_controller.\log_word' from process `$paramod$f5be2c462021bc57739d5ef0136e48fd081add0e\known_replay_controller.$proc$rtl/io/known_replay_controller.sv:67$712'.

10.4.9. Executing PROC_DFF pass (convert process syncs to FFs).
Creating register for signal `$paramod$b51e02e609ee40ea0a23bcfc9f25ac308e7a6d6e\known_spectral_core.\product[0]' using process `$paramod$b51e02e609ee40ea0a23bcfc9f25ac308e7a6d6e\known_spectral_core.$proc$rtl/core/known_spectral_core.sv:125$1425'.
  created $dff cell `$procdff$5155' with positive edge clock.
Creating register for signal `$paramod$b51e02e609ee40ea0a23bcfc9f25ac308e7a6d6e\known_spectral_core.\i' using process `$paramod$b51e02e609ee40ea0a23bcfc9f25ac308e7a6d6e\known_spectral_core.$proc$rtl/core/known_spectral_core.sv:142$1223'.
  created $dff cell `$procdff$5156' with positive edge clock.
Creating register for signal `$paramod$b51e02e609ee40ea0a23bcfc9f25ac308e7a6d6e\known_spectral_core.\out_valid' using process `$paramod$b51e02e609ee40ea0a23bcfc9f25ac308e7a6d6e\known_spectral_core.$proc$rtl/core/known_spectral_core.sv:142$1223'.
  created $dff cell `$procdff$5157' with positive edge clock.
Creating register for signal `$paramod$b51e02e609ee40ea0a23bcfc9f25ac308e7a6d6e\known_spectral_core.\out_class' using process `$paramod$b51e02e609ee40ea0a23bcfc9f25ac308e7a6d6e\known_spectral_core.$proc$rtl/core/known_spectral_core.sv:142$1223'.
  created $dff cell `$procdff$5158' with positive edge clock.
Creating register for signal `$paramod$b51e02e609ee40ea0a23bcfc9f25ac308e7a6d6e\known_spectral_core.\out_score' using process `$paramod$b51e02e609ee40ea0a23bcfc9f25ac308e7a6d6e\known_spectral_core.$proc$rtl/core/known_spectral_core.sv:142$1223'.
  created $dff cell `$procdff$5159' with positive edge clock.
Creating register for signal `$paramod$b51e02e609ee40ea0a23bcfc9f25ac308e7a6d6e\known_spectral_core.\out_error' using process `$paramod$b51e02e609ee40ea0a23bcfc9f25ac308e7a6d6e\known_spectral_core.$proc$rtl/core/known_spectral_core.sv:142$1223'.
  created $dff cell `$procdff$5160' with positive edge clock.
Creating register for signal `$paramod$b51e02e609ee40ea0a23bcfc9f25ac308e7a6d6e\known_spectral_core.\out_frame_id' using process `$paramod$b51e02e609ee40ea0a23bcfc9f25ac308e7a6d6e\known_spectral_core.$proc$rtl/core/known_spectral_core.sv:142$1223'.
  created $dff cell `$procdff$5161' with positive edge clock.
Creating register for signal `$paramod$b51e02e609ee40ea0a23bcfc9f25ac308e7a6d6e\known_spectral_core.\cycles_pre' using process `$paramod$b51e02e609ee40ea0a23bcfc9f25ac308e7a6d6e\known_spectral_core.$proc$rtl/core/known_spectral_core.sv:142$1223'.
  created $dff cell `$procdff$5162' with positive edge clock.
Creating register for signal `$paramod$b51e02e609ee40ea0a23bcfc9f25ac308e7a6d6e\known_spectral_core.\cycles_dft' using process `$paramod$b51e02e609ee40ea0a23bcfc9f25ac308e7a6d6e\known_spectral_core.$proc$rtl/core/known_spectral_core.sv:142$1223'.
  created $dff cell `$procdff$5163' with positive edge clock.
Creating register for signal `$paramod$b51e02e609ee40ea0a23bcfc9f25ac308e7a6d6e\known_spectral_core.\cycles_power' using process `$paramod$b51e02e609ee40ea0a23bcfc9f25ac308e7a6d6e\known_spectral_core.$proc$rtl/core/known_spectral_core.sv:142$1223'.
  created $dff cell `$procdff$5164' with positive edge clock.
Creating register for signal `$paramod$b51e02e609ee40ea0a23bcfc9f25ac308e7a6d6e\known_spectral_core.\cycles_nn' using process `$paramod$b51e02e609ee40ea0a23bcfc9f25ac308e7a6d6e\known_spectral_core.$proc$rtl/core/known_spectral_core.sv:142$1223'.
  created $dff cell `$procdff$5165' with positive edge clock.
Creating register for signal `$paramod$b51e02e609ee40ea0a23bcfc9f25ac308e7a6d6e\known_spectral_core.\cycles_total' using process `$paramod$b51e02e609ee40ea0a23bcfc9f25ac308e7a6d6e\known_spectral_core.$proc$rtl/core/known_spectral_core.sv:142$1223'.
  created $dff cell `$procdff$5166' with positive edge clock.
Creating register for signal `$paramod$b51e02e609ee40ea0a23bcfc9f25ac308e7a6d6e\known_spectral_core.\dbg_valid' using process `$paramod$b51e02e609ee40ea0a23bcfc9f25ac308e7a6d6e\known_spectral_core.$proc$rtl/core/known_spectral_core.sv:142$1223'.
  created $dff cell `$procdff$5167' with positive edge clock.
Creating register for signal `$paramod$b51e02e609ee40ea0a23bcfc9f25ac308e7a6d6e\known_spectral_core.\dbg_kind' using process `$paramod$b51e02e609ee40ea0a23bcfc9f25ac308e7a6d6e\known_spectral_core.$proc$rtl/core/known_spectral_core.sv:142$1223'.
  created $dff cell `$procdff$5168' with positive edge clock.
Creating register for signal `$paramod$b51e02e609ee40ea0a23bcfc9f25ac308e7a6d6e\known_spectral_core.\dbg_frame' using process `$paramod$b51e02e609ee40ea0a23bcfc9f25ac308e7a6d6e\known_spectral_core.$proc$rtl/core/known_spectral_core.sv:142$1223'.
  created $dff cell `$procdff$5169' with positive edge clock.
Creating register for signal `$paramod$b51e02e609ee40ea0a23bcfc9f25ac308e7a6d6e\known_spectral_core.\dbg_index' using process `$paramod$b51e02e609ee40ea0a23bcfc9f25ac308e7a6d6e\known_spectral_core.$proc$rtl/core/known_spectral_core.sv:142$1223'.
  created $dff cell `$procdff$5170' with positive edge clock.
Creating register for signal `$paramod$b51e02e609ee40ea0a23bcfc9f25ac308e7a6d6e\known_spectral_core.\dbg_value' using process `$paramod$b51e02e609ee40ea0a23bcfc9f25ac308e7a6d6e\known_spectral_core.$proc$rtl/core/known_spectral_core.sv:142$1223'.
  created $dff cell `$procdff$5171' with positive edge clock.
Creating register for signal `$paramod$b51e02e609ee40ea0a23bcfc9f25ac308e7a6d6e\known_spectral_core.\state' using process `$paramod$b51e02e609ee40ea0a23bcfc9f25ac308e7a6d6e\known_spectral_core.$proc$rtl/core/known_spectral_core.sv:142$1223'.
  created $dff cell `$procdff$5172' with positive edge clock.
Creating register for signal `$paramod$b51e02e609ee40ea0a23bcfc9f25ac308e7a6d6e\known_spectral_core.\active_bank' using process `$paramod$b51e02e609ee40ea0a23bcfc9f25ac308e7a6d6e\known_spectral_core.$proc$rtl/core/known_spectral_core.sv:142$1223'.
  created $dff cell `$procdff$5173' with positive edge clock.
Creating register for signal `$paramod$b51e02e609ee40ea0a23bcfc9f25ac308e7a6d6e\known_spectral_core.\point' using process `$paramod$b51e02e609ee40ea0a23bcfc9f25ac308e7a6d6e\known_spectral_core.$proc$rtl/core/known_spectral_core.sv:142$1223'.
  created $dff cell `$procdff$5174' with positive edge clock.
Creating register for signal `$paramod$b51e02e609ee40ea0a23bcfc9f25ac308e7a6d6e\known_spectral_core.\sample_q' using process `$paramod$b51e02e609ee40ea0a23bcfc9f25ac308e7a6d6e\known_spectral_core.$proc$rtl/core/known_spectral_core.sv:142$1223'.
  created $dff cell `$procdff$5175' with positive edge clock.
Creating register for signal `$paramod$b51e02e609ee40ea0a23bcfc9f25ac308e7a6d6e\known_spectral_core.\mean' using process `$paramod$b51e02e609ee40ea0a23bcfc9f25ac308e7a6d6e\known_spectral_core.$proc$rtl/core/known_spectral_core.sv:142$1223'.
  created $dff cell `$procdff$5176' with positive edge clock.
Creating register for signal `$paramod$b51e02e609ee40ea0a23bcfc9f25ac308e7a6d6e\known_spectral_core.\mean_q' using process `$paramod$b51e02e609ee40ea0a23bcfc9f25ac308e7a6d6e\known_spectral_core.$proc$rtl/core/known_spectral_core.sv:142$1223'.
  created $dff cell `$procdff$5177' with positive edge clock.
Creating register for signal `$paramod$b51e02e609ee40ea0a23bcfc9f25ac308e7a6d6e\known_spectral_core.\gain_q' using process `$paramod$b51e02e609ee40ea0a23bcfc9f25ac308e7a6d6e\known_spectral_core.$proc$rtl/core/known_spectral_core.sv:142$1223'.
  created $dff cell `$procdff$5178' with positive edge clock.
Creating register for signal `$paramod$b51e02e609ee40ea0a23bcfc9f25ac308e7a6d6e\known_spectral_core.\weight_q' using process `$paramod$b51e02e609ee40ea0a23bcfc9f25ac308e7a6d6e\known_spectral_core.$proc$rtl/core/known_spectral_core.sv:142$1223'.
  created $dff cell `$procdff$5179' with positive edge clock.
Creating register for signal `$paramod$b51e02e609ee40ea0a23bcfc9f25ac308e7a6d6e\known_spectral_core.\log_q' using process `$paramod$b51e02e609ee40ea0a23bcfc9f25ac308e7a6d6e\known_spectral_core.$proc$rtl/core/known_spectral_core.sv:142$1223'.
  created $dff cell `$procdff$5180' with positive edge clock.
Creating register for signal `$paramod$b51e02e609ee40ea0a23bcfc9f25ac308e7a6d6e\known_spectral_core.\active_id' using process `$paramod$b51e02e609ee40ea0a23bcfc9f25ac308e7a6d6e\known_spectral_core.$proc$rtl/core/known_spectral_core.sv:142$1223'.
  created $dff cell `$procdff$5181' with positive edge clock.
Creating register for signal `$paramod$b51e02e609ee40ea0a23bcfc9f25ac308e7a6d6e\known_spectral_core.\clip_id' using process `$paramod$b51e02e609ee40ea0a23bcfc9f25ac308e7a6d6e\known_spectral_core.$proc$rtl/core/known_spectral_core.sv:142$1223'.
  created $dff cell `$procdff$5182' with positive edge clock.
Creating register for signal `$paramod$b51e02e609ee40ea0a23bcfc9f25ac308e7a6d6e\known_spectral_core.\previous_id' using process `$paramod$b51e02e609ee40ea0a23bcfc9f25ac308e7a6d6e\known_spectral_core.$proc$rtl/core/known_spectral_core.sv:142$1223'.
  created $dff cell `$procdff$5183' with positive edge clock.
Creating register for signal `$paramod$b51e02e609ee40ea0a23bcfc9f25ac308e7a6d6e\known_spectral_core.\previous_valid' using process `$paramod$b51e02e609ee40ea0a23bcfc9f25ac308e7a6d6e\known_spectral_core.$proc$rtl/core/known_spectral_core.sv:142$1223'.
  created $dff cell `$procdff$5184' with positive edge clock.
Creating register for signal `$paramod$b51e02e609ee40ea0a23bcfc9f25ac308e7a6d6e\known_spectral_core.\clip_window' using process `$paramod$b51e02e609ee40ea0a23bcfc9f25ac308e7a6d6e\known_spectral_core.$proc$rtl/core/known_spectral_core.sv:142$1223'.
  created $dff cell `$procdff$5185' with positive edge clock.
Creating register for signal `$paramod$b51e02e609ee40ea0a23bcfc9f25ac308e7a6d6e\known_spectral_core.\score' using process `$paramod$b51e02e609ee40ea0a23bcfc9f25ac308e7a6d6e\known_spectral_core.$proc$rtl/core/known_spectral_core.sv:142$1223'.
  created $dff cell `$procdff$5186' with positive edge clock.
Creating register for signal `$paramod$b51e02e609ee40ea0a23bcfc9f25ac308e7a6d6e\known_spectral_core.\arithmetic_error' using process `$paramod$b51e02e609ee40ea0a23bcfc9f25ac308e7a6d6e\known_spectral_core.$proc$rtl/core/known_spectral_core.sv:142$1223'.
  created $dff cell `$procdff$5187' with positive edge clock.
Creating register for signal `$paramod$b51e02e609ee40ea0a23bcfc9f25ac308e7a6d6e\known_spectral_core.\component_base' using process `$paramod$b51e02e609ee40ea0a23bcfc9f25ac308e7a6d6e\known_spectral_core.$proc$rtl/core/known_spectral_core.sv:142$1223'.
  created $dff cell `$procdff$5188' with positive edge clock.
Creating register for signal `$paramod$b51e02e609ee40ea0a23bcfc9f25ac308e7a6d6e\known_spectral_core.\issued' using process `$paramod$b51e02e609ee40ea0a23bcfc9f25ac308e7a6d6e\known_spectral_core.$proc$rtl/core/known_spectral_core.sv:142$1223'.
  created $dff cell `$procdff$5189' with positive edge clock.
Creating register for signal `$paramod$b51e02e609ee40ea0a23bcfc9f25ac308e7a6d6e\known_spectral_core.\retired' using process `$paramod$b51e02e609ee40ea0a23bcfc9f25ac308e7a6d6e\known_spectral_core.$proc$rtl/core/known_spectral_core.sv:142$1223'.
  created $dff cell `$procdff$5190' with positive edge clock.
Creating register for signal `$paramod$b51e02e609ee40ea0a23bcfc9f25ac308e7a6d6e\known_spectral_core.\lane_store' using process `$paramod$b51e02e609ee40ea0a23bcfc9f25ac308e7a6d6e\known_spectral_core.$proc$rtl/core/known_spectral_core.sv:142$1223'.
  created $dff cell `$procdff$5191' with positive edge clock.
Creating register for signal `$paramod$b51e02e609ee40ea0a23bcfc9f25ac308e7a6d6e\known_spectral_core.\valid0' using process `$paramod$b51e02e609ee40ea0a23bcfc9f25ac308e7a6d6e\known_spectral_core.$proc$rtl/core/known_spectral_core.sv:142$1223'.
  created $dff cell `$procdff$5192' with positive edge clock.
Creating register for signal `$paramod$b51e02e609ee40ea0a23bcfc9f25ac308e7a6d6e\known_spectral_core.\valid1' using process `$paramod$b51e02e609ee40ea0a23bcfc9f25ac308e7a6d6e\known_spectral_core.$proc$rtl/core/known_spectral_core.sv:142$1223'.
  created $dff cell `$procdff$5193' with positive edge clock.
Creating register for signal `$paramod$b51e02e609ee40ea0a23bcfc9f25ac308e7a6d6e\known_spectral_core.\real_part' using process `$paramod$b51e02e609ee40ea0a23bcfc9f25ac308e7a6d6e\known_spectral_core.$proc$rtl/core/known_spectral_core.sv:142$1223'.
  created $dff cell `$procdff$5194' with positive edge clock.
Creating register for signal `$paramod$b51e02e609ee40ea0a23bcfc9f25ac308e7a6d6e\known_spectral_core.\imag_part' using process `$paramod$b51e02e609ee40ea0a23bcfc9f25ac308e7a6d6e\known_spectral_core.$proc$rtl/core/known_spectral_core.sv:142$1223'.
  created $dff cell `$procdff$5195' with positive edge clock.
Creating register for signal `$paramod$b51e02e609ee40ea0a23bcfc9f25ac308e7a6d6e\known_spectral_core.\bin_index' using process `$paramod$b51e02e609ee40ea0a23bcfc9f25ac308e7a6d6e\known_spectral_core.$proc$rtl/core/known_spectral_core.sv:142$1223'.
  created $dff cell `$procdff$5196' with positive edge clock.
Creating register for signal `$paramod$b51e02e609ee40ea0a23bcfc9f25ac308e7a6d6e\known_spectral_core.\wide_a' using process `$paramod$b51e02e609ee40ea0a23bcfc9f25ac308e7a6d6e\known_spectral_core.$proc$rtl/core/known_spectral_core.sv:142$1223'.
  created $dff cell `$procdff$5197' with positive edge clock.
Creating register for signal `$paramod$b51e02e609ee40ea0a23bcfc9f25ac308e7a6d6e\known_spectral_core.\wide_part' using process `$paramod$b51e02e609ee40ea0a23bcfc9f25ac308e7a6d6e\known_spectral_core.$proc$rtl/core/known_spectral_core.sv:142$1223'.
  created $dff cell `$procdff$5198' with positive edge clock.
Creating register for signal `$paramod$b51e02e609ee40ea0a23bcfc9f25ac308e7a6d6e\known_spectral_core.\purpose' using process `$paramod$b51e02e609ee40ea0a23bcfc9f25ac308e7a6d6e\known_spectral_core.$proc$rtl/core/known_spectral_core.sv:142$1223'.
  created $dff cell `$procdff$5199' with positive edge clock.
Creating register for signal `$paramod$b51e02e609ee40ea0a23bcfc9f25ac308e7a6d6e\known_spectral_core.\wide_acc' using process `$paramod$b51e02e609ee40ea0a23bcfc9f25ac308e7a6d6e\known_spectral_core.$proc$rtl/core/known_spectral_core.sv:142$1223'.
  created $dff cell `$procdff$5200' with positive edge clock.
Creating register for signal `$paramod$b51e02e609ee40ea0a23bcfc9f25ac308e7a6d6e\known_spectral_core.\power_buffer' using process `$paramod$b51e02e609ee40ea0a23bcfc9f25ac308e7a6d6e\known_spectral_core.$proc$rtl/core/known_spectral_core.sv:142$1223'.
  created $dff cell `$procdff$5201' with positive edge clock.
Creating register for signal `$paramod$b51e02e609ee40ea0a23bcfc9f25ac308e7a6d6e\known_spectral_core.\norm_negative' using process `$paramod$b51e02e609ee40ea0a23bcfc9f25ac308e7a6d6e\known_spectral_core.$proc$rtl/core/known_spectral_core.sv:142$1223'.
  created $dff cell `$procdff$5202' with positive edge clock.
Creating register for signal `$paramod$b51e02e609ee40ea0a23bcfc9f25ac308e7a6d6e\known_spectral_core.\difference' using process `$paramod$b51e02e609ee40ea0a23bcfc9f25ac308e7a6d6e\known_spectral_core.$proc$rtl/core/known_spectral_core.sv:142$1223'.
  created $dff cell `$procdff$5203' with positive edge clock.
Creating register for signal `$paramod$b51e02e609ee40ea0a23bcfc9f25ac308e7a6d6e\known_spectral_core.\log_value' using process `$paramod$b51e02e609ee40ea0a23bcfc9f25ac308e7a6d6e\known_spectral_core.$proc$rtl/core/known_spectral_core.sv:142$1223'.
  created $dff cell `$procdff$5204' with positive edge clock.
Creating register for signal `$paramod$b51e02e609ee40ea0a23bcfc9f25ac308e7a6d6e\known_spectral_core.\feature' using process `$paramod$b51e02e609ee40ea0a23bcfc9f25ac308e7a6d6e\known_spectral_core.$proc$rtl/core/known_spectral_core.sv:142$1223'.
  created $dff cell `$procdff$5205' with positive edge clock.
Creating register for signal `$paramod$b51e02e609ee40ea0a23bcfc9f25ac308e7a6d6e\known_spectral_core.\ram_part' using process `$paramod$b51e02e609ee40ea0a23bcfc9f25ac308e7a6d6e\known_spectral_core.$proc$rtl/core/known_spectral_core.sv:142$1223'.
  created $dff cell `$procdff$5206' with positive edge clock.
Creating register for signal `$paramod$b51e02e609ee40ea0a23bcfc9f25ac308e7a6d6e\known_spectral_core.\log_work' using process `$paramod$b51e02e609ee40ea0a23bcfc9f25ac308e7a6d6e\known_spectral_core.$proc$rtl/core/known_spectral_core.sv:142$1223'.
  created $dff cell `$procdff$5207' with positive edge clock.
Creating register for signal `$paramod$b51e02e609ee40ea0a23bcfc9f25ac308e7a6d6e\known_spectral_core.\exponent' using process `$paramod$b51e02e609ee40ea0a23bcfc9f25ac308e7a6d6e\known_spectral_core.$proc$rtl/core/known_spectral_core.sv:142$1223'.
  created $dff cell `$procdff$5208' with positive edge clock.
Creating register for signal `$paramod$b51e02e609ee40ea0a23bcfc9f25ac308e7a6d6e\known_spectral_core.\accumulator[0]' using process `$paramod$b51e02e609ee40ea0a23bcfc9f25ac308e7a6d6e\known_spectral_core.$proc$rtl/core/known_spectral_core.sv:142$1223'.
  created $dff cell `$procdff$5209' with positive edge clock.
Creating register for signal `$paramod$b51e02e609ee40ea0a23bcfc9f25ac308e7a6d6e\known_spectral_core.\phases[0]' using process `$paramod$b51e02e609ee40ea0a23bcfc9f25ac308e7a6d6e\known_spectral_core.$proc$rtl/core/known_spectral_core.sv:142$1223'.
  created $dff cell `$procdff$5210' with positive edge clock.
Creating register for signal `$paramod$b51e02e609ee40ea0a23bcfc9f25ac308e7a6d6e\known_spectral_core.\rne$func$rtl/core/known_spectral_core.sv:171$1146.$result' using process `$paramod$b51e02e609ee40ea0a23bcfc9f25ac308e7a6d6e\known_spectral_core.$proc$rtl/core/known_spectral_core.sv:142$1223'.
  created $dff cell `$procdff$5211' with positive edge clock.
Creating register for signal `$paramod$b51e02e609ee40ea0a23bcfc9f25ac308e7a6d6e\known_spectral_core.\rne$func$rtl/core/known_spectral_core.sv:171$1146.value' using process `$paramod$b51e02e609ee40ea0a23bcfc9f25ac308e7a6d6e\known_spectral_core.$proc$rtl/core/known_spectral_core.sv:142$1223'.
  created $dff cell `$procdff$5212' with positive edge clock.
Creating register for signal `$paramod$b51e02e609ee40ea0a23bcfc9f25ac308e7a6d6e\known_spectral_core.\rne$func$rtl/core/known_spectral_core.sv:171$1146.quotient' using process `$paramod$b51e02e609ee40ea0a23bcfc9f25ac308e7a6d6e\known_spectral_core.$proc$rtl/core/known_spectral_core.sv:142$1223'.
  created $dff cell `$procdff$5213' with positive edge clock.
Creating register for signal `$paramod$b51e02e609ee40ea0a23bcfc9f25ac308e7a6d6e\known_spectral_core.\rne$func$rtl/core/known_spectral_core.sv:171$1146.rem' using process `$paramod$b51e02e609ee40ea0a23bcfc9f25ac308e7a6d6e\known_spectral_core.$proc$rtl/core/known_spectral_core.sv:142$1223'.
  created $dff cell `$procdff$5214' with positive edge clock.
Creating register for signal `$paramod$b51e02e609ee40ea0a23bcfc9f25ac308e7a6d6e\known_spectral_core.\rne$func$rtl/core/known_spectral_core.sv:171$1146.half' using process `$paramod$b51e02e609ee40ea0a23bcfc9f25ac308e7a6d6e\known_spectral_core.$proc$rtl/core/known_spectral_core.sv:142$1223'.
  created $dff cell `$procdff$5215' with positive edge clock.
Creating register for signal `$paramod$b51e02e609ee40ea0a23bcfc9f25ac308e7a6d6e\known_spectral_core.$bitselwrite$pos$rtl/core/known_spectral_core.sv:246$1147' using process `$paramod$b51e02e609ee40ea0a23bcfc9f25ac308e7a6d6e\known_spectral_core.$proc$rtl/core/known_spectral_core.sv:142$1223'.
  created $dff cell `$procdff$5216' with positive edge clock.
Creating register for signal `$paramod$b51e02e609ee40ea0a23bcfc9f25ac308e7a6d6e\known_spectral_core.$memwr$\windowed$rtl/core/known_spectral_core.sv:144$1152_ADDR' using process `$paramod$b51e02e609ee40ea0a23bcfc9f25ac308e7a6d6e\known_spectral_core.$proc$rtl/core/known_spectral_core.sv:142$1223'.
  created $dff cell `$procdff$5217' with positive edge clock.
Creating register for signal `$paramod$b51e02e609ee40ea0a23bcfc9f25ac308e7a6d6e\known_spectral_core.$memwr$\windowed$rtl/core/known_spectral_core.sv:144$1152_DATA' using process `$paramod$b51e02e609ee40ea0a23bcfc9f25ac308e7a6d6e\known_spectral_core.$proc$rtl/core/known_spectral_core.sv:142$1223'.
  created $dff cell `$procdff$5218' with positive edge clock.
Creating register for signal `$paramod$b51e02e609ee40ea0a23bcfc9f25ac308e7a6d6e\known_spectral_core.$memwr$\windowed$rtl/core/known_spectral_core.sv:144$1152_EN' using process `$paramod$b51e02e609ee40ea0a23bcfc9f25ac308e7a6d6e\known_spectral_core.$proc$rtl/core/known_spectral_core.sv:142$1223'.
  created $dff cell `$procdff$5219' with positive edge clock.
Creating register for signal `$paramod$b51e02e609ee40ea0a23bcfc9f25ac308e7a6d6e\known_spectral_core.$lookahead\power_buffer$1222' using process `$paramod$b51e02e609ee40ea0a23bcfc9f25ac308e7a6d6e\known_spectral_core.$proc$rtl/core/known_spectral_core.sv:142$1223'.
  created $dff cell `$procdff$5220' with positive edge clock.
Creating register for signal `$paramod$78dc09561539cbddd67c345fb430e65d2d8515c0\spi_master.\rx_valid' using process `$paramod$78dc09561539cbddd67c345fb430e65d2d8515c0\spi_master.$proc$rtl/io/spi_master.sv:29$1433'.
  created $dff cell `$procdff$5221' with positive edge clock.
Creating register for signal `$paramod$78dc09561539cbddd67c345fb430e65d2d8515c0\spi_master.\rx_data' using process `$paramod$78dc09561539cbddd67c345fb430e65d2d8515c0\spi_master.$proc$rtl/io/spi_master.sv:29$1433'.
  created $dff cell `$procdff$5222' with positive edge clock.
Creating register for signal `$paramod$78dc09561539cbddd67c345fb430e65d2d8515c0\spi_master.\sclk' using process `$paramod$78dc09561539cbddd67c345fb430e65d2d8515c0\spi_master.$proc$rtl/io/spi_master.sv:29$1433'.
  created $dff cell `$procdff$5223' with positive edge clock.
Creating register for signal `$paramod$78dc09561539cbddd67c345fb430e65d2d8515c0\spi_master.\mosi' using process `$paramod$78dc09561539cbddd67c345fb430e65d2d8515c0\spi_master.$proc$rtl/io/spi_master.sv:29$1433'.
  created $dff cell `$procdff$5224' with positive edge clock.
Creating register for signal `$paramod$78dc09561539cbddd67c345fb430e65d2d8515c0\spi_master.\cs_n' using process `$paramod$78dc09561539cbddd67c345fb430e65d2d8515c0\spi_master.$proc$rtl/io/spi_master.sv:29$1433'.
  created $dff cell `$procdff$5225' with positive edge clock.
Creating register for signal `$paramod$78dc09561539cbddd67c345fb430e65d2d8515c0\spi_master.\divider' using process `$paramod$78dc09561539cbddd67c345fb430e65d2d8515c0\spi_master.$proc$rtl/io/spi_master.sv:29$1433'.
  created $dff cell `$procdff$5226' with positive edge clock.
Creating register for signal `$paramod$78dc09561539cbddd67c345fb430e65d2d8515c0\spi_master.\tx_shift' using process `$paramod$78dc09561539cbddd67c345fb430e65d2d8515c0\spi_master.$proc$rtl/io/spi_master.sv:29$1433'.
  created $dff cell `$procdff$5227' with positive edge clock.
Creating register for signal `$paramod$78dc09561539cbddd67c345fb430e65d2d8515c0\spi_master.\rx_shift' using process `$paramod$78dc09561539cbddd67c345fb430e65d2d8515c0\spi_master.$proc$rtl/io/spi_master.sv:29$1433'.
  created $dff cell `$procdff$5228' with positive edge clock.
Creating register for signal `$paramod$78dc09561539cbddd67c345fb430e65d2d8515c0\spi_master.\edge_count' using process `$paramod$78dc09561539cbddd67c345fb430e65d2d8515c0\spi_master.$proc$rtl/io/spi_master.sv:29$1433'.
  created $dff cell `$procdff$5229' with positive edge clock.
Creating register for signal `$paramod$78dc09561539cbddd67c345fb430e65d2d8515c0\spi_master.\byte_active' using process `$paramod$78dc09561539cbddd67c345fb430e65d2d8515c0\spi_master.$proc$rtl/io/spi_master.sv:29$1433'.
  created $dff cell `$procdff$5230' with positive edge clock.
Creating register for signal `$paramod$78dc09561539cbddd67c345fb430e65d2d8515c0\spi_master.\finishing' using process `$paramod$78dc09561539cbddd67c345fb430e65d2d8515c0\spi_master.$proc$rtl/io/spi_master.sv:29$1433'.
  created $dff cell `$procdff$5231' with positive edge clock.
Creating register for signal `$paramod$78dc09561539cbddd67c345fb430e65d2d8515c0\spi_master.\last_byte' using process `$paramod$78dc09561539cbddd67c345fb430e65d2d8515c0\spi_master.$proc$rtl/io/spi_master.sv:29$1433'.
  created $dff cell `$procdff$5232' with positive edge clock.
Creating register for signal `$paramod$c5d56b8730780189bb3a1a35d3294d827d7174b0\vib_coeff_rom.\magnitude' using process `$paramod$c5d56b8730780189bb3a1a35d3294d827d7174b0\vib_coeff_rom.$proc$rtl/core/vib_coeff_rom.sv:26$955'.
  created $dff cell `$procdff$5233' with positive edge clock.
Creating register for signal `$paramod$c5d56b8730780189bb3a1a35d3294d827d7174b0\vib_coeff_rom.\negative' using process `$paramod$c5d56b8730780189bb3a1a35d3294d827d7174b0\vib_coeff_rom.$proc$rtl/core/vib_coeff_rom.sv:26$955'.
  created $dff cell `$procdff$5234' with positive edge clock.
Creating register for signal `$paramod$c5d56b8730780189bb3a1a35d3294d827d7174b0\vib_coeff_rom.\is_zero' using process `$paramod$c5d56b8730780189bb3a1a35d3294d827d7174b0\vib_coeff_rom.$proc$rtl/core/vib_coeff_rom.sv:26$955'.
  created $dff cell `$procdff$5235' with positive edge clock.
Creating register for signal `$paramod\flash_stream\POLL_LIMIT=s32'00000000000000000000111111111111.\rd_valid' using process `$paramod\flash_stream\POLL_LIMIT=s32'00000000000000000000111111111111.$proc$rtl/io/flash_stream.sv:69$920'.
  created $dff cell `$procdff$5236' with positive edge clock.
Creating register for signal `$paramod\flash_stream\POLL_LIMIT=s32'00000000000000000000111111111111.\rd_data' using process `$paramod\flash_stream\POLL_LIMIT=s32'00000000000000000000111111111111.$proc$rtl/io/flash_stream.sv:69$920'.
  created $dff cell `$procdff$5237' with positive edge clock.
Creating register for signal `$paramod\flash_stream\POLL_LIMIT=s32'00000000000000000000111111111111.\done' using process `$paramod\flash_stream\POLL_LIMIT=s32'00000000000000000000111111111111.$proc$rtl/io/flash_stream.sv:69$920'.
  created $dff cell `$procdff$5238' with positive edge clock.
Creating register for signal `$paramod\flash_stream\POLL_LIMIT=s32'00000000000000000000111111111111.\error' using process `$paramod\flash_stream\POLL_LIMIT=s32'00000000000000000000111111111111.$proc$rtl/io/flash_stream.sv:69$920'.
  created $dff cell `$procdff$5239' with positive edge clock.
Creating register for signal `$paramod\flash_stream\POLL_LIMIT=s32'00000000000000000000111111111111.\state' using process `$paramod\flash_stream\POLL_LIMIT=s32'00000000000000000000111111111111.$proc$rtl/io/flash_stream.sv:69$920'.
  created $dff cell `$procdff$5240' with positive edge clock.
Creating register for signal `$paramod\flash_stream\POLL_LIMIT=s32'00000000000000000000111111111111.\address' using process `$paramod\flash_stream\POLL_LIMIT=s32'00000000000000000000111111111111.$proc$rtl/io/flash_stream.sv:69$920'.
  created $dff cell `$procdff$5241' with positive edge clock.
Creating register for signal `$paramod\flash_stream\POLL_LIMIT=s32'00000000000000000000111111111111.\wake_count' using process `$paramod\flash_stream\POLL_LIMIT=s32'00000000000000000000111111111111.$proc$rtl/io/flash_stream.sv:69$920'.
  created $dff cell `$procdff$5242' with positive edge clock.
Creating register for signal `$paramod\flash_stream\POLL_LIMIT=s32'00000000000000000000111111111111.\writing' using process `$paramod\flash_stream\POLL_LIMIT=s32'00000000000000000000111111111111.$proc$rtl/io/flash_stream.sv:69$920'.
  created $dff cell `$procdff$5243' with positive edge clock.
Creating register for signal `$paramod\flash_stream\POLL_LIMIT=s32'00000000000000000000111111111111.\remaining' using process `$paramod\flash_stream\POLL_LIMIT=s32'00000000000000000000111111111111.$proc$rtl/io/flash_stream.sv:69$920'.
  created $dff cell `$procdff$5244' with positive edge clock.
Creating register for signal `$paramod\flash_stream\POLL_LIMIT=s32'00000000000000000000111111111111.\header_index' using process `$paramod\flash_stream\POLL_LIMIT=s32'00000000000000000000111111111111.$proc$rtl/io/flash_stream.sv:69$920'.
  created $dff cell `$procdff$5245' with positive edge clock.
Creating register for signal `$paramod\flash_stream\POLL_LIMIT=s32'00000000000000000000111111111111.\polls' using process `$paramod\flash_stream\POLL_LIMIT=s32'00000000000000000000111111111111.$proc$rtl/io/flash_stream.sv:69$920'.
  created $dff cell `$procdff$5246' with positive edge clock.
Creating register for signal `$paramod$f5be2c462021bc57739d5ef0136e48fd081add0e\known_replay_controller.\state' using process `$paramod$f5be2c462021bc57739d5ef0136e48fd081add0e\known_replay_controller.$proc$rtl/io/known_replay_controller.sv:101$752'.
  created $dff cell `$procdff$5247' with positive edge clock.
Creating register for signal `$paramod$f5be2c462021bc57739d5ef0136e48fd081add0e\known_replay_controller.\phase' using process `$paramod$f5be2c462021bc57739d5ef0136e48fd081add0e\known_replay_controller.$proc$rtl/io/known_replay_controller.sv:101$752'.
  created $dff cell `$procdff$5248' with positive edge clock.
Creating register for signal `$paramod$f5be2c462021bc57739d5ef0136e48fd081add0e\known_replay_controller.\errors' using process `$paramod$f5be2c462021bc57739d5ef0136e48fd081add0e\known_replay_controller.$proc$rtl/io/known_replay_controller.sv:101$752'.
  created $dff cell `$procdff$5249' with positive edge clock.
Creating register for signal `$paramod$f5be2c462021bc57739d5ef0136e48fd081add0e\known_replay_controller.\blank' using process `$paramod$f5be2c462021bc57739d5ef0136e48fd081add0e\known_replay_controller.$proc$rtl/io/known_replay_controller.sv:101$752'.
  created $dff cell `$procdff$5250' with positive edge clock.
Creating register for signal `$paramod$f5be2c462021bc57739d5ef0136e48fd081add0e\known_replay_controller.\committed' using process `$paramod$f5be2c462021bc57739d5ef0136e48fd081add0e\known_replay_controller.$proc$rtl/io/known_replay_controller.sv:101$752'.
  created $dff cell `$procdff$5251' with positive edge clock.
Creating register for signal `$paramod$f5be2c462021bc57739d5ef0136e48fd081add0e\known_replay_controller.\active' using process `$paramod$f5be2c462021bc57739d5ef0136e48fd081add0e\known_replay_controller.$proc$rtl/io/known_replay_controller.sv:101$752'.
  created $dff cell `$procdff$5252' with positive edge clock.
Creating register for signal `$paramod$f5be2c462021bc57739d5ef0136e48fd081add0e\known_replay_controller.\period' using process `$paramod$f5be2c462021bc57739d5ef0136e48fd081add0e\known_replay_controller.$proc$rtl/io/known_replay_controller.sv:101$752'.
  created $dff cell `$procdff$5253' with positive edge clock.
Creating register for signal `$paramod$f5be2c462021bc57739d5ef0136e48fd081add0e\known_replay_controller.\header_word' using process `$paramod$f5be2c462021bc57739d5ef0136e48fd081add0e\known_replay_controller.$proc$rtl/io/known_replay_controller.sv:101$752'.
  created $dff cell `$procdff$5254' with positive edge clock.
Creating register for signal `$paramod$f5be2c462021bc57739d5ef0136e48fd081add0e\known_replay_controller.\expected_crc' using process `$paramod$f5be2c462021bc57739d5ef0136e48fd081add0e\known_replay_controller.$proc$rtl/io/known_replay_controller.sv:101$752'.
  created $dff cell `$procdff$5255' with positive edge clock.
Creating register for signal `$paramod$f5be2c462021bc57739d5ef0136e48fd081add0e\known_replay_controller.\crc' using process `$paramod$f5be2c462021bc57739d5ef0136e48fd081add0e\known_replay_controller.$proc$rtl/io/known_replay_controller.sv:101$752'.
  created $dff cell `$procdff$5256' with positive edge clock.
Creating register for signal `$paramod$f5be2c462021bc57739d5ef0136e48fd081add0e\known_replay_controller.\loaded' using process `$paramod$f5be2c462021bc57739d5ef0136e48fd081add0e\known_replay_controller.$proc$rtl/io/known_replay_controller.sv:101$752'.
  created $dff cell `$procdff$5257' with positive edge clock.
Creating register for signal `$paramod$f5be2c462021bc57739d5ef0136e48fd081add0e\known_replay_controller.\generated' using process `$paramod$f5be2c462021bc57739d5ef0136e48fd081add0e\known_replay_controller.$proc$rtl/io/known_replay_controller.sv:101$752'.
  created $dff cell `$procdff$5258' with positive edge clock.
Creating register for signal `$paramod$f5be2c462021bc57739d5ef0136e48fd081add0e\known_replay_controller.\byte_index' using process `$paramod$f5be2c462021bc57739d5ef0136e48fd081add0e\known_replay_controller.$proc$rtl/io/known_replay_controller.sv:101$752'.
  created $dff cell `$procdff$5259' with positive edge clock.
Creating register for signal `$paramod$f5be2c462021bc57739d5ef0136e48fd081add0e\known_replay_controller.\low_byte' using process `$paramod$f5be2c462021bc57739d5ef0136e48fd081add0e\known_replay_controller.$proc$rtl/io/known_replay_controller.sv:101$752'.
  created $dff cell `$procdff$5260' with positive edge clock.
Creating register for signal `$paramod$f5be2c462021bc57739d5ef0136e48fd081add0e\known_replay_controller.\tick' using process `$paramod$f5be2c462021bc57739d5ef0136e48fd081add0e\known_replay_controller.$proc$rtl/io/known_replay_controller.sv:101$752'.
  created $dff cell `$procdff$5261' with positive edge clock.
Creating register for signal `$paramod$f5be2c462021bc57739d5ef0136e48fd081add0e\known_replay_controller.\first_tick' using process `$paramod$f5be2c462021bc57739d5ef0136e48fd081add0e\known_replay_controller.$proc$rtl/io/known_replay_controller.sv:101$752'.
  created $dff cell `$procdff$5262' with positive edge clock.
Creating register for signal `$paramod$f5be2c462021bc57739d5ef0136e48fd081add0e\known_replay_controller.\last_tick' using process `$paramod$f5be2c462021bc57739d5ef0136e48fd081add0e\known_replay_controller.$proc$rtl/io/known_replay_controller.sv:101$752'.
  created $dff cell `$procdff$5263' with positive edge clock.
Creating register for signal `$paramod$f5be2c462021bc57739d5ef0136e48fd081add0e\known_replay_controller.\result_tick' using process `$paramod$f5be2c462021bc57739d5ef0136e48fd081add0e\known_replay_controller.$proc$rtl/io/known_replay_controller.sv:101$752'.
  created $dff cell `$procdff$5264' with positive edge clock.
Creating register for signal `$paramod$f5be2c462021bc57739d5ef0136e48fd081add0e\known_replay_controller.\tail' using process `$paramod$f5be2c462021bc57739d5ef0136e48fd081add0e\known_replay_controller.$proc$rtl/io/known_replay_controller.sv:101$752'.
  created $dff cell `$procdff$5265' with positive edge clock.
Creating register for signal `$paramod$f5be2c462021bc57739d5ef0136e48fd081add0e\known_replay_controller.\result_seen' using process `$paramod$f5be2c462021bc57739d5ef0136e48fd081add0e\known_replay_controller.$proc$rtl/io/known_replay_controller.sv:101$752'.
  created $dff cell `$procdff$5266' with positive edge clock.
Creating register for signal `$paramod$f5be2c462021bc57739d5ef0136e48fd081add0e\known_replay_controller.\wp' using process `$paramod$f5be2c462021bc57739d5ef0136e48fd081add0e\known_replay_controller.$proc$rtl/io/known_replay_controller.sv:101$752'.
  created $dff cell `$procdff$5267' with positive edge clock.
Creating register for signal `$paramod$f5be2c462021bc57739d5ef0136e48fd081add0e\known_replay_controller.\rp' using process `$paramod$f5be2c462021bc57739d5ef0136e48fd081add0e\known_replay_controller.$proc$rtl/io/known_replay_controller.sv:101$752'.
  created $dff cell `$procdff$5268' with positive edge clock.
Creating register for signal `$paramod$f5be2c462021bc57739d5ef0136e48fd081add0e\known_replay_controller.\level' using process `$paramod$f5be2c462021bc57739d5ef0136e48fd081add0e\known_replay_controller.$proc$rtl/io/known_replay_controller.sv:101$752'.
  created $dff cell `$procdff$5269' with positive edge clock.
Creating register for signal `$paramod$f5be2c462021bc57739d5ef0136e48fd081add0e\known_replay_controller.\max_level' using process `$paramod$f5be2c462021bc57739d5ef0136e48fd081add0e\known_replay_controller.$proc$rtl/io/known_replay_controller.sv:101$752'.
  created $dff cell `$procdff$5270' with positive edge clock.
Creating register for signal `$paramod$f5be2c462021bc57739d5ef0136e48fd081add0e\known_replay_controller.\crc_byte$func$rtl/io/known_replay_controller.sv:200$681.$result' using process `$paramod$f5be2c462021bc57739d5ef0136e48fd081add0e\known_replay_controller.$proc$rtl/io/known_replay_controller.sv:101$752'.
  created $dff cell `$procdff$5271' with positive edge clock.
Creating register for signal `$paramod$f5be2c462021bc57739d5ef0136e48fd081add0e\known_replay_controller.\crc_byte$func$rtl/io/known_replay_controller.sv:200$681.prior' using process `$paramod$f5be2c462021bc57739d5ef0136e48fd081add0e\known_replay_controller.$proc$rtl/io/known_replay_controller.sv:101$752'.
  created $dff cell `$procdff$5272' with positive edge clock.
Creating register for signal `$paramod$f5be2c462021bc57739d5ef0136e48fd081add0e\known_replay_controller.\crc_byte$func$rtl/io/known_replay_controller.sv:200$681.data' using process `$paramod$f5be2c462021bc57739d5ef0136e48fd081add0e\known_replay_controller.$proc$rtl/io/known_replay_controller.sv:101$752'.
  created $dff cell `$procdff$5273' with positive edge clock.
Creating register for signal `$paramod$f5be2c462021bc57739d5ef0136e48fd081add0e\known_replay_controller.\crc_byte$func$rtl/io/known_replay_controller.sv:200$681.c' using process `$paramod$f5be2c462021bc57739d5ef0136e48fd081add0e\known_replay_controller.$proc$rtl/io/known_replay_controller.sv:101$752'.
  created $dff cell `$procdff$5274' with positive edge clock.
Creating register for signal `$paramod$f5be2c462021bc57739d5ef0136e48fd081add0e\known_replay_controller.\crc_byte$func$rtl/io/known_replay_controller.sv:200$681.i' using process `$paramod$f5be2c462021bc57739d5ef0136e48fd081add0e\known_replay_controller.$proc$rtl/io/known_replay_controller.sv:101$752'.
  created $dff cell `$procdff$5275' with positive edge clock.
Creating register for signal `$paramod$f5be2c462021bc57739d5ef0136e48fd081add0e\known_replay_controller.\sample_q' using process `$paramod$f5be2c462021bc57739d5ef0136e48fd081add0e\known_replay_controller.$proc$rtl/io/known_replay_controller.sv:57$704'.
  created $dff cell `$procdff$5276' with positive edge clock.
Creating register for signal `$paramod$f5be2c462021bc57739d5ef0136e48fd081add0e\known_replay_controller.$memwr$\queue$rtl/io/known_replay_controller.sv:58$682_ADDR' using process `$paramod$f5be2c462021bc57739d5ef0136e48fd081add0e\known_replay_controller.$proc$rtl/io/known_replay_controller.sv:57$704'.
  created $dff cell `$procdff$5277' with positive edge clock.
Creating register for signal `$paramod$f5be2c462021bc57739d5ef0136e48fd081add0e\known_replay_controller.$memwr$\queue$rtl/io/known_replay_controller.sv:58$682_DATA' using process `$paramod$f5be2c462021bc57739d5ef0136e48fd081add0e\known_replay_controller.$proc$rtl/io/known_replay_controller.sv:57$704'.
  created $dff cell `$procdff$5278' with positive edge clock.
Creating register for signal `$paramod$f5be2c462021bc57739d5ef0136e48fd081add0e\known_replay_controller.$memwr$\queue$rtl/io/known_replay_controller.sv:58$682_EN' using process `$paramod$f5be2c462021bc57739d5ef0136e48fd081add0e\known_replay_controller.$proc$rtl/io/known_replay_controller.sv:57$704'.
  created $dff cell `$procdff$5279' with positive edge clock.
Creating register for signal `$paramod\known_capture\N=s32'00000000000000000000010000000000.\protocol_errors' using process `$paramod\known_capture\N=s32'00000000000000000000010000000000.$proc$rtl/core/known_capture.sv:31$1004'.
  created $dff cell `$procdff$5280' with positive edge clock.
Creating register for signal `$paramod\known_capture\N=s32'00000000000000000000010000000000.\accepted_samples' using process `$paramod\known_capture\N=s32'00000000000000000000010000000000.$proc$rtl/core/known_capture.sv:31$1004'.
  created $dff cell `$procdff$5281' with positive edge clock.
Creating register for signal `$paramod\known_capture\N=s32'00000000000000000000010000000000.\busy' using process `$paramod\known_capture\N=s32'00000000000000000000010000000000.$proc$rtl/core/known_capture.sv:31$1004'.
  created $dff cell `$procdff$5282' with positive edge clock.
Creating register for signal `$paramod\known_capture\N=s32'00000000000000000000010000000000.\q0' using process `$paramod\known_capture\N=s32'00000000000000000000010000000000.$proc$rtl/core/known_capture.sv:31$1004'.
  created $dff cell `$procdff$5283' with positive edge clock.
Creating register for signal `$paramod\known_capture\N=s32'00000000000000000000010000000000.\q1' using process `$paramod\known_capture\N=s32'00000000000000000000010000000000.$proc$rtl/core/known_capture.sv:31$1004'.
  created $dff cell `$procdff$5284' with positive edge clock.
Creating register for signal `$paramod\known_capture\N=s32'00000000000000000000010000000000.\full' using process `$paramod\known_capture\N=s32'00000000000000000000010000000000.$proc$rtl/core/known_capture.sv:31$1004'.
  created $dff cell `$procdff$5285' with positive edge clock.
Creating register for signal `$paramod\known_capture\N=s32'00000000000000000000010000000000.\wr_bank' using process `$paramod\known_capture\N=s32'00000000000000000000010000000000.$proc$rtl/core/known_capture.sv:31$1004'.
  created $dff cell `$procdff$5286' with positive edge clock.
Creating register for signal `$paramod\known_capture\N=s32'00000000000000000000010000000000.\head_bank' using process `$paramod\known_capture\N=s32'00000000000000000000010000000000.$proc$rtl/core/known_capture.sv:31$1004'.
  created $dff cell `$procdff$5287' with positive edge clock.
Creating register for signal `$paramod\known_capture\N=s32'00000000000000000000010000000000.\draining' using process `$paramod\known_capture\N=s32'00000000000000000000010000000000.$proc$rtl/core/known_capture.sv:31$1004'.
  created $dff cell `$procdff$5288' with positive edge clock.
Creating register for signal `$paramod\known_capture\N=s32'00000000000000000000010000000000.\position' using process `$paramod\known_capture\N=s32'00000000000000000000010000000000.$proc$rtl/core/known_capture.sv:31$1004'.
  created $dff cell `$procdff$5289' with positive edge clock.
Creating register for signal `$paramod\known_capture\N=s32'00000000000000000000010000000000.\current_id' using process `$paramod\known_capture\N=s32'00000000000000000000010000000000.$proc$rtl/core/known_capture.sv:31$1004'.
  created $dff cell `$procdff$5290' with positive edge clock.
Creating register for signal `$paramod\known_capture\N=s32'00000000000000000000010000000000.\sum' using process `$paramod\known_capture\N=s32'00000000000000000000010000000000.$proc$rtl/core/known_capture.sv:31$1004'.
  created $dff cell `$procdff$5291' with positive edge clock.
Creating register for signal `$paramod\known_capture\N=s32'00000000000000000000010000000000.$bitselwrite$pos$rtl/core/known_capture.sv:41$967' using process `$paramod\known_capture\N=s32'00000000000000000000010000000000.$proc$rtl/core/known_capture.sv:31$1004'.
  created $dff cell `$procdff$5292' with positive edge clock.
Creating register for signal `$paramod\known_capture\N=s32'00000000000000000000010000000000.$bitselwrite$pos$rtl/core/known_capture.sv:41$968' using process `$paramod\known_capture\N=s32'00000000000000000000010000000000.$proc$rtl/core/known_capture.sv:31$1004'.
  created $dff cell `$procdff$5293' with positive edge clock.
Creating register for signal `$paramod\known_capture\N=s32'00000000000000000000010000000000.$bitselwrite$pos$rtl/core/known_capture.sv:42$969' using process `$paramod\known_capture\N=s32'00000000000000000000010000000000.$proc$rtl/core/known_capture.sv:31$1004'.
  created $dff cell `$procdff$5294' with positive edge clock.
Creating register for signal `$paramod\known_capture\N=s32'00000000000000000000010000000000.$bitselwrite$pos$rtl/core/known_capture.sv:52$970' using process `$paramod\known_capture\N=s32'00000000000000000000010000000000.$proc$rtl/core/known_capture.sv:31$1004'.
  created $dff cell `$procdff$5295' with positive edge clock.
Creating register for signal `$paramod\known_capture\N=s32'00000000000000000000010000000000.$memwr$\raw1$rtl/core/known_capture.sv:34$971_ADDR' using process `$paramod\known_capture\N=s32'00000000000000000000010000000000.$proc$rtl/core/known_capture.sv:31$1004'.
  created $dff cell `$procdff$5296' with positive edge clock.
Creating register for signal `$paramod\known_capture\N=s32'00000000000000000000010000000000.$memwr$\raw1$rtl/core/known_capture.sv:34$971_DATA' using process `$paramod\known_capture\N=s32'00000000000000000000010000000000.$proc$rtl/core/known_capture.sv:31$1004'.
  created $dff cell `$procdff$5297' with positive edge clock.
Creating register for signal `$paramod\known_capture\N=s32'00000000000000000000010000000000.$memwr$\raw1$rtl/core/known_capture.sv:34$971_EN' using process `$paramod\known_capture\N=s32'00000000000000000000010000000000.$proc$rtl/core/known_capture.sv:31$1004'.
  created $dff cell `$procdff$5298' with positive edge clock.
Creating register for signal `$paramod\known_capture\N=s32'00000000000000000000010000000000.$memwr$\raw0$rtl/core/known_capture.sv:34$972_ADDR' using process `$paramod\known_capture\N=s32'00000000000000000000010000000000.$proc$rtl/core/known_capture.sv:31$1004'.
  created $dff cell `$procdff$5299' with positive edge clock.
Creating register for signal `$paramod\known_capture\N=s32'00000000000000000000010000000000.$memwr$\raw0$rtl/core/known_capture.sv:34$972_DATA' using process `$paramod\known_capture\N=s32'00000000000000000000010000000000.$proc$rtl/core/known_capture.sv:31$1004'.
  created $dff cell `$procdff$5300' with positive edge clock.
Creating register for signal `$paramod\known_capture\N=s32'00000000000000000000010000000000.$memwr$\raw0$rtl/core/known_capture.sv:34$972_EN' using process `$paramod\known_capture\N=s32'00000000000000000000010000000000.$proc$rtl/core/known_capture.sv:31$1004'.
  created $dff cell `$procdff$5301' with positive edge clock.
Creating register for signal `$paramod\known_capture\N=s32'00000000000000000000010000000000.$memwr$\ids$rtl/core/known_capture.sv:39$973_EN' using process `$paramod\known_capture\N=s32'00000000000000000000010000000000.$proc$rtl/core/known_capture.sv:31$1004'.
  created $dff cell `$procdff$5302' with positive edge clock.
Creating register for signal `$paramod\known_capture\N=s32'00000000000000000000010000000000.$memwr$\ids$rtl/core/known_capture.sv:39$974_EN' using process `$paramod\known_capture\N=s32'00000000000000000000010000000000.$proc$rtl/core/known_capture.sv:31$1004'.
  created $dff cell `$procdff$5303' with positive edge clock.
Creating register for signal `$paramod\known_capture\N=s32'00000000000000000000010000000000.$memwr$\sums$rtl/core/known_capture.sv:39$975_EN' using process `$paramod\known_capture\N=s32'00000000000000000000010000000000.$proc$rtl/core/known_capture.sv:31$1004'.
  created $dff cell `$procdff$5304' with positive edge clock.
Creating register for signal `$paramod\known_capture\N=s32'00000000000000000000010000000000.$memwr$\sums$rtl/core/known_capture.sv:39$976_EN' using process `$paramod\known_capture\N=s32'00000000000000000000010000000000.$proc$rtl/core/known_capture.sv:31$1004'.
  created $dff cell `$procdff$5305' with positive edge clock.
Creating register for signal `$paramod\known_capture\N=s32'00000000000000000000010000000000.$memwr$\sums$rtl/core/known_capture.sv:51$977_ADDR' using process `$paramod\known_capture\N=s32'00000000000000000000010000000000.$proc$rtl/core/known_capture.sv:31$1004'.
  created $dff cell `$procdff$5306' with positive edge clock.
Creating register for signal `$paramod\known_capture\N=s32'00000000000000000000010000000000.$memwr$\sums$rtl/core/known_capture.sv:51$977_DATA' using process `$paramod\known_capture\N=s32'00000000000000000000010000000000.$proc$rtl/core/known_capture.sv:31$1004'.
  created $dff cell `$procdff$5307' with positive edge clock.
Creating register for signal `$paramod\known_capture\N=s32'00000000000000000000010000000000.$memwr$\sums$rtl/core/known_capture.sv:51$977_EN' using process `$paramod\known_capture\N=s32'00000000000000000000010000000000.$proc$rtl/core/known_capture.sv:31$1004'.
  created $dff cell `$procdff$5308' with positive edge clock.
Creating register for signal `$paramod\known_capture\N=s32'00000000000000000000010000000000.$memwr$\ids$rtl/core/known_capture.sv:51$978_ADDR' using process `$paramod\known_capture\N=s32'00000000000000000000010000000000.$proc$rtl/core/known_capture.sv:31$1004'.
  created $dff cell `$procdff$5309' with positive edge clock.
Creating register for signal `$paramod\known_capture\N=s32'00000000000000000000010000000000.$memwr$\ids$rtl/core/known_capture.sv:51$978_DATA' using process `$paramod\known_capture\N=s32'00000000000000000000010000000000.$proc$rtl/core/known_capture.sv:31$1004'.
  created $dff cell `$procdff$5310' with positive edge clock.
Creating register for signal `$paramod\known_capture\N=s32'00000000000000000000010000000000.$memwr$\ids$rtl/core/known_capture.sv:51$978_EN' using process `$paramod\known_capture\N=s32'00000000000000000000010000000000.$proc$rtl/core/known_capture.sv:31$1004'.
  created $dff cell `$procdff$5311' with positive edge clock.
Creating register for signal `$paramod\known_capture\N=s32'00000000000000000000010000000000.$lookahead\full$1002' using process `$paramod\known_capture\N=s32'00000000000000000000010000000000.$proc$rtl/core/known_capture.sv:31$1004'.
  created $dff cell `$procdff$5312' with positive edge clock.
Creating register for signal `$paramod\known_capture\N=s32'00000000000000000000010000000000.$lookahead\busy$1003' using process `$paramod\known_capture\N=s32'00000000000000000000010000000000.$proc$rtl/core/known_capture.sv:31$1004'.
  created $dff cell `$procdff$5313' with positive edge clock.
Creating register for signal `\upduino_known.\startup' using process `\upduino_known.$proc$rtl/upduino_known.sv:11$394'.
  created $dff cell `$procdff$5314' with positive edge clock.

10.4.10. Executing PROC_MEMWR pass (convert process memory writes to cells).

10.4.11. Executing PROC_CLEAN pass (remove empty switches from decision trees).
Removing empty process `$paramod$b51e02e609ee40ea0a23bcfc9f25ac308e7a6d6e\known_spectral_core.$proc$rtl/core/known_spectral_core.sv:124$1427'.
Found and cleaned up 1 empty switch in `$paramod$b51e02e609ee40ea0a23bcfc9f25ac308e7a6d6e\known_spectral_core.$proc$rtl/core/known_spectral_core.sv:125$1425'.
Removing empty process `$paramod$b51e02e609ee40ea0a23bcfc9f25ac308e7a6d6e\known_spectral_core.$proc$rtl/core/known_spectral_core.sv:125$1425'.
Removing empty process `$paramod$b51e02e609ee40ea0a23bcfc9f25ac308e7a6d6e\known_spectral_core.$proc$rtl/core/known_spectral_core.sv:83$1406'.
Found and cleaned up 2 empty switches in `$paramod$b51e02e609ee40ea0a23bcfc9f25ac308e7a6d6e\known_spectral_core.$proc$rtl/core/known_spectral_core.sv:82$1386'.
Removing empty process `$paramod$b51e02e609ee40ea0a23bcfc9f25ac308e7a6d6e\known_spectral_core.$proc$rtl/core/known_spectral_core.sv:82$1386'.
Found and cleaned up 32 empty switches in `$paramod$b51e02e609ee40ea0a23bcfc9f25ac308e7a6d6e\known_spectral_core.$proc$rtl/core/known_spectral_core.sv:142$1223'.
Removing empty process `$paramod$b51e02e609ee40ea0a23bcfc9f25ac308e7a6d6e\known_spectral_core.$proc$rtl/core/known_spectral_core.sv:142$1223'.
Found and cleaned up 1 empty switch in `$paramod$b51e02e609ee40ea0a23bcfc9f25ac308e7a6d6e\known_spectral_core.$proc$rtl/core/known_spectral_core.sv:128$1218'.
Removing empty process `$paramod$b51e02e609ee40ea0a23bcfc9f25ac308e7a6d6e\known_spectral_core.$proc$rtl/core/known_spectral_core.sv:128$1218'.
Found and cleaned up 9 empty switches in `$paramod$78dc09561539cbddd67c345fb430e65d2d8515c0\spi_master.$proc$rtl/io/spi_master.sv:29$1433'.
Removing empty process `$paramod$78dc09561539cbddd67c345fb430e65d2d8515c0\spi_master.$proc$rtl/io/spi_master.sv:29$1433'.
Found and cleaned up 1 empty switch in `$paramod$c5d56b8730780189bb3a1a35d3294d827d7174b0\vib_coeff_rom.$proc$rtl/core/vib_coeff_rom.sv:26$955'.
Removing empty process `$paramod$c5d56b8730780189bb3a1a35d3294d827d7174b0\vib_coeff_rom.$proc$rtl/core/vib_coeff_rom.sv:26$955'.
Found and cleaned up 25 empty switches in `$paramod\flash_stream\POLL_LIMIT=s32'00000000000000000000111111111111.$proc$rtl/io/flash_stream.sv:69$920'.
Removing empty process `$paramod\flash_stream\POLL_LIMIT=s32'00000000000000000000111111111111.$proc$rtl/io/flash_stream.sv:69$920'.
Found and cleaned up 2 empty switches in `$paramod\flash_stream\POLL_LIMIT=s32'00000000000000000000111111111111.$proc$rtl/io/flash_stream.sv:48$915'.
Removing empty process `$paramod\flash_stream\POLL_LIMIT=s32'00000000000000000000111111111111.$proc$rtl/io/flash_stream.sv:48$915'.
Found and cleaned up 56 empty switches in `$paramod$f5be2c462021bc57739d5ef0136e48fd081add0e\known_replay_controller.$proc$rtl/io/known_replay_controller.sv:101$752'.
Removing empty process `$paramod$f5be2c462021bc57739d5ef0136e48fd081add0e\known_replay_controller.$proc$rtl/io/known_replay_controller.sv:101$752'.
Found and cleaned up 2 empty switches in `$paramod$f5be2c462021bc57739d5ef0136e48fd081add0e\known_replay_controller.$proc$rtl/io/known_replay_controller.sv:67$712'.
Removing empty process `$paramod$f5be2c462021bc57739d5ef0136e48fd081add0e\known_replay_controller.$proc$rtl/io/known_replay_controller.sv:67$712'.
Found and cleaned up 1 empty switch in `$paramod$f5be2c462021bc57739d5ef0136e48fd081add0e\known_replay_controller.$proc$rtl/io/known_replay_controller.sv:57$704'.
Removing empty process `$paramod$f5be2c462021bc57739d5ef0136e48fd081add0e\known_replay_controller.$proc$rtl/io/known_replay_controller.sv:57$704'.
Found and cleaned up 12 empty switches in `$paramod\known_capture\N=s32'00000000000000000000010000000000.$proc$rtl/core/known_capture.sv:31$1004'.
Removing empty process `$paramod\known_capture\N=s32'00000000000000000000010000000000.$proc$rtl/core/known_capture.sv:31$1004'.
Removing empty process `upduino_known.$proc$rtl/upduino_known.sv:8$396'.
Found and cleaned up 1 empty switch in `\upduino_known.$proc$rtl/upduino_known.sv:11$394'.
Removing empty process `upduino_known.$proc$rtl/upduino_known.sv:11$394'.
Cleaned up 145 empty switches.

10.4.12. Executing OPT_EXPR pass (perform const folding).
Optimizing module $paramod$b51e02e609ee40ea0a23bcfc9f25ac308e7a6d6e\known_spectral_core.
<suppressed ~70 debug messages>
Optimizing module $paramod$78dc09561539cbddd67c345fb430e65d2d8515c0\spi_master.
<suppressed ~12 debug messages>
Optimizing module spram16k.
Optimizing module $paramod$c5d56b8730780189bb3a1a35d3294d827d7174b0\vib_coeff_rom.
<suppressed ~1 debug messages>
Optimizing module $paramod\flash_stream\POLL_LIMIT=s32'00000000000000000000111111111111.
<suppressed ~16 debug messages>
Optimizing module $paramod$f5be2c462021bc57739d5ef0136e48fd081add0e\known_replay_controller.
<suppressed ~40 debug messages>
Optimizing module $paramod\known_capture\N=s32'00000000000000000000010000000000.
<suppressed ~3 debug messages>
Optimizing module $paramod$4e8b2c2e868a56c82dbef9d604f6995d319a74a3\known_replay_system.
Optimizing module upduino_known.

10.5. Executing CHECK pass (checking for obvious problems).
Checking module $paramod$b51e02e609ee40ea0a23bcfc9f25ac308e7a6d6e\known_spectral_core...
Checking module $paramod$78dc09561539cbddd67c345fb430e65d2d8515c0\spi_master...
Checking module spram16k...
Checking module $paramod$c5d56b8730780189bb3a1a35d3294d827d7174b0\vib_coeff_rom...
Checking module $paramod\flash_stream\POLL_LIMIT=s32'00000000000000000000111111111111...
Checking module $paramod$f5be2c462021bc57739d5ef0136e48fd081add0e\known_replay_controller...
Checking module $paramod\known_capture\N=s32'00000000000000000000010000000000...
Checking module $paramod$4e8b2c2e868a56c82dbef9d604f6995d319a74a3\known_replay_system...
Checking module upduino_known...
Found and reported 0 problems.

10.6. Executing FLATTEN pass (flatten design).
Deleting now unused module $paramod$b51e02e609ee40ea0a23bcfc9f25ac308e7a6d6e\known_spectral_core.
Deleting now unused module $paramod$78dc09561539cbddd67c345fb430e65d2d8515c0\spi_master.
Deleting now unused module spram16k.
Deleting now unused module $paramod$c5d56b8730780189bb3a1a35d3294d827d7174b0\vib_coeff_rom.
Deleting now unused module $paramod\flash_stream\POLL_LIMIT=s32'00000000000000000000111111111111.
Deleting now unused module $paramod$f5be2c462021bc57739d5ef0136e48fd081add0e\known_replay_controller.
Deleting now unused module $paramod\known_capture\N=s32'00000000000000000000010000000000.
Deleting now unused module $paramod$4e8b2c2e868a56c82dbef9d604f6995d319a74a3\known_replay_system.
<suppressed ~8 debug messages>

10.7. Executing TRIBUF pass.

10.8. Executing DEMINOUT pass (demote inout ports to input or output).

10.9. Executing OPT_EXPR pass (perform const folding).
Optimizing module upduino_known.
<suppressed ~21 debug messages>

10.10. Executing OPT_CLEAN pass (remove unused cells and wires).
Finding unused cells or wires in module \upduino_known..
Removed 224 unused cells and 1398 unused wires.
<suppressed ~248 debug messages>

10.11. Executing CHECK pass (checking for obvious problems).
Checking module upduino_known...
Found and reported 0 problems.

10.12. Executing OPT pass (performing simple optimizations).

10.12.1. Executing OPT_EXPR pass (perform const folding).
Optimizing module upduino_known.

10.12.2. Executing OPT_MERGE pass (detect identical cells).
Finding identical cells in module `\upduino_known'.
Computing hashes of 1635 cells of `\upduino_known'.
Finding duplicate cells in `\upduino_known'.
Computing hashes of 1350 cells of `\upduino_known'.
Finding duplicate cells in `\upduino_known'.
Computing hashes of 1346 cells of `\upduino_known'.
Finding duplicate cells in `\upduino_known'.
Computing hashes of 1345 cells of `\upduino_known'.
Finding duplicate cells in `\upduino_known'.
<suppressed ~870 debug messages>
Removed a total of 290 cells.

10.12.3. Executing OPT_MUXTREE pass (detect dead branches in mux trees).
Running muxtree optimizer on module \upduino_known..
  Creating internal representation of mux trees.
  Evaluating internal representation of mux trees.
      Replacing known input bits on port A of cell $flatten\system.\core.\capture.$procmux$5087: \system.core.capture.draining -> 1'1
      Replacing known input bits on port A of cell $flatten\system.\core.\capture.$procmux$5084: \system.core.capture.draining -> 1'0
      Replacing known input bits on port A of cell $flatten\system.\core.$procmux$2569: \system.core.lane_store -> 1'0
      Replacing known input bits on port A of cell $flatten\system.\core.$ternary$rtl/core/known_spectral_core.sv:275$1372: \system.core.difference -> { 1'0 \system.core.difference [30:0] }
      Replacing known input bits on port A of cell $flatten\system.\core.$ternary$rtl/core/known_spectral_core.sv:222$1337: \system.core.imag_part -> { 1'0 \system.core.imag_part [30:0] }
      Replacing known input bits on port A of cell $flatten\system.\core.$ternary$rtl/core/known_spectral_core.sv:215$1330: \system.core.real_part -> { 1'0 \system.core.real_part [30:0] }
      Replacing known input bits on port A of cell $flatten\system.\transport.\spi.$procmux$3439: \system.transport.spi.byte_active -> 1'0
      Replacing known input bits on port A of cell $flatten\system.\transport.\spi.$procmux$3437: \system.transport.spi.byte_active -> 1'1
      Replacing known input bits on port B of cell $flatten\system.\transport.\spi.$procmux$3423: \system.transport.spi.finishing -> 1'0
      Replacing known input bits on port A of cell $flatten\system.\transport.\spi.$procmux$3421: \system.transport.spi.finishing -> 1'0
  Analyzing evaluation results.
    dead port 1/2 on $mux $flatten\system.\core.\capture.$procmux$4569.
    dead port 1/2 on $mux $flatten\system.\core.\capture.$procmux$4572.
    dead port 2/2 on $mux $flatten\system.\core.\capture.$procmux$4574.
    dead port 1/2 on $mux $flatten\system.\core.\capture.$procmux$4577.
    dead port 1/2 on $mux $flatten\system.\core.\capture.$procmux$4599.
    dead port 1/2 on $mux $flatten\system.\core.\capture.$procmux$4602.
    dead port 2/2 on $mux $flatten\system.\core.\capture.$procmux$4604.
    dead port 1/2 on $mux $flatten\system.\core.\capture.$procmux$4607.
    dead port 1/2 on $mux $flatten\system.\core.\capture.$procmux$4614.
    dead port 1/2 on $mux $flatten\system.\core.\capture.$procmux$4617.
    dead port 2/2 on $mux $flatten\system.\core.\capture.$procmux$4619.
    dead port 1/2 on $mux $flatten\system.\core.\capture.$procmux$4622.
    dead port 1/2 on $mux $flatten\system.\core.\capture.$procmux$4629.
    dead port 1/2 on $mux $flatten\system.\core.\capture.$procmux$4632.
    dead port 2/2 on $mux $flatten\system.\core.\capture.$procmux$4634.
    dead port 1/2 on $mux $flatten\system.\core.\capture.$procmux$4637.
    dead port 1/2 on $mux $flatten\system.\core.\capture.$procmux$4644.
    dead port 1/2 on $mux $flatten\system.\core.\capture.$procmux$4647.
    dead port 2/2 on $mux $flatten\system.\core.\capture.$procmux$4649.
    dead port 1/2 on $mux $flatten\system.\core.\capture.$procmux$4652.
    dead port 1/2 on $mux $flatten\system.\core.\capture.$procmux$4659.
    dead port 1/2 on $mux $flatten\system.\core.\capture.$procmux$4662.
    dead port 2/2 on $mux $flatten\system.\core.\capture.$procmux$4664.
    dead port 1/2 on $mux $flatten\system.\core.\capture.$procmux$4667.
    dead port 1/2 on $mux $flatten\system.\core.\capture.$procmux$4674.
    dead port 1/2 on $mux $flatten\system.\core.\capture.$procmux$4677.
    dead port 2/2 on $mux $flatten\system.\core.\capture.$procmux$4679.
    dead port 1/2 on $mux $flatten\system.\core.\capture.$procmux$4682.
    dead port 1/2 on $mux $flatten\system.\core.\capture.$procmux$4689.
    dead port 2/2 on $mux $flatten\system.\core.\capture.$procmux$4691.
    dead port 1/2 on $mux $flatten\system.\core.\capture.$procmux$4694.
    dead port 1/2 on $mux $flatten\system.\core.\capture.$procmux$4701.
    dead port 2/2 on $mux $flatten\system.\core.\capture.$procmux$4703.
    dead port 1/2 on $mux $flatten\system.\core.\capture.$procmux$4706.
    dead port 1/2 on $mux $flatten\system.\core.\capture.$procmux$4713.
    dead port 2/2 on $mux $flatten\system.\core.\capture.$procmux$4715.
    dead port 1/2 on $mux $flatten\system.\core.\capture.$procmux$4718.
    dead port 1/2 on $mux $flatten\system.\core.\capture.$procmux$4725.
    dead port 2/2 on $mux $flatten\system.\core.\capture.$procmux$4727.
    dead port 1/2 on $mux $flatten\system.\core.\capture.$procmux$4730.
    dead port 1/2 on $mux $flatten\system.\core.\capture.$procmux$4737.
    dead port 2/2 on $mux $flatten\system.\core.\capture.$procmux$4739.
    dead port 1/2 on $mux $flatten\system.\core.\capture.$procmux$4742.
    dead port 1/2 on $mux $flatten\system.\core.\capture.$procmux$4749.
    dead port 2/2 on $mux $flatten\system.\core.\capture.$procmux$4751.
    dead port 1/2 on $mux $flatten\system.\core.\capture.$procmux$4754.
    dead port 1/2 on $mux $flatten\system.\core.\capture.$procmux$4761.
    dead port 2/2 on $mux $flatten\system.\core.\capture.$procmux$4763.
    dead port 1/2 on $mux $flatten\system.\core.\capture.$procmux$4766.
    dead port 2/2 on $mux $flatten\system.\core.\capture.$procmux$4784.
    dead port 1/2 on $mux $flatten\system.\core.\capture.$procmux$4787.
    dead port 2/2 on $mux $flatten\system.\core.\capture.$procmux$4793.
    dead port 1/2 on $mux $flatten\system.\core.\capture.$procmux$4796.
    dead port 2/2 on $mux $flatten\system.\core.\capture.$procmux$4802.
    dead port 1/2 on $mux $flatten\system.\core.\capture.$procmux$4805.
    dead port 2/2 on $mux $flatten\system.\core.\capture.$procmux$4811.
    dead port 1/2 on $mux $flatten\system.\core.\capture.$procmux$4814.
    dead port 2/2 on $mux $flatten\system.\core.\capture.$procmux$4820.
    dead port 1/2 on $mux $flatten\system.\core.\capture.$procmux$4823.
    dead port 2/2 on $mux $flatten\system.\core.\capture.$procmux$4829.
    dead port 1/2 on $mux $flatten\system.\core.\capture.$procmux$4832.
    dead port 2/2 on $mux $flatten\system.\core.\capture.$procmux$4838.
    dead port 1/2 on $mux $flatten\system.\core.\capture.$procmux$4841.
    dead port 1/2 on $mux $flatten\system.\core.\capture.$procmux$4856.
    dead port 1/2 on $mux $flatten\system.\core.\capture.$procmux$4862.
    dead port 1/2 on $mux $flatten\system.\core.\capture.$procmux$4868.
    dead port 1/2 on $mux $flatten\system.\core.\capture.$procmux$4874.
    dead port 1/2 on $mux $flatten\system.\core.\capture.$procmux$4880.
    dead port 1/2 on $mux $flatten\system.\core.\capture.$procmux$4886.
    dead port 1/2 on $mux $flatten\system.\core.\capture.$procmux$4892.
    dead port 1/2 on $mux $flatten\system.\core.\capture.$procmux$4904.
    dead port 2/2 on $mux $flatten\system.\core.\capture.$procmux$4988.
    dead port 2/2 on $mux $flatten\system.\core.\capture.$procmux$4994.
    dead port 2/2 on $mux $flatten\system.\core.\capture.$procmux$5000.
    dead port 2/2 on $mux $flatten\system.\core.\capture.$procmux$5006.
    dead port 2/2 on $mux $flatten\system.\core.\capture.$procmux$5012.
    dead port 2/2 on $mux $flatten\system.\core.\capture.$procmux$5018.
    dead port 2/2 on $mux $flatten\system.\transport.$procmux$3882.
    dead port 1/2 on $mux $flatten\system.\core.$procmux$2047.
    dead port 1/2 on $mux $flatten\system.\core.$procmux$1622.
    dead port 2/2 on $mux $flatten\system.\core.$procmux$1619.
    dead port 1/2 on $mux $flatten\system.\core.$procmux$1617.
    dead port 1/2 on $mux $flatten\system.\core.$procmux$1614.
    dead port 2/2 on $mux $flatten\system.\core.$procmux$1611.
    dead port 1/2 on $mux $flatten\system.\core.$procmux$1589.
    dead port 2/2 on $mux $flatten\system.\core.$procmux$1586.
    dead port 1/2 on $mux $flatten\system.\core.$procmux$1565.
    dead port 2/2 on $mux $flatten\system.\core.$procmux$1562.
    dead port 1/2 on $mux $flatten\system.\core.$procmux$1560.
    dead port 1/2 on $mux $flatten\system.\core.$procmux$1538.
    dead port 2/2 on $mux $flatten\system.\core.$procmux$1535.
    dead port 1/2 on $mux $flatten\system.\core.$procmux$1533.
    dead port 1/2 on $mux $flatten\system.\core.$procmux$1530.
Removed 93 multiplexer ports.
<suppressed ~1037 debug messages>

10.12.4. Executing OPT_REDUCE pass (consolidate $*mux and $reduce_* inputs).
  Optimizing cells in module \upduino_known.
    Consolidated identical input bits for $mux cell $flatten\system.\controller.$procmux$4556:
      Old ports: A=16'0000000000000000, B=16'1111111111111111, Y=$flatten\system.\controller.$0$memwr$\queue$rtl/io/known_replay_controller.sv:58$682_EN[15:0]$707
      New ports: A=1'0, B=1'1, Y=$flatten\system.\controller.$0$memwr$\queue$rtl/io/known_replay_controller.sv:58$682_EN[15:0]$707 [0]
      New connections: $flatten\system.\controller.$0$memwr$\queue$rtl/io/known_replay_controller.sv:58$682_EN[15:0]$707 [15:1] = { $flatten\system.\controller.$0$memwr$\queue$rtl/io/known_replay_controller.sv:58$682_EN[15:0]$707 [0] $flatten\system.\controller.$0$memwr$\queue$rtl/io/known_replay_controller.sv:58$682_EN[15:0]$707 [0] $flatten\system.\controller.$0$memwr$\queue$rtl/io/known_replay_controller.sv:58$682_EN[15:0]$707 [0] $flatten\system.\controller.$0$memwr$\queue$rtl/io/known_replay_controller.sv:58$682_EN[15:0]$707 [0] $flatten\system.\controller.$0$memwr$\queue$rtl/io/known_replay_controller.sv:58$682_EN[15:0]$707 [0] $flatten\system.\controller.$0$memwr$\queue$rtl/io/known_replay_controller.sv:58$682_EN[15:0]$707 [0] $flatten\system.\controller.$0$memwr$\queue$rtl/io/known_replay_controller.sv:58$682_EN[15:0]$707 [0] $flatten\system.\controller.$0$memwr$\queue$rtl/io/known_replay_controller.sv:58$682_EN[15:0]$707 [0] $flatten\system.\controller.$0$memwr$\queue$rtl/io/known_replay_controller.sv:58$682_EN[15:0]$707 [0] $flatten\system.\controller.$0$memwr$\queue$rtl/io/known_replay_controller.sv:58$682_EN[15:0]$707 [0] $flatten\system.\controller.$0$memwr$\queue$rtl/io/known_replay_controller.sv:58$682_EN[15:0]$707 [0] $flatten\system.\controller.$0$memwr$\queue$rtl/io/known_replay_controller.sv:58$682_EN[15:0]$707 [0] $flatten\system.\controller.$0$memwr$\queue$rtl/io/known_replay_controller.sv:58$682_EN[15:0]$707 [0] $flatten\system.\controller.$0$memwr$\queue$rtl/io/known_replay_controller.sv:58$682_EN[15:0]$707 [0] $flatten\system.\controller.$0$memwr$\queue$rtl/io/known_replay_controller.sv:58$682_EN[15:0]$707 [0] }
    New ctrl vector for $pmux cell $flatten\system.\controller.$procmux$4526: { $flatten\system.\controller.$procmux$4527_CMP $flatten\system.\controller.$procmux$4528_CTRL $flatten\system.\controller.$procmux$4529_CMP $flatten\system.\controller.$procmux$4530_CMP $flatten\system.\controller.$procmux$4531_CMP $flatten\system.\controller.$procmux$4532_CMP $flatten\system.\controller.$procmux$4533_CMP $flatten\system.\controller.$procmux$4534_CMP $flatten\system.\controller.$procmux$4535_CMP $flatten\system.\controller.$procmux$4536_CMP $flatten\system.\controller.$procmux$4537_CMP $flatten\system.\controller.$procmux$4538_CMP $flatten\system.\controller.$procmux$4539_CMP $flatten\system.\controller.$procmux$4540_CMP $flatten\system.\controller.$procmux$4541_CMP $flatten\system.\controller.$procmux$4542_CMP $flatten\system.\controller.$procmux$4543_CMP $flatten\system.\controller.$procmux$4544_CMP $flatten\system.\controller.$procmux$4545_CMP $flatten\system.\controller.$procmux$4546_CMP $flatten\system.\controller.$procmux$4547_CMP $flatten\system.\controller.$procmux$4548_CMP $flatten\system.\controller.$procmux$4549_CMP $auto$opt_reduce.cc:137:opt_pmux$5350 $flatten\system.\controller.$procmux$4551_CMP $flatten\system.\controller.$procmux$4552_CMP $flatten\system.\controller.$procmux$4554_CMP }
    New ctrl vector for $pmux cell $flatten\system.\controller.$procmux$4522: $auto$opt_reduce.cc:137:opt_pmux$5352
    Consolidated identical input bits for $mux cell $flatten\system.\core.\capture.$procmux$4596:
      Old ports: A=0, B=32'11111111111111111111111111111111, Y=$flatten\system.\core.\capture.$procmux$4596_Y
      New ports: A=1'0, B=1'1, Y=$flatten\system.\core.\capture.$procmux$4596_Y [0]
      New connections: $flatten\system.\core.\capture.$procmux$4596_Y [31:1] = { $flatten\system.\core.\capture.$procmux$4596_Y [0] $flatten\system.\core.\capture.$procmux$4596_Y [0] $flatten\system.\core.\capture.$procmux$4596_Y [0] $flatten\system.\core.\capture.$procmux$4596_Y [0] $flatten\system.\core.\capture.$procmux$4596_Y [0] $flatten\system.\core.\capture.$procmux$4596_Y [0] $flatten\system.\core.\capture.$procmux$4596_Y [0] $flatten\system.\core.\capture.$procmux$4596_Y [0] $flatten\system.\core.\capture.$procmux$4596_Y [0] $flatten\system.\core.\capture.$procmux$4596_Y [0] $flatten\system.\core.\capture.$procmux$4596_Y [0] $flatten\system.\core.\capture.$procmux$4596_Y [0] $flatten\system.\core.\capture.$procmux$4596_Y [0] $flatten\system.\core.\capture.$procmux$4596_Y [0] $flatten\system.\core.\capture.$procmux$4596_Y [0] $flatten\system.\core.\capture.$procmux$4596_Y [0] $flatten\system.\core.\capture.$procmux$4596_Y [0] $flatten\system.\core.\capture.$procmux$4596_Y [0] $flatten\system.\core.\capture.$procmux$4596_Y [0] $flatten\system.\core.\capture.$procmux$4596_Y [0] $flatten\system.\core.\capture.$procmux$4596_Y [0] $flatten\system.\core.\capture.$procmux$4596_Y [0] $flatten\system.\core.\capture.$procmux$4596_Y [0] $flatten\system.\core.\capture.$procmux$4596_Y [0] $flatten\system.\core.\capture.$procmux$4596_Y [0] $flatten\system.\core.\capture.$procmux$4596_Y [0] $flatten\system.\core.\capture.$procmux$4596_Y [0] $flatten\system.\core.\capture.$procmux$4596_Y [0] $flatten\system.\core.\capture.$procmux$4596_Y [0] $flatten\system.\core.\capture.$procmux$4596_Y [0] $flatten\system.\core.\capture.$procmux$4596_Y [0] }
    Consolidated identical input bits for $mux cell $flatten\system.\core.\capture.$procmux$4641:
      Old ports: A=0, B=32'11111111111111111111111111111111, Y=$flatten\system.\core.\capture.$procmux$4641_Y
      New ports: A=1'0, B=1'1, Y=$flatten\system.\core.\capture.$procmux$4641_Y [0]
      New connections: $flatten\system.\core.\capture.$procmux$4641_Y [31:1] = { $flatten\system.\core.\capture.$procmux$4641_Y [0] $flatten\system.\core.\capture.$procmux$4641_Y [0] $flatten\system.\core.\capture.$procmux$4641_Y [0] $flatten\system.\core.\capture.$procmux$4641_Y [0] $flatten\system.\core.\capture.$procmux$4641_Y [0] $flatten\system.\core.\capture.$procmux$4641_Y [0] $flatten\system.\core.\capture.$procmux$4641_Y [0] $flatten\system.\core.\capture.$procmux$4641_Y [0] $flatten\system.\core.\capture.$procmux$4641_Y [0] $flatten\system.\core.\capture.$procmux$4641_Y [0] $flatten\system.\core.\capture.$procmux$4641_Y [0] $flatten\system.\core.\capture.$procmux$4641_Y [0] $flatten\system.\core.\capture.$procmux$4641_Y [0] $flatten\system.\core.\capture.$procmux$4641_Y [0] $flatten\system.\core.\capture.$procmux$4641_Y [0] $flatten\system.\core.\capture.$procmux$4641_Y [0] $flatten\system.\core.\capture.$procmux$4641_Y [0] $flatten\system.\core.\capture.$procmux$4641_Y [0] $flatten\system.\core.\capture.$procmux$4641_Y [0] $flatten\system.\core.\capture.$procmux$4641_Y [0] $flatten\system.\core.\capture.$procmux$4641_Y [0] $flatten\system.\core.\capture.$procmux$4641_Y [0] $flatten\system.\core.\capture.$procmux$4641_Y [0] $flatten\system.\core.\capture.$procmux$4641_Y [0] $flatten\system.\core.\capture.$procmux$4641_Y [0] $flatten\system.\core.\capture.$procmux$4641_Y [0] $flatten\system.\core.\capture.$procmux$4641_Y [0] $flatten\system.\core.\capture.$procmux$4641_Y [0] $flatten\system.\core.\capture.$procmux$4641_Y [0] $flatten\system.\core.\capture.$procmux$4641_Y [0] $flatten\system.\core.\capture.$procmux$4641_Y [0] }
    Consolidated identical input bits for $mux cell $flatten\system.\core.\capture.$procmux$4937:
      Old ports: A=0, B=32'11111111111111111111111111111111, Y=$flatten\system.\core.\capture.$0$memwr$\sums$rtl/core/known_capture.sv:39$976_EN[31:0]$1018
      New ports: A=1'0, B=1'1, Y=$flatten\system.\core.\capture.$0$memwr$\sums$rtl/core/known_capture.sv:39$976_EN[31:0]$1018 [0]
      New connections: $flatten\system.\core.\capture.$0$memwr$\sums$rtl/core/known_capture.sv:39$976_EN[31:0]$1018 [31:1] = { $flatten\system.\core.\capture.$0$memwr$\sums$rtl/core/known_capture.sv:39$976_EN[31:0]$1018 [0] $flatten\system.\core.\capture.$0$memwr$\sums$rtl/core/known_capture.sv:39$976_EN[31:0]$1018 [0] $flatten\system.\core.\capture.$0$memwr$\sums$rtl/core/known_capture.sv:39$976_EN[31:0]$1018 [0] $flatten\system.\core.\capture.$0$memwr$\sums$rtl/core/known_capture.sv:39$976_EN[31:0]$1018 [0] $flatten\system.\core.\capture.$0$memwr$\sums$rtl/core/known_capture.sv:39$976_EN[31:0]$1018 [0] $flatten\system.\core.\capture.$0$memwr$\sums$rtl/core/known_capture.sv:39$976_EN[31:0]$1018 [0] $flatten\system.\core.\capture.$0$memwr$\sums$rtl/core/known_capture.sv:39$976_EN[31:0]$1018 [0] $flatten\system.\core.\capture.$0$memwr$\sums$rtl/core/known_capture.sv:39$976_EN[31:0]$1018 [0] $flatten\system.\core.\capture.$0$memwr$\sums$rtl/core/known_capture.sv:39$976_EN[31:0]$1018 [0] $flatten\system.\core.\capture.$0$memwr$\sums$rtl/core/known_capture.sv:39$976_EN[31:0]$1018 [0] $flatten\system.\core.\capture.$0$memwr$\sums$rtl/core/known_capture.sv:39$976_EN[31:0]$1018 [0] $flatten\system.\core.\capture.$0$memwr$\sums$rtl/core/known_capture.sv:39$976_EN[31:0]$1018 [0] $flatten\system.\core.\capture.$0$memwr$\sums$rtl/core/known_capture.sv:39$976_EN[31:0]$1018 [0] $flatten\system.\core.\capture.$0$memwr$\sums$rtl/core/known_capture.sv:39$976_EN[31:0]$1018 [0] $flatten\system.\core.\capture.$0$memwr$\sums$rtl/core/known_capture.sv:39$976_EN[31:0]$1018 [0] $flatten\system.\core.\capture.$0$memwr$\sums$rtl/core/known_capture.sv:39$976_EN[31:0]$1018 [0] $flatten\system.\core.\capture.$0$memwr$\sums$rtl/core/known_capture.sv:39$976_EN[31:0]$1018 [0] $flatten\system.\core.\capture.$0$memwr$\sums$rtl/core/known_capture.sv:39$976_EN[31:0]$1018 [0] $flatten\system.\core.\capture.$0$memwr$\sums$rtl/core/known_capture.sv:39$976_EN[31:0]$1018 [0] $flatten\system.\core.\capture.$0$memwr$\sums$rtl/core/known_capture.sv:39$976_EN[31:0]$1018 [0] $flatten\system.\core.\capture.$0$memwr$\sums$rtl/core/known_capture.sv:39$976_EN[31:0]$1018 [0] $flatten\system.\core.\capture.$0$memwr$\sums$rtl/core/known_capture.sv:39$976_EN[31:0]$1018 [0] $flatten\system.\core.\capture.$0$memwr$\sums$rtl/core/known_capture.sv:39$976_EN[31:0]$1018 [0] $flatten\system.\core.\capture.$0$memwr$\sums$rtl/core/known_capture.sv:39$976_EN[31:0]$1018 [0] $flatten\system.\core.\capture.$0$memwr$\sums$rtl/core/known_capture.sv:39$976_EN[31:0]$1018 [0] $flatten\system.\core.\capture.$0$memwr$\sums$rtl/core/known_capture.sv:39$976_EN[31:0]$1018 [0] $flatten\system.\core.\capture.$0$memwr$\sums$rtl/core/known_capture.sv:39$976_EN[31:0]$1018 [0] $flatten\system.\core.\capture.$0$memwr$\sums$rtl/core/known_capture.sv:39$976_EN[31:0]$1018 [0] $flatten\system.\core.\capture.$0$memwr$\sums$rtl/core/known_capture.sv:39$976_EN[31:0]$1018 [0] $flatten\system.\core.\capture.$0$memwr$\sums$rtl/core/known_capture.sv:39$976_EN[31:0]$1018 [0] $flatten\system.\core.\capture.$0$memwr$\sums$rtl/core/known_capture.sv:39$976_EN[31:0]$1018 [0] }
    Consolidated identical input bits for $mux cell $flatten\system.\core.\capture.$procmux$4940:
      Old ports: A=0, B=32'11111111111111111111111111111111, Y=$flatten\system.\core.\capture.$0$memwr$\sums$rtl/core/known_capture.sv:39$975_EN[31:0]$1017
      New ports: A=1'0, B=1'1, Y=$flatten\system.\core.\capture.$0$memwr$\sums$rtl/core/known_capture.sv:39$975_EN[31:0]$1017 [0]
      New connections: $flatten\system.\core.\capture.$0$memwr$\sums$rtl/core/known_capture.sv:39$975_EN[31:0]$1017 [31:1] = { $flatten\system.\core.\capture.$0$memwr$\sums$rtl/core/known_capture.sv:39$975_EN[31:0]$1017 [0] $flatten\system.\core.\capture.$0$memwr$\sums$rtl/core/known_capture.sv:39$975_EN[31:0]$1017 [0] $flatten\system.\core.\capture.$0$memwr$\sums$rtl/core/known_capture.sv:39$975_EN[31:0]$1017 [0] $flatten\system.\core.\capture.$0$memwr$\sums$rtl/core/known_capture.sv:39$975_EN[31:0]$1017 [0] $flatten\system.\core.\capture.$0$memwr$\sums$rtl/core/known_capture.sv:39$975_EN[31:0]$1017 [0] $flatten\system.\core.\capture.$0$memwr$\sums$rtl/core/known_capture.sv:39$975_EN[31:0]$1017 [0] $flatten\system.\core.\capture.$0$memwr$\sums$rtl/core/known_capture.sv:39$975_EN[31:0]$1017 [0] $flatten\system.\core.\capture.$0$memwr$\sums$rtl/core/known_capture.sv:39$975_EN[31:0]$1017 [0] $flatten\system.\core.\capture.$0$memwr$\sums$rtl/core/known_capture.sv:39$975_EN[31:0]$1017 [0] $flatten\system.\core.\capture.$0$memwr$\sums$rtl/core/known_capture.sv:39$975_EN[31:0]$1017 [0] $flatten\system.\core.\capture.$0$memwr$\sums$rtl/core/known_capture.sv:39$975_EN[31:0]$1017 [0] $flatten\system.\core.\capture.$0$memwr$\sums$rtl/core/known_capture.sv:39$975_EN[31:0]$1017 [0] $flatten\system.\core.\capture.$0$memwr$\sums$rtl/core/known_capture.sv:39$975_EN[31:0]$1017 [0] $flatten\system.\core.\capture.$0$memwr$\sums$rtl/core/known_capture.sv:39$975_EN[31:0]$1017 [0] $flatten\system.\core.\capture.$0$memwr$\sums$rtl/core/known_capture.sv:39$975_EN[31:0]$1017 [0] $flatten\system.\core.\capture.$0$memwr$\sums$rtl/core/known_capture.sv:39$975_EN[31:0]$1017 [0] $flatten\system.\core.\capture.$0$memwr$\sums$rtl/core/known_capture.sv:39$975_EN[31:0]$1017 [0] $flatten\system.\core.\capture.$0$memwr$\sums$rtl/core/known_capture.sv:39$975_EN[31:0]$1017 [0] $flatten\system.\core.\capture.$0$memwr$\sums$rtl/core/known_capture.sv:39$975_EN[31:0]$1017 [0] $flatten\system.\core.\capture.$0$memwr$\sums$rtl/core/known_capture.sv:39$975_EN[31:0]$1017 [0] $flatten\system.\core.\capture.$0$memwr$\sums$rtl/core/known_capture.sv:39$975_EN[31:0]$1017 [0] $flatten\system.\core.\capture.$0$memwr$\sums$rtl/core/known_capture.sv:39$975_EN[31:0]$1017 [0] $flatten\system.\core.\capture.$0$memwr$\sums$rtl/core/known_capture.sv:39$975_EN[31:0]$1017 [0] $flatten\system.\core.\capture.$0$memwr$\sums$rtl/core/known_capture.sv:39$975_EN[31:0]$1017 [0] $flatten\system.\core.\capture.$0$memwr$\sums$rtl/core/known_capture.sv:39$975_EN[31:0]$1017 [0] $flatten\system.\core.\capture.$0$memwr$\sums$rtl/core/known_capture.sv:39$975_EN[31:0]$1017 [0] $flatten\system.\core.\capture.$0$memwr$\sums$rtl/core/known_capture.sv:39$975_EN[31:0]$1017 [0] $flatten\system.\core.\capture.$0$memwr$\sums$rtl/core/known_capture.sv:39$975_EN[31:0]$1017 [0] $flatten\system.\core.\capture.$0$memwr$\sums$rtl/core/known_capture.sv:39$975_EN[31:0]$1017 [0] $flatten\system.\core.\capture.$0$memwr$\sums$rtl/core/known_capture.sv:39$975_EN[31:0]$1017 [0] $flatten\system.\core.\capture.$0$memwr$\sums$rtl/core/known_capture.sv:39$975_EN[31:0]$1017 [0] }
    Consolidated identical input bits for $mux cell $flatten\system.\core.\capture.$procmux$4943:
      Old ports: A=0, B=32'11111111111111111111111111111111, Y=$flatten\system.\core.\capture.$0$memwr$\ids$rtl/core/known_capture.sv:39$974_EN[31:0]$1016
      New ports: A=1'0, B=1'1, Y=$flatten\system.\core.\capture.$0$memwr$\ids$rtl/core/known_capture.sv:39$974_EN[31:0]$1016 [0]
      New connections: $flatten\system.\core.\capture.$0$memwr$\ids$rtl/core/known_capture.sv:39$974_EN[31:0]$1016 [31:1] = { $flatten\system.\core.\capture.$0$memwr$\ids$rtl/core/known_capture.sv:39$974_EN[31:0]$1016 [0] $flatten\system.\core.\capture.$0$memwr$\ids$rtl/core/known_capture.sv:39$974_EN[31:0]$1016 [0] $flatten\system.\core.\capture.$0$memwr$\ids$rtl/core/known_capture.sv:39$974_EN[31:0]$1016 [0] $flatten\system.\core.\capture.$0$memwr$\ids$rtl/core/known_capture.sv:39$974_EN[31:0]$1016 [0] $flatten\system.\core.\capture.$0$memwr$\ids$rtl/core/known_capture.sv:39$974_EN[31:0]$1016 [0] $flatten\system.\core.\capture.$0$memwr$\ids$rtl/core/known_capture.sv:39$974_EN[31:0]$1016 [0] $flatten\system.\core.\capture.$0$memwr$\ids$rtl/core/known_capture.sv:39$974_EN[31:0]$1016 [0] $flatten\system.\core.\capture.$0$memwr$\ids$rtl/core/known_capture.sv:39$974_EN[31:0]$1016 [0] $flatten\system.\core.\capture.$0$memwr$\ids$rtl/core/known_capture.sv:39$974_EN[31:0]$1016 [0] $flatten\system.\core.\capture.$0$memwr$\ids$rtl/core/known_capture.sv:39$974_EN[31:0]$1016 [0] $flatten\system.\core.\capture.$0$memwr$\ids$rtl/core/known_capture.sv:39$974_EN[31:0]$1016 [0] $flatten\system.\core.\capture.$0$memwr$\ids$rtl/core/known_capture.sv:39$974_EN[31:0]$1016 [0] $flatten\system.\core.\capture.$0$memwr$\ids$rtl/core/known_capture.sv:39$974_EN[31:0]$1016 [0] $flatten\system.\core.\capture.$0$memwr$\ids$rtl/core/known_capture.sv:39$974_EN[31:0]$1016 [0] $flatten\system.\core.\capture.$0$memwr$\ids$rtl/core/known_capture.sv:39$974_EN[31:0]$1016 [0] $flatten\system.\core.\capture.$0$memwr$\ids$rtl/core/known_capture.sv:39$974_EN[31:0]$1016 [0] $flatten\system.\core.\capture.$0$memwr$\ids$rtl/core/known_capture.sv:39$974_EN[31:0]$1016 [0] $flatten\system.\core.\capture.$0$memwr$\ids$rtl/core/known_capture.sv:39$974_EN[31:0]$1016 [0] $flatten\system.\core.\capture.$0$memwr$\ids$rtl/core/known_capture.sv:39$974_EN[31:0]$1016 [0] $flatten\system.\core.\capture.$0$memwr$\ids$rtl/core/known_capture.sv:39$974_EN[31:0]$1016 [0] $flatten\system.\core.\capture.$0$memwr$\ids$rtl/core/known_capture.sv:39$974_EN[31:0]$1016 [0] $flatten\system.\core.\capture.$0$memwr$\ids$rtl/core/known_capture.sv:39$974_EN[31:0]$1016 [0] $flatten\system.\core.\capture.$0$memwr$\ids$rtl/core/known_capture.sv:39$974_EN[31:0]$1016 [0] $flatten\system.\core.\capture.$0$memwr$\ids$rtl/core/known_capture.sv:39$974_EN[31:0]$1016 [0] $flatten\system.\core.\capture.$0$memwr$\ids$rtl/core/known_capture.sv:39$974_EN[31:0]$1016 [0] $flatten\system.\core.\capture.$0$memwr$\ids$rtl/core/known_capture.sv:39$974_EN[31:0]$1016 [0] $flatten\system.\core.\capture.$0$memwr$\ids$rtl/core/known_capture.sv:39$974_EN[31:0]$1016 [0] $flatten\system.\core.\capture.$0$memwr$\ids$rtl/core/known_capture.sv:39$974_EN[31:0]$1016 [0] $flatten\system.\core.\capture.$0$memwr$\ids$rtl/core/known_capture.sv:39$974_EN[31:0]$1016 [0] $flatten\system.\core.\capture.$0$memwr$\ids$rtl/core/known_capture.sv:39$974_EN[31:0]$1016 [0] $flatten\system.\core.\capture.$0$memwr$\ids$rtl/core/known_capture.sv:39$974_EN[31:0]$1016 [0] }
    Consolidated identical input bits for $mux cell $flatten\system.\core.\capture.$procmux$4946:
      Old ports: A=0, B=32'11111111111111111111111111111111, Y=$flatten\system.\core.\capture.$0$memwr$\ids$rtl/core/known_capture.sv:39$973_EN[31:0]$1015
      New ports: A=1'0, B=1'1, Y=$flatten\system.\core.\capture.$0$memwr$\ids$rtl/core/known_capture.sv:39$973_EN[31:0]$1015 [0]
      New connections: $flatten\system.\core.\capture.$0$memwr$\ids$rtl/core/known_capture.sv:39$973_EN[31:0]$1015 [31:1] = { $flatten\system.\core.\capture.$0$memwr$\ids$rtl/core/known_capture.sv:39$973_EN[31:0]$1015 [0] $flatten\system.\core.\capture.$0$memwr$\ids$rtl/core/known_capture.sv:39$973_EN[31:0]$1015 [0] $flatten\system.\core.\capture.$0$memwr$\ids$rtl/core/known_capture.sv:39$973_EN[31:0]$1015 [0] $flatten\system.\core.\capture.$0$memwr$\ids$rtl/core/known_capture.sv:39$973_EN[31:0]$1015 [0] $flatten\system.\core.\capture.$0$memwr$\ids$rtl/core/known_capture.sv:39$973_EN[31:0]$1015 [0] $flatten\system.\core.\capture.$0$memwr$\ids$rtl/core/known_capture.sv:39$973_EN[31:0]$1015 [0] $flatten\system.\core.\capture.$0$memwr$\ids$rtl/core/known_capture.sv:39$973_EN[31:0]$1015 [0] $flatten\system.\core.\capture.$0$memwr$\ids$rtl/core/known_capture.sv:39$973_EN[31:0]$1015 [0] $flatten\system.\core.\capture.$0$memwr$\ids$rtl/core/known_capture.sv:39$973_EN[31:0]$1015 [0] $flatten\system.\core.\capture.$0$memwr$\ids$rtl/core/known_capture.sv:39$973_EN[31:0]$1015 [0] $flatten\system.\core.\capture.$0$memwr$\ids$rtl/core/known_capture.sv:39$973_EN[31:0]$1015 [0] $flatten\system.\core.\capture.$0$memwr$\ids$rtl/core/known_capture.sv:39$973_EN[31:0]$1015 [0] $flatten\system.\core.\capture.$0$memwr$\ids$rtl/core/known_capture.sv:39$973_EN[31:0]$1015 [0] $flatten\system.\core.\capture.$0$memwr$\ids$rtl/core/known_capture.sv:39$973_EN[31:0]$1015 [0] $flatten\system.\core.\capture.$0$memwr$\ids$rtl/core/known_capture.sv:39$973_EN[31:0]$1015 [0] $flatten\system.\core.\capture.$0$memwr$\ids$rtl/core/known_capture.sv:39$973_EN[31:0]$1015 [0] $flatten\system.\core.\capture.$0$memwr$\ids$rtl/core/known_capture.sv:39$973_EN[31:0]$1015 [0] $flatten\system.\core.\capture.$0$memwr$\ids$rtl/core/known_capture.sv:39$973_EN[31:0]$1015 [0] $flatten\system.\core.\capture.$0$memwr$\ids$rtl/core/known_capture.sv:39$973_EN[31:0]$1015 [0] $flatten\system.\core.\capture.$0$memwr$\ids$rtl/core/known_capture.sv:39$973_EN[31:0]$1015 [0] $flatten\system.\core.\capture.$0$memwr$\ids$rtl/core/known_capture.sv:39$973_EN[31:0]$1015 [0] $flatten\system.\core.\capture.$0$memwr$\ids$rtl/core/known_capture.sv:39$973_EN[31:0]$1015 [0] $flatten\system.\core.\capture.$0$memwr$\ids$rtl/core/known_capture.sv:39$973_EN[31:0]$1015 [0] $flatten\system.\core.\capture.$0$memwr$\ids$rtl/core/known_capture.sv:39$973_EN[31:0]$1015 [0] $flatten\system.\core.\capture.$0$memwr$\ids$rtl/core/known_capture.sv:39$973_EN[31:0]$1015 [0] $flatten\system.\core.\capture.$0$memwr$\ids$rtl/core/known_capture.sv:39$973_EN[31:0]$1015 [0] $flatten\system.\core.\capture.$0$memwr$\ids$rtl/core/known_capture.sv:39$973_EN[31:0]$1015 [0] $flatten\system.\core.\capture.$0$memwr$\ids$rtl/core/known_capture.sv:39$973_EN[31:0]$1015 [0] $flatten\system.\core.\capture.$0$memwr$\ids$rtl/core/known_capture.sv:39$973_EN[31:0]$1015 [0] $flatten\system.\core.\capture.$0$memwr$\ids$rtl/core/known_capture.sv:39$973_EN[31:0]$1015 [0] $flatten\system.\core.\capture.$0$memwr$\ids$rtl/core/known_capture.sv:39$973_EN[31:0]$1015 [0] }
    Consolidated identical input bits for $mux cell $flatten\system.\core.\capture.$procmux$4986:
      Old ports: A=16'0000000000000000, B=16'1111111111111111, Y=$flatten\system.\core.\capture.$procmux$4986_Y
      New ports: A=1'0, B=1'1, Y=$flatten\system.\core.\capture.$procmux$4986_Y [0]
      New connections: $flatten\system.\core.\capture.$procmux$4986_Y [15:1] = { $flatten\system.\core.\capture.$procmux$4986_Y [0] $flatten\system.\core.\capture.$procmux$4986_Y [0] $flatten\system.\core.\capture.$procmux$4986_Y [0] $flatten\system.\core.\capture.$procmux$4986_Y [0] $flatten\system.\core.\capture.$procmux$4986_Y [0] $flatten\system.\core.\capture.$procmux$4986_Y [0] $flatten\system.\core.\capture.$procmux$4986_Y [0] $flatten\system.\core.\capture.$procmux$4986_Y [0] $flatten\system.\core.\capture.$procmux$4986_Y [0] $flatten\system.\core.\capture.$procmux$4986_Y [0] $flatten\system.\core.\capture.$procmux$4986_Y [0] $flatten\system.\core.\capture.$procmux$4986_Y [0] $flatten\system.\core.\capture.$procmux$4986_Y [0] $flatten\system.\core.\capture.$procmux$4986_Y [0] $flatten\system.\core.\capture.$procmux$4986_Y [0] }
    Consolidated identical input bits for $mux cell $flatten\system.\core.\capture.$procmux$5004:
      Old ports: A=16'1111111111111111, B=16'0000000000000000, Y=$flatten\system.\core.\capture.$procmux$5004_Y
      New ports: A=1'1, B=1'0, Y=$flatten\system.\core.\capture.$procmux$5004_Y [0]
      New connections: $flatten\system.\core.\capture.$procmux$5004_Y [15:1] = { $flatten\system.\core.\capture.$procmux$5004_Y [0] $flatten\system.\core.\capture.$procmux$5004_Y [0] $flatten\system.\core.\capture.$procmux$5004_Y [0] $flatten\system.\core.\capture.$procmux$5004_Y [0] $flatten\system.\core.\capture.$procmux$5004_Y [0] $flatten\system.\core.\capture.$procmux$5004_Y [0] $flatten\system.\core.\capture.$procmux$5004_Y [0] $flatten\system.\core.\capture.$procmux$5004_Y [0] $flatten\system.\core.\capture.$procmux$5004_Y [0] $flatten\system.\core.\capture.$procmux$5004_Y [0] $flatten\system.\core.\capture.$procmux$5004_Y [0] $flatten\system.\core.\capture.$procmux$5004_Y [0] $flatten\system.\core.\capture.$procmux$5004_Y [0] $flatten\system.\core.\capture.$procmux$5004_Y [0] $flatten\system.\core.\capture.$procmux$5004_Y [0] }
    New ctrl vector for $pmux cell $flatten\system.\controller.$procmux$4510: $auto$opt_reduce.cc:137:opt_pmux$5354
    New ctrl vector for $pmux cell $flatten\system.\transport.$procmux$3815: { $flatten\system.\transport.$procmux$3587_CMP $auto$opt_reduce.cc:137:opt_pmux$5356 $flatten\system.\transport.$eq$rtl/io/flash_stream.sv:46$905_Y }
    New ctrl vector for $pmux cell $flatten\system.\core.$procmux$3392: { $auto$opt_reduce.cc:137:opt_pmux$5358 $flatten\system.\core.$procmux$3395_CMP }
    New ctrl vector for $pmux cell $flatten\system.\controller.$procmux$4499: $auto$opt_reduce.cc:137:opt_pmux$5360
    New ctrl vector for $pmux cell $flatten\system.\controller.$procmux$4491: { $flatten\system.\controller.$procmux$4523_CMP $auto$opt_reduce.cc:137:opt_pmux$5362 $flatten\system.\controller.$procmux$4502_CMP $flatten\system.\controller.$procmux$4503_CMP }
    New ctrl vector for $pmux cell $flatten\system.\core.$procmux$3370: $flatten\system.\core.$procmux$3375_CMP
    New ctrl vector for $pmux cell $flatten\system.\transport.$procmux$3893: { $auto$opt_reduce.cc:137:opt_pmux$5364 $flatten\system.\transport.$eq$rtl/io/flash_stream.sv:47$910_Y }
    New ctrl vector for $pmux cell $flatten\system.\transport.$procmux$3899: { $auto$opt_reduce.cc:137:opt_pmux$5366 $flatten\system.\transport.$eq$rtl/io/flash_stream.sv:47$910_Y }
    New ctrl vector for $pmux cell $flatten\system.\core.$procmux$2919: { $flatten\system.\core.$procmux$3371_CMP $flatten\system.\core.$procmux$3375_CMP $flatten\system.\core.$procmux$2931_CMP $flatten\system.\core.$procmux$2932_CMP $flatten\system.\core.$procmux$3393_CMP $auto$opt_reduce.cc:137:opt_pmux$5368 $flatten\system.\core.$procmux$2935_CMP $flatten\system.\core.$procmux$2936_CMP $flatten\system.\core.$procmux$2946_CMP $flatten\system.\core.$procmux$2947_CMP $flatten\system.\core.$procmux$2951_CMP $flatten\system.\core.$procmux$2952_CMP $flatten\system.\core.$procmux$2956_CMP $flatten\system.\core.$procmux$2957_CMP $flatten\system.\core.$procmux$2958_CMP $flatten\system.\core.$procmux$2971_CMP $flatten\system.\core.$procmux$3394_CMP $flatten\system.\core.$procmux$2977_CMP $flatten\system.\core.$procmux$3395_CMP $flatten\system.\core.$procmux$2984_CMP $flatten\system.\core.$procmux$2988_CMP $flatten\system.\core.$procmux$3396_CMP $flatten\system.\core.$procmux$2990_CMP $flatten\system.\core.$eq$rtl/core/known_spectral_core.sv:30$1153_Y }
    New ctrl vector for $pmux cell $flatten\system.\core.$procmux$2709: { $flatten\system.\core.$procmux$3375_CMP $flatten\system.\core.$eq$rtl/core/known_spectral_core.sv:30$1153_Y }
    New ctrl vector for $pmux cell $flatten\system.\core.$procmux$2400: { $auto$opt_reduce.cc:137:opt_pmux$5370 $flatten\system.\core.$procmux$2971_CMP }
    New ctrl vector for $pmux cell $flatten\system.\core.$procmux$2359: { $auto$opt_reduce.cc:137:opt_pmux$5372 $flatten\system.\core.$procmux$2971_CMP }
    Consolidated identical input bits for $mux cell $flatten\system.\core.$procmux$2146:
      Old ports: A=16'0000000000000000, B=16'1111111111111111, Y=$flatten\system.\core.$0$memwr$\windowed$rtl/core/known_spectral_core.sv:144$1152_EN[15:0]$1232
      New ports: A=1'0, B=1'1, Y=$flatten\system.\core.$0$memwr$\windowed$rtl/core/known_spectral_core.sv:144$1152_EN[15:0]$1232 [0]
      New connections: $flatten\system.\core.$0$memwr$\windowed$rtl/core/known_spectral_core.sv:144$1152_EN[15:0]$1232 [15:1] = { $flatten\system.\core.$0$memwr$\windowed$rtl/core/known_spectral_core.sv:144$1152_EN[15:0]$1232 [0] $flatten\system.\core.$0$memwr$\windowed$rtl/core/known_spectral_core.sv:144$1152_EN[15:0]$1232 [0] $flatten\system.\core.$0$memwr$\windowed$rtl/core/known_spectral_core.sv:144$1152_EN[15:0]$1232 [0] $flatten\system.\core.$0$memwr$\windowed$rtl/core/known_spectral_core.sv:144$1152_EN[15:0]$1232 [0] $flatten\system.\core.$0$memwr$\windowed$rtl/core/known_spectral_core.sv:144$1152_EN[15:0]$1232 [0] $flatten\system.\core.$0$memwr$\windowed$rtl/core/known_spectral_core.sv:144$1152_EN[15:0]$1232 [0] $flatten\system.\core.$0$memwr$\windowed$rtl/core/known_spectral_core.sv:144$1152_EN[15:0]$1232 [0] $flatten\system.\core.$0$memwr$\windowed$rtl/core/known_spectral_core.sv:144$1152_EN[15:0]$1232 [0] $flatten\system.\core.$0$memwr$\windowed$rtl/core/known_spectral_core.sv:144$1152_EN[15:0]$1232 [0] $flatten\system.\core.$0$memwr$\windowed$rtl/core/known_spectral_core.sv:144$1152_EN[15:0]$1232 [0] $flatten\system.\core.$0$memwr$\windowed$rtl/core/known_spectral_core.sv:144$1152_EN[15:0]$1232 [0] $flatten\system.\core.$0$memwr$\windowed$rtl/core/known_spectral_core.sv:144$1152_EN[15:0]$1232 [0] $flatten\system.\core.$0$memwr$\windowed$rtl/core/known_spectral_core.sv:144$1152_EN[15:0]$1232 [0] $flatten\system.\core.$0$memwr$\windowed$rtl/core/known_spectral_core.sv:144$1152_EN[15:0]$1232 [0] $flatten\system.\core.$0$memwr$\windowed$rtl/core/known_spectral_core.sv:144$1152_EN[15:0]$1232 [0] }
  Optimizing cells in module \upduino_known.
    Consolidated identical input bits for $mux cell $flatten\system.\core.\capture.$procmux$4698:
      Old ports: A=$flatten\system.\core.\capture.$5$memwr$\ids$rtl/core/known_capture.sv:51$978_EN[31:0]$1129, B=0, Y=$flatten\system.\core.\capture.$procmux$4698_Y
      New ports: A=$flatten\system.\core.\capture.$procmux$4596_Y [0], B=1'0, Y=$flatten\system.\core.\capture.$procmux$4698_Y [0]
      New connections: $flatten\system.\core.\capture.$procmux$4698_Y [31:1] = { $flatten\system.\core.\capture.$procmux$4698_Y [0] $flatten\system.\core.\capture.$procmux$4698_Y [0] $flatten\system.\core.\capture.$procmux$4698_Y [0] $flatten\system.\core.\capture.$procmux$4698_Y [0] $flatten\system.\core.\capture.$procmux$4698_Y [0] $flatten\system.\core.\capture.$procmux$4698_Y [0] $flatten\system.\core.\capture.$procmux$4698_Y [0] $flatten\system.\core.\capture.$procmux$4698_Y [0] $flatten\system.\core.\capture.$procmux$4698_Y [0] $flatten\system.\core.\capture.$procmux$4698_Y [0] $flatten\system.\core.\capture.$procmux$4698_Y [0] $flatten\system.\core.\capture.$procmux$4698_Y [0] $flatten\system.\core.\capture.$procmux$4698_Y [0] $flatten\system.\core.\capture.$procmux$4698_Y [0] $flatten\system.\core.\capture.$procmux$4698_Y [0] $flatten\system.\core.\capture.$procmux$4698_Y [0] $flatten\system.\core.\capture.$procmux$4698_Y [0] $flatten\system.\core.\capture.$procmux$4698_Y [0] $flatten\system.\core.\capture.$procmux$4698_Y [0] $flatten\system.\core.\capture.$procmux$4698_Y [0] $flatten\system.\core.\capture.$procmux$4698_Y [0] $flatten\system.\core.\capture.$procmux$4698_Y [0] $flatten\system.\core.\capture.$procmux$4698_Y [0] $flatten\system.\core.\capture.$procmux$4698_Y [0] $flatten\system.\core.\capture.$procmux$4698_Y [0] $flatten\system.\core.\capture.$procmux$4698_Y [0] $flatten\system.\core.\capture.$procmux$4698_Y [0] $flatten\system.\core.\capture.$procmux$4698_Y [0] $flatten\system.\core.\capture.$procmux$4698_Y [0] $flatten\system.\core.\capture.$procmux$4698_Y [0] $flatten\system.\core.\capture.$procmux$4698_Y [0] }
    Consolidated identical input bits for $mux cell $flatten\system.\core.\capture.$procmux$4734:
      Old ports: A=$flatten\system.\core.\capture.$5$memwr$\sums$rtl/core/known_capture.sv:51$977_EN[31:0]$1126, B=0, Y=$flatten\system.\core.\capture.$procmux$4734_Y
      New ports: A=$flatten\system.\core.\capture.$procmux$4641_Y [0], B=1'0, Y=$flatten\system.\core.\capture.$procmux$4734_Y [0]
      New connections: $flatten\system.\core.\capture.$procmux$4734_Y [31:1] = { $flatten\system.\core.\capture.$procmux$4734_Y [0] $flatten\system.\core.\capture.$procmux$4734_Y [0] $flatten\system.\core.\capture.$procmux$4734_Y [0] $flatten\system.\core.\capture.$procmux$4734_Y [0] $flatten\system.\core.\capture.$procmux$4734_Y [0] $flatten\system.\core.\capture.$procmux$4734_Y [0] $flatten\system.\core.\capture.$procmux$4734_Y [0] $flatten\system.\core.\capture.$procmux$4734_Y [0] $flatten\system.\core.\capture.$procmux$4734_Y [0] $flatten\system.\core.\capture.$procmux$4734_Y [0] $flatten\system.\core.\capture.$procmux$4734_Y [0] $flatten\system.\core.\capture.$procmux$4734_Y [0] $flatten\system.\core.\capture.$procmux$4734_Y [0] $flatten\system.\core.\capture.$procmux$4734_Y [0] $flatten\system.\core.\capture.$procmux$4734_Y [0] $flatten\system.\core.\capture.$procmux$4734_Y [0] $flatten\system.\core.\capture.$procmux$4734_Y [0] $flatten\system.\core.\capture.$procmux$4734_Y [0] $flatten\system.\core.\capture.$procmux$4734_Y [0] $flatten\system.\core.\capture.$procmux$4734_Y [0] $flatten\system.\core.\capture.$procmux$4734_Y [0] $flatten\system.\core.\capture.$procmux$4734_Y [0] $flatten\system.\core.\capture.$procmux$4734_Y [0] $flatten\system.\core.\capture.$procmux$4734_Y [0] $flatten\system.\core.\capture.$procmux$4734_Y [0] $flatten\system.\core.\capture.$procmux$4734_Y [0] $flatten\system.\core.\capture.$procmux$4734_Y [0] $flatten\system.\core.\capture.$procmux$4734_Y [0] $flatten\system.\core.\capture.$procmux$4734_Y [0] $flatten\system.\core.\capture.$procmux$4734_Y [0] $flatten\system.\core.\capture.$procmux$4734_Y [0] }
    Consolidated identical input bits for $mux cell $flatten\system.\core.\capture.$procmux$5021:
      Old ports: A=16'0000000000000000, B=$flatten\system.\core.\capture.$2$memwr$\raw0$rtl/core/known_capture.sv:34$972_EN[15:0]$1047, Y=$flatten\system.\core.\capture.$0$memwr$\raw0$rtl/core/known_capture.sv:34$972_EN[15:0]$1014
      New ports: A=1'0, B=$flatten\system.\core.\capture.$procmux$5004_Y [0], Y=$flatten\system.\core.\capture.$0$memwr$\raw0$rtl/core/known_capture.sv:34$972_EN[15:0]$1014 [0]
      New connections: $flatten\system.\core.\capture.$0$memwr$\raw0$rtl/core/known_capture.sv:34$972_EN[15:0]$1014 [15:1] = { $flatten\system.\core.\capture.$0$memwr$\raw0$rtl/core/known_capture.sv:34$972_EN[15:0]$1014 [0] $flatten\system.\core.\capture.$0$memwr$\raw0$rtl/core/known_capture.sv:34$972_EN[15:0]$1014 [0] $flatten\system.\core.\capture.$0$memwr$\raw0$rtl/core/known_capture.sv:34$972_EN[15:0]$1014 [0] $flatten\system.\core.\capture.$0$memwr$\raw0$rtl/core/known_capture.sv:34$972_EN[15:0]$1014 [0] $flatten\system.\core.\capture.$0$memwr$\raw0$rtl/core/known_capture.sv:34$972_EN[15:0]$1014 [0] $flatten\system.\core.\capture.$0$memwr$\raw0$rtl/core/known_capture.sv:34$972_EN[15:0]$1014 [0] $flatten\system.\core.\capture.$0$memwr$\raw0$rtl/core/known_capture.sv:34$972_EN[15:0]$1014 [0] $flatten\system.\core.\capture.$0$memwr$\raw0$rtl/core/known_capture.sv:34$972_EN[15:0]$1014 [0] $flatten\system.\core.\capture.$0$memwr$\raw0$rtl/core/known_capture.sv:34$972_EN[15:0]$1014 [0] $flatten\system.\core.\capture.$0$memwr$\raw0$rtl/core/known_capture.sv:34$972_EN[15:0]$1014 [0] $flatten\system.\core.\capture.$0$memwr$\raw0$rtl/core/known_capture.sv:34$972_EN[15:0]$1014 [0] $flatten\system.\core.\capture.$0$memwr$\raw0$rtl/core/known_capture.sv:34$972_EN[15:0]$1014 [0] $flatten\system.\core.\capture.$0$memwr$\raw0$rtl/core/known_capture.sv:34$972_EN[15:0]$1014 [0] $flatten\system.\core.\capture.$0$memwr$\raw0$rtl/core/known_capture.sv:34$972_EN[15:0]$1014 [0] $flatten\system.\core.\capture.$0$memwr$\raw0$rtl/core/known_capture.sv:34$972_EN[15:0]$1014 [0] }
    Consolidated identical input bits for $mux cell $flatten\system.\core.\capture.$procmux$5030:
      Old ports: A=16'0000000000000000, B=$flatten\system.\core.\capture.$2$memwr$\raw1$rtl/core/known_capture.sv:34$971_EN[15:0]$1044, Y=$flatten\system.\core.\capture.$0$memwr$\raw1$rtl/core/known_capture.sv:34$971_EN[15:0]$1011
      New ports: A=1'0, B=$flatten\system.\core.\capture.$procmux$4986_Y [0], Y=$flatten\system.\core.\capture.$0$memwr$\raw1$rtl/core/known_capture.sv:34$971_EN[15:0]$1011 [0]
      New connections: $flatten\system.\core.\capture.$0$memwr$\raw1$rtl/core/known_capture.sv:34$971_EN[15:0]$1011 [15:1] = { $flatten\system.\core.\capture.$0$memwr$\raw1$rtl/core/known_capture.sv:34$971_EN[15:0]$1011 [0] $flatten\system.\core.\capture.$0$memwr$\raw1$rtl/core/known_capture.sv:34$971_EN[15:0]$1011 [0] $flatten\system.\core.\capture.$0$memwr$\raw1$rtl/core/known_capture.sv:34$971_EN[15:0]$1011 [0] $flatten\system.\core.\capture.$0$memwr$\raw1$rtl/core/known_capture.sv:34$971_EN[15:0]$1011 [0] $flatten\system.\core.\capture.$0$memwr$\raw1$rtl/core/known_capture.sv:34$971_EN[15:0]$1011 [0] $flatten\system.\core.\capture.$0$memwr$\raw1$rtl/core/known_capture.sv:34$971_EN[15:0]$1011 [0] $flatten\system.\core.\capture.$0$memwr$\raw1$rtl/core/known_capture.sv:34$971_EN[15:0]$1011 [0] $flatten\system.\core.\capture.$0$memwr$\raw1$rtl/core/known_capture.sv:34$971_EN[15:0]$1011 [0] $flatten\system.\core.\capture.$0$memwr$\raw1$rtl/core/known_capture.sv:34$971_EN[15:0]$1011 [0] $flatten\system.\core.\capture.$0$memwr$\raw1$rtl/core/known_capture.sv:34$971_EN[15:0]$1011 [0] $flatten\system.\core.\capture.$0$memwr$\raw1$rtl/core/known_capture.sv:34$971_EN[15:0]$1011 [0] $flatten\system.\core.\capture.$0$memwr$\raw1$rtl/core/known_capture.sv:34$971_EN[15:0]$1011 [0] $flatten\system.\core.\capture.$0$memwr$\raw1$rtl/core/known_capture.sv:34$971_EN[15:0]$1011 [0] $flatten\system.\core.\capture.$0$memwr$\raw1$rtl/core/known_capture.sv:34$971_EN[15:0]$1011 [0] $flatten\system.\core.\capture.$0$memwr$\raw1$rtl/core/known_capture.sv:34$971_EN[15:0]$1011 [0] }
  Optimizing cells in module \upduino_known.
    Consolidated identical input bits for $mux cell $flatten\system.\core.\capture.$procmux$4791:
      Old ports: A=$flatten\system.\core.\capture.$4$memwr$\ids$rtl/core/known_capture.sv:51$978_EN[31:0]$1117, B=0, Y=$flatten\system.\core.\capture.$procmux$4791_Y
      New ports: A=$flatten\system.\core.\capture.$procmux$4698_Y [0], B=1'0, Y=$flatten\system.\core.\capture.$procmux$4791_Y [0]
      New connections: $flatten\system.\core.\capture.$procmux$4791_Y [31:1] = { $flatten\system.\core.\capture.$procmux$4791_Y [0] $flatten\system.\core.\capture.$procmux$4791_Y [0] $flatten\system.\core.\capture.$procmux$4791_Y [0] $flatten\system.\core.\capture.$procmux$4791_Y [0] $flatten\system.\core.\capture.$procmux$4791_Y [0] $flatten\system.\core.\capture.$procmux$4791_Y [0] $flatten\system.\core.\capture.$procmux$4791_Y [0] $flatten\system.\core.\capture.$procmux$4791_Y [0] $flatten\system.\core.\capture.$procmux$4791_Y [0] $flatten\system.\core.\capture.$procmux$4791_Y [0] $flatten\system.\core.\capture.$procmux$4791_Y [0] $flatten\system.\core.\capture.$procmux$4791_Y [0] $flatten\system.\core.\capture.$procmux$4791_Y [0] $flatten\system.\core.\capture.$procmux$4791_Y [0] $flatten\system.\core.\capture.$procmux$4791_Y [0] $flatten\system.\core.\capture.$procmux$4791_Y [0] $flatten\system.\core.\capture.$procmux$4791_Y [0] $flatten\system.\core.\capture.$procmux$4791_Y [0] $flatten\system.\core.\capture.$procmux$4791_Y [0] $flatten\system.\core.\capture.$procmux$4791_Y [0] $flatten\system.\core.\capture.$procmux$4791_Y [0] $flatten\system.\core.\capture.$procmux$4791_Y [0] $flatten\system.\core.\capture.$procmux$4791_Y [0] $flatten\system.\core.\capture.$procmux$4791_Y [0] $flatten\system.\core.\capture.$procmux$4791_Y [0] $flatten\system.\core.\capture.$procmux$4791_Y [0] $flatten\system.\core.\capture.$procmux$4791_Y [0] $flatten\system.\core.\capture.$procmux$4791_Y [0] $flatten\system.\core.\capture.$procmux$4791_Y [0] $flatten\system.\core.\capture.$procmux$4791_Y [0] $flatten\system.\core.\capture.$procmux$4791_Y [0] }
    Consolidated identical input bits for $mux cell $flatten\system.\core.\capture.$procmux$4818:
      Old ports: A=$flatten\system.\core.\capture.$4$memwr$\sums$rtl/core/known_capture.sv:51$977_EN[31:0]$1114, B=0, Y=$flatten\system.\core.\capture.$procmux$4818_Y
      New ports: A=$flatten\system.\core.\capture.$procmux$4734_Y [0], B=1'0, Y=$flatten\system.\core.\capture.$procmux$4818_Y [0]
      New connections: $flatten\system.\core.\capture.$procmux$4818_Y [31:1] = { $flatten\system.\core.\capture.$procmux$4818_Y [0] $flatten\system.\core.\capture.$procmux$4818_Y [0] $flatten\system.\core.\capture.$procmux$4818_Y [0] $flatten\system.\core.\capture.$procmux$4818_Y [0] $flatten\system.\core.\capture.$procmux$4818_Y [0] $flatten\system.\core.\capture.$procmux$4818_Y [0] $flatten\system.\core.\capture.$procmux$4818_Y [0] $flatten\system.\core.\capture.$procmux$4818_Y [0] $flatten\system.\core.\capture.$procmux$4818_Y [0] $flatten\system.\core.\capture.$procmux$4818_Y [0] $flatten\system.\core.\capture.$procmux$4818_Y [0] $flatten\system.\core.\capture.$procmux$4818_Y [0] $flatten\system.\core.\capture.$procmux$4818_Y [0] $flatten\system.\core.\capture.$procmux$4818_Y [0] $flatten\system.\core.\capture.$procmux$4818_Y [0] $flatten\system.\core.\capture.$procmux$4818_Y [0] $flatten\system.\core.\capture.$procmux$4818_Y [0] $flatten\system.\core.\capture.$procmux$4818_Y [0] $flatten\system.\core.\capture.$procmux$4818_Y [0] $flatten\system.\core.\capture.$procmux$4818_Y [0] $flatten\system.\core.\capture.$procmux$4818_Y [0] $flatten\system.\core.\capture.$procmux$4818_Y [0] $flatten\system.\core.\capture.$procmux$4818_Y [0] $flatten\system.\core.\capture.$procmux$4818_Y [0] $flatten\system.\core.\capture.$procmux$4818_Y [0] $flatten\system.\core.\capture.$procmux$4818_Y [0] $flatten\system.\core.\capture.$procmux$4818_Y [0] $flatten\system.\core.\capture.$procmux$4818_Y [0] $flatten\system.\core.\capture.$procmux$4818_Y [0] $flatten\system.\core.\capture.$procmux$4818_Y [0] $flatten\system.\core.\capture.$procmux$4818_Y [0] }
  Optimizing cells in module \upduino_known.
    Consolidated identical input bits for $mux cell $flatten\system.\core.\capture.$procmux$4859:
      Old ports: A=0, B=$flatten\system.\core.\capture.$3$memwr$\ids$rtl/core/known_capture.sv:51$978_EN[31:0]$1109, Y=$flatten\system.\core.\capture.$procmux$4859_Y
      New ports: A=1'0, B=$flatten\system.\core.\capture.$procmux$4791_Y [0], Y=$flatten\system.\core.\capture.$procmux$4859_Y [0]
      New connections: $flatten\system.\core.\capture.$procmux$4859_Y [31:1] = { $flatten\system.\core.\capture.$procmux$4859_Y [0] $flatten\system.\core.\capture.$procmux$4859_Y [0] $flatten\system.\core.\capture.$procmux$4859_Y [0] $flatten\system.\core.\capture.$procmux$4859_Y [0] $flatten\system.\core.\capture.$procmux$4859_Y [0] $flatten\system.\core.\capture.$procmux$4859_Y [0] $flatten\system.\core.\capture.$procmux$4859_Y [0] $flatten\system.\core.\capture.$procmux$4859_Y [0] $flatten\system.\core.\capture.$procmux$4859_Y [0] $flatten\system.\core.\capture.$procmux$4859_Y [0] $flatten\system.\core.\capture.$procmux$4859_Y [0] $flatten\system.\core.\capture.$procmux$4859_Y [0] $flatten\system.\core.\capture.$procmux$4859_Y [0] $flatten\system.\core.\capture.$procmux$4859_Y [0] $flatten\system.\core.\capture.$procmux$4859_Y [0] $flatten\system.\core.\capture.$procmux$4859_Y [0] $flatten\system.\core.\capture.$procmux$4859_Y [0] $flatten\system.\core.\capture.$procmux$4859_Y [0] $flatten\system.\core.\capture.$procmux$4859_Y [0] $flatten\system.\core.\capture.$procmux$4859_Y [0] $flatten\system.\core.\capture.$procmux$4859_Y [0] $flatten\system.\core.\capture.$procmux$4859_Y [0] $flatten\system.\core.\capture.$procmux$4859_Y [0] $flatten\system.\core.\capture.$procmux$4859_Y [0] $flatten\system.\core.\capture.$procmux$4859_Y [0] $flatten\system.\core.\capture.$procmux$4859_Y [0] $flatten\system.\core.\capture.$procmux$4859_Y [0] $flatten\system.\core.\capture.$procmux$4859_Y [0] $flatten\system.\core.\capture.$procmux$4859_Y [0] $flatten\system.\core.\capture.$procmux$4859_Y [0] $flatten\system.\core.\capture.$procmux$4859_Y [0] }
    Consolidated identical input bits for $mux cell $flatten\system.\core.\capture.$procmux$4877:
      Old ports: A=0, B=$flatten\system.\core.\capture.$3$memwr$\sums$rtl/core/known_capture.sv:51$977_EN[31:0]$1106, Y=$flatten\system.\core.\capture.$procmux$4877_Y
      New ports: A=1'0, B=$flatten\system.\core.\capture.$procmux$4818_Y [0], Y=$flatten\system.\core.\capture.$procmux$4877_Y [0]
      New connections: $flatten\system.\core.\capture.$procmux$4877_Y [31:1] = { $flatten\system.\core.\capture.$procmux$4877_Y [0] $flatten\system.\core.\capture.$procmux$4877_Y [0] $flatten\system.\core.\capture.$procmux$4877_Y [0] $flatten\system.\core.\capture.$procmux$4877_Y [0] $flatten\system.\core.\capture.$procmux$4877_Y [0] $flatten\system.\core.\capture.$procmux$4877_Y [0] $flatten\system.\core.\capture.$procmux$4877_Y [0] $flatten\system.\core.\capture.$procmux$4877_Y [0] $flatten\system.\core.\capture.$procmux$4877_Y [0] $flatten\system.\core.\capture.$procmux$4877_Y [0] $flatten\system.\core.\capture.$procmux$4877_Y [0] $flatten\system.\core.\capture.$procmux$4877_Y [0] $flatten\system.\core.\capture.$procmux$4877_Y [0] $flatten\system.\core.\capture.$procmux$4877_Y [0] $flatten\system.\core.\capture.$procmux$4877_Y [0] $flatten\system.\core.\capture.$procmux$4877_Y [0] $flatten\system.\core.\capture.$procmux$4877_Y [0] $flatten\system.\core.\capture.$procmux$4877_Y [0] $flatten\system.\core.\capture.$procmux$4877_Y [0] $flatten\system.\core.\capture.$procmux$4877_Y [0] $flatten\system.\core.\capture.$procmux$4877_Y [0] $flatten\system.\core.\capture.$procmux$4877_Y [0] $flatten\system.\core.\capture.$procmux$4877_Y [0] $flatten\system.\core.\capture.$procmux$4877_Y [0] $flatten\system.\core.\capture.$procmux$4877_Y [0] $flatten\system.\core.\capture.$procmux$4877_Y [0] $flatten\system.\core.\capture.$procmux$4877_Y [0] $flatten\system.\core.\capture.$procmux$4877_Y [0] $flatten\system.\core.\capture.$procmux$4877_Y [0] $flatten\system.\core.\capture.$procmux$4877_Y [0] $flatten\system.\core.\capture.$procmux$4877_Y [0] }
  Optimizing cells in module \upduino_known.
    Consolidated identical input bits for $mux cell $flatten\system.\core.\capture.$procmux$4955:
      Old ports: A=$flatten\system.\core.\capture.$2$memwr$\ids$rtl/core/known_capture.sv:51$978_EN[31:0]$1100, B=0, Y=$flatten\system.\core.\capture.$0$memwr$\ids$rtl/core/known_capture.sv:51$978_EN[31:0]$1024
      New ports: A=$flatten\system.\core.\capture.$procmux$4859_Y [0], B=1'0, Y=$flatten\system.\core.\capture.$0$memwr$\ids$rtl/core/known_capture.sv:51$978_EN[31:0]$1024 [0]
      New connections: $flatten\system.\core.\capture.$0$memwr$\ids$rtl/core/known_capture.sv:51$978_EN[31:0]$1024 [31:1] = { $flatten\system.\core.\capture.$0$memwr$\ids$rtl/core/known_capture.sv:51$978_EN[31:0]$1024 [0] $flatten\system.\core.\capture.$0$memwr$\ids$rtl/core/known_capture.sv:51$978_EN[31:0]$1024 [0] $flatten\system.\core.\capture.$0$memwr$\ids$rtl/core/known_capture.sv:51$978_EN[31:0]$1024 [0] $flatten\system.\core.\capture.$0$memwr$\ids$rtl/core/known_capture.sv:51$978_EN[31:0]$1024 [0] $flatten\system.\core.\capture.$0$memwr$\ids$rtl/core/known_capture.sv:51$978_EN[31:0]$1024 [0] $flatten\system.\core.\capture.$0$memwr$\ids$rtl/core/known_capture.sv:51$978_EN[31:0]$1024 [0] $flatten\system.\core.\capture.$0$memwr$\ids$rtl/core/known_capture.sv:51$978_EN[31:0]$1024 [0] $flatten\system.\core.\capture.$0$memwr$\ids$rtl/core/known_capture.sv:51$978_EN[31:0]$1024 [0] $flatten\system.\core.\capture.$0$memwr$\ids$rtl/core/known_capture.sv:51$978_EN[31:0]$1024 [0] $flatten\system.\core.\capture.$0$memwr$\ids$rtl/core/known_capture.sv:51$978_EN[31:0]$1024 [0] $flatten\system.\core.\capture.$0$memwr$\ids$rtl/core/known_capture.sv:51$978_EN[31:0]$1024 [0] $flatten\system.\core.\capture.$0$memwr$\ids$rtl/core/known_capture.sv:51$978_EN[31:0]$1024 [0] $flatten\system.\core.\capture.$0$memwr$\ids$rtl/core/known_capture.sv:51$978_EN[31:0]$1024 [0] $flatten\system.\core.\capture.$0$memwr$\ids$rtl/core/known_capture.sv:51$978_EN[31:0]$1024 [0] $flatten\system.\core.\capture.$0$memwr$\ids$rtl/core/known_capture.sv:51$978_EN[31:0]$1024 [0] $flatten\system.\core.\capture.$0$memwr$\ids$rtl/core/known_capture.sv:51$978_EN[31:0]$1024 [0] $flatten\system.\core.\capture.$0$memwr$\ids$rtl/core/known_capture.sv:51$978_EN[31:0]$1024 [0] $flatten\system.\core.\capture.$0$memwr$\ids$rtl/core/known_capture.sv:51$978_EN[31:0]$1024 [0] $flatten\system.\core.\capture.$0$memwr$\ids$rtl/core/known_capture.sv:51$978_EN[31:0]$1024 [0] $flatten\system.\core.\capture.$0$memwr$\ids$rtl/core/known_capture.sv:51$978_EN[31:0]$1024 [0] $flatten\system.\core.\capture.$0$memwr$\ids$rtl/core/known_capture.sv:51$978_EN[31:0]$1024 [0] $flatten\system.\core.\capture.$0$memwr$\ids$rtl/core/known_capture.sv:51$978_EN[31:0]$1024 [0] $flatten\system.\core.\capture.$0$memwr$\ids$rtl/core/known_capture.sv:51$978_EN[31:0]$1024 [0] $flatten\system.\core.\capture.$0$memwr$\ids$rtl/core/known_capture.sv:51$978_EN[31:0]$1024 [0] $flatten\system.\core.\capture.$0$memwr$\ids$rtl/core/known_capture.sv:51$978_EN[31:0]$1024 [0] $flatten\system.\core.\capture.$0$memwr$\ids$rtl/core/known_capture.sv:51$978_EN[31:0]$1024 [0] $flatten\system.\core.\capture.$0$memwr$\ids$rtl/core/known_capture.sv:51$978_EN[31:0]$1024 [0] $flatten\system.\core.\capture.$0$memwr$\ids$rtl/core/known_capture.sv:51$978_EN[31:0]$1024 [0] $flatten\system.\core.\capture.$0$memwr$\ids$rtl/core/known_capture.sv:51$978_EN[31:0]$1024 [0] $flatten\system.\core.\capture.$0$memwr$\ids$rtl/core/known_capture.sv:51$978_EN[31:0]$1024 [0] $flatten\system.\core.\capture.$0$memwr$\ids$rtl/core/known_capture.sv:51$978_EN[31:0]$1024 [0] }
    Consolidated identical input bits for $mux cell $flatten\system.\core.\capture.$procmux$4964:
      Old ports: A=$flatten\system.\core.\capture.$2$memwr$\sums$rtl/core/known_capture.sv:51$977_EN[31:0]$1097, B=0, Y=$flatten\system.\core.\capture.$0$memwr$\sums$rtl/core/known_capture.sv:51$977_EN[31:0]$1021
      New ports: A=$flatten\system.\core.\capture.$procmux$4877_Y [0], B=1'0, Y=$flatten\system.\core.\capture.$0$memwr$\sums$rtl/core/known_capture.sv:51$977_EN[31:0]$1021 [0]
      New connections: $flatten\system.\core.\capture.$0$memwr$\sums$rtl/core/known_capture.sv:51$977_EN[31:0]$1021 [31:1] = { $flatten\system.\core.\capture.$0$memwr$\sums$rtl/core/known_capture.sv:51$977_EN[31:0]$1021 [0] $flatten\system.\core.\capture.$0$memwr$\sums$rtl/core/known_capture.sv:51$977_EN[31:0]$1021 [0] $flatten\system.\core.\capture.$0$memwr$\sums$rtl/core/known_capture.sv:51$977_EN[31:0]$1021 [0] $flatten\system.\core.\capture.$0$memwr$\sums$rtl/core/known_capture.sv:51$977_EN[31:0]$1021 [0] $flatten\system.\core.\capture.$0$memwr$\sums$rtl/core/known_capture.sv:51$977_EN[31:0]$1021 [0] $flatten\system.\core.\capture.$0$memwr$\sums$rtl/core/known_capture.sv:51$977_EN[31:0]$1021 [0] $flatten\system.\core.\capture.$0$memwr$\sums$rtl/core/known_capture.sv:51$977_EN[31:0]$1021 [0] $flatten\system.\core.\capture.$0$memwr$\sums$rtl/core/known_capture.sv:51$977_EN[31:0]$1021 [0] $flatten\system.\core.\capture.$0$memwr$\sums$rtl/core/known_capture.sv:51$977_EN[31:0]$1021 [0] $flatten\system.\core.\capture.$0$memwr$\sums$rtl/core/known_capture.sv:51$977_EN[31:0]$1021 [0] $flatten\system.\core.\capture.$0$memwr$\sums$rtl/core/known_capture.sv:51$977_EN[31:0]$1021 [0] $flatten\system.\core.\capture.$0$memwr$\sums$rtl/core/known_capture.sv:51$977_EN[31:0]$1021 [0] $flatten\system.\core.\capture.$0$memwr$\sums$rtl/core/known_capture.sv:51$977_EN[31:0]$1021 [0] $flatten\system.\core.\capture.$0$memwr$\sums$rtl/core/known_capture.sv:51$977_EN[31:0]$1021 [0] $flatten\system.\core.\capture.$0$memwr$\sums$rtl/core/known_capture.sv:51$977_EN[31:0]$1021 [0] $flatten\system.\core.\capture.$0$memwr$\sums$rtl/core/known_capture.sv:51$977_EN[31:0]$1021 [0] $flatten\system.\core.\capture.$0$memwr$\sums$rtl/core/known_capture.sv:51$977_EN[31:0]$1021 [0] $flatten\system.\core.\capture.$0$memwr$\sums$rtl/core/known_capture.sv:51$977_EN[31:0]$1021 [0] $flatten\system.\core.\capture.$0$memwr$\sums$rtl/core/known_capture.sv:51$977_EN[31:0]$1021 [0] $flatten\system.\core.\capture.$0$memwr$\sums$rtl/core/known_capture.sv:51$977_EN[31:0]$1021 [0] $flatten\system.\core.\capture.$0$memwr$\sums$rtl/core/known_capture.sv:51$977_EN[31:0]$1021 [0] $flatten\system.\core.\capture.$0$memwr$\sums$rtl/core/known_capture.sv:51$977_EN[31:0]$1021 [0] $flatten\system.\core.\capture.$0$memwr$\sums$rtl/core/known_capture.sv:51$977_EN[31:0]$1021 [0] $flatten\system.\core.\capture.$0$memwr$\sums$rtl/core/known_capture.sv:51$977_EN[31:0]$1021 [0] $flatten\system.\core.\capture.$0$memwr$\sums$rtl/core/known_capture.sv:51$977_EN[31:0]$1021 [0] $flatten\system.\core.\capture.$0$memwr$\sums$rtl/core/known_capture.sv:51$977_EN[31:0]$1021 [0] $flatten\system.\core.\capture.$0$memwr$\sums$rtl/core/known_capture.sv:51$977_EN[31:0]$1021 [0] $flatten\system.\core.\capture.$0$memwr$\sums$rtl/core/known_capture.sv:51$977_EN[31:0]$1021 [0] $flatten\system.\core.\capture.$0$memwr$\sums$rtl/core/known_capture.sv:51$977_EN[31:0]$1021 [0] $flatten\system.\core.\capture.$0$memwr$\sums$rtl/core/known_capture.sv:51$977_EN[31:0]$1021 [0] $flatten\system.\core.\capture.$0$memwr$\sums$rtl/core/known_capture.sv:51$977_EN[31:0]$1021 [0] }
  Optimizing cells in module \upduino_known.
Performed a total of 34 changes.

10.12.5. Executing OPT_MERGE pass (detect identical cells).
Finding identical cells in module `\upduino_known'.
Computing hashes of 1264 cells of `\upduino_known'.
Finding duplicate cells in `\upduino_known'.
Computing hashes of 1249 cells of `\upduino_known'.
Finding duplicate cells in `\upduino_known'.
Computing hashes of 1244 cells of `\upduino_known'.
Finding duplicate cells in `\upduino_known'.
Computing hashes of 1242 cells of `\upduino_known'.
Finding duplicate cells in `\upduino_known'.
Computing hashes of 1240 cells of `\upduino_known'.
Finding duplicate cells in `\upduino_known'.
Computing hashes of 1238 cells of `\upduino_known'.
Finding duplicate cells in `\upduino_known'.
<suppressed ~78 debug messages>
Removed a total of 26 cells.

10.12.6. Executing OPT_DFF pass (perform DFF optimizations).

10.12.7. Executing OPT_CLEAN pass (remove unused cells and wires).
Finding unused cells or wires in module \upduino_known..
Removed 0 unused cells and 409 unused wires.
<suppressed ~1 debug messages>

10.12.8. Executing OPT_EXPR pass (perform const folding).
Optimizing module upduino_known.

10.12.9. Rerunning OPT passes. (Maybe there is more to do..)

10.12.10. Executing OPT_MUXTREE pass (detect dead branches in mux trees).
Running muxtree optimizer on module \upduino_known..
  Creating internal representation of mux trees.
  Evaluating internal representation of mux trees.
  Analyzing evaluation results.
Removed 0 multiplexer ports.
<suppressed ~933 debug messages>

10.12.11. Executing OPT_REDUCE pass (consolidate $*mux and $reduce_* inputs).
  Optimizing cells in module \upduino_known.
    New ctrl vector for $pmux cell $flatten\system.\controller.$procmux$4047: { $auto$opt_reduce.cc:137:opt_pmux$5374 $flatten\system.\controller.$procmux$4070_CMP }
    New ctrl vector for $pmux cell $flatten\system.\core.$procmux$2274: { $auto$opt_reduce.cc:137:opt_pmux$5376 $flatten\system.\core.$procmux$1500_CMP $flatten\system.\core.$eq$rtl/core/known_spectral_core.sv:166$1275_Y }
    New ctrl vector for $pmux cell $flatten\system.\controller.$procmux$4225: { $auto$opt_reduce.cc:137:opt_pmux$5380 $auto$opt_reduce.cc:137:opt_pmux$5378 $flatten\system.\controller.$procmux$3998_CMP $flatten\system.\controller.$procmux$4070_CMP }
  Optimizing cells in module \upduino_known.
Performed a total of 3 changes.

10.12.12. Executing OPT_MERGE pass (detect identical cells).
Finding identical cells in module `\upduino_known'.
Computing hashes of 1242 cells of `\upduino_known'.
Finding duplicate cells in `\upduino_known'.
Computing hashes of 1240 cells of `\upduino_known'.
Finding duplicate cells in `\upduino_known'.
<suppressed ~6 debug messages>
Removed a total of 2 cells.

10.12.13. Executing OPT_DFF pass (perform DFF optimizations).

10.12.14. Executing OPT_CLEAN pass (remove unused cells and wires).
Finding unused cells or wires in module \upduino_known..
Removed 0 unused cells and 2 unused wires.
<suppressed ~1 debug messages>

10.12.15. Executing OPT_EXPR pass (perform const folding).
Optimizing module upduino_known.

10.12.16. Rerunning OPT passes. (Maybe there is more to do..)

10.12.17. Executing OPT_MUXTREE pass (detect dead branches in mux trees).
Running muxtree optimizer on module \upduino_known..
  Creating internal representation of mux trees.
  Evaluating internal representation of mux trees.
  Analyzing evaluation results.
Removed 0 multiplexer ports.
<suppressed ~915 debug messages>

10.12.18. Executing OPT_REDUCE pass (consolidate $*mux and $reduce_* inputs).
  Optimizing cells in module \upduino_known.
Performed a total of 0 changes.

10.12.19. Executing OPT_MERGE pass (detect identical cells).
Finding identical cells in module `\upduino_known'.
Computing hashes of 1240 cells of `\upduino_known'.
Finding duplicate cells in `\upduino_known'.
Removed a total of 0 cells.

10.12.20. Executing OPT_DFF pass (perform DFF optimizations).

10.12.21. Executing OPT_CLEAN pass (remove unused cells and wires).
Finding unused cells or wires in module \upduino_known..

10.12.22. Executing OPT_EXPR pass (perform const folding).
Optimizing module upduino_known.

10.12.23. Finished fast OPT passes. (There is nothing left to do.)

10.13. Executing FSM pass (extract and optimize FSM).

10.13.1. Executing FSM_DETECT pass (finding FSMs in design).
Found FSM state register upduino_known.system.transport.state.
Found FSM state register upduino_known.system.controller.state.
Found FSM state register upduino_known.system.core.purpose.
Not marking upduino_known.system.core.state as FSM state register:
    Users of register don't seem to benefit from recoding.

10.13.2. Executing FSM_EXTRACT pass (extracting FSM from design).
Extracting FSM `\system.transport.state' from module `\upduino_known'.
  found $dff cell for state register: $flatten\system.\transport.$procdff$5240
  root of input selection tree: $flatten\system.\transport.$0\state[3:0]
  found reset state: 4'1100 (guessed from mux tree)
  found ctrl input: \system.controller.rst
  found ctrl input: $flatten\system.\transport.$procmux$3587_CMP
  found ctrl input: $flatten\system.\transport.$procmux$3747_CMP
  found ctrl input: $flatten\system.\transport.$procmux$3750_CMP
  found ctrl input: $flatten\system.\transport.$procmux$3753_CMP
  found ctrl input: $flatten\system.\transport.$procmux$3593_CMP
  found ctrl input: $flatten\system.\transport.$procmux$3656_CMP
  found ctrl input: $flatten\system.\transport.$eq$rtl/io/flash_stream.sv:47$910_Y
  found ctrl input: $flatten\system.\transport.$procmux$3637_CMP
  found ctrl input: $flatten\system.\transport.$procmux$3780_CMP
  found ctrl input: $flatten\system.\transport.$procmux$3783_CMP
  found ctrl input: $flatten\system.\transport.$procmux$3786_CMP
  found ctrl input: $flatten\system.\transport.$eq$rtl/io/flash_stream.sv:46$905_Y
  found ctrl input: $flatten\system.\transport.$procmux$3705_CMP
  found ctrl input: $flatten\system.\transport.$procmux$3708_CMP
  found ctrl input: $flatten\system.\transport.$procmux$3802_CMP
  found state code: 4'0000
  found ctrl input: \system.transport.spi.rx_valid
  found ctrl input: \system.transport.spi.rx_data [0]
  found ctrl input: $flatten\system.\transport.$eq$rtl/io/flash_stream.sv:116$951_Y
  found state code: 4'1000
  found ctrl input: $flatten\system.\transport.$logic_and$rtl/io/flash_stream.sv:101$943_Y
  found state code: 4'1011
  found state code: 4'1010
  found state code: 4'1001
  found ctrl input: $flatten\system.\controller.$logic_and$rtl/io/known_replay_controller.sv:136$794_Y
  found ctrl input: $flatten\system.\transport.$eq$rtl/io/flash_stream.sv:109$947_Y
  found state code: 4'0101
  found ctrl input: \system.transport.writing
  found state code: 4'0111
  found ctrl input: $flatten\system.\transport.$eq$rtl/io/flash_stream.sv:105$945_Y
  found state code: 4'0110
  found ctrl input: $flatten\system.\transport.$eq$rtl/io/flash_stream.sv:98$941_Y
  found state code: 4'0011
  found state code: 4'0100
  found state code: 4'0010
  found ctrl input: $flatten\system.\controller.$logic_and$rtl/io/known_replay_controller.sv:134$793_Y
  found ctrl input: $flatten\system.\transport.$logic_or$rtl/io/flash_stream.sv:85$937_Y
  found ctrl input: \system.transport.cmd_write
  found state code: 4'0001
  found ctrl input: $flatten\system.\transport.$eq$rtl/io/flash_stream.sv:80$923_Y
  found state code: 4'1110
  found state code: 4'1101
  found state code: 4'1100
  found ctrl output: $flatten\system.\transport.$eq$rtl/io/flash_stream.sv:46$905_Y
  found ctrl output: $flatten\system.\transport.$eq$rtl/io/flash_stream.sv:47$910_Y
  found ctrl output: $flatten\system.\transport.$procmux$3587_CMP
  found ctrl output: $flatten\system.\transport.$procmux$3593_CMP
  found ctrl output: $flatten\system.\transport.$procmux$3637_CMP
  found ctrl output: $flatten\system.\transport.$procmux$3656_CMP
  found ctrl output: $flatten\system.\transport.$procmux$3705_CMP
  found ctrl output: $flatten\system.\transport.$procmux$3708_CMP
  found ctrl output: $flatten\system.\transport.$procmux$3747_CMP
  found ctrl output: $flatten\system.\transport.$procmux$3750_CMP
  found ctrl output: $flatten\system.\transport.$procmux$3753_CMP
  found ctrl output: $flatten\system.\transport.$procmux$3780_CMP
  found ctrl output: $flatten\system.\transport.$procmux$3783_CMP
  found ctrl output: $flatten\system.\transport.$procmux$3786_CMP
  found ctrl output: $flatten\system.\transport.$procmux$3802_CMP
  ctrl inputs: { \system.transport.spi.rx_valid \system.transport.spi.rx_data [0] $flatten\system.\transport.$eq$rtl/io/flash_stream.sv:116$951_Y $flatten\system.\transport.$eq$rtl/io/flash_stream.sv:109$947_Y $flatten\system.\transport.$eq$rtl/io/flash_stream.sv:105$945_Y $flatten\system.\transport.$logic_and$rtl/io/flash_stream.sv:101$943_Y $flatten\system.\transport.$eq$rtl/io/flash_stream.sv:98$941_Y $flatten\system.\transport.$logic_or$rtl/io/flash_stream.sv:85$937_Y $flatten\system.\transport.$eq$rtl/io/flash_stream.sv:80$923_Y \system.transport.writing \system.transport.cmd_write $flatten\system.\controller.$logic_and$rtl/io/known_replay_controller.sv:136$794_Y $flatten\system.\controller.$logic_and$rtl/io/known_replay_controller.sv:134$793_Y \system.controller.rst }
  ctrl outputs: { $flatten\system.\transport.$procmux$3802_CMP $flatten\system.\transport.$procmux$3786_CMP $flatten\system.\transport.$procmux$3783_CMP $flatten\system.\transport.$procmux$3780_CMP $flatten\system.\transport.$procmux$3753_CMP $flatten\system.\transport.$procmux$3750_CMP $flatten\system.\transport.$procmux$3747_CMP $flatten\system.\transport.$procmux$3708_CMP $flatten\system.\transport.$procmux$3705_CMP $flatten\system.\transport.$procmux$3656_CMP $flatten\system.\transport.$procmux$3637_CMP $flatten\system.\transport.$procmux$3593_CMP $flatten\system.\transport.$procmux$3587_CMP $flatten\system.\transport.$0\state[3:0] $flatten\system.\transport.$eq$rtl/io/flash_stream.sv:47$910_Y $flatten\system.\transport.$eq$rtl/io/flash_stream.sv:46$905_Y }
  transition:     4'0000 14'------------00 ->     4'0000 19'0000000000000000001
  transition:     4'0000 14'-------0--0-10 ->     4'0011 19'0000000000000001101
  transition:     4'0000 14'-------0--1-10 ->     4'0001 19'0000000000000000101
  transition:     4'0000 14'-------1----10 ->     4'0000 19'0000000000000000001
  transition:     4'0000 14'-------------1 ->     4'1100 19'0000000000000110001
  transition:     4'1000 14'-----0-------0 ->     4'1000 19'0000100000000100000
  transition:     4'1000 14'-----1-------0 ->     4'1001 19'0000100000000100100
  transition:     4'1000 14'-------------1 ->     4'1100 19'0000100000000110000
  transition:     4'0100 14'0------------0 ->     4'0100 19'0000000000100010000
  transition:     4'0100 14'1-----0------0 ->     4'0011 19'0000000000100001100
  transition:     4'0100 14'1-----1------0 ->     4'0101 19'0000000000100010100
  transition:     4'0100 14'-------------1 ->     4'1100 19'0000000000100110000
  transition:     4'1100 14'-----0-------0 ->     4'1100 19'1000000000000110000
  transition:     4'1100 14'-----1-------0 ->     4'1101 19'1000000000000110100
  transition:     4'1100 14'-------------1 ->     4'1100 19'1000000000000110000
  transition:     4'0010 14'0------------0 ->     4'0010 19'0010000000000001000
  transition:     4'0010 14'1------------0 ->     4'0011 19'0010000000000001100
  transition:     4'0010 14'-------------1 ->     4'1100 19'0010000000000110000
  transition:     4'1010 14'-----0-------0 ->     4'1010 19'0000001000000101000
  transition:     4'1010 14'-----1-------0 ->     4'1011 19'0000001000000101100
  transition:     4'1010 14'-------------1 ->     4'1100 19'0000001000000110000
  transition:     4'0110 14'0------------0 ->     4'0110 19'0000000001000011000
  transition:     4'0110 14'1--------0---0 ->     4'0111 19'0000000001000011100
  transition:     4'0110 14'1---0----1---0 ->     4'0101 19'0000000001000010100
  transition:     4'0110 14'1---1----1---0 ->     4'1000 19'0000000001000100000
  transition:     4'0110 14'-------------1 ->     4'1100 19'0000000001000110000
  transition:     4'1110 14'--------0----0 ->     4'1110 19'0000000010000111000
  transition:     4'1110 14'--------1----0 ->     4'0000 19'0000000010000000000
  transition:     4'1110 14'-------------1 ->     4'1100 19'0000000010000110000
  transition:     4'0001 14'-----0-------0 ->     4'0001 19'0100000000000000100
  transition:     4'0001 14'-----1-------0 ->     4'0010 19'0100000000000001000
  transition:     4'0001 14'-------------1 ->     4'1100 19'0100000000000110000
  transition:     4'1001 14'0------------0 ->     4'1001 19'0000010000000100100
  transition:     4'1001 14'1------------0 ->     4'1010 19'0000010000000101000
  transition:     4'1001 14'-------------1 ->     4'1100 19'0000010000000110000
  transition:     4'0101 14'-----0-------0 ->     4'0101 19'0000000000000010110
  transition:     4'0101 14'-----1-------0 ->     4'0110 19'0000000000000011010
  transition:     4'0101 14'-------------1 ->     4'1100 19'0000000000000110010
  transition:     4'1101 14'0------------0 ->     4'1101 19'0000000100000110100
  transition:     4'1101 14'1------------0 ->     4'1110 19'0000000100000111000
  transition:     4'1101 14'-------------1 ->     4'1100 19'0000000100000110000
  transition:     4'0011 14'-----0-------0 ->     4'0011 19'0001000000000001100
  transition:     4'0011 14'-----1-------0 ->     4'0100 19'0001000000000010000
  transition:     4'0011 14'-------------1 ->     4'1100 19'0001000000000110000
  transition:     4'1011 14'0------------0 ->     4'1011 19'0000000000001101100
  transition:     4'1011 14'10-----------0 ->     4'0000 19'0000000000001000000
  transition:     4'1011 14'110----------0 ->     4'1000 19'0000000000001100000
  transition:     4'1011 14'111----------0 ->     4'0000 19'0000000000001000000
  transition:     4'1011 14'-------------1 ->     4'1100 19'0000000000001110000
  transition:     4'0111 14'-----------0-0 ->     4'0111 19'0000000000010011100
  transition:     4'0111 14'---0-------1-0 ->     4'0101 19'0000000000010010100
  transition:     4'0111 14'---1-------1-0 ->     4'0000 19'0000000000010000000
  transition:     4'0111 14'-------------1 ->     4'1100 19'0000000000010110000
Extracting FSM `\system.controller.state' from module `\upduino_known'.
  found $dff cell for state register: $flatten\system.\controller.$procdff$5247
  root of input selection tree: $flatten\system.\controller.$0\state[3:0]
  found reset state: 4'0000 (guessed from mux tree)
  found ctrl input: \system.controller.rst
  found ctrl input: $flatten\system.\controller.$procmux$4048_CMP
  found ctrl input: $flatten\system.\controller.$procmux$4226_CMP
  found ctrl input: $flatten\system.\controller.$procmux$4229_CMP
  found ctrl input: $flatten\system.\controller.$procmux$4054_CMP
  found ctrl input: $flatten\system.\controller.$eq$rtl/io/known_replay_controller.sv:199$859_Y
  found ctrl input: $flatten\system.\controller.$procmux$4235_CMP
  found ctrl input: $flatten\system.\controller.$eq$rtl/io/known_replay_controller.sv:56$702_Y
  found ctrl input: $flatten\system.\controller.$eq$rtl/io/known_replay_controller.sv:119$775_Y
  found ctrl input: $flatten\system.\controller.$eq$rtl/io/known_replay_controller.sv:119$774_Y
  found ctrl input: $flatten\system.\controller.$procmux$4462_CMP
  found ctrl input: $flatten\system.\controller.$procmux$3998_CMP
  found ctrl input: $flatten\system.\controller.$procmux$4468_CMP
  found ctrl input: $flatten\system.\controller.$procmux$4070_CMP
  found ctrl input: $flatten\system.\controller.$procmux$4477_CMP
  found ctrl input: \system.transport.done
  found state code: 4'1110
  found ctrl input: $flatten\system.\controller.$logic_and$rtl/io/known_replay_controller.sv:188$849_Y
  found ctrl input: $flatten\system.\controller.$eq$rtl/io/known_replay_controller.sv:195$855_Y
  found state code: 4'1101
  found ctrl input: $flatten\system.\controller.$logic_and$rtl/io/known_replay_controller.sv:134$793_Y
  found state code: 4'1100
  found ctrl input: \system.transport.error
  found state code: 4'1011
  found ctrl input: $flatten\system.\controller.$eq$rtl/io/known_replay_controller.sv:189$851_Y
  found state code: 4'1010
  found state code: 4'1001
  found ctrl input: $flatten\system.\controller.$procmux$3952_CMP
  found ctrl input: $flatten\system.\controller.$logic_and$rtl/io/known_replay_controller.sv:179$839_Y
  found ctrl input: \system.controller.result_seen
  found state code: 4'1000
  found ctrl input: $flatten\system.\controller.$logic_or$rtl/io/known_replay_controller.sv:173$832_Y
  found state code: 4'0101
  found state code: 4'0111
  found state code: 4'0110
  found state code: 4'0100
  found state code: 4'0011
  found ctrl input: $flatten\system.\controller.$logic_or$rtl/io/known_replay_controller.sv:138$798_Y
  found state code: 4'0010
  found state code: 4'0001
  found state code: 4'0000
  found ctrl output: $flatten\system.\controller.$eq$rtl/io/known_replay_controller.sv:54$699_Y
  found ctrl output: $flatten\system.\controller.$procmux$4048_CMP
  found ctrl output: $flatten\system.\controller.$procmux$4054_CMP
  found ctrl output: $flatten\system.\controller.$eq$rtl/io/known_replay_controller.sv:56$702_Y
  found ctrl output: $flatten\system.\controller.$procmux$4462_CMP
  found ctrl output: $flatten\system.\controller.$procmux$3998_CMP
  found ctrl output: $flatten\system.\controller.$procmux$4070_CMP
  found ctrl output: $flatten\system.\controller.$eq$rtl/io/known_replay_controller.sv:119$774_Y
  found ctrl output: $flatten\system.\controller.$procmux$4468_CMP
  found ctrl output: $flatten\system.\controller.$procmux$4477_CMP
  found ctrl output: $flatten\system.\controller.$procmux$4226_CMP
  found ctrl output: $flatten\system.\controller.$eq$rtl/io/known_replay_controller.sv:199$859_Y
  found ctrl output: $flatten\system.\controller.$eq$rtl/io/known_replay_controller.sv:119$775_Y
  found ctrl output: $flatten\system.\controller.$procmux$4229_CMP
  found ctrl output: $flatten\system.\controller.$procmux$4235_CMP
  ctrl inputs: { \system.transport.error \system.transport.done $flatten\system.\controller.$procmux$3952_CMP $flatten\system.\controller.$eq$rtl/io/known_replay_controller.sv:195$855_Y $flatten\system.\controller.$eq$rtl/io/known_replay_controller.sv:189$851_Y $flatten\system.\controller.$logic_and$rtl/io/known_replay_controller.sv:188$849_Y $flatten\system.\controller.$logic_and$rtl/io/known_replay_controller.sv:179$839_Y $flatten\system.\controller.$logic_or$rtl/io/known_replay_controller.sv:173$832_Y $flatten\system.\controller.$logic_or$rtl/io/known_replay_controller.sv:138$798_Y $flatten\system.\controller.$logic_and$rtl/io/known_replay_controller.sv:134$793_Y \system.controller.result_seen \system.controller.rst }
  ctrl outputs: { $flatten\system.\controller.$procmux$4477_CMP $flatten\system.\controller.$procmux$4468_CMP $flatten\system.\controller.$procmux$4462_CMP $flatten\system.\controller.$procmux$4235_CMP $flatten\system.\controller.$procmux$4229_CMP $flatten\system.\controller.$procmux$4226_CMP $flatten\system.\controller.$procmux$4070_CMP $flatten\system.\controller.$procmux$4054_CMP $flatten\system.\controller.$procmux$4048_CMP $flatten\system.\controller.$procmux$3998_CMP $flatten\system.\controller.$eq$rtl/io/known_replay_controller.sv:199$859_Y $flatten\system.\controller.$eq$rtl/io/known_replay_controller.sv:119$775_Y $flatten\system.\controller.$eq$rtl/io/known_replay_controller.sv:119$774_Y $flatten\system.\controller.$0\state[3:0] $flatten\system.\controller.$eq$rtl/io/known_replay_controller.sv:56$702_Y $flatten\system.\controller.$eq$rtl/io/known_replay_controller.sv:54$699_Y }
  transition:     4'0000 12'---------0-0 ->     4'0000 19'1000000000000000000
  transition:     4'0000 12'---------1-0 ->     4'0001 19'1000000000000000100
  transition:     4'0000 12'-----------1 ->     4'0000 19'1000000000000000000
  transition:     4'1000 12'---------0-0 ->     4'1000 19'0001000000000100000
  transition:     4'1000 12'---------1-0 ->     4'1001 19'0001000000000100100
  transition:     4'1000 12'-----------1 ->     4'0000 19'0001000000000000000
  transition:     4'0100 12'--0--------0 ->     4'0101 19'0010000000000010100
  transition:     4'0100 12'--1--------0 ->     4'1000 19'0010000000000100000
  transition:     4'0100 12'-----------1 ->     4'0000 19'0010000000000000000
  transition:     4'1100 12'-----0-----0 ->     4'1100 19'0000010000000110000
  transition:     4'1100 12'---0-1-----0 ->     4'1100 19'0000010000000110000
  transition:     4'1100 12'---1-1-----0 ->     4'1101 19'0000010000000110100
  transition:     4'1100 12'-----------1 ->     4'0000 19'0000010000000000000
  transition:     4'0010 12'---------0-0 ->     4'0010 19'0100000000000001000
  transition:     4'0010 12'---------1-0 ->     4'0011 19'0100000000000001100
  transition:     4'0010 12'-----------1 ->     4'0000 19'0100000000000000000
  transition:     4'1010 12'-0---------0 ->     4'1010 19'0000000100000101000
  transition:     4'1010 12'01---------0 ->     4'1011 19'0000000100000101100
  transition:     4'1010 12'11---------0 ->     4'1110 19'0000000100000111000
  transition:     4'1010 12'-----------1 ->     4'0000 19'0000000100000000000
  transition:     4'0110 12'-0---------0 ->     4'0110 19'0000000000010011000
  transition:     4'0110 12'-1-----0---0 ->     4'0101 19'0000000000010010100
  transition:     4'0110 12'-1-----1---0 ->     4'0111 19'0000000000010011100
  transition:     4'0110 12'-----------1 ->     4'0000 19'0000000000010000000
  transition:     4'1110 12'-----------0 ->     4'1110 19'0000000000000111001
  transition:     4'1110 12'-----------1 ->     4'0000 19'0000000000000000001
  transition:     4'0001 12'-0---------0 ->     4'0001 19'0000001000000000100
  transition:     4'0001 12'-1------0--0 ->     4'0010 19'0000001000000001000
  transition:     4'0001 12'-1------1--0 ->     4'1110 19'0000001000000111000
  transition:     4'0001 12'-----------1 ->     4'0000 19'0000001000000000000
  transition:     4'1001 12'-----0-----0 ->     4'1001 19'0000000000100100100
  transition:     4'1001 12'----01-----0 ->     4'1001 19'0000000000100100100
  transition:     4'1001 12'----11-----0 ->     4'1010 19'0000000000100101000
  transition:     4'1001 12'-----------1 ->     4'0000 19'0000000000100000000
  transition:     4'0101 12'--0------0-0 ->     4'0101 19'0000000000001010100
  transition:     4'0101 12'--0------1-0 ->     4'0110 19'0000000000001011000
  transition:     4'0101 12'--1--------0 ->     4'0111 19'0000000000001011100
  transition:     4'0101 12'-----------1 ->     4'0000 19'0000000000001000000
  transition:     4'1101 12'-0---------0 ->     4'1101 19'0000000010000110100
  transition:     4'1101 12'-1---------0 ->     4'1110 19'0000000010000111000
  transition:     4'1101 12'-----------1 ->     4'0000 19'0000000010000000000
  transition:     4'0011 12'-0---------0 ->     4'0011 19'0000000001000001100
  transition:     4'0011 12'-1---------0 ->     4'0100 19'0000000001000010000
  transition:     4'0011 12'-----------1 ->     4'0000 19'0000000001000000000
  transition:     4'1011 12'---------0-0 ->     4'1011 19'0000100000000101100
  transition:     4'1011 12'---------1-0 ->     4'1100 19'0000100000000110000
  transition:     4'1011 12'-----------1 ->     4'0000 19'0000100000000000000
  transition:     4'0111 12'--0---0---00 ->     4'0111 19'0000000000000011110
  transition:     4'0111 12'--0---0---10 ->     4'1000 19'0000000000000100010
  transition:     4'0111 12'--0---1----0 ->     4'0111 19'0000000000000011110
  transition:     4'0111 12'--1--------0 ->     4'1000 19'0000000000000100010
  transition:     4'0111 12'-----------1 ->     4'0000 19'0000000000000000010
Extracting FSM `\system.core.purpose' from module `\upduino_known'.
  found $dff cell for state register: $flatten\system.\core.$procdff$5199
  root of input selection tree: $flatten\system.\core.$0\purpose[1:0]
  found reset state: 2'00 (guessed from mux tree)
  found ctrl input: \system.controller.rst
  found ctrl input: $flatten\system.\core.$procmux$2349_CMP
  found ctrl input: $flatten\system.\core.$eq$rtl/core/known_spectral_core.sv:166$1275_Y
  found ctrl input: $flatten\system.\core.$procmux$2371_CMP
  found state code: 2'10
  found ctrl input: $flatten\system.\core.$ne$rtl/core/known_spectral_core.sv:220$1331_Y
  found ctrl input: $flatten\system.\core.$eq$rtl/core/known_spectral_core.sv:221$1334_Y
  found state code: 2'01
  found state code: 2'00
  found ctrl output: $flatten\system.\core.$eq$rtl/core/known_spectral_core.sv:166$1277_Y
  found ctrl output: $flatten\system.\core.$eq$rtl/core/known_spectral_core.sv:221$1334_Y
  found ctrl output: $flatten\system.\core.$eq$rtl/core/known_spectral_core.sv:224$1338_Y
  ctrl inputs: { \system.controller.rst $flatten\system.\core.$procmux$2371_CMP $flatten\system.\core.$procmux$2349_CMP $flatten\system.\core.$ne$rtl/core/known_spectral_core.sv:220$1331_Y $flatten\system.\core.$eq$rtl/core/known_spectral_core.sv:166$1275_Y }
  ctrl outputs: { $flatten\system.\core.$eq$rtl/core/known_spectral_core.sv:224$1338_Y $flatten\system.\core.$eq$rtl/core/known_spectral_core.sv:221$1334_Y $flatten\system.\core.$eq$rtl/core/known_spectral_core.sv:166$1277_Y $flatten\system.\core.$0\purpose[1:0] }
  transition:       2'00 5'000-0 ->       2'00 5'01000
  transition:       2'00 5'01--- ->       2'00 5'01000
  transition:       2'00 5'0--01 ->       2'01 5'01001
  transition:       2'00 5'0--11 ->       2'00 5'01000
  transition:       2'00 5'0-1-- ->       2'10 5'01010
  transition:       2'00 5'1---- ->       2'00 5'01000
  transition:       2'10 5'000-0 ->       2'10 5'00110
  transition:       2'10 5'01--- ->       2'00 5'00100
  transition:       2'10 5'0--01 ->       2'10 5'00110
  transition:       2'10 5'0--11 ->       2'10 5'00110
  transition:       2'10 5'0-1-- ->       2'10 5'00110
  transition:       2'10 5'1---- ->       2'00 5'00100
  transition:       2'01 5'000-0 ->       2'01 5'10001
  transition:       2'01 5'01--- ->       2'00 5'10000
  transition:       2'01 5'0--01 ->       2'01 5'10001
  transition:       2'01 5'0--11 ->       2'01 5'10001
  transition:       2'01 5'0-1-- ->       2'10 5'10010
  transition:       2'01 5'1---- ->       2'00 5'10000

10.13.3. Executing FSM_OPT pass (simple optimizations of FSMs).
Optimizing FSM `$fsm$\system.core.purpose$5415' from module `\upduino_known'.
  Merging pattern 5'0--01 and 5'0--11 from group (1 1 5'00110).
  Merging pattern 5'0--11 and 5'0--01 from group (1 1 5'00110).
  Merging pattern 5'0--01 and 5'0--11 from group (2 2 5'10001).
  Merging pattern 5'0--11 and 5'0--01 from group (2 2 5'10001).
Optimizing FSM `$fsm$\system.controller.state$5398' from module `\upduino_known'.
Optimizing FSM `$fsm$\system.transport.state$5381' from module `\upduino_known'.

10.13.4. Executing OPT_CLEAN pass (remove unused cells and wires).
Finding unused cells or wires in module \upduino_known..
Removed 89 unused cells and 89 unused wires.
<suppressed ~90 debug messages>

10.13.5. Executing FSM_OPT pass (simple optimizations of FSMs).
Optimizing FSM `$fsm$\system.transport.state$5381' from module `\upduino_known'.
  Removing unused output signal $flatten\system.\transport.$0\state[3:0] [0].
  Removing unused output signal $flatten\system.\transport.$0\state[3:0] [1].
  Removing unused output signal $flatten\system.\transport.$0\state[3:0] [2].
  Removing unused output signal $flatten\system.\transport.$0\state[3:0] [3].
Optimizing FSM `$fsm$\system.controller.state$5398' from module `\upduino_known'.
  Removing unused output signal $flatten\system.\controller.$0\state[3:0] [0].
  Removing unused output signal $flatten\system.\controller.$0\state[3:0] [1].
  Removing unused output signal $flatten\system.\controller.$0\state[3:0] [2].
  Removing unused output signal $flatten\system.\controller.$0\state[3:0] [3].
  Removing unused output signal $flatten\system.\controller.$procmux$4462_CMP.
Optimizing FSM `$fsm$\system.core.purpose$5415' from module `\upduino_known'.
  Removing unused output signal $flatten\system.\core.$0\purpose[1:0] [0].
  Removing unused output signal $flatten\system.\core.$0\purpose[1:0] [1].

10.13.6. Executing FSM_RECODE pass (re-assigning FSM state encoding).
Recoding FSM `$fsm$\system.transport.state$5381' from module `\upduino_known' using `auto' encoding:
  mapping auto encoding to `one-hot` for this FSM.
  0000 -> -------------1-
  1000 -> ------------1--
  0100 -> -----------1---
  1100 -> --------------1
  0010 -> ----------1----
  1010 -> ---------1-----
  0110 -> --------1------
  1110 -> -------1-------
  0001 -> ------1--------
  1001 -> -----1---------
  0101 -> ----1----------
  1101 -> ---1-----------
  0011 -> --1------------
  1011 -> -1-------------
  0111 -> 1--------------
Recoding FSM `$fsm$\system.controller.state$5398' from module `\upduino_known' using `auto' encoding:
  mapping auto encoding to `one-hot` for this FSM.
  0000 -> --------------1
  1000 -> -------------1-
  0100 -> ------------1--
  1100 -> -----------1---
  0010 -> ----------1----
  1010 -> ---------1-----
  0110 -> --------1------
  1110 -> -------1-------
  0001 -> ------1--------
  1001 -> -----1---------
  0101 -> ----1----------
  1101 -> ---1-----------
  0011 -> --1------------
  1011 -> -1-------------
  0111 -> 1--------------
Recoding FSM `$fsm$\system.core.purpose$5415' from module `\upduino_known' using `auto' encoding:
  mapping auto encoding to `one-hot` for this FSM.
  00 -> --1
  10 -> -1-
  01 -> 1--

10.13.7. Executing FSM_INFO pass (dumping all available information on FSM cells).

FSM `$fsm$\system.transport.state$5381' from module `upduino_known':
-------------------------------------

  Information on FSM $fsm$\system.transport.state$5381 (\system.transport.state):

  Number of input signals:   14
  Number of output signals:  15
  Number of state bits:      15

  Input signals:
    0: \system.controller.rst
    1: $flatten\system.\controller.$logic_and$rtl/io/known_replay_controller.sv:134$793_Y
    2: $flatten\system.\controller.$logic_and$rtl/io/known_replay_controller.sv:136$794_Y
    3: \system.transport.cmd_write
    4: \system.transport.writing
    5: $flatten\system.\transport.$eq$rtl/io/flash_stream.sv:80$923_Y
    6: $flatten\system.\transport.$logic_or$rtl/io/flash_stream.sv:85$937_Y
    7: $flatten\system.\transport.$eq$rtl/io/flash_stream.sv:98$941_Y
    8: $flatten\system.\transport.$logic_and$rtl/io/flash_stream.sv:101$943_Y
    9: $flatten\system.\transport.$eq$rtl/io/flash_stream.sv:105$945_Y
   10: $flatten\system.\transport.$eq$rtl/io/flash_stream.sv:109$947_Y
   11: $flatten\system.\transport.$eq$rtl/io/flash_stream.sv:116$951_Y
   12: \system.transport.spi.rx_data [0]
   13: \system.transport.spi.rx_valid

  Output signals:
    0: $flatten\system.\transport.$eq$rtl/io/flash_stream.sv:46$905_Y
    1: $flatten\system.\transport.$eq$rtl/io/flash_stream.sv:47$910_Y
    2: $flatten\system.\transport.$procmux$3587_CMP
    3: $flatten\system.\transport.$procmux$3593_CMP
    4: $flatten\system.\transport.$procmux$3637_CMP
    5: $flatten\system.\transport.$procmux$3656_CMP
    6: $flatten\system.\transport.$procmux$3705_CMP
    7: $flatten\system.\transport.$procmux$3708_CMP
    8: $flatten\system.\transport.$procmux$3747_CMP
    9: $flatten\system.\transport.$procmux$3750_CMP
   10: $flatten\system.\transport.$procmux$3753_CMP
   11: $flatten\system.\transport.$procmux$3780_CMP
   12: $flatten\system.\transport.$procmux$3783_CMP
   13: $flatten\system.\transport.$procmux$3786_CMP
   14: $flatten\system.\transport.$procmux$3802_CMP

  State encoding:
    0: 15'-------------1-
    1: 15'------------1--
    2: 15'-----------1---
    3: 15'--------------1  <RESET STATE>
    4: 15'----------1----
    5: 15'---------1-----
    6: 15'--------1------
    7: 15'-------1-------
    8: 15'------1--------
    9: 15'-----1---------
   10: 15'----1----------
   11: 15'---1-----------
   12: 15'--1------------
   13: 15'-1-------------
   14: 15'1--------------

  Transition Table (state_in, ctrl_in, state_out, ctrl_out):
      0:     0 14'------------00   ->     0 15'000000000000001
      1:     0 14'-------1----10   ->     0 15'000000000000001
      2:     0 14'-------------1   ->     3 15'000000000000001
      3:     0 14'-------0--1-10   ->     8 15'000000000000001
      4:     0 14'-------0--0-10   ->    12 15'000000000000001
      5:     1 14'-----0-------0   ->     1 15'000010000000000
      6:     1 14'-------------1   ->     3 15'000010000000000
      7:     1 14'-----1-------0   ->     9 15'000010000000000
      8:     2 14'0------------0   ->     2 15'000000000010000
      9:     2 14'-------------1   ->     3 15'000000000010000
     10:     2 14'1-----1------0   ->    10 15'000000000010000
     11:     2 14'1-----0------0   ->    12 15'000000000010000
     12:     3 14'-----0-------0   ->     3 15'100000000000000
     13:     3 14'-------------1   ->     3 15'100000000000000
     14:     3 14'-----1-------0   ->    11 15'100000000000000
     15:     4 14'-------------1   ->     3 15'001000000000000
     16:     4 14'0------------0   ->     4 15'001000000000000
     17:     4 14'1------------0   ->    12 15'001000000000000
     18:     5 14'-------------1   ->     3 15'000000100000000
     19:     5 14'-----0-------0   ->     5 15'000000100000000
     20:     5 14'-----1-------0   ->    13 15'000000100000000
     21:     6 14'1---1----1---0   ->     1 15'000000000100000
     22:     6 14'-------------1   ->     3 15'000000000100000
     23:     6 14'0------------0   ->     6 15'000000000100000
     24:     6 14'1---0----1---0   ->    10 15'000000000100000
     25:     6 14'1--------0---0   ->    14 15'000000000100000
     26:     7 14'--------1----0   ->     0 15'000000001000000
     27:     7 14'-------------1   ->     3 15'000000001000000
     28:     7 14'--------0----0   ->     7 15'000000001000000
     29:     8 14'-------------1   ->     3 15'010000000000000
     30:     8 14'-----1-------0   ->     4 15'010000000000000
     31:     8 14'-----0-------0   ->     8 15'010000000000000
     32:     9 14'-------------1   ->     3 15'000001000000000
     33:     9 14'1------------0   ->     5 15'000001000000000
     34:     9 14'0------------0   ->     9 15'000001000000000
     35:    10 14'-------------1   ->     3 15'000000000000010
     36:    10 14'-----1-------0   ->     6 15'000000000000010
     37:    10 14'-----0-------0   ->    10 15'000000000000010
     38:    11 14'-------------1   ->     3 15'000000010000000
     39:    11 14'1------------0   ->     7 15'000000010000000
     40:    11 14'0------------0   ->    11 15'000000010000000
     41:    12 14'-----1-------0   ->     2 15'000100000000000
     42:    12 14'-------------1   ->     3 15'000100000000000
     43:    12 14'-----0-------0   ->    12 15'000100000000000
     44:    13 14'111----------0   ->     0 15'000000000000100
     45:    13 14'10-----------0   ->     0 15'000000000000100
     46:    13 14'110----------0   ->     1 15'000000000000100
     47:    13 14'-------------1   ->     3 15'000000000000100
     48:    13 14'0------------0   ->    13 15'000000000000100
     49:    14 14'---1-------1-0   ->     0 15'000000000001000
     50:    14 14'-------------1   ->     3 15'000000000001000
     51:    14 14'---0-------1-0   ->    10 15'000000000001000
     52:    14 14'-----------0-0   ->    14 15'000000000001000

-------------------------------------

FSM `$fsm$\system.controller.state$5398' from module `upduino_known':
-------------------------------------

  Information on FSM $fsm$\system.controller.state$5398 (\system.controller.state):

  Number of input signals:   12
  Number of output signals:  14
  Number of state bits:      15

  Input signals:
    0: \system.controller.rst
    1: \system.controller.result_seen
    2: $flatten\system.\controller.$logic_and$rtl/io/known_replay_controller.sv:134$793_Y
    3: $flatten\system.\controller.$logic_or$rtl/io/known_replay_controller.sv:138$798_Y
    4: $flatten\system.\controller.$logic_or$rtl/io/known_replay_controller.sv:173$832_Y
    5: $flatten\system.\controller.$logic_and$rtl/io/known_replay_controller.sv:179$839_Y
    6: $flatten\system.\controller.$logic_and$rtl/io/known_replay_controller.sv:188$849_Y
    7: $flatten\system.\controller.$eq$rtl/io/known_replay_controller.sv:189$851_Y
    8: $flatten\system.\controller.$eq$rtl/io/known_replay_controller.sv:195$855_Y
    9: $flatten\system.\controller.$procmux$3952_CMP
   10: \system.transport.done
   11: \system.transport.error

  Output signals:
    0: $flatten\system.\controller.$eq$rtl/io/known_replay_controller.sv:54$699_Y
    1: $flatten\system.\controller.$eq$rtl/io/known_replay_controller.sv:56$702_Y
    2: $flatten\system.\controller.$eq$rtl/io/known_replay_controller.sv:119$774_Y
    3: $flatten\system.\controller.$eq$rtl/io/known_replay_controller.sv:119$775_Y
    4: $flatten\system.\controller.$eq$rtl/io/known_replay_controller.sv:199$859_Y
    5: $flatten\system.\controller.$procmux$3998_CMP
    6: $flatten\system.\controller.$procmux$4048_CMP
    7: $flatten\system.\controller.$procmux$4054_CMP
    8: $flatten\system.\controller.$procmux$4070_CMP
    9: $flatten\system.\controller.$procmux$4226_CMP
   10: $flatten\system.\controller.$procmux$4229_CMP
   11: $flatten\system.\controller.$procmux$4235_CMP
   12: $flatten\system.\controller.$procmux$4468_CMP
   13: $flatten\system.\controller.$procmux$4477_CMP

  State encoding:
    0: 15'--------------1  <RESET STATE>
    1: 15'-------------1-
    2: 15'------------1--
    3: 15'-----------1---
    4: 15'----------1----
    5: 15'---------1-----
    6: 15'--------1------
    7: 15'-------1-------
    8: 15'------1--------
    9: 15'-----1---------
   10: 15'----1----------
   11: 15'---1-----------
   12: 15'--1------------
   13: 15'-1-------------
   14: 15'1--------------

  Transition Table (state_in, ctrl_in, state_out, ctrl_out):
      0:     0 12'---------0-0   ->     0 14'10000000000000
      1:     0 12'-----------1   ->     0 14'10000000000000
      2:     0 12'---------1-0   ->     8 14'10000000000000
      3:     1 12'-----------1   ->     0 14'00100000000000
      4:     1 12'---------0-0   ->     1 14'00100000000000
      5:     1 12'---------1-0   ->     9 14'00100000000000
      6:     2 12'-----------1   ->     0 14'00000000000000
      7:     2 12'--1--------0   ->     1 14'00000000000000
      8:     2 12'--0--------0   ->    10 14'00000000000000
      9:     3 12'-----------1   ->     0 14'00001000000000
     10:     3 12'-----0-----0   ->     3 14'00001000000000
     11:     3 12'---0-1-----0   ->     3 14'00001000000000
     12:     3 12'---1-1-----0   ->    11 14'00001000000000
     13:     4 12'-----------1   ->     0 14'01000000000000
     14:     4 12'---------0-0   ->     4 14'01000000000000
     15:     4 12'---------1-0   ->    12 14'01000000000000
     16:     5 12'-----------1   ->     0 14'00000010000000
     17:     5 12'-0---------0   ->     5 14'00000010000000
     18:     5 12'11---------0   ->     7 14'00000010000000
     19:     5 12'01---------0   ->    13 14'00000010000000
     20:     6 12'-----------1   ->     0 14'00000000001000
     21:     6 12'-0---------0   ->     6 14'00000000001000
     22:     6 12'-1-----0---0   ->    10 14'00000000001000
     23:     6 12'-1-----1---0   ->    14 14'00000000001000
     24:     7 12'-----------1   ->     0 14'00000000000001
     25:     7 12'-----------0   ->     7 14'00000000000001
     26:     8 12'-----------1   ->     0 14'00000100000000
     27:     8 12'-1------0--0   ->     4 14'00000100000000
     28:     8 12'-1------1--0   ->     7 14'00000100000000
     29:     8 12'-0---------0   ->     8 14'00000100000000
     30:     9 12'-----------1   ->     0 14'00000000010000
     31:     9 12'----11-----0   ->     5 14'00000000010000
     32:     9 12'-----0-----0   ->     9 14'00000000010000
     33:     9 12'----01-----0   ->     9 14'00000000010000
     34:    10 12'-----------1   ->     0 14'00000000000100
     35:    10 12'--0------1-0   ->     6 14'00000000000100
     36:    10 12'--0------0-0   ->    10 14'00000000000100
     37:    10 12'--1--------0   ->    14 14'00000000000100
     38:    11 12'-----------1   ->     0 14'00000001000000
     39:    11 12'-1---------0   ->     7 14'00000001000000
     40:    11 12'-0---------0   ->    11 14'00000001000000
     41:    12 12'-----------1   ->     0 14'00000000100000
     42:    12 12'-1---------0   ->     2 14'00000000100000
     43:    12 12'-0---------0   ->    12 14'00000000100000
     44:    13 12'-----------1   ->     0 14'00010000000000
     45:    13 12'---------1-0   ->     3 14'00010000000000
     46:    13 12'---------0-0   ->    13 14'00010000000000
     47:    14 12'-----------1   ->     0 14'00000000000010
     48:    14 12'--0---0---10   ->     1 14'00000000000010
     49:    14 12'--1--------0   ->     1 14'00000000000010
     50:    14 12'--0---0---00   ->    14 14'00000000000010
     51:    14 12'--0---1----0   ->    14 14'00000000000010

-------------------------------------

FSM `$fsm$\system.core.purpose$5415' from module `upduino_known':
-------------------------------------

  Information on FSM $fsm$\system.core.purpose$5415 (\system.core.purpose):

  Number of input signals:    5
  Number of output signals:   3
  Number of state bits:       3

  Input signals:
    0: $flatten\system.\core.$eq$rtl/core/known_spectral_core.sv:166$1275_Y
    1: $flatten\system.\core.$ne$rtl/core/known_spectral_core.sv:220$1331_Y
    2: $flatten\system.\core.$procmux$2349_CMP
    3: $flatten\system.\core.$procmux$2371_CMP
    4: \system.controller.rst

  Output signals:
    0: $flatten\system.\core.$eq$rtl/core/known_spectral_core.sv:166$1277_Y
    1: $flatten\system.\core.$eq$rtl/core/known_spectral_core.sv:221$1334_Y
    2: $flatten\system.\core.$eq$rtl/core/known_spectral_core.sv:224$1338_Y

  State encoding:
    0:      3'--1  <RESET STATE>
    1:      3'-1-
    2:      3'1--

  Transition Table (state_in, ctrl_in, state_out, ctrl_out):
      0:     0 5'000-0   ->     0 3'010
      1:     0 5'0--11   ->     0 3'010
      2:     0 5'01---   ->     0 3'010
      3:     0 5'1----   ->     0 3'010
      4:     0 5'0-1--   ->     1 3'010
      5:     0 5'0--01   ->     2 3'010
      6:     1 5'01---   ->     0 3'001
      7:     1 5'1----   ->     0 3'001
      8:     1 5'000-0   ->     1 3'001
      9:     1 5'0---1   ->     1 3'001
     10:     1 5'0-1--   ->     1 3'001
     11:     2 5'01---   ->     0 3'100
     12:     2 5'1----   ->     0 3'100
     13:     2 5'0-1--   ->     1 3'100
     14:     2 5'000-0   ->     2 3'100
     15:     2 5'0---1   ->     2 3'100

-------------------------------------

10.13.8. Executing FSM_MAP pass (mapping FSMs to basic logic).
Mapping FSM `$fsm$\system.transport.state$5381' from module `\upduino_known'.
Mapping FSM `$fsm$\system.controller.state$5398' from module `\upduino_known'.
Mapping FSM `$fsm$\system.core.purpose$5415' from module `\upduino_known'.

10.14. Executing OPT pass (performing simple optimizations).

10.14.1. Executing OPT_EXPR pass (perform const folding).
Optimizing module upduino_known.
<suppressed ~36 debug messages>

10.14.2. Executing OPT_MERGE pass (detect identical cells).
Finding identical cells in module `\upduino_known'.
Computing hashes of 1351 cells of `\upduino_known'.
Finding duplicate cells in `\upduino_known'.
Computing hashes of 1317 cells of `\upduino_known'.
Finding duplicate cells in `\upduino_known'.
<suppressed ~102 debug messages>
Removed a total of 34 cells.

10.14.3. Executing OPT_MUXTREE pass (detect dead branches in mux trees).
Running muxtree optimizer on module \upduino_known..
  Creating internal representation of mux trees.
  Evaluating internal representation of mux trees.
  Analyzing evaluation results.
Removed 0 multiplexer ports.
<suppressed ~859 debug messages>

10.14.4. Executing OPT_REDUCE pass (consolidate $*mux and $reduce_* inputs).
  Optimizing cells in module \upduino_known.
Performed a total of 0 changes.

10.14.5. Executing OPT_MERGE pass (detect identical cells).
Finding identical cells in module `\upduino_known'.
Computing hashes of 1317 cells of `\upduino_known'.
Finding duplicate cells in `\upduino_known'.
Removed a total of 0 cells.

10.14.6. Executing OPT_DFF pass (perform DFF optimizations).
Adding EN signal on $procdff$5314 ($dff) from module upduino_known (D = $add$rtl/upduino_known.sv:11$395_Y, Q = \startup).
Adding EN signal on $flatten\system.\core.$procdff$5210 ($dff) from module upduino_known (D = $flatten\system.\core.$procmux$2177_Y, Q = \system.core.phases[0]).
Adding EN signal on $flatten\system.\core.$procdff$5209 ($dff) from module upduino_known (D = $flatten\system.\core.$procmux$2206_Y, Q = \system.core.accumulator[0]).
Adding SRST signal on $flatten\system.\core.$procdff$5208 ($dff) from module upduino_known (D = $flatten\system.\core.$procmux$2230_Y, Q = \system.core.exponent, rval = 8'00000000).
Adding EN signal on $auto$ff.cc:337:slice$5819 ($sdff) from module upduino_known (D = $flatten\system.\core.$procmux$2230_Y, Q = \system.core.exponent).
Adding EN signal on $flatten\system.\core.$procdff$5207 ($dff) from module upduino_known (D = $flatten\system.\core.$procmux$2254_Y, Q = \system.core.log_work).
Adding SRST signal on $flatten\system.\core.$procdff$5206 ($dff) from module upduino_known (D = $flatten\system.\core.$procmux$2274_Y, Q = \system.core.ram_part, rval = 2'00).
Adding EN signal on $auto$ff.cc:337:slice$5840 ($sdff) from module upduino_known (D = $flatten\system.\core.$procmux$2274_Y, Q = \system.core.ram_part).
Adding EN signal on $flatten\system.\core.$procdff$5203 ($dff) from module upduino_known (D = $flatten\system.\core.$sub$rtl/core/known_spectral_core.sv:270$1368_Y, Q = \system.core.difference).
Adding SRST signal on $flatten\system.\core.$procdff$5202 ($dff) from module upduino_known (D = $flatten\system.\core.$procmux$2348_Y, Q = \system.core.norm_negative, rval = 1'0).
Adding EN signal on $auto$ff.cc:337:slice$5859 ($sdff) from module upduino_known (D = \system.core.difference [31], Q = \system.core.norm_negative).
Adding EN signal on $flatten\system.\core.$procdff$5201 ($dff) from module upduino_known (D = $flatten\system.\core.$2$lookahead\power_buffer$1222[63:0]$1288, Q = \system.core.power_buffer).
Adding EN signal on $flatten\system.\core.$procdff$5200 ($dff) from module upduino_known (D = $flatten\system.\core.$procmux$2359_Y, Q = \system.core.wide_acc).
Adding EN signal on $flatten\system.\core.$procdff$5205 ($dff) from module upduino_known (D = \system.core.quantized_feature, Q = \system.core.feature).
Adding SRST signal on $auto$ff.cc:337:slice$5883 ($dffe) from module upduino_known (D = $flatten\system.\core.$neg$rtl/core/known_spectral_core.sv:106$1204_Y [7], Q = \system.core.feature [7], rval = 1'0).
Adding SRST signal on $flatten\system.\core.$procdff$5198 ($dff) from module upduino_known (D = $flatten\system.\core.$procmux$2400_Y, Q = \system.core.wide_part, rval = 2'00).
Adding EN signal on $auto$ff.cc:337:slice$5890 ($sdff) from module upduino_known (D = $flatten\system.\core.$procmux$2400_Y, Q = \system.core.wide_part).
Adding EN signal on $flatten\system.\core.$procdff$5197 ($dff) from module upduino_known (D = $flatten\system.\core.$procmux$2419_Y, Q = \system.core.wide_a).
Adding SRST signal on $flatten\system.\controller.$procdff$5269 ($dff) from module upduino_known (D = $flatten\system.\controller.$procmux$4135_Y, Q = \system.controller.level, rval = 9'000000000).
Adding EN signal on $auto$ff.cc:337:slice$5909 ($sdff) from module upduino_known (D = $flatten\system.\controller.$procmux$4135_Y, Q = \system.controller.level).
Adding SRST signal on $flatten\system.\controller.$procdff$5268 ($dff) from module upduino_known (D = $flatten\system.\controller.$procmux$4141_Y, Q = \system.controller.rp, rval = 8'00000000).
Adding EN signal on $auto$ff.cc:337:slice$5913 ($sdff) from module upduino_known (D = $flatten\system.\controller.$add$rtl/io/known_replay_controller.sv:116$767_Y, Q = \system.controller.rp).
Adding SRST signal on $flatten\system.\controller.$procdff$5267 ($dff) from module upduino_known (D = $flatten\system.\controller.$procmux$4146_Y, Q = \system.controller.wp, rval = 8'00000000).
Adding EN signal on $auto$ff.cc:337:slice$5915 ($sdff) from module upduino_known (D = $flatten\system.\controller.$add$rtl/io/known_replay_controller.sv:115$766_Y, Q = \system.controller.wp).
Adding SRST signal on $flatten\system.\controller.$procdff$5266 ($dff) from module upduino_known (D = $flatten\system.\controller.$procmux$4151_Y, Q = \system.controller.result_seen, rval = 1'0).
Adding EN signal on $auto$ff.cc:337:slice$5917 ($sdff) from module upduino_known (D = 1'1, Q = \system.controller.result_seen).
Adding SRST signal on $flatten\system.\controller.$procdff$5265 ($dff) from module upduino_known (D = $flatten\system.\controller.$procmux$4176_Y, Q = \system.controller.tail, rval = 22'0000000000000000000000).
Adding EN signal on $auto$ff.cc:337:slice$5919 ($sdff) from module upduino_known (D = $flatten\system.\controller.$add$rtl/io/known_replay_controller.sv:184$847_Y, Q = \system.controller.tail).
Adding SRST signal on $flatten\system.\controller.$procdff$5264 ($dff) from module upduino_known (D = $flatten\system.\controller.$procmux$4181_Y, Q = \system.controller.result_tick, rval = 31'0000000000000000000000000000000).
Adding EN signal on $auto$ff.cc:337:slice$5931 ($sdff) from module upduino_known (D = \system.controller.tick, Q = \system.controller.result_tick).
Adding SRST signal on $flatten\system.\controller.$procdff$5270 ($dff) from module upduino_known (D = $flatten\system.\controller.$procmux$4130_Y, Q = \system.controller.max_level, rval = 9'000000000).
Adding EN signal on $auto$ff.cc:337:slice$5933 ($sdff) from module upduino_known (D = \system.controller.level, Q = \system.controller.max_level).
Adding SRST signal on $flatten\system.\controller.$procdff$5259 ($dff) from module upduino_known (D = $flatten\system.\controller.$procmux$4225_Y, Q = \system.controller.byte_index, rval = 8'00000000).
Adding EN signal on $auto$ff.cc:337:slice$5935 ($sdff) from module upduino_known (D = $flatten\system.\controller.$procmux$4225_Y, Q = \system.controller.byte_index).
Adding SRST signal on $flatten\system.\transport.\spi.$procdff$5221 ($dff) from module upduino_known (D = $flatten\system.\transport.\spi.$procmux$3403_Y, Q = \system.transport.spi.rx_valid, rval = 1'0).
Adding SRST signal on $flatten\system.\transport.\spi.$procdff$5222 ($dff) from module upduino_known (D = $flatten\system.\transport.\spi.$procmux$3566_Y, Q = \system.transport.spi.rx_data, rval = 8'00000000).
Adding EN signal on $auto$ff.cc:337:slice$5956 ($sdff) from module upduino_known (D = \system.transport.spi.rx_shift, Q = \system.transport.spi.rx_data).
Adding SRST signal on $flatten\system.\transport.\spi.$procdff$5223 ($dff) from module upduino_known (D = $flatten\system.\transport.\spi.$procmux$3552_Y, Q = \system.transport.spi.sclk, rval = 1'0).
Adding EN signal on $auto$ff.cc:337:slice$5962 ($sdff) from module upduino_known (D = $flatten\system.\transport.\spi.$logic_not$rtl/io/spi_master.sv:66$1436_Y, Q = \system.transport.spi.sclk).
Adding SRST signal on $flatten\system.\transport.\spi.$procdff$5224 ($dff) from module upduino_known (D = $flatten\system.\transport.\spi.$procmux$3541_Y, Q = \system.transport.spi.mosi, rval = 1'0).
Adding EN signal on $auto$ff.cc:337:slice$5972 ($sdff) from module upduino_known (D = $flatten\system.\transport.\spi.$procmux$3541_Y, Q = \system.transport.spi.mosi).
Adding SRST signal on $flatten\system.\transport.\spi.$procdff$5225 ($dff) from module upduino_known (D = $flatten\system.\transport.\spi.$procmux$3522_Y, Q = \system.transport.spi.cs_n, rval = 1'1).
Adding EN signal on $auto$ff.cc:337:slice$5986 ($sdff) from module upduino_known (D = $flatten\system.\transport.\spi.$procmux$3522_Y, Q = \system.transport.spi.cs_n).
Adding SRST signal on $flatten\system.\transport.\spi.$procdff$5226 ($dff) from module upduino_known (D = $flatten\system.\transport.\spi.$procmux$3506_Y, Q = \system.transport.spi.divider, rval = 1'0).
Adding EN signal on $auto$ff.cc:337:slice$5996 ($sdff) from module upduino_known (D = $flatten\system.\transport.\spi.$procmux$3501_Y, Q = \system.transport.spi.divider).
Adding SRST signal on $flatten\system.\transport.\spi.$procdff$5227 ($dff) from module upduino_known (D = $flatten\system.\transport.\spi.$procmux$3495_Y, Q = \system.transport.spi.tx_shift, rval = 8'00000000).
Adding EN signal on $auto$ff.cc:337:slice$6004 ($sdff) from module upduino_known (D = $flatten\system.\transport.\spi.$procmux$3495_Y, Q = \system.transport.spi.tx_shift).
Adding SRST signal on $flatten\system.\transport.\spi.$procdff$5228 ($dff) from module upduino_known (D = $flatten\system.\transport.\spi.$procmux$3473_Y, Q = \system.transport.spi.rx_shift, rval = 8'00000000).
Adding EN signal on $auto$ff.cc:337:slice$6018 ($sdff) from module upduino_known (D = { \system.transport.spi.rx_shift [6:0] \flash_miso }, Q = \system.transport.spi.rx_shift).
Adding SRST signal on $flatten\system.\transport.\spi.$procdff$5229 ($dff) from module upduino_known (D = $flatten\system.\transport.\spi.$procmux$3456_Y, Q = \system.transport.spi.edge_count, rval = 4'0000).
Adding EN signal on $auto$ff.cc:337:slice$6030 ($sdff) from module upduino_known (D = $flatten\system.\transport.\spi.$add$rtl/io/spi_master.sv:77$1440_Y, Q = \system.transport.spi.edge_count).
Adding SRST signal on $flatten\system.\transport.\spi.$procdff$5230 ($dff) from module upduino_known (D = $flatten\system.\transport.\spi.$procmux$3442_Y, Q = \system.transport.spi.byte_active, rval = 1'0).
Adding SRST signal on $flatten\system.\transport.\spi.$procdff$5231 ($dff) from module upduino_known (D = $flatten\system.\transport.\spi.$procmux$3428_Y, Q = \system.transport.spi.finishing, rval = 1'0).
Adding EN signal on $auto$ff.cc:337:slice$6043 ($sdff) from module upduino_known (D = $flatten\system.\transport.\spi.$procmux$3426_Y, Q = \system.transport.spi.finishing).
Adding SRST signal on $flatten\system.\transport.\spi.$procdff$5232 ($dff) from module upduino_known (D = $flatten\system.\transport.\spi.$procmux$3414_Y, Q = \system.transport.spi.last_byte, rval = 1'0).
Adding EN signal on $auto$ff.cc:337:slice$6047 ($sdff) from module upduino_known (D = \system.transport.spi.tx_last, Q = \system.transport.spi.last_byte).
Adding SRST signal on $flatten\system.\transport.$procdff$5246 ($dff) from module upduino_known (D = $flatten\system.\transport.$procmux$3612_Y, Q = \system.transport.polls, rval = 12'000000000000).
Adding EN signal on $auto$ff.cc:337:slice$6049 ($sdff) from module upduino_known (D = $flatten\system.\transport.$procmux$3612_Y, Q = \system.transport.polls).
Adding SRST signal on $flatten\system.\transport.$procdff$5245 ($dff) from module upduino_known (D = $flatten\system.\transport.$procmux$3636_Y, Q = \system.transport.header_index, rval = 2'00).
Adding EN signal on $auto$ff.cc:337:slice$6065 ($sdff) from module upduino_known (D = $flatten\system.\transport.$procmux$3636_Y, Q = \system.transport.header_index).
Adding SRST signal on $flatten\system.\transport.$procdff$5244 ($dff) from module upduino_known (D = $flatten\system.\transport.$procmux$3655_Y, Q = \system.transport.remaining, rval = 16'0000000000000000).
Adding EN signal on $auto$ff.cc:337:slice$6079 ($sdff) from module upduino_known (D = $flatten\system.\transport.$procmux$3655_Y, Q = \system.transport.remaining).
Adding SRST signal on $flatten\system.\transport.$procdff$5243 ($dff) from module upduino_known (D = $flatten\system.\transport.$procmux$3683_Y, Q = \system.transport.writing, rval = 1'0).
Adding EN signal on $auto$ff.cc:337:slice$6091 ($sdff) from module upduino_known (D = \system.transport.cmd_write, Q = \system.transport.writing).
Adding SRST signal on $flatten\system.\transport.$procdff$5242 ($dff) from module upduino_known (D = $flatten\system.\transport.$procmux$3704_Y, Q = \system.transport.wake_count, rval = 8'00000000).
Adding EN signal on $auto$ff.cc:337:slice$6097 ($sdff) from module upduino_known (D = $flatten\system.\transport.$procmux$3704_Y, Q = \system.transport.wake_count).
Adding SRST signal on $flatten\system.\transport.$procdff$5241 ($dff) from module upduino_known (D = $flatten\system.\transport.$procmux$3729_Y, Q = \system.transport.address, rval = 24'000000000000000000000000).
Adding EN signal on $auto$ff.cc:337:slice$6107 ($sdff) from module upduino_known (D = \system.transport.cmd_address, Q = \system.transport.address).
Adding SRST signal on $flatten\system.\transport.$procdff$5239 ($dff) from module upduino_known (D = $flatten\system.\transport.$procmux$3815_Y, Q = \system.transport.error, rval = 1'0).
Adding EN signal on $auto$ff.cc:337:slice$6113 ($sdff) from module upduino_known (D = $flatten\system.\transport.$procmux$3815_Y, Q = \system.transport.error).
Adding SRST signal on $flatten\system.\transport.$procdff$5238 ($dff) from module upduino_known (D = $flatten\system.\transport.$procmux$3586_Y, Q = \system.transport.done, rval = 1'0).
Adding SRST signal on $flatten\system.\transport.$procdff$5237 ($dff) from module upduino_known (D = $flatten\system.\transport.$procmux$3850_Y, Q = \system.transport.rd_data, rval = 8'00000000).
Adding EN signal on $auto$ff.cc:337:slice$6128 ($sdff) from module upduino_known (D = \system.transport.spi.rx_data, Q = \system.transport.rd_data).
Adding SRST signal on $flatten\system.\transport.$procdff$5236 ($dff) from module upduino_known (D = $flatten\system.\transport.$procmux$3868_Y, Q = \system.transport.rd_valid, rval = 1'0).
Adding SRST signal on $flatten\system.\controller.$procdff$5258 ($dff) from module upduino_known (D = $flatten\system.\controller.$procmux$4251_Y, Q = \system.controller.generated, rval = 18'000000000000000000).
Adding EN signal on $auto$ff.cc:337:slice$6135 ($sdff) from module upduino_known (D = $flatten\system.\controller.$add$rtl/io/known_replay_controller.sv:124$781_Y, Q = \system.controller.generated).
Adding SRST signal on $flatten\system.\controller.$procdff$5257 ($dff) from module upduino_known (D = $flatten\system.\controller.$procmux$4265_Y, Q = \system.controller.loaded, rval = 19'0000000000000000000).
Adding EN signal on $auto$ff.cc:337:slice$6139 ($sdff) from module upduino_known (D = $flatten\system.\controller.$add$rtl/io/known_replay_controller.sv:169$829_Y, Q = \system.controller.loaded).
Adding SRST signal on $flatten\system.\controller.$procdff$5256 ($dff) from module upduino_known (D = $flatten\system.\controller.$procmux$4280_Y, Q = \system.controller.crc, rval = 32'11111111111111111111111111111111).
Adding EN signal on $auto$ff.cc:337:slice$6143 ($sdff) from module upduino_known (D = $flatten\system.\controller.$procmux$4280_Y, Q = \system.controller.crc).
Adding SRST signal on $flatten\system.\controller.$procdff$5255 ($dff) from module upduino_known (D = $flatten\system.\controller.$procmux$4302_Y, Q = \system.controller.expected_crc, rval = 0).
Adding EN signal on $auto$ff.cc:337:slice$6151 ($sdff) from module upduino_known (D = { \system.transport.rd_data \system.controller.header_word [31:8] }, Q = \system.controller.expected_crc).
Adding SRST signal on $flatten\system.\controller.$procdff$5254 ($dff) from module upduino_known (D = $flatten\system.\controller.$procmux$4313_Y, Q = \system.controller.header_word, rval = 0).
Adding EN signal on $auto$ff.cc:337:slice$6155 ($sdff) from module upduino_known (D = $flatten\system.\controller.$procmux$4313_Y, Q = \system.controller.header_word).
Adding SRST signal on $flatten\system.\controller.$procdff$5253 ($dff) from module upduino_known (D = $flatten\system.\controller.$procmux$4340_Y, Q = \system.controller.period, rval = 14'00000000000000).
Adding EN signal on $auto$ff.cc:337:slice$6163 ($sdff) from module upduino_known (D = \system.controller.header_word [21:8], Q = \system.controller.period).
Adding SRST signal on $flatten\system.\controller.$procdff$5252 ($dff) from module upduino_known (D = $flatten\system.\controller.$procmux$4373_Y, Q = \system.controller.active, rval = 1'0).
Adding SRST signal on $flatten\system.\controller.$procdff$5249 ($dff) from module upduino_known (D = { $flatten\system.\controller.$procmux$3953_Y $flatten\system.\controller.$procmux$3978_Y $flatten\system.\controller.$procmux$4047_Y $flatten\system.\controller.$procmux$4082_Y $flatten\system.\controller.$procmux$4093_Y $flatten\system.\controller.$procmux$4110_Y $flatten\system.\controller.$procmux$3997_Y $flatten\system.\controller.$procmux$4038_Y }, Q = \system.controller.errors, rval = 8'00000000).
Adding EN signal on $auto$ff.cc:337:slice$6168 ($sdff) from module upduino_known (D = 1'1, Q = \system.controller.errors [4]).
Adding EN signal on $auto$ff.cc:337:slice$6168 ($sdff) from module upduino_known (D = 1'1, Q = \system.controller.errors [3]).
Adding EN signal on $auto$ff.cc:337:slice$6168 ($sdff) from module upduino_known (D = 1'1, Q = \system.controller.errors [6]).
Adding EN signal on $auto$ff.cc:337:slice$6168 ($sdff) from module upduino_known (D = 1'1, Q = \system.controller.errors [7]).
Adding EN signal on $auto$ff.cc:337:slice$6168 ($sdff) from module upduino_known (D = 1'1, Q = \system.controller.errors [2]).
Adding EN signal on $auto$ff.cc:337:slice$6168 ($sdff) from module upduino_known (D = 1'1, Q = \system.controller.errors [1]).
Adding EN signal on $auto$ff.cc:337:slice$6168 ($sdff) from module upduino_known (D = $flatten\system.\controller.$procmux$4047_Y, Q = \system.controller.errors [5]).
Adding EN signal on $auto$ff.cc:337:slice$6168 ($sdff) from module upduino_known (D = $flatten\system.\controller.$procmux$4014_Y, Q = \system.controller.errors [0]).
Adding SRST signal on $flatten\system.\core.$procdff$5196 ($dff) from module upduino_known (D = $flatten\system.\core.$procmux$2454_Y, Q = \system.core.bin_index, rval = 9'000000000).
Adding EN signal on $auto$ff.cc:337:slice$6235 ($sdff) from module upduino_known (D = \system.core.component [9:1], Q = \system.core.bin_index).
Adding EN signal on $flatten\system.\core.$procdff$5155 ($dff) from module upduino_known (D = $flatten\system.\core.$mul$rtl/core/known_spectral_core.sv:125$1426_Y, Q = \system.core.product[0]).
Adding SRST signal on $flatten\system.\core.$procdff$5157 ($dff) from module upduino_known (D = $flatten\system.\core.$procmux$3370_Y, Q = \system.core.out_valid, rval = 1'0).
Adding EN signal on $auto$ff.cc:337:slice$6240 ($sdff) from module upduino_known (D = 1'1, Q = \system.core.out_valid).
Adding SRST signal on $flatten\system.\core.$procdff$5158 ($dff) from module upduino_known (D = $flatten\system.\core.$procmux$3362_Y, Q = \system.core.out_class, rval = 1'0).
Adding EN signal on $auto$ff.cc:337:slice$6244 ($sdff) from module upduino_known (D = $flatten\system.\core.$gt$rtl/core/known_spectral_core.sv:288$1380_Y, Q = \system.core.out_class).
Adding SRST signal on $flatten\system.\core.$procdff$5159 ($dff) from module upduino_known (D = $flatten\system.\core.$procmux$3352_Y, Q = \system.core.out_score, rval = 0).
Adding EN signal on $auto$ff.cc:337:slice$6248 ($sdff) from module upduino_known (D = \system.core.score, Q = \system.core.out_score).
Adding SRST signal on $flatten\system.\core.$procdff$5160 ($dff) from module upduino_known (D = $flatten\system.\core.$procmux$3342_Y, Q = \system.core.out_error, rval = 8'00000000).
Adding EN signal on $auto$ff.cc:337:slice$6252 ($sdff) from module upduino_known (D = \system.core.arithmetic_error, Q = \system.core.out_error).
Adding SRST signal on $flatten\system.\core.$procdff$5161 ($dff) from module upduino_known (D = $flatten\system.\core.$procmux$3332_Y, Q = \system.core.out_frame_id, rval = 0).
Adding EN signal on $auto$ff.cc:337:slice$6256 ($sdff) from module upduino_known (D = \system.core.clip_id, Q = \system.core.out_frame_id).
Adding SRST signal on $flatten\system.\core.$procdff$5162 ($dff) from module upduino_known (D = $flatten\system.\core.$procmux$3322_Y, Q = \system.core.cycles_pre, rval = 0).
Adding SRST signal on $flatten\system.\core.$procdff$5163 ($dff) from module upduino_known (D = $flatten\system.\core.$procmux$3282_Y, Q = \system.core.cycles_dft, rval = 0).
Adding SRST signal on $flatten\system.\core.$procdff$5164 ($dff) from module upduino_known (D = $flatten\system.\core.$procmux$3239_Y, Q = \system.core.cycles_power, rval = 0).
Adding SRST signal on $flatten\system.\core.$procdff$5165 ($dff) from module upduino_known (D = $flatten\system.\core.$procmux$3193_Y, Q = \system.core.cycles_nn, rval = 0).
Adding SRST signal on $flatten\system.\core.$procdff$5166 ($dff) from module upduino_known (D = $flatten\system.\core.$procmux$3147_Y, Q = \system.core.cycles_total, rval = 0).
Adding SRST signal on $flatten\system.\core.$procdff$5172 ($dff) from module upduino_known (D = $flatten\system.\core.$procmux$2919_Y, Q = \system.core.state, rval = 5'00000).
Adding EN signal on $auto$ff.cc:337:slice$6265 ($sdff) from module upduino_known (D = $flatten\system.\core.$procmux$2919_Y, Q = \system.core.state).
Adding SRST signal on $flatten\system.\core.$procdff$5173 ($dff) from module upduino_known (D = $flatten\system.\core.$procmux$2911_Y, Q = \system.core.active_bank, rval = 1'0).
Adding EN signal on $auto$ff.cc:337:slice$6283 ($sdff) from module upduino_known (D = \system.core.capture.head_bank, Q = \system.core.active_bank).
Adding SRST signal on $flatten\system.\core.$procdff$5174 ($dff) from module upduino_known (D = $flatten\system.\core.$procmux$2874_Y, Q = \system.core.point, rval = 10'0000000000).
Adding EN signal on $auto$ff.cc:337:slice$6287 ($sdff) from module upduino_known (D = $flatten\system.\core.$procmux$2874_Y, Q = \system.core.point).
Adding EN signal on $flatten\system.\core.$procdff$5175 ($dff) from module upduino_known (D = $flatten\system.\core.$memrd$\windowed$rtl/core/known_spectral_core.sv:143$1234_DATA, Q = \system.core.sample_q).
Adding SRST signal on $flatten\system.\core.$procdff$5176 ($dff) from module upduino_known (D = $flatten\system.\core.$procmux$2842_Y, Q = \system.core.mean, rval = 16'0000000000000000).
Adding EN signal on $auto$ff.cc:337:slice$6298 ($sdff) from module upduino_known (D = $flatten\system.\core.$add$rtl/core/known_spectral_core.sv:79$1300_Y [15:0], Q = \system.core.mean).
Adding EN signal on $flatten\system.\core.$procdff$5177 ($dff) from module upduino_known (D = $flatten\system.\core.$memrd$\means$rtl/core/known_spectral_core.sv:146$1243_DATA, Q = \system.core.mean_q).
Adding EN signal on $flatten\system.\core.$procdff$5178 ($dff) from module upduino_known (D = $flatten\system.\core.$memrd$\gains$rtl/core/known_spectral_core.sv:146$1244_DATA, Q = \system.core.gain_q).
Adding EN signal on $flatten\system.\core.$procdff$5179 ($dff) from module upduino_known (D = $flatten\system.\core.$memrd$\weights$rtl/core/known_spectral_core.sv:146$1245_DATA, Q = \system.core.weight_q).
Adding EN signal on $flatten\system.\core.$procdff$5180 ($dff) from module upduino_known (D = $flatten\system.\core.$memrd$\log_table$rtl/core/known_spectral_core.sv:146$1242_DATA, Q = \system.core.log_q).
Adding SRST signal on $flatten\system.\core.$procdff$5181 ($dff) from module upduino_known (D = $flatten\system.\core.$procmux$2801_Y, Q = \system.core.active_id, rval = 0).
Adding EN signal on $auto$ff.cc:337:slice$6306 ($sdff) from module upduino_known (D = \system.core.window_id, Q = \system.core.active_id).
Adding SRST signal on $flatten\system.\core.$procdff$5182 ($dff) from module upduino_known (D = $flatten\system.\core.$procmux$2768_Y, Q = \system.core.clip_id, rval = 0).
Adding EN signal on $auto$ff.cc:337:slice$6310 ($sdff) from module upduino_known (D = \system.core.window_id, Q = \system.core.clip_id).
Adding SRST signal on $flatten\system.\core.$procdff$5183 ($dff) from module upduino_known (D = $flatten\system.\core.$procmux$2733_Y, Q = \system.core.previous_id, rval = 0).
Adding EN signal on $auto$ff.cc:337:slice$6314 ($sdff) from module upduino_known (D = \system.core.active_id, Q = \system.core.previous_id).
Adding SRST signal on $flatten\system.\core.$procdff$5184 ($dff) from module upduino_known (D = $flatten\system.\core.$procmux$2726_Y, Q = \system.core.previous_valid, rval = 1'0).
Adding EN signal on $auto$ff.cc:337:slice$6316 ($sdff) from module upduino_known (D = 1'1, Q = \system.core.previous_valid).
Adding SRST signal on $flatten\system.\core.$procdff$5185 ($dff) from module upduino_known (D = $flatten\system.\core.$procmux$2709_Y, Q = \system.core.clip_window, rval = 8'00000000).
Adding EN signal on $auto$ff.cc:337:slice$6318 ($sdff) from module upduino_known (D = $flatten\system.\core.$procmux$2709_Y, Q = \system.core.clip_window).
Adding SRST signal on $flatten\system.\core.$procdff$5186 ($dff) from module upduino_known (D = $flatten\system.\core.$procmux$2695_Y, Q = \system.core.score, rval = 441).
Adding EN signal on $auto$ff.cc:337:slice$6330 ($sdff) from module upduino_known (D = $flatten\system.\core.$procmux$2695_Y, Q = \system.core.score).
Adding SRST signal on $flatten\system.\core.$procdff$5187 ($dff) from module upduino_known (D = { $flatten\system.\core.$procmux$1480_Y $flatten\system.\core.$procmux$1499_Y $flatten\system.\core.$procmux$1645_Y $flatten\system.\core.$procmux$1737_Y }, Q = \system.core.arithmetic_error, rval = 8'00000000).
Adding EN signal on $auto$ff.cc:337:slice$6340 ($sdff) from module upduino_known (D = 5'00000, Q = \system.core.arithmetic_error [7:3]).
Adding EN signal on $auto$ff.cc:337:slice$6340 ($sdff) from module upduino_known (D = $flatten\system.\core.$procmux$1499_Y, Q = \system.core.arithmetic_error [2]).
Adding EN signal on $auto$ff.cc:337:slice$6340 ($sdff) from module upduino_known (D = $flatten\system.\core.$procmux$1737_Y, Q = \system.core.arithmetic_error [0]).
Adding EN signal on $auto$ff.cc:337:slice$6340 ($sdff) from module upduino_known (D = $flatten\system.\core.$procmux$1645_Y, Q = \system.core.arithmetic_error [1]).
Adding SRST signal on $flatten\system.\core.$procdff$5188 ($dff) from module upduino_known (D = $flatten\system.\core.$procmux$2649_Y, Q = \system.core.component_base, rval = 11'00000000000).
Adding EN signal on $auto$ff.cc:337:slice$6377 ($sdff) from module upduino_known (D = $flatten\system.\core.$procmux$2649_Y, Q = \system.core.component_base).
Adding SRST signal on $flatten\system.\core.$procdff$5189 ($dff) from module upduino_known (D = $flatten\system.\core.$procmux$2634_Y, Q = \system.core.issued, rval = 11'00000000000).
Adding EN signal on $auto$ff.cc:337:slice$6389 ($sdff) from module upduino_known (D = $flatten\system.\core.$procmux$2634_Y, Q = \system.core.issued).
Adding SRST signal on $flatten\system.\core.$procdff$5190 ($dff) from module upduino_known (D = $flatten\system.\core.$procmux$2605_Y, Q = \system.core.retired, rval = 11'00000000000).
Adding EN signal on $auto$ff.cc:337:slice$6397 ($sdff) from module upduino_known (D = $flatten\system.\core.$procmux$2605_Y, Q = \system.core.retired).
Adding SRST signal on $flatten\system.\core.$procdff$5191 ($dff) from module upduino_known (D = $flatten\system.\core.$procmux$2571_Y, Q = \system.core.lane_store, rval = 1'0).
Adding EN signal on $auto$ff.cc:337:slice$6405 ($sdff) from module upduino_known (D = $flatten\system.\core.$procmux$2571_Y, Q = \system.core.lane_store).
Adding SRST signal on $flatten\system.\core.$procdff$5192 ($dff) from module upduino_known (D = $flatten\system.\core.$procmux$2559_Y, Q = \system.core.valid0, rval = 1'0).
Adding EN signal on $auto$ff.cc:337:slice$6415 ($sdff) from module upduino_known (D = $flatten\system.\core.$procmux$2559_Y, Q = \system.core.valid0).
Adding SRST signal on $flatten\system.\core.$procdff$5193 ($dff) from module upduino_known (D = $flatten\system.\core.$procmux$2533_Y, Q = \system.core.valid1, rval = 1'0).
Adding EN signal on $auto$ff.cc:337:slice$6419 ($sdff) from module upduino_known (D = $flatten\system.\core.$procmux$2533_Y, Q = \system.core.valid1).
Adding EN signal on $flatten\system.\core.$procdff$5194 ($dff) from module upduino_known (D = \system.core.rne$func$rtl/core/known_spectral_core.sv:82$1142.$result [31:0], Q = \system.core.real_part).
Adding EN signal on $flatten\system.\core.$procdff$5195 ($dff) from module upduino_known (D = \system.core.rne$func$rtl/core/known_spectral_core.sv:82$1142.$result [31:0], Q = \system.core.imag_part).
Adding SRST signal on $flatten\system.\controller.$procdff$5251 ($dff) from module upduino_known (D = $flatten\system.\controller.$procmux$4380_Y, Q = \system.controller.committed, rval = 1'0).
Adding EN signal on $auto$ff.cc:337:slice$6435 ($sdff) from module upduino_known (D = $flatten\system.\controller.$logic_not$rtl/io/known_replay_controller.sv:196$856_Y, Q = \system.controller.committed).
Adding SRST signal on $flatten\system.\core.\capture.$procdff$5291 ($dff) from module upduino_known (D = $flatten\system.\core.\capture.$procmux$5048_Y, Q = \system.core.capture.sum, rval = 0).
Adding EN signal on $auto$ff.cc:337:slice$6439 ($sdff) from module upduino_known (D = $flatten\system.\core.\capture.$procmux$5043_Y, Q = \system.core.capture.sum).
Adding SRST signal on $flatten\system.\core.\capture.$procdff$5290 ($dff) from module upduino_known (D = $flatten\system.\core.\capture.$procmux$5062_Y, Q = \system.core.capture.current_id, rval = 0).
Adding EN signal on $auto$ff.cc:337:slice$6445 ($sdff) from module upduino_known (D = { 24'000000000000000000000000 \system.controller.generated [17:10] }, Q = \system.core.capture.current_id).
Adding SRST signal on $flatten\system.\core.\capture.$procdff$5289 ($dff) from module upduino_known (D = $flatten\system.\core.\capture.$procmux$5077_Y, Q = \system.core.capture.position, rval = 10'0000000000).
Adding EN signal on $auto$ff.cc:337:slice$6453 ($sdff) from module upduino_known (D = $flatten\system.\core.\capture.$procmux$5072_Y, Q = \system.core.capture.position).
Adding SRST signal on $flatten\system.\core.\capture.$procdff$5288 ($dff) from module upduino_known (D = $flatten\system.\core.\capture.$procmux$5091_Y, Q = \system.core.capture.draining, rval = 1'0).
Adding EN signal on $auto$ff.cc:337:slice$6459 ($sdff) from module upduino_known (D = $flatten\system.\core.\capture.$procmux$5089_Y, Q = \system.core.capture.draining).
Adding SRST signal on $flatten\system.\core.\capture.$procdff$5287 ($dff) from module upduino_known (D = $flatten\system.\core.\capture.$procmux$5097_Y, Q = \system.core.capture.head_bank, rval = 1'0).
Adding EN signal on $auto$ff.cc:337:slice$6461 ($sdff) from module upduino_known (D = $flatten\system.\core.\capture.$not$rtl/core/known_capture.sv:41$1083_Y, Q = \system.core.capture.head_bank).
Adding SRST signal on $flatten\system.\core.\capture.$procdff$5286 ($dff) from module upduino_known (D = $flatten\system.\core.\capture.$procmux$5112_Y, Q = \system.core.capture.wr_bank, rval = 1'0).
Adding EN signal on $auto$ff.cc:337:slice$6463 ($sdff) from module upduino_known (D = $flatten\system.\core.\capture.$not$rtl/core/known_capture.sv:52$1139_Y, Q = \system.core.capture.wr_bank).
Adding SRST signal on $flatten\system.\core.\capture.$procdff$5285 ($dff) from module upduino_known (D = $flatten\system.\core.\capture.$3$lookahead\full$1002[1:0]$1101, Q = \system.core.capture.full, rval = 2'00).
Adding EN signal on $flatten\system.\core.\capture.$procdff$5284 ($dff) from module upduino_known (D = $flatten\system.\core.\capture.$memrd$\raw1$rtl/core/known_capture.sv:32$1028_DATA, Q = \system.core.capture.q1).
Adding EN signal on $flatten\system.\core.\capture.$procdff$5283 ($dff) from module upduino_known (D = $flatten\system.\core.\capture.$memrd$\raw0$rtl/core/known_capture.sv:32$1027_DATA, Q = \system.core.capture.q0).
Adding SRST signal on $flatten\system.\core.\capture.$procdff$5282 ($dff) from module upduino_known (D = $flatten\system.\core.\capture.$3$lookahead\busy$1003[1:0]$1085, Q = \system.core.capture.busy, rval = 2'00).
Adding SRST signal on $flatten\system.\core.\capture.$procdff$5281 ($dff) from module upduino_known (D = $flatten\system.\core.\capture.$procmux$5122_Y, Q = \system.core.capture.accepted_samples, rval = 0).
Adding EN signal on $auto$ff.cc:337:slice$6475 ($sdff) from module upduino_known (D = $flatten\system.\core.\capture.$add$rtl/core/known_capture.sv:44$1102_Y, Q = \system.core.capture.accepted_samples).
Adding SRST signal on $flatten\system.\core.\capture.$procdff$5280 ($dff) from module upduino_known (D = $flatten\system.\core.\capture.$procmux$5134_Y, Q = \system.core.capture.protocol_errors, rval = 0).
Adding EN signal on $auto$ff.cc:337:slice$6477 ($sdff) from module upduino_known (D = $flatten\system.\core.\capture.$add$rtl/core/known_capture.sv:47$1119_Y, Q = \system.core.capture.protocol_errors).
Adding SRST signal on $flatten\system.\controller.$procdff$5248 ($dff) from module upduino_known (D = $flatten\system.\controller.$procmux$4412_Y, Q = \system.controller.phase, rval = 14'00000000000000).
Adding EN signal on $auto$ff.cc:337:slice$6483 ($sdff) from module upduino_known (D = $flatten\system.\controller.$procmux$4412_Y, Q = \system.controller.phase).
Adding SRST signal on $flatten\system.\controller.$procdff$5260 ($dff) from module upduino_known (D = $flatten\system.\controller.$procmux$4217_Y, Q = \system.controller.low_byte, rval = 8'00000000).
Adding EN signal on $auto$ff.cc:337:slice$6487 ($sdff) from module upduino_known (D = \system.transport.rd_data, Q = \system.controller.low_byte).
Adding SRST signal on $flatten\system.\controller.$procdff$5261 ($dff) from module upduino_known (D = $flatten\system.\controller.$add$rtl/io/known_replay_controller.sv:109$763_Y, Q = \system.controller.tick, rval = 31'0000000000000000000000000000000).
Adding SRST signal on $flatten\system.\controller.$procdff$5262 ($dff) from module upduino_known (D = $flatten\system.\controller.$procmux$4201_Y, Q = \system.controller.first_tick, rval = 31'0000000000000000000000000000000).
Adding EN signal on $auto$ff.cc:337:slice$6494 ($sdff) from module upduino_known (D = \system.controller.tick, Q = \system.controller.first_tick).
Adding SRST signal on $flatten\system.\controller.$procdff$5263 ($dff) from module upduino_known (D = $flatten\system.\controller.$procmux$4191_Y, Q = \system.controller.last_tick, rval = 31'0000000000000000000000000000000).
Adding EN signal on $auto$ff.cc:337:slice$6498 ($sdff) from module upduino_known (D = \system.controller.tick, Q = \system.controller.last_tick).
Adding SRST signal on $flatten\system.\controller.$procdff$5250 ($dff) from module upduino_known (D = $flatten\system.\controller.$procmux$4399_Y, Q = \system.controller.blank, rval = 1'1).
Adding EN signal on $auto$ff.cc:337:slice$6502 ($sdff) from module upduino_known (D = 1'0, Q = \system.controller.blank).
Adding EN signal on $flatten\system.\core.\lanes[0].rom.$procdff$5235 ($dff) from module upduino_known (D = $flatten\system.\core.\lanes[0].rom.$logic_and$rtl/core/vib_coeff_rom.sv:30$961_Y, Q = \system.core.lanes[0].rom.is_zero).
Adding EN signal on $flatten\system.\core.\lanes[0].rom.$procdff$5234 ($dff) from module upduino_known (D = $flatten\system.\core.\lanes[0].rom.$logic_or$rtl/core/vib_coeff_rom.sv:29$959_Y, Q = \system.core.lanes[0].rom.negative).
Adding EN signal on $flatten\system.\core.\lanes[0].rom.$procdff$5233 ($dff) from module upduino_known (D = $flatten\system.\core.\lanes[0].rom.$memrd$\quarter$rtl/core/vib_coeff_rom.sv:28$956_DATA, Q = \system.core.lanes[0].rom.magnitude).
Setting constant 0-bit at position 0 on $auto$ff.cc:337:slice$6341 ($sdffe) from module upduino_known.
Setting constant 0-bit at position 1 on $auto$ff.cc:337:slice$6341 ($sdffe) from module upduino_known.
Setting constant 0-bit at position 2 on $auto$ff.cc:337:slice$6341 ($sdffe) from module upduino_known.
Setting constant 0-bit at position 3 on $auto$ff.cc:337:slice$6341 ($sdffe) from module upduino_known.
Setting constant 0-bit at position 4 on $auto$ff.cc:337:slice$6341 ($sdffe) from module upduino_known.
Setting constant 0-bit at position 8 on $auto$ff.cc:337:slice$6446 ($sdffe) from module upduino_known.
Setting constant 0-bit at position 9 on $auto$ff.cc:337:slice$6446 ($sdffe) from module upduino_known.
Setting constant 0-bit at position 10 on $auto$ff.cc:337:slice$6446 ($sdffe) from module upduino_known.
Setting constant 0-bit at position 11 on $auto$ff.cc:337:slice$6446 ($sdffe) from module upduino_known.
Setting constant 0-bit at position 12 on $auto$ff.cc:337:slice$6446 ($sdffe) from module upduino_known.
Setting constant 0-bit at position 13 on $auto$ff.cc:337:slice$6446 ($sdffe) from module upduino_known.
Setting constant 0-bit at position 14 on $auto$ff.cc:337:slice$6446 ($sdffe) from module upduino_known.
Setting constant 0-bit at position 15 on $auto$ff.cc:337:slice$6446 ($sdffe) from module upduino_known.
Setting constant 0-bit at position 16 on $auto$ff.cc:337:slice$6446 ($sdffe) from module upduino_known.
Setting constant 0-bit at position 17 on $auto$ff.cc:337:slice$6446 ($sdffe) from module upduino_known.
Setting constant 0-bit at position 18 on $auto$ff.cc:337:slice$6446 ($sdffe) from module upduino_known.
Setting constant 0-bit at position 19 on $auto$ff.cc:337:slice$6446 ($sdffe) from module upduino_known.
Setting constant 0-bit at position 20 on $auto$ff.cc:337:slice$6446 ($sdffe) from module upduino_known.
Setting constant 0-bit at position 21 on $auto$ff.cc:337:slice$6446 ($sdffe) from module upduino_known.
Setting constant 0-bit at position 22 on $auto$ff.cc:337:slice$6446 ($sdffe) from module upduino_known.
Setting constant 0-bit at position 23 on $auto$ff.cc:337:slice$6446 ($sdffe) from module upduino_known.
Setting constant 0-bit at position 24 on $auto$ff.cc:337:slice$6446 ($sdffe) from module upduino_known.
Setting constant 0-bit at position 25 on $auto$ff.cc:337:slice$6446 ($sdffe) from module upduino_known.
Setting constant 0-bit at position 26 on $auto$ff.cc:337:slice$6446 ($sdffe) from module upduino_known.
Setting constant 0-bit at position 27 on $auto$ff.cc:337:slice$6446 ($sdffe) from module upduino_known.
Setting constant 0-bit at position 28 on $auto$ff.cc:337:slice$6446 ($sdffe) from module upduino_known.
Setting constant 0-bit at position 29 on $auto$ff.cc:337:slice$6446 ($sdffe) from module upduino_known.
Setting constant 0-bit at position 30 on $auto$ff.cc:337:slice$6446 ($sdffe) from module upduino_known.
Setting constant 0-bit at position 31 on $auto$ff.cc:337:slice$6446 ($sdffe) from module upduino_known.

10.14.7. Executing OPT_CLEAN pass (remove unused cells and wires).
Finding unused cells or wires in module \upduino_known..
Removed 268 unused cells and 337 unused wires.
<suppressed ~269 debug messages>

10.14.8. Executing OPT_EXPR pass (perform const folding).
Optimizing module upduino_known.
<suppressed ~44 debug messages>

10.14.9. Rerunning OPT passes. (Maybe there is more to do..)

10.14.10. Executing OPT_MUXTREE pass (detect dead branches in mux trees).
Running muxtree optimizer on module \upduino_known..
  Creating internal representation of mux trees.
  Evaluating internal representation of mux trees.
  Analyzing evaluation results.
Removed 0 multiplexer ports.
<suppressed ~529 debug messages>

10.14.11. Executing OPT_REDUCE pass (consolidate $*mux and $reduce_* inputs).
  Optimizing cells in module \upduino_known.
Performed a total of 0 changes.

10.14.12. Executing OPT_MERGE pass (detect identical cells).
Finding identical cells in module `\upduino_known'.
Computing hashes of 1316 cells of `\upduino_known'.
Finding duplicate cells in `\upduino_known'.
Computing hashes of 1234 cells of `\upduino_known'.
Finding duplicate cells in `\upduino_known'.
Computing hashes of 1229 cells of `\upduino_known'.
Finding duplicate cells in `\upduino_known'.
<suppressed ~261 debug messages>
Removed a total of 87 cells.

10.14.13. Executing OPT_DFF pass (perform DFF optimizations).
Setting constant 0-bit at position 3 on $auto$ff.cc:337:slice$6253 ($sdffe) from module upduino_known.
Setting constant 0-bit at position 4 on $auto$ff.cc:337:slice$6253 ($sdffe) from module upduino_known.
Setting constant 0-bit at position 5 on $auto$ff.cc:337:slice$6253 ($sdffe) from module upduino_known.
Setting constant 0-bit at position 6 on $auto$ff.cc:337:slice$6253 ($sdffe) from module upduino_known.
Setting constant 0-bit at position 7 on $auto$ff.cc:337:slice$6253 ($sdffe) from module upduino_known.

10.14.14. Executing OPT_CLEAN pass (remove unused cells and wires).
Finding unused cells or wires in module \upduino_known..
Removed 0 unused cells and 87 unused wires.
<suppressed ~1 debug messages>

10.14.15. Executing OPT_EXPR pass (perform const folding).
Optimizing module upduino_known.

10.14.16. Rerunning OPT passes. (Maybe there is more to do..)

10.14.17. Executing OPT_MUXTREE pass (detect dead branches in mux trees).
Running muxtree optimizer on module \upduino_known..
  Creating internal representation of mux trees.
  Evaluating internal representation of mux trees.
  Analyzing evaluation results.
Removed 0 multiplexer ports.
<suppressed ~532 debug messages>

10.14.18. Executing OPT_REDUCE pass (consolidate $*mux and $reduce_* inputs).
  Optimizing cells in module \upduino_known.
Performed a total of 0 changes.

10.14.19. Executing OPT_MERGE pass (detect identical cells).
Finding identical cells in module `\upduino_known'.
Computing hashes of 1229 cells of `\upduino_known'.
Finding duplicate cells in `\upduino_known'.
Removed a total of 0 cells.

10.14.20. Executing OPT_DFF pass (perform DFF optimizations).

10.14.21. Executing OPT_CLEAN pass (remove unused cells and wires).
Finding unused cells or wires in module \upduino_known..

10.14.22. Executing OPT_EXPR pass (perform const folding).
Optimizing module upduino_known.

10.14.23. Finished fast OPT passes. (There is nothing left to do.)

10.15. Executing WREDUCE pass (reducing word size of cells).
Removed top 24 address bits (of 32) from memory init port upduino_known.$flatten\system.\core.\lanes[0].rom.$meminit$\quarter$rtl/core/vib_coeff_rom.sv:24$965 (system.core.lanes[0].rom.quarter).
Removed top 31 address bits (of 32) from memory init port upduino_known.$flatten\system.\core.\capture.$auto$proc_memwr.cc:45:proc_memwr$5319 (system.core.capture.ids).
Removed top 31 address bits (of 32) from memory init port upduino_known.$flatten\system.\core.\capture.$auto$proc_memwr.cc:45:proc_memwr$5320 (system.core.capture.ids).
Removed top 31 address bits (of 32) from memory init port upduino_known.$flatten\system.\core.\capture.$auto$proc_memwr.cc:45:proc_memwr$5321 (system.core.capture.sums).
Removed top 31 address bits (of 32) from memory init port upduino_known.$flatten\system.\core.\capture.$auto$proc_memwr.cc:45:proc_memwr$5322 (system.core.capture.sums).
Removed top 22 address bits (of 32) from memory init port upduino_known.$flatten\system.\core.$meminit$\log_table$rtl/core/known_spectral_core.sv:53$1385 (system.core.log_table).
Removed top 23 address bits (of 32) from memory init port upduino_known.$flatten\system.\core.$meminit$\weights$rtl/core/known_spectral_core.sv:52$1384 (system.core.weights).
Removed top 23 address bits (of 32) from memory init port upduino_known.$flatten\system.\core.$meminit$\gains$rtl/core/known_spectral_core.sv:51$1383 (system.core.gains).
Removed top 23 address bits (of 32) from memory init port upduino_known.$flatten\system.\core.$meminit$\means$rtl/core/known_spectral_core.sv:50$1382 (system.core.means).
Removed top 1 bits (of 2) from port B of cell upduino_known.$auto$simple.cc:194:make_patterns_logic$6384 ($ne).
Removed top 1 bits (of 2) from port B of cell upduino_known.$auto$simple.cc:194:make_patterns_logic$6374 ($ne).
Removed top 1 bits (of 2) from port B of cell upduino_known.$auto$simple.cc:194:make_patterns_logic$6363 ($ne).
Removed top 1 bits (of 2) from port B of cell upduino_known.$auto$simple.cc:194:make_patterns_logic$6323 ($ne).
Removed top 1 bits (of 2) from port B of cell upduino_known.$auto$simple.cc:194:make_patterns_logic$6274 ($ne).
Removed top 1 bits (of 2) from port B of cell upduino_known.$auto$simple.cc:194:make_patterns_logic$6272 ($ne).
Removed top 1 bits (of 2) from port B of cell upduino_known.$auto$simple.cc:194:make_patterns_logic$6270 ($ne).
Removed top 1 bits (of 2) from port B of cell upduino_known.$auto$simple.cc:194:make_patterns_logic$6213 ($ne).
Removed top 1 bits (of 2) from port B of cell upduino_known.$auto$simple.cc:194:make_patterns_logic$6211 ($ne).
Removed top 1 bits (of 2) from port B of cell upduino_known.$auto$simple.cc:194:make_patterns_logic$6209 ($ne).
Removed top 1 bits (of 2) from port B of cell upduino_known.$auto$simple.cc:194:make_patterns_logic$6207 ($ne).
Removed top 1 bits (of 2) from port B of cell upduino_known.$auto$simple.cc:194:make_patterns_logic$6160 ($ne).
Removed top 1 bits (of 2) from port B of cell upduino_known.$auto$simple.cc:194:make_patterns_logic$6124 ($ne).
Removed top 1 bits (of 2) from port B of cell upduino_known.$auto$simple.cc:194:make_patterns_logic$6122 ($ne).
Removed top 1 bits (of 2) from port B of cell upduino_known.$auto$simple.cc:194:make_patterns_logic$6120 ($ne).
Removed top 1 bits (of 2) from port B of cell upduino_known.$auto$simple.cc:194:make_patterns_logic$6104 ($ne).
Removed top 1 bits (of 2) from port B of cell upduino_known.$auto$simple.cc:194:make_patterns_logic$6088 ($ne).
Removed top 1 bits (of 2) from port B of cell upduino_known.$auto$simple.cc:194:make_patterns_logic$6076 ($ne).
Removed top 1 bits (of 8) from FF cell upduino_known.$auto$ff.cc:337:slice$6005 ($sdffe).
Removed top 1 bits (of 2) from port B of cell upduino_known.$auto$simple.cc:194:make_patterns_logic$5942 ($ne).
Removed top 1 bits (of 2) from port B of cell upduino_known.$auto$simple.cc:194:make_patterns_logic$5940 ($ne).
Removed top 1 bits (of 3) from port B of cell upduino_known.$auto$simple.cc:194:make_patterns_logic$5895 ($ne).
Removed top 1 bits (of 2) from port B of cell upduino_known.$auto$simple.cc:194:make_patterns_logic$5869 ($ne).
Removed top 2 bits (of 3) from port B of cell upduino_known.$auto$fsm_map.cc:77:implement_pattern_cache$5792 ($eq).
Removed top 1 bits (of 2) from port B of cell upduino_known.$auto$fsm_map.cc:77:implement_pattern_cache$5785 ($eq).
Removed top 1 bits (of 2) from port B of cell upduino_known.$auto$fsm_map.cc:77:implement_pattern_cache$5781 ($eq).
Removed top 1 bits (of 2) from port B of cell upduino_known.$auto$fsm_map.cc:77:implement_pattern_cache$5772 ($eq).
Removed top 1 bits (of 3) from port B of cell upduino_known.$auto$fsm_map.cc:77:implement_pattern_cache$5768 ($eq).
Removed top 1 bits (of 3) from port B of cell upduino_known.$auto$fsm_map.cc:77:implement_pattern_cache$5751 ($eq).
Removed top 1 bits (of 3) from port B of cell upduino_known.$auto$fsm_map.cc:77:implement_pattern_cache$5738 ($eq).
Removed top 1 bits (of 3) from port B of cell upduino_known.$auto$fsm_map.cc:77:implement_pattern_cache$5698 ($eq).
Removed top 1 bits (of 3) from port B of cell upduino_known.$auto$fsm_map.cc:77:implement_pattern_cache$5655 ($eq).
Removed top 1 bits (of 3) from port B of cell upduino_known.$auto$fsm_map.cc:77:implement_pattern_cache$5632 ($eq).
Removed top 2 bits (of 4) from port B of cell upduino_known.$auto$fsm_map.cc:77:implement_pattern_cache$5605 ($eq).
Removed top 2 bits (of 4) from port B of cell upduino_known.$auto$fsm_map.cc:77:implement_pattern_cache$5559 ($eq).
Removed top 1 bits (of 3) from port B of cell upduino_known.$auto$fsm_map.cc:77:implement_pattern_cache$5533 ($eq).
Removed top 1 bits (of 4) from port B of cell upduino_known.$auto$fsm_map.cc:77:implement_pattern_cache$5515 ($eq).
Removed top 15 bits (of 32) from port B of cell upduino_known.$lt$rtl/upduino_known.sv:10$393 ($lt).
Removed top 1 bits (of 11) from port Y of cell upduino_known.$flatten\system.\core.$add$rtl/core/known_spectral_core.sv:61$1163 ($add).
Removed top 1 bits (of 11) from port A of cell upduino_known.$flatten\system.\core.$add$rtl/core/known_spectral_core.sv:61$1163 ($add).
Removed top 21 bits (of 32) from port B of cell upduino_known.$flatten\system.\core.$lt$rtl/core/known_spectral_core.sv:69$1165 ($lt).
Converting cell upduino_known.$flatten\system.\core.$sub$rtl/core/known_spectral_core.sv:70$1167 ($sub) from unsigned to signed.
Removed top 16 bits (of 32) from port A of cell upduino_known.$flatten\system.\core.$sub$rtl/core/known_spectral_core.sv:70$1167 ($sub).
Removed top 16 bits (of 32) from port B of cell upduino_known.$flatten\system.\core.$sub$rtl/core/known_spectral_core.sv:70$1167 ($sub).
Removed top 15 bits (of 32) from port Y of cell upduino_known.$flatten\system.\core.$sub$rtl/core/known_spectral_core.sv:70$1167 ($sub).
Converting cell upduino_known.$flatten\system.\core.$sub$rtl/core/known_spectral_core.sv:72$1172 ($sub) from unsigned to signed.
Removed top 1 bits (of 17) from port A of cell upduino_known.$flatten\system.\core.$sub$rtl/core/known_spectral_core.sv:72$1172 ($sub).
Removed top 1 bits (of 17) from port B of cell upduino_known.$flatten\system.\core.$sub$rtl/core/known_spectral_core.sv:72$1172 ($sub).
Removed top 1 bits (of 17) from port A of cell upduino_known.$flatten\system.\core.$add$rtl/core/known_spectral_core.sv:73$1175 ($add).
Removed top 16 bits (of 17) from port B of cell upduino_known.$flatten\system.\core.$add$rtl/core/known_spectral_core.sv:73$1175 ($add).
Removed top 1 bits (of 17) from port Y of cell upduino_known.$flatten\system.\core.$add$rtl/core/known_spectral_core.sv:73$1175 ($add).
Removed top 27 bits (of 32) from mux cell upduino_known.$flatten\system.\core.$ternary$rtl/core/known_spectral_core.sv:93$1186 ($mux).
Removed top 26 bits (of 32) from mux cell upduino_known.$flatten\system.\core.$ternary$rtl/core/known_spectral_core.sv:93$1187 ($mux).
Removed top 32 bits (of 64) from port A of cell upduino_known.$flatten\system.\core.$shl$rtl/core/known_spectral_core.sv:93$1188 ($shl).
Removed top 26 bits (of 32) from port B of cell upduino_known.$flatten\system.\core.$shl$rtl/core/known_spectral_core.sv:93$1188 ($shl).
Removed top 1 bits (of 65) from port A of cell upduino_known.$flatten\system.\core.$add$rtl/core/known_spectral_core.sv:95$1190 ($add).
Removed top 1 bits (of 65) from port B of cell upduino_known.$flatten\system.\core.$add$rtl/core/known_spectral_core.sv:95$1190 ($add).
Removed top 24 bits (of 32) from port B of cell upduino_known.$flatten\system.\core.$gt$rtl/core/known_spectral_core.sv:98$1192 ($gt).
Removed top 8 bits (of 64) from port A of cell upduino_known.$flatten\system.\core.$add$rtl/core/known_spectral_core.sv:98$1196 ($add).
Removed top 63 bits (of 64) from port B of cell upduino_known.$flatten\system.\core.$add$rtl/core/known_spectral_core.sv:98$1196 ($add).
Removed top 7 bits (of 64) from port Y of cell upduino_known.$flatten\system.\core.$add$rtl/core/known_spectral_core.sv:98$1196 ($add).
Removed top 39 bits (of 40) from port B of cell upduino_known.$flatten\system.\core.$add$rtl/core/known_spectral_core.sv:103$1201 ($add).
Removed top 25 bits (of 32) from port B of cell upduino_known.$flatten\system.\core.$gt$rtl/core/known_spectral_core.sv:105$1202 ($gt).
Converting cell upduino_known.$flatten\system.\core.$neg$rtl/core/known_spectral_core.sv:106$1204 ($neg) from signed to unsigned.
Removed top 1 bits (of 8) from port A of cell upduino_known.$flatten\system.\core.$neg$rtl/core/known_spectral_core.sv:106$1204 ($neg).
Removed top 1 bits (of 8) from mux cell upduino_known.$flatten\system.\core.$ternary$rtl/core/known_spectral_core.sv:106$1205 ($mux).
Removed top 21 bits (of 32) from port A of cell upduino_known.$flatten\system.\core.$add$rtl/core/known_spectral_core.sv:108$1207 ($add).
Removed top 20 bits (of 32) from port Y of cell upduino_known.$flatten\system.\core.$add$rtl/core/known_spectral_core.sv:108$1207 ($add).
Removed top 26 bits (of 32) from port B of cell upduino_known.$flatten\system.\core.$shr$rtl/core/known_spectral_core.sv:111$1212 ($shr).
Removed top 48 bits (of 64) from port Y of cell upduino_known.$flatten\system.\core.$shr$rtl/core/known_spectral_core.sv:111$1212 ($shr).
Converting cell upduino_known.$flatten\system.\core.$add$rtl/core/known_spectral_core.sv:113$1214 ($add) from unsigned to signed.
Removed top 12 bits (of 32) from port A of cell upduino_known.$flatten\system.\core.$add$rtl/core/known_spectral_core.sv:113$1214 ($add).
Removed top 19 bits (of 32) from port B of cell upduino_known.$flatten\system.\core.$add$rtl/core/known_spectral_core.sv:113$1214 ($add).
Removed top 11 bits (of 32) from port Y of cell upduino_known.$flatten\system.\core.$add$rtl/core/known_spectral_core.sv:113$1214 ($add).
Converting cell upduino_known.$flatten\system.\core.$sub$rtl/core/known_spectral_core.sv:113$1215 ($sub) from unsigned to signed.
Removed top 11 bits (of 32) from port A of cell upduino_known.$flatten\system.\core.$sub$rtl/core/known_spectral_core.sv:113$1215 ($sub).
Removed top 14 bits (of 32) from port B of cell upduino_known.$flatten\system.\core.$sub$rtl/core/known_spectral_core.sv:113$1215 ($sub).
Removed top 10 bits (of 32) from port Y of cell upduino_known.$flatten\system.\core.$sub$rtl/core/known_spectral_core.sv:113$1215 ($sub).
Removed top 10 bits (of 32) from port A of cell upduino_known.$flatten\system.\core.$lt$rtl/core/known_spectral_core.sv:114$1216 ($lt).
Removed top 13 bits (of 32) from port B of cell upduino_known.$flatten\system.\core.$lt$rtl/core/known_spectral_core.sv:114$1216 ($lt).
Removed top 28 bits (of 29) from port B of cell upduino_known.$flatten\system.\core.$add$rtl/core/known_spectral_core.sv:163$1256 ($add).
Removed top 2 bits (of 32) from port Y of cell upduino_known.$flatten\system.\core.$add$rtl/core/known_spectral_core.sv:163$1256 ($add).
Removed top 18 bits (of 19) from port B of cell upduino_known.$flatten\system.\core.$add$rtl/core/known_spectral_core.sv:164$1262 ($add).
Removed top 12 bits (of 32) from port Y of cell upduino_known.$flatten\system.\core.$add$rtl/core/known_spectral_core.sv:164$1262 ($add).
Removed top 27 bits (of 28) from port B of cell upduino_known.$flatten\system.\core.$add$rtl/core/known_spectral_core.sv:165$1268 ($add).
Removed top 3 bits (of 32) from port Y of cell upduino_known.$flatten\system.\core.$add$rtl/core/known_spectral_core.sv:165$1268 ($add).
Removed top 28 bits (of 32) from port B of cell upduino_known.$flatten\system.\core.$ge$rtl/core/known_spectral_core.sv:166$1270 ($ge).
Removed top 27 bits (of 32) from port B of cell upduino_known.$flatten\system.\core.$le$rtl/core/known_spectral_core.sv:166$1271 ($le).
Removed top 16 bits (of 17) from port B of cell upduino_known.$flatten\system.\core.$add$rtl/core/known_spectral_core.sv:166$1280 ($add).
Removed top 14 bits (of 32) from port Y of cell upduino_known.$flatten\system.\core.$add$rtl/core/known_spectral_core.sv:166$1280 ($add).
Removed top 22 bits (of 23) from port B of cell upduino_known.$flatten\system.\core.$add$rtl/core/known_spectral_core.sv:167$1281 ($add).
Removed top 8 bits (of 32) from port Y of cell upduino_known.$flatten\system.\core.$add$rtl/core/known_spectral_core.sv:167$1281 ($add).
Removed top 54 bits (of 64) from port A of cell upduino_known.$flatten\system.\core.$gt$rtl/core/known_spectral_core.sv:79$1296 ($gt).
Removed top 54 bits (of 64) from port B of cell upduino_known.$flatten\system.\core.$gt$rtl/core/known_spectral_core.sv:79$1296 ($gt).
Converting cell upduino_known.$flatten\system.\core.$add$rtl/core/known_spectral_core.sv:79$1300 ($add) from unsigned to signed.
Removed top 42 bits (of 64) from port A of cell upduino_known.$flatten\system.\core.$add$rtl/core/known_spectral_core.sv:79$1300 ($add).
Removed top 62 bits (of 64) from port B of cell upduino_known.$flatten\system.\core.$add$rtl/core/known_spectral_core.sv:79$1300 ($add).
Removed top 48 bits (of 64) from port Y of cell upduino_known.$flatten\system.\core.$add$rtl/core/known_spectral_core.sv:79$1300 ($add).
Removed top 6 bits (of 22) from port A of cell upduino_known.$flatten\system.\core.$add$rtl/core/known_spectral_core.sv:79$1300 ($add).
Removed top 31 bits (of 32) from port B of cell upduino_known.$flatten\system.\core.$add$rtl/core/known_spectral_core.sv:172$1302 ($add).
Removed top 15 bits (of 32) from port A of cell upduino_known.$flatten\system.\core.$gt$rtl/core/known_spectral_core.sv:180$1306 ($gt).
Removed top 16 bits (of 32) from port B of cell upduino_known.$flatten\system.\core.$gt$rtl/core/known_spectral_core.sv:180$1306 ($gt).
Removed top 15 bits (of 32) from port A of cell upduino_known.$flatten\system.\core.$lt$rtl/core/known_spectral_core.sv:180$1307 ($lt).
Removed top 16 bits (of 32) from port B of cell upduino_known.$flatten\system.\core.$lt$rtl/core/known_spectral_core.sv:180$1307 ($lt).
Removed top 1 bits (of 10) from mux cell upduino_known.$flatten\system.\core.$ternary$rtl/core/known_spectral_core.sv:192$1314 ($mux).
Removed top 22 bits (of 32) from port A of cell upduino_known.$flatten\system.\core.$add$rtl/core/known_spectral_core.sv:200$1318 ($add).
Removed top 31 bits (of 32) from port B of cell upduino_known.$flatten\system.\core.$add$rtl/core/known_spectral_core.sv:200$1318 ($add).
Removed top 22 bits (of 32) from port Y of cell upduino_known.$flatten\system.\core.$add$rtl/core/known_spectral_core.sv:200$1318 ($add).
Removed top 22 bits (of 32) from port Y of cell upduino_known.$flatten\system.\core.$add$rtl/core/known_spectral_core.sv:200$1319 ($add).
Removed top 1 bits (of 11) from port B of cell upduino_known.$flatten\system.\core.$eq$rtl/core/known_spectral_core.sv:205$1322 ($eq).
Removed top 32 bits (of 64) from port B of cell upduino_known.$flatten\system.\core.$gt$rtl/core/known_spectral_core.sv:210$1325 ($gt).
Removed top 32 bits (of 64) from port B of cell upduino_known.$flatten\system.\core.$lt$rtl/core/known_spectral_core.sv:210$1326 ($lt).
Removed top 26 bits (of 33) from port A of cell upduino_known.$flatten\system.\core.$neg$rtl/core/known_spectral_core.sv:246$1348 ($neg).
Converting cell upduino_known.$flatten\system.\core.$neg$rtl/core/known_spectral_core.sv:246$1348 ($neg) from signed to unsigned.
Removed top 1 bits (of 7) from port A of cell upduino_known.$flatten\system.\core.$neg$rtl/core/known_spectral_core.sv:246$1348 ($neg).
Removed top 27 bits (of 32) from mux cell upduino_known.$flatten\system.\core.$ternary$rtl/core/known_spectral_core.sv:257$1355 ($mux).
Removed top 20 bits (of 32) from port B of cell upduino_known.$flatten\system.\core.$ge$rtl/core/known_spectral_core.sv:263$1358 ($ge).
Removed top 21 bits (of 32) from port B of cell upduino_known.$flatten\system.\core.$lt$rtl/core/known_spectral_core.sv:264$1361 ($lt).
Removed top 21 bits (of 32) from port B of cell upduino_known.$flatten\system.\core.$lt$rtl/core/known_spectral_core.sv:282$1377 ($lt).
Removed top 31 bits (of 32) from port B of cell upduino_known.$flatten\system.\core.$add$rtl/core/known_spectral_core.sv:282$1378 ($add).
Removed top 20 bits (of 32) from port Y of cell upduino_known.$flatten\system.\core.$add$rtl/core/known_spectral_core.sv:282$1378 ($add).
Removed top 20 bits (of 32) from port B of cell upduino_known.$flatten\system.\core.$gt$rtl/core/known_spectral_core.sv:288$1380 ($gt).
Removed top 56 bits (of 64) from port A of cell upduino_known.$flatten\system.\core.$gt$rtl/core/known_spectral_core.sv:79$1401 ($gt).
Removed top 56 bits (of 64) from port B of cell upduino_known.$flatten\system.\core.$gt$rtl/core/known_spectral_core.sv:79$1401 ($gt).
Converting cell upduino_known.$flatten\system.\core.$add$rtl/core/known_spectral_core.sv:79$1405 ($add) from unsigned to signed.
Removed top 24 bits (of 64) from port A of cell upduino_known.$flatten\system.\core.$add$rtl/core/known_spectral_core.sv:79$1405 ($add).
Removed top 62 bits (of 64) from port B of cell upduino_known.$flatten\system.\core.$add$rtl/core/known_spectral_core.sv:79$1405 ($add).
Removed top 23 bits (of 64) from port Y of cell upduino_known.$flatten\system.\core.$add$rtl/core/known_spectral_core.sv:79$1405 ($add).
Removed top 49 bits (of 64) from port A of cell upduino_known.$flatten\system.\core.$gt$rtl/core/known_spectral_core.sv:79$1415 ($gt).
Removed top 49 bits (of 64) from port B of cell upduino_known.$flatten\system.\core.$gt$rtl/core/known_spectral_core.sv:79$1415 ($gt).
Converting cell upduino_known.$flatten\system.\core.$add$rtl/core/known_spectral_core.sv:79$1419 ($add) from unsigned to signed.
Removed top 47 bits (of 64) from port A of cell upduino_known.$flatten\system.\core.$add$rtl/core/known_spectral_core.sv:79$1419 ($add).
Removed top 62 bits (of 64) from port B of cell upduino_known.$flatten\system.\core.$add$rtl/core/known_spectral_core.sv:79$1419 ($add).
Removed top 48 bits (of 64) from port Y of cell upduino_known.$flatten\system.\core.$add$rtl/core/known_spectral_core.sv:79$1419 ($add).
Removed top 1 bits (of 17) from port A of cell upduino_known.$flatten\system.\core.$add$rtl/core/known_spectral_core.sv:79$1419 ($add).
Removed top 1 bits (of 5) from port B of cell upduino_known.$flatten\system.\core.$procmux$2946_CMP0 ($eq).
Removed top 1 bits (of 5) from port B of cell upduino_known.$flatten\system.\core.$procmux$2947_CMP0 ($eq).
Removed top 1 bits (of 5) from port B of cell upduino_known.$flatten\system.\core.$procmux$2951_CMP0 ($eq).
Removed top 1 bits (of 5) from port B of cell upduino_known.$flatten\system.\core.$procmux$2952_CMP0 ($eq).
Removed top 2 bits (of 5) from mux cell upduino_known.$flatten\system.\core.$procmux$2954 ($mux).
Removed top 1 bits (of 5) from port B of cell upduino_known.$flatten\system.\core.$procmux$2956_CMP0 ($eq).
Removed top 1 bits (of 5) from port B of cell upduino_known.$flatten\system.\core.$procmux$2957_CMP0 ($eq).
Removed top 2 bits (of 5) from mux cell upduino_known.$flatten\system.\core.$procmux$2961 ($mux).
Removed top 1 bits (of 5) from port B of cell upduino_known.$flatten\system.\core.$procmux$2971_CMP0 ($eq).
Removed top 2 bits (of 5) from port B of cell upduino_known.$flatten\system.\core.$procmux$2973_CMP0 ($eq).
Removed top 2 bits (of 5) from port B of cell upduino_known.$flatten\system.\core.$procmux$2977_CMP0 ($eq).
Removed top 2 bits (of 5) from port B of cell upduino_known.$flatten\system.\core.$procmux$2984_CMP0 ($eq).
Removed top 2 bits (of 5) from mux cell upduino_known.$flatten\system.\core.$procmux$2986 ($mux).
Removed top 3 bits (of 5) from port B of cell upduino_known.$flatten\system.\core.$procmux$2988_CMP0 ($eq).
Removed top 4 bits (of 5) from port B of cell upduino_known.$flatten\system.\core.$procmux$2990_CMP0 ($eq).
Removed top 1 bits (of 5) from port B of cell upduino_known.$flatten\system.\core.$procmux$3394_CMP0 ($eq).
Removed top 2 bits (of 5) from port B of cell upduino_known.$flatten\system.\core.$procmux$3395_CMP0 ($eq).
Removed top 3 bits (of 5) from port B of cell upduino_known.$flatten\system.\core.$procmux$3396_CMP0 ($eq).
Removed top 30 bits (of 32) from port Y of cell upduino_known.$flatten\system.\core.\capture.$or$rtl/core/known_capture.sv:52$1138 ($or).
Removed top 30 bits (of 32) from port A of cell upduino_known.$flatten\system.\core.\capture.$or$rtl/core/known_capture.sv:52$1138 ($or).
Removed top 30 bits (of 32) from port B of cell upduino_known.$flatten\system.\core.\capture.$or$rtl/core/known_capture.sv:52$1138 ($or).
Removed top 30 bits (of 32) from port Y of cell upduino_known.$flatten\system.\core.\capture.$and$rtl/core/known_capture.sv:52$1135 ($and).
Removed top 30 bits (of 32) from port B of cell upduino_known.$flatten\system.\core.\capture.$and$rtl/core/known_capture.sv:52$1135 ($and).
Removed top 30 bits (of 32) from port Y of cell upduino_known.$flatten\system.\core.\capture.$not$rtl/core/known_capture.sv:52$1134 ($not).
Removed top 30 bits (of 32) from port A of cell upduino_known.$flatten\system.\core.\capture.$not$rtl/core/known_capture.sv:52$1134 ($not).
Removed top 30 bits (of 32) from port Y of cell upduino_known.$flatten\system.\core.\capture.$shift$rtl/core/known_capture.sv:52$1133 ($shift).
Converting cell upduino_known.$flatten\system.\core.\capture.$neg$rtl/core/known_capture.sv:52$1132 ($neg) from signed to unsigned.
Removed top 1 bits (of 2) from port A of cell upduino_known.$flatten\system.\core.\capture.$neg$rtl/core/known_capture.sv:52$1132 ($neg).
Removed top 16 bits (of 32) from port B of cell upduino_known.$flatten\system.\core.\capture.$add$rtl/core/known_capture.sv:51$1131 ($add).
Removed top 31 bits (of 32) from port B of cell upduino_known.$flatten\system.\core.\capture.$add$rtl/core/known_capture.sv:47$1119 ($add).
Removed top 31 bits (of 32) from port B of cell upduino_known.$flatten\system.\core.\capture.$add$rtl/core/known_capture.sv:44$1102 ($add).
Removed top 30 bits (of 32) from port Y of cell upduino_known.$flatten\system.\core.\capture.$or$rtl/core/known_capture.sv:42$1092 ($or).
Removed top 30 bits (of 32) from port A of cell upduino_known.$flatten\system.\core.\capture.$or$rtl/core/known_capture.sv:42$1092 ($or).
Removed top 30 bits (of 32) from port B of cell upduino_known.$flatten\system.\core.\capture.$or$rtl/core/known_capture.sv:42$1092 ($or).
Removed top 30 bits (of 32) from port Y of cell upduino_known.$flatten\system.\core.\capture.$shift$rtl/core/known_capture.sv:42$1091 ($shift).
Removed top 30 bits (of 32) from port Y of cell upduino_known.$flatten\system.\core.\capture.$and$rtl/core/known_capture.sv:42$1089 ($and).
Removed top 30 bits (of 32) from port B of cell upduino_known.$flatten\system.\core.\capture.$and$rtl/core/known_capture.sv:42$1089 ($and).
Removed top 30 bits (of 32) from port Y of cell upduino_known.$flatten\system.\core.\capture.$not$rtl/core/known_capture.sv:42$1088 ($not).
Removed top 30 bits (of 32) from port A of cell upduino_known.$flatten\system.\core.\capture.$not$rtl/core/known_capture.sv:42$1088 ($not).
Removed top 30 bits (of 32) from port Y of cell upduino_known.$flatten\system.\core.\capture.$shift$rtl/core/known_capture.sv:42$1087 ($shift).
Converting cell upduino_known.$flatten\system.\core.\capture.$neg$rtl/core/known_capture.sv:42$1086 ($neg) from signed to unsigned.
Removed top 1 bits (of 2) from port A of cell upduino_known.$flatten\system.\core.\capture.$neg$rtl/core/known_capture.sv:42$1086 ($neg).
Removed top 30 bits (of 32) from port Y of cell upduino_known.$flatten\system.\core.\capture.$or$rtl/core/known_capture.sv:41$1082 ($or).
Removed top 30 bits (of 32) from port A of cell upduino_known.$flatten\system.\core.\capture.$or$rtl/core/known_capture.sv:41$1082 ($or).
Removed top 30 bits (of 32) from port B of cell upduino_known.$flatten\system.\core.\capture.$or$rtl/core/known_capture.sv:41$1082 ($or).
Removed top 30 bits (of 32) from port Y of cell upduino_known.$flatten\system.\core.\capture.$and$rtl/core/known_capture.sv:41$1079 ($and).
Removed top 30 bits (of 32) from port B of cell upduino_known.$flatten\system.\core.\capture.$and$rtl/core/known_capture.sv:41$1079 ($and).
Removed top 30 bits (of 32) from port Y of cell upduino_known.$flatten\system.\core.\capture.$or$rtl/core/known_capture.sv:41$1075 ($or).
Removed top 30 bits (of 32) from port A of cell upduino_known.$flatten\system.\core.\capture.$or$rtl/core/known_capture.sv:41$1075 ($or).
Removed top 30 bits (of 32) from port B of cell upduino_known.$flatten\system.\core.\capture.$or$rtl/core/known_capture.sv:41$1075 ($or).
Removed top 30 bits (of 32) from port Y of cell upduino_known.$flatten\system.\core.\capture.$shift$rtl/core/known_capture.sv:41$1074 ($shift).
Removed top 30 bits (of 32) from port Y of cell upduino_known.$flatten\system.\core.\capture.$and$rtl/core/known_capture.sv:41$1072 ($and).
Removed top 30 bits (of 32) from port B of cell upduino_known.$flatten\system.\core.\capture.$and$rtl/core/known_capture.sv:41$1072 ($and).
Removed top 30 bits (of 32) from port Y of cell upduino_known.$flatten\system.\core.\capture.$not$rtl/core/known_capture.sv:41$1071 ($not).
Removed top 30 bits (of 32) from port A of cell upduino_known.$flatten\system.\core.\capture.$not$rtl/core/known_capture.sv:41$1071 ($not).
Removed top 30 bits (of 32) from port Y of cell upduino_known.$flatten\system.\core.\capture.$shift$rtl/core/known_capture.sv:41$1070 ($shift).
Converting cell upduino_known.$flatten\system.\core.\capture.$neg$rtl/core/known_capture.sv:41$1069 ($neg) from signed to unsigned.
Removed top 1 bits (of 2) from port A of cell upduino_known.$flatten\system.\core.\capture.$neg$rtl/core/known_capture.sv:41$1069 ($neg).
Converting cell upduino_known.$flatten\system.\core.\capture.$add$rtl/core/known_capture.sv:23$981 ($add) from unsigned to signed.
Removed top 1 bits (of 16) from port A of cell upduino_known.$flatten\system.\core.\capture.$add$rtl/core/known_capture.sv:23$981 ($add).
Removed top 14 bits (of 16) from port B of cell upduino_known.$flatten\system.\core.\capture.$add$rtl/core/known_capture.sv:23$981 ($add).
Removed top 1 bits (of 2) from port B of cell upduino_known.$flatten\system.\core.\lanes[0].rom.$eq$rtl/core/vib_coeff_rom.sv:29$957 ($eq).
Removed top 31 bits (of 32) from mux cell upduino_known.$flatten\system.\controller.$ternary$rtl/io/known_replay_controller.sv:75$716 ($mux).
Removed top 29 bits (of 32) from mux cell upduino_known.$flatten\system.\controller.$ternary$rtl/io/known_replay_controller.sv:75$718 ($mux).
Removed top 26 bits (of 32) from port B of cell upduino_known.$flatten\system.\controller.$sub$rtl/io/known_replay_controller.sv:82$733 ($sub).
Removed top 25 bits (of 32) from port Y of cell upduino_known.$flatten\system.\controller.$sub$rtl/io/known_replay_controller.sv:82$733 ($sub).
Removed top 20 bits (of 32) from port B of cell upduino_known.$flatten\system.\controller.$shiftx$rtl/io/known_replay_controller.sv:82$736 ($shiftx).
Removed top 3 bits (of 24) from port A of cell upduino_known.$flatten\system.\controller.$add$rtl/io/known_replay_controller.sv:91$738 ($add).
Removed top 5 bits (of 24) from port B of cell upduino_known.$flatten\system.\controller.$add$rtl/io/known_replay_controller.sv:91$738 ($add).
Removed top 2 bits (of 24) from port Y of cell upduino_known.$flatten\system.\controller.$add$rtl/io/known_replay_controller.sv:91$738 ($add).
Removed top 21 bits (of 32) from port B of cell upduino_known.$flatten\system.\controller.$gt$rtl/io/known_replay_controller.sv:92$740 ($gt).
Removed top 13 bits (of 32) from port A of cell upduino_known.$flatten\system.\controller.$sub$rtl/io/known_replay_controller.sv:92$741 ($sub).
Removed top 12 bits (of 32) from port Y of cell upduino_known.$flatten\system.\controller.$sub$rtl/io/known_replay_controller.sv:92$741 ($sub).
Removed top 23 bits (of 32) from port B of cell upduino_known.$flatten\system.\controller.$lt$rtl/io/known_replay_controller.sv:93$745 ($lt).
Removed top 26 bits (of 32) from port B of cell upduino_known.$flatten\system.\controller.$shiftx$rtl/io/known_replay_controller.sv:95$749 ($shiftx).
Removed top 27 bits (of 32) from port B of cell upduino_known.$flatten\system.\controller.$shr$rtl/io/known_replay_controller.sv:97$751 ($shr).
Removed top 24 bits (of 32) from port Y of cell upduino_known.$flatten\system.\controller.$shr$rtl/io/known_replay_controller.sv:97$751 ($shr).
Removed top 26 bits (of 32) from port B of cell upduino_known.$flatten\system.\controller.$ge$rtl/io/known_replay_controller.sv:119$778 ($ge).
Removed top 26 bits (of 32) from port B of cell upduino_known.$flatten\system.\controller.$lt$rtl/io/known_replay_controller.sv:146$802 ($lt).
Removed top 2 bits (of 32) from port B of cell upduino_known.$flatten\system.\controller.$ne$rtl/io/known_replay_controller.sv:147$805 ($ne).
Removed top 31 bits (of 32) from port B of cell upduino_known.$flatten\system.\controller.$ne$rtl/io/known_replay_controller.sv:148$806 ($ne).
Removed top 21 bits (of 32) from port B of cell upduino_known.$flatten\system.\controller.$ne$rtl/io/known_replay_controller.sv:149$807 ($ne).
Removed top 24 bits (of 32) from port B of cell upduino_known.$flatten\system.\controller.$ne$rtl/io/known_replay_controller.sv:150$808 ($ne).
Removed top 29 bits (of 32) from port B of cell upduino_known.$flatten\system.\controller.$lt$rtl/io/known_replay_controller.sv:152$809 ($lt).
Removed top 18 bits (of 32) from port B of cell upduino_known.$flatten\system.\controller.$gt$rtl/io/known_replay_controller.sv:152$810 ($gt).
Removed top 13 bits (of 32) from port B of cell upduino_known.$flatten\system.\controller.$ne$rtl/io/known_replay_controller.sv:153$812 ($ne).
Removed top 26 bits (of 32) from port B of cell upduino_known.$flatten\system.\controller.$ge$rtl/io/known_replay_controller.sv:157$814 ($ge).
Removed top 26 bits (of 32) from port B of cell upduino_known.$flatten\system.\controller.$sub$rtl/io/known_replay_controller.sv:157$815 ($sub).
Removed top 23 bits (of 32) from port Y of cell upduino_known.$flatten\system.\controller.$sub$rtl/io/known_replay_controller.sv:157$815 ($sub).
Removed top 20 bits (of 32) from port B of cell upduino_known.$flatten\system.\controller.$shiftx$rtl/io/known_replay_controller.sv:157$818 ($shiftx).
Removed top 14 bits (of 32) from port B of cell upduino_known.$flatten\system.\controller.$ne$rtl/io/known_replay_controller.sv:181$841 ($ne).
Removed top 6 bits (of 8) from port B of cell upduino_known.$flatten\system.\controller.$eq$rtl/io/known_replay_controller.sv:195$855 ($eq).
Removed top 24 bits (of 32) from port B of cell upduino_known.$flatten\system.\controller.$lt$rtl/io/known_replay_controller.sv:199$862 ($lt).
Removed top 24 bits (of 32) from port B of cell upduino_known.$flatten\system.\controller.$xor$rtl/io/known_replay_controller.sv:63$872 ($xor).
Removed top 1 bits (of 14) from port A of cell upduino_known.$flatten\system.\controller.$auto$opt_expr.cc:702:replace_const_cells$5325 ($not).
Removed top 1 bits (of 14) from port A of cell upduino_known.$flatten\system.\controller.$auto$opt_expr.cc:702:replace_const_cells$5327 ($not).
Removed top 1 bits (of 14) from port A of cell upduino_known.$flatten\system.\controller.$auto$opt_expr.cc:702:replace_const_cells$5329 ($not).
Removed top 1 bits (of 14) from port A of cell upduino_known.$flatten\system.\controller.$auto$opt_expr.cc:702:replace_const_cells$5331 ($not).
Removed top 1 bits (of 14) from port A of cell upduino_known.$flatten\system.\controller.$auto$opt_expr.cc:702:replace_const_cells$5333 ($not).
Removed top 1 bits (of 14) from port A of cell upduino_known.$flatten\system.\controller.$auto$opt_expr.cc:702:replace_const_cells$5335 ($not).
Removed top 1 bits (of 14) from port A of cell upduino_known.$flatten\system.\controller.$auto$opt_expr.cc:702:replace_const_cells$5337 ($not).
Removed top 1 bits (of 14) from port A of cell upduino_known.$flatten\system.\controller.$auto$opt_expr.cc:702:replace_const_cells$5339 ($not).
Removed top 1 bits (of 3) from port B of cell upduino_known.$flatten\system.\controller.$procmux$4024_CMP0 ($eq).
Removed top 1 bits (of 3) from port B of cell upduino_known.$flatten\system.\controller.$procmux$4027_CMP0 ($eq).
Removed top 2 bits (of 3) from port B of cell upduino_known.$flatten\system.\controller.$procmux$4030_CMP0 ($eq).
Removed top 1 bits (of 2) from port B of cell upduino_known.$flatten\system.\controller.$procmux$4136_CMP0 ($eq).
Removed top 2 bits (of 24) from mux cell upduino_known.$flatten\system.\controller.$procmux$4491 ($pmux).
Removed top 1 bits (of 6) from port B of cell upduino_known.$flatten\system.\controller.$procmux$4529_CMP0 ($eq).
Removed top 1 bits (of 6) from port B of cell upduino_known.$flatten\system.\controller.$procmux$4530_CMP0 ($eq).
Removed top 1 bits (of 6) from port B of cell upduino_known.$flatten\system.\controller.$procmux$4531_CMP0 ($eq).
Removed top 1 bits (of 6) from port B of cell upduino_known.$flatten\system.\controller.$procmux$4532_CMP0 ($eq).
Removed top 1 bits (of 6) from port B of cell upduino_known.$flatten\system.\controller.$procmux$4533_CMP0 ($eq).
Removed top 1 bits (of 6) from port B of cell upduino_known.$flatten\system.\controller.$procmux$4534_CMP0 ($eq).
Removed top 1 bits (of 6) from port B of cell upduino_known.$flatten\system.\controller.$procmux$4535_CMP0 ($eq).
Removed top 1 bits (of 6) from port B of cell upduino_known.$flatten\system.\controller.$procmux$4536_CMP0 ($eq).
Removed top 1 bits (of 6) from port B of cell upduino_known.$flatten\system.\controller.$procmux$4537_CMP0 ($eq).
Removed top 1 bits (of 6) from port B of cell upduino_known.$flatten\system.\controller.$procmux$4538_CMP0 ($eq).
Removed top 2 bits (of 6) from port B of cell upduino_known.$flatten\system.\controller.$procmux$4539_CMP0 ($eq).
Removed top 2 bits (of 6) from port B of cell upduino_known.$flatten\system.\controller.$procmux$4540_CMP0 ($eq).
Removed top 2 bits (of 6) from port B of cell upduino_known.$flatten\system.\controller.$procmux$4541_CMP0 ($eq).
Removed top 2 bits (of 6) from port B of cell upduino_known.$flatten\system.\controller.$procmux$4542_CMP0 ($eq).
Removed top 2 bits (of 6) from port B of cell upduino_known.$flatten\system.\controller.$procmux$4543_CMP0 ($eq).
Removed top 2 bits (of 6) from port B of cell upduino_known.$flatten\system.\controller.$procmux$4544_CMP0 ($eq).
Removed top 2 bits (of 6) from port B of cell upduino_known.$flatten\system.\controller.$procmux$4545_CMP0 ($eq).
Removed top 2 bits (of 6) from port B of cell upduino_known.$flatten\system.\controller.$procmux$4546_CMP0 ($eq).
Removed top 3 bits (of 6) from port B of cell upduino_known.$flatten\system.\controller.$procmux$4547_CMP0 ($eq).
Removed top 3 bits (of 6) from port B of cell upduino_known.$flatten\system.\controller.$procmux$4548_CMP0 ($eq).
Removed top 3 bits (of 6) from port B of cell upduino_known.$flatten\system.\controller.$procmux$4549_CMP0 ($eq).
Removed top 3 bits (of 6) from port B of cell upduino_known.$flatten\system.\controller.$procmux$4550_CMP0 ($eq).
Removed top 4 bits (of 6) from port B of cell upduino_known.$flatten\system.\controller.$procmux$4551_CMP0 ($eq).
Removed top 4 bits (of 6) from port B of cell upduino_known.$flatten\system.\controller.$procmux$4552_CMP0 ($eq).
Removed top 5 bits (of 6) from port B of cell upduino_known.$flatten\system.\controller.$procmux$4553_CMP0 ($eq).
Removed top 7 bits (of 8) from mux cell upduino_known.$flatten\system.\transport.$ternary$rtl/io/flash_stream.sv:56$916 ($mux).
Removed top 23 bits (of 32) from port B of cell upduino_known.$flatten\system.\transport.$gt$rtl/io/flash_stream.sv:85$927 ($gt).
Removed top 24 bits (of 32) from port A of cell upduino_known.$flatten\system.\transport.$add$rtl/io/flash_stream.sv:86$928 ($add).
Removed top 16 bits (of 32) from port B of cell upduino_known.$flatten\system.\transport.$add$rtl/io/flash_stream.sv:86$928 ($add).
Removed top 15 bits (of 32) from port Y of cell upduino_known.$flatten\system.\transport.$add$rtl/io/flash_stream.sv:86$928 ($add).
Removed top 15 bits (of 32) from port A of cell upduino_known.$flatten\system.\transport.$gt$rtl/io/flash_stream.sv:86$929 ($gt).
Removed top 23 bits (of 32) from port B of cell upduino_known.$flatten\system.\transport.$gt$rtl/io/flash_stream.sv:86$929 ($gt).
Removed top 2 bits (of 24) from port A of cell upduino_known.$flatten\system.\transport.$lt$rtl/io/flash_stream.sv:87$931 ($lt).
Removed top 2 bits (of 24) from port B of cell upduino_known.$flatten\system.\transport.$lt$rtl/io/flash_stream.sv:87$931 ($lt).
Removed top 3 bits (of 25) from port A of cell upduino_known.$flatten\system.\transport.$add$rtl/io/flash_stream.sv:87$933 ($add).
Removed top 9 bits (of 25) from port B of cell upduino_known.$flatten\system.\transport.$add$rtl/io/flash_stream.sv:87$933 ($add).
Removed top 2 bits (of 25) from port Y of cell upduino_known.$flatten\system.\transport.$add$rtl/io/flash_stream.sv:87$933 ($add).
Removed top 2 bits (of 25) from port A of cell upduino_known.$flatten\system.\transport.$gt$rtl/io/flash_stream.sv:87$934 ($gt).
Removed top 3 bits (of 25) from port B of cell upduino_known.$flatten\system.\transport.$gt$rtl/io/flash_stream.sv:87$934 ($gt).
Removed top 15 bits (of 16) from port B of cell upduino_known.$flatten\system.\transport.$eq$rtl/io/flash_stream.sv:105$945 ($eq).
Removed top 1 bits (of 2) from port B of cell upduino_known.$flatten\system.\transport.$procmux$3880_CMP0 ($eq).
Removed top 1 bits (of 8) from mux cell upduino_known.$flatten\system.\transport.\spi.$procmux$3495 ($mux).
Removed top 1 bits (of 8) from mux cell upduino_known.$flatten\system.\transport.\spi.$procmux$3492 ($mux).
Removed top 1 bits (of 8) from mux cell upduino_known.$flatten\system.\transport.\spi.$procmux$3490 ($mux).
Removed top 1 bits (of 8) from mux cell upduino_known.$flatten\system.\transport.\spi.$procmux$3487 ($mux).
Removed top 1 bits (of 8) from mux cell upduino_known.$flatten\system.\transport.\spi.$procmux$3485 ($mux).
Removed top 1 bits (of 8) from mux cell upduino_known.$flatten\system.\transport.\spi.$procmux$3482 ($mux).
Removed top 29 bits (of 32) from wire upduino_known.$flatten\system.\controller.$ternary$rtl/io/known_replay_controller.sv:75$718_Y.
Removed top 31 bits (of 32) from wire upduino_known.$flatten\system.\controller.$ternary$rtl/io/known_replay_controller.sv:75$716_Y.
Removed top 2 bits (of 24) from wire upduino_known.$flatten\system.\controller.$add$rtl/io/known_replay_controller.sv:91$738_Y.
Removed top 1 bits (of 32) from wire upduino_known.$flatten\system.\controller.$shr$rtl/io/known_replay_controller.sv:63$873_Y.
Removed top 1 bits (of 32) from wire upduino_known.$flatten\system.\controller.$shr$rtl/io/known_replay_controller.sv:63$897_Y.
Removed top 1 bits (of 32) from wire upduino_known.$flatten\system.\controller.$shr$rtl/io/known_replay_controller.sv:63$889_Y.
Removed top 1 bits (of 32) from wire upduino_known.$flatten\system.\controller.$shr$rtl/io/known_replay_controller.sv:63$881_Y.
Removed top 1 bits (of 32) from wire upduino_known.$flatten\system.\controller.$shr$rtl/io/known_replay_controller.sv:63$893_Y.
Removed top 7 bits (of 8) from wire upduino_known.$flatten\system.\transport.$ternary$rtl/io/flash_stream.sv:56$916_Y.
Removed top 30 bits (of 32) from wire upduino_known.$flatten\system.\core.\capture.$or$rtl/core/known_capture.sv:52$1138_Y.
Removed top 2 bits (of 5) from wire upduino_known.$flatten\system.\core.$procmux$2986_Y.
Removed top 30 bits (of 32) from wire upduino_known.$flatten\system.\core.\capture.$and$rtl/core/known_capture.sv:52$1135_Y.
Removed top 30 bits (of 32) from wire upduino_known.$flatten\system.\core.\capture.$not$rtl/core/known_capture.sv:52$1134_Y.
Removed top 30 bits (of 32) from wire upduino_known.$flatten\system.\core.\capture.$shift$rtl/core/known_capture.sv:52$1133_Y.
Removed top 15 bits (of 32) from wire upduino_known.$flatten\system.\transport.$add$rtl/io/flash_stream.sv:86$928_Y.
Removed top 2 bits (of 5) from wire upduino_known.$flatten\system.\core.$procmux$2961_Y.
Removed top 2 bits (of 5) from wire upduino_known.$flatten\system.\core.$procmux$2954_Y.
Removed top 2 bits (of 25) from wire upduino_known.$flatten\system.\transport.$add$rtl/io/flash_stream.sv:87$933_Y.
Removed top 24 bits (of 32) from wire upduino_known.$flatten\system.\controller.$shr$rtl/io/known_replay_controller.sv:97$751_Y.
Removed top 30 bits (of 32) from wire upduino_known.$flatten\system.\core.\capture.$or$rtl/core/known_capture.sv:42$1092_Y.
Removed top 30 bits (of 32) from wire upduino_known.$flatten\system.\core.\capture.$shift$rtl/core/known_capture.sv:42$1091_Y.
Removed top 30 bits (of 32) from wire upduino_known.$flatten\system.\core.\capture.$and$rtl/core/known_capture.sv:42$1089_Y.
Removed top 30 bits (of 32) from wire upduino_known.$flatten\system.\core.\capture.$not$rtl/core/known_capture.sv:42$1088_Y.
Removed top 30 bits (of 32) from wire upduino_known.$flatten\system.\core.\capture.$shift$rtl/core/known_capture.sv:42$1087_Y.
Removed top 30 bits (of 32) from wire upduino_known.$flatten\system.\core.\capture.$or$rtl/core/known_capture.sv:41$1082_Y.
Removed top 1 bits (of 32) from wire upduino_known.$flatten\system.\controller.$shr$rtl/io/known_replay_controller.sv:63$901_Y.
Removed top 30 bits (of 32) from wire upduino_known.$flatten\system.\core.\capture.$and$rtl/core/known_capture.sv:41$1079_Y.
Removed top 30 bits (of 32) from wire upduino_known.$flatten\system.\core.\capture.$or$rtl/core/known_capture.sv:41$1075_Y.
Removed top 30 bits (of 32) from wire upduino_known.$flatten\system.\core.\capture.$shift$rtl/core/known_capture.sv:41$1074_Y.
Removed top 30 bits (of 32) from wire upduino_known.$flatten\system.\core.\capture.$and$rtl/core/known_capture.sv:41$1072_Y.
Removed top 30 bits (of 32) from wire upduino_known.$flatten\system.\core.\capture.$not$rtl/core/known_capture.sv:41$1071_Y.
Removed top 30 bits (of 32) from wire upduino_known.$flatten\system.\core.\capture.$shift$rtl/core/known_capture.sv:41$1070_Y.
Removed top 5 bits (of 32) from wire upduino_known.$flatten\system.\controller.$sub$rtl/io/known_replay_controller.sv:82$733_Y.
Removed top 3 bits (of 32) from wire upduino_known.$flatten\system.\controller.$sub$rtl/io/known_replay_controller.sv:157$815_Y.
Removed top 1 bits (of 32) from wire upduino_known.$flatten\system.\controller.$shr$rtl/io/known_replay_controller.sv:63$877_Y.
Removed top 1 bits (of 8) from wire upduino_known.$flatten\system.\transport.\spi.$procmux$3495_Y.
Removed top 1 bits (of 8) from wire upduino_known.$flatten\system.\transport.\spi.$procmux$3492_Y.
Removed top 1 bits (of 8) from wire upduino_known.$flatten\system.\transport.\spi.$procmux$3490_Y.
Removed top 63 bits (of 64) from wire upduino_known.$flatten\system.\core.$logic_or$rtl/core/known_spectral_core.sv:79$1418_Y.
Removed top 1 bits (of 8) from wire upduino_known.$flatten\system.\transport.\spi.$procmux$3487_Y.
Removed top 1 bits (of 8) from wire upduino_known.$flatten\system.\transport.\spi.$procmux$3485_Y.
Removed top 1 bits (of 8) from wire upduino_known.$flatten\system.\transport.\spi.$procmux$3482_Y.
Removed top 63 bits (of 64) from wire upduino_known.$flatten\system.\core.$logic_or$rtl/core/known_spectral_core.sv:79$1404_Y.
Removed top 20 bits (of 32) from wire upduino_known.$flatten\system.\core.$add$rtl/core/known_spectral_core.sv:282$1376_Y.
Removed top 27 bits (of 32) from wire upduino_known.$flatten\system.\core.$ternary$rtl/core/known_spectral_core.sv:257$1355_Y.
Removed top 22 bits (of 32) from wire upduino_known.$flatten\system.\core.$add$rtl/core/known_spectral_core.sv:200$1319_Y.
Removed top 22 bits (of 32) from wire upduino_known.$flatten\system.\core.$add$rtl/core/known_spectral_core.sv:200$1318_Y.
Removed top 1 bits (of 10) from wire upduino_known.$flatten\system.\core.$ternary$rtl/core/known_spectral_core.sv:192$1314_Y.
Removed top 48 bits (of 64) from wire upduino_known.$flatten\system.\core.$add$rtl/core/known_spectral_core.sv:79$1300_Y.
Removed top 63 bits (of 64) from wire upduino_known.$flatten\system.\core.$logic_or$rtl/core/known_spectral_core.sv:79$1299_Y.
Removed top 1 bits (of 32) from wire upduino_known.$flatten\system.\controller.$shr$rtl/io/known_replay_controller.sv:63$885_Y.
Removed top 8 bits (of 32) from wire upduino_known.$flatten\system.\core.$add$rtl/core/known_spectral_core.sv:167$1281_Y.
Removed top 14 bits (of 32) from wire upduino_known.$flatten\system.\core.$add$rtl/core/known_spectral_core.sv:166$1280_Y.
Removed top 3 bits (of 32) from wire upduino_known.$flatten\system.\core.$add$rtl/core/known_spectral_core.sv:165$1268_Y.
Removed top 12 bits (of 32) from wire upduino_known.$flatten\system.\core.$add$rtl/core/known_spectral_core.sv:164$1262_Y.
Removed top 2 bits (of 32) from wire upduino_known.$flatten\system.\core.$add$rtl/core/known_spectral_core.sv:163$1256_Y.
Removed top 20 bits (of 32) from wire upduino_known.$flatten\system.\core.$add$rtl/core/known_spectral_core.sv:108$1207_Y.
Removed top 39 bits (of 40) from wire upduino_known.$flatten\system.\core.$logic_or$rtl/core/known_spectral_core.sv:103$1200_Y.
Removed top 63 bits (of 64) from wire upduino_known.$flatten\system.\core.$logic_or$rtl/core/known_spectral_core.sv:98$1195_Y.
Removed top 26 bits (of 32) from wire upduino_known.$flatten\system.\core.$ternary$rtl/core/known_spectral_core.sv:93$1187_Y.
Removed top 27 bits (of 32) from wire upduino_known.$flatten\system.\core.$ternary$rtl/core/known_spectral_core.sv:93$1186_Y.
Removed top 16 bits (of 17) from wire upduino_known.$flatten\system.\core.$logic_and$rtl/core/known_spectral_core.sv:73$1174_Y.

10.16. Executing PEEPOPT pass (run peephole optimizers).
shiftpow2 pattern in upduino_known: shift=$flatten\system.\controller.$shr$rtl/io/known_replay_controller.sv:97$751, index=\system.controller.byte_index [1:0], stride=8, width=8, ways=4
shiftpow2 pattern in upduino_known: shift=$flatten\system.\controller.$shiftx$rtl/io/known_replay_controller.sv:95$749, index=\system.controller.byte_index [1:0], stride=8, width=8, ways=4
shiftpow2 pattern in upduino_known: shift=$flatten\system.\core.$shr$rtl/core/known_spectral_core.sv:111$1212, index=\system.core.ram_part, stride=16, width=16, ways=4

10.17. Executing OPT_CLEAN pass (remove unused cells and wires).
Finding unused cells or wires in module \upduino_known..
Removed 0 unused cells and 67 unused wires.
<suppressed ~1 debug messages>

10.18. Executing SHARE pass (SAT-based resource sharing).

10.19. Executing TECHMAP pass (map to technology primitives).

10.19.1. Executing Verilog-2005 frontend: PROJECT_ROOT/.tools/oss-cad-suite/libexec/../share/yosys/cmp2lut.v
Parsing Verilog input from `PROJECT_ROOT/.tools/oss-cad-suite/libexec/../share/yosys/cmp2lut.v' to AST representation.
Generating RTLIL representation for module `\_90_lut_cmp_'.
Successfully finished Verilog frontend.

10.19.2. Continuing TECHMAP pass.
No more expansions possible.
<suppressed ~784 debug messages>

10.20. Executing OPT_EXPR pass (perform const folding).
Optimizing module upduino_known.

10.21. Executing OPT_CLEAN pass (remove unused cells and wires).
Finding unused cells or wires in module \upduino_known..

10.22. Executing MEMORY_DFF pass (merging $dff cells to $memrd).
Checking read port `\system.controller.queue'[0] in module `\upduino_known': merging output FF to cell.
    Write port 0: non-transparent.
Checking read port `\system.core.lanes[0].rom.quarter'[0] in module `\upduino_known': merging output FF to cell.
Checking read port `\system.core.capture.raw0'[0] in module `\upduino_known': merging output FF to cell.
    Write port 0: non-transparent.
Checking read port `\system.core.capture.raw1'[0] in module `\upduino_known': merging output FF to cell.
    Write port 0: non-transparent.
Checking read port `\system.core.capture.ids'[0] in module `\upduino_known': no output FF found.
Checking read port `\system.core.capture.sums'[0] in module `\upduino_known': no output FF found.
Checking read port `\system.core.log_table'[0] in module `\upduino_known': merging output FF to cell.
Checking read port `\system.core.weights'[0] in module `\upduino_known': merging output FF to cell.
Checking read port `\system.core.gains'[0] in module `\upduino_known': merging output FF to cell.
Checking read port `\system.core.means'[0] in module `\upduino_known': merging output FF to cell.
Checking read port `\system.core.windowed'[0] in module `\upduino_known': merging output FF to cell.
    Write port 0: don't care on collision.
Checking read port address `\system.core.capture.ids'[0] in module `\upduino_known': merged address FF to cell.
Checking read port address `\system.core.capture.sums'[0] in module `\upduino_known': merged address FF to cell.

10.23. Executing WREDUCE pass (reducing word size of cells).

10.24. Executing TECHMAP pass (map to technology primitives).

10.24.1. Executing Verilog-2005 frontend: PROJECT_ROOT/.tools/oss-cad-suite/libexec/../share/yosys/mul2dsp.v
Parsing Verilog input from `PROJECT_ROOT/.tools/oss-cad-suite/libexec/../share/yosys/mul2dsp.v' to AST representation.
Generating RTLIL representation for module `\_80_mul'.
Generating RTLIL representation for module `\_90_soft_mul'.
Successfully finished Verilog frontend.

10.24.2. Executing Verilog-2005 frontend: PROJECT_ROOT/.tools/oss-cad-suite/libexec/../share/yosys/ice40/dsp_map.v
Parsing Verilog input from `PROJECT_ROOT/.tools/oss-cad-suite/libexec/../share/yosys/ice40/dsp_map.v' to AST representation.
Generating RTLIL representation for module `$__MUL16X16'.
Successfully finished Verilog frontend.

10.24.3. Continuing TECHMAP pass.
Using template $paramod$98b5abf51e25760e7ff42b5f29b6a0813dd63380\_80_mul for cells of type $mul.
Using template $paramod$47854eca91d30af97f481b6f686a93486e1c1fd1$__MUL16X16 for cells of type $__MUL16X16.
No more expansions possible.
<suppressed ~89 debug messages>

10.25. Executing OPT_EXPR pass (perform const folding).

10.26. Executing WREDUCE pass (reducing word size of cells).

10.27. Executing ICE40_DSP pass (map multipliers).
Checking upduino_known.$flatten\system.\core.$mul$rtl/core/known_spectral_core.sv:125$1426 for iCE40 DSP inference.
  clock: \clk (posedge) ffO:$auto$ff.cc:337:slice$6239
<suppressed ~10 debug messages>

10.28. Executing ALUMACC pass (create $alu and $macc cells).
Extracting $alu and $macc cells in module upduino_known:
  creating $macc model for $flatten\system.\controller.$sub$rtl/io/known_replay_controller.sv:129$787 ($sub).
  creating $macc model for $flatten\system.\controller.$sub$rtl/io/known_replay_controller.sv:124$782 ($sub).
  creating $macc model for $flatten\system.\controller.$add$rtl/io/known_replay_controller.sv:124$781 ($add).
  creating $macc model for $flatten\system.\controller.$add$rtl/io/known_replay_controller.sv:116$767 ($add).
  creating $macc model for $flatten\system.\controller.$add$rtl/io/known_replay_controller.sv:115$766 ($add).
  creating $macc model for $flatten\system.\controller.$sub$rtl/io/known_replay_controller.sv:112$765 ($sub).
  creating $macc model for $flatten\system.\controller.$add$rtl/io/known_replay_controller.sv:111$764 ($add).
  creating $macc model for $flatten\system.\controller.$add$rtl/io/known_replay_controller.sv:109$763 ($add).
  creating $macc model for $flatten\system.\controller.$sub$rtl/io/known_replay_controller.sv:92$741 ($sub).
  creating $macc model for $flatten\system.\controller.$add$rtl/io/known_replay_controller.sv:91$738 ($add).
  creating $macc model for $flatten\system.\controller.$sub$rtl/io/known_replay_controller.sv:82$733 ($sub).
  creating $macc model for $flatten\system.\core.\lanes[0].rom.$neg$rtl/core/vib_coeff_rom.sv:34$962 ($neg).
  creating $macc model for $flatten\system.\core.\capture.$add$rtl/core/known_capture.sv:23$981 ($add).
  creating $macc model for $flatten\system.\core.\capture.$neg$rtl/core/known_capture.sv:41$1069 ($neg).
  creating $macc model for $flatten\system.\core.\capture.$neg$rtl/core/known_capture.sv:42$1086 ($neg).
  creating $macc model for $flatten\system.\core.\capture.$add$rtl/core/known_capture.sv:44$1102 ($add).
  creating $macc model for $flatten\system.\core.\capture.$add$rtl/core/known_capture.sv:47$1119 ($add).
  creating $macc model for $flatten\system.\core.\capture.$add$rtl/core/known_capture.sv:51$1131 ($add).
  creating $macc model for $flatten\system.\core.\capture.$neg$rtl/core/known_capture.sv:52$1132 ($neg).
  creating $macc model for $flatten\system.\core.\capture.$add$rtl/core/known_capture.sv:53$1140 ($add).
  creating $macc model for $flatten\system.\controller.$add$rtl/io/known_replay_controller.sv:169$829 ($add).
  creating $macc model for $flatten\system.\controller.$sub$rtl/io/known_replay_controller.sv:157$815 ($sub).
  creating $macc model for $flatten\system.\transport.$add$rtl/io/flash_stream.sv:117$952 ($add).
  creating $macc model for $flatten\system.\transport.$sub$rtl/io/flash_stream.sv:103$944 ($sub).
  creating $macc model for $flatten\system.\transport.$add$rtl/io/flash_stream.sv:99$942 ($add).
  creating $macc model for $flatten\system.\controller.$add$rtl/io/known_replay_controller.sv:184$847 ($add).
  creating $macc model for $flatten\system.\controller.$add$rtl/io/known_replay_controller.sv:195$854 ($add).
  creating $macc model for $flatten\system.\transport.$add$rtl/io/flash_stream.sv:87$933 ($add).
  creating $macc model for $flatten\system.\transport.$add$rtl/io/flash_stream.sv:86$928 ($add).
  creating $macc model for $flatten\system.\transport.$add$rtl/io/flash_stream.sv:81$924 ($add).
  creating $macc model for $flatten\system.\core.\lanes[0].rom.$neg$rtl/core/vib_coeff_rom.sv:20$953 ($neg).
  creating $macc model for $flatten\system.\core.$add$rtl/core/known_spectral_core.sv:79$1419 ($add).
  creating $macc model for $flatten\system.\core.$add$rtl/core/known_spectral_core.sv:79$1405 ($add).
  creating $macc model for $flatten\system.\core.$add$rtl/core/known_spectral_core.sv:290$1381 ($add).
  creating $macc model for $flatten\system.\core.$add$rtl/core/known_spectral_core.sv:282$1378 ($add).
  creating $macc model for $flatten\system.\core.$add$rtl/core/known_spectral_core.sv:281$1375 ($add).
  creating $macc model for $flatten\system.\core.$add$rtl/core/known_spectral_core.sv:279$1373 ($add).
  creating $macc model for $flatten\system.\core.$neg$rtl/core/known_spectral_core.sv:275$1371 ($neg).
  creating $macc model for $flatten\system.\core.$sub$rtl/core/known_spectral_core.sv:270$1368 ($sub).
  creating $macc model for $flatten\system.\core.$sub$rtl/core/known_spectral_core.sv:264$1363 ($sub).
  creating $macc model for $flatten\system.\core.$add$rtl/core/known_spectral_core.sv:263$1360 ($add).
  creating $macc model for $flatten\system.\core.$add$rtl/core/known_spectral_core.sv:258$1356 ($add).
  creating $macc model for $flatten\system.\core.$neg$rtl/core/known_spectral_core.sv:246$1348 ($neg).
  creating $macc model for $flatten\system.\core.$neg$rtl/core/known_spectral_core.sv:222$1336 ($neg).
  creating $macc model for $flatten\system.\core.$add$rtl/core/known_spectral_core.sv:220$1333 ($add).
  creating $macc model for $flatten\system.\core.$neg$rtl/core/known_spectral_core.sv:215$1329 ($neg).
  creating $macc model for $flatten\system.\core.$add$rtl/core/known_spectral_core.sv:204$1321 ($add).
  creating $macc model for $flatten\system.\core.$add$rtl/core/known_spectral_core.sv:203$1320 ($add).
  creating $macc model for $flatten\system.\core.$add$rtl/core/known_spectral_core.sv:200$1319 ($add).
  creating $macc model for $flatten\system.\core.$add$rtl/core/known_spectral_core.sv:200$1318 ($add).
  creating $macc model for $flatten\system.\transport.\spi.$add$rtl/io/spi_master.sv:77$1440 ($add).
  creating $macc model for $flatten\system.\core.$add$rtl/core/known_spectral_core.sv:199$1315 ($add).
  creating $macc model for $flatten\system.\transport.\spi.$sub$rtl/io/spi_master.sv:78$1441 ($sub).
  creating $macc model for $flatten\system.\core.$add$rtl/core/known_spectral_core.sv:186$1310 ($add).
  creating $macc model for $flatten\system.\core.$add$rtl/core/known_spectral_core.sv:172$1302 ($add).
  creating $macc model for $flatten\system.\core.$add$rtl/core/known_spectral_core.sv:79$1300 ($add).
  creating $macc model for $flatten\system.\core.$add$rtl/core/known_spectral_core.sv:167$1281 ($add).
  creating $macc model for $flatten\system.\core.$add$rtl/core/known_spectral_core.sv:166$1280 ($add).
  creating $macc model for $flatten\system.\core.$add$rtl/core/known_spectral_core.sv:165$1268 ($add).
  creating $macc model for $flatten\system.\core.$add$rtl/core/known_spectral_core.sv:164$1262 ($add).
  creating $macc model for $flatten\system.\core.$add$rtl/core/known_spectral_core.sv:163$1256 ($add).
  creating $macc model for $flatten\system.\core.$sub$rtl/core/known_spectral_core.sv:113$1215 ($sub).
  creating $macc model for $flatten\system.\core.$add$rtl/core/known_spectral_core.sv:113$1214 ($add).
  creating $macc model for $flatten\system.\core.$add$rtl/core/known_spectral_core.sv:108$1207 ($add).
  creating $macc model for $flatten\system.\core.$neg$rtl/core/known_spectral_core.sv:106$1204 ($neg).
  creating $macc model for $flatten\system.\core.$add$rtl/core/known_spectral_core.sv:103$1201 ($add).
  creating $macc model for $flatten\system.\core.$add$rtl/core/known_spectral_core.sv:98$1196 ($add).
  creating $macc model for $flatten\system.\core.$add$rtl/core/known_spectral_core.sv:95$1190 ($add).
  creating $macc model for $flatten\system.\core.$add$rtl/core/known_spectral_core.sv:94$1189 ($add).
  creating $macc model for $flatten\system.\core.$add$rtl/core/known_spectral_core.sv:91$1183 ($add).
  creating $macc model for $flatten\system.\core.$add$rtl/core/known_spectral_core.sv:91$1181 ($add).
  creating $macc model for $flatten\system.\core.$add$rtl/core/known_spectral_core.sv:73$1175 ($add).
  creating $macc model for $flatten\system.\core.$sub$rtl/core/known_spectral_core.sv:72$1172 ($sub).
  creating $macc model for $flatten\system.\core.$sub$rtl/core/known_spectral_core.sv:70$1167 ($sub).
  creating $macc model for $flatten\system.\core.$add$rtl/core/known_spectral_core.sv:61$1163 ($add).
  creating $macc model for $add$rtl/upduino_known.sv:11$395 ($add).
  merging $macc model for $flatten\system.\core.$add$rtl/core/known_spectral_core.sv:91$1181 into $flatten\system.\core.$add$rtl/core/known_spectral_core.sv:91$1183.
  merging $macc model for $flatten\system.\core.$add$rtl/core/known_spectral_core.sv:113$1214 into $flatten\system.\core.$sub$rtl/core/known_spectral_core.sv:113$1215.
  merging $macc model for $flatten\system.\core.$add$rtl/core/known_spectral_core.sv:200$1318 into $flatten\system.\core.$add$rtl/core/known_spectral_core.sv:200$1319.
  creating $alu model for $macc $flatten\system.\core.$sub$rtl/core/known_spectral_core.sv:72$1172.
  creating $alu model for $macc $flatten\system.\core.$add$rtl/core/known_spectral_core.sv:73$1175.
  creating $alu model for $macc $flatten\system.\core.$sub$rtl/core/known_spectral_core.sv:70$1167.
  creating $alu model for $macc $flatten\system.\core.$add$rtl/core/known_spectral_core.sv:94$1189.
  creating $alu model for $macc $flatten\system.\core.$add$rtl/core/known_spectral_core.sv:95$1190.
  creating $alu model for $macc $flatten\system.\core.$add$rtl/core/known_spectral_core.sv:98$1196.
  creating $alu model for $macc $flatten\system.\core.$add$rtl/core/known_spectral_core.sv:103$1201.
  creating $alu model for $macc $flatten\system.\core.$neg$rtl/core/known_spectral_core.sv:106$1204.
  creating $alu model for $macc $flatten\system.\core.$add$rtl/core/known_spectral_core.sv:108$1207.
  creating $alu model for $macc $flatten\system.\core.$add$rtl/core/known_spectral_core.sv:61$1163.
  creating $alu model for $macc $flatten\system.\core.$add$rtl/core/known_spectral_core.sv:163$1256.
  creating $alu model for $macc $flatten\system.\core.$add$rtl/core/known_spectral_core.sv:164$1262.
  creating $alu model for $macc $flatten\system.\core.$add$rtl/core/known_spectral_core.sv:165$1268.
  creating $alu model for $macc $flatten\system.\core.$add$rtl/core/known_spectral_core.sv:166$1280.
  creating $alu model for $macc $flatten\system.\core.$add$rtl/core/known_spectral_core.sv:167$1281.
  creating $alu model for $macc $flatten\system.\core.$add$rtl/core/known_spectral_core.sv:79$1300.
  creating $alu model for $macc $flatten\system.\core.$add$rtl/core/known_spectral_core.sv:172$1302.
  creating $alu model for $macc $flatten\system.\core.$add$rtl/core/known_spectral_core.sv:186$1310.
  creating $alu model for $macc $flatten\system.\transport.\spi.$sub$rtl/io/spi_master.sv:78$1441.
  creating $alu model for $macc $flatten\system.\core.$add$rtl/core/known_spectral_core.sv:199$1315.
  creating $alu model for $macc $flatten\system.\transport.\spi.$add$rtl/io/spi_master.sv:77$1440.
  creating $alu model for $macc $add$rtl/upduino_known.sv:11$395.
  creating $alu model for $macc $flatten\system.\core.$add$rtl/core/known_spectral_core.sv:200$1319.
  creating $alu model for $macc $flatten\system.\core.$add$rtl/core/known_spectral_core.sv:203$1320.
  creating $alu model for $macc $flatten\system.\core.$add$rtl/core/known_spectral_core.sv:204$1321.
  creating $alu model for $macc $flatten\system.\core.$neg$rtl/core/known_spectral_core.sv:215$1329.
  creating $alu model for $macc $flatten\system.\core.$add$rtl/core/known_spectral_core.sv:220$1333.
  creating $alu model for $macc $flatten\system.\core.$neg$rtl/core/known_spectral_core.sv:222$1336.
  creating $alu model for $macc $flatten\system.\core.$neg$rtl/core/known_spectral_core.sv:246$1348.
  creating $alu model for $macc $flatten\system.\core.$add$rtl/core/known_spectral_core.sv:258$1356.
  creating $alu model for $macc $flatten\system.\core.$add$rtl/core/known_spectral_core.sv:263$1360.
  creating $alu model for $macc $flatten\system.\core.$sub$rtl/core/known_spectral_core.sv:264$1363.
  creating $alu model for $macc $flatten\system.\core.$sub$rtl/core/known_spectral_core.sv:270$1368.
  creating $alu model for $macc $flatten\system.\core.$neg$rtl/core/known_spectral_core.sv:275$1371.
  creating $alu model for $macc $flatten\system.\core.$add$rtl/core/known_spectral_core.sv:279$1373.
  creating $alu model for $macc $flatten\system.\core.$add$rtl/core/known_spectral_core.sv:281$1375.
  creating $alu model for $macc $flatten\system.\core.$add$rtl/core/known_spectral_core.sv:282$1378.
  creating $alu model for $macc $flatten\system.\core.$add$rtl/core/known_spectral_core.sv:290$1381.
  creating $alu model for $macc $flatten\system.\core.$add$rtl/core/known_spectral_core.sv:79$1405.
  creating $alu model for $macc $flatten\system.\core.$add$rtl/core/known_spectral_core.sv:79$1419.
  creating $alu model for $macc $flatten\system.\core.\lanes[0].rom.$neg$rtl/core/vib_coeff_rom.sv:20$953.
  creating $alu model for $macc $flatten\system.\transport.$add$rtl/io/flash_stream.sv:81$924.
  creating $alu model for $macc $flatten\system.\transport.$add$rtl/io/flash_stream.sv:86$928.
  creating $alu model for $macc $flatten\system.\transport.$add$rtl/io/flash_stream.sv:87$933.
  creating $alu model for $macc $flatten\system.\controller.$add$rtl/io/known_replay_controller.sv:195$854.
  creating $alu model for $macc $flatten\system.\controller.$add$rtl/io/known_replay_controller.sv:184$847.
  creating $alu model for $macc $flatten\system.\transport.$add$rtl/io/flash_stream.sv:99$942.
  creating $alu model for $macc $flatten\system.\transport.$sub$rtl/io/flash_stream.sv:103$944.
  creating $alu model for $macc $flatten\system.\transport.$add$rtl/io/flash_stream.sv:117$952.
  creating $alu model for $macc $flatten\system.\controller.$sub$rtl/io/known_replay_controller.sv:157$815.
  creating $alu model for $macc $flatten\system.\controller.$add$rtl/io/known_replay_controller.sv:169$829.
  creating $alu model for $macc $flatten\system.\core.\capture.$add$rtl/core/known_capture.sv:53$1140.
  creating $alu model for $macc $flatten\system.\core.\capture.$neg$rtl/core/known_capture.sv:52$1132.
  creating $alu model for $macc $flatten\system.\core.\capture.$add$rtl/core/known_capture.sv:51$1131.
  creating $alu model for $macc $flatten\system.\core.\capture.$add$rtl/core/known_capture.sv:47$1119.
  creating $alu model for $macc $flatten\system.\core.\capture.$add$rtl/core/known_capture.sv:44$1102.
  creating $alu model for $macc $flatten\system.\core.\capture.$neg$rtl/core/known_capture.sv:42$1086.
  creating $alu model for $macc $flatten\system.\core.\capture.$neg$rtl/core/known_capture.sv:41$1069.
  creating $alu model for $macc $flatten\system.\core.\capture.$add$rtl/core/known_capture.sv:23$981.
  creating $alu model for $macc $flatten\system.\core.\lanes[0].rom.$neg$rtl/core/vib_coeff_rom.sv:34$962.
  creating $alu model for $macc $flatten\system.\controller.$sub$rtl/io/known_replay_controller.sv:82$733.
  creating $alu model for $macc $flatten\system.\controller.$add$rtl/io/known_replay_controller.sv:91$738.
  creating $alu model for $macc $flatten\system.\controller.$sub$rtl/io/known_replay_controller.sv:92$741.
  creating $alu model for $macc $flatten\system.\controller.$add$rtl/io/known_replay_controller.sv:109$763.
  creating $alu model for $macc $flatten\system.\controller.$add$rtl/io/known_replay_controller.sv:111$764.
  creating $alu model for $macc $flatten\system.\controller.$sub$rtl/io/known_replay_controller.sv:112$765.
  creating $alu model for $macc $flatten\system.\controller.$add$rtl/io/known_replay_controller.sv:115$766.
  creating $alu model for $macc $flatten\system.\controller.$add$rtl/io/known_replay_controller.sv:116$767.
  creating $alu model for $macc $flatten\system.\controller.$add$rtl/io/known_replay_controller.sv:124$781.
  creating $alu model for $macc $flatten\system.\controller.$sub$rtl/io/known_replay_controller.sv:124$782.
  creating $alu model for $macc $flatten\system.\controller.$sub$rtl/io/known_replay_controller.sv:129$787.
  creating $macc cell for $flatten\system.\core.$add$rtl/core/known_spectral_core.sv:91$1183: $auto$alumacc.cc:399:replace_macc$6771
  creating $macc cell for $flatten\system.\core.$sub$rtl/core/known_spectral_core.sv:113$1215: $auto$alumacc.cc:399:replace_macc$6772
  creating $alu model for $flatten\system.\controller.$ge$rtl/io/known_replay_controller.sv:119$778 ($ge): new $alu
  creating $alu model for $flatten\system.\controller.$gt$rtl/io/known_replay_controller.sv:117$768 ($gt): new $alu
  creating $alu model for $flatten\system.\controller.$lt$rtl/io/known_replay_controller.sv:93$745 ($lt): new $alu
  creating $alu model for $flatten\system.\controller.$gt$rtl/io/known_replay_controller.sv:92$740 ($gt): new $alu
  creating $alu model for $flatten\system.\controller.$ge$rtl/io/known_replay_controller.sv:157$814 ($ge): merged with $flatten\system.\controller.$sub$rtl/io/known_replay_controller.sv:157$815.
  creating $alu model for $flatten\system.\controller.$gt$rtl/io/known_replay_controller.sv:152$810 ($gt): new $alu
  creating $alu model for $flatten\system.\controller.$lt$rtl/io/known_replay_controller.sv:152$809 ($lt): new $alu
  creating $alu model for $flatten\system.\controller.$lt$rtl/io/known_replay_controller.sv:146$802 ($lt): merged with $flatten\system.\controller.$sub$rtl/io/known_replay_controller.sv:157$815.
  creating $alu model for $flatten\system.\transport.$gt$rtl/io/flash_stream.sv:87$934 ($gt): new $alu
  creating $alu model for $flatten\system.\controller.$lt$rtl/io/known_replay_controller.sv:199$862 ($lt): new $alu
  creating $alu model for $flatten\system.\transport.$lt$rtl/io/flash_stream.sv:87$931 ($lt): new $alu
  creating $alu model for $flatten\system.\transport.$gt$rtl/io/flash_stream.sv:86$929 ($gt): new $alu
  creating $alu model for $flatten\system.\transport.$gt$rtl/io/flash_stream.sv:85$927 ($gt): new $alu
  creating $alu model for $flatten\system.\core.$gt$rtl/core/known_spectral_core.sv:79$1415 ($gt): new $alu
  creating $alu model for $flatten\system.\core.$gt$rtl/core/known_spectral_core.sv:79$1401 ($gt): new $alu
  creating $alu model for $flatten\system.\core.$gt$rtl/core/known_spectral_core.sv:288$1380 ($gt): new $alu
  creating $alu model for $flatten\system.\core.$lt$rtl/core/known_spectral_core.sv:282$1377 ($lt): new $alu
  creating $alu model for $flatten\system.\core.$lt$rtl/core/known_spectral_core.sv:264$1361 ($lt): new $alu
  creating $alu model for $flatten\system.\core.$ge$rtl/core/known_spectral_core.sv:263$1358 ($ge): new $alu
  creating $alu model for $flatten\system.\core.$lt$rtl/core/known_spectral_core.sv:210$1326 ($lt): new $alu
  creating $alu model for $flatten\system.\core.$gt$rtl/core/known_spectral_core.sv:210$1325 ($gt): new $alu
  creating $alu model for $flatten\system.\core.$lt$rtl/core/known_spectral_core.sv:180$1307 ($lt): new $alu
  creating $alu model for $flatten\system.\core.$gt$rtl/core/known_spectral_core.sv:180$1306 ($gt): new $alu
  creating $alu model for $flatten\system.\core.$gt$rtl/core/known_spectral_core.sv:79$1296 ($gt): new $alu
  creating $alu model for $flatten\system.\core.$le$rtl/core/known_spectral_core.sv:166$1271 ($le): new $alu
  creating $alu model for $flatten\system.\core.$ge$rtl/core/known_spectral_core.sv:166$1270 ($ge): new $alu
  creating $alu model for $flatten\system.\core.$lt$rtl/core/known_spectral_core.sv:114$1216 ($lt): new $alu
  creating $alu model for $flatten\system.\core.$gt$rtl/core/known_spectral_core.sv:105$1202 ($gt): new $alu
  creating $alu model for $flatten\system.\core.$gt$rtl/core/known_spectral_core.sv:103$1197 ($gt): new $alu
  creating $alu model for $flatten\system.\core.$gt$rtl/core/known_spectral_core.sv:98$1192 ($gt): new $alu
  creating $alu model for $flatten\system.\core.$lt$rtl/core/known_spectral_core.sv:69$1165 ($lt): new $alu
  creating $alu model for $lt$rtl/upduino_known.sv:10$393 ($lt): new $alu
  creating $alu model for $flatten\system.\controller.$procmux$4528_CMP0 ($eq): merged with $flatten\system.\controller.$sub$rtl/io/known_replay_controller.sv:82$733.
  creating $alu model for $flatten\system.\controller.$eq$rtl/io/known_replay_controller.sv:179$836 ($eq): merged with $flatten\system.\controller.$sub$rtl/io/known_replay_controller.sv:92$741.
  creating $alu model for $flatten\system.\transport.$eq$rtl/io/flash_stream.sv:105$945 ($eq): merged with $flatten\system.\transport.$sub$rtl/io/flash_stream.sv:103$944.
  creating $alu model for $flatten\system.\core.$procmux$2947_CMP0 ($eq): merged with $flatten\system.\core.$ge$rtl/core/known_spectral_core.sv:166$1270.
  creating $alu model for $flatten\system.\core.$procmux$2932_CMP0 ($eq): merged with $flatten\system.\core.$le$rtl/core/known_spectral_core.sv:166$1271.
  creating $alu model for $flatten\system.\core.$eq$rtl/core/known_spectral_core.sv:79$1416 ($eq): merged with $flatten\system.\core.$gt$rtl/core/known_spectral_core.sv:79$1415.
  creating $alu model for $flatten\system.\core.$eq$rtl/core/known_spectral_core.sv:79$1402 ($eq): merged with $flatten\system.\core.$gt$rtl/core/known_spectral_core.sv:79$1401.
  creating $alu model for $flatten\system.\core.$eq$rtl/core/known_spectral_core.sv:79$1297 ($eq): merged with $flatten\system.\core.$gt$rtl/core/known_spectral_core.sv:79$1296.
  creating $alu model for $flatten\system.\core.$eq$rtl/core/known_spectral_core.sv:104$1198 ($eq): merged with $flatten\system.\core.$gt$rtl/core/known_spectral_core.sv:103$1197.
  creating $alu model for $flatten\system.\core.$eq$rtl/core/known_spectral_core.sv:98$1193 ($eq): merged with $flatten\system.\core.$gt$rtl/core/known_spectral_core.sv:98$1192.
  creating $alu cell for $lt$rtl/upduino_known.sv:10$393: $auto$alumacc.cc:548:replace_alu$6803
  creating $alu cell for $flatten\system.\core.$lt$rtl/core/known_spectral_core.sv:69$1165: $auto$alumacc.cc:548:replace_alu$6808
  creating $alu cell for $flatten\system.\core.$gt$rtl/core/known_spectral_core.sv:98$1192, $flatten\system.\core.$eq$rtl/core/known_spectral_core.sv:98$1193: $auto$alumacc.cc:548:replace_alu$6813
  creating $alu cell for $flatten\system.\core.$gt$rtl/core/known_spectral_core.sv:103$1197, $flatten\system.\core.$eq$rtl/core/known_spectral_core.sv:104$1198: $auto$alumacc.cc:548:replace_alu$6824
  creating $alu cell for $flatten\system.\core.$gt$rtl/core/known_spectral_core.sv:105$1202: $auto$alumacc.cc:548:replace_alu$6835
  creating $alu cell for $flatten\system.\core.$lt$rtl/core/known_spectral_core.sv:114$1216: $auto$alumacc.cc:548:replace_alu$6846
  creating $alu cell for $flatten\system.\core.$ge$rtl/core/known_spectral_core.sv:166$1270, $flatten\system.\core.$procmux$2947_CMP0: $auto$alumacc.cc:548:replace_alu$6853
  creating $alu cell for $flatten\system.\core.$le$rtl/core/known_spectral_core.sv:166$1271, $flatten\system.\core.$procmux$2932_CMP0: $auto$alumacc.cc:548:replace_alu$6866
  creating $alu cell for $flatten\system.\core.$gt$rtl/core/known_spectral_core.sv:79$1296, $flatten\system.\core.$eq$rtl/core/known_spectral_core.sv:79$1297: $auto$alumacc.cc:548:replace_alu$6875
  creating $alu cell for $flatten\system.\core.$gt$rtl/core/known_spectral_core.sv:180$1306: $auto$alumacc.cc:548:replace_alu$6886
  creating $alu cell for $flatten\system.\core.$lt$rtl/core/known_spectral_core.sv:180$1307: $auto$alumacc.cc:548:replace_alu$6899
  creating $alu cell for $flatten\system.\core.$gt$rtl/core/known_spectral_core.sv:210$1325: $auto$alumacc.cc:548:replace_alu$6906
  creating $alu cell for $flatten\system.\core.$lt$rtl/core/known_spectral_core.sv:210$1326: $auto$alumacc.cc:548:replace_alu$6919
  creating $alu cell for $flatten\system.\core.$ge$rtl/core/known_spectral_core.sv:263$1358: $auto$alumacc.cc:548:replace_alu$6926
  creating $alu cell for $flatten\system.\core.$lt$rtl/core/known_spectral_core.sv:264$1361: $auto$alumacc.cc:548:replace_alu$6939
  creating $alu cell for $flatten\system.\core.$lt$rtl/core/known_spectral_core.sv:282$1377: $auto$alumacc.cc:548:replace_alu$6944
  creating $alu cell for $flatten\system.\core.$gt$rtl/core/known_spectral_core.sv:288$1380: $auto$alumacc.cc:548:replace_alu$6949
  creating $alu cell for $flatten\system.\core.$gt$rtl/core/known_spectral_core.sv:79$1401, $flatten\system.\core.$eq$rtl/core/known_spectral_core.sv:79$1402: $auto$alumacc.cc:548:replace_alu$6962
  creating $alu cell for $flatten\system.\core.$gt$rtl/core/known_spectral_core.sv:79$1415, $flatten\system.\core.$eq$rtl/core/known_spectral_core.sv:79$1416: $auto$alumacc.cc:548:replace_alu$6973
  creating $alu cell for $flatten\system.\transport.$gt$rtl/io/flash_stream.sv:85$927: $auto$alumacc.cc:548:replace_alu$6984
  creating $alu cell for $flatten\system.\transport.$gt$rtl/io/flash_stream.sv:86$929: $auto$alumacc.cc:548:replace_alu$6995
  creating $alu cell for $flatten\system.\transport.$lt$rtl/io/flash_stream.sv:87$931: $auto$alumacc.cc:548:replace_alu$7006
  creating $alu cell for $flatten\system.\controller.$lt$rtl/io/known_replay_controller.sv:199$862: $auto$alumacc.cc:548:replace_alu$7011
  creating $alu cell for $flatten\system.\transport.$gt$rtl/io/flash_stream.sv:87$934: $auto$alumacc.cc:548:replace_alu$7016
  creating $alu cell for $flatten\system.\controller.$lt$rtl/io/known_replay_controller.sv:152$809: $auto$alumacc.cc:548:replace_alu$7027
  creating $alu cell for $flatten\system.\controller.$gt$rtl/io/known_replay_controller.sv:152$810: $auto$alumacc.cc:548:replace_alu$7032
  creating $alu cell for $flatten\system.\controller.$gt$rtl/io/known_replay_controller.sv:92$740: $auto$alumacc.cc:548:replace_alu$7043
  creating $alu cell for $flatten\system.\controller.$lt$rtl/io/known_replay_controller.sv:93$745: $auto$alumacc.cc:548:replace_alu$7054
  creating $alu cell for $flatten\system.\controller.$gt$rtl/io/known_replay_controller.sv:117$768: $auto$alumacc.cc:548:replace_alu$7059
  creating $alu cell for $flatten\system.\controller.$ge$rtl/io/known_replay_controller.sv:119$778: $auto$alumacc.cc:548:replace_alu$7070
  creating $alu cell for $flatten\system.\controller.$sub$rtl/io/known_replay_controller.sv:129$787: $auto$alumacc.cc:548:replace_alu$7083
  creating $alu cell for $flatten\system.\controller.$sub$rtl/io/known_replay_controller.sv:124$782: $auto$alumacc.cc:548:replace_alu$7086
  creating $alu cell for $flatten\system.\controller.$add$rtl/io/known_replay_controller.sv:124$781: $auto$alumacc.cc:548:replace_alu$7089
  creating $alu cell for $flatten\system.\controller.$add$rtl/io/known_replay_controller.sv:116$767: $auto$alumacc.cc:548:replace_alu$7092
  creating $alu cell for $flatten\system.\controller.$add$rtl/io/known_replay_controller.sv:115$766: $auto$alumacc.cc:548:replace_alu$7095
  creating $alu cell for $flatten\system.\controller.$sub$rtl/io/known_replay_controller.sv:112$765: $auto$alumacc.cc:548:replace_alu$7098
  creating $alu cell for $flatten\system.\controller.$add$rtl/io/known_replay_controller.sv:111$764: $auto$alumacc.cc:548:replace_alu$7101
  creating $alu cell for $flatten\system.\controller.$add$rtl/io/known_replay_controller.sv:109$763: $auto$alumacc.cc:548:replace_alu$7104
  creating $alu cell for $flatten\system.\controller.$sub$rtl/io/known_replay_controller.sv:92$741, $flatten\system.\controller.$eq$rtl/io/known_replay_controller.sv:179$836: $auto$alumacc.cc:548:replace_alu$7107
  creating $alu cell for $flatten\system.\controller.$add$rtl/io/known_replay_controller.sv:91$738: $auto$alumacc.cc:548:replace_alu$7112
  creating $alu cell for $flatten\system.\controller.$sub$rtl/io/known_replay_controller.sv:82$733, $flatten\system.\controller.$procmux$4528_CMP0: $auto$alumacc.cc:548:replace_alu$7115
  creating $alu cell for $flatten\system.\core.\lanes[0].rom.$neg$rtl/core/vib_coeff_rom.sv:34$962: $auto$alumacc.cc:548:replace_alu$7120
  creating $alu cell for $flatten\system.\core.\capture.$add$rtl/core/known_capture.sv:23$981: $auto$alumacc.cc:548:replace_alu$7123
  creating $alu cell for $flatten\system.\core.\capture.$neg$rtl/core/known_capture.sv:41$1069: $auto$alumacc.cc:548:replace_alu$7126
  creating $alu cell for $flatten\system.\core.\capture.$neg$rtl/core/known_capture.sv:42$1086: $auto$alumacc.cc:548:replace_alu$7129
  creating $alu cell for $flatten\system.\core.\capture.$add$rtl/core/known_capture.sv:44$1102: $auto$alumacc.cc:548:replace_alu$7132
  creating $alu cell for $flatten\system.\core.\capture.$add$rtl/core/known_capture.sv:47$1119: $auto$alumacc.cc:548:replace_alu$7135
  creating $alu cell for $flatten\system.\core.\capture.$add$rtl/core/known_capture.sv:51$1131: $auto$alumacc.cc:548:replace_alu$7138
  creating $alu cell for $flatten\system.\core.\capture.$neg$rtl/core/known_capture.sv:52$1132: $auto$alumacc.cc:548:replace_alu$7141
  creating $alu cell for $flatten\system.\core.\capture.$add$rtl/core/known_capture.sv:53$1140: $auto$alumacc.cc:548:replace_alu$7144
  creating $alu cell for $flatten\system.\controller.$add$rtl/io/known_replay_controller.sv:169$829: $auto$alumacc.cc:548:replace_alu$7147
  creating $alu cell for $flatten\system.\controller.$sub$rtl/io/known_replay_controller.sv:157$815, $flatten\system.\controller.$ge$rtl/io/known_replay_controller.sv:157$814, $flatten\system.\controller.$lt$rtl/io/known_replay_controller.sv:146$802: $auto$alumacc.cc:548:replace_alu$7150
  creating $alu cell for $flatten\system.\transport.$add$rtl/io/flash_stream.sv:117$952: $auto$alumacc.cc:548:replace_alu$7163
  creating $alu cell for $flatten\system.\transport.$sub$rtl/io/flash_stream.sv:103$944, $flatten\system.\transport.$eq$rtl/io/flash_stream.sv:105$945: $auto$alumacc.cc:548:replace_alu$7166
  creating $alu cell for $flatten\system.\transport.$add$rtl/io/flash_stream.sv:99$942: $auto$alumacc.cc:548:replace_alu$7171
  creating $alu cell for $flatten\system.\controller.$add$rtl/io/known_replay_controller.sv:184$847: $auto$alumacc.cc:548:replace_alu$7174
  creating $alu cell for $flatten\system.\controller.$add$rtl/io/known_replay_controller.sv:195$854: $auto$alumacc.cc:548:replace_alu$7177
  creating $alu cell for $flatten\system.\transport.$add$rtl/io/flash_stream.sv:87$933: $auto$alumacc.cc:548:replace_alu$7180
  creating $alu cell for $flatten\system.\transport.$add$rtl/io/flash_stream.sv:86$928: $auto$alumacc.cc:548:replace_alu$7183
  creating $alu cell for $flatten\system.\transport.$add$rtl/io/flash_stream.sv:81$924: $auto$alumacc.cc:548:replace_alu$7186
  creating $alu cell for $flatten\system.\core.\lanes[0].rom.$neg$rtl/core/vib_coeff_rom.sv:20$953: $auto$alumacc.cc:548:replace_alu$7189
  creating $alu cell for $flatten\system.\core.$add$rtl/core/known_spectral_core.sv:79$1419: $auto$alumacc.cc:548:replace_alu$7192
  creating $alu cell for $flatten\system.\core.$add$rtl/core/known_spectral_core.sv:79$1405: $auto$alumacc.cc:548:replace_alu$7195
  creating $alu cell for $flatten\system.\core.$add$rtl/core/known_spectral_core.sv:290$1381: $auto$alumacc.cc:548:replace_alu$7198
  creating $alu cell for $flatten\system.\core.$add$rtl/core/known_spectral_core.sv:282$1378: $auto$alumacc.cc:548:replace_alu$7201
  creating $alu cell for $flatten\system.\core.$add$rtl/core/known_spectral_core.sv:281$1375: $auto$alumacc.cc:548:replace_alu$7204
  creating $alu cell for $flatten\system.\core.$add$rtl/core/known_spectral_core.sv:279$1373: $auto$alumacc.cc:548:replace_alu$7207
  creating $alu cell for $flatten\system.\core.$neg$rtl/core/known_spectral_core.sv:275$1371: $auto$alumacc.cc:548:replace_alu$7210
  creating $alu cell for $flatten\system.\core.$sub$rtl/core/known_spectral_core.sv:270$1368: $auto$alumacc.cc:548:replace_alu$7213
  creating $alu cell for $flatten\system.\core.$sub$rtl/core/known_spectral_core.sv:264$1363: $auto$alumacc.cc:548:replace_alu$7216
  creating $alu cell for $flatten\system.\core.$add$rtl/core/known_spectral_core.sv:263$1360: $auto$alumacc.cc:548:replace_alu$7219
  creating $alu cell for $flatten\system.\core.$add$rtl/core/known_spectral_core.sv:258$1356: $auto$alumacc.cc:548:replace_alu$7222
  creating $alu cell for $flatten\system.\core.$neg$rtl/core/known_spectral_core.sv:246$1348: $auto$alumacc.cc:548:replace_alu$7225
  creating $alu cell for $flatten\system.\core.$neg$rtl/core/known_spectral_core.sv:222$1336: $auto$alumacc.cc:548:replace_alu$7228
  creating $alu cell for $flatten\system.\core.$add$rtl/core/known_spectral_core.sv:220$1333: $auto$alumacc.cc:548:replace_alu$7231
  creating $alu cell for $flatten\system.\core.$neg$rtl/core/known_spectral_core.sv:215$1329: $auto$alumacc.cc:548:replace_alu$7234
  creating $alu cell for $flatten\system.\core.$add$rtl/core/known_spectral_core.sv:204$1321: $auto$alumacc.cc:548:replace_alu$7237
  creating $alu cell for $flatten\system.\core.$add$rtl/core/known_spectral_core.sv:203$1320: $auto$alumacc.cc:548:replace_alu$7240
  creating $alu cell for $flatten\system.\core.$add$rtl/core/known_spectral_core.sv:200$1319: $auto$alumacc.cc:548:replace_alu$7243
  creating $alu cell for $add$rtl/upduino_known.sv:11$395: $auto$alumacc.cc:548:replace_alu$7246
  creating $alu cell for $flatten\system.\transport.\spi.$add$rtl/io/spi_master.sv:77$1440: $auto$alumacc.cc:548:replace_alu$7249
  creating $alu cell for $flatten\system.\core.$add$rtl/core/known_spectral_core.sv:199$1315: $auto$alumacc.cc:548:replace_alu$7252
  creating $alu cell for $flatten\system.\transport.\spi.$sub$rtl/io/spi_master.sv:78$1441: $auto$alumacc.cc:548:replace_alu$7255
  creating $alu cell for $flatten\system.\core.$add$rtl/core/known_spectral_core.sv:186$1310: $auto$alumacc.cc:548:replace_alu$7258
  creating $alu cell for $flatten\system.\core.$add$rtl/core/known_spectral_core.sv:172$1302: $auto$alumacc.cc:548:replace_alu$7261
  creating $alu cell for $flatten\system.\core.$add$rtl/core/known_spectral_core.sv:79$1300: $auto$alumacc.cc:548:replace_alu$7264
  creating $alu cell for $flatten\system.\core.$add$rtl/core/known_spectral_core.sv:167$1281: $auto$alumacc.cc:548:replace_alu$7267
  creating $alu cell for $flatten\system.\core.$add$rtl/core/known_spectral_core.sv:166$1280: $auto$alumacc.cc:548:replace_alu$7270
  creating $alu cell for $flatten\system.\core.$add$rtl/core/known_spectral_core.sv:165$1268: $auto$alumacc.cc:548:replace_alu$7273
  creating $alu cell for $flatten\system.\core.$add$rtl/core/known_spectral_core.sv:164$1262: $auto$alumacc.cc:548:replace_alu$7276
  creating $alu cell for $flatten\system.\core.$add$rtl/core/known_spectral_core.sv:163$1256: $auto$alumacc.cc:548:replace_alu$7279
  creating $alu cell for $flatten\system.\core.$add$rtl/core/known_spectral_core.sv:61$1163: $auto$alumacc.cc:548:replace_alu$7282
  creating $alu cell for $flatten\system.\core.$add$rtl/core/known_spectral_core.sv:108$1207: $auto$alumacc.cc:548:replace_alu$7285
  creating $alu cell for $flatten\system.\core.$neg$rtl/core/known_spectral_core.sv:106$1204: $auto$alumacc.cc:548:replace_alu$7288
  creating $alu cell for $flatten\system.\core.$add$rtl/core/known_spectral_core.sv:103$1201: $auto$alumacc.cc:548:replace_alu$7291
  creating $alu cell for $flatten\system.\core.$add$rtl/core/known_spectral_core.sv:98$1196: $auto$alumacc.cc:548:replace_alu$7294
  creating $alu cell for $flatten\system.\core.$add$rtl/core/known_spectral_core.sv:95$1190: $auto$alumacc.cc:548:replace_alu$7297
  creating $alu cell for $flatten\system.\core.$add$rtl/core/known_spectral_core.sv:94$1189: $auto$alumacc.cc:548:replace_alu$7300
  creating $alu cell for $flatten\system.\core.$sub$rtl/core/known_spectral_core.sv:70$1167: $auto$alumacc.cc:548:replace_alu$7303
  creating $alu cell for $flatten\system.\core.$add$rtl/core/known_spectral_core.sv:73$1175: $auto$alumacc.cc:548:replace_alu$7306
  creating $alu cell for $flatten\system.\core.$sub$rtl/core/known_spectral_core.sv:72$1172: $auto$alumacc.cc:548:replace_alu$7309
  created 101 $alu and 2 $macc cells.

10.29. Executing OPT pass (performing simple optimizations).

10.29.1. Executing OPT_EXPR pass (perform const folding).
Optimizing module upduino_known.
<suppressed ~111 debug messages>

10.29.2. Executing OPT_MERGE pass (detect identical cells).
Finding identical cells in module `\upduino_known'.
Computing hashes of 1323 cells of `\upduino_known'.
Finding duplicate cells in `\upduino_known'.
Removed a total of 0 cells.

10.29.3. Executing OPT_MUXTREE pass (detect dead branches in mux trees).
Running muxtree optimizer on module \upduino_known..
  Creating internal representation of mux trees.
  Evaluating internal representation of mux trees.
  Analyzing evaluation results.
Removed 0 multiplexer ports.
<suppressed ~538 debug messages>

10.29.4. Executing OPT_REDUCE pass (consolidate $*mux and $reduce_* inputs).
  Optimizing cells in module \upduino_known.
Performed a total of 0 changes.

10.29.5. Executing OPT_MERGE pass (detect identical cells).
Finding identical cells in module `\upduino_known'.
Computing hashes of 1323 cells of `\upduino_known'.
Finding duplicate cells in `\upduino_known'.
Computing hashes of 1322 cells of `\upduino_known'.
Finding duplicate cells in `\upduino_known'.
Computing hashes of 1321 cells of `\upduino_known'.
Finding duplicate cells in `\upduino_known'.
<suppressed ~6 debug messages>
Removed a total of 2 cells.

10.29.6. Executing OPT_DFF pass (perform DFF optimizations).
Setting constant 0-bit at position 22 on $auto$ff.cc:337:slice$6108 ($sdffe) from module upduino_known.
Setting constant 0-bit at position 23 on $auto$ff.cc:337:slice$6108 ($sdffe) from module upduino_known.

10.29.7. Executing OPT_CLEAN pass (remove unused cells and wires).
Finding unused cells or wires in module \upduino_known..
Removed 16 unused cells and 235 unused wires.
<suppressed ~17 debug messages>

10.29.8. Executing OPT_EXPR pass (perform const folding).
Optimizing module upduino_known.

10.29.9. Rerunning OPT passes. (Maybe there is more to do..)

10.29.10. Executing OPT_MUXTREE pass (detect dead branches in mux trees).
Running muxtree optimizer on module \upduino_known..
  Creating internal representation of mux trees.
  Evaluating internal representation of mux trees.
  Analyzing evaluation results.
Removed 0 multiplexer ports.
<suppressed ~535 debug messages>

10.29.11. Executing OPT_REDUCE pass (consolidate $*mux and $reduce_* inputs).
  Optimizing cells in module \upduino_known.
Performed a total of 0 changes.

10.29.12. Executing OPT_MERGE pass (detect identical cells).
Finding identical cells in module `\upduino_known'.
Computing hashes of 1305 cells of `\upduino_known'.
Finding duplicate cells in `\upduino_known'.
Removed a total of 0 cells.

10.29.13. Executing OPT_DFF pass (perform DFF optimizations).

10.29.14. Executing OPT_CLEAN pass (remove unused cells and wires).
Finding unused cells or wires in module \upduino_known..

10.29.15. Executing OPT_EXPR pass (perform const folding).
Optimizing module upduino_known.

10.29.16. Finished fast OPT passes. (There is nothing left to do.)

10.30. Executing MEMORY pass.

10.30.1. Executing OPT_MEM pass (optimize memories).
upduino_known.system.core.lanes[0].rom.quarter: removing const-0 lane 15
upduino_known.system.core.gains: removing const-0 lane 18
upduino_known.system.core.gains: removing const-0 lane 19
upduino_known.system.core.gains: removing const-0 lane 20
upduino_known.system.core.gains: removing const-0 lane 21
upduino_known.system.core.gains: removing const-0 lane 22
upduino_known.system.core.gains: removing const-0 lane 23
upduino_known.system.core.gains: removing const-0 lane 24
upduino_known.system.core.gains: removing const-0 lane 25
upduino_known.system.core.gains: removing const-0 lane 26
upduino_known.system.core.gains: removing const-0 lane 27
upduino_known.system.core.gains: removing const-0 lane 28
upduino_known.system.core.gains: removing const-0 lane 29
upduino_known.system.core.gains: removing const-0 lane 30
upduino_known.system.core.gains: removing const-0 lane 31
Performed a total of 2 transformations.

10.30.2. Executing OPT_MEM_PRIORITY pass (removing unnecessary memory write priority relations).
Performed a total of 2 transformations.

10.30.3. Executing OPT_MEM_FEEDBACK pass (finding memory read-to-write feedback paths).

10.30.4. Executing MEMORY_BMUX2ROM pass (converting muxes to ROMs).

10.30.5. Executing MEMORY_DFF pass (merging $dff cells to $memrd).

10.30.6. Executing OPT_CLEAN pass (remove unused cells and wires).
Finding unused cells or wires in module \upduino_known..

10.30.7. Executing MEMORY_SHARE pass (consolidating $memrd/$memwr cells).
Consolidating write ports of memory upduino_known.system.core.capture.ids by address:
  Merging ports 0, 1 (address 1'0).
Consolidating write ports of memory upduino_known.system.core.capture.ids by address:
Consolidating write ports of memory upduino_known.system.core.capture.sums by address:
  Merging ports 0, 1 (address 1'0).
Consolidating write ports of memory upduino_known.system.core.capture.sums by address:
Consolidating write ports of memory upduino_known.system.core.capture.ids using sat-based resource sharing:
Consolidating write ports of memory upduino_known.system.core.capture.sums using sat-based resource sharing:

10.30.8. Executing OPT_MEM_WIDEN pass (optimize memories where all ports are wide).
Performed a total of 0 transformations.

10.30.9. Executing OPT_CLEAN pass (remove unused cells and wires).
Finding unused cells or wires in module \upduino_known..

10.30.10. Executing MEMORY_COLLECT pass (generating $mem cells).

10.31. Executing OPT_CLEAN pass (remove unused cells and wires).
Finding unused cells or wires in module \upduino_known..

10.32. Executing MEMORY_LIBMAP pass (mapping memories to cells).
found attribute 'ram_style = block' on memory upduino_known.system.controller.queue, forced mapping to block RAM
mapping memory upduino_known.system.controller.queue via $__ICE40_RAM4K_
found attribute 'ram_style = block' on memory upduino_known.system.core.lanes[0].rom.quarter, forced mapping to block RAM
mapping memory upduino_known.system.core.lanes[0].rom.quarter via $__ICE40_RAM4K_
using FF mapping for memory upduino_known.system.core.capture.ids
using FF mapping for memory upduino_known.system.core.capture.sums
found attribute 'ram_style = block' on memory upduino_known.system.core.capture.raw0, forced mapping to block RAM
mapping memory upduino_known.system.core.capture.raw0 via $__ICE40_RAM4K_
found attribute 'ram_style = block' on memory upduino_known.system.core.capture.raw1, forced mapping to block RAM
mapping memory upduino_known.system.core.capture.raw1 via $__ICE40_RAM4K_
found attribute 'ram_style = block' on memory upduino_known.system.core.weights, forced mapping to block RAM
mapping memory upduino_known.system.core.weights via $__ICE40_RAM4K_
found attribute 'ram_style = block' on memory upduino_known.system.core.gains, forced mapping to block RAM
mapping memory upduino_known.system.core.gains via $__ICE40_RAM4K_
found attribute 'ram_style = block' on memory upduino_known.system.core.means, forced mapping to block RAM
mapping memory upduino_known.system.core.means via $__ICE40_RAM4K_
found attribute 'ram_style = block' on memory upduino_known.system.core.log_table, forced mapping to block RAM
mapping memory upduino_known.system.core.log_table via $__ICE40_RAM4K_
found attribute 'ram_style = block' on memory upduino_known.system.core.windowed, forced mapping to block RAM
mapping memory upduino_known.system.core.windowed via $__ICE40_RAM4K_
<suppressed ~532 debug messages>

10.33. Executing TECHMAP pass (map to technology primitives).

10.33.1. Executing Verilog-2005 frontend: PROJECT_ROOT/.tools/oss-cad-suite/libexec/../share/yosys/ice40/brams_map.v
Parsing Verilog input from `PROJECT_ROOT/.tools/oss-cad-suite/libexec/../share/yosys/ice40/brams_map.v' to AST representation.
Generating RTLIL representation for module `$__ICE40_RAM4K_'.
Successfully finished Verilog frontend.

10.33.2. Executing Verilog-2005 frontend: PROJECT_ROOT/.tools/oss-cad-suite/libexec/../share/yosys/ice40/spram_map.v
Parsing Verilog input from `PROJECT_ROOT/.tools/oss-cad-suite/libexec/../share/yosys/ice40/spram_map.v' to AST representation.
Generating RTLIL representation for module `$__ICE40_SPRAM_'.
Successfully finished Verilog frontend.

10.33.3. Continuing TECHMAP pass.
Using template $paramod$152405ab8834e0c4f35bd7e4e60c34790a6f81fa$__ICE40_RAM4K_ for cells of type $__ICE40_RAM4K_.
Using template $paramod$9b3ab3cb0fbd1f5d29f2f9df6822b8eb1dc9ae8f$__ICE40_RAM4K_ for cells of type $__ICE40_RAM4K_.
Using template $paramod$a1f6b5309207cf102bfb625dccbd224ad06df61d$__ICE40_RAM4K_ for cells of type $__ICE40_RAM4K_.
Using template $paramod$04b722c985d1be611cd7da92c7339e56bf5c80c0$__ICE40_RAM4K_ for cells of type $__ICE40_RAM4K_.
Using template $paramod$9e58fa6d45291e64cc7d3b19daa2c12eeff9d9c7$__ICE40_RAM4K_ for cells of type $__ICE40_RAM4K_.
Using template $paramod$3db81bc44312e060d2fb3eb24fe8d19c2179c8af$__ICE40_RAM4K_ for cells of type $__ICE40_RAM4K_.
Using template $paramod$6eb102324b7b3cb88bc9f7db25ee75d22580238d$__ICE40_RAM4K_ for cells of type $__ICE40_RAM4K_.
Using template $paramod$1bee5e5344bb915836d4300216c525742b3078a4$__ICE40_RAM4K_ for cells of type $__ICE40_RAM4K_.
Using template $paramod$a0727dad70a119795c1c866dc973f900fd165d58$__ICE40_RAM4K_ for cells of type $__ICE40_RAM4K_.
Using template $paramod$b4649e8caeedbb9fd72d9a357cc8d5d267b30e48$__ICE40_RAM4K_ for cells of type $__ICE40_RAM4K_.
Using template $paramod$746fbc1e682ad0bd59804fee0bd6be01faba41e2$__ICE40_RAM4K_ for cells of type $__ICE40_RAM4K_.
Using template $paramod$5b2e150a5efb6248ebcbcd3d7e83fc21621cc495$__ICE40_RAM4K_ for cells of type $__ICE40_RAM4K_.
Using template $paramod$7cb1048db2d5db1607de1bf3483d03a1b0e00c5c$__ICE40_RAM4K_ for cells of type $__ICE40_RAM4K_.
No more expansions possible.
<suppressed ~278 debug messages>

10.34. Executing ICE40_BRAMINIT pass.

10.35. Executing OPT pass (performing simple optimizations).

10.35.1. Executing OPT_EXPR pass (perform const folding).
Optimizing module upduino_known.
<suppressed ~488 debug messages>

10.35.2. Executing OPT_MERGE pass (detect identical cells).
Finding identical cells in module `\upduino_known'.
Computing hashes of 1476 cells of `\upduino_known'.
Finding duplicate cells in `\upduino_known'.
Computing hashes of 1437 cells of `\upduino_known'.
Finding duplicate cells in `\upduino_known'.
Computing hashes of 1435 cells of `\upduino_known'.
Finding duplicate cells in `\upduino_known'.
<suppressed ~123 debug messages>
Removed a total of 41 cells.

10.35.3. Executing OPT_DFF pass (perform DFF optimizations).
Adding SRST signal on $auto$ff.cc:337:slice$5801 ($dffe) from module upduino_known (D = $flatten\system.\core.$procmux$2175_Y [9], Q = \system.core.phases[0] [9], rval = 1'0).
Adding SRST signal on $auto$ff.cc:337:slice$5810 ($dffe) from module upduino_known (D = $flatten\system.\core.$procmux$2204_Y, Q = \system.core.accumulator[0], rval = 48'000000000000000000000000000000000000000000000000).
Adding SRST signal on $auto$ff.cc:337:slice$5876 ($dffe) from module upduino_known (D = $flatten\system.\core.$procmux$2368_Y, Q = \system.core.wide_acc, rval = 64'0000000000000000000000000000000000000000000000000000000000000000).
Removing always-active EN on $auto$mem.cc:1169:emulate_transparency$7335 ($dffe) from module upduino_known.
Adding SRST signal on $auto$mem.cc:1648:emulate_read_first$7353 ($dff) from module upduino_known (D = $flatten\system.\core.\capture.$2$memwr$\raw0$rtl/core/known_capture.sv:34$972_EN[15:0]$1047 [0], Q = $auto$mem.cc:1645:emulate_read_first$7350, rval = 1'0).
Adding SRST signal on $auto$mem.cc:1648:emulate_read_first$7373 ($dff) from module upduino_known (D = $flatten\system.\core.\capture.$2$memwr$\raw1$rtl/core/known_capture.sv:34$971_EN[15:0]$1044 [0], Q = $auto$mem.cc:1645:emulate_read_first$7370, rval = 1'0).
Setting constant 0-bit at position 0 on $auto$opt_mem.cc:128:execute$7325 ($dffe) from module upduino_known.
Setting constant 0-bit at position 0 on $auto$opt_mem.cc:128:execute$7313 ($dffe) from module upduino_known.

10.35.4. Executing OPT_CLEAN pass (remove unused cells and wires).
Finding unused cells or wires in module \upduino_known..
Removed 100 unused cells and 789 unused wires.
<suppressed ~102 debug messages>

10.35.5. Rerunning OPT passes. (Removed registers in this run.)

10.35.6. Executing OPT_EXPR pass (perform const folding).
Optimizing module upduino_known.
<suppressed ~3 debug messages>

10.35.7. Executing OPT_MERGE pass (detect identical cells).
Finding identical cells in module `\upduino_known'.
Computing hashes of 1330 cells of `\upduino_known'.
Finding duplicate cells in `\upduino_known'.
Removed a total of 0 cells.

10.35.8. Executing OPT_DFF pass (perform DFF optimizations).

10.35.9. Executing OPT_CLEAN pass (remove unused cells and wires).
Finding unused cells or wires in module \upduino_known..
Removed 0 unused cells and 3 unused wires.
<suppressed ~1 debug messages>

10.35.10. Finished fast OPT passes.

10.36. Executing MEMORY_MAP pass (converting memories to logic and flip-flops).
Mapping memory \system.core.capture.ids in module \upduino_known:
  created 2 $dff cells and 0 static cells of width 32.
Extracted addr FF from read port 0 of upduino_known.system.core.capture.ids: $\system.core.capture.ids$rdreg[0]
  read interface: 1 $dff and 1 $mux cells.
  write interface: 4 write mux blocks.
Mapping memory \system.core.capture.sums in module \upduino_known:
  created 2 $dff cells and 0 static cells of width 32.
Extracted addr FF from read port 0 of upduino_known.system.core.capture.sums: $\system.core.capture.sums$rdreg[0]
  read interface: 1 $dff and 1 $mux cells.
  write interface: 4 write mux blocks.

10.37. Executing OPT pass (performing simple optimizations).

10.37.1. Executing OPT_EXPR pass (perform const folding).
Optimizing module upduino_known.
<suppressed ~11 debug messages>

10.37.2. Executing OPT_MERGE pass (detect identical cells).
Finding identical cells in module `\upduino_known'.
Computing hashes of 1349 cells of `\upduino_known'.
Finding duplicate cells in `\upduino_known'.
Computing hashes of 1345 cells of `\upduino_known'.
Finding duplicate cells in `\upduino_known'.
<suppressed ~12 debug messages>
Removed a total of 4 cells.

10.37.3. Executing OPT_MUXTREE pass (detect dead branches in mux trees).
Running muxtree optimizer on module \upduino_known..
  Creating internal representation of mux trees.
  Evaluating internal representation of mux trees.
  Analyzing evaluation results.
    dead port 1/2 on $mux $flatten\system.\core.\capture.$procmux$4937.
    dead port 2/2 on $mux $flatten\system.\core.\capture.$procmux$4937.
Removed 2 multiplexer ports.
<suppressed ~375 debug messages>

10.37.4. Executing OPT_REDUCE pass (consolidate $*mux and $reduce_* inputs).
  Optimizing cells in module \upduino_known.
    Consolidated identical input bits for $bmux cell $auto$peepopt_pm.h:1372:block_17$6574:
      Old ports: A=32'11000000010011010001011111101101, Y=$auto$wreduce.cc:513:run$6530 [7:0]
      New ports: A=24'110000010101000011111101, Y={ $auto$wreduce.cc:513:run$6530 [7:5] $auto$wreduce.cc:513:run$6530 [3] $auto$wreduce.cc:513:run$6530 [1:0] }
      New connections: { $auto$wreduce.cc:513:run$6530 [4] $auto$wreduce.cc:513:run$6530 [2] } = $auto$wreduce.cc:513:run$6530 [1:0]
    Consolidated identical input bits for $mux cell $flatten\system.\controller.$ternary$rtl/io/known_replay_controller.sv:63$888:
      Old ports: A={ 1'0 $auto$wreduce.cc:513:run$6562 [30:0] }, B={ 1'1 $auto$opt_expr.cc:206:group_cell_inputs$8238 [12:11] $auto$wreduce.cc:513:run$6562 [28] $auto$opt_expr.cc:206:group_cell_inputs$8238 [10:9] $auto$wreduce.cc:513:run$6562 [25] $auto$opt_expr.cc:206:group_cell_inputs$8238 [8:7] $auto$wreduce.cc:513:run$6562 [22] $auto$opt_expr.cc:206:group_cell_inputs$8238 [6:4] $auto$wreduce.cc:513:run$6562 [18:16] $auto$opt_expr.cc:206:group_cell_inputs$8238 [3] $auto$wreduce.cc:513:run$6562 [14:10] $auto$opt_expr.cc:206:group_cell_inputs$8238 [2:1] $auto$wreduce.cc:513:run$6562 [7:6] $auto$opt_expr.cc:206:group_cell_inputs$8238 [0] $auto$wreduce.cc:513:run$6562 [4:0] }, Y={ $auto$wreduce.cc:513:run$6517 [30:0] $flatten\system.\controller.$ternary$rtl/io/known_replay_controller.sv:63$888_Y [0] }
      New ports: A={ 1'0 $auto$wreduce.cc:513:run$6562 [30:29] $auto$wreduce.cc:513:run$6562 [27:26] $auto$wreduce.cc:513:run$6562 [24:23] $auto$wreduce.cc:513:run$6562 [21:19] $auto$wreduce.cc:513:run$6562 [15] $auto$wreduce.cc:513:run$6562 [9:8] $auto$wreduce.cc:513:run$6562 [5] }, B={ 1'1 $auto$opt_expr.cc:206:group_cell_inputs$8238 }, Y={ $auto$wreduce.cc:513:run$6517 [30:28] $auto$wreduce.cc:513:run$6517 [26:25] $auto$wreduce.cc:513:run$6517 [23:22] $auto$wreduce.cc:513:run$6517 [20:18] $auto$wreduce.cc:513:run$6517 [14] $auto$wreduce.cc:513:run$6517 [8:7] $auto$wreduce.cc:513:run$6517 [4] }
      New connections: { $auto$wreduce.cc:513:run$6517 [27] $auto$wreduce.cc:513:run$6517 [24] $auto$wreduce.cc:513:run$6517 [21] $auto$wreduce.cc:513:run$6517 [17:15] $auto$wreduce.cc:513:run$6517 [13:9] $auto$wreduce.cc:513:run$6517 [6:5] $auto$wreduce.cc:513:run$6517 [3:0] $flatten\system.\controller.$ternary$rtl/io/known_replay_controller.sv:63$888_Y [0] } = { $auto$wreduce.cc:513:run$6562 [28] $auto$wreduce.cc:513:run$6562 [25] $auto$wreduce.cc:513:run$6562 [22] $auto$wreduce.cc:513:run$6562 [18:16] $auto$wreduce.cc:513:run$6562 [14:10] $auto$wreduce.cc:513:run$6562 [7:6] $auto$wreduce.cc:513:run$6562 [4:0] }
    Consolidated identical input bits for $mux cell $flatten\system.\controller.$ternary$rtl/io/known_replay_controller.sv:63$884:
      Old ports: A={ 1'0 $auto$wreduce.cc:513:run$6518 [30:0] }, B={ 1'1 $auto$opt_expr.cc:206:group_cell_inputs$8234 [12:11] $auto$wreduce.cc:513:run$6518 [28] $auto$opt_expr.cc:206:group_cell_inputs$8234 [10:9] $auto$wreduce.cc:513:run$6518 [25] $auto$opt_expr.cc:206:group_cell_inputs$8234 [8:7] $auto$wreduce.cc:513:run$6518 [22] $auto$opt_expr.cc:206:group_cell_inputs$8234 [6:4] $auto$wreduce.cc:513:run$6518 [18:16] $auto$opt_expr.cc:206:group_cell_inputs$8234 [3] $auto$wreduce.cc:513:run$6518 [14:10] $auto$opt_expr.cc:206:group_cell_inputs$8234 [2:1] $auto$wreduce.cc:513:run$6518 [7:6] $auto$opt_expr.cc:206:group_cell_inputs$8234 [0] $auto$wreduce.cc:513:run$6518 [4:0] }, Y={ $auto$wreduce.cc:513:run$6562 [30:0] $flatten\system.\controller.$ternary$rtl/io/known_replay_controller.sv:63$884_Y [0] }
      New ports: A={ 1'0 $auto$wreduce.cc:513:run$6518 [30:29] $auto$wreduce.cc:513:run$6518 [27:26] $auto$wreduce.cc:513:run$6518 [24:23] $auto$wreduce.cc:513:run$6518 [21:19] $auto$wreduce.cc:513:run$6518 [15] $auto$wreduce.cc:513:run$6518 [9:8] $auto$wreduce.cc:513:run$6518 [5] }, B={ 1'1 $auto$opt_expr.cc:206:group_cell_inputs$8234 }, Y={ $auto$wreduce.cc:513:run$6562 [30:28] $auto$wreduce.cc:513:run$6562 [26:25] $auto$wreduce.cc:513:run$6562 [23:22] $auto$wreduce.cc:513:run$6562 [20:18] $auto$wreduce.cc:513:run$6562 [14] $auto$wreduce.cc:513:run$6562 [8:7] $auto$wreduce.cc:513:run$6562 [4] }
      New connections: { $auto$wreduce.cc:513:run$6562 [27] $auto$wreduce.cc:513:run$6562 [24] $auto$wreduce.cc:513:run$6562 [21] $auto$wreduce.cc:513:run$6562 [17:15] $auto$wreduce.cc:513:run$6562 [13:9] $auto$wreduce.cc:513:run$6562 [6:5] $auto$wreduce.cc:513:run$6562 [3:0] $flatten\system.\controller.$ternary$rtl/io/known_replay_controller.sv:63$884_Y [0] } = { $auto$wreduce.cc:513:run$6518 [28] $auto$wreduce.cc:513:run$6518 [25] $auto$wreduce.cc:513:run$6518 [22] $auto$wreduce.cc:513:run$6518 [18:16] $auto$wreduce.cc:513:run$6518 [14:10] $auto$wreduce.cc:513:run$6518 [7:6] $auto$wreduce.cc:513:run$6518 [4:0] }
    Consolidated identical input bits for $pmux cell $flatten\system.\controller.$procmux$4014:
      Old ports: A=1'1, B=6'111111, Y=$flatten\system.\controller.$procmux$4014_Y
      New connections: $flatten\system.\controller.$procmux$4014_Y = 1'1
    Consolidated identical input bits for $mux cell $flatten\system.\controller.$ternary$rtl/io/known_replay_controller.sv:63$880:
      Old ports: A={ 1'0 $auto$wreduce.cc:513:run$6546 [30:0] }, B={ 1'1 $auto$opt_expr.cc:206:group_cell_inputs$8230 [12:11] $auto$wreduce.cc:513:run$6546 [28] $auto$opt_expr.cc:206:group_cell_inputs$8230 [10:9] $auto$wreduce.cc:513:run$6546 [25] $auto$opt_expr.cc:206:group_cell_inputs$8230 [8:7] $auto$wreduce.cc:513:run$6546 [22] $auto$opt_expr.cc:206:group_cell_inputs$8230 [6:4] $auto$wreduce.cc:513:run$6546 [18:16] $auto$opt_expr.cc:206:group_cell_inputs$8230 [3] $auto$wreduce.cc:513:run$6546 [14:10] $auto$opt_expr.cc:206:group_cell_inputs$8230 [2:1] $auto$wreduce.cc:513:run$6546 [7:6] $auto$opt_expr.cc:206:group_cell_inputs$8230 [0] $auto$wreduce.cc:513:run$6546 [4:0] }, Y={ $auto$wreduce.cc:513:run$6518 [30:0] $flatten\system.\controller.$ternary$rtl/io/known_replay_controller.sv:63$880_Y [0] }
      New ports: A={ 1'0 $auto$wreduce.cc:513:run$6546 [30:29] $auto$wreduce.cc:513:run$6546 [27:26] $auto$wreduce.cc:513:run$6546 [24:23] $auto$wreduce.cc:513:run$6546 [21:19] $auto$wreduce.cc:513:run$6546 [15] $auto$wreduce.cc:513:run$6546 [9:8] $auto$wreduce.cc:513:run$6546 [5] }, B={ 1'1 $auto$opt_expr.cc:206:group_cell_inputs$8230 }, Y={ $auto$wreduce.cc:513:run$6518 [30:28] $auto$wreduce.cc:513:run$6518 [26:25] $auto$wreduce.cc:513:run$6518 [23:22] $auto$wreduce.cc:513:run$6518 [20:18] $auto$wreduce.cc:513:run$6518 [14] $auto$wreduce.cc:513:run$6518 [8:7] $auto$wreduce.cc:513:run$6518 [4] }
      New connections: { $auto$wreduce.cc:513:run$6518 [27] $auto$wreduce.cc:513:run$6518 [24] $auto$wreduce.cc:513:run$6518 [21] $auto$wreduce.cc:513:run$6518 [17:15] $auto$wreduce.cc:513:run$6518 [13:9] $auto$wreduce.cc:513:run$6518 [6:5] $auto$wreduce.cc:513:run$6518 [3:0] $flatten\system.\controller.$ternary$rtl/io/known_replay_controller.sv:63$880_Y [0] } = { $auto$wreduce.cc:513:run$6546 [28] $auto$wreduce.cc:513:run$6546 [25] $auto$wreduce.cc:513:run$6546 [22] $auto$wreduce.cc:513:run$6546 [18:16] $auto$wreduce.cc:513:run$6546 [14:10] $auto$wreduce.cc:513:run$6546 [7:6] $auto$wreduce.cc:513:run$6546 [4:0] }
    New ctrl vector for $pmux cell $flatten\system.\transport.$procmux$3815: \system.transport.state [1]
    Consolidated identical input bits for $mux cell $flatten\system.\core.$procmux$2986:
      Old ports: A=3'001, B=3'100, Y=$auto$wreduce.cc:513:run$6522 [2:0]
      New ports: A=2'01, B=2'10, Y={ $auto$wreduce.cc:513:run$6522 [2] $auto$wreduce.cc:513:run$6522 [0] }
      New connections: $auto$wreduce.cc:513:run$6522 [1] = 1'0
    Consolidated identical input bits for $mux cell $flatten\system.\core.$procmux$2975:
      Old ports: A=5'10101, B=5'00111, Y=$flatten\system.\core.$procmux$2975_Y
      New ports: A=2'10, B=2'01, Y={ $flatten\system.\core.$procmux$2975_Y [4] $flatten\system.\core.$procmux$2975_Y [1] }
      New connections: { $flatten\system.\core.$procmux$2975_Y [3:2] $flatten\system.\core.$procmux$2975_Y [0] } = 3'011
    Consolidated identical input bits for $mux cell $flatten\system.\core.$procmux$2963:
      Old ports: A=5'11000, B={ 2'01 $auto$wreduce.cc:513:run$6527 [2:0] }, Y=$flatten\system.\core.$procmux$2963_Y
      New ports: A=4'1000, B={ 1'0 $auto$wreduce.cc:513:run$6527 [2:0] }, Y={ $flatten\system.\core.$procmux$2963_Y [4] $flatten\system.\core.$procmux$2963_Y [2:0] }
      New connections: $flatten\system.\core.$procmux$2963_Y [3] = 1'1
    Consolidated identical input bits for $mux cell $flatten\system.\core.$procmux$2961:
      Old ports: A=3'010, B=3'101, Y=$auto$wreduce.cc:513:run$6527 [2:0]
      New ports: A=2'10, B=2'01, Y=$auto$wreduce.cc:513:run$6527 [1:0]
      New connections: $auto$wreduce.cc:513:run$6527 [2] = $auto$wreduce.cc:513:run$6527 [0]
    Consolidated identical input bits for $mux cell $flatten\system.\core.$procmux$2954:
      Old ports: A=3'010, B=3'100, Y=$auto$wreduce.cc:513:run$6528 [2:0]
      New ports: A=2'01, B=2'10, Y=$auto$wreduce.cc:513:run$6528 [2:1]
      New connections: $auto$wreduce.cc:513:run$6528 [0] = 1'0
    Consolidated identical input bits for $mux cell $flatten\system.\core.$procmux$2926:
      Old ports: A=5'00100, B=5'10110, Y=$flatten\system.\core.$procmux$2926_Y
      New ports: A=1'0, B=1'1, Y=$flatten\system.\core.$procmux$2926_Y [1]
      New connections: { $flatten\system.\core.$procmux$2926_Y [4:2] $flatten\system.\core.$procmux$2926_Y [0] } = { $flatten\system.\core.$procmux$2926_Y [1] 3'010 }
    Consolidated identical input bits for $mux cell $flatten\system.\core.$procmux$2922:
      Old ports: A=5'00000, B=5'10111, Y=$flatten\system.\core.$procmux$2922_Y
      New ports: A=1'0, B=1'1, Y=$flatten\system.\core.$procmux$2922_Y [0]
      New connections: $flatten\system.\core.$procmux$2922_Y [4:1] = { $flatten\system.\core.$procmux$2922_Y [0] 1'0 $flatten\system.\core.$procmux$2922_Y [0] $flatten\system.\core.$procmux$2922_Y [0] }
    Consolidated identical input bits for $mux cell $flatten\system.\controller.$ternary$rtl/io/known_replay_controller.sv:63$876:
      Old ports: A={ 1'0 \system.controller.crc [31:8] $auto$opt_expr.cc:206:group_cell_inputs$8223 [7:1] }, B={ 1'1 $auto$opt_expr.cc:206:group_cell_inputs$8226 [12:11] \system.controller.crc [29] $auto$opt_expr.cc:206:group_cell_inputs$8226 [10:9] \system.controller.crc [26] $auto$opt_expr.cc:206:group_cell_inputs$8226 [8:7] \system.controller.crc [23] $auto$opt_expr.cc:206:group_cell_inputs$8226 [6:4] \system.controller.crc [19:17] $auto$opt_expr.cc:206:group_cell_inputs$8226 [3] \system.controller.crc [15:11] $auto$opt_expr.cc:206:group_cell_inputs$8226 [2:1] \system.controller.crc [8] $auto$opt_expr.cc:206:group_cell_inputs$8223 [7] $auto$opt_expr.cc:206:group_cell_inputs$8226 [0] $auto$opt_expr.cc:206:group_cell_inputs$8223 [5:1] }, Y={ $auto$wreduce.cc:513:run$6546 [30:0] $flatten\system.\controller.$ternary$rtl/io/known_replay_controller.sv:63$876_Y [0] }
      New ports: A={ 1'0 \system.controller.crc [31:30] \system.controller.crc [28:27] \system.controller.crc [25:24] \system.controller.crc [22:20] \system.controller.crc [16] \system.controller.crc [10:9] $auto$opt_expr.cc:206:group_cell_inputs$8223 [6] }, B={ 1'1 $auto$opt_expr.cc:206:group_cell_inputs$8226 }, Y={ $auto$wreduce.cc:513:run$6546 [30:28] $auto$wreduce.cc:513:run$6546 [26:25] $auto$wreduce.cc:513:run$6546 [23:22] $auto$wreduce.cc:513:run$6546 [20:18] $auto$wreduce.cc:513:run$6546 [14] $auto$wreduce.cc:513:run$6546 [8:7] $auto$wreduce.cc:513:run$6546 [4] }
      New connections: { $auto$wreduce.cc:513:run$6546 [27] $auto$wreduce.cc:513:run$6546 [24] $auto$wreduce.cc:513:run$6546 [21] $auto$wreduce.cc:513:run$6546 [17:15] $auto$wreduce.cc:513:run$6546 [13:9] $auto$wreduce.cc:513:run$6546 [6:5] $auto$wreduce.cc:513:run$6546 [3:0] $flatten\system.\controller.$ternary$rtl/io/known_replay_controller.sv:63$876_Y [0] } = { \system.controller.crc [29] \system.controller.crc [26] \system.controller.crc [23] \system.controller.crc [19:17] \system.controller.crc [15:11] \system.controller.crc [8] $auto$opt_expr.cc:206:group_cell_inputs$8223 [7] $auto$opt_expr.cc:206:group_cell_inputs$8223 [5:1] }
    New ctrl vector for $pmux cell $flatten\system.\core.$procmux$2274: $auto$opt_reduce.cc:137:opt_pmux$8323
    Consolidated identical input bits for $mux cell $flatten\system.\controller.$ternary$rtl/io/known_replay_controller.sv:63$904:
      Old ports: A={ 1'0 $auto$wreduce.cc:513:run$6537 [30:0] }, B={ 1'1 $auto$opt_expr.cc:206:group_cell_inputs$8254 [12:11] $auto$wreduce.cc:513:run$6537 [28] $auto$opt_expr.cc:206:group_cell_inputs$8254 [10:9] $auto$wreduce.cc:513:run$6537 [25] $auto$opt_expr.cc:206:group_cell_inputs$8254 [8:7] $auto$wreduce.cc:513:run$6537 [22] $auto$opt_expr.cc:206:group_cell_inputs$8254 [6:4] $auto$wreduce.cc:513:run$6537 [18:16] $auto$opt_expr.cc:206:group_cell_inputs$8254 [3] $auto$wreduce.cc:513:run$6537 [14:10] $auto$opt_expr.cc:206:group_cell_inputs$8254 [2:1] $auto$wreduce.cc:513:run$6537 [7:6] $auto$opt_expr.cc:206:group_cell_inputs$8254 [0] $auto$wreduce.cc:513:run$6537 [4:0] }, Y=$flatten\system.\controller.$ternary$rtl/io/known_replay_controller.sv:63$904_Y
      New ports: A={ 1'0 $auto$wreduce.cc:513:run$6537 [30:29] $auto$wreduce.cc:513:run$6537 [27:26] $auto$wreduce.cc:513:run$6537 [24:23] $auto$wreduce.cc:513:run$6537 [21:19] $auto$wreduce.cc:513:run$6537 [15] $auto$wreduce.cc:513:run$6537 [9:8] $auto$wreduce.cc:513:run$6537 [5] }, B={ 1'1 $auto$opt_expr.cc:206:group_cell_inputs$8254 }, Y={ $flatten\system.\controller.$ternary$rtl/io/known_replay_controller.sv:63$904_Y [31:29] $flatten\system.\controller.$ternary$rtl/io/known_replay_controller.sv:63$904_Y [27:26] $flatten\system.\controller.$ternary$rtl/io/known_replay_controller.sv:63$904_Y [24:23] $flatten\system.\controller.$ternary$rtl/io/known_replay_controller.sv:63$904_Y [21:19] $flatten\system.\controller.$ternary$rtl/io/known_replay_controller.sv:63$904_Y [15] $flatten\system.\controller.$ternary$rtl/io/known_replay_controller.sv:63$904_Y [9:8] $flatten\system.\controller.$ternary$rtl/io/known_replay_controller.sv:63$904_Y [5] }
      New connections: { $flatten\system.\controller.$ternary$rtl/io/known_replay_controller.sv:63$904_Y [28] $flatten\system.\controller.$ternary$rtl/io/known_replay_controller.sv:63$904_Y [25] $flatten\system.\controller.$ternary$rtl/io/known_replay_controller.sv:63$904_Y [22] $flatten\system.\controller.$ternary$rtl/io/known_replay_controller.sv:63$904_Y [18:16] $flatten\system.\controller.$ternary$rtl/io/known_replay_controller.sv:63$904_Y [14:10] $flatten\system.\controller.$ternary$rtl/io/known_replay_controller.sv:63$904_Y [7:6] $flatten\system.\controller.$ternary$rtl/io/known_replay_controller.sv:63$904_Y [4:0] } = { $auto$wreduce.cc:513:run$6537 [28] $auto$wreduce.cc:513:run$6537 [25] $auto$wreduce.cc:513:run$6537 [22] $auto$wreduce.cc:513:run$6537 [18:16] $auto$wreduce.cc:513:run$6537 [14:10] $auto$wreduce.cc:513:run$6537 [7:6] $auto$wreduce.cc:513:run$6537 [4:0] }
    Consolidated identical input bits for $mux cell $flatten\system.\controller.$ternary$rtl/io/known_replay_controller.sv:63$900:
      Old ports: A={ 1'0 $auto$wreduce.cc:513:run$6516 [30:0] }, B={ 1'1 $auto$opt_expr.cc:206:group_cell_inputs$8250 [12:11] $auto$wreduce.cc:513:run$6516 [28] $auto$opt_expr.cc:206:group_cell_inputs$8250 [10:9] $auto$wreduce.cc:513:run$6516 [25] $auto$opt_expr.cc:206:group_cell_inputs$8250 [8:7] $auto$wreduce.cc:513:run$6516 [22] $auto$opt_expr.cc:206:group_cell_inputs$8250 [6:4] $auto$wreduce.cc:513:run$6516 [18:16] $auto$opt_expr.cc:206:group_cell_inputs$8250 [3] $auto$wreduce.cc:513:run$6516 [14:10] $auto$opt_expr.cc:206:group_cell_inputs$8250 [2:1] $auto$wreduce.cc:513:run$6516 [7:6] $auto$opt_expr.cc:206:group_cell_inputs$8250 [0] $auto$wreduce.cc:513:run$6516 [4:0] }, Y={ $auto$wreduce.cc:513:run$6537 [30:0] $flatten\system.\controller.$ternary$rtl/io/known_replay_controller.sv:63$900_Y [0] }
      New ports: A={ 1'0 $auto$wreduce.cc:513:run$6516 [30:29] $auto$wreduce.cc:513:run$6516 [27:26] $auto$wreduce.cc:513:run$6516 [24:23] $auto$wreduce.cc:513:run$6516 [21:19] $auto$wreduce.cc:513:run$6516 [15] $auto$wreduce.cc:513:run$6516 [9:8] $auto$wreduce.cc:513:run$6516 [5] }, B={ 1'1 $auto$opt_expr.cc:206:group_cell_inputs$8250 }, Y={ $auto$wreduce.cc:513:run$6537 [30:28] $auto$wreduce.cc:513:run$6537 [26:25] $auto$wreduce.cc:513:run$6537 [23:22] $auto$wreduce.cc:513:run$6537 [20:18] $auto$wreduce.cc:513:run$6537 [14] $auto$wreduce.cc:513:run$6537 [8:7] $auto$wreduce.cc:513:run$6537 [4] }
      New connections: { $auto$wreduce.cc:513:run$6537 [27] $auto$wreduce.cc:513:run$6537 [24] $auto$wreduce.cc:513:run$6537 [21] $auto$wreduce.cc:513:run$6537 [17:15] $auto$wreduce.cc:513:run$6537 [13:9] $auto$wreduce.cc:513:run$6537 [6:5] $auto$wreduce.cc:513:run$6537 [3:0] $flatten\system.\controller.$ternary$rtl/io/known_replay_controller.sv:63$900_Y [0] } = { $auto$wreduce.cc:513:run$6516 [28] $auto$wreduce.cc:513:run$6516 [25] $auto$wreduce.cc:513:run$6516 [22] $auto$wreduce.cc:513:run$6516 [18:16] $auto$wreduce.cc:513:run$6516 [14:10] $auto$wreduce.cc:513:run$6516 [7:6] $auto$wreduce.cc:513:run$6516 [4:0] }
    New ctrl vector for $pmux cell $flatten\system.\controller.$procmux$4225: $auto$opt_reduce.cc:137:opt_pmux$8325
    Consolidated identical input bits for $mux cell $flatten\system.\controller.$ternary$rtl/io/known_replay_controller.sv:63$896:
      Old ports: A={ 1'0 $auto$wreduce.cc:513:run$6519 [30:0] }, B={ 1'1 $auto$opt_expr.cc:206:group_cell_inputs$8246 [12:11] $auto$wreduce.cc:513:run$6519 [28] $auto$opt_expr.cc:206:group_cell_inputs$8246 [10:9] $auto$wreduce.cc:513:run$6519 [25] $auto$opt_expr.cc:206:group_cell_inputs$8246 [8:7] $auto$wreduce.cc:513:run$6519 [22] $auto$opt_expr.cc:206:group_cell_inputs$8246 [6:4] $auto$wreduce.cc:513:run$6519 [18:16] $auto$opt_expr.cc:206:group_cell_inputs$8246 [3] $auto$wreduce.cc:513:run$6519 [14:10] $auto$opt_expr.cc:206:group_cell_inputs$8246 [2:1] $auto$wreduce.cc:513:run$6519 [7:6] $auto$opt_expr.cc:206:group_cell_inputs$8246 [0] $auto$wreduce.cc:513:run$6519 [4:0] }, Y={ $auto$wreduce.cc:513:run$6516 [30:0] $flatten\system.\controller.$ternary$rtl/io/known_replay_controller.sv:63$896_Y [0] }
      New ports: A={ 1'0 $auto$wreduce.cc:513:run$6519 [30:29] $auto$wreduce.cc:513:run$6519 [27:26] $auto$wreduce.cc:513:run$6519 [24:23] $auto$wreduce.cc:513:run$6519 [21:19] $auto$wreduce.cc:513:run$6519 [15] $auto$wreduce.cc:513:run$6519 [9:8] $auto$wreduce.cc:513:run$6519 [5] }, B={ 1'1 $auto$opt_expr.cc:206:group_cell_inputs$8246 }, Y={ $auto$wreduce.cc:513:run$6516 [30:28] $auto$wreduce.cc:513:run$6516 [26:25] $auto$wreduce.cc:513:run$6516 [23:22] $auto$wreduce.cc:513:run$6516 [20:18] $auto$wreduce.cc:513:run$6516 [14] $auto$wreduce.cc:513:run$6516 [8:7] $auto$wreduce.cc:513:run$6516 [4] }
      New connections: { $auto$wreduce.cc:513:run$6516 [27] $auto$wreduce.cc:513:run$6516 [24] $auto$wreduce.cc:513:run$6516 [21] $auto$wreduce.cc:513:run$6516 [17:15] $auto$wreduce.cc:513:run$6516 [13:9] $auto$wreduce.cc:513:run$6516 [6:5] $auto$wreduce.cc:513:run$6516 [3:0] $flatten\system.\controller.$ternary$rtl/io/known_replay_controller.sv:63$896_Y [0] } = { $auto$wreduce.cc:513:run$6519 [28] $auto$wreduce.cc:513:run$6519 [25] $auto$wreduce.cc:513:run$6519 [22] $auto$wreduce.cc:513:run$6519 [18:16] $auto$wreduce.cc:513:run$6519 [14:10] $auto$wreduce.cc:513:run$6519 [7:6] $auto$wreduce.cc:513:run$6519 [4:0] }
    Consolidated identical input bits for $mux cell $flatten\system.\controller.$ternary$rtl/io/known_replay_controller.sv:63$892:
      Old ports: A={ 1'0 $auto$wreduce.cc:513:run$6517 [30:0] }, B={ 1'1 $auto$opt_expr.cc:206:group_cell_inputs$8242 [12:11] $auto$wreduce.cc:513:run$6517 [28] $auto$opt_expr.cc:206:group_cell_inputs$8242 [10:9] $auto$wreduce.cc:513:run$6517 [25] $auto$opt_expr.cc:206:group_cell_inputs$8242 [8:7] $auto$wreduce.cc:513:run$6517 [22] $auto$opt_expr.cc:206:group_cell_inputs$8242 [6:4] $auto$wreduce.cc:513:run$6517 [18:16] $auto$opt_expr.cc:206:group_cell_inputs$8242 [3] $auto$wreduce.cc:513:run$6517 [14:10] $auto$opt_expr.cc:206:group_cell_inputs$8242 [2:1] $auto$wreduce.cc:513:run$6517 [7:6] $auto$opt_expr.cc:206:group_cell_inputs$8242 [0] $auto$wreduce.cc:513:run$6517 [4:0] }, Y={ $auto$wreduce.cc:513:run$6519 [30:0] $flatten\system.\controller.$ternary$rtl/io/known_replay_controller.sv:63$892_Y [0] }
      New ports: A={ 1'0 $auto$wreduce.cc:513:run$6517 [30:29] $auto$wreduce.cc:513:run$6517 [27:26] $auto$wreduce.cc:513:run$6517 [24:23] $auto$wreduce.cc:513:run$6517 [21:19] $auto$wreduce.cc:513:run$6517 [15] $auto$wreduce.cc:513:run$6517 [9:8] $auto$wreduce.cc:513:run$6517 [5] }, B={ 1'1 $auto$opt_expr.cc:206:group_cell_inputs$8242 }, Y={ $auto$wreduce.cc:513:run$6519 [30:28] $auto$wreduce.cc:513:run$6519 [26:25] $auto$wreduce.cc:513:run$6519 [23:22] $auto$wreduce.cc:513:run$6519 [20:18] $auto$wreduce.cc:513:run$6519 [14] $auto$wreduce.cc:513:run$6519 [8:7] $auto$wreduce.cc:513:run$6519 [4] }
      New connections: { $auto$wreduce.cc:513:run$6519 [27] $auto$wreduce.cc:513:run$6519 [24] $auto$wreduce.cc:513:run$6519 [21] $auto$wreduce.cc:513:run$6519 [17:15] $auto$wreduce.cc:513:run$6519 [13:9] $auto$wreduce.cc:513:run$6519 [6:5] $auto$wreduce.cc:513:run$6519 [3:0] $flatten\system.\controller.$ternary$rtl/io/known_replay_controller.sv:63$892_Y [0] } = { $auto$wreduce.cc:513:run$6517 [28] $auto$wreduce.cc:513:run$6517 [25] $auto$wreduce.cc:513:run$6517 [22] $auto$wreduce.cc:513:run$6517 [18:16] $auto$wreduce.cc:513:run$6517 [14:10] $auto$wreduce.cc:513:run$6517 [7:6] $auto$wreduce.cc:513:run$6517 [4:0] }
    Consolidated identical input bits for $mux cell $flatten\system.\core.$ternary$rtl/core/known_spectral_core.sv:257$1355:
      Old ports: A=5'10101, B=5'01110, Y=$auto$wreduce.cc:513:run$6556 [4:0]
      New ports: A=2'01, B=2'10, Y=$auto$wreduce.cc:513:run$6556 [1:0]
      New connections: $auto$wreduce.cc:513:run$6556 [4:2] = { $auto$wreduce.cc:513:run$6556 [0] $auto$wreduce.cc:513:run$6556 [1] 1'1 }
    Consolidated identical input bits for $mux cell $flatten\system.\core.$ternary$rtl/core/known_spectral_core.sv:192$1314:
      Old ports: A=9'000000000, B=9'100000000, Y=$auto$wreduce.cc:513:run$6559 [8:0]
      New ports: A=1'0, B=1'1, Y=$auto$wreduce.cc:513:run$6559 [8]
      New connections: $auto$wreduce.cc:513:run$6559 [7:0] = 8'00000000
    Consolidated identical input bits for $mux cell $flatten\system.\core.$ternary$rtl/core/known_spectral_core.sv:114$1217:
      Old ports: A={ \system.core.computed_log [21] \system.core.computed_log [21] \system.core.computed_log [21] \system.core.computed_log [21] \system.core.computed_log [21] \system.core.computed_log [21] \system.core.computed_log [21] \system.core.computed_log [21] \system.core.computed_log [21] \system.core.computed_log [21] \system.core.computed_log [21:0] }, B=32'11111111111111011000001000110001, Y=\system.core.bounded_log
      New ports: A=\system.core.computed_log [21:0], B=22'1111011000001000110001, Y=\system.core.bounded_log [21:0]
      New connections: \system.core.bounded_log [31:22] = { \system.core.bounded_log [21] \system.core.bounded_log [21] \system.core.bounded_log [21] \system.core.bounded_log [21] \system.core.bounded_log [21] \system.core.bounded_log [21] \system.core.bounded_log [21] \system.core.bounded_log [21] \system.core.bounded_log [21] \system.core.bounded_log [21] }
    Consolidated identical input bits for $mux cell $flatten\system.\core.$ternary$rtl/core/known_spectral_core.sv:93$1186:
      Old ports: A=5'10000, B=5'00000, Y=$auto$wreduce.cc:513:run$6572 [4:0]
      New ports: A=1'1, B=1'0, Y=$auto$wreduce.cc:513:run$6572 [4]
      New connections: $auto$wreduce.cc:513:run$6572 [3:0] = 4'0000
    Consolidated identical input bits for $mux cell $flatten\system.\core.$ternary$rtl/core/known_spectral_core.sv:92$1182:
      Old ports: A=0, B={ \system.core.wide_limb_a 16'0000000000000000 }, Y=$flatten\system.\core.$ternary$rtl/core/known_spectral_core.sv:92$1182_Y
      New ports: A=16'0000000000000000, B=\system.core.wide_limb_a, Y=$flatten\system.\core.$ternary$rtl/core/known_spectral_core.sv:92$1182_Y [31:16]
      New connections: $flatten\system.\core.$ternary$rtl/core/known_spectral_core.sv:92$1182_Y [15:0] = 16'0000000000000000
    Consolidated identical input bits for $mux cell $flatten\system.\core.$ternary$rtl/core/known_spectral_core.sv:91$1180:
      Old ports: A=0, B={ \system.core.wide_limb_b 16'0000000000000000 }, Y=$flatten\system.\core.$ternary$rtl/core/known_spectral_core.sv:91$1180_Y
      New ports: A=16'0000000000000000, B=\system.core.wide_limb_b, Y=$flatten\system.\core.$ternary$rtl/core/known_spectral_core.sv:91$1180_Y [31:16]
      New connections: $flatten\system.\core.$ternary$rtl/core/known_spectral_core.sv:91$1180_Y [15:0] = 16'0000000000000000
    New input vector for $reduce_or cell $auto$opt_reduce.cc:131:opt_pmux$8324: { \system.controller.state [13] \system.controller.state [8] \system.controller.state [1] }
  Optimizing cells in module \upduino_known.
    Consolidated identical input bits for $mux cell $flatten\system.\core.$procmux$2966:
      Old ports: A=$flatten\system.\core.$procmux$2963_Y, B=5'01000, Y=$flatten\system.\core.$procmux$2966_Y
      New ports: A={ $flatten\system.\core.$procmux$2963_Y [4] $flatten\system.\core.$procmux$2963_Y [2:0] }, B=4'0000, Y={ $flatten\system.\core.$procmux$2966_Y [4] $flatten\system.\core.$procmux$2966_Y [2:0] }
      New connections: $flatten\system.\core.$procmux$2966_Y [3] = 1'1
    Consolidated identical input bits for $mux cell $flatten\system.\core.$procmux$2963:
      Old ports: A=4'1000, B={ 1'0 $auto$wreduce.cc:513:run$6527 [2:0] }, Y={ $flatten\system.\core.$procmux$2963_Y [4] $flatten\system.\core.$procmux$2963_Y [2:0] }
      New ports: A=3'100, B={ 1'0 $auto$wreduce.cc:513:run$6527 [1:0] }, Y={ $flatten\system.\core.$procmux$2963_Y [4] $flatten\system.\core.$procmux$2963_Y [1:0] }
      New connections: $flatten\system.\core.$procmux$2963_Y [2] = $flatten\system.\core.$procmux$2963_Y [0]
    Consolidated identical input bits for $mux cell $flatten\system.\core.$procmux$2929:
      Old ports: A=$flatten\system.\core.$procmux$2926_Y, B=5'00110, Y=$flatten\system.\core.$procmux$2929_Y
      New ports: A={ $flatten\system.\core.$procmux$2926_Y [1] $flatten\system.\core.$procmux$2926_Y [1] }, B=2'01, Y={ $flatten\system.\core.$procmux$2929_Y [4] $flatten\system.\core.$procmux$2929_Y [1] }
      New connections: { $flatten\system.\core.$procmux$2929_Y [3:2] $flatten\system.\core.$procmux$2929_Y [0] } = 3'010
    Consolidated identical input bits for $mux cell $flatten\system.\core.$ternary$rtl/core/known_spectral_core.sv:270$1367:
      Old ports: A=\system.core.bounded_log, B=32'11111111111111011000001000110001, Y=$flatten\system.\core.$ternary$rtl/core/known_spectral_core.sv:270$1367_Y
      New ports: A=\system.core.bounded_log [21:0], B=22'1111011000001000110001, Y=$flatten\system.\core.$ternary$rtl/core/known_spectral_core.sv:270$1367_Y [21:0]
      New connections: $flatten\system.\core.$ternary$rtl/core/known_spectral_core.sv:270$1367_Y [31:22] = { $flatten\system.\core.$ternary$rtl/core/known_spectral_core.sv:270$1367_Y [21] $flatten\system.\core.$ternary$rtl/core/known_spectral_core.sv:270$1367_Y [21] $flatten\system.\core.$ternary$rtl/core/known_spectral_core.sv:270$1367_Y [21] $flatten\system.\core.$ternary$rtl/core/known_spectral_core.sv:270$1367_Y [21] $flatten\system.\core.$ternary$rtl/core/known_spectral_core.sv:270$1367_Y [21] $flatten\system.\core.$ternary$rtl/core/known_spectral_core.sv:270$1367_Y [21] $flatten\system.\core.$ternary$rtl/core/known_spectral_core.sv:270$1367_Y [21] $flatten\system.\core.$ternary$rtl/core/known_spectral_core.sv:270$1367_Y [21] $flatten\system.\core.$ternary$rtl/core/known_spectral_core.sv:270$1367_Y [21] $flatten\system.\core.$ternary$rtl/core/known_spectral_core.sv:270$1367_Y [21] }
    Consolidated identical input bits for $mux cell $flatten\system.\core.$ternary$rtl/core/known_spectral_core.sv:93$1187:
      Old ports: A={ 1'0 $auto$wreduce.cc:513:run$6572 [4:0] }, B=6'100000, Y=$auto$wreduce.cc:513:run$6571 [5:0]
      New ports: A={ 1'0 $auto$wreduce.cc:513:run$6572 [4] }, B=2'10, Y=$auto$wreduce.cc:513:run$6571 [5:4]
      New connections: $auto$wreduce.cc:513:run$6571 [3:0] = 4'0000
  Optimizing cells in module \upduino_known.
    Consolidated identical input bits for $mux cell $flatten\system.\core.$procmux$2969:
      Old ports: A=$flatten\system.\core.$procmux$2966_Y, B=5'01000, Y=$flatten\system.\core.$procmux$2969_Y
      New ports: A={ $flatten\system.\core.$procmux$2966_Y [4] $flatten\system.\core.$procmux$2966_Y [2:0] }, B=4'0000, Y={ $flatten\system.\core.$procmux$2969_Y [4] $flatten\system.\core.$procmux$2969_Y [2:0] }
      New connections: $flatten\system.\core.$procmux$2969_Y [3] = 1'1
    Consolidated identical input bits for $mux cell $flatten\system.\core.$procmux$2966:
      Old ports: A={ $flatten\system.\core.$procmux$2963_Y [4] $flatten\system.\core.$procmux$2963_Y [2:0] }, B=4'0000, Y={ $flatten\system.\core.$procmux$2966_Y [4] $flatten\system.\core.$procmux$2966_Y [2:0] }
      New ports: A={ $flatten\system.\core.$procmux$2963_Y [4] $flatten\system.\core.$procmux$2963_Y [1:0] }, B=3'000, Y={ $flatten\system.\core.$procmux$2966_Y [4] $flatten\system.\core.$procmux$2966_Y [1:0] }
      New connections: $flatten\system.\core.$procmux$2966_Y [2] = $flatten\system.\core.$procmux$2966_Y [0]
  Optimizing cells in module \upduino_known.
    Consolidated identical input bits for $mux cell $flatten\system.\core.$procmux$2969:
      Old ports: A={ $flatten\system.\core.$procmux$2966_Y [4] $flatten\system.\core.$procmux$2966_Y [2:0] }, B=4'0000, Y={ $flatten\system.\core.$procmux$2969_Y [4] $flatten\system.\core.$procmux$2969_Y [2:0] }
      New ports: A={ $flatten\system.\core.$procmux$2966_Y [4] $flatten\system.\core.$procmux$2966_Y [1:0] }, B=3'000, Y={ $flatten\system.\core.$procmux$2969_Y [4] $flatten\system.\core.$procmux$2969_Y [1:0] }
      New connections: $flatten\system.\core.$procmux$2969_Y [2] = $flatten\system.\core.$procmux$2969_Y [0]
  Optimizing cells in module \upduino_known.
Performed a total of 35 changes.

10.37.5. Executing OPT_MERGE pass (detect identical cells).
Finding identical cells in module `\upduino_known'.
Computing hashes of 1345 cells of `\upduino_known'.
Finding duplicate cells in `\upduino_known'.
Removed a total of 0 cells.

10.37.6. Executing OPT_DFF pass (perform DFF optimizations).
Adding SRST signal on $\system.core.capture.sums$rdreg[0] ($dff) from module upduino_known (D = $auto$rtlil.cc:3386:Mux$6755, Q = $\system.core.capture.sums$rdreg[0]$q, rval = 1'0).

10.37.7. Executing OPT_CLEAN pass (remove unused cells and wires).
Finding unused cells or wires in module \upduino_known..
Removed 1 unused cells and 28 unused wires.
<suppressed ~2 debug messages>

10.37.8. Executing OPT_EXPR pass (perform const folding).
Optimizing module upduino_known.

10.37.9. Rerunning OPT passes. (Maybe there is more to do..)

10.37.10. Executing OPT_MUXTREE pass (detect dead branches in mux trees).
Running muxtree optimizer on module \upduino_known..
  Creating internal representation of mux trees.
  Evaluating internal representation of mux trees.
  Analyzing evaluation results.
Removed 0 multiplexer ports.
<suppressed ~372 debug messages>

10.37.11. Executing OPT_REDUCE pass (consolidate $*mux and $reduce_* inputs).
  Optimizing cells in module \upduino_known.
Performed a total of 0 changes.

10.37.12. Executing OPT_MERGE pass (detect identical cells).
Finding identical cells in module `\upduino_known'.
Computing hashes of 1344 cells of `\upduino_known'.
Finding duplicate cells in `\upduino_known'.
Removed a total of 0 cells.

10.37.13. Executing OPT_DFF pass (perform DFF optimizations).
Adding EN signal on $memory\system.core.capture.sums[0]$8299 ($dff) from module upduino_known (D = $memory\system.core.capture.sums$wrmux[0][1][0]$y$8313, Q = \system.core.capture.sums[0]).
Adding EN signal on $memory\system.core.capture.sums[1]$8301 ($dff) from module upduino_known (D = $memory\system.core.capture.sums$wrmux[1][1][0]$y$8321, Q = \system.core.capture.sums[1]).
Adding SRST signal on $auto$ff.cc:337:slice$8263 ($dffe) from module upduino_known (D = $auto$wreduce.cc:513:run$6557 [7:0], Q = \system.core.phases[0] [7:0], rval = 8'00000000).
Adding SRST signal on $memory\system.core.capture.ids[0]$8270 ($dff) from module upduino_known (D = $memory\system.core.capture.ids$wrmux[0][0][0]$y$8282 [31:8], Q = \system.core.capture.ids[0] [31:8], rval = 24'000000000000000000000000).
Adding EN signal on $memory\system.core.capture.ids[0]$8270 ($dff) from module upduino_known (D = $memory\system.core.capture.ids$wrmux[0][1][0]$y$8288 [7:0], Q = \system.core.capture.ids[0] [7:0]).
Adding EN signal on $auto$ff.cc:337:slice$8335 ($sdff) from module upduino_known (D = 24'000000000000000000000000, Q = \system.core.capture.ids[0] [31:8]).
Adding SRST signal on $memory\system.core.capture.ids[1]$8272 ($dff) from module upduino_known (D = $memory\system.core.capture.ids$wrmux[1][0][0]$y$8292 [31:8], Q = \system.core.capture.ids[1] [31:8], rval = 24'000000000000000000000000).
Adding EN signal on $memory\system.core.capture.ids[1]$8272 ($dff) from module upduino_known (D = $memory\system.core.capture.ids$wrmux[1][1][0]$y$8298 [7:0], Q = \system.core.capture.ids[1] [7:0]).
Adding EN signal on $auto$ff.cc:337:slice$8341 ($sdff) from module upduino_known (D = 24'000000000000000000000000, Q = \system.core.capture.ids[1] [31:8]).
Setting constant 0-bit at position 0 on $auto$ff.cc:337:slice$8346 ($sdffe) from module upduino_known.
Setting constant 0-bit at position 1 on $auto$ff.cc:337:slice$8346 ($sdffe) from module upduino_known.
Setting constant 0-bit at position 2 on $auto$ff.cc:337:slice$8346 ($sdffe) from module upduino_known.
Setting constant 0-bit at position 3 on $auto$ff.cc:337:slice$8346 ($sdffe) from module upduino_known.
Setting constant 0-bit at position 4 on $auto$ff.cc:337:slice$8346 ($sdffe) from module upduino_known.
Setting constant 0-bit at position 5 on $auto$ff.cc:337:slice$8346 ($sdffe) from module upduino_known.
Setting constant 0-bit at position 6 on $auto$ff.cc:337:slice$8346 ($sdffe) from module upduino_known.
Setting constant 0-bit at position 7 on $auto$ff.cc:337:slice$8346 ($sdffe) from module upduino_known.
Setting constant 0-bit at position 8 on $auto$ff.cc:337:slice$8346 ($sdffe) from module upduino_known.
Setting constant 0-bit at position 9 on $auto$ff.cc:337:slice$8346 ($sdffe) from module upduino_known.
Setting constant 0-bit at position 10 on $auto$ff.cc:337:slice$8346 ($sdffe) from module upduino_known.
Setting constant 0-bit at position 11 on $auto$ff.cc:337:slice$8346 ($sdffe) from module upduino_known.
Setting constant 0-bit at position 12 on $auto$ff.cc:337:slice$8346 ($sdffe) from module upduino_known.
Setting constant 0-bit at position 13 on $auto$ff.cc:337:slice$8346 ($sdffe) from module upduino_known.
Setting constant 0-bit at position 14 on $auto$ff.cc:337:slice$8346 ($sdffe) from module upduino_known.
Setting constant 0-bit at position 15 on $auto$ff.cc:337:slice$8346 ($sdffe) from module upduino_known.
Setting constant 0-bit at position 16 on $auto$ff.cc:337:slice$8346 ($sdffe) from module upduino_known.
Setting constant 0-bit at position 17 on $auto$ff.cc:337:slice$8346 ($sdffe) from module upduino_known.
Setting constant 0-bit at position 18 on $auto$ff.cc:337:slice$8346 ($sdffe) from module upduino_known.
Setting constant 0-bit at position 19 on $auto$ff.cc:337:slice$8346 ($sdffe) from module upduino_known.
Setting constant 0-bit at position 20 on $auto$ff.cc:337:slice$8346 ($sdffe) from module upduino_known.
Setting constant 0-bit at position 21 on $auto$ff.cc:337:slice$8346 ($sdffe) from module upduino_known.
Setting constant 0-bit at position 22 on $auto$ff.cc:337:slice$8346 ($sdffe) from module upduino_known.
Setting constant 0-bit at position 23 on $auto$ff.cc:337:slice$8346 ($sdffe) from module upduino_known.
Setting constant 0-bit at position 0 on $auto$ff.cc:337:slice$8340 ($sdffe) from module upduino_known.
Setting constant 0-bit at position 1 on $auto$ff.cc:337:slice$8340 ($sdffe) from module upduino_known.
Setting constant 0-bit at position 2 on $auto$ff.cc:337:slice$8340 ($sdffe) from module upduino_known.
Setting constant 0-bit at position 3 on $auto$ff.cc:337:slice$8340 ($sdffe) from module upduino_known.
Setting constant 0-bit at position 4 on $auto$ff.cc:337:slice$8340 ($sdffe) from module upduino_known.
Setting constant 0-bit at position 5 on $auto$ff.cc:337:slice$8340 ($sdffe) from module upduino_known.
Setting constant 0-bit at position 6 on $auto$ff.cc:337:slice$8340 ($sdffe) from module upduino_known.
Setting constant 0-bit at position 7 on $auto$ff.cc:337:slice$8340 ($sdffe) from module upduino_known.
Setting constant 0-bit at position 8 on $auto$ff.cc:337:slice$8340 ($sdffe) from module upduino_known.
Setting constant 0-bit at position 9 on $auto$ff.cc:337:slice$8340 ($sdffe) from module upduino_known.
Setting constant 0-bit at position 10 on $auto$ff.cc:337:slice$8340 ($sdffe) from module upduino_known.
Setting constant 0-bit at position 11 on $auto$ff.cc:337:slice$8340 ($sdffe) from module upduino_known.
Setting constant 0-bit at position 12 on $auto$ff.cc:337:slice$8340 ($sdffe) from module upduino_known.
Setting constant 0-bit at position 13 on $auto$ff.cc:337:slice$8340 ($sdffe) from module upduino_known.
Setting constant 0-bit at position 14 on $auto$ff.cc:337:slice$8340 ($sdffe) from module upduino_known.
Setting constant 0-bit at position 15 on $auto$ff.cc:337:slice$8340 ($sdffe) from module upduino_known.
Setting constant 0-bit at position 16 on $auto$ff.cc:337:slice$8340 ($sdffe) from module upduino_known.
Setting constant 0-bit at position 17 on $auto$ff.cc:337:slice$8340 ($sdffe) from module upduino_known.
Setting constant 0-bit at position 18 on $auto$ff.cc:337:slice$8340 ($sdffe) from module upduino_known.
Setting constant 0-bit at position 19 on $auto$ff.cc:337:slice$8340 ($sdffe) from module upduino_known.
Setting constant 0-bit at position 20 on $auto$ff.cc:337:slice$8340 ($sdffe) from module upduino_known.
Setting constant 0-bit at position 21 on $auto$ff.cc:337:slice$8340 ($sdffe) from module upduino_known.
Setting constant 0-bit at position 22 on $auto$ff.cc:337:slice$8340 ($sdffe) from module upduino_known.
Setting constant 0-bit at position 23 on $auto$ff.cc:337:slice$8340 ($sdffe) from module upduino_known.

10.37.14. Executing OPT_CLEAN pass (remove unused cells and wires).
Finding unused cells or wires in module \upduino_known..

10.37.15. Executing OPT_EXPR pass (perform const folding).
Optimizing module upduino_known.

10.37.16. Rerunning OPT passes. (Maybe there is more to do..)

10.37.17. Executing OPT_MUXTREE pass (detect dead branches in mux trees).
Running muxtree optimizer on module \upduino_known..
  Creating internal representation of mux trees.
  Evaluating internal representation of mux trees.
  Analyzing evaluation results.
Removed 0 multiplexer ports.
<suppressed ~372 debug messages>

10.37.18. Executing OPT_REDUCE pass (consolidate $*mux and $reduce_* inputs).
  Optimizing cells in module \upduino_known.
    Consolidated identical input bits for $mux cell $memory\system.core.capture.ids$wrmux[1][0][0]$8291:
      Old ports: A=0, B=32'000000000000000000000000xxxxxxxx, Y=$memory\system.core.capture.ids$wrmux[1][0][0]$y$8292
      New ports: A=1'0, B=1'x, Y=$memory\system.core.capture.ids$wrmux[1][0][0]$y$8292 [0]
      New connections: $memory\system.core.capture.ids$wrmux[1][0][0]$y$8292 [31:1] = { 24'000000000000000000000000 $memory\system.core.capture.ids$wrmux[1][0][0]$y$8292 [0] $memory\system.core.capture.ids$wrmux[1][0][0]$y$8292 [0] $memory\system.core.capture.ids$wrmux[1][0][0]$y$8292 [0] $memory\system.core.capture.ids$wrmux[1][0][0]$y$8292 [0] $memory\system.core.capture.ids$wrmux[1][0][0]$y$8292 [0] $memory\system.core.capture.ids$wrmux[1][0][0]$y$8292 [0] $memory\system.core.capture.ids$wrmux[1][0][0]$y$8292 [0] }
    Consolidated identical input bits for $mux cell $memory\system.core.capture.ids$wrmux[0][0][0]$8281:
      Old ports: A=0, B=32'000000000000000000000000xxxxxxxx, Y=$memory\system.core.capture.ids$wrmux[0][0][0]$y$8282
      New ports: A=1'0, B=1'x, Y=$memory\system.core.capture.ids$wrmux[0][0][0]$y$8282 [0]
      New connections: $memory\system.core.capture.ids$wrmux[0][0][0]$y$8282 [31:1] = { 24'000000000000000000000000 $memory\system.core.capture.ids$wrmux[0][0][0]$y$8282 [0] $memory\system.core.capture.ids$wrmux[0][0][0]$y$8282 [0] $memory\system.core.capture.ids$wrmux[0][0][0]$y$8282 [0] $memory\system.core.capture.ids$wrmux[0][0][0]$y$8282 [0] $memory\system.core.capture.ids$wrmux[0][0][0]$y$8282 [0] $memory\system.core.capture.ids$wrmux[0][0][0]$y$8282 [0] $memory\system.core.capture.ids$wrmux[0][0][0]$y$8282 [0] }
    Consolidated identical input bits for $mux cell $memory\system.core.capture.sums$wrmux[0][0][0]$8308:
      Old ports: A=0, B=32'x, Y=$memory\system.core.capture.sums$wrmux[0][0][0]$y$8309
      New ports: A=1'0, B=1'x, Y=$memory\system.core.capture.sums$wrmux[0][0][0]$y$8309 [0]
      New connections: $memory\system.core.capture.sums$wrmux[0][0][0]$y$8309 [31:1] = { $memory\system.core.capture.sums$wrmux[0][0][0]$y$8309 [0] $memory\system.core.capture.sums$wrmux[0][0][0]$y$8309 [0] $memory\system.core.capture.sums$wrmux[0][0][0]$y$8309 [0] $memory\system.core.capture.sums$wrmux[0][0][0]$y$8309 [0] $memory\system.core.capture.sums$wrmux[0][0][0]$y$8309 [0] $memory\system.core.capture.sums$wrmux[0][0][0]$y$8309 [0] $memory\system.core.capture.sums$wrmux[0][0][0]$y$8309 [0] $memory\system.core.capture.sums$wrmux[0][0][0]$y$8309 [0] $memory\system.core.capture.sums$wrmux[0][0][0]$y$8309 [0] $memory\system.core.capture.sums$wrmux[0][0][0]$y$8309 [0] $memory\system.core.capture.sums$wrmux[0][0][0]$y$8309 [0] $memory\system.core.capture.sums$wrmux[0][0][0]$y$8309 [0] $memory\system.core.capture.sums$wrmux[0][0][0]$y$8309 [0] $memory\system.core.capture.sums$wrmux[0][0][0]$y$8309 [0] $memory\system.core.capture.sums$wrmux[0][0][0]$y$8309 [0] $memory\system.core.capture.sums$wrmux[0][0][0]$y$8309 [0] $memory\system.core.capture.sums$wrmux[0][0][0]$y$8309 [0] $memory\system.core.capture.sums$wrmux[0][0][0]$y$8309 [0] $memory\system.core.capture.sums$wrmux[0][0][0]$y$8309 [0] $memory\system.core.capture.sums$wrmux[0][0][0]$y$8309 [0] $memory\system.core.capture.sums$wrmux[0][0][0]$y$8309 [0] $memory\system.core.capture.sums$wrmux[0][0][0]$y$8309 [0] $memory\system.core.capture.sums$wrmux[0][0][0]$y$8309 [0] $memory\system.core.capture.sums$wrmux[0][0][0]$y$8309 [0] $memory\system.core.capture.sums$wrmux[0][0][0]$y$8309 [0] $memory\system.core.capture.sums$wrmux[0][0][0]$y$8309 [0] $memory\system.core.capture.sums$wrmux[0][0][0]$y$8309 [0] $memory\system.core.capture.sums$wrmux[0][0][0]$y$8309 [0] $memory\system.core.capture.sums$wrmux[0][0][0]$y$8309 [0] $memory\system.core.capture.sums$wrmux[0][0][0]$y$8309 [0] $memory\system.core.capture.sums$wrmux[0][0][0]$y$8309 [0] }
    Consolidated identical input bits for $mux cell $memory\system.core.capture.sums$wrmux[1][0][0]$8316:
      Old ports: A=0, B=32'x, Y=$memory\system.core.capture.sums$wrmux[1][0][0]$y$8317
      New ports: A=1'0, B=1'x, Y=$memory\system.core.capture.sums$wrmux[1][0][0]$y$8317 [0]
      New connections: $memory\system.core.capture.sums$wrmux[1][0][0]$y$8317 [31:1] = { $memory\system.core.capture.sums$wrmux[1][0][0]$y$8317 [0] $memory\system.core.capture.sums$wrmux[1][0][0]$y$8317 [0] $memory\system.core.capture.sums$wrmux[1][0][0]$y$8317 [0] $memory\system.core.capture.sums$wrmux[1][0][0]$y$8317 [0] $memory\system.core.capture.sums$wrmux[1][0][0]$y$8317 [0] $memory\system.core.capture.sums$wrmux[1][0][0]$y$8317 [0] $memory\system.core.capture.sums$wrmux[1][0][0]$y$8317 [0] $memory\system.core.capture.sums$wrmux[1][0][0]$y$8317 [0] $memory\system.core.capture.sums$wrmux[1][0][0]$y$8317 [0] $memory\system.core.capture.sums$wrmux[1][0][0]$y$8317 [0] $memory\system.core.capture.sums$wrmux[1][0][0]$y$8317 [0] $memory\system.core.capture.sums$wrmux[1][0][0]$y$8317 [0] $memory\system.core.capture.sums$wrmux[1][0][0]$y$8317 [0] $memory\system.core.capture.sums$wrmux[1][0][0]$y$8317 [0] $memory\system.core.capture.sums$wrmux[1][0][0]$y$8317 [0] $memory\system.core.capture.sums$wrmux[1][0][0]$y$8317 [0] $memory\system.core.capture.sums$wrmux[1][0][0]$y$8317 [0] $memory\system.core.capture.sums$wrmux[1][0][0]$y$8317 [0] $memory\system.core.capture.sums$wrmux[1][0][0]$y$8317 [0] $memory\system.core.capture.sums$wrmux[1][0][0]$y$8317 [0] $memory\system.core.capture.sums$wrmux[1][0][0]$y$8317 [0] $memory\system.core.capture.sums$wrmux[1][0][0]$y$8317 [0] $memory\system.core.capture.sums$wrmux[1][0][0]$y$8317 [0] $memory\system.core.capture.sums$wrmux[1][0][0]$y$8317 [0] $memory\system.core.capture.sums$wrmux[1][0][0]$y$8317 [0] $memory\system.core.capture.sums$wrmux[1][0][0]$y$8317 [0] $memory\system.core.capture.sums$wrmux[1][0][0]$y$8317 [0] $memory\system.core.capture.sums$wrmux[1][0][0]$y$8317 [0] $memory\system.core.capture.sums$wrmux[1][0][0]$y$8317 [0] $memory\system.core.capture.sums$wrmux[1][0][0]$y$8317 [0] $memory\system.core.capture.sums$wrmux[1][0][0]$y$8317 [0] }
    Consolidated identical input bits for $mux cell $memory\system.core.capture.ids$rdmux[0][0][0]$8274:
      Old ports: A={ 24'000000000000000000000000 \system.core.capture.ids[0] [7:0] }, B={ 24'000000000000000000000000 \system.core.capture.ids[1] [7:0] }, Y=\system.core.window_id
      New ports: A=\system.core.capture.ids[0] [7:0], B=\system.core.capture.ids[1] [7:0], Y=\system.core.window_id [7:0]
      New connections: \system.core.window_id [31:8] = 24'000000000000000000000000
  Optimizing cells in module \upduino_known.
    Consolidated identical input bits for $mux cell $memory\system.core.capture.ids$wrmux[0][1][0]$8287:
      Old ports: A=$memory\system.core.capture.ids$wrmux[0][0][0]$y$8282, B={ 24'000000000000000000000000 \system.controller.generated [17:10] }, Y=$memory\system.core.capture.ids$wrmux[0][1][0]$y$8288
      New ports: A={ $memory\system.core.capture.ids$wrmux[0][0][0]$y$8282 [0] $memory\system.core.capture.ids$wrmux[0][0][0]$y$8282 [0] $memory\system.core.capture.ids$wrmux[0][0][0]$y$8282 [0] $memory\system.core.capture.ids$wrmux[0][0][0]$y$8282 [0] $memory\system.core.capture.ids$wrmux[0][0][0]$y$8282 [0] $memory\system.core.capture.ids$wrmux[0][0][0]$y$8282 [0] $memory\system.core.capture.ids$wrmux[0][0][0]$y$8282 [0] $memory\system.core.capture.ids$wrmux[0][0][0]$y$8282 [0] }, B=\system.controller.generated [17:10], Y=$memory\system.core.capture.ids$wrmux[0][1][0]$y$8288 [7:0]
      New connections: $memory\system.core.capture.ids$wrmux[0][1][0]$y$8288 [31:8] = 24'000000000000000000000000
    Consolidated identical input bits for $mux cell $memory\system.core.capture.ids$wrmux[1][1][0]$8297:
      Old ports: A=$memory\system.core.capture.ids$wrmux[1][0][0]$y$8292, B={ 24'000000000000000000000000 \system.controller.generated [17:10] }, Y=$memory\system.core.capture.ids$wrmux[1][1][0]$y$8298
      New ports: A={ $memory\system.core.capture.ids$wrmux[1][0][0]$y$8292 [0] $memory\system.core.capture.ids$wrmux[1][0][0]$y$8292 [0] $memory\system.core.capture.ids$wrmux[1][0][0]$y$8292 [0] $memory\system.core.capture.ids$wrmux[1][0][0]$y$8292 [0] $memory\system.core.capture.ids$wrmux[1][0][0]$y$8292 [0] $memory\system.core.capture.ids$wrmux[1][0][0]$y$8292 [0] $memory\system.core.capture.ids$wrmux[1][0][0]$y$8292 [0] $memory\system.core.capture.ids$wrmux[1][0][0]$y$8292 [0] }, B=\system.controller.generated [17:10], Y=$memory\system.core.capture.ids$wrmux[1][1][0]$y$8298 [7:0]
      New connections: $memory\system.core.capture.ids$wrmux[1][1][0]$y$8298 [31:8] = 24'000000000000000000000000
  Optimizing cells in module \upduino_known.
Performed a total of 7 changes.

10.37.19. Executing OPT_MERGE pass (detect identical cells).
Finding identical cells in module `\upduino_known'.
Computing hashes of 1349 cells of `\upduino_known'.
Finding duplicate cells in `\upduino_known'.
Computing hashes of 1344 cells of `\upduino_known'.
Finding duplicate cells in `\upduino_known'.
<suppressed ~15 debug messages>
Removed a total of 5 cells.

10.37.20. Executing OPT_DFF pass (perform DFF optimizations).
Setting constant 0-bit at position 8 on $auto$ff.cc:337:slice$6311 ($sdffe) from module upduino_known.
Setting constant 0-bit at position 9 on $auto$ff.cc:337:slice$6311 ($sdffe) from module upduino_known.
Setting constant 0-bit at position 10 on $auto$ff.cc:337:slice$6311 ($sdffe) from module upduino_known.
Setting constant 0-bit at position 11 on $auto$ff.cc:337:slice$6311 ($sdffe) from module upduino_known.
Setting constant 0-bit at position 12 on $auto$ff.cc:337:slice$6311 ($sdffe) from module upduino_known.
Setting constant 0-bit at position 13 on $auto$ff.cc:337:slice$6311 ($sdffe) from module upduino_known.
Setting constant 0-bit at position 14 on $auto$ff.cc:337:slice$6311 ($sdffe) from module upduino_known.
Setting constant 0-bit at position 15 on $auto$ff.cc:337:slice$6311 ($sdffe) from module upduino_known.
Setting constant 0-bit at position 16 on $auto$ff.cc:337:slice$6311 ($sdffe) from module upduino_known.
Setting constant 0-bit at position 17 on $auto$ff.cc:337:slice$6311 ($sdffe) from module upduino_known.
Setting constant 0-bit at position 18 on $auto$ff.cc:337:slice$6311 ($sdffe) from module upduino_known.
Setting constant 0-bit at position 19 on $auto$ff.cc:337:slice$6311 ($sdffe) from module upduino_known.
Setting constant 0-bit at position 20 on $auto$ff.cc:337:slice$6311 ($sdffe) from module upduino_known.
Setting constant 0-bit at position 21 on $auto$ff.cc:337:slice$6311 ($sdffe) from module upduino_known.
Setting constant 0-bit at position 22 on $auto$ff.cc:337:slice$6311 ($sdffe) from module upduino_known.
Setting constant 0-bit at position 23 on $auto$ff.cc:337:slice$6311 ($sdffe) from module upduino_known.
Setting constant 0-bit at position 24 on $auto$ff.cc:337:slice$6311 ($sdffe) from module upduino_known.
Setting constant 0-bit at position 25 on $auto$ff.cc:337:slice$6311 ($sdffe) from module upduino_known.
Setting constant 0-bit at position 26 on $auto$ff.cc:337:slice$6311 ($sdffe) from module upduino_known.
Setting constant 0-bit at position 27 on $auto$ff.cc:337:slice$6311 ($sdffe) from module upduino_known.
Setting constant 0-bit at position 28 on $auto$ff.cc:337:slice$6311 ($sdffe) from module upduino_known.
Setting constant 0-bit at position 29 on $auto$ff.cc:337:slice$6311 ($sdffe) from module upduino_known.
Setting constant 0-bit at position 30 on $auto$ff.cc:337:slice$6311 ($sdffe) from module upduino_known.
Setting constant 0-bit at position 31 on $auto$ff.cc:337:slice$6311 ($sdffe) from module upduino_known.
Setting constant 0-bit at position 8 on $auto$ff.cc:337:slice$6307 ($sdffe) from module upduino_known.
Setting constant 0-bit at position 9 on $auto$ff.cc:337:slice$6307 ($sdffe) from module upduino_known.
Setting constant 0-bit at position 10 on $auto$ff.cc:337:slice$6307 ($sdffe) from module upduino_known.
Setting constant 0-bit at position 11 on $auto$ff.cc:337:slice$6307 ($sdffe) from module upduino_known.
Setting constant 0-bit at position 12 on $auto$ff.cc:337:slice$6307 ($sdffe) from module upduino_known.
Setting constant 0-bit at position 13 on $auto$ff.cc:337:slice$6307 ($sdffe) from module upduino_known.
Setting constant 0-bit at position 14 on $auto$ff.cc:337:slice$6307 ($sdffe) from module upduino_known.
Setting constant 0-bit at position 15 on $auto$ff.cc:337:slice$6307 ($sdffe) from module upduino_known.
Setting constant 0-bit at position 16 on $auto$ff.cc:337:slice$6307 ($sdffe) from module upduino_known.
Setting constant 0-bit at position 17 on $auto$ff.cc:337:slice$6307 ($sdffe) from module upduino_known.
Setting constant 0-bit at position 18 on $auto$ff.cc:337:slice$6307 ($sdffe) from module upduino_known.
Setting constant 0-bit at position 19 on $auto$ff.cc:337:slice$6307 ($sdffe) from module upduino_known.
Setting constant 0-bit at position 20 on $auto$ff.cc:337:slice$6307 ($sdffe) from module upduino_known.
Setting constant 0-bit at position 21 on $auto$ff.cc:337:slice$6307 ($sdffe) from module upduino_known.
Setting constant 0-bit at position 22 on $auto$ff.cc:337:slice$6307 ($sdffe) from module upduino_known.
Setting constant 0-bit at position 23 on $auto$ff.cc:337:slice$6307 ($sdffe) from module upduino_known.
Setting constant 0-bit at position 24 on $auto$ff.cc:337:slice$6307 ($sdffe) from module upduino_known.
Setting constant 0-bit at position 25 on $auto$ff.cc:337:slice$6307 ($sdffe) from module upduino_known.
Setting constant 0-bit at position 26 on $auto$ff.cc:337:slice$6307 ($sdffe) from module upduino_known.
Setting constant 0-bit at position 27 on $auto$ff.cc:337:slice$6307 ($sdffe) from module upduino_known.
Setting constant 0-bit at position 28 on $auto$ff.cc:337:slice$6307 ($sdffe) from module upduino_known.
Setting constant 0-bit at position 29 on $auto$ff.cc:337:slice$6307 ($sdffe) from module upduino_known.
Setting constant 0-bit at position 30 on $auto$ff.cc:337:slice$6307 ($sdffe) from module upduino_known.
Setting constant 0-bit at position 31 on $auto$ff.cc:337:slice$6307 ($sdffe) from module upduino_known.

10.37.21. Executing OPT_CLEAN pass (remove unused cells and wires).
Finding unused cells or wires in module \upduino_known..
Removed 0 unused cells and 5 unused wires.
<suppressed ~1 debug messages>

10.37.22. Executing OPT_EXPR pass (perform const folding).
Optimizing module upduino_known.

10.37.23. Rerunning OPT passes. (Maybe there is more to do..)

10.37.24. Executing OPT_MUXTREE pass (detect dead branches in mux trees).
Running muxtree optimizer on module \upduino_known..
  Creating internal representation of mux trees.
  Evaluating internal representation of mux trees.
  Analyzing evaluation results.
Removed 0 multiplexer ports.
<suppressed ~374 debug messages>

10.37.25. Executing OPT_REDUCE pass (consolidate $*mux and $reduce_* inputs).
  Optimizing cells in module \upduino_known.
Performed a total of 0 changes.

10.37.26. Executing OPT_MERGE pass (detect identical cells).
Finding identical cells in module `\upduino_known'.
Computing hashes of 1344 cells of `\upduino_known'.
Finding duplicate cells in `\upduino_known'.
Removed a total of 0 cells.

10.37.27. Executing OPT_DFF pass (perform DFF optimizations).
Setting constant 0-bit at position 8 on $auto$ff.cc:337:slice$6315 ($sdffe) from module upduino_known.
Setting constant 0-bit at position 9 on $auto$ff.cc:337:slice$6315 ($sdffe) from module upduino_known.
Setting constant 0-bit at position 10 on $auto$ff.cc:337:slice$6315 ($sdffe) from module upduino_known.
Setting constant 0-bit at position 11 on $auto$ff.cc:337:slice$6315 ($sdffe) from module upduino_known.
Setting constant 0-bit at position 12 on $auto$ff.cc:337:slice$6315 ($sdffe) from module upduino_known.
Setting constant 0-bit at position 13 on $auto$ff.cc:337:slice$6315 ($sdffe) from module upduino_known.
Setting constant 0-bit at position 14 on $auto$ff.cc:337:slice$6315 ($sdffe) from module upduino_known.
Setting constant 0-bit at position 15 on $auto$ff.cc:337:slice$6315 ($sdffe) from module upduino_known.
Setting constant 0-bit at position 16 on $auto$ff.cc:337:slice$6315 ($sdffe) from module upduino_known.
Setting constant 0-bit at position 17 on $auto$ff.cc:337:slice$6315 ($sdffe) from module upduino_known.
Setting constant 0-bit at position 18 on $auto$ff.cc:337:slice$6315 ($sdffe) from module upduino_known.
Setting constant 0-bit at position 19 on $auto$ff.cc:337:slice$6315 ($sdffe) from module upduino_known.
Setting constant 0-bit at position 20 on $auto$ff.cc:337:slice$6315 ($sdffe) from module upduino_known.
Setting constant 0-bit at position 21 on $auto$ff.cc:337:slice$6315 ($sdffe) from module upduino_known.
Setting constant 0-bit at position 22 on $auto$ff.cc:337:slice$6315 ($sdffe) from module upduino_known.
Setting constant 0-bit at position 23 on $auto$ff.cc:337:slice$6315 ($sdffe) from module upduino_known.
Setting constant 0-bit at position 24 on $auto$ff.cc:337:slice$6315 ($sdffe) from module upduino_known.
Setting constant 0-bit at position 25 on $auto$ff.cc:337:slice$6315 ($sdffe) from module upduino_known.
Setting constant 0-bit at position 26 on $auto$ff.cc:337:slice$6315 ($sdffe) from module upduino_known.
Setting constant 0-bit at position 27 on $auto$ff.cc:337:slice$6315 ($sdffe) from module upduino_known.
Setting constant 0-bit at position 28 on $auto$ff.cc:337:slice$6315 ($sdffe) from module upduino_known.
Setting constant 0-bit at position 29 on $auto$ff.cc:337:slice$6315 ($sdffe) from module upduino_known.
Setting constant 0-bit at position 30 on $auto$ff.cc:337:slice$6315 ($sdffe) from module upduino_known.
Setting constant 0-bit at position 31 on $auto$ff.cc:337:slice$6315 ($sdffe) from module upduino_known.
Setting constant 0-bit at position 8 on $auto$ff.cc:337:slice$6257 ($sdffe) from module upduino_known.
Setting constant 0-bit at position 9 on $auto$ff.cc:337:slice$6257 ($sdffe) from module upduino_known.
Setting constant 0-bit at position 10 on $auto$ff.cc:337:slice$6257 ($sdffe) from module upduino_known.
Setting constant 0-bit at position 11 on $auto$ff.cc:337:slice$6257 ($sdffe) from module upduino_known.
Setting constant 0-bit at position 12 on $auto$ff.cc:337:slice$6257 ($sdffe) from module upduino_known.
Setting constant 0-bit at position 13 on $auto$ff.cc:337:slice$6257 ($sdffe) from module upduino_known.
Setting constant 0-bit at position 14 on $auto$ff.cc:337:slice$6257 ($sdffe) from module upduino_known.
Setting constant 0-bit at position 15 on $auto$ff.cc:337:slice$6257 ($sdffe) from module upduino_known.
Setting constant 0-bit at position 16 on $auto$ff.cc:337:slice$6257 ($sdffe) from module upduino_known.
Setting constant 0-bit at position 17 on $auto$ff.cc:337:slice$6257 ($sdffe) from module upduino_known.
Setting constant 0-bit at position 18 on $auto$ff.cc:337:slice$6257 ($sdffe) from module upduino_known.
Setting constant 0-bit at position 19 on $auto$ff.cc:337:slice$6257 ($sdffe) from module upduino_known.
Setting constant 0-bit at position 20 on $auto$ff.cc:337:slice$6257 ($sdffe) from module upduino_known.
Setting constant 0-bit at position 21 on $auto$ff.cc:337:slice$6257 ($sdffe) from module upduino_known.
Setting constant 0-bit at position 22 on $auto$ff.cc:337:slice$6257 ($sdffe) from module upduino_known.
Setting constant 0-bit at position 23 on $auto$ff.cc:337:slice$6257 ($sdffe) from module upduino_known.
Setting constant 0-bit at position 24 on $auto$ff.cc:337:slice$6257 ($sdffe) from module upduino_known.
Setting constant 0-bit at position 25 on $auto$ff.cc:337:slice$6257 ($sdffe) from module upduino_known.
Setting constant 0-bit at position 26 on $auto$ff.cc:337:slice$6257 ($sdffe) from module upduino_known.
Setting constant 0-bit at position 27 on $auto$ff.cc:337:slice$6257 ($sdffe) from module upduino_known.
Setting constant 0-bit at position 28 on $auto$ff.cc:337:slice$6257 ($sdffe) from module upduino_known.
Setting constant 0-bit at position 29 on $auto$ff.cc:337:slice$6257 ($sdffe) from module upduino_known.
Setting constant 0-bit at position 30 on $auto$ff.cc:337:slice$6257 ($sdffe) from module upduino_known.
Setting constant 0-bit at position 31 on $auto$ff.cc:337:slice$6257 ($sdffe) from module upduino_known.

10.37.28. Executing OPT_CLEAN pass (remove unused cells and wires).
Finding unused cells or wires in module \upduino_known..

10.37.29. Executing OPT_EXPR pass (perform const folding).
Optimizing module upduino_known.
<suppressed ~94 debug messages>

10.37.30. Rerunning OPT passes. (Maybe there is more to do..)

10.37.31. Executing OPT_MUXTREE pass (detect dead branches in mux trees).
Running muxtree optimizer on module \upduino_known..
  Creating internal representation of mux trees.
  Evaluating internal representation of mux trees.
  Analyzing evaluation results.
Removed 0 multiplexer ports.
<suppressed ~374 debug messages>

10.37.32. Executing OPT_REDUCE pass (consolidate $*mux and $reduce_* inputs).
  Optimizing cells in module \upduino_known.
    Consolidated identical input bits for $mux cell $flatten\system.\controller.$ternary$rtl/io/known_replay_controller.sv:76$720:
      Old ports: A={ 24'000000000000000000000000 \system.core.out_frame_id [7:0] }, B=0, Y=$flatten\system.\controller.$ternary$rtl/io/known_replay_controller.sv:76$720_Y
      New ports: A=\system.core.out_frame_id [7:0], B=8'00000000, Y=$flatten\system.\controller.$ternary$rtl/io/known_replay_controller.sv:76$720_Y [7:0]
      New connections: $flatten\system.\controller.$ternary$rtl/io/known_replay_controller.sv:76$720_Y [31:8] = 24'000000000000000000000000
  Optimizing cells in module \upduino_known.
Performed a total of 1 changes.

10.37.33. Executing OPT_MERGE pass (detect identical cells).
Finding identical cells in module `\upduino_known'.
Computing hashes of 1344 cells of `\upduino_known'.
Finding duplicate cells in `\upduino_known'.
Removed a total of 0 cells.

10.37.34. Executing OPT_DFF pass (perform DFF optimizations).

10.37.35. Executing OPT_CLEAN pass (remove unused cells and wires).
Finding unused cells or wires in module \upduino_known..
Removed 0 unused cells and 23 unused wires.
<suppressed ~1 debug messages>

10.37.36. Executing OPT_EXPR pass (perform const folding).
Optimizing module upduino_known.

10.37.37. Rerunning OPT passes. (Maybe there is more to do..)

10.37.38. Executing OPT_MUXTREE pass (detect dead branches in mux trees).
Running muxtree optimizer on module \upduino_known..
  Creating internal representation of mux trees.
  Evaluating internal representation of mux trees.
  Analyzing evaluation results.
Removed 0 multiplexer ports.
<suppressed ~374 debug messages>

10.37.39. Executing OPT_REDUCE pass (consolidate $*mux and $reduce_* inputs).
  Optimizing cells in module \upduino_known.
Performed a total of 0 changes.

10.37.40. Executing OPT_MERGE pass (detect identical cells).
Finding identical cells in module `\upduino_known'.
Computing hashes of 1344 cells of `\upduino_known'.
Finding duplicate cells in `\upduino_known'.
Removed a total of 0 cells.

10.37.41. Executing OPT_DFF pass (perform DFF optimizations).

10.37.42. Executing OPT_CLEAN pass (remove unused cells and wires).
Finding unused cells or wires in module \upduino_known..

10.37.43. Executing OPT_EXPR pass (perform const folding).
Optimizing module upduino_known.

10.37.44. Finished fast OPT passes. (There is nothing left to do.)

10.38. Executing ICE40_WRAPCARRY pass (wrap carries).

10.39. Executing TECHMAP pass (map to technology primitives).

10.39.1. Executing Verilog-2005 frontend: PROJECT_ROOT/.tools/oss-cad-suite/libexec/../share/yosys/techmap.v
Parsing Verilog input from `PROJECT_ROOT/.tools/oss-cad-suite/libexec/../share/yosys/techmap.v' to AST representation.
Generating RTLIL representation for module `\_90_simplemap_bool_ops'.
Generating RTLIL representation for module `\_90_simplemap_reduce_ops'.
Generating RTLIL representation for module `\_90_simplemap_logic_ops'.
Generating RTLIL representation for module `\_90_simplemap_compare_ops'.
Generating RTLIL representation for module `\_90_simplemap_various'.
Generating RTLIL representation for module `\_90_simplemap_registers'.
Generating RTLIL representation for module `\_90_shift_ops_shr_shl_sshl_sshr'.
Generating RTLIL representation for module `\_90_shift_shiftx'.
Generating RTLIL representation for module `\_90_fa'.
Generating RTLIL representation for module `\_90_lcu_brent_kung'.
Generating RTLIL representation for module `\_90_alu'.
Generating RTLIL representation for module `\_90_macc'.
Generating RTLIL representation for module `\_90_alumacc'.
Generating RTLIL representation for module `$__div_mod_u'.
Generating RTLIL representation for module `$__div_mod_trunc'.
Generating RTLIL representation for module `\_90_div'.
Generating RTLIL representation for module `\_90_mod'.
Generating RTLIL representation for module `$__div_mod_floor'.
Generating RTLIL representation for module `\_90_divfloor'.
Generating RTLIL representation for module `\_90_modfloor'.
Generating RTLIL representation for module `\_90_pow'.
Generating RTLIL representation for module `\_90_demux'.
Generating RTLIL representation for module `\_90_lut'.
Generating RTLIL representation for module `$connect'.
Generating RTLIL representation for module `$input_port'.
Successfully finished Verilog frontend.

10.39.2. Executing Verilog-2005 frontend: PROJECT_ROOT/.tools/oss-cad-suite/libexec/../share/yosys/ice40/arith_map.v
Parsing Verilog input from `PROJECT_ROOT/.tools/oss-cad-suite/libexec/../share/yosys/ice40/arith_map.v' to AST representation.
Generating RTLIL representation for module `\_80_ice40_alu'.
Successfully finished Verilog frontend.

10.39.3. Continuing TECHMAP pass.
Using template $paramod$d2fa05d38998afabc6d4f34471305d0af4b8b2df\_80_ice40_alu for cells of type $alu.
Using extmapper simplemap for cells of type $sdffe.
Using extmapper simplemap for cells of type $ne.
Using extmapper simplemap for cells of type $dffe.
Using extmapper simplemap for cells of type $sdffce.
Using extmapper simplemap for cells of type $sdff.
Using extmapper simplemap for cells of type $reduce_or.
Using extmapper simplemap for cells of type $not.
Using extmapper simplemap for cells of type $xor.
Using template $paramod$091610cd349a68bd5539cffd7126f0d76e9bca00\_80_ice40_alu for cells of type $alu.
Using extmapper simplemap for cells of type $mux.
Using extmapper simplemap for cells of type $and.
Using extmapper simplemap for cells of type $eq.
Using extmapper simplemap for cells of type $dff.
Using template $paramod$0b0cde3dd6fc83a3fc5535dbeb0d4e3a480de834\_90_alu for cells of type $alu.
Using template $paramod$2af30114e9bd4ccb04dad757b3f0a8f6bf0615b0\_80_ice40_alu for cells of type $alu.
Using template $paramod$2470b7ea32c975a55c3ab8b283381b72d09e16d3\_80_ice40_alu for cells of type $alu.
Using template $paramod$constmap:fccb679318acdbc219ad4d42be042cc72878fb9d$paramod$8ac1cd03185838f516ceef7d902199c92b3a1cdd\_90_shift_ops_shr_shl_sshl_sshr for cells of type $shl.
Using template $paramod$039520c137afc9cd69dd56c3fb11a4e1fbe5f664\_80_ice40_alu for cells of type $alu.
Using template $paramod$f880710029b6e56fdc272865cd0a3010fe99cd13\_80_ice40_alu for cells of type $alu.
Using template $paramod$fa61ee5b768ace58cd668eab52c7e5862b6c69f0\_80_ice40_alu for cells of type $alu.
Using template $paramod$34c222451c49cd573fa5351335ef4308a65abab0\_80_ice40_alu for cells of type $alu.
Using template $paramod$c9d98d2d0793a6d8797b9c088dbedb26a7be7121\_80_ice40_alu for cells of type $alu.
Using template $paramod$754650b284649a026620fc6856e5b6886cbfe794\_80_ice40_alu for cells of type $alu.
Using template $paramod$08eec5a6921d570f658f0ddff79a3d6fd06b1ec1\_80_ice40_alu for cells of type $alu.
Using template $paramod$19d71cf4a78a3e7142dac3f236c406c8947b8115\_80_ice40_alu for cells of type $alu.
Using template $paramod$80777cb03295863576a2cafb187c47f3adfa2a9c\_80_ice40_alu for cells of type $alu.
Using template $paramod$4a5474979e92ac299b9d7366adf0780f6b2e4f28\_80_ice40_alu for cells of type $alu.
Using template $paramod$7fa1593b7bd93374b34bfd9ac1fe703a5be6addb\_80_ice40_alu for cells of type $alu.
Using template $paramod$fe36d6d725c0243822683f7451312ebcd99a78d3\_80_ice40_alu for cells of type $alu.
Using template $paramod$fc972a7a46956c1788f3cb5257b53c8f1df2d0cc\_90_alu for cells of type $alu.
Using template $paramod$2f5fb04daf2da94d981bf9455fa4454c6ec8b705\_80_ice40_alu for cells of type $alu.
Using template $paramod$32a7b7b86c07519b7537abc18e96f0331f97914d\_80_ice40_alu for cells of type $alu.
Using template $paramod$18205a5da979f93ffab44671dcc4a48cf14e25e2\_80_ice40_alu for cells of type $alu.
Using template $paramod$484d51534650924b7ed4c69e46eed3a56904771f\_80_ice40_alu for cells of type $alu.
Using template $paramod$88aad6f8473fb7e4e5fbfb8335ddebad03429eaa\_80_ice40_alu for cells of type $alu.
Using template $paramod$c6baa65225090ac0a120feab1b920965244aa496\_80_ice40_alu for cells of type $alu.
Using template $paramod$175e67c02b86e96b1288b9dc100122520d7240d8\_90_alu for cells of type $alu.
Using template $paramod$3ef274a4ad1e446c08416d1cf6cb5ab03146d407\_80_ice40_alu for cells of type $alu.
Using template $paramod$c3cd1564c35d873179656addd6052d7ea8b6d991\_80_ice40_alu for cells of type $alu.
Using template $paramod$403a3c2fa431a154c52a6a5429d7a6260b5d144f\_80_ice40_alu for cells of type $alu.
Using template $paramod$2653f68ddb8eab7b1907b4a20767b72a824a7a36\_80_ice40_alu for cells of type $alu.
Using template $paramod$92a1f7a016bf58d33db5a47145e66dde1cbc3210\_80_ice40_alu for cells of type $alu.
Using template $paramod$645b2985ffa05920973af4de55fcfd0cb8f80c20\_80_ice40_alu for cells of type $alu.
Using template $paramod$fd7bfb1a4f3a7c2ac1a35670d0fa64ccc7b91841\_80_ice40_alu for cells of type $alu.
Using template $paramod$0670e2b5f39a952ee2dd39072443556343a2df97\_80_ice40_alu for cells of type $alu.
Using template $paramod$d6bdbc77d5e9f30d855e12cd5722914b2712fdb7\_80_ice40_alu for cells of type $alu.
Using template $paramod$080e6a70eb8bfa1ccf22d9718e795074645029a4\_80_ice40_alu for cells of type $alu.
Using extmapper simplemap for cells of type $reduce_and.
Using template $paramod$a1665ef28c749ebcdbe9aecd466e644647b56463\_80_ice40_alu for cells of type $alu.
Using template $paramod$8f780356cb6cdb52f6a744190131b65634639c4e\_80_ice40_alu for cells of type $alu.
Using extmapper simplemap for cells of type $or.
Using template $paramod$1a9b2adc0e90ccf2d22dba8d72430d10741e65ed\_80_ice40_alu for cells of type $alu.
Using template $paramod$20b1d0597707d55efcb9664e40f63985956d7680\_80_ice40_alu for cells of type $alu.
Using template $paramod$9e8c19db10db5b8954224cafa0587db20bab09bd\_90_alu for cells of type $alu.
Using template $paramod$d217a17758e2e945dd317b847eb4def4b9d031fa\_80_ice40_alu for cells of type $alu.
Using template $paramod$bee2d9b174e5d569acba3e70eed4e815564102b5\_80_ice40_alu for cells of type $alu.
Using template $paramod$6a42b6fefed750f8a1c58eab59479d960557103c\_80_ice40_alu for cells of type $alu.
Using template $paramod$02488ff6fa51b28bbfa470bdd9b0e548b3357746\_80_ice40_alu for cells of type $alu.
Using template $paramod$1d1e68f77481583066c6d429218f48ea9d5739b3\_90_alu for cells of type $alu.
Using template $paramod$aac77111ec976962096d49169906492758c7e4cd\_80_ice40_alu for cells of type $alu.
Using template $paramod$788c3d57e5abb3a3f89aea6d4acd665be37f4e9b\_80_ice40_alu for cells of type $alu.
Using template $paramod$53700bbee849b2010ad0b60a61ccd204a10e24ca\_80_ice40_alu for cells of type $alu.
Using template $paramod$6f67705c43e5e94c02b6ebb52209ce5aa5ade4c1\_80_ice40_alu for cells of type $alu.
Using template $paramod$ea402187f386206c0840504755479bf827f47707\_80_ice40_alu for cells of type $alu.
Using template $paramod$1ed7ec530b1ba361931392f2f8504f82ccdfecaa\_80_ice40_alu for cells of type $alu.
Using template $paramod$8742280fdebca84e1c87f2a86ed84f62d558f4cc\_80_ice40_alu for cells of type $alu.
Using template $paramod$336b1fb79b1d6be5a93bb9daed6b253aadd9b6ea\_80_ice40_alu for cells of type $alu.
Using template $paramod$5dbd7e17058f2e39dd7b50f2958e370cd13be1ca\_80_ice40_alu for cells of type $alu.
Using template $paramod$861f5302217787cd55fd1a501bc728125f176580\_80_ice40_alu for cells of type $alu.
Using template $paramod$a40b3a69ab2154dca9743e30e1e84efb03b892b4\_80_ice40_alu for cells of type $alu.
Using template $paramod$b18e16801adf491a64caa0542270798e5d4ac6b6\_80_ice40_alu for cells of type $alu.
Using template $paramod$7e708ae28ab761f11d0fb59d3ffc72f6a4baf5d9\_90_alu for cells of type $alu.
Using template $paramod$98c5892e7dae0085b33c33c218fc8e11ffb9982c\_80_ice40_alu for cells of type $alu.
Using template $paramod$5e5c8b0021e49c50f7602af858629c991ef7602a\_80_ice40_alu for cells of type $alu.
Using template $paramod$716a39fe093f83af45d6be30e7708e9f3ad9df82\_80_ice40_alu for cells of type $alu.
Using template $paramod$5f8e947c341c1c04d2e3de9da46befa2f4d2575f\_80_ice40_alu for cells of type $alu.
Using template $paramod$5a5030a887f04d37e4563fbb8099d337a994ee1e\_80_ice40_alu for cells of type $alu.
Using template $paramod$c262a9eba992bd375aee69244ae82bb2c8f55fe5\_90_alu for cells of type $alu.
Using template $paramod$cff66329c78f14c05756fa469890bd1a4784ffc2\_80_ice40_alu for cells of type $alu.
Using template $paramod$78e969f2586efcf3a5b0b0440bcca0db83d5cca2\_80_ice40_alu for cells of type $alu.
Using template $paramod$f956edc9fe4df758d9fdb10bfc518a364c99e75e\_80_ice40_alu for cells of type $alu.
Using template $paramod$a1875ff20ca23255974c2fd3685f305ba8a550d9\_80_ice40_alu for cells of type $alu.
Using template $paramod$9b23bda5b7ff5d3b0ada391f7ca3efc07b6d2867\_80_ice40_alu for cells of type $alu.
Using template $paramod$ec32b97001540459632a2df9accd677d3703ea0f\_80_ice40_alu for cells of type $alu.
Using extmapper maccmap for cells of type $macc_v2.
  add { \system.core.exponent 12'000000000000 } (20 bits, signed)
  add { 1'0 \system.core.log_q } (13 bits, signed)
  add 22'1111100000101101101111 (22 bits, unsigned)
  add \system.core.product[0] (32 bits, unsigned)
  add { $flatten\system.\core.$ternary$rtl/core/known_spectral_core.sv:92$1182_Y [31:16] 16'0000000000000000 } (32 bits, unsigned)
  add { $flatten\system.\core.$ternary$rtl/core/known_spectral_core.sv:91$1180_Y [31:16] 16'0000000000000000 } (32 bits, unsigned)
Using extmapper simplemap for cells of type $bmux.
Using extmapper simplemap for cells of type $reduce_bool.
Using extmapper simplemap for cells of type $logic_not.
Using extmapper simplemap for cells of type $logic_and.
Using extmapper simplemap for cells of type $logic_or.
Using template $paramod$constmap:decda5b4632abbcf04bf9650a2dac76960d9cb80$paramod$08bf5f0725d292174acacf8edfe87d18d48f6e70\_90_shift_shiftx for cells of type $shift.
Analyzing pattern of constant bits for this cell:
Creating constmapped module `$paramod$constmap:5a4bd879cde68fe23882c6a271f9c4bb8714bccb$paramod$08bf5f0725d292174acacf8edfe87d18d48f6e70\_90_shift_shiftx'.

10.39.161. Executing OPT_MUXTREE pass (detect dead branches in mux trees).
Running muxtree optimizer on module $paramod$constmap:5a4bd879cde68fe23882c6a271f9c4bb8714bccb$paramod$08bf5f0725d292174acacf8edfe87d18d48f6e70\_90_shift_shiftx..
  Creating internal representation of mux trees.
  Evaluating internal representation of mux trees.
  Analyzing evaluation results.
    dead port 2/2 on $mux $procmux$14177.
    dead port 2/2 on $mux $procmux$14183.
    dead port 2/2 on $mux $procmux$14189.
    dead port 2/2 on $mux $procmux$14195.
    dead port 2/2 on $mux $procmux$14201.
    dead port 2/2 on $mux $procmux$14207.
    dead port 2/2 on $mux $procmux$14213.
Removed 7 multiplexer ports.
<suppressed ~3535 debug messages>

10.39.162. Executing OPT_EXPR pass (perform const folding).
Optimizing module $paramod$constmap:5a4bd879cde68fe23882c6a271f9c4bb8714bccb$paramod$08bf5f0725d292174acacf8edfe87d18d48f6e70\_90_shift_shiftx.
<suppressed ~27 debug messages>
Removed 0 unused cells and 12 unused wires.
Using template $paramod$constmap:5a4bd879cde68fe23882c6a271f9c4bb8714bccb$paramod$08bf5f0725d292174acacf8edfe87d18d48f6e70\_90_shift_shiftx for cells of type $shift.
Using extmapper simplemap for cells of type $pmux.
Using template $paramod$constmap:dd82805e02d0c05f7629d78043ee7bd4bcc370d0$paramod$5aa0fbdc3e385f336e95d2896ce5aed0c003c799\_90_shift_shiftx for cells of type $shift.
Analyzing pattern of constant bits for this cell:
  Constant input on bit 0 of port A: 1'0
Creating constmapped module `$paramod$constmap:d8aefc1ccc4cc8f7577de99159ea22c4a240a5fa$paramod$5aa0fbdc3e385f336e95d2896ce5aed0c003c799\_90_shift_shiftx'.

10.39.168. Executing OPT_MUXTREE pass (detect dead branches in mux trees).
Running muxtree optimizer on module $paramod$constmap:d8aefc1ccc4cc8f7577de99159ea22c4a240a5fa$paramod$5aa0fbdc3e385f336e95d2896ce5aed0c003c799\_90_shift_shiftx..
  Creating internal representation of mux trees.
  Evaluating internal representation of mux trees.
  Analyzing evaluation results.
    dead port 2/2 on $mux $procmux$18109.
Removed 1 multiplexer ports.
<suppressed ~245 debug messages>

10.39.169. Executing OPT_EXPR pass (perform const folding).
Optimizing module $paramod$constmap:d8aefc1ccc4cc8f7577de99159ea22c4a240a5fa$paramod$5aa0fbdc3e385f336e95d2896ce5aed0c003c799\_90_shift_shiftx.
<suppressed ~4 debug messages>
Removed 0 unused cells and 9 unused wires.
Using template $paramod$constmap:d8aefc1ccc4cc8f7577de99159ea22c4a240a5fa$paramod$5aa0fbdc3e385f336e95d2896ce5aed0c003c799\_90_shift_shiftx for cells of type $shift.
Using template $paramod$constmap:de554f9cc18e049d5b7dc95f0bcf8e03e57019ff$paramod$1e265d9719406ee45a570be27d6567e3eeff81e5\_90_shift_shiftx for cells of type $shiftx.
Using template $paramod$constmap:8d61009f05e35d0d427a2d6d598e86b4aaa6aa34$paramod$073d0ff2f3bbf394fb5ad2923b84417742309f8c\_90_shift_shiftx for cells of type $shiftx.
Using template $paramod$constmap:e68b534ff82e01cbebaac33a952e13918b173b35$paramod$cc7ab7964291ccc4bd8775dda867ad606b789314\_90_shift_shiftx for cells of type $shiftx.
Using template $paramod\_90_fa\WIDTH=32'00000000000000000000000000100000 for cells of type $fa.
Using template $paramod$fbc7873bff55778c0b3173955b7e4bce1d9d6834\_80_ice40_alu for cells of type $alu.
Using template $paramod$e161c1674351796cd6dd381e70ff05458bfe7755\_80_ice40_alu for cells of type $alu.
Using extmapper simplemap for cells of type $pos.
Using template $paramod\_90_fa\WIDTH=32'00000000000000000000000000000001 for cells of type $fa.
Using template $paramod\_90_lcu_brent_kung\WIDTH=32'00000000000000000000000000000001 for cells of type $lcu.
Using template $paramod\_90_fa\WIDTH=32'00000000000000000000000000000010 for cells of type $fa.
Using template $paramod\_90_lcu_brent_kung\WIDTH=32'00000000000000000000000000000010 for cells of type $lcu.
No more expansions possible.
<suppressed ~2462 debug messages>

10.40. Executing OPT pass (performing simple optimizations).

10.40.1. Executing OPT_EXPR pass (perform const folding).
Optimizing module upduino_known.
<suppressed ~10956 debug messages>

10.40.2. Executing OPT_MERGE pass (detect identical cells).
Finding identical cells in module `\upduino_known'.
Computing hashes of 22175 cells of `\upduino_known'.
Finding duplicate cells in `\upduino_known'.
Computing hashes of 20137 cells of `\upduino_known'.
Finding duplicate cells in `\upduino_known'.
Computing hashes of 18877 cells of `\upduino_known'.
Finding duplicate cells in `\upduino_known'.
Computing hashes of 17784 cells of `\upduino_known'.
Finding duplicate cells in `\upduino_known'.
Computing hashes of 17171 cells of `\upduino_known'.
Finding duplicate cells in `\upduino_known'.
Computing hashes of 16951 cells of `\upduino_known'.
Finding duplicate cells in `\upduino_known'.
Computing hashes of 16898 cells of `\upduino_known'.
Finding duplicate cells in `\upduino_known'.
Computing hashes of 16882 cells of `\upduino_known'.
Finding duplicate cells in `\upduino_known'.
Computing hashes of 16881 cells of `\upduino_known'.
Finding duplicate cells in `\upduino_known'.
Computing hashes of 16880 cells of `\upduino_known'.
Finding duplicate cells in `\upduino_known'.
Computing hashes of 16879 cells of `\upduino_known'.
Finding duplicate cells in `\upduino_known'.
Computing hashes of 16878 cells of `\upduino_known'.
Finding duplicate cells in `\upduino_known'.
Computing hashes of 16877 cells of `\upduino_known'.
Finding duplicate cells in `\upduino_known'.
Computing hashes of 16876 cells of `\upduino_known'.
Finding duplicate cells in `\upduino_known'.
Computing hashes of 16875 cells of `\upduino_known'.
Finding duplicate cells in `\upduino_known'.
Computing hashes of 16874 cells of `\upduino_known'.
Finding duplicate cells in `\upduino_known'.
Computing hashes of 16873 cells of `\upduino_known'.
Finding duplicate cells in `\upduino_known'.
Computing hashes of 16872 cells of `\upduino_known'.
Finding duplicate cells in `\upduino_known'.
Computing hashes of 16871 cells of `\upduino_known'.
Finding duplicate cells in `\upduino_known'.
Computing hashes of 16870 cells of `\upduino_known'.
Finding duplicate cells in `\upduino_known'.
Computing hashes of 16869 cells of `\upduino_known'.
Finding duplicate cells in `\upduino_known'.
Computing hashes of 16868 cells of `\upduino_known'.
Finding duplicate cells in `\upduino_known'.
Computing hashes of 16867 cells of `\upduino_known'.
Finding duplicate cells in `\upduino_known'.
Computing hashes of 16866 cells of `\upduino_known'.
Finding duplicate cells in `\upduino_known'.
Computing hashes of 16865 cells of `\upduino_known'.
Finding duplicate cells in `\upduino_known'.
Computing hashes of 16864 cells of `\upduino_known'.
Finding duplicate cells in `\upduino_known'.
<suppressed ~15933 debug messages>
Removed a total of 5311 cells.

10.40.3. Executing OPT_DFF pass (perform DFF optimizations).
Adding SRST signal on $auto$ff.cc:337:slice$12792 ($_DFFE_PP_) from module upduino_known (D = $auto$simplemap.cc:189:logic_reduce$15117, Q = \system.core.power_buffer [63], rval = 1'0).
Adding SRST signal on $auto$ff.cc:337:slice$12206 ($_SDFF_PN0_) from module upduino_known (D = $auto$simplemap.cc:189:logic_reduce$24447, Q = \system.transport.done, rval = 1'0).
Adding SRST signal on $auto$ff.cc:337:slice$12786 ($_DFFE_PP_) from module upduino_known (D = $auto$simplemap.cc:189:logic_reduce$15075, Q = \system.core.power_buffer [57], rval = 1'0).
Adding SRST signal on $auto$ff.cc:337:slice$12787 ($_DFFE_PP_) from module upduino_known (D = $auto$simplemap.cc:189:logic_reduce$15082, Q = \system.core.power_buffer [58], rval = 1'0).
Adding SRST signal on $auto$ff.cc:337:slice$12788 ($_DFFE_PP_) from module upduino_known (D = $auto$simplemap.cc:189:logic_reduce$15089, Q = \system.core.power_buffer [59], rval = 1'0).
Adding SRST signal on $auto$ff.cc:337:slice$12789 ($_DFFE_PP_) from module upduino_known (D = $auto$simplemap.cc:189:logic_reduce$15096, Q = \system.core.power_buffer [60], rval = 1'0).
Adding SRST signal on $auto$ff.cc:337:slice$12790 ($_DFFE_PP_) from module upduino_known (D = $auto$simplemap.cc:189:logic_reduce$15103, Q = \system.core.power_buffer [61], rval = 1'0).
Adding SRST signal on $auto$ff.cc:337:slice$12791 ($_DFFE_PP_) from module upduino_known (D = $auto$simplemap.cc:189:logic_reduce$15110, Q = \system.core.power_buffer [62], rval = 1'0).

10.40.4. Executing OPT_CLEAN pass (remove unused cells and wires).
Finding unused cells or wires in module \upduino_known..
Removed 4722 unused cells and 4544 unused wires.
<suppressed ~4723 debug messages>

10.40.5. Rerunning OPT passes. (Removed registers in this run.)

10.40.6. Executing OPT_EXPR pass (perform const folding).
Optimizing module upduino_known.
<suppressed ~32 debug messages>

10.40.7. Executing OPT_MERGE pass (detect identical cells).
Finding identical cells in module `\upduino_known'.
Computing hashes of 12111 cells of `\upduino_known'.
Finding duplicate cells in `\upduino_known'.
Removed a total of 0 cells.

10.40.8. Executing OPT_DFF pass (perform DFF optimizations).

10.40.9. Executing OPT_CLEAN pass (remove unused cells and wires).
Finding unused cells or wires in module \upduino_known..
Removed 1 unused cells and 3 unused wires.
<suppressed ~2 debug messages>

10.40.10. Finished fast OPT passes.

10.41. Executing ICE40_OPT pass (performing simple optimizations).

10.41.1. Running ICE40 specific optimizations.
Optimized $__ICE40_CARRY_WRAPPER cell back to logic (without SB_CARRY) upduino_known.$auto$maccmap.cc:240:synth$10893.slice[0].carry: CO=1'0
Optimized $__ICE40_CARRY_WRAPPER cell back to logic (without SB_CARRY) upduino_known.$auto$maccmap.cc:240:synth$10886.slice[0].carry: CO=\system.core.log_q [0]
Optimized $__ICE40_CARRY_WRAPPER cell back to logic (without SB_CARRY) upduino_known.$auto$alumacc.cc:548:replace_alu$6803.slice[0].carry: CO=\startup [6]
Optimized $__ICE40_CARRY_WRAPPER cell back to logic (without SB_CARRY) upduino_known.$auto$alumacc.cc:548:replace_alu$6835.slice[0].carry: CO=\system.core.rounded_magnitude [0]
Optimized $__ICE40_CARRY_WRAPPER cell back to logic (without SB_CARRY) upduino_known.$auto$alumacc.cc:548:replace_alu$6846.slice[0].carry: CO=\system.core.computed_log [0]
Optimized $__ICE40_CARRY_WRAPPER cell back to logic (without SB_CARRY) upduino_known.$auto$alumacc.cc:548:replace_alu$6853.slice[0].carry: CO=\system.core.state [1]
Optimized $__ICE40_CARRY_WRAPPER cell back to logic (without SB_CARRY) upduino_known.$auto$alumacc.cc:548:replace_alu$6866.slice[0].carry: CO=\system.core.state [2]
Optimized $__ICE40_CARRY_WRAPPER cell back to logic (without SB_CARRY) upduino_known.$auto$alumacc.cc:548:replace_alu$6886.slice[0].carry: CO=\system.core.centered [0]
Optimized $__ICE40_CARRY_WRAPPER cell back to logic (without SB_CARRY) upduino_known.$auto$alumacc.cc:548:replace_alu$6906.slice[0].carry: CO=\system.core.rne$func$rtl/core/known_spectral_core.sv:82$1142.$result [0]
Optimized $__ICE40_CARRY_WRAPPER cell back to logic (without SB_CARRY) upduino_known.$auto$alumacc.cc:548:replace_alu$6919.slice[0].carry: CO=\system.core.rne$func$rtl/core/known_spectral_core.sv:82$1142.$result [31]
Optimized $__ICE40_CARRY_WRAPPER cell back to logic (without SB_CARRY) upduino_known.$auto$alumacc.cc:548:replace_alu$6926.slice[0].carry: CO=\system.core.log_work [11]
Optimized $__ICE40_CARRY_WRAPPER cell back to logic (without SB_CARRY) upduino_known.$auto$alumacc.cc:548:replace_alu$6939.slice[0].carry: CO=\system.core.log_work [10]
Optimized $__ICE40_CARRY_WRAPPER cell back to logic (without SB_CARRY) upduino_known.$auto$alumacc.cc:548:replace_alu$6944.slice[0].carry: CO=$auto$alumacc.cc:548:replace_alu$6944.A [0]
Optimized $__ICE40_CARRY_WRAPPER cell back to logic (without SB_CARRY) upduino_known.$auto$alumacc.cc:548:replace_alu$6944.slice[2].carry: CO=$auto$alumacc.cc:548:replace_alu$6944.C [2]
Optimized $__ICE40_CARRY_WRAPPER cell back to logic (without SB_CARRY) upduino_known.$auto$alumacc.cc:548:replace_alu$6944.slice[3].carry: CO=$auto$alumacc.cc:548:replace_alu$6944.C [3]
Optimized $__ICE40_CARRY_WRAPPER cell back to logic (without SB_CARRY) upduino_known.$auto$alumacc.cc:548:replace_alu$6944.slice[4].carry: CO=$auto$alumacc.cc:548:replace_alu$6944.C [4]
Optimized $__ICE40_CARRY_WRAPPER cell back to logic (without SB_CARRY) upduino_known.$auto$alumacc.cc:548:replace_alu$6944.slice[5].carry: CO=$auto$alumacc.cc:548:replace_alu$6944.C [5]
Optimized $__ICE40_CARRY_WRAPPER cell back to logic (without SB_CARRY) upduino_known.$auto$alumacc.cc:548:replace_alu$6944.slice[6].carry: CO=$auto$alumacc.cc:548:replace_alu$6944.C [6]
Optimized $__ICE40_CARRY_WRAPPER cell back to logic (without SB_CARRY) upduino_known.$auto$alumacc.cc:548:replace_alu$6944.slice[7].carry: CO=$auto$alumacc.cc:548:replace_alu$6944.C [7]
Optimized $__ICE40_CARRY_WRAPPER cell back to logic (without SB_CARRY) upduino_known.$auto$alumacc.cc:548:replace_alu$6944.slice[8].carry: CO=$auto$alumacc.cc:548:replace_alu$6944.C [8]
Optimized $__ICE40_CARRY_WRAPPER cell back to logic (without SB_CARRY) upduino_known.$auto$alumacc.cc:548:replace_alu$6944.slice[9].carry: CO=$auto$alumacc.cc:548:replace_alu$6944.C [9]
Optimized $__ICE40_CARRY_WRAPPER cell back to logic (without SB_CARRY) upduino_known.$auto$alumacc.cc:548:replace_alu$6944.slice[10].carry: CO=$auto$alumacc.cc:548:replace_alu$6944.C [10]
Optimized $__ICE40_CARRY_WRAPPER cell back to logic (without SB_CARRY) upduino_known.$auto$alumacc.cc:548:replace_alu$6944.slice[11].carry: CO=$auto$alumacc.cc:548:replace_alu$6944.C [11]
Optimized $__ICE40_CARRY_WRAPPER cell back to logic (without SB_CARRY) upduino_known.$auto$alumacc.cc:548:replace_alu$6944.slice[12].carry: CO=$auto$alumacc.cc:548:replace_alu$6944.C [12]
Optimized $__ICE40_CARRY_WRAPPER cell back to logic (without SB_CARRY) upduino_known.$auto$alumacc.cc:548:replace_alu$6944.slice[13].carry: CO=$auto$alumacc.cc:548:replace_alu$6944.C [13]
Optimized $__ICE40_CARRY_WRAPPER cell back to logic (without SB_CARRY) upduino_known.$auto$alumacc.cc:548:replace_alu$6944.slice[14].carry: CO=$auto$alumacc.cc:548:replace_alu$6944.C [14]
Optimized $__ICE40_CARRY_WRAPPER cell back to logic (without SB_CARRY) upduino_known.$auto$alumacc.cc:548:replace_alu$6944.slice[15].carry: CO=$auto$alumacc.cc:548:replace_alu$6944.C [15]
Optimized $__ICE40_CARRY_WRAPPER cell back to logic (without SB_CARRY) upduino_known.$auto$alumacc.cc:548:replace_alu$6944.slice[16].carry: CO=$auto$alumacc.cc:548:replace_alu$6944.C [16]
Optimized $__ICE40_CARRY_WRAPPER cell back to logic (without SB_CARRY) upduino_known.$auto$alumacc.cc:548:replace_alu$6944.slice[17].carry: CO=$auto$alumacc.cc:548:replace_alu$6944.C [17]
Optimized $__ICE40_CARRY_WRAPPER cell back to logic (without SB_CARRY) upduino_known.$auto$alumacc.cc:548:replace_alu$6944.slice[18].carry: CO=$auto$alumacc.cc:548:replace_alu$6944.C [18]
Optimized $__ICE40_CARRY_WRAPPER cell back to logic (without SB_CARRY) upduino_known.$auto$alumacc.cc:548:replace_alu$6944.slice[19].carry: CO=$auto$alumacc.cc:548:replace_alu$6944.C [19]
Optimized $__ICE40_CARRY_WRAPPER cell back to logic (without SB_CARRY) upduino_known.$auto$alumacc.cc:548:replace_alu$6944.slice[20].carry: CO=$auto$alumacc.cc:548:replace_alu$6944.C [20]
Optimized $__ICE40_CARRY_WRAPPER cell back to logic (without SB_CARRY) upduino_known.$auto$alumacc.cc:548:replace_alu$6944.slice[21].carry: CO=$auto$alumacc.cc:548:replace_alu$6944.C [21]
Optimized $__ICE40_CARRY_WRAPPER cell back to logic (without SB_CARRY) upduino_known.$auto$alumacc.cc:548:replace_alu$6949.slice[0].carry: CO=\system.core.score [0]
Optimized $__ICE40_CARRY_WRAPPER cell back to logic (without SB_CARRY) upduino_known.$auto$alumacc.cc:548:replace_alu$6984.slice[0].carry: CO=\system.transport.cmd_length [8]
Optimized $__ICE40_CARRY_WRAPPER cell back to logic (without SB_CARRY) upduino_known.$auto$alumacc.cc:548:replace_alu$6995.slice[0].carry: CO=$auto$alumacc.cc:548:replace_alu$6995.A [0]
Optimized $__ICE40_CARRY_WRAPPER cell back to logic (without SB_CARRY) upduino_known.$auto$alumacc.cc:548:replace_alu$7011.slice[0].carry: CO=\system.controller.byte_index [3]
Optimized $__ICE40_CARRY_WRAPPER cell back to logic (without SB_CARRY) upduino_known.$auto$alumacc.cc:548:replace_alu$7016.slice[0].carry: CO=$auto$alumacc.cc:548:replace_alu$7016.A [0]
Optimized $__ICE40_CARRY_WRAPPER cell back to logic (without SB_CARRY) upduino_known.$auto$alumacc.cc:548:replace_alu$7027.slice[0].carry: CO=\system.controller.header_word [10]
Optimized $__ICE40_CARRY_WRAPPER cell back to logic (without SB_CARRY) upduino_known.$auto$alumacc.cc:548:replace_alu$7032.slice[0].carry: CO=\system.controller.header_word [13]
Optimized $__ICE40_CARRY_WRAPPER cell back to logic (without SB_CARRY) upduino_known.$auto$alumacc.cc:548:replace_alu$7043.slice[0].carry: CO=$auto$alumacc.cc:548:replace_alu$7043.A [0]
Optimized $__ICE40_CARRY_WRAPPER cell back to logic (without SB_CARRY) upduino_known.$auto$alumacc.cc:548:replace_alu$7070.slice[0].carry: CO=\system.controller.level [5]
Optimized $__ICE40_CARRY_WRAPPER cell back to logic (without SB_CARRY) upduino_known.$auto$alumacc.cc:548:replace_alu$7083.slice[0].carry: CO=\system.controller.phase [0]
Optimized $__ICE40_CARRY_WRAPPER cell back to logic (without SB_CARRY) upduino_known.$auto$alumacc.cc:548:replace_alu$7086.slice[0].carry: CO=\system.controller.period [0]
Optimized $__ICE40_CARRY_WRAPPER cell back to logic (without SB_CARRY) upduino_known.$auto$alumacc.cc:548:replace_alu$7089.slice[0].carry: CO=\system.controller.generated [0]
Optimized $__ICE40_CARRY_WRAPPER cell back to logic (without SB_CARRY) upduino_known.$auto$alumacc.cc:548:replace_alu$7092.slice[0].carry: CO=\system.controller.rp [0]
Optimized $__ICE40_CARRY_WRAPPER cell back to logic (without SB_CARRY) upduino_known.$auto$alumacc.cc:548:replace_alu$7095.slice[0].carry: CO=\system.controller.wp [0]
Optimized $__ICE40_CARRY_WRAPPER cell back to logic (without SB_CARRY) upduino_known.$auto$alumacc.cc:548:replace_alu$7098.slice[0].carry: CO=\system.controller.level [0]
Optimized $__ICE40_CARRY_WRAPPER cell back to logic (without SB_CARRY) upduino_known.$auto$alumacc.cc:548:replace_alu$7101.slice[0].carry: CO=\system.controller.level [0]
Optimized $__ICE40_CARRY_WRAPPER cell back to logic (without SB_CARRY) upduino_known.$auto$alumacc.cc:548:replace_alu$7104.slice[0].carry: CO=\system.controller.tick [0]
Optimized $__ICE40_CARRY_WRAPPER cell back to logic (without SB_CARRY) upduino_known.$auto$alumacc.cc:548:replace_alu$7107.slice[0].carry: CO=$auto$alumacc.cc:548:replace_alu$7107.BB [0]
Optimized $__ICE40_CARRY_WRAPPER cell back to logic (without SB_CARRY) upduino_known.$auto$alumacc.cc:548:replace_alu$7107.slice[19].carry: CO=$auto$alumacc.cc:548:replace_alu$7107.C [19]
Optimized $__ICE40_CARRY_WRAPPER cell back to logic (without SB_CARRY) upduino_known.$auto$alumacc.cc:548:replace_alu$7120.slice[0].carry: CO=$auto$alumacc.cc:548:replace_alu$7120.BB [0]
Optimized $__ICE40_CARRY_WRAPPER cell back to logic (without SB_CARRY) upduino_known.$auto$alumacc.cc:548:replace_alu$7120.slice[15].carry: CO=$auto$alumacc.cc:548:replace_alu$7120.C [15]
Optimized $__ICE40_CARRY_WRAPPER cell back to logic (without SB_CARRY) upduino_known.$auto$alumacc.cc:548:replace_alu$7132.slice[0].carry: CO=\system.core.capture.accepted_samples [0]
Optimized $__ICE40_CARRY_WRAPPER cell back to logic (without SB_CARRY) upduino_known.$auto$alumacc.cc:548:replace_alu$7135.slice[0].carry: CO=\system.core.capture.protocol_errors [0]
Optimized $__ICE40_CARRY_WRAPPER cell back to logic (without SB_CARRY) upduino_known.$auto$alumacc.cc:548:replace_alu$7144.slice[0].carry: CO=\system.core.capture.position [0]
Optimized $__ICE40_CARRY_WRAPPER cell back to logic (without SB_CARRY) upduino_known.$auto$alumacc.cc:548:replace_alu$7147.slice[0].carry: CO=\system.controller.loaded [0]
Optimized $__ICE40_CARRY_WRAPPER cell back to logic (without SB_CARRY) upduino_known.$auto$alumacc.cc:548:replace_alu$7150.slice[0].carry: CO=\system.controller.byte_index [5]
Optimized $__ICE40_CARRY_WRAPPER cell back to logic (without SB_CARRY) upduino_known.$auto$alumacc.cc:548:replace_alu$7150.slice[3].carry: CO=$auto$alumacc.cc:548:replace_alu$7150.C [3]
Optimized $__ICE40_CARRY_WRAPPER cell back to logic (without SB_CARRY) upduino_known.$auto$alumacc.cc:548:replace_alu$7163.slice[0].carry: CO=\system.transport.polls [0]
Optimized $__ICE40_CARRY_WRAPPER cell back to logic (without SB_CARRY) upduino_known.$auto$alumacc.cc:548:replace_alu$7166.slice[0].carry: CO=\system.transport.remaining [0]
Optimized $__ICE40_CARRY_WRAPPER cell back to logic (without SB_CARRY) upduino_known.$auto$alumacc.cc:548:replace_alu$7174.slice[0].carry: CO=\system.controller.tail [0]
Optimized $__ICE40_CARRY_WRAPPER cell back to logic (without SB_CARRY) upduino_known.$auto$alumacc.cc:548:replace_alu$7177.slice[0].carry: CO=\system.controller.byte_index [0]
Optimized $__ICE40_CARRY_WRAPPER cell back to logic (without SB_CARRY) upduino_known.$auto$alumacc.cc:548:replace_alu$7180.slice[22].carry: CO=1'0
Optimized $__ICE40_CARRY_WRAPPER cell back to logic (without SB_CARRY) upduino_known.$auto$alumacc.cc:548:replace_alu$7183.slice[16].carry: CO=1'0
Optimized $__ICE40_CARRY_WRAPPER cell back to logic (without SB_CARRY) upduino_known.$auto$alumacc.cc:548:replace_alu$7186.slice[0].carry: CO=\system.transport.wake_count [0]
Optimized $__ICE40_CARRY_WRAPPER cell back to logic (without SB_CARRY) upduino_known.$auto$alumacc.cc:548:replace_alu$7189.slice[0].carry: CO=$auto$alumacc.cc:548:replace_alu$7189.BB [0]
Optimized $__ICE40_CARRY_WRAPPER cell back to logic (without SB_CARRY) upduino_known.$auto$alumacc.cc:548:replace_alu$7198.slice[0].carry: CO=\system.core.clip_window [0]
Optimized $__ICE40_CARRY_WRAPPER cell back to logic (without SB_CARRY) upduino_known.$auto$alumacc.cc:548:replace_alu$7201.slice[0].carry: CO=\system.core.component_base [0]
Optimized $__ICE40_CARRY_WRAPPER cell back to logic (without SB_CARRY) upduino_known.$auto$alumacc.cc:548:replace_alu$7201.slice[11].carry: CO=1'0
Optimized $__ICE40_CARRY_WRAPPER cell back to logic (without SB_CARRY) upduino_known.$auto$alumacc.cc:548:replace_alu$7210.slice[0].carry: CO=$auto$alumacc.cc:548:replace_alu$7210.BB [0]
Optimized $__ICE40_CARRY_WRAPPER cell back to logic (without SB_CARRY) upduino_known.$auto$alumacc.cc:548:replace_alu$7216.slice[0].carry: CO=\system.core.exponent [0]
Optimized $__ICE40_CARRY_WRAPPER cell back to logic (without SB_CARRY) upduino_known.$auto$alumacc.cc:548:replace_alu$7219.slice[0].carry: CO=\system.core.exponent [0]
Optimized $__ICE40_CARRY_WRAPPER cell back to logic (without SB_CARRY) upduino_known.$auto$alumacc.cc:548:replace_alu$7225.slice[0].carry: CO=1'1
Optimized $__ICE40_CARRY_WRAPPER cell back to logic (without SB_CARRY) upduino_known.$auto$alumacc.cc:548:replace_alu$7225.slice[1].carry: CO=$auto$alumacc.cc:548:replace_alu$7225.C [1]
Optimized $__ICE40_CARRY_WRAPPER cell back to logic (without SB_CARRY) upduino_known.$auto$alumacc.cc:548:replace_alu$7225.slice[2].carry: CO=$auto$alumacc.cc:548:replace_alu$7225.C [2]
Optimized $__ICE40_CARRY_WRAPPER cell back to logic (without SB_CARRY) upduino_known.$auto$alumacc.cc:548:replace_alu$7225.slice[3].carry: CO=$auto$alumacc.cc:548:replace_alu$7225.C [3]
Optimized $__ICE40_CARRY_WRAPPER cell back to logic (without SB_CARRY) upduino_known.$auto$alumacc.cc:548:replace_alu$7225.slice[6].carry: CO=$auto$alumacc.cc:548:replace_alu$7225.C [6]
Optimized $__ICE40_CARRY_WRAPPER cell back to logic (without SB_CARRY) upduino_known.$auto$alumacc.cc:548:replace_alu$7225.slice[7].carry: CO=$auto$alumacc.cc:548:replace_alu$7225.C [7]
Optimized $__ICE40_CARRY_WRAPPER cell back to logic (without SB_CARRY) upduino_known.$auto$alumacc.cc:548:replace_alu$7225.slice[8].carry: CO=$auto$alumacc.cc:548:replace_alu$7225.C [8]
Optimized $__ICE40_CARRY_WRAPPER cell back to logic (without SB_CARRY) upduino_known.$auto$alumacc.cc:548:replace_alu$7225.slice[9].carry: CO=$auto$alumacc.cc:548:replace_alu$7225.C [9]
Optimized $__ICE40_CARRY_WRAPPER cell back to logic (without SB_CARRY) upduino_known.$auto$alumacc.cc:548:replace_alu$7225.slice[10].carry: CO=$auto$alumacc.cc:548:replace_alu$7225.C [10]
Optimized $__ICE40_CARRY_WRAPPER cell back to logic (without SB_CARRY) upduino_known.$auto$alumacc.cc:548:replace_alu$7225.slice[11].carry: CO=$auto$alumacc.cc:548:replace_alu$7225.C [11]
Optimized $__ICE40_CARRY_WRAPPER cell back to logic (without SB_CARRY) upduino_known.$auto$alumacc.cc:548:replace_alu$7225.slice[12].carry: CO=$auto$alumacc.cc:548:replace_alu$7225.C [12]
Optimized $__ICE40_CARRY_WRAPPER cell back to logic (without SB_CARRY) upduino_known.$auto$alumacc.cc:548:replace_alu$7225.slice[13].carry: CO=$auto$alumacc.cc:548:replace_alu$7225.C [13]
Optimized $__ICE40_CARRY_WRAPPER cell back to logic (without SB_CARRY) upduino_known.$auto$alumacc.cc:548:replace_alu$7225.slice[14].carry: CO=$auto$alumacc.cc:548:replace_alu$7225.C [14]
Optimized $__ICE40_CARRY_WRAPPER cell back to logic (without SB_CARRY) upduino_known.$auto$alumacc.cc:548:replace_alu$7225.slice[15].carry: CO=$auto$alumacc.cc:548:replace_alu$7225.C [15]
Optimized $__ICE40_CARRY_WRAPPER cell back to logic (without SB_CARRY) upduino_known.$auto$alumacc.cc:548:replace_alu$7225.slice[16].carry: CO=$auto$alumacc.cc:548:replace_alu$7225.C [16]
Optimized $__ICE40_CARRY_WRAPPER cell back to logic (without SB_CARRY) upduino_known.$auto$alumacc.cc:548:replace_alu$7225.slice[17].carry: CO=$auto$alumacc.cc:548:replace_alu$7225.C [17]
Optimized $__ICE40_CARRY_WRAPPER cell back to logic (without SB_CARRY) upduino_known.$auto$alumacc.cc:548:replace_alu$7225.slice[18].carry: CO=$auto$alumacc.cc:548:replace_alu$7225.C [18]
Optimized $__ICE40_CARRY_WRAPPER cell back to logic (without SB_CARRY) upduino_known.$auto$alumacc.cc:548:replace_alu$7225.slice[19].carry: CO=$auto$alumacc.cc:548:replace_alu$7225.C [19]
Optimized $__ICE40_CARRY_WRAPPER cell back to logic (without SB_CARRY) upduino_known.$auto$alumacc.cc:548:replace_alu$7225.slice[20].carry: CO=$auto$alumacc.cc:548:replace_alu$7225.C [20]
Optimized $__ICE40_CARRY_WRAPPER cell back to logic (without SB_CARRY) upduino_known.$auto$alumacc.cc:548:replace_alu$7225.slice[21].carry: CO=$auto$alumacc.cc:548:replace_alu$7225.C [21]
Optimized $__ICE40_CARRY_WRAPPER cell back to logic (without SB_CARRY) upduino_known.$auto$alumacc.cc:548:replace_alu$7225.slice[22].carry: CO=$auto$alumacc.cc:548:replace_alu$7225.C [22]
Optimized $__ICE40_CARRY_WRAPPER cell back to logic (without SB_CARRY) upduino_known.$auto$alumacc.cc:548:replace_alu$7225.slice[23].carry: CO=$auto$alumacc.cc:548:replace_alu$7225.C [23]
Optimized $__ICE40_CARRY_WRAPPER cell back to logic (without SB_CARRY) upduino_known.$auto$alumacc.cc:548:replace_alu$7225.slice[24].carry: CO=$auto$alumacc.cc:548:replace_alu$7225.C [24]
Optimized $__ICE40_CARRY_WRAPPER cell back to logic (without SB_CARRY) upduino_known.$auto$alumacc.cc:548:replace_alu$7225.slice[25].carry: CO=$auto$alumacc.cc:548:replace_alu$7225.C [25]
Optimized $__ICE40_CARRY_WRAPPER cell back to logic (without SB_CARRY) upduino_known.$auto$alumacc.cc:548:replace_alu$7225.slice[26].carry: CO=$auto$alumacc.cc:548:replace_alu$7225.C [26]
Optimized $__ICE40_CARRY_WRAPPER cell back to logic (without SB_CARRY) upduino_known.$auto$alumacc.cc:548:replace_alu$7225.slice[27].carry: CO=$auto$alumacc.cc:548:replace_alu$7225.C [27]
Optimized $__ICE40_CARRY_WRAPPER cell back to logic (without SB_CARRY) upduino_known.$auto$alumacc.cc:548:replace_alu$7225.slice[28].carry: CO=$auto$alumacc.cc:548:replace_alu$7225.C [28]
Optimized $__ICE40_CARRY_WRAPPER cell back to logic (without SB_CARRY) upduino_known.$auto$alumacc.cc:548:replace_alu$7225.slice[29].carry: CO=$auto$alumacc.cc:548:replace_alu$7225.C [29]
Optimized $__ICE40_CARRY_WRAPPER cell back to logic (without SB_CARRY) upduino_known.$auto$alumacc.cc:548:replace_alu$7225.slice[30].carry: CO=$auto$alumacc.cc:548:replace_alu$7225.C [30]
Optimized $__ICE40_CARRY_WRAPPER cell back to logic (without SB_CARRY) upduino_known.$auto$alumacc.cc:548:replace_alu$7225.slice[31].carry: CO=$auto$alumacc.cc:548:replace_alu$7225.C [31]
Optimized $__ICE40_CARRY_WRAPPER cell back to logic (without SB_CARRY) upduino_known.$auto$alumacc.cc:548:replace_alu$7225.slice[32].carry: CO=$auto$alumacc.cc:548:replace_alu$7225.C [32]
Optimized $__ICE40_CARRY_WRAPPER cell back to logic (without SB_CARRY) upduino_known.$auto$alumacc.cc:548:replace_alu$7228.slice[0].carry: CO=$auto$alumacc.cc:548:replace_alu$7228.BB [0]
Optimized $__ICE40_CARRY_WRAPPER cell back to logic (without SB_CARRY) upduino_known.$auto$alumacc.cc:548:replace_alu$7234.slice[0].carry: CO=$auto$alumacc.cc:548:replace_alu$7234.BB [0]
Optimized $__ICE40_CARRY_WRAPPER cell back to logic (without SB_CARRY) upduino_known.$auto$alumacc.cc:548:replace_alu$7237.slice[0].carry: CO=\system.core.retired [0]
Optimized $__ICE40_CARRY_WRAPPER cell back to logic (without SB_CARRY) upduino_known.$auto$alumacc.cc:548:replace_alu$7246.slice[0].carry: CO=\startup [0]
Optimized $__ICE40_CARRY_WRAPPER cell back to logic (without SB_CARRY) upduino_known.$auto$alumacc.cc:548:replace_alu$7249.slice[0].carry: CO=\system.transport.spi.edge_count [0]
Optimized $__ICE40_CARRY_WRAPPER cell back to logic (without SB_CARRY) upduino_known.$auto$alumacc.cc:548:replace_alu$7252.slice[0].carry: CO=\system.core.issued [0]
Optimized $__ICE40_CARRY_WRAPPER cell back to logic (without SB_CARRY) upduino_known.$auto$alumacc.cc:548:replace_alu$7258.slice[0].carry: CO=\system.core.point [0]
Optimized $__ICE40_CARRY_WRAPPER cell back to logic (without SB_CARRY) upduino_known.$auto$alumacc.cc:548:replace_alu$7267.slice[0].carry: CO=\system.core.cycles_power [0]
Optimized $__ICE40_CARRY_WRAPPER cell back to logic (without SB_CARRY) upduino_known.$auto$alumacc.cc:548:replace_alu$7267.slice[23].carry: CO=1'0
Optimized $__ICE40_CARRY_WRAPPER cell back to logic (without SB_CARRY) upduino_known.$auto$alumacc.cc:548:replace_alu$7270.slice[0].carry: CO=\system.core.cycles_nn [0]
Optimized $__ICE40_CARRY_WRAPPER cell back to logic (without SB_CARRY) upduino_known.$auto$alumacc.cc:548:replace_alu$7270.slice[17].carry: CO=1'0
Optimized $__ICE40_CARRY_WRAPPER cell back to logic (without SB_CARRY) upduino_known.$auto$alumacc.cc:548:replace_alu$7273.slice[0].carry: CO=\system.core.cycles_dft [0]
Optimized $__ICE40_CARRY_WRAPPER cell back to logic (without SB_CARRY) upduino_known.$auto$alumacc.cc:548:replace_alu$7273.slice[28].carry: CO=1'0
Optimized $__ICE40_CARRY_WRAPPER cell back to logic (without SB_CARRY) upduino_known.$auto$alumacc.cc:548:replace_alu$7276.slice[0].carry: CO=\system.core.cycles_pre [0]
Optimized $__ICE40_CARRY_WRAPPER cell back to logic (without SB_CARRY) upduino_known.$auto$alumacc.cc:548:replace_alu$7276.slice[19].carry: CO=1'0
Optimized $__ICE40_CARRY_WRAPPER cell back to logic (without SB_CARRY) upduino_known.$auto$alumacc.cc:548:replace_alu$7279.slice[0].carry: CO=\system.core.cycles_total [0]
Optimized $__ICE40_CARRY_WRAPPER cell back to logic (without SB_CARRY) upduino_known.$auto$alumacc.cc:548:replace_alu$7279.slice[29].carry: CO=1'0
Optimized $__ICE40_CARRY_WRAPPER cell back to logic (without SB_CARRY) upduino_known.$auto$alumacc.cc:548:replace_alu$7288.slice[0].carry: CO=$auto$alumacc.cc:548:replace_alu$7288.BB [0]
Optimized $__ICE40_CARRY_WRAPPER cell back to logic (without SB_CARRY) upduino_known.$auto$alumacc.cc:548:replace_alu$7288.slice[7].carry: CO=$auto$alumacc.cc:548:replace_alu$7288.C [7]
Optimized $__ICE40_CARRY_WRAPPER cell back to logic (without SB_CARRY) upduino_known.$auto$alumacc.cc:548:replace_alu$7294.slice[56].carry: CO=1'0
Optimized $__ICE40_CARRY_WRAPPER cell back to logic (without SB_CARRY) upduino_known.$auto$alumacc.cc:548:replace_alu$7297.slice[64].carry: CO=1'0
Optimized $__ICE40_CARRY_WRAPPER cell back to logic (without SB_CARRY) upduino_known.$auto$alumacc.cc:548:replace_alu$7306.slice[15].carry: CO=1'0
Optimized $__ICE40_CARRY_WRAPPER cell back to logic (without SB_CARRY) upduino_known.$auto$opt_expr.cc:1942:replace_const_cells$7853.slice[0].carry: CO=\system.controller.loaded [6]
Optimized $__ICE40_CARRY_WRAPPER cell back to logic (without SB_CARRY) upduino_known.$auto$opt_expr.cc:1942:replace_const_cells$7853.slice[13].carry: CO=1'0
Optimized $__ICE40_CARRY_WRAPPER cell back to logic (without SB_CARRY) upduino_known.$auto$opt_expr.cc:1942:replace_const_cells$8353.slice[0].carry: CO=\system.core.previous_id [0]
Optimized $__ICE40_CARRY_WRAPPER cell back to logic (without SB_CARRY) upduino_known.$auto$opt_expr.cc:1942:replace_const_cells$8353.slice[8].carry: CO=1'0

10.41.2. Executing OPT_EXPR pass (perform const folding).
Optimizing module upduino_known.
<suppressed ~67 debug messages>

10.41.3. Executing OPT_MERGE pass (detect identical cells).
Finding identical cells in module `\upduino_known'.
Computing hashes of 12061 cells of `\upduino_known'.
Finding duplicate cells in `\upduino_known'.
Computing hashes of 12008 cells of `\upduino_known'.
Finding duplicate cells in `\upduino_known'.
Computing hashes of 11971 cells of `\upduino_known'.
Finding duplicate cells in `\upduino_known'.
Computing hashes of 11959 cells of `\upduino_known'.
Finding duplicate cells in `\upduino_known'.
Computing hashes of 11947 cells of `\upduino_known'.
Finding duplicate cells in `\upduino_known'.
<suppressed ~342 debug messages>
Removed a total of 114 cells.

10.41.4. Executing OPT_DFF pass (perform DFF optimizations).
Adding SRST signal on $auto$ff.cc:337:slice$8539 ($_DFFE_PP_) from module upduino_known (D = \system.controller.generated [17], Q = \system.core.capture.ids[0] [7], rval = 1'0).
Adding SRST signal on $auto$ff.cc:337:slice$8524 ($_DFFE_PP_) from module upduino_known (D = \system.controller.generated [17], Q = \system.core.capture.ids[1] [7], rval = 1'0).
Adding SRST signal on $auto$ff.cc:337:slice$8517 ($_DFFE_PP_) from module upduino_known (D = \system.controller.generated [10], Q = \system.core.capture.ids[1] [0], rval = 1'0).
Adding SRST signal on $auto$ff.cc:337:slice$8518 ($_DFFE_PP_) from module upduino_known (D = \system.controller.generated [11], Q = \system.core.capture.ids[1] [1], rval = 1'0).
Adding SRST signal on $auto$ff.cc:337:slice$8519 ($_DFFE_PP_) from module upduino_known (D = \system.controller.generated [12], Q = \system.core.capture.ids[1] [2], rval = 1'0).
Adding SRST signal on $auto$ff.cc:337:slice$8520 ($_DFFE_PP_) from module upduino_known (D = \system.controller.generated [13], Q = \system.core.capture.ids[1] [3], rval = 1'0).
Adding SRST signal on $auto$ff.cc:337:slice$8521 ($_DFFE_PP_) from module upduino_known (D = \system.controller.generated [14], Q = \system.core.capture.ids[1] [4], rval = 1'0).
Adding SRST signal on $auto$ff.cc:337:slice$8522 ($_DFFE_PP_) from module upduino_known (D = \system.controller.generated [15], Q = \system.core.capture.ids[1] [5], rval = 1'0).
Adding SRST signal on $auto$ff.cc:337:slice$8523 ($_DFFE_PP_) from module upduino_known (D = \system.controller.generated [16], Q = \system.core.capture.ids[1] [6], rval = 1'0).
Adding SRST signal on $auto$ff.cc:337:slice$8532 ($_DFFE_PP_) from module upduino_known (D = \system.controller.generated [10], Q = \system.core.capture.ids[0] [0], rval = 1'0).
Adding SRST signal on $auto$ff.cc:337:slice$8533 ($_DFFE_PP_) from module upduino_known (D = \system.controller.generated [11], Q = \system.core.capture.ids[0] [1], rval = 1'0).
Adding SRST signal on $auto$ff.cc:337:slice$8534 ($_DFFE_PP_) from module upduino_known (D = \system.controller.generated [12], Q = \system.core.capture.ids[0] [2], rval = 1'0).
Adding SRST signal on $auto$ff.cc:337:slice$8535 ($_DFFE_PP_) from module upduino_known (D = \system.controller.generated [13], Q = \system.core.capture.ids[0] [3], rval = 1'0).
Adding SRST signal on $auto$ff.cc:337:slice$8536 ($_DFFE_PP_) from module upduino_known (D = \system.controller.generated [14], Q = \system.core.capture.ids[0] [4], rval = 1'0).
Adding SRST signal on $auto$ff.cc:337:slice$8537 ($_DFFE_PP_) from module upduino_known (D = \system.controller.generated [15], Q = \system.core.capture.ids[0] [5], rval = 1'0).
Adding SRST signal on $auto$ff.cc:337:slice$8538 ($_DFFE_PP_) from module upduino_known (D = \system.controller.generated [16], Q = \system.core.capture.ids[0] [6], rval = 1'0).
Adding SRST signal on $auto$ff.cc:337:slice$8549 ($_DFFE_PP_) from module upduino_known (D = $auto$alumacc.cc:548:replace_alu$7138.Y [0], Q = \system.core.capture.sums[1] [0], rval = 1'0).
Adding SRST signal on $auto$ff.cc:337:slice$8550 ($_DFFE_PP_) from module upduino_known (D = $auto$alumacc.cc:548:replace_alu$7138.Y [1], Q = \system.core.capture.sums[1] [1], rval = 1'0).
Adding SRST signal on $auto$ff.cc:337:slice$8551 ($_DFFE_PP_) from module upduino_known (D = $auto$alumacc.cc:548:replace_alu$7138.Y [2], Q = \system.core.capture.sums[1] [2], rval = 1'0).
Adding SRST signal on $auto$ff.cc:337:slice$8552 ($_DFFE_PP_) from module upduino_known (D = $auto$alumacc.cc:548:replace_alu$7138.Y [3], Q = \system.core.capture.sums[1] [3], rval = 1'0).
Adding SRST signal on $auto$ff.cc:337:slice$8553 ($_DFFE_PP_) from module upduino_known (D = $auto$alumacc.cc:548:replace_alu$7138.Y [4], Q = \system.core.capture.sums[1] [4], rval = 1'0).
Adding SRST signal on $auto$ff.cc:337:slice$8554 ($_DFFE_PP_) from module upduino_known (D = $auto$alumacc.cc:548:replace_alu$7138.Y [5], Q = \system.core.capture.sums[1] [5], rval = 1'0).
Adding SRST signal on $auto$ff.cc:337:slice$8555 ($_DFFE_PP_) from module upduino_known (D = $auto$alumacc.cc:548:replace_alu$7138.Y [6], Q = \system.core.capture.sums[1] [6], rval = 1'0).
Adding SRST signal on $auto$ff.cc:337:slice$8556 ($_DFFE_PP_) from module upduino_known (D = $auto$alumacc.cc:548:replace_alu$7138.Y [7], Q = \system.core.capture.sums[1] [7], rval = 1'0).
Adding SRST signal on $auto$ff.cc:337:slice$8557 ($_DFFE_PP_) from module upduino_known (D = $auto$alumacc.cc:548:replace_alu$7138.Y [8], Q = \system.core.capture.sums[1] [8], rval = 1'0).
Adding SRST signal on $auto$ff.cc:337:slice$8558 ($_DFFE_PP_) from module upduino_known (D = $auto$alumacc.cc:548:replace_alu$7138.Y [9], Q = \system.core.capture.sums[1] [9], rval = 1'0).
Adding SRST signal on $auto$ff.cc:337:slice$8559 ($_DFFE_PP_) from module upduino_known (D = $auto$alumacc.cc:548:replace_alu$7138.Y [10], Q = \system.core.capture.sums[1] [10], rval = 1'0).
Adding SRST signal on $auto$ff.cc:337:slice$8560 ($_DFFE_PP_) from module upduino_known (D = $auto$alumacc.cc:548:replace_alu$7138.Y [11], Q = \system.core.capture.sums[1] [11], rval = 1'0).
Adding SRST signal on $auto$ff.cc:337:slice$8561 ($_DFFE_PP_) from module upduino_known (D = $auto$alumacc.cc:548:replace_alu$7138.Y [12], Q = \system.core.capture.sums[1] [12], rval = 1'0).
Adding SRST signal on $auto$ff.cc:337:slice$8562 ($_DFFE_PP_) from module upduino_known (D = $auto$alumacc.cc:548:replace_alu$7138.Y [13], Q = \system.core.capture.sums[1] [13], rval = 1'0).
Adding SRST signal on $auto$ff.cc:337:slice$8563 ($_DFFE_PP_) from module upduino_known (D = $auto$alumacc.cc:548:replace_alu$7138.Y [14], Q = \system.core.capture.sums[1] [14], rval = 1'0).
Adding SRST signal on $auto$ff.cc:337:slice$8564 ($_DFFE_PP_) from module upduino_known (D = $auto$alumacc.cc:548:replace_alu$7138.Y [15], Q = \system.core.capture.sums[1] [15], rval = 1'0).
Adding SRST signal on $auto$ff.cc:337:slice$8565 ($_DFFE_PP_) from module upduino_known (D = $auto$alumacc.cc:548:replace_alu$7138.Y [16], Q = \system.core.capture.sums[1] [16], rval = 1'0).
Adding SRST signal on $auto$ff.cc:337:slice$8566 ($_DFFE_PP_) from module upduino_known (D = $auto$alumacc.cc:548:replace_alu$7138.Y [17], Q = \system.core.capture.sums[1] [17], rval = 1'0).
Adding SRST signal on $auto$ff.cc:337:slice$8567 ($_DFFE_PP_) from module upduino_known (D = $auto$alumacc.cc:548:replace_alu$7138.Y [18], Q = \system.core.capture.sums[1] [18], rval = 1'0).
Adding SRST signal on $auto$ff.cc:337:slice$8568 ($_DFFE_PP_) from module upduino_known (D = $auto$alumacc.cc:548:replace_alu$7138.Y [19], Q = \system.core.capture.sums[1] [19], rval = 1'0).
Adding SRST signal on $auto$ff.cc:337:slice$8569 ($_DFFE_PP_) from module upduino_known (D = $auto$alumacc.cc:548:replace_alu$7138.Y [20], Q = \system.core.capture.sums[1] [20], rval = 1'0).
Adding SRST signal on $auto$ff.cc:337:slice$8570 ($_DFFE_PP_) from module upduino_known (D = $auto$alumacc.cc:548:replace_alu$7138.Y [21], Q = \system.core.capture.sums[1] [21], rval = 1'0).
Adding SRST signal on $auto$ff.cc:337:slice$8571 ($_DFFE_PP_) from module upduino_known (D = $auto$alumacc.cc:548:replace_alu$7138.Y [22], Q = \system.core.capture.sums[1] [22], rval = 1'0).
Adding SRST signal on $auto$ff.cc:337:slice$8572 ($_DFFE_PP_) from module upduino_known (D = $auto$alumacc.cc:548:replace_alu$7138.Y [23], Q = \system.core.capture.sums[1] [23], rval = 1'0).
Adding SRST signal on $auto$ff.cc:337:slice$8573 ($_DFFE_PP_) from module upduino_known (D = $auto$alumacc.cc:548:replace_alu$7138.Y [24], Q = \system.core.capture.sums[1] [24], rval = 1'0).
Adding SRST signal on $auto$ff.cc:337:slice$8574 ($_DFFE_PP_) from module upduino_known (D = $auto$alumacc.cc:548:replace_alu$7138.Y [25], Q = \system.core.capture.sums[1] [25], rval = 1'0).
Adding SRST signal on $auto$ff.cc:337:slice$8581 ($_DFFE_PP_) from module upduino_known (D = $auto$alumacc.cc:548:replace_alu$7138.Y [0], Q = \system.core.capture.sums[0] [0], rval = 1'0).
Adding SRST signal on $auto$ff.cc:337:slice$8582 ($_DFFE_PP_) from module upduino_known (D = $auto$alumacc.cc:548:replace_alu$7138.Y [1], Q = \system.core.capture.sums[0] [1], rval = 1'0).
Adding SRST signal on $auto$ff.cc:337:slice$8583 ($_DFFE_PP_) from module upduino_known (D = $auto$alumacc.cc:548:replace_alu$7138.Y [2], Q = \system.core.capture.sums[0] [2], rval = 1'0).
Adding SRST signal on $auto$ff.cc:337:slice$8584 ($_DFFE_PP_) from module upduino_known (D = $auto$alumacc.cc:548:replace_alu$7138.Y [3], Q = \system.core.capture.sums[0] [3], rval = 1'0).
Adding SRST signal on $auto$ff.cc:337:slice$8585 ($_DFFE_PP_) from module upduino_known (D = $auto$alumacc.cc:548:replace_alu$7138.Y [4], Q = \system.core.capture.sums[0] [4], rval = 1'0).
Adding SRST signal on $auto$ff.cc:337:slice$8586 ($_DFFE_PP_) from module upduino_known (D = $auto$alumacc.cc:548:replace_alu$7138.Y [5], Q = \system.core.capture.sums[0] [5], rval = 1'0).
Adding SRST signal on $auto$ff.cc:337:slice$8587 ($_DFFE_PP_) from module upduino_known (D = $auto$alumacc.cc:548:replace_alu$7138.Y [6], Q = \system.core.capture.sums[0] [6], rval = 1'0).
Adding SRST signal on $auto$ff.cc:337:slice$8588 ($_DFFE_PP_) from module upduino_known (D = $auto$alumacc.cc:548:replace_alu$7138.Y [7], Q = \system.core.capture.sums[0] [7], rval = 1'0).
Adding SRST signal on $auto$ff.cc:337:slice$8589 ($_DFFE_PP_) from module upduino_known (D = $auto$alumacc.cc:548:replace_alu$7138.Y [8], Q = \system.core.capture.sums[0] [8], rval = 1'0).
Adding SRST signal on $auto$ff.cc:337:slice$8590 ($_DFFE_PP_) from module upduino_known (D = $auto$alumacc.cc:548:replace_alu$7138.Y [9], Q = \system.core.capture.sums[0] [9], rval = 1'0).
Adding SRST signal on $auto$ff.cc:337:slice$8591 ($_DFFE_PP_) from module upduino_known (D = $auto$alumacc.cc:548:replace_alu$7138.Y [10], Q = \system.core.capture.sums[0] [10], rval = 1'0).
Adding SRST signal on $auto$ff.cc:337:slice$8592 ($_DFFE_PP_) from module upduino_known (D = $auto$alumacc.cc:548:replace_alu$7138.Y [11], Q = \system.core.capture.sums[0] [11], rval = 1'0).
Adding SRST signal on $auto$ff.cc:337:slice$8593 ($_DFFE_PP_) from module upduino_known (D = $auto$alumacc.cc:548:replace_alu$7138.Y [12], Q = \system.core.capture.sums[0] [12], rval = 1'0).
Adding SRST signal on $auto$ff.cc:337:slice$8594 ($_DFFE_PP_) from module upduino_known (D = $auto$alumacc.cc:548:replace_alu$7138.Y [13], Q = \system.core.capture.sums[0] [13], rval = 1'0).
Adding SRST signal on $auto$ff.cc:337:slice$8595 ($_DFFE_PP_) from module upduino_known (D = $auto$alumacc.cc:548:replace_alu$7138.Y [14], Q = \system.core.capture.sums[0] [14], rval = 1'0).
Adding SRST signal on $auto$ff.cc:337:slice$8596 ($_DFFE_PP_) from module upduino_known (D = $auto$alumacc.cc:548:replace_alu$7138.Y [15], Q = \system.core.capture.sums[0] [15], rval = 1'0).
Adding SRST signal on $auto$ff.cc:337:slice$8597 ($_DFFE_PP_) from module upduino_known (D = $auto$alumacc.cc:548:replace_alu$7138.Y [16], Q = \system.core.capture.sums[0] [16], rval = 1'0).
Adding SRST signal on $auto$ff.cc:337:slice$8598 ($_DFFE_PP_) from module upduino_known (D = $auto$alumacc.cc:548:replace_alu$7138.Y [17], Q = \system.core.capture.sums[0] [17], rval = 1'0).
Adding SRST signal on $auto$ff.cc:337:slice$8599 ($_DFFE_PP_) from module upduino_known (D = $auto$alumacc.cc:548:replace_alu$7138.Y [18], Q = \system.core.capture.sums[0] [18], rval = 1'0).
Adding SRST signal on $auto$ff.cc:337:slice$8600 ($_DFFE_PP_) from module upduino_known (D = $auto$alumacc.cc:548:replace_alu$7138.Y [19], Q = \system.core.capture.sums[0] [19], rval = 1'0).
Adding SRST signal on $auto$ff.cc:337:slice$8601 ($_DFFE_PP_) from module upduino_known (D = $auto$alumacc.cc:548:replace_alu$7138.Y [20], Q = \system.core.capture.sums[0] [20], rval = 1'0).
Adding SRST signal on $auto$ff.cc:337:slice$8602 ($_DFFE_PP_) from module upduino_known (D = $auto$alumacc.cc:548:replace_alu$7138.Y [21], Q = \system.core.capture.sums[0] [21], rval = 1'0).
Adding SRST signal on $auto$ff.cc:337:slice$8603 ($_DFFE_PP_) from module upduino_known (D = $auto$alumacc.cc:548:replace_alu$7138.Y [22], Q = \system.core.capture.sums[0] [22], rval = 1'0).
Adding SRST signal on $auto$ff.cc:337:slice$8604 ($_DFFE_PP_) from module upduino_known (D = $auto$alumacc.cc:548:replace_alu$7138.Y [23], Q = \system.core.capture.sums[0] [23], rval = 1'0).
Adding SRST signal on $auto$ff.cc:337:slice$8605 ($_DFFE_PP_) from module upduino_known (D = $auto$alumacc.cc:548:replace_alu$7138.Y [24], Q = \system.core.capture.sums[0] [24], rval = 1'0).
Adding SRST signal on $auto$ff.cc:337:slice$8606 ($_DFFE_PP_) from module upduino_known (D = $auto$alumacc.cc:548:replace_alu$7138.Y [25], Q = \system.core.capture.sums[0] [25], rval = 1'0).

10.41.5. Executing OPT_CLEAN pass (remove unused cells and wires).
Finding unused cells or wires in module \upduino_known..
Removed 91 unused cells and 56 unused wires.
<suppressed ~92 debug messages>

10.41.6. Rerunning OPT passes. (Removed registers in this run.)

10.41.7. Running ICE40 specific optimizations.
Optimized $__ICE40_CARRY_WRAPPER cell back to logic (without SB_CARRY) upduino_known.$auto$maccmap.cc:240:synth$10893.slice[1].carry: CO=1'0
Optimized $__ICE40_CARRY_WRAPPER cell back to logic (without SB_CARRY) upduino_known.$auto$alumacc.cc:548:replace_alu$7225.slice[4].carry: CO=$auto$alumacc.cc:548:replace_alu$7222.P [0]

10.41.8. Executing OPT_EXPR pass (perform const folding).
Optimizing module upduino_known.
<suppressed ~43 debug messages>

10.41.9. Executing OPT_MERGE pass (detect identical cells).
Finding identical cells in module `\upduino_known'.
Computing hashes of 11813 cells of `\upduino_known'.
Finding duplicate cells in `\upduino_known'.
Removed a total of 0 cells.

10.41.10. Executing OPT_DFF pass (perform DFF optimizations).

10.41.11. Executing OPT_CLEAN pass (remove unused cells and wires).
Finding unused cells or wires in module \upduino_known..
Removed 0 unused cells and 27 unused wires.
<suppressed ~1 debug messages>

10.41.12. Rerunning OPT passes. (Removed registers in this run.)

10.41.13. Running ICE40 specific optimizations.
Optimized $__ICE40_CARRY_WRAPPER cell back to logic (without SB_CARRY) upduino_known.$auto$maccmap.cc:240:synth$10893.slice[2].carry: CO=1'0

10.41.14. Executing OPT_EXPR pass (perform const folding).
Optimizing module upduino_known.

10.41.15. Executing OPT_MERGE pass (detect identical cells).
Finding identical cells in module `\upduino_known'.
Computing hashes of 11813 cells of `\upduino_known'.
Finding duplicate cells in `\upduino_known'.
Removed a total of 0 cells.

10.41.16. Executing OPT_DFF pass (perform DFF optimizations).

10.41.17. Executing OPT_CLEAN pass (remove unused cells and wires).
Finding unused cells or wires in module \upduino_known..

10.41.18. Rerunning OPT passes. (Removed registers in this run.)

10.41.19. Running ICE40 specific optimizations.
Optimized $__ICE40_CARRY_WRAPPER cell back to logic (without SB_CARRY) upduino_known.$auto$maccmap.cc:240:synth$10893.slice[3].carry: CO=1'0

10.41.20. Executing OPT_EXPR pass (perform const folding).
Optimizing module upduino_known.

10.41.21. Executing OPT_MERGE pass (detect identical cells).
Finding identical cells in module `\upduino_known'.
Computing hashes of 11813 cells of `\upduino_known'.
Finding duplicate cells in `\upduino_known'.
Removed a total of 0 cells.

10.41.22. Executing OPT_DFF pass (perform DFF optimizations).

10.41.23. Executing OPT_CLEAN pass (remove unused cells and wires).
Finding unused cells or wires in module \upduino_known..

10.41.24. Rerunning OPT passes. (Removed registers in this run.)

10.41.25. Running ICE40 specific optimizations.
Optimized $__ICE40_CARRY_WRAPPER cell back to logic (without SB_CARRY) upduino_known.$auto$maccmap.cc:240:synth$10893.slice[4].carry: CO=1'0

10.41.26. Executing OPT_EXPR pass (perform const folding).
Optimizing module upduino_known.

10.41.27. Executing OPT_MERGE pass (detect identical cells).
Finding identical cells in module `\upduino_known'.
Computing hashes of 11813 cells of `\upduino_known'.
Finding duplicate cells in `\upduino_known'.
Removed a total of 0 cells.

10.41.28. Executing OPT_DFF pass (perform DFF optimizations).

10.41.29. Executing OPT_CLEAN pass (remove unused cells and wires).
Finding unused cells or wires in module \upduino_known..

10.41.30. Rerunning OPT passes. (Removed registers in this run.)

10.41.31. Running ICE40 specific optimizations.
Optimized $__ICE40_CARRY_WRAPPER cell back to logic (without SB_CARRY) upduino_known.$auto$maccmap.cc:240:synth$10893.slice[5].carry: CO=1'0

10.41.32. Executing OPT_EXPR pass (perform const folding).
Optimizing module upduino_known.

10.41.33. Executing OPT_MERGE pass (detect identical cells).
Finding identical cells in module `\upduino_known'.
Computing hashes of 11813 cells of `\upduino_known'.
Finding duplicate cells in `\upduino_known'.
Removed a total of 0 cells.

10.41.34. Executing OPT_DFF pass (perform DFF optimizations).

10.41.35. Executing OPT_CLEAN pass (remove unused cells and wires).
Finding unused cells or wires in module \upduino_known..

10.41.36. Rerunning OPT passes. (Removed registers in this run.)

10.41.37. Running ICE40 specific optimizations.
Optimized $__ICE40_CARRY_WRAPPER cell back to logic (without SB_CARRY) upduino_known.$auto$maccmap.cc:240:synth$10893.slice[6].carry: CO=1'0

10.41.38. Executing OPT_EXPR pass (perform const folding).
Optimizing module upduino_known.

10.41.39. Executing OPT_MERGE pass (detect identical cells).
Finding identical cells in module `\upduino_known'.
Computing hashes of 11813 cells of `\upduino_known'.
Finding duplicate cells in `\upduino_known'.
Removed a total of 0 cells.

10.41.40. Executing OPT_DFF pass (perform DFF optimizations).

10.41.41. Executing OPT_CLEAN pass (remove unused cells and wires).
Finding unused cells or wires in module \upduino_known..

10.41.42. Rerunning OPT passes. (Removed registers in this run.)

10.41.43. Running ICE40 specific optimizations.
Optimized $__ICE40_CARRY_WRAPPER cell back to logic (without SB_CARRY) upduino_known.$auto$maccmap.cc:240:synth$10893.slice[7].carry: CO=1'0

10.41.44. Executing OPT_EXPR pass (perform const folding).
Optimizing module upduino_known.

10.41.45. Executing OPT_MERGE pass (detect identical cells).
Finding identical cells in module `\upduino_known'.
Computing hashes of 11813 cells of `\upduino_known'.
Finding duplicate cells in `\upduino_known'.
Removed a total of 0 cells.

10.41.46. Executing OPT_DFF pass (perform DFF optimizations).

10.41.47. Executing OPT_CLEAN pass (remove unused cells and wires).
Finding unused cells or wires in module \upduino_known..

10.41.48. Rerunning OPT passes. (Removed registers in this run.)

10.41.49. Running ICE40 specific optimizations.
Optimized $__ICE40_CARRY_WRAPPER cell back to logic (without SB_CARRY) upduino_known.$auto$maccmap.cc:240:synth$10893.slice[8].carry: CO=1'0

10.41.50. Executing OPT_EXPR pass (perform const folding).
Optimizing module upduino_known.

10.41.51. Executing OPT_MERGE pass (detect identical cells).
Finding identical cells in module `\upduino_known'.
Computing hashes of 11813 cells of `\upduino_known'.
Finding duplicate cells in `\upduino_known'.
Removed a total of 0 cells.

10.41.52. Executing OPT_DFF pass (perform DFF optimizations).

10.41.53. Executing OPT_CLEAN pass (remove unused cells and wires).
Finding unused cells or wires in module \upduino_known..

10.41.54. Rerunning OPT passes. (Removed registers in this run.)

10.41.55. Running ICE40 specific optimizations.
Optimized $__ICE40_CARRY_WRAPPER cell back to logic (without SB_CARRY) upduino_known.$auto$maccmap.cc:240:synth$10893.slice[9].carry: CO=1'0

10.41.56. Executing OPT_EXPR pass (perform const folding).
Optimizing module upduino_known.

10.41.57. Executing OPT_MERGE pass (detect identical cells).
Finding identical cells in module `\upduino_known'.
Computing hashes of 11813 cells of `\upduino_known'.
Finding duplicate cells in `\upduino_known'.
Removed a total of 0 cells.

10.41.58. Executing OPT_DFF pass (perform DFF optimizations).

10.41.59. Executing OPT_CLEAN pass (remove unused cells and wires).
Finding unused cells or wires in module \upduino_known..

10.41.60. Rerunning OPT passes. (Removed registers in this run.)

10.41.61. Running ICE40 specific optimizations.
Optimized $__ICE40_CARRY_WRAPPER cell back to logic (without SB_CARRY) upduino_known.$auto$maccmap.cc:240:synth$10893.slice[10].carry: CO=1'0

10.41.62. Executing OPT_EXPR pass (perform const folding).
Optimizing module upduino_known.

10.41.63. Executing OPT_MERGE pass (detect identical cells).
Finding identical cells in module `\upduino_known'.
Computing hashes of 11813 cells of `\upduino_known'.
Finding duplicate cells in `\upduino_known'.
Removed a total of 0 cells.

10.41.64. Executing OPT_DFF pass (perform DFF optimizations).

10.41.65. Executing OPT_CLEAN pass (remove unused cells and wires).
Finding unused cells or wires in module \upduino_known..

10.41.66. Rerunning OPT passes. (Removed registers in this run.)

10.41.67. Running ICE40 specific optimizations.
Optimized $__ICE40_CARRY_WRAPPER cell back to logic (without SB_CARRY) upduino_known.$auto$maccmap.cc:240:synth$10893.slice[11].carry: CO=1'0

10.41.68. Executing OPT_EXPR pass (perform const folding).
Optimizing module upduino_known.

10.41.69. Executing OPT_MERGE pass (detect identical cells).
Finding identical cells in module `\upduino_known'.
Computing hashes of 11813 cells of `\upduino_known'.
Finding duplicate cells in `\upduino_known'.
Removed a total of 0 cells.

10.41.70. Executing OPT_DFF pass (perform DFF optimizations).

10.41.71. Executing OPT_CLEAN pass (remove unused cells and wires).
Finding unused cells or wires in module \upduino_known..

10.41.72. Rerunning OPT passes. (Removed registers in this run.)

10.41.73. Running ICE40 specific optimizations.
Optimized $__ICE40_CARRY_WRAPPER cell back to logic (without SB_CARRY) upduino_known.$auto$maccmap.cc:240:synth$10893.slice[12].carry: CO=1'0

10.41.74. Executing OPT_EXPR pass (perform const folding).
Optimizing module upduino_known.

10.41.75. Executing OPT_MERGE pass (detect identical cells).
Finding identical cells in module `\upduino_known'.
Computing hashes of 11813 cells of `\upduino_known'.
Finding duplicate cells in `\upduino_known'.
Removed a total of 0 cells.

10.41.76. Executing OPT_DFF pass (perform DFF optimizations).

10.41.77. Executing OPT_CLEAN pass (remove unused cells and wires).
Finding unused cells or wires in module \upduino_known..

10.41.78. Rerunning OPT passes. (Removed registers in this run.)

10.41.79. Running ICE40 specific optimizations.
Optimized $__ICE40_CARRY_WRAPPER cell back to logic (without SB_CARRY) upduino_known.$auto$maccmap.cc:240:synth$10893.slice[13].carry: CO=1'0

10.41.80. Executing OPT_EXPR pass (perform const folding).
Optimizing module upduino_known.

10.41.81. Executing OPT_MERGE pass (detect identical cells).
Finding identical cells in module `\upduino_known'.
Computing hashes of 11813 cells of `\upduino_known'.
Finding duplicate cells in `\upduino_known'.
Removed a total of 0 cells.

10.41.82. Executing OPT_DFF pass (perform DFF optimizations).

10.41.83. Executing OPT_CLEAN pass (remove unused cells and wires).
Finding unused cells or wires in module \upduino_known..

10.41.84. Rerunning OPT passes. (Removed registers in this run.)

10.41.85. Running ICE40 specific optimizations.
Optimized $__ICE40_CARRY_WRAPPER cell back to logic (without SB_CARRY) upduino_known.$auto$maccmap.cc:240:synth$10893.slice[14].carry: CO=1'0

10.41.86. Executing OPT_EXPR pass (perform const folding).
Optimizing module upduino_known.

10.41.87. Executing OPT_MERGE pass (detect identical cells).
Finding identical cells in module `\upduino_known'.
Computing hashes of 11813 cells of `\upduino_known'.
Finding duplicate cells in `\upduino_known'.
Removed a total of 0 cells.

10.41.88. Executing OPT_DFF pass (perform DFF optimizations).

10.41.89. Executing OPT_CLEAN pass (remove unused cells and wires).
Finding unused cells or wires in module \upduino_known..

10.41.90. Rerunning OPT passes. (Removed registers in this run.)

10.41.91. Running ICE40 specific optimizations.
Optimized $__ICE40_CARRY_WRAPPER cell back to logic (without SB_CARRY) upduino_known.$auto$maccmap.cc:240:synth$10893.slice[15].carry: CO=1'0

10.41.92. Executing OPT_EXPR pass (perform const folding).
Optimizing module upduino_known.

10.41.93. Executing OPT_MERGE pass (detect identical cells).
Finding identical cells in module `\upduino_known'.
Computing hashes of 11813 cells of `\upduino_known'.
Finding duplicate cells in `\upduino_known'.
Removed a total of 0 cells.

10.41.94. Executing OPT_DFF pass (perform DFF optimizations).

10.41.95. Executing OPT_CLEAN pass (remove unused cells and wires).
Finding unused cells or wires in module \upduino_known..

10.41.96. Rerunning OPT passes. (Removed registers in this run.)

10.41.97. Running ICE40 specific optimizations.
Optimized $__ICE40_CARRY_WRAPPER cell back to logic (without SB_CARRY) upduino_known.$auto$maccmap.cc:240:synth$10893.slice[16].carry: CO=1'0

10.41.98. Executing OPT_EXPR pass (perform const folding).
Optimizing module upduino_known.

10.41.99. Executing OPT_MERGE pass (detect identical cells).
Finding identical cells in module `\upduino_known'.
Computing hashes of 11813 cells of `\upduino_known'.
Finding duplicate cells in `\upduino_known'.
Removed a total of 0 cells.

10.41.100. Executing OPT_DFF pass (perform DFF optimizations).

10.41.101. Executing OPT_CLEAN pass (remove unused cells and wires).
Finding unused cells or wires in module \upduino_known..

10.41.102. Rerunning OPT passes. (Removed registers in this run.)

10.41.103. Running ICE40 specific optimizations.

10.41.104. Executing OPT_EXPR pass (perform const folding).
Optimizing module upduino_known.

10.41.105. Executing OPT_MERGE pass (detect identical cells).
Finding identical cells in module `\upduino_known'.
Computing hashes of 11813 cells of `\upduino_known'.
Finding duplicate cells in `\upduino_known'.
Removed a total of 0 cells.

10.41.106. Executing OPT_DFF pass (perform DFF optimizations).

10.41.107. Executing OPT_CLEAN pass (remove unused cells and wires).
Finding unused cells or wires in module \upduino_known..

10.41.108. Finished OPT passes. (There is nothing left to do.)

10.42. Executing DFFLEGALIZE pass (convert FFs and LATCHes to types supported by the target).

10.43. Executing TECHMAP pass (map to technology primitives).

10.43.1. Executing Verilog-2005 frontend: PROJECT_ROOT/.tools/oss-cad-suite/libexec/../share/yosys/ice40/ff_map.v
Parsing Verilog input from `PROJECT_ROOT/.tools/oss-cad-suite/libexec/../share/yosys/ice40/ff_map.v' to AST representation.
Generating RTLIL representation for module `$_DFF_N_'.
Generating RTLIL representation for module `$_DFF_P_'.
Generating RTLIL representation for module `$_DFFE_NP_'.
Generating RTLIL representation for module `$_DFFE_PP_'.
Generating RTLIL representation for module `$_DFF_NP0_'.
Generating RTLIL representation for module `$_DFF_NP1_'.
Generating RTLIL representation for module `$_DFF_PP0_'.
Generating RTLIL representation for module `$_DFF_PP1_'.
Generating RTLIL representation for module `$_DFFE_NP0P_'.
Generating RTLIL representation for module `$_DFFE_NP1P_'.
Generating RTLIL representation for module `$_DFFE_PP0P_'.
Generating RTLIL representation for module `$_DFFE_PP1P_'.
Generating RTLIL representation for module `$_SDFF_NP0_'.
Generating RTLIL representation for module `$_SDFF_NP1_'.
Generating RTLIL representation for module `$_SDFF_PP0_'.
Generating RTLIL representation for module `$_SDFF_PP1_'.
Generating RTLIL representation for module `$_SDFFCE_NP0P_'.
Generating RTLIL representation for module `$_SDFFCE_NP1P_'.
Generating RTLIL representation for module `$_SDFFCE_PP0P_'.
Generating RTLIL representation for module `$_SDFFCE_PP1P_'.
Successfully finished Verilog frontend.

10.43.2. Continuing TECHMAP pass.
Using template $_SDFFCE_PP0P_ for cells of type $_SDFFCE_PP0P_.
Using template $_SDFF_PP0_ for cells of type $_SDFF_PP0_.
Using template $_DFF_P_ for cells of type $_DFF_P_.
Using template $_DFFE_PP_ for cells of type $_DFFE_PP_.
Using template $_SDFFCE_PP1P_ for cells of type $_SDFFCE_PP1P_.
No more expansions possible.
<suppressed ~1577 debug messages>

10.44. Executing OPT_EXPR pass (perform const folding).
Optimizing module upduino_known.
<suppressed ~121 debug messages>

10.45. Executing SIMPLEMAP pass (map simple cells to gate primitives).
Mapping upduino_known.$auto$alumacc.cc:548:replace_alu$7083.slice[0].carry ($lut).
Mapping upduino_known.$auto$alumacc.cc:548:replace_alu$7086.slice[0].carry ($lut).
Mapping upduino_known.$auto$alumacc.cc:548:replace_alu$7089.slice[0].carry ($lut).
Mapping upduino_known.$auto$alumacc.cc:548:replace_alu$7092.slice[0].carry ($lut).
Mapping upduino_known.$auto$alumacc.cc:548:replace_alu$7095.slice[0].carry ($lut).
Mapping upduino_known.$auto$alumacc.cc:548:replace_alu$7098.slice[0].carry ($lut).
Mapping upduino_known.$auto$alumacc.cc:548:replace_alu$7101.slice[0].carry ($lut).
Mapping upduino_known.$auto$alumacc.cc:548:replace_alu$7104.slice[0].carry ($lut).
Mapping upduino_known.$auto$alumacc.cc:548:replace_alu$7107.slice[0].carry ($lut).
Mapping upduino_known.$auto$alumacc.cc:548:replace_alu$7107.slice[19].carry ($lut).
Mapping upduino_known.$auto$alumacc.cc:548:replace_alu$7120.slice[0].carry ($lut).
Mapping upduino_known.$auto$alumacc.cc:548:replace_alu$7120.slice[15].carry ($lut).
Mapping upduino_known.$auto$alumacc.cc:548:replace_alu$7132.slice[0].carry ($lut).
Mapping upduino_known.$auto$alumacc.cc:548:replace_alu$7135.slice[0].carry ($lut).
Mapping upduino_known.$auto$alumacc.cc:548:replace_alu$7144.slice[0].carry ($lut).
Mapping upduino_known.$auto$alumacc.cc:548:replace_alu$7147.slice[0].carry ($lut).
Mapping upduino_known.$auto$alumacc.cc:548:replace_alu$7163.slice[0].carry ($lut).
Mapping upduino_known.$auto$alumacc.cc:548:replace_alu$7166.slice[0].carry ($lut).
Mapping upduino_known.$auto$alumacc.cc:548:replace_alu$7174.slice[0].carry ($lut).
Mapping upduino_known.$auto$alumacc.cc:548:replace_alu$7177.slice[0].carry ($lut).
Mapping upduino_known.$auto$alumacc.cc:548:replace_alu$7180.slice[22].carry ($lut).
Mapping upduino_known.$auto$alumacc.cc:548:replace_alu$7183.slice[16].carry ($lut).
Mapping upduino_known.$auto$alumacc.cc:548:replace_alu$7186.slice[0].carry ($lut).
Mapping upduino_known.$auto$alumacc.cc:548:replace_alu$7189.slice[0].carry ($lut).
Mapping upduino_known.$auto$alumacc.cc:548:replace_alu$7198.slice[0].carry ($lut).
Mapping upduino_known.$auto$alumacc.cc:548:replace_alu$7201.slice[0].carry ($lut).
Mapping upduino_known.$auto$alumacc.cc:548:replace_alu$7201.slice[11].carry ($lut).
Mapping upduino_known.$auto$alumacc.cc:548:replace_alu$7210.slice[0].carry ($lut).
Mapping upduino_known.$auto$alumacc.cc:548:replace_alu$7216.slice[0].carry ($lut).
Mapping upduino_known.$auto$alumacc.cc:548:replace_alu$7219.slice[0].carry ($lut).
Mapping upduino_known.$auto$alumacc.cc:548:replace_alu$7225.slice[0].carry ($lut).
Mapping upduino_known.$auto$alumacc.cc:548:replace_alu$7225.slice[4].carry ($lut).
Mapping upduino_known.$auto$alumacc.cc:548:replace_alu$7225.slice[6].carry ($lut).
Mapping upduino_known.$auto$alumacc.cc:548:replace_alu$7228.slice[0].carry ($lut).
Mapping upduino_known.$auto$alumacc.cc:548:replace_alu$7234.slice[0].carry ($lut).
Mapping upduino_known.$auto$alumacc.cc:548:replace_alu$7237.slice[0].carry ($lut).
Mapping upduino_known.$auto$alumacc.cc:548:replace_alu$7246.slice[0].carry ($lut).
Mapping upduino_known.$auto$alumacc.cc:548:replace_alu$7249.slice[0].carry ($lut).
Mapping upduino_known.$auto$alumacc.cc:548:replace_alu$7252.slice[0].carry ($lut).
Mapping upduino_known.$auto$alumacc.cc:548:replace_alu$7258.slice[0].carry ($lut).
Mapping upduino_known.$auto$alumacc.cc:548:replace_alu$7267.slice[0].carry ($lut).
Mapping upduino_known.$auto$alumacc.cc:548:replace_alu$7267.slice[23].carry ($lut).
Mapping upduino_known.$auto$alumacc.cc:548:replace_alu$7270.slice[0].carry ($lut).
Mapping upduino_known.$auto$alumacc.cc:548:replace_alu$7270.slice[17].carry ($lut).
Mapping upduino_known.$auto$alumacc.cc:548:replace_alu$7273.slice[0].carry ($lut).
Mapping upduino_known.$auto$alumacc.cc:548:replace_alu$7273.slice[28].carry ($lut).
Mapping upduino_known.$auto$alumacc.cc:548:replace_alu$7276.slice[0].carry ($lut).
Mapping upduino_known.$auto$alumacc.cc:548:replace_alu$7276.slice[19].carry ($lut).
Mapping upduino_known.$auto$alumacc.cc:548:replace_alu$7279.slice[0].carry ($lut).
Mapping upduino_known.$auto$alumacc.cc:548:replace_alu$7279.slice[29].carry ($lut).
Mapping upduino_known.$auto$alumacc.cc:548:replace_alu$7288.slice[0].carry ($lut).
Mapping upduino_known.$auto$alumacc.cc:548:replace_alu$7288.slice[7].carry ($lut).
Mapping upduino_known.$auto$alumacc.cc:548:replace_alu$7294.slice[56].carry ($lut).
Mapping upduino_known.$auto$alumacc.cc:548:replace_alu$7297.slice[64].carry ($lut).
Mapping upduino_known.$auto$alumacc.cc:548:replace_alu$7306.slice[15].carry ($lut).
Mapping upduino_known.$auto$maccmap.cc:240:synth$10886.slice[0].carry ($lut).
Mapping upduino_known.$auto$maccmap.cc:240:synth$10893.slice[0].carry ($lut).
Mapping upduino_known.$auto$maccmap.cc:240:synth$10893.slice[10].carry ($lut).
Mapping upduino_known.$auto$maccmap.cc:240:synth$10893.slice[11].carry ($lut).
Mapping upduino_known.$auto$maccmap.cc:240:synth$10893.slice[12].carry ($lut).
Mapping upduino_known.$auto$maccmap.cc:240:synth$10893.slice[13].carry ($lut).
Mapping upduino_known.$auto$maccmap.cc:240:synth$10893.slice[14].carry ($lut).
Mapping upduino_known.$auto$maccmap.cc:240:synth$10893.slice[15].carry ($lut).
Mapping upduino_known.$auto$maccmap.cc:240:synth$10893.slice[16].carry ($lut).
Mapping upduino_known.$auto$maccmap.cc:240:synth$10893.slice[1].carry ($lut).
Mapping upduino_known.$auto$maccmap.cc:240:synth$10893.slice[2].carry ($lut).
Mapping upduino_known.$auto$maccmap.cc:240:synth$10893.slice[3].carry ($lut).
Mapping upduino_known.$auto$maccmap.cc:240:synth$10893.slice[4].carry ($lut).
Mapping upduino_known.$auto$maccmap.cc:240:synth$10893.slice[5].carry ($lut).
Mapping upduino_known.$auto$maccmap.cc:240:synth$10893.slice[6].carry ($lut).
Mapping upduino_known.$auto$maccmap.cc:240:synth$10893.slice[7].carry ($lut).
Mapping upduino_known.$auto$maccmap.cc:240:synth$10893.slice[8].carry ($lut).
Mapping upduino_known.$auto$maccmap.cc:240:synth$10893.slice[9].carry ($lut).
Mapping upduino_known.$auto$opt_expr.cc:1942:replace_const_cells$7853.slice[0].carry ($lut).
Mapping upduino_known.$auto$opt_expr.cc:1942:replace_const_cells$7853.slice[13].carry ($lut).
Mapping upduino_known.$auto$opt_expr.cc:1942:replace_const_cells$8353.slice[0].carry ($lut).
Mapping upduino_known.$auto$opt_expr.cc:1942:replace_const_cells$8353.slice[8].carry ($lut).

10.46. Executing ICE40_OPT pass (performing simple optimizations).

10.46.1. Running ICE40 specific optimizations.

10.46.2. Executing OPT_EXPR pass (perform const folding).
Optimizing module upduino_known.
<suppressed ~1998 debug messages>

10.46.3. Executing OPT_MERGE pass (detect identical cells).
Finding identical cells in module `\upduino_known'.
Computing hashes of 13357 cells of `\upduino_known'.
Finding duplicate cells in `\upduino_known'.
Computing hashes of 11520 cells of `\upduino_known'.
Finding duplicate cells in `\upduino_known'.
Computing hashes of 11455 cells of `\upduino_known'.
Finding duplicate cells in `\upduino_known'.
Computing hashes of 11399 cells of `\upduino_known'.
Finding duplicate cells in `\upduino_known'.
Computing hashes of 11343 cells of `\upduino_known'.
Finding duplicate cells in `\upduino_known'.
<suppressed ~6042 debug messages>
Removed a total of 2014 cells.

10.46.4. Executing OPT_DFF pass (perform DFF optimizations).

10.46.5. Executing OPT_CLEAN pass (remove unused cells and wires).
Finding unused cells or wires in module \upduino_known..
Removed 2 unused cells and 10805 unused wires.
<suppressed ~3 debug messages>

10.46.6. Rerunning OPT passes. (Removed registers in this run.)

10.46.7. Running ICE40 specific optimizations.

10.46.8. Executing OPT_EXPR pass (perform const folding).
Optimizing module upduino_known.
<suppressed ~50 debug messages>

10.46.9. Executing OPT_MERGE pass (detect identical cells).
Finding identical cells in module `\upduino_known'.
Computing hashes of 11339 cells of `\upduino_known'.
Finding duplicate cells in `\upduino_known'.
Computing hashes of 11336 cells of `\upduino_known'.
Finding duplicate cells in `\upduino_known'.
Computing hashes of 11332 cells of `\upduino_known'.
Finding duplicate cells in `\upduino_known'.
Computing hashes of 11329 cells of `\upduino_known'.
Finding duplicate cells in `\upduino_known'.
Computing hashes of 11327 cells of `\upduino_known'.
Finding duplicate cells in `\upduino_known'.
<suppressed ~36 debug messages>
Removed a total of 12 cells.

10.46.10. Executing OPT_DFF pass (perform DFF optimizations).

10.46.11. Executing OPT_CLEAN pass (remove unused cells and wires).
Finding unused cells or wires in module \upduino_known..

10.46.12. Rerunning OPT passes. (Removed registers in this run.)

10.46.13. Running ICE40 specific optimizations.

10.46.14. Executing OPT_EXPR pass (perform const folding).
Optimizing module upduino_known.

10.46.15. Executing OPT_MERGE pass (detect identical cells).
Finding identical cells in module `\upduino_known'.
Computing hashes of 11327 cells of `\upduino_known'.
Finding duplicate cells in `\upduino_known'.
Removed a total of 0 cells.

10.46.16. Executing OPT_DFF pass (perform DFF optimizations).

10.46.17. Executing OPT_CLEAN pass (remove unused cells and wires).
Finding unused cells or wires in module \upduino_known..

10.46.18. Finished OPT passes. (There is nothing left to do.)

10.47. Executing CHECK pass (checking for obvious problems).
Checking module upduino_known...
Found and reported 0 problems.

10.48. Executing TECHMAP pass (map to technology primitives).

10.48.1. Executing Verilog-2005 frontend: PROJECT_ROOT/.tools/oss-cad-suite/libexec/../share/yosys/ice40/latches_map.v
Parsing Verilog input from `PROJECT_ROOT/.tools/oss-cad-suite/libexec/../share/yosys/ice40/latches_map.v' to AST representation.
Generating RTLIL representation for module `$_DLATCH_N_'.
Generating RTLIL representation for module `$_DLATCH_P_'.
Successfully finished Verilog frontend.

10.48.2. Continuing TECHMAP pass.
No more expansions possible.
<suppressed ~4 debug messages>

10.49. Executing Verilog-2005 frontend: PROJECT_ROOT/.tools/oss-cad-suite/libexec/../share/yosys/ice40/abc9_model.v
Parsing Verilog input from `PROJECT_ROOT/.tools/oss-cad-suite/libexec/../share/yosys/ice40/abc9_model.v' to AST representation.
Generating RTLIL representation for module `$__ICE40_CARRY_WRAPPER'.
Successfully finished Verilog frontend.

10.50. Executing ABC9 pass.

10.50.1. Executing ABC9_OPS pass (helper functions for ABC9).

10.50.2. Executing PROC pass (convert processes to netlists).

10.50.2.1. Executing PROC_CLEAN pass (remove empty switches from decision trees).
Cleaned up 0 empty switches.

10.50.2.2. Executing PROC_RMDEAD pass (remove dead branches from decision trees).
Marked 1 switch rules as full_case in process $proc$LOCAL_PRIVATE_PATH in module SB_DFFESR.
Removed a total of 0 dead cases.

10.50.2.3. Executing PROC_PRUNE pass (remove redundant assignments in processes).
Removed 0 redundant assignments.
Promoted 1 assignment to connection.

10.50.2.4. Executing PROC_INIT pass (extract init attributes).
Found init rule in `\SB_DFFESR.$proc$LOCAL_PRIVATE_PATH'.
  Set init value: \Q = 1'0

10.50.2.5. Executing PROC_ARST pass (detect async resets in processes).

10.50.2.6. Executing PROC_ROM pass (convert switches to ROMs).
Converted 0 switches.
<suppressed ~2 debug messages>

10.50.2.7. Executing PROC_MUX pass (convert decision trees to multiplexers).
Creating decoders for process `\SB_DFFESR.$proc$LOCAL_PRIVATE_PATH'.
Creating decoders for process `\SB_DFFESR.$proc$LOCAL_PRIVATE_PATH'.
     1/1: $0\Q[0:0]

10.50.2.8. Executing PROC_DLATCH pass (convert process syncs to latches).

10.50.2.9. Executing PROC_DFF pass (convert process syncs to FFs).
Creating register for signal `\SB_DFFESR.\Q' using process `\SB_DFFESR.$proc$LOCAL_PRIVATE_PATH'.
  created $dff cell `$procdff$52392' with positive edge clock.

10.50.2.10. Executing PROC_MEMWR pass (convert process memory writes to cells).

10.50.2.11. Executing PROC_CLEAN pass (remove empty switches from decision trees).
Removing empty process `SB_DFFESR.$proc$LOCAL_PRIVATE_PATH'.
Found and cleaned up 2 empty switches in `\SB_DFFESR.$proc$LOCAL_PRIVATE_PATH'.
Removing empty process `SB_DFFESR.$proc$LOCAL_PRIVATE_PATH'.
Cleaned up 2 empty switches.

10.50.3. Executing PROC pass (convert processes to netlists).

10.50.3.1. Executing PROC_CLEAN pass (remove empty switches from decision trees).
Cleaned up 0 empty switches.

10.50.3.2. Executing PROC_RMDEAD pass (remove dead branches from decision trees).
Removed a total of 0 dead cases.

10.50.3.3. Executing PROC_PRUNE pass (remove redundant assignments in processes).
Removed 0 redundant assignments.
Promoted 1 assignment to connection.

10.50.3.4. Executing PROC_INIT pass (extract init attributes).
Found init rule in `\SB_DFFE.$proc$LOCAL_PRIVATE_PATH'.
  Set init value: \Q = 1'0

10.50.3.5. Executing PROC_ARST pass (detect async resets in processes).

10.50.3.6. Executing PROC_ROM pass (convert switches to ROMs).
Converted 0 switches.
<suppressed ~1 debug messages>

10.50.3.7. Executing PROC_MUX pass (convert decision trees to multiplexers).
Creating decoders for process `\SB_DFFE.$proc$LOCAL_PRIVATE_PATH'.
Creating decoders for process `\SB_DFFE.$proc$LOCAL_PRIVATE_PATH'.
     1/1: $0\Q[0:0]

10.50.3.8. Executing PROC_DLATCH pass (convert process syncs to latches).

10.50.3.9. Executing PROC_DFF pass (convert process syncs to FFs).
Creating register for signal `\SB_DFFE.\Q' using process `\SB_DFFE.$proc$LOCAL_PRIVATE_PATH'.
  created $dff cell `$procdff$52395' with positive edge clock.

10.50.3.10. Executing PROC_MEMWR pass (convert process memory writes to cells).

10.50.3.11. Executing PROC_CLEAN pass (remove empty switches from decision trees).
Removing empty process `SB_DFFE.$proc$LOCAL_PRIVATE_PATH'.
Found and cleaned up 1 empty switch in `\SB_DFFE.$proc$LOCAL_PRIVATE_PATH'.
Removing empty process `SB_DFFE.$proc$LOCAL_PRIVATE_PATH'.
Cleaned up 1 empty switch.

10.50.4. Executing PROC pass (convert processes to netlists).

10.50.4.1. Executing PROC_CLEAN pass (remove empty switches from decision trees).
Cleaned up 0 empty switches.

10.50.4.2. Executing PROC_RMDEAD pass (remove dead branches from decision trees).
Marked 1 switch rules as full_case in process $proc$LOCAL_PRIVATE_PATH in module SB_DFFESS.
Removed a total of 0 dead cases.

10.50.4.3. Executing PROC_PRUNE pass (remove redundant assignments in processes).
Removed 0 redundant assignments.
Promoted 1 assignment to connection.

10.50.4.4. Executing PROC_INIT pass (extract init attributes).
Found init rule in `\SB_DFFESS.$proc$LOCAL_PRIVATE_PATH'.
  Set init value: \Q = 1'0

10.50.4.5. Executing PROC_ARST pass (detect async resets in processes).

10.50.4.6. Executing PROC_ROM pass (convert switches to ROMs).
Converted 0 switches.
<suppressed ~2 debug messages>

10.50.4.7. Executing PROC_MUX pass (convert decision trees to multiplexers).
Creating decoders for process `\SB_DFFESS.$proc$LOCAL_PRIVATE_PATH'.
Creating decoders for process `\SB_DFFESS.$proc$LOCAL_PRIVATE_PATH'.
     1/1: $0\Q[0:0]

10.50.4.8. Executing PROC_DLATCH pass (convert process syncs to latches).

10.50.4.9. Executing PROC_DFF pass (convert process syncs to FFs).
Creating register for signal `\SB_DFFESS.\Q' using process `\SB_DFFESS.$proc$LOCAL_PRIVATE_PATH'.
  created $dff cell `$procdff$52401' with positive edge clock.

10.50.4.10. Executing PROC_MEMWR pass (convert process memory writes to cells).

10.50.4.11. Executing PROC_CLEAN pass (remove empty switches from decision trees).
Removing empty process `SB_DFFESS.$proc$LOCAL_PRIVATE_PATH'.
Found and cleaned up 2 empty switches in `\SB_DFFESS.$proc$LOCAL_PRIVATE_PATH'.
Removing empty process `SB_DFFESS.$proc$LOCAL_PRIVATE_PATH'.
Cleaned up 2 empty switches.

10.50.5. Executing PROC pass (convert processes to netlists).

10.50.5.1. Executing PROC_CLEAN pass (remove empty switches from decision trees).
Cleaned up 0 empty switches.

10.50.5.2. Executing PROC_RMDEAD pass (remove dead branches from decision trees).
Marked 1 switch rules as full_case in process $proc$LOCAL_PRIVATE_PATH in module SB_DFFSR.
Removed a total of 0 dead cases.

10.50.5.3. Executing PROC_PRUNE pass (remove redundant assignments in processes).
Removed 1 redundant assignment.
Promoted 1 assignment to connection.

10.50.5.4. Executing PROC_INIT pass (extract init attributes).
Found init rule in `\SB_DFFSR.$proc$LOCAL_PRIVATE_PATH'.
  Set init value: \Q = 1'0

10.50.5.5. Executing PROC_ARST pass (detect async resets in processes).

10.50.5.6. Executing PROC_ROM pass (convert switches to ROMs).
Converted 0 switches.
<suppressed ~1 debug messages>

10.50.5.7. Executing PROC_MUX pass (convert decision trees to multiplexers).
Creating decoders for process `\SB_DFFSR.$proc$LOCAL_PRIVATE_PATH'.
Creating decoders for process `\SB_DFFSR.$proc$LOCAL_PRIVATE_PATH'.
     1/1: $0\Q[0:0]

10.50.5.8. Executing PROC_DLATCH pass (convert process syncs to latches).

10.50.5.9. Executing PROC_DFF pass (convert process syncs to FFs).
Creating register for signal `\SB_DFFSR.\Q' using process `\SB_DFFSR.$proc$LOCAL_PRIVATE_PATH'.
  created $dff cell `$procdff$52405' with positive edge clock.

10.50.5.10. Executing PROC_MEMWR pass (convert process memory writes to cells).

10.50.5.11. Executing PROC_CLEAN pass (remove empty switches from decision trees).
Removing empty process `SB_DFFSR.$proc$LOCAL_PRIVATE_PATH'.
Found and cleaned up 1 empty switch in `\SB_DFFSR.$proc$LOCAL_PRIVATE_PATH'.
Removing empty process `SB_DFFSR.$proc$LOCAL_PRIVATE_PATH'.
Cleaned up 1 empty switch.

10.50.6. Executing PROC pass (convert processes to netlists).

10.50.6.1. Executing PROC_CLEAN pass (remove empty switches from decision trees).
Cleaned up 0 empty switches.

10.50.6.2. Executing PROC_RMDEAD pass (remove dead branches from decision trees).
Removed a total of 0 dead cases.

10.50.6.3. Executing PROC_PRUNE pass (remove redundant assignments in processes).
Removed 0 redundant assignments.
Promoted 2 assignments to connections.

10.50.6.4. Executing PROC_INIT pass (extract init attributes).
Found init rule in `\SB_DFF.$proc$LOCAL_PRIVATE_PATH'.
  Set init value: \Q = 1'0

10.50.6.5. Executing PROC_ARST pass (detect async resets in processes).

10.50.6.6. Executing PROC_ROM pass (convert switches to ROMs).
Converted 0 switches.

10.50.6.7. Executing PROC_MUX pass (convert decision trees to multiplexers).
Creating decoders for process `\SB_DFF.$proc$LOCAL_PRIVATE_PATH'.
Creating decoders for process `\SB_DFF.$proc$LOCAL_PRIVATE_PATH'.

10.50.6.8. Executing PROC_DLATCH pass (convert process syncs to latches).

10.50.6.9. Executing PROC_DFF pass (convert process syncs to FFs).
Creating register for signal `\SB_DFF.\Q' using process `\SB_DFF.$proc$LOCAL_PRIVATE_PATH'.
  created $dff cell `$procdff$52406' with positive edge clock.

10.50.6.10. Executing PROC_MEMWR pass (convert process memory writes to cells).

10.50.6.11. Executing PROC_CLEAN pass (remove empty switches from decision trees).
Removing empty process `SB_DFF.$proc$LOCAL_PRIVATE_PATH'.
Removing empty process `SB_DFF.$proc$LOCAL_PRIVATE_PATH'.
Cleaned up 0 empty switches.

10.50.7. Executing ABC9_OPS pass (helper functions for ABC9).

10.50.8. Executing SCC pass (detecting logic loops).
Found 0 SCCs in module upduino_known.
Found 0 SCCs.

10.50.9. Executing ABC9_OPS pass (helper functions for ABC9).

10.50.10. Executing TECHMAP pass (map to technology primitives).

10.50.10.1. Executing Verilog-2005 frontend: PROJECT_ROOT/.tools/oss-cad-suite/libexec/../share/yosys/techmap.v
Parsing Verilog input from `PROJECT_ROOT/.tools/oss-cad-suite/libexec/../share/yosys/techmap.v' to AST representation.
Generating RTLIL representation for module `\_90_simplemap_bool_ops'.
Generating RTLIL representation for module `\_90_simplemap_reduce_ops'.
Generating RTLIL representation for module `\_90_simplemap_logic_ops'.
Generating RTLIL representation for module `\_90_simplemap_compare_ops'.
Generating RTLIL representation for module `\_90_simplemap_various'.
Generating RTLIL representation for module `\_90_simplemap_registers'.
Generating RTLIL representation for module `\_90_shift_ops_shr_shl_sshl_sshr'.
Generating RTLIL representation for module `\_90_shift_shiftx'.
Generating RTLIL representation for module `\_90_fa'.
Generating RTLIL representation for module `\_90_lcu_brent_kung'.
Generating RTLIL representation for module `\_90_alu'.
Generating RTLIL representation for module `\_90_macc'.
Generating RTLIL representation for module `\_90_alumacc'.
Generating RTLIL representation for module `$__div_mod_u'.
Generating RTLIL representation for module `$__div_mod_trunc'.
Generating RTLIL representation for module `\_90_div'.
Generating RTLIL representation for module `\_90_mod'.
Generating RTLIL representation for module `$__div_mod_floor'.
Generating RTLIL representation for module `\_90_divfloor'.
Generating RTLIL representation for module `\_90_modfloor'.
Generating RTLIL representation for module `\_90_pow'.
Generating RTLIL representation for module `\_90_demux'.
Generating RTLIL representation for module `\_90_lut'.
Generating RTLIL representation for module `$connect'.
Generating RTLIL representation for module `$input_port'.
Successfully finished Verilog frontend.

10.50.10.2. Continuing TECHMAP pass.
Using extmapper simplemap for cells of type $logic_not.
Using extmapper simplemap for cells of type $dff.
Using extmapper simplemap for cells of type $mux.
Using extmapper simplemap for cells of type $logic_and.
No more expansions possible.
<suppressed ~165 debug messages>

10.50.11. Executing OPT pass (performing simple optimizations).

10.50.11.1. Executing OPT_EXPR pass (perform const folding).
Optimizing module SB_DFF.
Optimizing module SB_DFFE.
Optimizing module SB_DFFESR.
Optimizing module SB_DFFESS.
Optimizing module SB_DFFSR.

10.50.11.2. Executing OPT_MERGE pass (detect identical cells).
Finding identical cells in module `\SB_DFF'.
Computing hashes of 3 cells of `\SB_DFF'.
Finding duplicate cells in `\SB_DFF'.
Finding identical cells in module `\SB_DFFE'.
Computing hashes of 5 cells of `\SB_DFFE'.
Finding duplicate cells in `\SB_DFFE'.
Finding identical cells in module `\SB_DFFESR'.
Computing hashes of 13 cells of `\SB_DFFESR'.
Finding duplicate cells in `\SB_DFFESR'.
Computing hashes of 12 cells of `\SB_DFFESR'.
Finding duplicate cells in `\SB_DFFESR'.
Computing hashes of 11 cells of `\SB_DFFESR'.
Finding duplicate cells in `\SB_DFFESR'.
<suppressed ~6 debug messages>
Finding identical cells in module `\SB_DFFESS'.
Computing hashes of 13 cells of `\SB_DFFESS'.
Finding duplicate cells in `\SB_DFFESS'.
Computing hashes of 12 cells of `\SB_DFFESS'.
Finding duplicate cells in `\SB_DFFESS'.
Computing hashes of 11 cells of `\SB_DFFESS'.
Finding duplicate cells in `\SB_DFFESS'.
<suppressed ~6 debug messages>
Finding identical cells in module `\SB_DFFSR'.
Computing hashes of 7 cells of `\SB_DFFSR'.
Finding duplicate cells in `\SB_DFFSR'.
Removed a total of 4 cells.

10.50.11.3. Executing OPT_MUXTREE pass (detect dead branches in mux trees).
Running muxtree optimizer on module \SB_DFF..
  Creating internal representation of mux trees.
  No muxes found in this module.
Running muxtree optimizer on module \SB_DFFE..
  Creating internal representation of mux trees.
  No muxes found in this module.
Running muxtree optimizer on module \SB_DFFESR..
  Creating internal representation of mux trees.
  No muxes found in this module.
Running muxtree optimizer on module \SB_DFFESS..
  Creating internal representation of mux trees.
  No muxes found in this module.
Running muxtree optimizer on module \SB_DFFSR..
  Creating internal representation of mux trees.
  No muxes found in this module.
Removed 0 multiplexer ports.

10.50.11.4. Executing OPT_REDUCE pass (consolidate $*mux and $reduce_* inputs).
  Optimizing cells in module \SB_DFF.
  Optimizing cells in module \SB_DFFE.
  Optimizing cells in module \SB_DFFESR.
  Optimizing cells in module \SB_DFFESS.
  Optimizing cells in module \SB_DFFSR.
Performed a total of 0 changes.

10.50.11.5. Executing OPT_MERGE pass (detect identical cells).
Finding identical cells in module `\SB_DFF'.
Computing hashes of 3 cells of `\SB_DFF'.
Finding duplicate cells in `\SB_DFF'.
Finding identical cells in module `\SB_DFFE'.
Computing hashes of 5 cells of `\SB_DFFE'.
Finding duplicate cells in `\SB_DFFE'.
Finding identical cells in module `\SB_DFFESR'.
Computing hashes of 11 cells of `\SB_DFFESR'.
Finding duplicate cells in `\SB_DFFESR'.
Finding identical cells in module `\SB_DFFESS'.
Computing hashes of 11 cells of `\SB_DFFESS'.
Finding duplicate cells in `\SB_DFFESS'.
Finding identical cells in module `\SB_DFFSR'.
Computing hashes of 7 cells of `\SB_DFFSR'.
Finding duplicate cells in `\SB_DFFSR'.
Removed a total of 0 cells.

10.50.11.6. Executing OPT_DFF pass (perform DFF optimizations).

10.50.11.7. Executing OPT_CLEAN pass (remove unused cells and wires).
Finding unused cells or wires in module \SB_DFF..
Finding unused cells or wires in module \SB_DFFE..
Finding unused cells or wires in module \SB_DFFESR..
Finding unused cells or wires in module \SB_DFFESS..
Finding unused cells or wires in module \SB_DFFSR..
Removed 0 unused cells and 20 unused wires.
<suppressed ~5 debug messages>

10.50.11.8. Executing OPT_EXPR pass (perform const folding).
Optimizing module SB_DFF.
Optimizing module SB_DFFE.
Optimizing module SB_DFFESR.
Optimizing module SB_DFFESS.
Optimizing module SB_DFFSR.

10.50.11.9. Rerunning OPT passes. (Maybe there is more to do..)

10.50.11.10. Executing OPT_MUXTREE pass (detect dead branches in mux trees).
Running muxtree optimizer on module \SB_DFF..
  Creating internal representation of mux trees.
  No muxes found in this module.
Running muxtree optimizer on module \SB_DFFE..
  Creating internal representation of mux trees.
  No muxes found in this module.
Running muxtree optimizer on module \SB_DFFESR..
  Creating internal representation of mux trees.
  No muxes found in this module.
Running muxtree optimizer on module \SB_DFFESS..
  Creating internal representation of mux trees.
  No muxes found in this module.
Running muxtree optimizer on module \SB_DFFSR..
  Creating internal representation of mux trees.
  No muxes found in this module.
Removed 0 multiplexer ports.

10.50.11.11. Executing OPT_REDUCE pass (consolidate $*mux and $reduce_* inputs).
  Optimizing cells in module \SB_DFF.
  Optimizing cells in module \SB_DFFE.
  Optimizing cells in module \SB_DFFESR.
  Optimizing cells in module \SB_DFFESS.
  Optimizing cells in module \SB_DFFSR.
Performed a total of 0 changes.

10.50.11.12. Executing OPT_MERGE pass (detect identical cells).
Finding identical cells in module `\SB_DFF'.
Computing hashes of 3 cells of `\SB_DFF'.
Finding duplicate cells in `\SB_DFF'.
Finding identical cells in module `\SB_DFFE'.
Computing hashes of 5 cells of `\SB_DFFE'.
Finding duplicate cells in `\SB_DFFE'.
Finding identical cells in module `\SB_DFFESR'.
Computing hashes of 11 cells of `\SB_DFFESR'.
Finding duplicate cells in `\SB_DFFESR'.
Finding identical cells in module `\SB_DFFESS'.
Computing hashes of 11 cells of `\SB_DFFESS'.
Finding duplicate cells in `\SB_DFFESS'.
Finding identical cells in module `\SB_DFFSR'.
Computing hashes of 7 cells of `\SB_DFFSR'.
Finding duplicate cells in `\SB_DFFSR'.
Removed a total of 0 cells.

10.50.11.13. Executing OPT_DFF pass (perform DFF optimizations).

10.50.11.14. Executing OPT_CLEAN pass (remove unused cells and wires).
Finding unused cells or wires in module \SB_DFF..
Finding unused cells or wires in module \SB_DFFE..
Finding unused cells or wires in module \SB_DFFESR..
Finding unused cells or wires in module \SB_DFFESS..
Finding unused cells or wires in module \SB_DFFSR..

10.50.11.15. Executing OPT_EXPR pass (perform const folding).
Optimizing module SB_DFF.
Optimizing module SB_DFFE.
Optimizing module SB_DFFESR.
Optimizing module SB_DFFESS.
Optimizing module SB_DFFSR.

10.50.11.16. Finished fast OPT passes. (There is nothing left to do.)

10.50.12. Executing ABC9_OPS pass (helper functions for ABC9).

10.50.13. Executing SUBMOD pass (moving cells to submodules as requested).

10.50.13.1. Executing OPT_CLEAN pass (remove unused cells and wires).
Finding unused cells or wires in module \SB_DFF..
Finding unused cells or wires in module \SB_DFFE..
Finding unused cells or wires in module \SB_DFFESR..
Finding unused cells or wires in module \SB_DFFESS..
Finding unused cells or wires in module \SB_DFFSR..

10.50.13.2. Continuing SUBMOD pass.
Creating submodule $abc9_flop (\SB_DFF_$abc9_flop) of module \SB_DFF.
  signal \Q: input \Q
  signal \D: input \D
  signal \C: input \C
  signal $auto$abc9_ops.cc:499:prep_dff_submod$52552: output \n1
  cell $specify$21 ($specify3)
  cell $specify$20 ($specrule)
  cell $auto$abc9_ops.cc:500:prep_dff_submod$52553 ($_MUX_)
Creating submodule $abc9_flop (\SB_DFFE_$abc9_flop) of module \SB_DFFE.
  signal \D: input \D
  signal \E: input \E
  signal \Q: input \Q
  signal \C: input \C
  signal $0\Q[0:0]: internal
  signal $auto$abc9_ops.cc:499:prep_dff_submod$52554: output \n1
  cell $specify$24 ($specify3)
  cell $specify$23 ($specrule)
  cell $specify$22 ($specrule)
  cell $auto$simplemap.cc:298:simplemap_mux$52550 ($_MUX_)
  cell $auto$abc9_ops.cc:500:prep_dff_submod$52555 ($_MUX_)
Creating submodule $abc9_flop (\SB_DFFESR_$abc9_flop) of module \SB_DFFESR.
  signal $procmux$52388_Y: internal
  signal $0\Q[0:0]: internal
  signal $logic_and$LOCAL_PRIVATE_PATH internal
  signal $logic_and$LOCAL_PRIVATE_PATH internal
  signal $logic_not$LOCAL_PRIVATE_PATH internal
  signal \C: input \C
  signal \D: input \D
  signal \E: input \E
  signal \Q: input \Q
  signal \R: input \R
  signal $auto$abc9_ops.cc:499:prep_dff_submod$52556: output \n1
  cell $specify$45 ($specify3)
  cell $specify$44 ($specify3)
  cell $specify$43 ($specrule)
  cell $specify$42 ($specrule)
  cell $specify$41 ($specrule)
  cell $auto$simplemap.cc:227:simplemap_lognot$52541 ($_NOT_)
  cell $auto$simplemap.cc:298:simplemap_mux$52547 ($_MUX_)
  cell $auto$simplemap.cc:256:simplemap_logbin$52543 ($_AND_)
  cell $auto$simplemap.cc:256:simplemap_logbin$52542 ($_AND_)
  cell $auto$simplemap.cc:298:simplemap_mux$52548 ($_MUX_)
  cell $auto$abc9_ops.cc:500:prep_dff_submod$52557 ($_MUX_)
Creating submodule $abc9_flop (\SB_DFFESS_$abc9_flop) of module \SB_DFFESS.
  signal $logic_and$LOCAL_PRIVATE_PATH internal
  signal $auto$abc9_ops.cc:499:prep_dff_submod$52558: output \n1
  signal $procmux$52397_Y: internal
  signal $0\Q[0:0]: internal
  signal $logic_and$LOCAL_PRIVATE_PATH internal
  signal \D: input \D
  signal \E: input \E
  signal \S: input \S
  signal \Q: input \Q
  signal $logic_not$LOCAL_PRIVATE_PATH internal
  signal \C: input \C
  cell $specify$55 ($specify3)
  cell $specify$54 ($specify3)
  cell $specify$53 ($specrule)
  cell $specify$52 ($specrule)
  cell $specify$51 ($specrule)
  cell $auto$simplemap.cc:227:simplemap_lognot$52533 ($_NOT_)
  cell $auto$simplemap.cc:298:simplemap_mux$52539 ($_MUX_)
  cell $auto$simplemap.cc:256:simplemap_logbin$52535 ($_AND_)
  cell $auto$simplemap.cc:256:simplemap_logbin$52534 ($_AND_)
  cell $auto$simplemap.cc:298:simplemap_mux$52540 ($_MUX_)
  cell $auto$abc9_ops.cc:500:prep_dff_submod$52559 ($_MUX_)
Creating submodule $abc9_flop (\SB_DFFSR_$abc9_flop) of module \SB_DFFSR.
  signal \Q: input \Q
  signal \D: input \D
  signal \R: input \R
  signal $auto$abc9_ops.cc:499:prep_dff_submod$52560: output \n1
  signal $logic_not$LOCAL_PRIVATE_PATH internal
  signal \C: input \C
  signal $0\Q[0:0]: internal
  cell $specify$28 ($specify3)
  cell $specify$27 ($specify3)
  cell $specify$26 ($specrule)
  cell $specify$25 ($specrule)
  cell $auto$simplemap.cc:227:simplemap_lognot$52530 ($_NOT_)
  cell $auto$simplemap.cc:298:simplemap_mux$52532 ($_MUX_)
  cell $auto$abc9_ops.cc:500:prep_dff_submod$52561 ($_MUX_)

10.50.13.3. Executing OPT_CLEAN pass (remove unused cells and wires).
Finding unused cells or wires in module \SB_DFFSR_$abc9_flop..
Finding unused cells or wires in module \SB_DFFESS_$abc9_flop..
Finding unused cells or wires in module \SB_DFFESR_$abc9_flop..
Finding unused cells or wires in module \SB_DFFE_$abc9_flop..
Finding unused cells or wires in module \SB_DFF_$abc9_flop..
Finding unused cells or wires in module \SB_DFF..
Finding unused cells or wires in module \SB_DFFE..
Finding unused cells or wires in module \SB_DFFESR..
Finding unused cells or wires in module \SB_DFFESS..
Finding unused cells or wires in module \SB_DFFSR..
Removed 0 unused cells and 13 unused wires.
<suppressed ~4 debug messages>
Warning: Ignoring boxed module SB_DFFSR_$abc9_flop.
Warning: Ignoring boxed module SB_DFFESS_$abc9_flop.
Warning: Ignoring boxed module SB_DFFESR_$abc9_flop.
Warning: Ignoring boxed module SB_DFFE_$abc9_flop.
Warning: Ignoring boxed module SB_DFF_$abc9_flop.
Renaming cell SB_DFF_$abc9_flop to _TECHMAP_REPLACE_ in module SB_DFF.
Renaming cell SB_DFFE_$abc9_flop to _TECHMAP_REPLACE_ in module SB_DFFE.
Renaming cell SB_DFFESR_$abc9_flop to _TECHMAP_REPLACE_ in module SB_DFFESR.
Renaming cell SB_DFFESS_$abc9_flop to _TECHMAP_REPLACE_ in module SB_DFFESS.
Renaming cell SB_DFFSR_$abc9_flop to _TECHMAP_REPLACE_ in module SB_DFFSR.

10.50.14. Executing ABC9_OPS pass (helper functions for ABC9).
Warning: Ignoring boxed module SB_DFFSR_$abc9_flop.
Warning: Ignoring boxed module SB_DFFESS_$abc9_flop.
Warning: Ignoring boxed module SB_DFFESR_$abc9_flop.
Warning: Ignoring boxed module SB_DFFE_$abc9_flop.
Warning: Ignoring boxed module SB_DFF_$abc9_flop.

10.50.15. Executing TECHMAP pass (map to technology primitives).

10.50.15.1. Executing Verilog-2005 frontend: PROJECT_ROOT/.tools/oss-cad-suite/libexec/../share/yosys/abc9_map.v
Parsing Verilog input from `PROJECT_ROOT/.tools/oss-cad-suite/libexec/../share/yosys/abc9_map.v' to AST representation.
Generating RTLIL representation for module `$_DFF_x_'.
Successfully finished Verilog frontend.

10.50.15.2. Continuing TECHMAP pass.
Using template SB_DFFESR for cells of type SB_DFFESR.
Using template SB_DFFSR for cells of type SB_DFFSR.
Using template SB_DFF for cells of type SB_DFF.
Using template SB_DFFE for cells of type SB_DFFE.
Using template SB_DFFESS for cells of type SB_DFFESS.
No more expansions possible.
<suppressed ~1564 debug messages>

10.50.16. Executing Verilog-2005 frontend: PROJECT_ROOT/.tools/oss-cad-suite/libexec/../share/yosys/abc9_model.v
Parsing Verilog input from `PROJECT_ROOT/.tools/oss-cad-suite/libexec/../share/yosys/abc9_model.v' to AST representation.
Generating RTLIL representation for module `$__ABC9_DELAY'.
Generating RTLIL representation for module `$__ABC9_SCC_BREAKER'.
Generating RTLIL representation for module `$__DFF_N__$abc9_flop'.
Generating RTLIL representation for module `$__DFF_P__$abc9_flop'.
Successfully finished Verilog frontend.

10.50.17. Executing ABC9_OPS pass (helper functions for ABC9).
<suppressed ~1452 debug messages>

10.50.18. Executing ABC9_OPS pass (helper functions for ABC9).

10.50.19. Executing ABC9_OPS pass (helper functions for ABC9).
<suppressed ~13 debug messages>

10.50.20. Executing TECHMAP pass (map to technology primitives).

10.50.20.1. Executing Verilog-2005 frontend: PROJECT_ROOT/.tools/oss-cad-suite/libexec/../share/yosys/techmap.v
Parsing Verilog input from `PROJECT_ROOT/.tools/oss-cad-suite/libexec/../share/yosys/techmap.v' to AST representation.
Generating RTLIL representation for module `\_90_simplemap_bool_ops'.
Generating RTLIL representation for module `\_90_simplemap_reduce_ops'.
Generating RTLIL representation for module `\_90_simplemap_logic_ops'.
Generating RTLIL representation for module `\_90_simplemap_compare_ops'.
Generating RTLIL representation for module `\_90_simplemap_various'.
Generating RTLIL representation for module `\_90_simplemap_registers'.
Generating RTLIL representation for module `\_90_shift_ops_shr_shl_sshl_sshr'.
Generating RTLIL representation for module `\_90_shift_shiftx'.
Generating RTLIL representation for module `\_90_fa'.
Generating RTLIL representation for module `\_90_lcu_brent_kung'.
Generating RTLIL representation for module `\_90_alu'.
Generating RTLIL representation for module `\_90_macc'.
Generating RTLIL representation for module `\_90_alumacc'.
Generating RTLIL representation for module `$__div_mod_u'.
Generating RTLIL representation for module `$__div_mod_trunc'.
Generating RTLIL representation for module `\_90_div'.
Generating RTLIL representation for module `\_90_mod'.
Generating RTLIL representation for module `$__div_mod_floor'.
Generating RTLIL representation for module `\_90_divfloor'.
Generating RTLIL representation for module `\_90_modfloor'.
Generating RTLIL representation for module `\_90_pow'.
Generating RTLIL representation for module `\_90_demux'.
Generating RTLIL representation for module `\_90_lut'.
Generating RTLIL representation for module `$connect'.
Generating RTLIL representation for module `$input_port'.
Successfully finished Verilog frontend.

10.50.20.2. Continuing TECHMAP pass.
Using template SB_DFF_$abc9_flop for cells of type SB_DFF_$abc9_flop.
Using template SB_DFFSR_$abc9_flop for cells of type SB_DFFSR_$abc9_flop.
Using template SB_DFFESS_$abc9_flop for cells of type SB_DFFESS_$abc9_flop.
Using template SB_DFFE_$abc9_flop for cells of type SB_DFFE_$abc9_flop.
Using template SB_DFFESR_$abc9_flop for cells of type SB_DFFESR_$abc9_flop.
Using template $paramod$__ICE40_CARRY_WRAPPER\LUT=16'0110100110010110\I3_IS_CI=1'1 for cells of type $paramod$__ICE40_CARRY_WRAPPER\LUT=16'0110100110010110\I3_IS_CI=1'1.
Using template $paramod\SB_LUT4\LUT_INIT=16'0110100110010110 for cells of type SB_LUT4.
Using template SB_CARRY for cells of type SB_CARRY.
Using extmapper simplemap for cells of type $mux.
Using extmapper simplemap for cells of type $logic_and.
Using extmapper simplemap for cells of type $logic_or.
No more expansions possible.
<suppressed ~178 debug messages>

10.50.21. Executing OPT pass (performing simple optimizations).

10.50.21.1. Executing OPT_EXPR pass (perform const folding).
Optimizing module upduino_known.
<suppressed ~9 debug messages>

10.50.21.2. Executing OPT_MERGE pass (detect identical cells).
Finding identical cells in module `\upduino_known'.
Computing hashes of 62 cells of `\upduino_known'.
Finding duplicate cells in `\upduino_known'.
Computing hashes of 45 cells of `\upduino_known'.
Finding duplicate cells in `\upduino_known'.
Computing hashes of 42 cells of `\upduino_known'.
Finding duplicate cells in `\upduino_known'.
Computing hashes of 41 cells of `\upduino_known'.
Finding duplicate cells in `\upduino_known'.
<suppressed ~51 debug messages>
Removed a total of 21 cells.

10.50.21.3. Executing OPT_MUXTREE pass (detect dead branches in mux trees).
Running muxtree optimizer on module \upduino_known..
  Creating internal representation of mux trees.
  No muxes found in this module.
Removed 0 multiplexer ports.

10.50.21.4. Executing OPT_REDUCE pass (consolidate $*mux and $reduce_* inputs).
  Optimizing cells in module \upduino_known.
Performed a total of 0 changes.

10.50.21.5. Executing OPT_MERGE pass (detect identical cells).
Finding identical cells in module `\upduino_known'.
Computing hashes of 41 cells of `\upduino_known'.
Finding duplicate cells in `\upduino_known'.
Removed a total of 0 cells.

10.50.21.6. Executing OPT_DFF pass (perform DFF optimizations).

10.50.21.7. Executing OPT_CLEAN pass (remove unused cells and wires).
Finding unused cells or wires in module \upduino_known..
Removed 0 unused cells and 63 unused wires.
<suppressed ~6 debug messages>

10.50.21.8. Executing OPT_EXPR pass (perform const folding).
Optimizing module upduino_known.

10.50.21.9. Rerunning OPT passes. (Maybe there is more to do..)

10.50.21.10. Executing OPT_MUXTREE pass (detect dead branches in mux trees).
Running muxtree optimizer on module \upduino_known..
  Creating internal representation of mux trees.
  No muxes found in this module.
Removed 0 multiplexer ports.

10.50.21.11. Executing OPT_REDUCE pass (consolidate $*mux and $reduce_* inputs).
  Optimizing cells in module \upduino_known.
Performed a total of 0 changes.

10.50.21.12. Executing OPT_MERGE pass (detect identical cells).
Finding identical cells in module `\upduino_known'.
Computing hashes of 41 cells of `\upduino_known'.
Finding duplicate cells in `\upduino_known'.
Removed a total of 0 cells.

10.50.21.13. Executing OPT_DFF pass (perform DFF optimizations).

10.50.21.14. Executing OPT_CLEAN pass (remove unused cells and wires).
Finding unused cells or wires in module \upduino_known..

10.50.21.15. Executing OPT_EXPR pass (perform const folding).
Optimizing module upduino_known.

10.50.21.16. Finished fast OPT passes. (There is nothing left to do.)

10.50.22. Executing AIGMAP pass (map logic to AIG).
Module upduino_known: replaced 13 cells with 85 new cells, skipped 28 cells.
  replaced 2 cell types:
      11 $_MUX_
       2 $_OR_
  not replaced 5 cell types:
       4 $_AND_
       2 $_NOT_
       8 $specify2
       8 $specify3
       6 $specrule

10.50.23. Executing AIGMAP pass (map logic to AIG).
Module upduino_known: replaced 4849 cells with 27777 new cells, skipped 9483 cells.
  replaced 4 cell types:
    2675 $_MUX_
      64 $_ORNOT_
    1970 $_OR_
     140 $_XOR_
  not replaced 33 cell types:
    2255 $_AND_
    1555 $_DFF_P_
    1011 $_NOT_
       8 $scopeinfo
       1 SB_MAC16
       1 SB_HFOSC
       1 SB_SPRAM256KA
      25 $paramod$__ABC9_DELAY\DELAY=32'00000000000000000000000010000101
     400 $paramod$__ABC9_DELAY\DELAY=32'00000000000000000000000010100001
     275 $paramod$__ABC9_DELAY\DELAY=32'00000000000000000000000011100000
      25 $paramod$__ABC9_DELAY\DELAY=32'00000000000000000000000001100010
      50 $paramod$__ABC9_DELAY\DELAY=32'00000000000000000000000100001011
     275 $paramod$__ABC9_DELAY\DELAY=32'00000000000000000000000011001011
     400 $paramod$__ABC9_DELAY\DELAY=32'00000000000000000000000100010010
       1 $paramod$8510b1bb68f8357ffc5fc85f1de500de96cad2fb\SB_RAM40_4K
       2 $paramod$2ad48be8a1f2bde2b1c5ad2b31c43f368b7e6ed5\SB_RAM40_4K
       1 $paramod$0b9298b25fbd72e8a384b716c4e9818a19941817\SB_RAM40_4K
       1 $paramod$6e01a3b0cdccab6f5ef7ae60e86e4dc7cfef73c8\SB_RAM40_4K
       1 $paramod$4aabaeff307fabfe5a32ce19079898411b691c08\SB_RAM40_4K
       1 $paramod$b3c085a0717438d2e20867d50a2c61dc94fb0f18\SB_RAM40_4K
       1 $paramod$1c5ab41e74301f067e1fcaef4dca2c6aadbe9e80\SB_RAM40_4K
       1 $paramod$458302e63a7c986fa07839cc7ed7b29f837ce729\SB_RAM40_4K
       1 $paramod$9ae5cd48433dab21a6b161f7b278d426d3b5dee7\SB_RAM40_4K
       1 $paramod$962c9c2f7d2229570bf2e2aa0226048a10428d0c\SB_RAM40_4K
       1 $paramod$f6c116af2d34c955170748224223f4584dc241dd\SB_RAM40_4K
      12 $paramod$85a472072107804a1e6bedb8b52fb3de6104e462\SB_RAM40_4K
       1 $paramod$65b9e5893759870fd62e6b87dc6ba151fdc97e95\SB_RAM40_4K
    1621 $paramod$__ICE40_CARRY_WRAPPER\LUT=16'0110100110010110\I3_IS_CI=1'1
     203 SB_DFFSR_$abc9_flop
      40 SB_DFFESS_$abc9_flop
     917 SB_DFFESR_$abc9_flop
     294 SB_DFFE_$abc9_flop
     101 SB_DFF_$abc9_flop

10.50.23.1. Executing ABC9_OPS pass (helper functions for ABC9).

10.50.23.2. Executing ABC9_OPS pass (helper functions for ABC9).

10.50.23.3. Executing XAIGER backend.
<suppressed ~3521 debug messages>
Extracted 12734 AND gates and 40179 wires from module `upduino_known' to a netlist network with 199 inputs and 1518 outputs.

10.50.23.4. Executing ABC9_EXE pass (technology mapping using ABC9).

10.50.23.5. Executing ABC9.
Running ABC command: "<yosys-exe-dir>/yosys-abc" -s -f <abc-temp-dir>/abc.script 2>&1
ABC: ======== ABC command line "source <abc-temp-dir>/abc.script"
ABC: + read_lut <abc-temp-dir>/input.lut
ABC: + read_box <abc-temp-dir>/input.box
ABC: + &read <abc-temp-dir>/input.xaig
ABC: + &ps
ABC: <abc-temp-dir>/input : i/o =    199/   1518  boxff =1555(1)  and =   10849  lev =   37 (1.17)  mem = 0.55 MB  box = 3071  bb = 1450
ABC: Warning: AIG with boxes has internal fanout in 0 complex flops and 949 carries.
ABC: + &scorr
ABC: + &sweep
ABC: + &dc2
ABC: + &dch -f -r
ABC: + &ps
ABC: <abc-temp-dir>/input : i/o =    199/   1518  boxff =1497(1)  and =   11804  lev =   39 (0.96)  mem = 0.55 MB  ch = 1576  box = 3034  bb = 1450
ABC: cst =       0  cls =   1360  lit =    1576  unused =   16679  proof =     0
ABC: Warning: AIG with boxes has internal fanout in 0 complex flops and 890 carries.
ABC: + &if -W 250 -v
ABC: K = 4. Memory (bytes): Truth =    0. Cut =   64. Obj =  144. Set =  672. CutMin = no
ABC: Node =   11804.  Ch =  1360.  Total mem =    5.92 MB. Peak cut mem =    0.15 MB.
ABC: P:  Del = 12339.00.  Ar =    3618.0.  Edge =    12295.  Cut =    66089.  T =     0.01 sec
ABC: P:  Del = 12339.00.  Ar =    3282.0.  Edge =    11824.  Cut =    62677.  T =     0.01 sec
ABC: P:  Del = 12335.00.  Ar =    2880.0.  Edge =     9262.  Cut =    70319.  T =     0.01 sec
ABC: F:  Del = 12335.00.  Ar =    2685.0.  Edge =     8971.  Cut =    70562.  T =     0.01 sec
ABC: A:  Del = 12335.00.  Ar =    2589.0.  Edge =     8597.  Cut =    69857.  T =     0.01 sec
ABC: A:  Del = 12335.00.  Ar =    2580.0.  Edge =     8586.  Cut =    69901.  T =     0.01 sec
ABC: Total time =     0.05 sec
ABC: + &write -n <abc-temp-dir>/output.aig
ABC: + &mfs
ABC: + &ps -l
ABC: <abc-temp-dir>/input : i/o =    199/   1518  boxff =1497(1)  and =    7235  lev =   31 (1.00)  mem = 0.50 MB  box = 3032  bb = 1450
ABC: Mapping (K=4)  :  lut =   2513  edge =    8279  lev =   15 (0.65)  levB =   70  mem = 0.18 MB
ABC: LUT = 2513 : 2=465 18.5 %  3=843 33.5 %  4=1205 48.0 %  Ave = 3.29
ABC: Warning: AIG with boxes has internal fanout in 0 complex flops and 888 carries.
ABC: + &write -n <abc-temp-dir>/output.aig
ABC: + &verify -s
ABC: Networks are equivalent.  Time =    17.61 sec
ABC: + time
ABC: elapse: 20.54 seconds, total: 20.54 seconds

10.50.23.6. Executing AIGER frontend.
<suppressed ~11 debug messages>
Removed 9887 unused cells and 36896 unused wires.

10.50.23.7. Executing ABC_OPS_REINTEGRATE pass (reintegrate ABC mapped design into module).
ABC RESULTS:              $lut cells:     2720
ABC RESULTS:   $paramod$__ICE40_CARRY_WRAPPER\LUT=16'0110100110010110\I3_IS_CI=1'1 cells:     1582
ABC RESULTS:   \SB_DFFSR_$abc9_flop cells:      164
ABC RESULTS:   \SB_DFFESS_$abc9_flop cells:       40
ABC RESULTS:   \SB_DFFESR_$abc9_flop cells:      899
ABC RESULTS:   \SB_DFFE_$abc9_flop cells:      294
ABC RESULTS:   \SB_DFF_$abc9_flop cells:      100
ABC RESULTS:           input signals:       14
ABC RESULTS:          output signals:     1464
<suppressed ~3531 debug messages>
Removing temp directory.

10.50.24. Executing TECHMAP pass (map to technology primitives).

10.50.24.1. Executing Verilog-2005 frontend: PROJECT_ROOT/.tools/oss-cad-suite/libexec/../share/yosys/abc9_unmap.v
Parsing Verilog input from `PROJECT_ROOT/.tools/oss-cad-suite/libexec/../share/yosys/abc9_unmap.v' to AST representation.
Generating RTLIL representation for module `$__DFF_x__$abc9_flop'.
Generating RTLIL representation for module `$__ABC9_SCC_BREAKER'.
Successfully finished Verilog frontend.

10.50.24.2. Continuing TECHMAP pass.
Using template SB_DFFESR_$abc9_flop for cells of type SB_DFFESR_$abc9_flop.
Using template $paramod$__ICE40_CARRY_WRAPPER\LUT=16'0110100110010110\I3_IS_CI=1'1 for cells of type $paramod$__ICE40_CARRY_WRAPPER\LUT=16'0110100110010110\I3_IS_CI=1'1.
Using template SB_DFFSR_$abc9_flop for cells of type SB_DFFSR_$abc9_flop.
Using template SB_DFF_$abc9_flop for cells of type SB_DFF_$abc9_flop.
Using template SB_DFFE_$abc9_flop for cells of type SB_DFFE_$abc9_flop.
Using template SB_DFFESS_$abc9_flop for cells of type SB_DFFESS_$abc9_flop.
Using template $paramod$1c5ab41e74301f067e1fcaef4dca2c6aadbe9e80\SB_RAM40_4K for cells of type $paramod$1c5ab41e74301f067e1fcaef4dca2c6aadbe9e80\SB_RAM40_4K.
Using template $paramod$b3c085a0717438d2e20867d50a2c61dc94fb0f18\SB_RAM40_4K for cells of type $paramod$b3c085a0717438d2e20867d50a2c61dc94fb0f18\SB_RAM40_4K.
Using template $paramod$4aabaeff307fabfe5a32ce19079898411b691c08\SB_RAM40_4K for cells of type $paramod$4aabaeff307fabfe5a32ce19079898411b691c08\SB_RAM40_4K.
Using template $paramod$85a472072107804a1e6bedb8b52fb3de6104e462\SB_RAM40_4K for cells of type $paramod$85a472072107804a1e6bedb8b52fb3de6104e462\SB_RAM40_4K.
Using template $paramod$458302e63a7c986fa07839cc7ed7b29f837ce729\SB_RAM40_4K for cells of type $paramod$458302e63a7c986fa07839cc7ed7b29f837ce729\SB_RAM40_4K.
Using template $paramod$65b9e5893759870fd62e6b87dc6ba151fdc97e95\SB_RAM40_4K for cells of type $paramod$65b9e5893759870fd62e6b87dc6ba151fdc97e95\SB_RAM40_4K.
Using template $paramod$2ad48be8a1f2bde2b1c5ad2b31c43f368b7e6ed5\SB_RAM40_4K for cells of type $paramod$2ad48be8a1f2bde2b1c5ad2b31c43f368b7e6ed5\SB_RAM40_4K.
Using template $paramod$0b9298b25fbd72e8a384b716c4e9818a19941817\SB_RAM40_4K for cells of type $paramod$0b9298b25fbd72e8a384b716c4e9818a19941817\SB_RAM40_4K.
Using template $paramod$6e01a3b0cdccab6f5ef7ae60e86e4dc7cfef73c8\SB_RAM40_4K for cells of type $paramod$6e01a3b0cdccab6f5ef7ae60e86e4dc7cfef73c8\SB_RAM40_4K.
Using template $paramod$9ae5cd48433dab21a6b161f7b278d426d3b5dee7\SB_RAM40_4K for cells of type $paramod$9ae5cd48433dab21a6b161f7b278d426d3b5dee7\SB_RAM40_4K.
Using template $paramod$962c9c2f7d2229570bf2e2aa0226048a10428d0c\SB_RAM40_4K for cells of type $paramod$962c9c2f7d2229570bf2e2aa0226048a10428d0c\SB_RAM40_4K.
Using template $paramod$f6c116af2d34c955170748224223f4584dc241dd\SB_RAM40_4K for cells of type $paramod$f6c116af2d34c955170748224223f4584dc241dd\SB_RAM40_4K.
Using template $paramod$8510b1bb68f8357ffc5fc85f1de500de96cad2fb\SB_RAM40_4K for cells of type $paramod$8510b1bb68f8357ffc5fc85f1de500de96cad2fb\SB_RAM40_4K.
No more expansions possible.
<suppressed ~3128 debug messages>

10.51. Executing ICE40_WRAPCARRY pass (wrap carries).

10.52. Executing TECHMAP pass (map to technology primitives).

10.52.1. Executing Verilog-2005 frontend: PROJECT_ROOT/.tools/oss-cad-suite/libexec/../share/yosys/ice40/ff_map.v
Parsing Verilog input from `PROJECT_ROOT/.tools/oss-cad-suite/libexec/../share/yosys/ice40/ff_map.v' to AST representation.
Generating RTLIL representation for module `$_DFF_N_'.
Generating RTLIL representation for module `$_DFF_P_'.
Generating RTLIL representation for module `$_DFFE_NP_'.
Generating RTLIL representation for module `$_DFFE_PP_'.
Generating RTLIL representation for module `$_DFF_NP0_'.
Generating RTLIL representation for module `$_DFF_NP1_'.
Generating RTLIL representation for module `$_DFF_PP0_'.
Generating RTLIL representation for module `$_DFF_PP1_'.
Generating RTLIL representation for module `$_DFFE_NP0P_'.
Generating RTLIL representation for module `$_DFFE_NP1P_'.
Generating RTLIL representation for module `$_DFFE_PP0P_'.
Generating RTLIL representation for module `$_DFFE_PP1P_'.
Generating RTLIL representation for module `$_SDFF_NP0_'.
Generating RTLIL representation for module `$_SDFF_NP1_'.
Generating RTLIL representation for module `$_SDFF_PP0_'.
Generating RTLIL representation for module `$_SDFF_PP1_'.
Generating RTLIL representation for module `$_SDFFCE_NP0P_'.
Generating RTLIL representation for module `$_SDFFCE_NP1P_'.
Generating RTLIL representation for module `$_SDFFCE_PP0P_'.
Generating RTLIL representation for module `$_SDFFCE_PP1P_'.
Successfully finished Verilog frontend.

10.52.2. Continuing TECHMAP pass.
No more expansions possible.
<suppressed ~22 debug messages>
Removed 1015 unused cells and 66357 unused wires.

10.53. Executing OPT_LUT pass (optimize LUTs).
Discovering LUTs.
Number of LUTs:     3847
  1-LUT              211
  2-LUT              514
  3-LUT             1917
  4-LUT             1205
  with \SB_CARRY    (#0) 1066
  with \SB_CARRY    (#1) 1114

Eliminating LUTs.
Number of LUTs:     3847
  1-LUT              211
  2-LUT              514
  3-LUT             1917
  4-LUT             1205
  with \SB_CARRY    (#0) 1066
  with \SB_CARRY    (#1) 1114

Combining LUTs.
Number of LUTs:     3700
  1-LUT              205
  2-LUT              374
  3-LUT             1788
  4-LUT             1333
  with \SB_CARRY    (#0) 1066
  with \SB_CARRY    (#1) 1114

Eliminated 0 LUTs.
Combined 147 LUTs.
<suppressed ~25083 debug messages>

10.54. Executing TECHMAP pass (map to technology primitives).

10.54.1. Executing Verilog-2005 frontend: PROJECT_ROOT/.tools/oss-cad-suite/libexec/../share/yosys/ice40/cells_map.v
Parsing Verilog input from `PROJECT_ROOT/.tools/oss-cad-suite/libexec/../share/yosys/ice40/cells_map.v' to AST representation.
Generating RTLIL representation for module `$lut'.
Successfully finished Verilog frontend.

10.54.2. Continuing TECHMAP pass.
Using template $paramod$fd904e9e35cfd343a9df248824bd3f1408724879$lut for cells of type $lut.
Using template $paramod$lut\WIDTH=32'00000000000000000000000000000011\LUT=8'00010000 for cells of type $lut.
Using template $paramod$lut\WIDTH=32'00000000000000000000000000000010\LUT=4'0100 for cells of type $lut.
Using template $paramod$lut\WIDTH=32'00000000000000000000000000000010\LUT=4'0111 for cells of type $lut.
Using template $paramod$a59507d273cd827eb6c46c37820d50a1b717efdf$lut for cells of type $lut.
Using template $paramod$lut\WIDTH=32'00000000000000000000000000000011\LUT=8'01000111 for cells of type $lut.
Using template $paramod$lut\WIDTH=32'00000000000000000000000000000011\LUT=8'00100111 for cells of type $lut.
Using template $paramod$lut\WIDTH=32'00000000000000000000000000000011\LUT=8'00011011 for cells of type $lut.
Using template $paramod$lut\WIDTH=32'00000000000000000000000000000001\LUT=2'01 for cells of type $lut.
Using template $paramod$lut\WIDTH=32'00000000000000000000000000000011\LUT=8'10111000 for cells of type $lut.
Using template $paramod$498daa9936ffa1c0b12d774cacc95a35d14b818e$lut for cells of type $lut.
Using template $paramod$7d35f3eb4056e6484203c99fe42cfcf1dfaba704$lut for cells of type $lut.
Using template $paramod$lut\WIDTH=32'00000000000000000000000000000011\LUT=8'10010000 for cells of type $lut.
Using template $paramod$fca001e3e0b52158a872e76e56c01ec10dfbb1de$lut for cells of type $lut.
Using template $paramod$df196ed0a1da5c4a58c5e08a1dac304fd3fccaab$lut for cells of type $lut.
Using template $paramod$658b9ed803f0d3d335616d3858b53e0a2522f1e8$lut for cells of type $lut.
Using template $paramod$272652f6c6fbe9a75eff76e45cc7e2788835518b$lut for cells of type $lut.
Using template $paramod$234fd643079033ba0cbc98ff572df9b7b7a0dc86$lut for cells of type $lut.
Using template $paramod$8d7a8d6e3356de09670738ba85f2c6b874f6b06d$lut for cells of type $lut.
Using template $paramod$52953750219effadf43093a566baf492fdd6b6c8$lut for cells of type $lut.
Using template $paramod$571404c0889eaf57f492cb5e37f8acb5df5852f9$lut for cells of type $lut.
Using template $paramod$lut\WIDTH=32'00000000000000000000000000000011\LUT=8'00001001 for cells of type $lut.
Using template $paramod$9d707d218adbd63b6f9a0c79d7ee037306fb6296$lut for cells of type $lut.
Using template $paramod$lut\WIDTH=32'00000000000000000000000000000010\LUT=4'0010 for cells of type $lut.
Using template $paramod$8f6dfa794b1d3f9618c82a2cc39314f90c176df1$lut for cells of type $lut.
Using template $paramod$0de052767abdccc3aefc818722bdc3c7850d25d6$lut for cells of type $lut.
Using template $paramod$db08fd84fb3c4d6a41eaec6adfffe445fb7eb17f$lut for cells of type $lut.
Using template $paramod$lut\WIDTH=32'00000000000000000000000000000011\LUT=8'11011000 for cells of type $lut.
Using template $paramod$f7cbd8f5974233f70d25c33ef6a692898e4f6377$lut for cells of type $lut.
Using template $paramod$lut\WIDTH=32'00000000000000000000000000000011\LUT=8'00110010 for cells of type $lut.
Using template $paramod$lut\WIDTH=32'00000000000000000000000000000010\LUT=4'1000 for cells of type $lut.
Using template $paramod$05b20214a77ef5a7f64b158ee3f034196a7737b3$lut for cells of type $lut.
Using template $paramod$0ee0167fb5dd83bdfe7197fff23e2c7146c57037$lut for cells of type $lut.
Using template $paramod$lut\WIDTH=32'00000000000000000000000000000011\LUT=8'10010110 for cells of type $lut.
Using template $paramod$712505941a295086314c22735153725461a87f4a$lut for cells of type $lut.
Using template $paramod$lut\WIDTH=32'00000000000000000000000000000011\LUT=8'11101000 for cells of type $lut.
Using template $paramod$10a806adf7217260ab221bd7e7639919f916c655$lut for cells of type $lut.
Using template $paramod$09e47bac4a372b3f1872607fbb89d1f53789de83$lut for cells of type $lut.
Using template $paramod$8dd40deea49581a838ff870c116d34036dccb2e5$lut for cells of type $lut.
Using template $paramod$lut\WIDTH=32'00000000000000000000000000000010\LUT=4'0001 for cells of type $lut.
Using template $paramod$lut\WIDTH=32'00000000000000000000000000000011\LUT=8'00000001 for cells of type $lut.
Using template $paramod$50553883f7129e2c40d43536f60abe333980734a$lut for cells of type $lut.
Using template $paramod$9850450c7f2ce6ec6d61697515f47872a7c4eee5$lut for cells of type $lut.
Using template $paramod$6cdcdffb7f2536598ad1b78cf02ad7d5776e11e4$lut for cells of type $lut.
Using template $paramod$917e2de5dfafd3d1729245d79cfae6d413a0e20d$lut for cells of type $lut.
Using template $paramod$6e238df02989b317f10820a22773676e71120644$lut for cells of type $lut.
Using template $paramod$6d6beead1425af15cf78b27fd9b11b41b5d4bce8$lut for cells of type $lut.
Using template $paramod$lut\WIDTH=32'00000000000000000000000000000011\LUT=8'00000010 for cells of type $lut.
Using template $paramod$lut\WIDTH=32'00000000000000000000000000000011\LUT=8'11111110 for cells of type $lut.
Using template $paramod$lut\WIDTH=32'00000000000000000000000000000011\LUT=8'00000100 for cells of type $lut.
Using template $paramod$65d5928f10d93820ad360cabb53aaf31b165496d$lut for cells of type $lut.
Using template $paramod$lut\WIDTH=32'00000000000000000000000000000011\LUT=8'11001010 for cells of type $lut.
Using template $paramod$lut\WIDTH=32'00000000000000000000000000000010\LUT=4'1110 for cells of type $lut.
Using template $paramod$6e87a29d18a99caa1dd7167449fef31e04ce86bc$lut for cells of type $lut.
Using template $paramod$lut\WIDTH=32'00000000000000000000000000000011\LUT=8'10001010 for cells of type $lut.
Using template $paramod$lut\WIDTH=32'00000000000000000000000000000011\LUT=8'01000000 for cells of type $lut.
Using template $paramod$97e449d15b607612c49291044eca4e2c8b59088e$lut for cells of type $lut.
Using template $paramod$d7856980c8e3df62f97c26ab34037f33a9e831b5$lut for cells of type $lut.
Using template $paramod$lut\WIDTH=32'00000000000000000000000000000011\LUT=8'10000000 for cells of type $lut.
Using template $paramod$edc3c77d6d0cfa370b4c94131cecc413b4b0ef1c$lut for cells of type $lut.
Using template $paramod$lut\WIDTH=32'00000000000000000000000000000010\LUT=4'1001 for cells of type $lut.
Using template $paramod$lut\WIDTH=32'00000000000000000000000000000011\LUT=8'00101000 for cells of type $lut.
Using template $paramod$ce721cce0b8e23f017706e5c13c23e5fd8cd56d8$lut for cells of type $lut.
Using template $paramod$lut\WIDTH=32'00000000000000000000000000000011\LUT=8'01010011 for cells of type $lut.
Using template $paramod$lut\WIDTH=32'00000000000000000000000000000011\LUT=8'10101100 for cells of type $lut.
Using template $paramod$30305e55a780880b9c824fe3509a4d981acb0f2b$lut for cells of type $lut.
Using template $paramod$61c4cbf8581170b67138b98e32863cf2de767f72$lut for cells of type $lut.
Using template $paramod$lut\WIDTH=32'00000000000000000000000000000010\LUT=4'0110 for cells of type $lut.
Using template $paramod$58c6a068a8cfa75a9c8f86c553497ecb1bcc7253$lut for cells of type $lut.
Using template $paramod$7836f7ccc96a0a2083e9883e06c087e1a0063641$lut for cells of type $lut.
Using template $paramod$lut\WIDTH=32'00000000000000000000000000000011\LUT=8'10110000 for cells of type $lut.
Using template $paramod$2c5817780d9444592c099c51d073c53934aa8456$lut for cells of type $lut.
Using template $paramod$lut\WIDTH=32'00000000000000000000000000000011\LUT=8'11111101 for cells of type $lut.
Using template $paramod$debd9b669717840687fe3e52f7822c4b59921848$lut for cells of type $lut.
Using template $paramod$4282def8dbd6df3d1248ad282c629bee684502c2$lut for cells of type $lut.
Using template $paramod$66caeb00a39d236782a97659e3bd99621b74681b$lut for cells of type $lut.
Using template $paramod$ff7561cfb7d3ae7112e6974b98c96c3d891737ce$lut for cells of type $lut.
Using template $paramod$lut\WIDTH=32'00000000000000000000000000000011\LUT=8'00101010 for cells of type $lut.
Using template $paramod$e96de5e9fcce737e52eacf39c70c8f533dc27d63$lut for cells of type $lut.
Using template $paramod$lut\WIDTH=32'00000000000000000000000000000011\LUT=8'10110011 for cells of type $lut.
Using template $paramod$lut\WIDTH=32'00000000000000000000000000000010\LUT=4'1011 for cells of type $lut.
Using template $paramod$556f1f8248d46fa51b5b76abd5030284b37d6d0e$lut for cells of type $lut.
Using template $paramod$a63014c5e66a56dc5e61848489c809a59ebe7c34$lut for cells of type $lut.
Using template $paramod$lut\WIDTH=32'00000000000000000000000000000011\LUT=8'11101010 for cells of type $lut.
Using template $paramod$lut\WIDTH=32'00000000000000000000000000000011\LUT=8'10101110 for cells of type $lut.
Using template $paramod$lut\WIDTH=32'00000000000000000000000000000011\LUT=8'11101111 for cells of type $lut.
Using template $paramod$5f496f7a17b34803c6c54860f8e4d6216cf793ef$lut for cells of type $lut.
Using template $paramod$9cf83e29ae1c8f8c5630302af14d44e670567a7f$lut for cells of type $lut.
Using template $paramod$lut\WIDTH=32'00000000000000000000000000000010\LUT=4'1101 for cells of type $lut.
Using template $paramod$cf027e66652c88fcc3ee0d11bed7616b3baf5c1d$lut for cells of type $lut.
Using template $paramod$dcba541ad53a9873d71bfba6c13dc2a8e2a60a79$lut for cells of type $lut.
Using template $paramod$3462e54ca2376756c33702763e1da4d242b0940d$lut for cells of type $lut.
Using template $paramod$c1a19a87ccbbb03d43a72335db63f692ddf82cc1$lut for cells of type $lut.
Using template $paramod$lut\WIDTH=32'00000000000000000000000000000011\LUT=8'11001000 for cells of type $lut.
Using template $paramod$f907cce013dd0aa5283ac92649dd37951ba7ce61$lut for cells of type $lut.
Using template $paramod$lut\WIDTH=32'00000000000000000000000000000011\LUT=8'10000010 for cells of type $lut.
Using template $paramod$01a094e3a22c5b0eaa66f01f6adf434b3ba350ff$lut for cells of type $lut.
Using template $paramod$d6ca727e39f31d51d29072e0f33aa09c65e37336$lut for cells of type $lut.
Using template $paramod$364c9ffbffac467d60dfec81bba4e18476c15602$lut for cells of type $lut.
Using template $paramod$9e354de8d358bf081aa0c089488ea3bc5b7c2fd9$lut for cells of type $lut.
Using template $paramod$cd6c4b4da6d8737b72fd2dc8f5d83d8967445809$lut for cells of type $lut.
Using template $paramod$lut\WIDTH=32'00000000000000000000000000000011\LUT=8'10101000 for cells of type $lut.
Using template $paramod$a5516fc31d1e552de2435200bb732b4d4ad63a9c$lut for cells of type $lut.
Using template $paramod$lut\WIDTH=32'00000000000000000000000000000011\LUT=8'00100000 for cells of type $lut.
Using template $paramod$47a8214374025465e226fa66bee690ff33268a25$lut for cells of type $lut.
Using template $paramod$6e4a86e6f1a5dc8f826898a131e83cdba4a4fc9e$lut for cells of type $lut.
Using template $paramod$6e46ec5a196ba1a24b8e69ab094cadc07c13ac1f$lut for cells of type $lut.
Using template $paramod$lut\WIDTH=32'00000000000000000000000000000011\LUT=8'01001100 for cells of type $lut.
Using template $paramod$f9df0bb8fc3cbb332d575e165ec04d3cfd4c90ca$lut for cells of type $lut.
Using template $paramod$70dcc34b3190ff5541006bab0f38ffad9d439d5a$lut for cells of type $lut.
Using template $paramod$lut\WIDTH=32'00000000000000000000000000000011\LUT=8'00010101 for cells of type $lut.
Using template $paramod$4853050665c020c8d21fb1a749196950a09d9df8$lut for cells of type $lut.
Using template $paramod$097592bb16245531f0716c5ddb18d7090f9c7d9d$lut for cells of type $lut.
Using template $paramod$be48d952fcad8a16b8d84daa4c48a3065f343e5e$lut for cells of type $lut.
Using template $paramod$lut\WIDTH=32'00000000000000000000000000000011\LUT=8'01110000 for cells of type $lut.
Using template $paramod$3e63470ea7a06b3eefdfb990254dd83d20fa13a7$lut for cells of type $lut.
Using template $paramod$baa939b0bd5b3e0c8760492528669bd58f640542$lut for cells of type $lut.
Using template $paramod$179512a187da069f3b79ef6612a41e494e7d54b6$lut for cells of type $lut.
Using template $paramod$lut\WIDTH=32'00000000000000000000000000000011\LUT=8'01111111 for cells of type $lut.
Using template $paramod$1843b3c15f2447d117e2d5de9b00f791ef5f9fa3$lut for cells of type $lut.
Using template $paramod$d35161d1d7976dcc02e7c7d51172431be85143b4$lut for cells of type $lut.
Using template $paramod$lut\WIDTH=32'00000000000000000000000000000011\LUT=8'01011101 for cells of type $lut.
Using template $paramod$lut\WIDTH=32'00000000000000000000000000000011\LUT=8'10001111 for cells of type $lut.
Using template $paramod$782961deb8dc512aef835b73aa3765da3ab3c15c$lut for cells of type $lut.
Using template $paramod$c28a8b7ce0535d090c4cfb52e9c74affd52b110c$lut for cells of type $lut.
Using template $paramod$f3e1547c4b47e64c590e75cf09078b2507c8cc75$lut for cells of type $lut.
Using template $paramod$5e9374f44a27c3f8a1c38af244ec43ceb4fb8d4f$lut for cells of type $lut.
Using template $paramod$873c285bdccf0ac2b60d2304ea5cd14bf211d2a6$lut for cells of type $lut.
Using template $paramod$cad45b6c9da81941161a13849773fe2ed4bc1c6f$lut for cells of type $lut.
Using template $paramod$fbed19fb84ee7c8a884778d28a96daea96245184$lut for cells of type $lut.
Using template $paramod$8e44661def013b6bf9fe6f8b049ef2c838d749f9$lut for cells of type $lut.
Using template $paramod$20235ca863361fbc253329cfc7eeea38c77404dc$lut for cells of type $lut.
Using template $paramod$42e71e31e297b50055ec7db4ab476d45bc6e8eae$lut for cells of type $lut.
Using template $paramod$23b135911b7c14b5b19b5329e5903bcf58b44188$lut for cells of type $lut.
Using template $paramod$lut\WIDTH=32'00000000000000000000000000000011\LUT=8'01010100 for cells of type $lut.
Using template $paramod$eaea85d27cc0950ed001348e061727a194f5cf9c$lut for cells of type $lut.
Using template $paramod$29fb0dcbea7e19908c494ce4a8a756b15e2a78b6$lut for cells of type $lut.
Using template $paramod$94ac66a11090dca84889e55fcf03297912a5b7ec$lut for cells of type $lut.
Using template $paramod$28ba90bb95963b63750b27cda749dbcd75757c3a$lut for cells of type $lut.
Using template $paramod$lut\WIDTH=32'00000000000000000000000000000011\LUT=8'01100101 for cells of type $lut.
Using template $paramod$821c2723d6171961a34ac5358ff9ec58dbfb33a8$lut for cells of type $lut.
Using template $paramod$a50be0e6fa3a01511bb234559cb74fb8bd3e2061$lut for cells of type $lut.
Using template $paramod$f969aefcb5fdd29444244ce17e4806b1ebc6f568$lut for cells of type $lut.
Using template $paramod$0acc8d601702e9b60288baa3d5cf1d38d4f22457$lut for cells of type $lut.
Using template $paramod$c5d59de8f217863cd6151e007536282f8bfe41d6$lut for cells of type $lut.
Using template $paramod$dd3fb0b6061f2daaaedd5e300347a303c89566f9$lut for cells of type $lut.
Using template $paramod$lut\WIDTH=32'00000000000000000000000000000011\LUT=8'11100100 for cells of type $lut.
Using template $paramod$6f3f060a82077d7722793a80a7f81ffcda8e7f4d$lut for cells of type $lut.
Using template $paramod$lut\WIDTH=32'00000000000000000000000000000011\LUT=8'00001110 for cells of type $lut.
Using template $paramod$lut\WIDTH=32'00000000000000000000000000000011\LUT=8'01000101 for cells of type $lut.
Using template $paramod$a3d3e2d5ba2227b98b8dd312e04ae7b0dc044591$lut for cells of type $lut.
Using template $paramod$lut\WIDTH=32'00000000000000000000000000000011\LUT=8'00001101 for cells of type $lut.
Using template $paramod$e00d03686849cf5e50e9f0c13f0f78958ff5e7ae$lut for cells of type $lut.
Using template $paramod$lut\WIDTH=32'00000000000000000000000000000011\LUT=8'10101001 for cells of type $lut.
Using template $paramod$cde361a621e929168e2e29211efd6e41391c35c1$lut for cells of type $lut.
Using template $paramod$b431bfd938e35871dd0b7668e1503c7e8b9d491c$lut for cells of type $lut.
Using template $paramod$faeedcc045c5fd2fbd2cb0c24e50ae83fb289140$lut for cells of type $lut.
Using template $paramod$5a490b0e00aeb3aa961ff44c01138435d4948c4d$lut for cells of type $lut.
Using template $paramod$b83a741bc8c97ed8f652e3e9bfabc38e9f5bd5f9$lut for cells of type $lut.
Using template $paramod$9506ecf18c91672f3dae4008b6ad1f2863e8019f$lut for cells of type $lut.
Using template $paramod$7e8d331d1e06632d29fbdf6c3afc2de1856d3c67$lut for cells of type $lut.
Using template $paramod$30ac34c8aec0b2873f94068ec3ef892754420503$lut for cells of type $lut.
Using template $paramod$4cb6ffbf5a338a8a9e8c5ebb3e1abd9c29759518$lut for cells of type $lut.
Using template $paramod$e5bf0d84da9b26dd4caa7cb2fdb1051d329babbf$lut for cells of type $lut.
Using template $paramod$lut\WIDTH=32'00000000000000000000000000000011\LUT=8'00001011 for cells of type $lut.
Using template $paramod$lut\WIDTH=32'00000000000000000000000000000011\LUT=8'01010001 for cells of type $lut.
Using template $paramod$lut\WIDTH=32'00000000000000000000000000000011\LUT=8'01100000 for cells of type $lut.
Using template $paramod$52d96bfa17866bab828b9f1286c638d27fce0ef0$lut for cells of type $lut.
Using template $paramod$85b779ce5ab505dbf25e5e046fb43ca2b76b878b$lut for cells of type $lut.
Using template $paramod$bbb10333e84a7e80f65e1494ebbfbf3f28568fcd$lut for cells of type $lut.
Using template $paramod$6b0849254d6c87461fb93e37cc18f089f61eb912$lut for cells of type $lut.
Using template $paramod$101238f3d8d49ab12a9b49a2f01cd503b26e9c61$lut for cells of type $lut.
Using template $paramod$9a20e5eb914da7530de8ea5af782be66b9acb237$lut for cells of type $lut.
Using template $paramod$8f303bc32ecb1b5f2f8235cccaffc8ff1c6bed57$lut for cells of type $lut.
Using template $paramod$f8f63b209b7230e81958663ff24fef1613156af7$lut for cells of type $lut.
Using template $paramod$57d6472dc2a1a4a68f6b5acc06b5051af4160722$lut for cells of type $lut.
Using template $paramod$865395c0228487a64a8e4011cecafc2c64b79f2b$lut for cells of type $lut.
Using template $paramod$59f2a3e232df3029c8bc36978b9bbe72a71dfb5a$lut for cells of type $lut.
Using template $paramod$bba54c1ef87367812b4c15f4aed5ac70773df775$lut for cells of type $lut.
Using template $paramod$1c4dba04c7b1b6f9ae2fbd2ebcdbd37f5c14a3e3$lut for cells of type $lut.
Using template $paramod$96d41569a2df0f9b83ca26c7ade6d41d7a30a474$lut for cells of type $lut.
Using template $paramod$219b71aec9a19e7a27754ed85a7d6cdad9e5ec96$lut for cells of type $lut.
Using template $paramod$1632c1c0242796acfc963a05742c4acd2f475c4e$lut for cells of type $lut.
Using template $paramod$a6ef2a845efd4ff0d96bc4fd2f06cc3516fa63ff$lut for cells of type $lut.
Using template $paramod$dbdbcb07b9994e498bb1324e5c006c6aa08a7a37$lut for cells of type $lut.
Using template $paramod$0331e023d83b8009e60defb446ce9fa640b122c7$lut for cells of type $lut.
Using template $paramod$de0cfbf042671e74ccda8afd309cd5db894ca1a6$lut for cells of type $lut.
Using template $paramod$df9855fa7e798ac48f8ba40c6b704dfcd2d4bfb3$lut for cells of type $lut.
Using template $paramod$lut\WIDTH=32'00000000000000000000000000000011\LUT=8'11101101 for cells of type $lut.
Using template $paramod$a4399ab9ab2086a4dd8377a70187771efe5d8c8a$lut for cells of type $lut.
Using template $paramod$c6a0421f5b5114b68e9782f0585d571421cf8f01$lut for cells of type $lut.
Using template $paramod$ad20004ca4cc55e015f230a7d22fd8b3bc00587e$lut for cells of type $lut.
Using template $paramod$82ed25b11a6a11eb861f4dd3d46f5fc9aa1eebaf$lut for cells of type $lut.
Using template $paramod$90211918a84e1cef3407e0f8e61fa8260d248e82$lut for cells of type $lut.
Using template $paramod$3258fabf91107b4a007ae89b2246a16c31e8ae28$lut for cells of type $lut.
Using template $paramod$4133fe00eb18442862a284ccc67a95f8194d041c$lut for cells of type $lut.
Using template $paramod$lut\WIDTH=32'00000000000000000000000000000011\LUT=8'00010011 for cells of type $lut.
Using template $paramod$044e8b1893c94f717651c5cd428e71c892566f52$lut for cells of type $lut.
Using template $paramod$f85f1073c412d406200a6a72283f918c8b751314$lut for cells of type $lut.
Using template $paramod$ba7f31f246a278c41fa0648a6e0512f63185dec0$lut for cells of type $lut.
Using template $paramod$12879138d1e376f344e47ea40be66b776233be75$lut for cells of type $lut.
Using template $paramod$b4410865e8124402796f9dfbf73ef8d279fdbd08$lut for cells of type $lut.
Using template $paramod$81d8a60fd95b1a9f9ef71c12a774ae6988cb9fd5$lut for cells of type $lut.
Using template $paramod$ff57586860d858df073cc347616179272abafe7c$lut for cells of type $lut.
Using template $paramod$859bbf20189511d5622298a363e8f136876f0d6c$lut for cells of type $lut.
Using template $paramod$11ec7271d8e6e5aeaace08c13e4c601f10e31038$lut for cells of type $lut.
Using template $paramod$8829675bb8c52553aed9f101ec0d5ef0c865e5c7$lut for cells of type $lut.
Using template $paramod$4cab3b31c601551ff65536bf4f533afa0b2094ee$lut for cells of type $lut.
Using template $paramod$b287726797d0722f64e731f1134f7c05af8f1578$lut for cells of type $lut.
Using template $paramod$d646cd5cb36fb1f9dd2b06f584b3b88b2dec1d24$lut for cells of type $lut.
Using template $paramod$a50bbaf70b48eb6d78317eddf4f7e11e8988acec$lut for cells of type $lut.
Using template $paramod$b009a26b33c3ca109c016cf968a774c0d66687bb$lut for cells of type $lut.
Using template $paramod$b9501e510ca582aa11a211428c1c6c7ada7f03ae$lut for cells of type $lut.
Using template $paramod$acf49cb7bd2805dee4b4ebb218aa5924b1be7704$lut for cells of type $lut.
Using template $paramod$lut\WIDTH=32'00000000000000000000000000000011\LUT=8'00001000 for cells of type $lut.
Using template $paramod$lut\WIDTH=32'00000000000000000000000000000011\LUT=8'00000111 for cells of type $lut.
Using template $paramod$45a233d4e3290297343eb1bed005ecfcde25fa37$lut for cells of type $lut.
Using template $paramod$d3afbb90878580c83bdadaa1b3571bf27380c44c$lut for cells of type $lut.
Using template $paramod$lut\WIDTH=32'00000000000000000000000000000011\LUT=8'11011110 for cells of type $lut.
Using template $paramod$lut\WIDTH=32'00000000000000000000000000000011\LUT=8'01101001 for cells of type $lut.
Using template $paramod$lut\WIDTH=32'00000000000000000000000000000011\LUT=8'10111110 for cells of type $lut.
Using template $paramod$9ce83c401f07863ef6c07aa36141bf86d010bac8$lut for cells of type $lut.
Using template $paramod$lut\WIDTH=32'00000000000000000000000000000011\LUT=8'11101011 for cells of type $lut.
Using template $paramod$lut\WIDTH=32'00000000000000000000000000000011\LUT=8'11010101 for cells of type $lut.
Using template $paramod$121f66828c71d3c18a58c99e9f44b94525cfca81$lut for cells of type $lut.
Using template $paramod$de5328836923c44c99600bcab852423201246f91$lut for cells of type $lut.
Using template $paramod$lut\WIDTH=32'00000000000000000000000000000011\LUT=8'11010001 for cells of type $lut.
Using template $paramod$lut\WIDTH=32'00000000000000000000000000000011\LUT=8'11000100 for cells of type $lut.
Using template $paramod$a7c36edc05c8db41cbf46577da74e02a7f2a516f$lut for cells of type $lut.
Using template $paramod$638472eb8b6b7c6c77c8d3dc9b1c1f08c91e793b$lut for cells of type $lut.
Using template $paramod$lut\WIDTH=32'00000000000000000000000000000011\LUT=8'00111011 for cells of type $lut.
Using template $paramod$a453c648339339cf8085b4c74072c3d56ec2bae9$lut for cells of type $lut.
Using template $paramod$lut\WIDTH=32'00000000000000000000000000000011\LUT=8'00110111 for cells of type $lut.
Using template $paramod$lut\WIDTH=32'00000000000000000000000000000011\LUT=8'01010111 for cells of type $lut.
Using template $paramod$95454eff2b0bb0c7425b41d029b34bbd8fbe521a$lut for cells of type $lut.
Using template $paramod$9fc14cb0ba5120a1da0c687a9fb19472f206fdfe$lut for cells of type $lut.
Using template $paramod$lut\WIDTH=32'00000000000000000000000000000011\LUT=8'11111011 for cells of type $lut.
Using template $paramod$lut\WIDTH=32'00000000000000000000000000000011\LUT=8'01001111 for cells of type $lut.
Using template $paramod$fb5496753f4cd235e71c284b2ffee9d41a960ca2$lut for cells of type $lut.
Using template $paramod$2337b9c834e8f6fd44e6a0a6e8c62681926d2141$lut for cells of type $lut.
Using template $paramod$fda6887b37f599177ed9cb69271d882b63df7e66$lut for cells of type $lut.
Using template $paramod$lut\WIDTH=32'00000000000000000000000000000011\LUT=8'10001011 for cells of type $lut.
Using template $paramod$58df2c605746858c7e53492c8f57d6f1fafa12d2$lut for cells of type $lut.
Using template $paramod$e134ec2a47a2462a591072e65d34fb15b81c90e0$lut for cells of type $lut.
Using template $paramod$27dd7ea71d2126c74d85758e5a06b7f432d9242f$lut for cells of type $lut.
Using template $paramod$a76afe794e55ba422468b9db09d48da3f250b812$lut for cells of type $lut.
Using template $paramod$eeea089431e54644147af2c573dc3d2eca0e3b09$lut for cells of type $lut.
Using template $paramod$e57bcb018bfe8170bc04f13a73befe2def28cdf3$lut for cells of type $lut.
Using template $paramod$bb4fff1cc3b827238aa40993cafede1c5beecbe3$lut for cells of type $lut.
Using template $paramod$lut\WIDTH=32'00000000000000000000000000000011\LUT=8'10111111 for cells of type $lut.
Using template $paramod$dd7c1583fe0ade167c7826c594e5d16b758a72fe$lut for cells of type $lut.
Using template $paramod$15deee21bfb7f6f9f3963bae01e1abc87728ceb1$lut for cells of type $lut.
Using template $paramod$lut\WIDTH=32'00000000000000000000000000000011\LUT=8'11010000 for cells of type $lut.
Using template $paramod$4972722c284f07fee673f7cb99e6a36ce4a244f0$lut for cells of type $lut.
Using template $paramod$039cb9cfde3b9173e6974746c4f867554e44440a$lut for cells of type $lut.
Using template $paramod$lut\WIDTH=32'00000000000000000000000000000011\LUT=8'01111101 for cells of type $lut.
Using template $paramod$8494168726d27c2200605afcf1fb7470bf987857$lut for cells of type $lut.
Using template $paramod$7d3cbfc289ec00e0691f33de08826f2254fca668$lut for cells of type $lut.
Using template $paramod$679c0497bd344cd028193ec8906efb780eb00cd8$lut for cells of type $lut.
Using template $paramod$75d5c453cca75cc7a7ca320c4fb7be0932b6aaa7$lut for cells of type $lut.
Using template $paramod$d909494d67d7075f17a422f7cb5526f6d6564ea6$lut for cells of type $lut.
Using template $paramod$181733d3e31dcdcea8c52d0a4fc252b3aa453564$lut for cells of type $lut.
Using template $paramod$15d3dd50cc31557057274aea687fe2a8296cd155$lut for cells of type $lut.
Using template $paramod$f9e6b8c8bbaa4b164a91075c553341d15958d0ba$lut for cells of type $lut.
Using template $paramod$526e4703e3f9e5bf75da836fd3d4410dd76747a6$lut for cells of type $lut.
Using template $paramod$e49f6e3576ef1a6d2f58c54414dbb786af8cc869$lut for cells of type $lut.
Using template $paramod$ea2b11aca30aa162d3b93de07d97b9c1565643dd$lut for cells of type $lut.
Using template $paramod$608f40069c27841a5b3bdf03643a34bdc8974072$lut for cells of type $lut.
Using template $paramod$53ce561f80f32d4298a3beadc88b6c5c78293221$lut for cells of type $lut.
Using template $paramod$d6a246575d0ba3dcbbccd768ad41b602f82ff057$lut for cells of type $lut.
Using template $paramod$a707fff23748f6aa14ef55b3ae1f771b0f87b0eb$lut for cells of type $lut.
Using template $paramod$lut\WIDTH=32'00000000000000000000000000000011\LUT=8'00101110 for cells of type $lut.
Using template $paramod$f24ba3ced4b870f8e829f5ac5a8af88573350e6f$lut for cells of type $lut.
Using template $paramod$lut\WIDTH=32'00000000000000000000000000000011\LUT=8'01111011 for cells of type $lut.
Using template $paramod$993b568456e6a6e555ee59a904f362dc3c1a3032$lut for cells of type $lut.
Using template $paramod$ea2ed7b6000d8bc7d418a28d22dd562f94afdeff$lut for cells of type $lut.
Using template $paramod$70f68cc10fbeada9b6fa90c3bb75475e348ca467$lut for cells of type $lut.
Using template $paramod$5dc745bb48e2cf535179547ba13f0fe5364d6d54$lut for cells of type $lut.
Using template $paramod$27bf797f92801f96533b56dd37f1c26c7a246233$lut for cells of type $lut.
Using template $paramod$0d3ac82cf5b8a192d5ff4c23e3143360366ae882$lut for cells of type $lut.
Using template $paramod$d4fae2c0d9ad2966369cd4e39b81c71bcd1327c9$lut for cells of type $lut.
Using template $paramod$70ebb6cf5bc7d63c5c1a98ccefefa2af79e8f2a9$lut for cells of type $lut.
Using template $paramod$c5f3c57a6d466a2f42208bafb8985b96ce884440$lut for cells of type $lut.
Using template $paramod$lut\WIDTH=32'00000000000000000000000000000011\LUT=8'11101100 for cells of type $lut.
Using template $paramod$daac9b1e7bb2ac018f7132a3fbe0026ddd7b1a71$lut for cells of type $lut.
Using template $paramod$e277a522d8a930c8c8c8cdb56d33d42914aefec4$lut for cells of type $lut.
Using template $paramod$9c6e6a10ea00e5b0682f6243b802d7839a398197$lut for cells of type $lut.
Using template $paramod$lut\WIDTH=32'00000000000000000000000000000011\LUT=8'11001110 for cells of type $lut.
Using template $paramod$82b4a585d1edcb5c6e755dc9bd3392228a1c1304$lut for cells of type $lut.
Using template $paramod$lut\WIDTH=32'00000000000000000000000000000011\LUT=8'00101111 for cells of type $lut.
Using template $paramod$176a6ceafa512d807921d7dfc76320dfbbfb5fe4$lut for cells of type $lut.
Using template $paramod$5b4b4ed558983d9f3ab4c896a7a011d129b0db9a$lut for cells of type $lut.
Using template $paramod$17c27ffdda03355f95b2ba5edc73ca082237c935$lut for cells of type $lut.
Using template $paramod$7f8dcbbcc0931c3398304053d9bb53ce1acb1b1f$lut for cells of type $lut.
Using template $paramod$32ccf65669c41e1e3bce1f16051f6d60ad96a2a0$lut for cells of type $lut.
Using template $paramod$6e3b22478ca21c5590744f2e30b92938c4d90996$lut for cells of type $lut.
Using template $paramod$068092ddede495d8462ffe530e6d91711913edbc$lut for cells of type $lut.
Using template $paramod$5c32c59025c0b98f20e63f249d83e7ebb4b085e3$lut for cells of type $lut.
Using template $paramod$lut\WIDTH=32'00000000000000000000000000000011\LUT=8'11110111 for cells of type $lut.
Using template $paramod$lut\WIDTH=32'00000000000000000000000000000011\LUT=8'01001011 for cells of type $lut.
Using template $paramod$3a0a392069bc969f34c65c546a8c56fbbb67e282$lut for cells of type $lut.
Using template $paramod$58bd588a49a6a3b9d057d75f907cb4932e1635f6$lut for cells of type $lut.
Using template $paramod$0e021b5ab9c9dffe82b887dcb2beb3fac2b87759$lut for cells of type $lut.
Using template $paramod$d21d214a5aa271f2d9da3f90f22432c0ecee130f$lut for cells of type $lut.
Using template $paramod$54ef21ccddfa27629768f219f304bb4163ac6894$lut for cells of type $lut.
Using template $paramod$9fcf2314b06bf8475a41a06506d87acad1afbbaf$lut for cells of type $lut.
Using template $paramod$ee82f1504b2c48e70160208feb4e1f2a1b612b8d$lut for cells of type $lut.
Using template $paramod$15efa44280f2a77bf023b68f95d9df5681d9dd99$lut for cells of type $lut.
Using template $paramod$cd05f04889088c47a0a5abae8c2d644fd314805e$lut for cells of type $lut.
Using template $paramod$lut\WIDTH=32'00000000000000000000000000000011\LUT=8'01110011 for cells of type $lut.
Using template $paramod$908a274b55b4a97121027dd10242798b841faf7a$lut for cells of type $lut.
Using template $paramod$4c41f1623393f37dcc4e2d184a7f0d948ea506e4$lut for cells of type $lut.
Using template $paramod$5d16e795d6c582b27c818459b159f81a7f4525c4$lut for cells of type $lut.
Using template $paramod$c24d0e2a94559837d969df5b5aaf84188feaf3d8$lut for cells of type $lut.
Using template $paramod$4789582d00084c3344b7a6dacf516efd46244876$lut for cells of type $lut.
Using template $paramod$3ccc23db184ad4ca7ed34ebe2511de41d5d97e78$lut for cells of type $lut.
Using template $paramod$1241d759e3df4cac11dc7c99c36b0d1b07f7a673$lut for cells of type $lut.
Using template $paramod$6a34cd5b50e324824168b4186d0b04ba5e83b039$lut for cells of type $lut.
Using template $paramod$lut\WIDTH=32'00000000000000000000000000000011\LUT=8'00100011 for cells of type $lut.
Using template $paramod$lut\WIDTH=32'00000000000000000000000000000011\LUT=8'00000110 for cells of type $lut.
Using template $paramod$8cc3490ab42a63312b8ab36121eb7c9227093866$lut for cells of type $lut.
Using template $paramod$b45e5cb971154e30a797eecb0461619c3eeae12d$lut for cells of type $lut.
Using template $paramod$e5b29079c1a88f3fc663c746ec8e3359690ef674$lut for cells of type $lut.
Using template $paramod$6c22e4c9acd607e1249c5e3017b6703f378da140$lut for cells of type $lut.
Using template $paramod$1780bd352ec1af971e2f8a4e64b861091a94595b$lut for cells of type $lut.
Using template $paramod$288ab8481316136ea3e3f683d345747dffb4c3c5$lut for cells of type $lut.
Using template $paramod$6b7c9c56fc2a32a479d463d5f3b0d3f4673b67f1$lut for cells of type $lut.
Using template $paramod$4976b5f7a7b9f6e596e742c7d9dd919d8c62448f$lut for cells of type $lut.
Using template $paramod$1114d560ed98e9182fe073c9893577168d869f6b$lut for cells of type $lut.
Using template $paramod$lut\WIDTH=32'00000000000000000000000000000011\LUT=8'01110010 for cells of type $lut.
Using template $paramod$lut\WIDTH=32'00000000000000000000000000000011\LUT=8'01001110 for cells of type $lut.
Using template $paramod$723be7177967d6866729df0ff463a602326a012e$lut for cells of type $lut.
Using template $paramod$620586420e818d3afa7e5b51fcf19f5c6ea83ad4$lut for cells of type $lut.
Using template $paramod$b4d0f4738a5ce50c7f36c2aa2ecc09cfb874f2b6$lut for cells of type $lut.
Using template $paramod$1bf62ab10e48d71d6497bccacf5c70420c470fe9$lut for cells of type $lut.
Using template $paramod$lut\WIDTH=32'00000000000000000000000000000011\LUT=8'10100010 for cells of type $lut.
Using template $paramod$lut\WIDTH=32'00000000000000000000000000000011\LUT=8'11100000 for cells of type $lut.
Using template $paramod$fdcae86fcfd036c1880a04306ae771a9d7579c31$lut for cells of type $lut.
Using template $paramod$5f99aa1a31b4f0c356281a67e16706e1e689d29f$lut for cells of type $lut.
Using template $paramod$cd05caaf261e4148f336c0ecc488c806e4433d99$lut for cells of type $lut.
No more expansions possible.
<suppressed ~7443 debug messages>
Removed 0 unused cells and 8389 unused wires.

10.55. Executing AUTONAME pass.
Renamed 11184 objects in module upduino_known.
<suppressed ~11184 debug messages>

10.56. Executing HIERARCHY pass (managing design hierarchy).
Attribute `top' found on module `upduino_known'. Setting top module to upduino_known.

10.56.1. Analyzing design hierarchy..
Top module:  \upduino_known

10.56.2. Analyzing design hierarchy..
Top module:  \upduino_known
Removed 0 unused modules.

10.57. Printing statistics.

=== upduino_known ===

        +----------Local Count, excluding submodules.
        |
     4676 wires
    13004 wire bits
     4676 public wires
    13004 public wire bits
        7 ports
        7 port bits
       36 cells
        8   $scopeinfo
        1   SB_HFOSC
        1   SB_MAC16
       25   SB_RAM40_4K
        1   SB_SPRAM256KA
     6727 submodules
     1530   SB_CARRY
      100   SB_DFF
      294   SB_DFFE
      899   SB_DFFESR
       40   SB_DFFESS
      164   SB_DFFSR
     3700   SB_LUT4

=== design hierarchy ===

        +----------Count including submodules.
        |
       36 upduino_known

        +----------Count including submodules.
        |
     4676 wires
    13004 wire bits
     4676 public wires
    13004 public wire bits
        7 ports
        7 port bits
        - memories
        - memory bits
        - processes
       36 cells
        8   $scopeinfo
        1   SB_HFOSC
        1   SB_MAC16
       25   SB_RAM40_4K
        1   SB_SPRAM256KA
     6727 submodules
     1530   SB_CARRY
      100   SB_DFF
      294   SB_DFFE
      899   SB_DFFESR
       40   SB_DFFESS
      164   SB_DFFSR
     3700   SB_LUT4

10.58. Executing CHECK pass (checking for obvious problems).
Checking module upduino_known...
Found and reported 0 problems.

10.59. Executing JSON backend.

11. Printing statistics.

=== upduino_known ===

        +----------Local Count, excluding submodules.
        |
     4676 wires
    13004 wire bits
     4676 public wires
    13004 public wire bits
        7 ports
        7 port bits
     6763 cells
        8   $scopeinfo
     1530   SB_CARRY
      100   SB_DFF
      294   SB_DFFE
      899   SB_DFFESR
       40   SB_DFFESS
      164   SB_DFFSR
        1   SB_HFOSC
     3700   SB_LUT4
        1   SB_MAC16
       25   SB_RAM40_4K
        1   SB_SPRAM256KA
