Copyright 1986-2022 Xilinx, Inc. All Rights Reserved. Copyright 2022-2024 Advanced Micro Devices, Inc. All Rights Reserved.
---------------------------------------------------------------------------------------------------------------------------------------------------------------------
| Tool Version : Vivado v.2024.2 (lin64) Build 5239630 Fri Nov 08 22:34:34 MST 2024
| Date         : Tue Oct  6 05:26:18 2026
| Host         : iht32-1502.engr.wustl.edu running 64-bit Rocky Linux release 8.10 (Green Obsidian)
| Command      : report_timing -from [all_registers -clock clk] -to [all_registers -clock clk] -max_paths 20 -path_type full_clock_expanded -file critical_paths.rpt
| Design       : known_spectral_core
| Device       : 7a35t-cpg236
| Speed File   : -1  PRODUCTION 1.23 2018-06-13
| Design State : Routed
---------------------------------------------------------------------------------------------------------------------------------------------------------------------

Timing Report

Slack (MET) :             4.929ns  (required time - arrival time)
  Source:                 purpose_reg[1]/C
                            (rising edge-triggered cell FDRE clocked by clk  {rise@0.000ns fall@10.000ns period=20.000ns})
  Destination:            dbg_value_reg[53]/D
                            (rising edge-triggered cell FDRE clocked by clk  {rise@0.000ns fall@10.000ns period=20.000ns})
  Path Group:             clk
  Path Type:              Setup (Max at Slow Process Corner)
  Requirement:            20.000ns  (clk rise@20.000ns - clk rise@0.000ns)
  Data Path Delay:        15.018ns  (logic 6.961ns (46.352%)  route 8.057ns (53.648%))
  Logic Levels:           24  (CARRY4=15 DSP48E1=1 LUT2=1 LUT4=3 LUT5=1 LUT6=3)
  Clock Path Skew:        -0.049ns (DCD - SCD + CPR)
    Destination Clock Delay (DCD):    0.924ns = ( 20.924 - 20.000 )
    Source Clock Delay      (SCD):    0.973ns
    Clock Pessimism Removal (CPR):    0.000ns
  Clock Uncertainty:      0.035ns  ((TSJ^2 + TIJ^2)^1/2 + DJ) / 2 + PE
    Total System Jitter     (TSJ):    0.071ns
    Total Input Jitter      (TIJ):    0.000ns
    Discrete Jitter          (DJ):    0.000ns
    Phase Error              (PE):    0.000ns

    Location             Delay type                Incr(ns)  Path(ns)    Netlist Resource(s)
  -------------------------------------------------------------------    -------------------
                         (clock clk rise edge)        0.000     0.000 r
                                                      0.000     0.000 r  clk (IN)
                         net (fo=1330, unset)         0.973     0.973    clk
    SLICE_X41Y80         FDRE                                         r  purpose_reg[1]/C
  -------------------------------------------------------------------    -------------------
    SLICE_X41Y80         FDRE (Prop_fdre_C_Q)         0.456     1.429 r  purpose_reg[1]/Q
                         net (fo=10, routed)          0.868     2.297    lanes[0].rom/cycles_nn[17]_i_3
    SLICE_X35Y80         LUT2 (Prop_lut2_I0_O)        0.124     2.421 r  lanes[0].rom/cycles_power[23]_i_5/O
                         net (fo=18, routed)          1.475     3.897    lanes[0].rom/purpose_reg[1]
    SLICE_X45Y60         LUT6 (Prop_lut6_I4_O)        0.124     4.021 f  lanes[0].rom/unsigned_product_i_38/O
                         net (fo=2, routed)           1.129     5.150    lanes[0].rom_n_24
    SLICE_X35Y61         LUT4 (Prop_lut4_I3_O)        0.153     5.303 r  unsigned_product_i_8/O
                         net (fo=1, routed)           0.924     6.227    A[8]
    DSP48_X0Y25          DSP48E1 (Prop_dsp48e1_A[8]_P[0])
                                                      2.280     8.507 r  unsigned_product/P[0]
                         net (fo=3, routed)           1.289     9.795    power_ram/P[0]
    SLICE_X34Y65         LUT4 (Prop_lut4_I3_O)        0.124     9.919 r  power_ram/wide_acc[3]_i_7/O
                         net (fo=1, routed)           0.000     9.919    power_ram/wide_acc[3]_i_7_n_0
    SLICE_X34Y65         CARRY4 (Prop_carry4_S[0]_O[3])
                                                      0.608    10.527 r  power_ram/wide_acc_reg[3]_i_2/O[3]
                         net (fo=2, routed)           0.790    11.317    power_ram/wide_acc_reg[3][3]
    SLICE_X35Y66         LUT4 (Prop_lut4_I3_O)        0.307    11.624 f  power_ram/wide_acc[3]_i_9/O
                         net (fo=1, routed)           0.597    12.221    power_ram/wide_acc[3]_i_9_n_0
    SLICE_X37Y67         LUT6 (Prop_lut6_I0_O)        0.124    12.345 r  power_ram/wide_acc[3]_i_8/O
                         net (fo=1, routed)           0.000    12.345    power_ram/wide_acc[3]_i_8_n_0
    SLICE_X37Y67         CARRY4 (Prop_carry4_S[0]_CO[3])
                                                      0.532    12.877 r  power_ram/wide_acc_reg[3]_i_3/CO[3]
                         net (fo=1, routed)           0.000    12.877    power_ram/wide_acc_reg[3]_i_3_n_0
    SLICE_X37Y68         CARRY4 (Prop_carry4_CI_CO[3])
                                                      0.114    12.991 r  power_ram/wide_acc_reg[7]_i_3/CO[3]
                         net (fo=1, routed)           0.000    12.991    power_ram/wide_acc_reg[7]_i_3_n_0
    SLICE_X37Y69         CARRY4 (Prop_carry4_CI_CO[3])
                                                      0.114    13.105 r  power_ram/wide_acc_reg[11]_i_3/CO[3]
                         net (fo=1, routed)           0.000    13.105    power_ram/wide_acc_reg[11]_i_3_n_0
    SLICE_X37Y70         CARRY4 (Prop_carry4_CI_CO[3])
                                                      0.114    13.219 r  power_ram/wide_acc_reg[15]_i_3/CO[3]
                         net (fo=1, routed)           0.000    13.219    power_ram/wide_acc_reg[15]_i_3_n_0
    SLICE_X37Y71         CARRY4 (Prop_carry4_CI_CO[3])
                                                      0.114    13.333 r  power_ram/wide_acc_reg[19]_i_3/CO[3]
                         net (fo=1, routed)           0.000    13.333    power_ram/wide_acc_reg[19]_i_3_n_0
    SLICE_X37Y72         CARRY4 (Prop_carry4_CI_CO[3])
                                                      0.114    13.447 r  power_ram/wide_acc_reg[23]_i_3/CO[3]
                         net (fo=1, routed)           0.000    13.447    power_ram/wide_acc_reg[23]_i_3_n_0
    SLICE_X37Y73         CARRY4 (Prop_carry4_CI_CO[3])
                                                      0.114    13.561 r  power_ram/wide_acc_reg[27]_i_3/CO[3]
                         net (fo=1, routed)           0.000    13.561    power_ram/wide_acc_reg[27]_i_3_n_0
    SLICE_X37Y74         CARRY4 (Prop_carry4_CI_CO[3])
                                                      0.114    13.675 r  power_ram/wide_acc_reg[31]_i_3/CO[3]
                         net (fo=1, routed)           0.009    13.684    power_ram/wide_acc_reg[31]_i_3_n_0
    SLICE_X37Y75         CARRY4 (Prop_carry4_CI_CO[3])
                                                      0.114    13.798 r  power_ram/wide_acc_reg[35]_i_3/CO[3]
                         net (fo=1, routed)           0.000    13.798    power_ram/wide_acc_reg[35]_i_3_n_0
    SLICE_X37Y76         CARRY4 (Prop_carry4_CI_CO[3])
                                                      0.114    13.912 r  power_ram/wide_acc_reg[39]_i_3/CO[3]
                         net (fo=1, routed)           0.000    13.912    power_ram/wide_acc_reg[39]_i_3_n_0
    SLICE_X37Y77         CARRY4 (Prop_carry4_CI_CO[3])
                                                      0.114    14.026 r  power_ram/wide_acc_reg[43]_i_3/CO[3]
                         net (fo=1, routed)           0.000    14.026    power_ram/wide_acc_reg[43]_i_3_n_0
    SLICE_X37Y78         CARRY4 (Prop_carry4_CI_CO[3])
                                                      0.114    14.140 r  power_ram/wide_acc_reg[47]_i_3/CO[3]
                         net (fo=1, routed)           0.000    14.140    power_ram/wide_acc_reg[47]_i_3_n_0
    SLICE_X37Y79         CARRY4 (Prop_carry4_CI_CO[3])
                                                      0.114    14.254 r  power_ram/wide_acc_reg[51]_i_3/CO[3]
                         net (fo=1, routed)           0.000    14.254    power_ram/wide_acc_reg[51]_i_3_n_0
    SLICE_X37Y80         CARRY4 (Prop_carry4_CI_O[1])
                                                      0.334    14.588 r  power_ram/wide_acc_reg[55]_i_3/O[1]
                         net (fo=3, routed)           0.569    15.157    power_ram_n_122
    SLICE_X41Y79         LUT6 (Prop_lut6_I5_O)        0.303    15.460 r  dbg_value[53]_i_2/O
                         net (fo=1, routed)           0.407    15.867    dbg_value[53]_i_2_n_0
    SLICE_X41Y79         LUT5 (Prop_lut5_I4_O)        0.124    15.991 r  dbg_value[53]_i_1/O
                         net (fo=1, routed)           0.000    15.991    dbg_value[53]_i_1_n_0
    SLICE_X41Y79         FDRE                                         r  dbg_value_reg[53]/D
  -------------------------------------------------------------------    -------------------

                         (clock clk rise edge)       20.000    20.000 r
                                                      0.000    20.000 r  clk (IN)
                         net (fo=1330, unset)         0.924    20.924    clk
    SLICE_X41Y79         FDRE                                         r  dbg_value_reg[53]/C
                         clock pessimism              0.000    20.924
                         clock uncertainty           -0.035    20.889
    SLICE_X41Y79         FDRE (Setup_fdre_C_D)        0.031    20.920    dbg_value_reg[53]
  -------------------------------------------------------------------
                         required time                         20.920
                         arrival time                         -15.991
  -------------------------------------------------------------------
                         slack                                  4.929

Slack (MET) :             4.979ns  (required time - arrival time)
  Source:                 purpose_reg[1]/C
                            (rising edge-triggered cell FDRE clocked by clk  {rise@0.000ns fall@10.000ns period=20.000ns})
  Destination:            dbg_value_reg[54]/D
                            (rising edge-triggered cell FDRE clocked by clk  {rise@0.000ns fall@10.000ns period=20.000ns})
  Path Group:             clk
  Path Type:              Setup (Max at Slow Process Corner)
  Requirement:            20.000ns  (clk rise@20.000ns - clk rise@0.000ns)
  Data Path Delay:        15.018ns  (logic 6.865ns (45.713%)  route 8.153ns (54.287%))
  Logic Levels:           24  (CARRY4=15 DSP48E1=1 LUT2=1 LUT4=3 LUT5=1 LUT6=3)
  Clock Path Skew:        -0.049ns (DCD - SCD + CPR)
    Destination Clock Delay (DCD):    0.924ns = ( 20.924 - 20.000 )
    Source Clock Delay      (SCD):    0.973ns
    Clock Pessimism Removal (CPR):    0.000ns
  Clock Uncertainty:      0.035ns  ((TSJ^2 + TIJ^2)^1/2 + DJ) / 2 + PE
    Total System Jitter     (TSJ):    0.071ns
    Total Input Jitter      (TIJ):    0.000ns
    Discrete Jitter          (DJ):    0.000ns
    Phase Error              (PE):    0.000ns

    Location             Delay type                Incr(ns)  Path(ns)    Netlist Resource(s)
  -------------------------------------------------------------------    -------------------
                         (clock clk rise edge)        0.000     0.000 r
                                                      0.000     0.000 r  clk (IN)
                         net (fo=1330, unset)         0.973     0.973    clk
    SLICE_X41Y80         FDRE                                         r  purpose_reg[1]/C
  -------------------------------------------------------------------    -------------------
    SLICE_X41Y80         FDRE (Prop_fdre_C_Q)         0.456     1.429 r  purpose_reg[1]/Q
                         net (fo=10, routed)          0.868     2.297    lanes[0].rom/cycles_nn[17]_i_3
    SLICE_X35Y80         LUT2 (Prop_lut2_I0_O)        0.124     2.421 r  lanes[0].rom/cycles_power[23]_i_5/O
                         net (fo=18, routed)          1.475     3.897    lanes[0].rom/purpose_reg[1]
    SLICE_X45Y60         LUT6 (Prop_lut6_I4_O)        0.124     4.021 f  lanes[0].rom/unsigned_product_i_38/O
                         net (fo=2, routed)           1.129     5.150    lanes[0].rom_n_24
    SLICE_X35Y61         LUT4 (Prop_lut4_I3_O)        0.153     5.303 r  unsigned_product_i_8/O
                         net (fo=1, routed)           0.924     6.227    A[8]
    DSP48_X0Y25          DSP48E1 (Prop_dsp48e1_A[8]_P[0])
                                                      2.280     8.507 r  unsigned_product/P[0]
                         net (fo=3, routed)           1.289     9.795    power_ram/P[0]
    SLICE_X34Y65         LUT4 (Prop_lut4_I3_O)        0.124     9.919 r  power_ram/wide_acc[3]_i_7/O
                         net (fo=1, routed)           0.000     9.919    power_ram/wide_acc[3]_i_7_n_0
    SLICE_X34Y65         CARRY4 (Prop_carry4_S[0]_O[3])
                                                      0.608    10.527 r  power_ram/wide_acc_reg[3]_i_2/O[3]
                         net (fo=2, routed)           0.790    11.317    power_ram/wide_acc_reg[3][3]
    SLICE_X35Y66         LUT4 (Prop_lut4_I3_O)        0.307    11.624 f  power_ram/wide_acc[3]_i_9/O
                         net (fo=1, routed)           0.597    12.221    power_ram/wide_acc[3]_i_9_n_0
    SLICE_X37Y67         LUT6 (Prop_lut6_I0_O)        0.124    12.345 r  power_ram/wide_acc[3]_i_8/O
                         net (fo=1, routed)           0.000    12.345    power_ram/wide_acc[3]_i_8_n_0
    SLICE_X37Y67         CARRY4 (Prop_carry4_S[0]_CO[3])
                                                      0.532    12.877 r  power_ram/wide_acc_reg[3]_i_3/CO[3]
                         net (fo=1, routed)           0.000    12.877    power_ram/wide_acc_reg[3]_i_3_n_0
    SLICE_X37Y68         CARRY4 (Prop_carry4_CI_CO[3])
                                                      0.114    12.991 r  power_ram/wide_acc_reg[7]_i_3/CO[3]
                         net (fo=1, routed)           0.000    12.991    power_ram/wide_acc_reg[7]_i_3_n_0
    SLICE_X37Y69         CARRY4 (Prop_carry4_CI_CO[3])
                                                      0.114    13.105 r  power_ram/wide_acc_reg[11]_i_3/CO[3]
                         net (fo=1, routed)           0.000    13.105    power_ram/wide_acc_reg[11]_i_3_n_0
    SLICE_X37Y70         CARRY4 (Prop_carry4_CI_CO[3])
                                                      0.114    13.219 r  power_ram/wide_acc_reg[15]_i_3/CO[3]
                         net (fo=1, routed)           0.000    13.219    power_ram/wide_acc_reg[15]_i_3_n_0
    SLICE_X37Y71         CARRY4 (Prop_carry4_CI_CO[3])
                                                      0.114    13.333 r  power_ram/wide_acc_reg[19]_i_3/CO[3]
                         net (fo=1, routed)           0.000    13.333    power_ram/wide_acc_reg[19]_i_3_n_0
    SLICE_X37Y72         CARRY4 (Prop_carry4_CI_CO[3])
                                                      0.114    13.447 r  power_ram/wide_acc_reg[23]_i_3/CO[3]
                         net (fo=1, routed)           0.000    13.447    power_ram/wide_acc_reg[23]_i_3_n_0
    SLICE_X37Y73         CARRY4 (Prop_carry4_CI_CO[3])
                                                      0.114    13.561 r  power_ram/wide_acc_reg[27]_i_3/CO[3]
                         net (fo=1, routed)           0.000    13.561    power_ram/wide_acc_reg[27]_i_3_n_0
    SLICE_X37Y74         CARRY4 (Prop_carry4_CI_CO[3])
                                                      0.114    13.675 r  power_ram/wide_acc_reg[31]_i_3/CO[3]
                         net (fo=1, routed)           0.009    13.684    power_ram/wide_acc_reg[31]_i_3_n_0
    SLICE_X37Y75         CARRY4 (Prop_carry4_CI_CO[3])
                                                      0.114    13.798 r  power_ram/wide_acc_reg[35]_i_3/CO[3]
                         net (fo=1, routed)           0.000    13.798    power_ram/wide_acc_reg[35]_i_3_n_0
    SLICE_X37Y76         CARRY4 (Prop_carry4_CI_CO[3])
                                                      0.114    13.912 r  power_ram/wide_acc_reg[39]_i_3/CO[3]
                         net (fo=1, routed)           0.000    13.912    power_ram/wide_acc_reg[39]_i_3_n_0
    SLICE_X37Y77         CARRY4 (Prop_carry4_CI_CO[3])
                                                      0.114    14.026 r  power_ram/wide_acc_reg[43]_i_3/CO[3]
                         net (fo=1, routed)           0.000    14.026    power_ram/wide_acc_reg[43]_i_3_n_0
    SLICE_X37Y78         CARRY4 (Prop_carry4_CI_CO[3])
                                                      0.114    14.140 r  power_ram/wide_acc_reg[47]_i_3/CO[3]
                         net (fo=1, routed)           0.000    14.140    power_ram/wide_acc_reg[47]_i_3_n_0
    SLICE_X37Y79         CARRY4 (Prop_carry4_CI_CO[3])
                                                      0.114    14.254 r  power_ram/wide_acc_reg[51]_i_3/CO[3]
                         net (fo=1, routed)           0.000    14.254    power_ram/wide_acc_reg[51]_i_3_n_0
    SLICE_X37Y80         CARRY4 (Prop_carry4_CI_O[2])
                                                      0.239    14.493 r  power_ram/wide_acc_reg[55]_i_3/O[2]
                         net (fo=3, routed)           0.579    15.071    power_ram_n_121
    SLICE_X42Y79         LUT6 (Prop_lut6_I5_O)        0.302    15.373 r  dbg_value[54]_i_2/O
                         net (fo=1, routed)           0.493    15.867    dbg_value[54]_i_2_n_0
    SLICE_X42Y79         LUT5 (Prop_lut5_I4_O)        0.124    15.991 r  dbg_value[54]_i_1/O
                         net (fo=1, routed)           0.000    15.991    dbg_value[54]_i_1_n_0
    SLICE_X42Y79         FDRE                                         r  dbg_value_reg[54]/D
  -------------------------------------------------------------------    -------------------

                         (clock clk rise edge)       20.000    20.000 r
                                                      0.000    20.000 r  clk (IN)
                         net (fo=1330, unset)         0.924    20.924    clk
    SLICE_X42Y79         FDRE                                         r  dbg_value_reg[54]/C
                         clock pessimism              0.000    20.924
                         clock uncertainty           -0.035    20.889
    SLICE_X42Y79         FDRE (Setup_fdre_C_D)        0.081    20.970    dbg_value_reg[54]
  -------------------------------------------------------------------
                         required time                         20.970
                         arrival time                         -15.991
  -------------------------------------------------------------------
                         slack                                  4.979

Slack (MET) :             4.991ns  (required time - arrival time)
  Source:                 purpose_reg[1]/C
                            (rising edge-triggered cell FDRE clocked by clk  {rise@0.000ns fall@10.000ns period=20.000ns})
  Destination:            dbg_value_reg[52]/D
                            (rising edge-triggered cell FDRE clocked by clk  {rise@0.000ns fall@10.000ns period=20.000ns})
  Path Group:             clk
  Path Type:              Setup (Max at Slow Process Corner)
  Requirement:            20.000ns  (clk rise@20.000ns - clk rise@0.000ns)
  Data Path Delay:        14.956ns  (logic 6.845ns (45.768%)  route 8.111ns (54.232%))
  Logic Levels:           24  (CARRY4=15 DSP48E1=1 LUT2=1 LUT4=3 LUT5=1 LUT6=3)
  Clock Path Skew:        -0.049ns (DCD - SCD + CPR)
    Destination Clock Delay (DCD):    0.924ns = ( 20.924 - 20.000 )
    Source Clock Delay      (SCD):    0.973ns
    Clock Pessimism Removal (CPR):    0.000ns
  Clock Uncertainty:      0.035ns  ((TSJ^2 + TIJ^2)^1/2 + DJ) / 2 + PE
    Total System Jitter     (TSJ):    0.071ns
    Total Input Jitter      (TIJ):    0.000ns
    Discrete Jitter          (DJ):    0.000ns
    Phase Error              (PE):    0.000ns

    Location             Delay type                Incr(ns)  Path(ns)    Netlist Resource(s)
  -------------------------------------------------------------------    -------------------
                         (clock clk rise edge)        0.000     0.000 r
                                                      0.000     0.000 r  clk (IN)
                         net (fo=1330, unset)         0.973     0.973    clk
    SLICE_X41Y80         FDRE                                         r  purpose_reg[1]/C
  -------------------------------------------------------------------    -------------------
    SLICE_X41Y80         FDRE (Prop_fdre_C_Q)         0.456     1.429 r  purpose_reg[1]/Q
                         net (fo=10, routed)          0.868     2.297    lanes[0].rom/cycles_nn[17]_i_3
    SLICE_X35Y80         LUT2 (Prop_lut2_I0_O)        0.124     2.421 r  lanes[0].rom/cycles_power[23]_i_5/O
                         net (fo=18, routed)          1.475     3.897    lanes[0].rom/purpose_reg[1]
    SLICE_X45Y60         LUT6 (Prop_lut6_I4_O)        0.124     4.021 f  lanes[0].rom/unsigned_product_i_38/O
                         net (fo=2, routed)           1.129     5.150    lanes[0].rom_n_24
    SLICE_X35Y61         LUT4 (Prop_lut4_I3_O)        0.153     5.303 r  unsigned_product_i_8/O
                         net (fo=1, routed)           0.924     6.227    A[8]
    DSP48_X0Y25          DSP48E1 (Prop_dsp48e1_A[8]_P[0])
                                                      2.280     8.507 r  unsigned_product/P[0]
                         net (fo=3, routed)           1.289     9.795    power_ram/P[0]
    SLICE_X34Y65         LUT4 (Prop_lut4_I3_O)        0.124     9.919 r  power_ram/wide_acc[3]_i_7/O
                         net (fo=1, routed)           0.000     9.919    power_ram/wide_acc[3]_i_7_n_0
    SLICE_X34Y65         CARRY4 (Prop_carry4_S[0]_O[3])
                                                      0.608    10.527 r  power_ram/wide_acc_reg[3]_i_2/O[3]
                         net (fo=2, routed)           0.790    11.317    power_ram/wide_acc_reg[3][3]
    SLICE_X35Y66         LUT4 (Prop_lut4_I3_O)        0.307    11.624 f  power_ram/wide_acc[3]_i_9/O
                         net (fo=1, routed)           0.597    12.221    power_ram/wide_acc[3]_i_9_n_0
    SLICE_X37Y67         LUT6 (Prop_lut6_I0_O)        0.124    12.345 r  power_ram/wide_acc[3]_i_8/O
                         net (fo=1, routed)           0.000    12.345    power_ram/wide_acc[3]_i_8_n_0
    SLICE_X37Y67         CARRY4 (Prop_carry4_S[0]_CO[3])
                                                      0.532    12.877 r  power_ram/wide_acc_reg[3]_i_3/CO[3]
                         net (fo=1, routed)           0.000    12.877    power_ram/wide_acc_reg[3]_i_3_n_0
    SLICE_X37Y68         CARRY4 (Prop_carry4_CI_CO[3])
                                                      0.114    12.991 r  power_ram/wide_acc_reg[7]_i_3/CO[3]
                         net (fo=1, routed)           0.000    12.991    power_ram/wide_acc_reg[7]_i_3_n_0
    SLICE_X37Y69         CARRY4 (Prop_carry4_CI_CO[3])
                                                      0.114    13.105 r  power_ram/wide_acc_reg[11]_i_3/CO[3]
                         net (fo=1, routed)           0.000    13.105    power_ram/wide_acc_reg[11]_i_3_n_0
    SLICE_X37Y70         CARRY4 (Prop_carry4_CI_CO[3])
                                                      0.114    13.219 r  power_ram/wide_acc_reg[15]_i_3/CO[3]
                         net (fo=1, routed)           0.000    13.219    power_ram/wide_acc_reg[15]_i_3_n_0
    SLICE_X37Y71         CARRY4 (Prop_carry4_CI_CO[3])
                                                      0.114    13.333 r  power_ram/wide_acc_reg[19]_i_3/CO[3]
                         net (fo=1, routed)           0.000    13.333    power_ram/wide_acc_reg[19]_i_3_n_0
    SLICE_X37Y72         CARRY4 (Prop_carry4_CI_CO[3])
                                                      0.114    13.447 r  power_ram/wide_acc_reg[23]_i_3/CO[3]
                         net (fo=1, routed)           0.000    13.447    power_ram/wide_acc_reg[23]_i_3_n_0
    SLICE_X37Y73         CARRY4 (Prop_carry4_CI_CO[3])
                                                      0.114    13.561 r  power_ram/wide_acc_reg[27]_i_3/CO[3]
                         net (fo=1, routed)           0.000    13.561    power_ram/wide_acc_reg[27]_i_3_n_0
    SLICE_X37Y74         CARRY4 (Prop_carry4_CI_CO[3])
                                                      0.114    13.675 r  power_ram/wide_acc_reg[31]_i_3/CO[3]
                         net (fo=1, routed)           0.009    13.684    power_ram/wide_acc_reg[31]_i_3_n_0
    SLICE_X37Y75         CARRY4 (Prop_carry4_CI_CO[3])
                                                      0.114    13.798 r  power_ram/wide_acc_reg[35]_i_3/CO[3]
                         net (fo=1, routed)           0.000    13.798    power_ram/wide_acc_reg[35]_i_3_n_0
    SLICE_X37Y76         CARRY4 (Prop_carry4_CI_CO[3])
                                                      0.114    13.912 r  power_ram/wide_acc_reg[39]_i_3/CO[3]
                         net (fo=1, routed)           0.000    13.912    power_ram/wide_acc_reg[39]_i_3_n_0
    SLICE_X37Y77         CARRY4 (Prop_carry4_CI_CO[3])
                                                      0.114    14.026 r  power_ram/wide_acc_reg[43]_i_3/CO[3]
                         net (fo=1, routed)           0.000    14.026    power_ram/wide_acc_reg[43]_i_3_n_0
    SLICE_X37Y78         CARRY4 (Prop_carry4_CI_CO[3])
                                                      0.114    14.140 r  power_ram/wide_acc_reg[47]_i_3/CO[3]
                         net (fo=1, routed)           0.000    14.140    power_ram/wide_acc_reg[47]_i_3_n_0
    SLICE_X37Y79         CARRY4 (Prop_carry4_CI_CO[3])
                                                      0.114    14.254 r  power_ram/wide_acc_reg[51]_i_3/CO[3]
                         net (fo=1, routed)           0.000    14.254    power_ram/wide_acc_reg[51]_i_3_n_0
    SLICE_X37Y80         CARRY4 (Prop_carry4_CI_O[0])
                                                      0.222    14.476 r  power_ram/wide_acc_reg[55]_i_3/O[0]
                         net (fo=3, routed)           0.623    15.099    power_ram_n_123
    SLICE_X41Y77         LUT6 (Prop_lut6_I5_O)        0.299    15.398 r  dbg_value[52]_i_2/O
                         net (fo=1, routed)           0.407    15.805    dbg_value[52]_i_2_n_0
    SLICE_X41Y77         LUT5 (Prop_lut5_I4_O)        0.124    15.929 r  dbg_value[52]_i_1/O
                         net (fo=1, routed)           0.000    15.929    dbg_value[52]_i_1_n_0
    SLICE_X41Y77         FDRE                                         r  dbg_value_reg[52]/D
  -------------------------------------------------------------------    -------------------

                         (clock clk rise edge)       20.000    20.000 r
                                                      0.000    20.000 r  clk (IN)
                         net (fo=1330, unset)         0.924    20.924    clk
    SLICE_X41Y77         FDRE                                         r  dbg_value_reg[52]/C
                         clock pessimism              0.000    20.924
                         clock uncertainty           -0.035    20.889
    SLICE_X41Y77         FDRE (Setup_fdre_C_D)        0.031    20.920    dbg_value_reg[52]
  -------------------------------------------------------------------
                         required time                         20.920
                         arrival time                         -15.929
  -------------------------------------------------------------------
                         slack                                  4.991

Slack (MET) :             5.038ns  (required time - arrival time)
  Source:                 purpose_reg[1]/C
                            (rising edge-triggered cell FDRE clocked by clk  {rise@0.000ns fall@10.000ns period=20.000ns})
  Destination:            dbg_value_reg[55]/D
                            (rising edge-triggered cell FDRE clocked by clk  {rise@0.000ns fall@10.000ns period=20.000ns})
  Path Group:             clk
  Path Type:              Setup (Max at Slow Process Corner)
  Requirement:            20.000ns  (clk rise@20.000ns - clk rise@0.000ns)
  Data Path Delay:        14.909ns  (logic 6.943ns (46.568%)  route 7.966ns (53.432%))
  Logic Levels:           24  (CARRY4=15 DSP48E1=1 LUT2=1 LUT4=3 LUT5=1 LUT6=3)
  Clock Path Skew:        -0.049ns (DCD - SCD + CPR)
    Destination Clock Delay (DCD):    0.924ns = ( 20.924 - 20.000 )
    Source Clock Delay      (SCD):    0.973ns
    Clock Pessimism Removal (CPR):    0.000ns
  Clock Uncertainty:      0.035ns  ((TSJ^2 + TIJ^2)^1/2 + DJ) / 2 + PE
    Total System Jitter     (TSJ):    0.071ns
    Total Input Jitter      (TIJ):    0.000ns
    Discrete Jitter          (DJ):    0.000ns
    Phase Error              (PE):    0.000ns

    Location             Delay type                Incr(ns)  Path(ns)    Netlist Resource(s)
  -------------------------------------------------------------------    -------------------
                         (clock clk rise edge)        0.000     0.000 r
                                                      0.000     0.000 r  clk (IN)
                         net (fo=1330, unset)         0.973     0.973    clk
    SLICE_X41Y80         FDRE                                         r  purpose_reg[1]/C
  -------------------------------------------------------------------    -------------------
    SLICE_X41Y80         FDRE (Prop_fdre_C_Q)         0.456     1.429 r  purpose_reg[1]/Q
                         net (fo=10, routed)          0.868     2.297    lanes[0].rom/cycles_nn[17]_i_3
    SLICE_X35Y80         LUT2 (Prop_lut2_I0_O)        0.124     2.421 r  lanes[0].rom/cycles_power[23]_i_5/O
                         net (fo=18, routed)          1.475     3.897    lanes[0].rom/purpose_reg[1]
    SLICE_X45Y60         LUT6 (Prop_lut6_I4_O)        0.124     4.021 f  lanes[0].rom/unsigned_product_i_38/O
                         net (fo=2, routed)           1.129     5.150    lanes[0].rom_n_24
    SLICE_X35Y61         LUT4 (Prop_lut4_I3_O)        0.153     5.303 r  unsigned_product_i_8/O
                         net (fo=1, routed)           0.924     6.227    A[8]
    DSP48_X0Y25          DSP48E1 (Prop_dsp48e1_A[8]_P[0])
                                                      2.280     8.507 r  unsigned_product/P[0]
                         net (fo=3, routed)           1.289     9.795    power_ram/P[0]
    SLICE_X34Y65         LUT4 (Prop_lut4_I3_O)        0.124     9.919 r  power_ram/wide_acc[3]_i_7/O
                         net (fo=1, routed)           0.000     9.919    power_ram/wide_acc[3]_i_7_n_0
    SLICE_X34Y65         CARRY4 (Prop_carry4_S[0]_O[3])
                                                      0.608    10.527 r  power_ram/wide_acc_reg[3]_i_2/O[3]
                         net (fo=2, routed)           0.790    11.317    power_ram/wide_acc_reg[3][3]
    SLICE_X35Y66         LUT4 (Prop_lut4_I3_O)        0.307    11.624 f  power_ram/wide_acc[3]_i_9/O
                         net (fo=1, routed)           0.597    12.221    power_ram/wide_acc[3]_i_9_n_0
    SLICE_X37Y67         LUT6 (Prop_lut6_I0_O)        0.124    12.345 r  power_ram/wide_acc[3]_i_8/O
                         net (fo=1, routed)           0.000    12.345    power_ram/wide_acc[3]_i_8_n_0
    SLICE_X37Y67         CARRY4 (Prop_carry4_S[0]_CO[3])
                                                      0.532    12.877 r  power_ram/wide_acc_reg[3]_i_3/CO[3]
                         net (fo=1, routed)           0.000    12.877    power_ram/wide_acc_reg[3]_i_3_n_0
    SLICE_X37Y68         CARRY4 (Prop_carry4_CI_CO[3])
                                                      0.114    12.991 r  power_ram/wide_acc_reg[7]_i_3/CO[3]
                         net (fo=1, routed)           0.000    12.991    power_ram/wide_acc_reg[7]_i_3_n_0
    SLICE_X37Y69         CARRY4 (Prop_carry4_CI_CO[3])
                                                      0.114    13.105 r  power_ram/wide_acc_reg[11]_i_3/CO[3]
                         net (fo=1, routed)           0.000    13.105    power_ram/wide_acc_reg[11]_i_3_n_0
    SLICE_X37Y70         CARRY4 (Prop_carry4_CI_CO[3])
                                                      0.114    13.219 r  power_ram/wide_acc_reg[15]_i_3/CO[3]
                         net (fo=1, routed)           0.000    13.219    power_ram/wide_acc_reg[15]_i_3_n_0
    SLICE_X37Y71         CARRY4 (Prop_carry4_CI_CO[3])
                                                      0.114    13.333 r  power_ram/wide_acc_reg[19]_i_3/CO[3]
                         net (fo=1, routed)           0.000    13.333    power_ram/wide_acc_reg[19]_i_3_n_0
    SLICE_X37Y72         CARRY4 (Prop_carry4_CI_CO[3])
                                                      0.114    13.447 r  power_ram/wide_acc_reg[23]_i_3/CO[3]
                         net (fo=1, routed)           0.000    13.447    power_ram/wide_acc_reg[23]_i_3_n_0
    SLICE_X37Y73         CARRY4 (Prop_carry4_CI_CO[3])
                                                      0.114    13.561 r  power_ram/wide_acc_reg[27]_i_3/CO[3]
                         net (fo=1, routed)           0.000    13.561    power_ram/wide_acc_reg[27]_i_3_n_0
    SLICE_X37Y74         CARRY4 (Prop_carry4_CI_CO[3])
                                                      0.114    13.675 r  power_ram/wide_acc_reg[31]_i_3/CO[3]
                         net (fo=1, routed)           0.009    13.684    power_ram/wide_acc_reg[31]_i_3_n_0
    SLICE_X37Y75         CARRY4 (Prop_carry4_CI_CO[3])
                                                      0.114    13.798 r  power_ram/wide_acc_reg[35]_i_3/CO[3]
                         net (fo=1, routed)           0.000    13.798    power_ram/wide_acc_reg[35]_i_3_n_0
    SLICE_X37Y76         CARRY4 (Prop_carry4_CI_CO[3])
                                                      0.114    13.912 r  power_ram/wide_acc_reg[39]_i_3/CO[3]
                         net (fo=1, routed)           0.000    13.912    power_ram/wide_acc_reg[39]_i_3_n_0
    SLICE_X37Y77         CARRY4 (Prop_carry4_CI_CO[3])
                                                      0.114    14.026 r  power_ram/wide_acc_reg[43]_i_3/CO[3]
                         net (fo=1, routed)           0.000    14.026    power_ram/wide_acc_reg[43]_i_3_n_0
    SLICE_X37Y78         CARRY4 (Prop_carry4_CI_CO[3])
                                                      0.114    14.140 r  power_ram/wide_acc_reg[47]_i_3/CO[3]
                         net (fo=1, routed)           0.000    14.140    power_ram/wide_acc_reg[47]_i_3_n_0
    SLICE_X37Y79         CARRY4 (Prop_carry4_CI_CO[3])
                                                      0.114    14.254 r  power_ram/wide_acc_reg[51]_i_3/CO[3]
                         net (fo=1, routed)           0.000    14.254    power_ram/wide_acc_reg[51]_i_3_n_0
    SLICE_X37Y80         CARRY4 (Prop_carry4_CI_O[3])
                                                      0.313    14.567 r  power_ram/wide_acc_reg[55]_i_3/O[3]
                         net (fo=3, routed)           0.479    15.045    power_ram_n_120
    SLICE_X41Y78         LUT6 (Prop_lut6_I5_O)        0.306    15.351 r  dbg_value[55]_i_2/O
                         net (fo=1, routed)           0.407    15.758    dbg_value[55]_i_2_n_0
    SLICE_X41Y78         LUT5 (Prop_lut5_I4_O)        0.124    15.882 r  dbg_value[55]_i_1/O
                         net (fo=1, routed)           0.000    15.882    dbg_value[55]_i_1_n_0
    SLICE_X41Y78         FDRE                                         r  dbg_value_reg[55]/D
  -------------------------------------------------------------------    -------------------

                         (clock clk rise edge)       20.000    20.000 r
                                                      0.000    20.000 r  clk (IN)
                         net (fo=1330, unset)         0.924    20.924    clk
    SLICE_X41Y78         FDRE                                         r  dbg_value_reg[55]/C
                         clock pessimism              0.000    20.924
                         clock uncertainty           -0.035    20.889
    SLICE_X41Y78         FDRE (Setup_fdre_C_D)        0.031    20.920    dbg_value_reg[55]
  -------------------------------------------------------------------
                         required time                         20.920
                         arrival time                         -15.882
  -------------------------------------------------------------------
                         slack                                  5.038

Slack (MET) :             5.152ns  (required time - arrival time)
  Source:                 purpose_reg[1]/C
                            (rising edge-triggered cell FDRE clocked by clk  {rise@0.000ns fall@10.000ns period=20.000ns})
  Destination:            dbg_value_reg[45]/D
                            (rising edge-triggered cell FDRE clocked by clk  {rise@0.000ns fall@10.000ns period=20.000ns})
  Path Group:             clk
  Path Type:              Setup (Max at Slow Process Corner)
  Requirement:            20.000ns  (clk rise@20.000ns - clk rise@0.000ns)
  Data Path Delay:        14.793ns  (logic 6.733ns (45.514%)  route 8.060ns (54.486%))
  Logic Levels:           22  (CARRY4=13 DSP48E1=1 LUT2=1 LUT4=3 LUT5=1 LUT6=3)
  Clock Path Skew:        -0.049ns (DCD - SCD + CPR)
    Destination Clock Delay (DCD):    0.924ns = ( 20.924 - 20.000 )
    Source Clock Delay      (SCD):    0.973ns
    Clock Pessimism Removal (CPR):    0.000ns
  Clock Uncertainty:      0.035ns  ((TSJ^2 + TIJ^2)^1/2 + DJ) / 2 + PE
    Total System Jitter     (TSJ):    0.071ns
    Total Input Jitter      (TIJ):    0.000ns
    Discrete Jitter          (DJ):    0.000ns
    Phase Error              (PE):    0.000ns

    Location             Delay type                Incr(ns)  Path(ns)    Netlist Resource(s)
  -------------------------------------------------------------------    -------------------
                         (clock clk rise edge)        0.000     0.000 r
                                                      0.000     0.000 r  clk (IN)
                         net (fo=1330, unset)         0.973     0.973    clk
    SLICE_X41Y80         FDRE                                         r  purpose_reg[1]/C
  -------------------------------------------------------------------    -------------------
    SLICE_X41Y80         FDRE (Prop_fdre_C_Q)         0.456     1.429 r  purpose_reg[1]/Q
                         net (fo=10, routed)          0.868     2.297    lanes[0].rom/cycles_nn[17]_i_3
    SLICE_X35Y80         LUT2 (Prop_lut2_I0_O)        0.124     2.421 r  lanes[0].rom/cycles_power[23]_i_5/O
                         net (fo=18, routed)          1.475     3.897    lanes[0].rom/purpose_reg[1]
    SLICE_X45Y60         LUT6 (Prop_lut6_I4_O)        0.124     4.021 f  lanes[0].rom/unsigned_product_i_38/O
                         net (fo=2, routed)           1.129     5.150    lanes[0].rom_n_24
    SLICE_X35Y61         LUT4 (Prop_lut4_I3_O)        0.153     5.303 r  unsigned_product_i_8/O
                         net (fo=1, routed)           0.924     6.227    A[8]
    DSP48_X0Y25          DSP48E1 (Prop_dsp48e1_A[8]_P[0])
                                                      2.280     8.507 r  unsigned_product/P[0]
                         net (fo=3, routed)           1.289     9.795    power_ram/P[0]
    SLICE_X34Y65         LUT4 (Prop_lut4_I3_O)        0.124     9.919 r  power_ram/wide_acc[3]_i_7/O
                         net (fo=1, routed)           0.000     9.919    power_ram/wide_acc[3]_i_7_n_0
    SLICE_X34Y65         CARRY4 (Prop_carry4_S[0]_O[3])
                                                      0.608    10.527 r  power_ram/wide_acc_reg[3]_i_2/O[3]
                         net (fo=2, routed)           0.790    11.317    power_ram/wide_acc_reg[3][3]
    SLICE_X35Y66         LUT4 (Prop_lut4_I3_O)        0.307    11.624 f  power_ram/wide_acc[3]_i_9/O
                         net (fo=1, routed)           0.597    12.221    power_ram/wide_acc[3]_i_9_n_0
    SLICE_X37Y67         LUT6 (Prop_lut6_I0_O)        0.124    12.345 r  power_ram/wide_acc[3]_i_8/O
                         net (fo=1, routed)           0.000    12.345    power_ram/wide_acc[3]_i_8_n_0
    SLICE_X37Y67         CARRY4 (Prop_carry4_S[0]_CO[3])
                                                      0.532    12.877 r  power_ram/wide_acc_reg[3]_i_3/CO[3]
                         net (fo=1, routed)           0.000    12.877    power_ram/wide_acc_reg[3]_i_3_n_0
    SLICE_X37Y68         CARRY4 (Prop_carry4_CI_CO[3])
                                                      0.114    12.991 r  power_ram/wide_acc_reg[7]_i_3/CO[3]
                         net (fo=1, routed)           0.000    12.991    power_ram/wide_acc_reg[7]_i_3_n_0
    SLICE_X37Y69         CARRY4 (Prop_carry4_CI_CO[3])
                                                      0.114    13.105 r  power_ram/wide_acc_reg[11]_i_3/CO[3]
                         net (fo=1, routed)           0.000    13.105    power_ram/wide_acc_reg[11]_i_3_n_0
    SLICE_X37Y70         CARRY4 (Prop_carry4_CI_CO[3])
                                                      0.114    13.219 r  power_ram/wide_acc_reg[15]_i_3/CO[3]
                         net (fo=1, routed)           0.000    13.219    power_ram/wide_acc_reg[15]_i_3_n_0
    SLICE_X37Y71         CARRY4 (Prop_carry4_CI_CO[3])
                                                      0.114    13.333 r  power_ram/wide_acc_reg[19]_i_3/CO[3]
                         net (fo=1, routed)           0.000    13.333    power_ram/wide_acc_reg[19]_i_3_n_0
    SLICE_X37Y72         CARRY4 (Prop_carry4_CI_CO[3])
                                                      0.114    13.447 r  power_ram/wide_acc_reg[23]_i_3/CO[3]
                         net (fo=1, routed)           0.000    13.447    power_ram/wide_acc_reg[23]_i_3_n_0
    SLICE_X37Y73         CARRY4 (Prop_carry4_CI_CO[3])
                                                      0.114    13.561 r  power_ram/wide_acc_reg[27]_i_3/CO[3]
                         net (fo=1, routed)           0.000    13.561    power_ram/wide_acc_reg[27]_i_3_n_0
    SLICE_X37Y74         CARRY4 (Prop_carry4_CI_CO[3])
                                                      0.114    13.675 r  power_ram/wide_acc_reg[31]_i_3/CO[3]
                         net (fo=1, routed)           0.009    13.684    power_ram/wide_acc_reg[31]_i_3_n_0
    SLICE_X37Y75         CARRY4 (Prop_carry4_CI_CO[3])
                                                      0.114    13.798 r  power_ram/wide_acc_reg[35]_i_3/CO[3]
                         net (fo=1, routed)           0.000    13.798    power_ram/wide_acc_reg[35]_i_3_n_0
    SLICE_X37Y76         CARRY4 (Prop_carry4_CI_CO[3])
                                                      0.114    13.912 r  power_ram/wide_acc_reg[39]_i_3/CO[3]
                         net (fo=1, routed)           0.000    13.912    power_ram/wide_acc_reg[39]_i_3_n_0
    SLICE_X37Y77         CARRY4 (Prop_carry4_CI_CO[3])
                                                      0.114    14.026 r  power_ram/wide_acc_reg[43]_i_3/CO[3]
                         net (fo=1, routed)           0.000    14.026    power_ram/wide_acc_reg[43]_i_3_n_0
    SLICE_X37Y78         CARRY4 (Prop_carry4_CI_O[1])
                                                      0.334    14.360 r  power_ram/wide_acc_reg[47]_i_3/O[1]
                         net (fo=3, routed)           0.476    14.836    power_ram_n_113
    SLICE_X42Y78         LUT6 (Prop_lut6_I5_O)        0.303    15.139 r  dbg_value[45]_i_2/O
                         net (fo=1, routed)           0.504    15.642    dbg_value[45]_i_2_n_0
    SLICE_X43Y78         LUT5 (Prop_lut5_I4_O)        0.124    15.766 r  dbg_value[45]_i_1/O
                         net (fo=1, routed)           0.000    15.766    dbg_value[45]_i_1_n_0
    SLICE_X43Y78         FDRE                                         r  dbg_value_reg[45]/D
  -------------------------------------------------------------------    -------------------

                         (clock clk rise edge)       20.000    20.000 r
                                                      0.000    20.000 r  clk (IN)
                         net (fo=1330, unset)         0.924    20.924    clk
    SLICE_X43Y78         FDRE                                         r  dbg_value_reg[45]/C
                         clock pessimism              0.000    20.924
                         clock uncertainty           -0.035    20.889
    SLICE_X43Y78         FDRE (Setup_fdre_C_D)        0.029    20.918    dbg_value_reg[45]
  -------------------------------------------------------------------
                         required time                         20.918
                         arrival time                         -15.766
  -------------------------------------------------------------------
                         slack                                  5.152

Slack (MET) :             5.202ns  (required time - arrival time)
  Source:                 purpose_reg[1]/C
                            (rising edge-triggered cell FDRE clocked by clk  {rise@0.000ns fall@10.000ns period=20.000ns})
  Destination:            dbg_value_reg[46]/D
                            (rising edge-triggered cell FDRE clocked by clk  {rise@0.000ns fall@10.000ns period=20.000ns})
  Path Group:             clk
  Path Type:              Setup (Max at Slow Process Corner)
  Requirement:            20.000ns  (clk rise@20.000ns - clk rise@0.000ns)
  Data Path Delay:        14.795ns  (logic 6.637ns (44.858%)  route 8.158ns (55.141%))
  Logic Levels:           22  (CARRY4=13 DSP48E1=1 LUT2=1 LUT4=3 LUT5=1 LUT6=3)
  Clock Path Skew:        -0.049ns (DCD - SCD + CPR)
    Destination Clock Delay (DCD):    0.924ns = ( 20.924 - 20.000 )
    Source Clock Delay      (SCD):    0.973ns
    Clock Pessimism Removal (CPR):    0.000ns
  Clock Uncertainty:      0.035ns  ((TSJ^2 + TIJ^2)^1/2 + DJ) / 2 + PE
    Total System Jitter     (TSJ):    0.071ns
    Total Input Jitter      (TIJ):    0.000ns
    Discrete Jitter          (DJ):    0.000ns
    Phase Error              (PE):    0.000ns

    Location             Delay type                Incr(ns)  Path(ns)    Netlist Resource(s)
  -------------------------------------------------------------------    -------------------
                         (clock clk rise edge)        0.000     0.000 r
                                                      0.000     0.000 r  clk (IN)
                         net (fo=1330, unset)         0.973     0.973    clk
    SLICE_X41Y80         FDRE                                         r  purpose_reg[1]/C
  -------------------------------------------------------------------    -------------------
    SLICE_X41Y80         FDRE (Prop_fdre_C_Q)         0.456     1.429 r  purpose_reg[1]/Q
                         net (fo=10, routed)          0.868     2.297    lanes[0].rom/cycles_nn[17]_i_3
    SLICE_X35Y80         LUT2 (Prop_lut2_I0_O)        0.124     2.421 r  lanes[0].rom/cycles_power[23]_i_5/O
                         net (fo=18, routed)          1.475     3.897    lanes[0].rom/purpose_reg[1]
    SLICE_X45Y60         LUT6 (Prop_lut6_I4_O)        0.124     4.021 f  lanes[0].rom/unsigned_product_i_38/O
                         net (fo=2, routed)           1.129     5.150    lanes[0].rom_n_24
    SLICE_X35Y61         LUT4 (Prop_lut4_I3_O)        0.153     5.303 r  unsigned_product_i_8/O
                         net (fo=1, routed)           0.924     6.227    A[8]
    DSP48_X0Y25          DSP48E1 (Prop_dsp48e1_A[8]_P[0])
                                                      2.280     8.507 r  unsigned_product/P[0]
                         net (fo=3, routed)           1.289     9.795    power_ram/P[0]
    SLICE_X34Y65         LUT4 (Prop_lut4_I3_O)        0.124     9.919 r  power_ram/wide_acc[3]_i_7/O
                         net (fo=1, routed)           0.000     9.919    power_ram/wide_acc[3]_i_7_n_0
    SLICE_X34Y65         CARRY4 (Prop_carry4_S[0]_O[3])
                                                      0.608    10.527 r  power_ram/wide_acc_reg[3]_i_2/O[3]
                         net (fo=2, routed)           0.790    11.317    power_ram/wide_acc_reg[3][3]
    SLICE_X35Y66         LUT4 (Prop_lut4_I3_O)        0.307    11.624 f  power_ram/wide_acc[3]_i_9/O
                         net (fo=1, routed)           0.597    12.221    power_ram/wide_acc[3]_i_9_n_0
    SLICE_X37Y67         LUT6 (Prop_lut6_I0_O)        0.124    12.345 r  power_ram/wide_acc[3]_i_8/O
                         net (fo=1, routed)           0.000    12.345    power_ram/wide_acc[3]_i_8_n_0
    SLICE_X37Y67         CARRY4 (Prop_carry4_S[0]_CO[3])
                                                      0.532    12.877 r  power_ram/wide_acc_reg[3]_i_3/CO[3]
                         net (fo=1, routed)           0.000    12.877    power_ram/wide_acc_reg[3]_i_3_n_0
    SLICE_X37Y68         CARRY4 (Prop_carry4_CI_CO[3])
                                                      0.114    12.991 r  power_ram/wide_acc_reg[7]_i_3/CO[3]
                         net (fo=1, routed)           0.000    12.991    power_ram/wide_acc_reg[7]_i_3_n_0
    SLICE_X37Y69         CARRY4 (Prop_carry4_CI_CO[3])
                                                      0.114    13.105 r  power_ram/wide_acc_reg[11]_i_3/CO[3]
                         net (fo=1, routed)           0.000    13.105    power_ram/wide_acc_reg[11]_i_3_n_0
    SLICE_X37Y70         CARRY4 (Prop_carry4_CI_CO[3])
                                                      0.114    13.219 r  power_ram/wide_acc_reg[15]_i_3/CO[3]
                         net (fo=1, routed)           0.000    13.219    power_ram/wide_acc_reg[15]_i_3_n_0
    SLICE_X37Y71         CARRY4 (Prop_carry4_CI_CO[3])
                                                      0.114    13.333 r  power_ram/wide_acc_reg[19]_i_3/CO[3]
                         net (fo=1, routed)           0.000    13.333    power_ram/wide_acc_reg[19]_i_3_n_0
    SLICE_X37Y72         CARRY4 (Prop_carry4_CI_CO[3])
                                                      0.114    13.447 r  power_ram/wide_acc_reg[23]_i_3/CO[3]
                         net (fo=1, routed)           0.000    13.447    power_ram/wide_acc_reg[23]_i_3_n_0
    SLICE_X37Y73         CARRY4 (Prop_carry4_CI_CO[3])
                                                      0.114    13.561 r  power_ram/wide_acc_reg[27]_i_3/CO[3]
                         net (fo=1, routed)           0.000    13.561    power_ram/wide_acc_reg[27]_i_3_n_0
    SLICE_X37Y74         CARRY4 (Prop_carry4_CI_CO[3])
                                                      0.114    13.675 r  power_ram/wide_acc_reg[31]_i_3/CO[3]
                         net (fo=1, routed)           0.009    13.684    power_ram/wide_acc_reg[31]_i_3_n_0
    SLICE_X37Y75         CARRY4 (Prop_carry4_CI_CO[3])
                                                      0.114    13.798 r  power_ram/wide_acc_reg[35]_i_3/CO[3]
                         net (fo=1, routed)           0.000    13.798    power_ram/wide_acc_reg[35]_i_3_n_0
    SLICE_X37Y76         CARRY4 (Prop_carry4_CI_CO[3])
                                                      0.114    13.912 r  power_ram/wide_acc_reg[39]_i_3/CO[3]
                         net (fo=1, routed)           0.000    13.912    power_ram/wide_acc_reg[39]_i_3_n_0
    SLICE_X37Y77         CARRY4 (Prop_carry4_CI_CO[3])
                                                      0.114    14.026 r  power_ram/wide_acc_reg[43]_i_3/CO[3]
                         net (fo=1, routed)           0.000    14.026    power_ram/wide_acc_reg[43]_i_3_n_0
    SLICE_X37Y78         CARRY4 (Prop_carry4_CI_O[2])
                                                      0.239    14.265 r  power_ram/wide_acc_reg[47]_i_3/O[2]
                         net (fo=3, routed)           0.584    14.849    power_ram_n_112
    SLICE_X42Y77         LUT6 (Prop_lut6_I5_O)        0.302    15.151 r  dbg_value[46]_i_2/O
                         net (fo=1, routed)           0.493    15.644    dbg_value[46]_i_2_n_0
    SLICE_X42Y77         LUT5 (Prop_lut5_I4_O)        0.124    15.768 r  dbg_value[46]_i_1/O
                         net (fo=1, routed)           0.000    15.768    dbg_value[46]_i_1_n_0
    SLICE_X42Y77         FDRE                                         r  dbg_value_reg[46]/D
  -------------------------------------------------------------------    -------------------

                         (clock clk rise edge)       20.000    20.000 r
                                                      0.000    20.000 r  clk (IN)
                         net (fo=1330, unset)         0.924    20.924    clk
    SLICE_X42Y77         FDRE                                         r  dbg_value_reg[46]/C
                         clock pessimism              0.000    20.924
                         clock uncertainty           -0.035    20.889
    SLICE_X42Y77         FDRE (Setup_fdre_C_D)        0.081    20.970    dbg_value_reg[46]
  -------------------------------------------------------------------
                         required time                         20.970
                         arrival time                         -15.768
  -------------------------------------------------------------------
                         slack                                  5.202

Slack (MET) :             5.216ns  (required time - arrival time)
  Source:                 purpose_reg[1]/C
                            (rising edge-triggered cell FDRE clocked by clk  {rise@0.000ns fall@10.000ns period=20.000ns})
  Destination:            dbg_value_reg[56]/D
                            (rising edge-triggered cell FDRE clocked by clk  {rise@0.000ns fall@10.000ns period=20.000ns})
  Path Group:             clk
  Path Type:              Setup (Max at Slow Process Corner)
  Requirement:            20.000ns  (clk rise@20.000ns - clk rise@0.000ns)
  Data Path Delay:        14.777ns  (logic 7.082ns (47.926%)  route 7.695ns (52.074%))
  Logic Levels:           25  (CARRY4=16 DSP48E1=1 LUT2=1 LUT4=3 LUT5=1 LUT6=3)
  Clock Path Skew:        -0.049ns (DCD - SCD + CPR)
    Destination Clock Delay (DCD):    0.924ns = ( 20.924 - 20.000 )
    Source Clock Delay      (SCD):    0.973ns
    Clock Pessimism Removal (CPR):    0.000ns
  Clock Uncertainty:      0.035ns  ((TSJ^2 + TIJ^2)^1/2 + DJ) / 2 + PE
    Total System Jitter     (TSJ):    0.071ns
    Total Input Jitter      (TIJ):    0.000ns
    Discrete Jitter          (DJ):    0.000ns
    Phase Error              (PE):    0.000ns

    Location             Delay type                Incr(ns)  Path(ns)    Netlist Resource(s)
  -------------------------------------------------------------------    -------------------
                         (clock clk rise edge)        0.000     0.000 r
                                                      0.000     0.000 r  clk (IN)
                         net (fo=1330, unset)         0.973     0.973    clk
    SLICE_X41Y80         FDRE                                         r  purpose_reg[1]/C
  -------------------------------------------------------------------    -------------------
    SLICE_X41Y80         FDRE (Prop_fdre_C_Q)         0.456     1.429 r  purpose_reg[1]/Q
                         net (fo=10, routed)          0.868     2.297    lanes[0].rom/cycles_nn[17]_i_3
    SLICE_X35Y80         LUT2 (Prop_lut2_I0_O)        0.124     2.421 r  lanes[0].rom/cycles_power[23]_i_5/O
                         net (fo=18, routed)          1.475     3.897    lanes[0].rom/purpose_reg[1]
    SLICE_X45Y60         LUT6 (Prop_lut6_I4_O)        0.124     4.021 f  lanes[0].rom/unsigned_product_i_38/O
                         net (fo=2, routed)           1.129     5.150    lanes[0].rom_n_24
    SLICE_X35Y61         LUT4 (Prop_lut4_I3_O)        0.153     5.303 r  unsigned_product_i_8/O
                         net (fo=1, routed)           0.924     6.227    A[8]
    DSP48_X0Y25          DSP48E1 (Prop_dsp48e1_A[8]_P[0])
                                                      2.280     8.507 r  unsigned_product/P[0]
                         net (fo=3, routed)           1.289     9.795    power_ram/P[0]
    SLICE_X34Y65         LUT4 (Prop_lut4_I3_O)        0.124     9.919 r  power_ram/wide_acc[3]_i_7/O
                         net (fo=1, routed)           0.000     9.919    power_ram/wide_acc[3]_i_7_n_0
    SLICE_X34Y65         CARRY4 (Prop_carry4_S[0]_O[3])
                                                      0.608    10.527 r  power_ram/wide_acc_reg[3]_i_2/O[3]
                         net (fo=2, routed)           0.790    11.317    power_ram/wide_acc_reg[3][3]
    SLICE_X35Y66         LUT4 (Prop_lut4_I3_O)        0.307    11.624 f  power_ram/wide_acc[3]_i_9/O
                         net (fo=1, routed)           0.597    12.221    power_ram/wide_acc[3]_i_9_n_0
    SLICE_X37Y67         LUT6 (Prop_lut6_I0_O)        0.124    12.345 r  power_ram/wide_acc[3]_i_8/O
                         net (fo=1, routed)           0.000    12.345    power_ram/wide_acc[3]_i_8_n_0
    SLICE_X37Y67         CARRY4 (Prop_carry4_S[0]_CO[3])
                                                      0.532    12.877 r  power_ram/wide_acc_reg[3]_i_3/CO[3]
                         net (fo=1, routed)           0.000    12.877    power_ram/wide_acc_reg[3]_i_3_n_0
    SLICE_X37Y68         CARRY4 (Prop_carry4_CI_CO[3])
                                                      0.114    12.991 r  power_ram/wide_acc_reg[7]_i_3/CO[3]
                         net (fo=1, routed)           0.000    12.991    power_ram/wide_acc_reg[7]_i_3_n_0
    SLICE_X37Y69         CARRY4 (Prop_carry4_CI_CO[3])
                                                      0.114    13.105 r  power_ram/wide_acc_reg[11]_i_3/CO[3]
                         net (fo=1, routed)           0.000    13.105    power_ram/wide_acc_reg[11]_i_3_n_0
    SLICE_X37Y70         CARRY4 (Prop_carry4_CI_CO[3])
                                                      0.114    13.219 r  power_ram/wide_acc_reg[15]_i_3/CO[3]
                         net (fo=1, routed)           0.000    13.219    power_ram/wide_acc_reg[15]_i_3_n_0
    SLICE_X37Y71         CARRY4 (Prop_carry4_CI_CO[3])
                                                      0.114    13.333 r  power_ram/wide_acc_reg[19]_i_3/CO[3]
                         net (fo=1, routed)           0.000    13.333    power_ram/wide_acc_reg[19]_i_3_n_0
    SLICE_X37Y72         CARRY4 (Prop_carry4_CI_CO[3])
                                                      0.114    13.447 r  power_ram/wide_acc_reg[23]_i_3/CO[3]
                         net (fo=1, routed)           0.000    13.447    power_ram/wide_acc_reg[23]_i_3_n_0
    SLICE_X37Y73         CARRY4 (Prop_carry4_CI_CO[3])
                                                      0.114    13.561 r  power_ram/wide_acc_reg[27]_i_3/CO[3]
                         net (fo=1, routed)           0.000    13.561    power_ram/wide_acc_reg[27]_i_3_n_0
    SLICE_X37Y74         CARRY4 (Prop_carry4_CI_CO[3])
                                                      0.114    13.675 r  power_ram/wide_acc_reg[31]_i_3/CO[3]
                         net (fo=1, routed)           0.009    13.684    power_ram/wide_acc_reg[31]_i_3_n_0
    SLICE_X37Y75         CARRY4 (Prop_carry4_CI_CO[3])
                                                      0.114    13.798 r  power_ram/wide_acc_reg[35]_i_3/CO[3]
                         net (fo=1, routed)           0.000    13.798    power_ram/wide_acc_reg[35]_i_3_n_0
    SLICE_X37Y76         CARRY4 (Prop_carry4_CI_CO[3])
                                                      0.114    13.912 r  power_ram/wide_acc_reg[39]_i_3/CO[3]
                         net (fo=1, routed)           0.000    13.912    power_ram/wide_acc_reg[39]_i_3_n_0
    SLICE_X37Y77         CARRY4 (Prop_carry4_CI_CO[3])
                                                      0.114    14.026 r  power_ram/wide_acc_reg[43]_i_3/CO[3]
                         net (fo=1, routed)           0.000    14.026    power_ram/wide_acc_reg[43]_i_3_n_0
    SLICE_X37Y78         CARRY4 (Prop_carry4_CI_CO[3])
                                                      0.114    14.140 r  power_ram/wide_acc_reg[47]_i_3/CO[3]
                         net (fo=1, routed)           0.000    14.140    power_ram/wide_acc_reg[47]_i_3_n_0
    SLICE_X37Y79         CARRY4 (Prop_carry4_CI_CO[3])
                                                      0.114    14.254 r  power_ram/wide_acc_reg[51]_i_3/CO[3]
                         net (fo=1, routed)           0.000    14.254    power_ram/wide_acc_reg[51]_i_3_n_0
    SLICE_X37Y80         CARRY4 (Prop_carry4_CI_CO[3])
                                                      0.114    14.368 r  power_ram/wide_acc_reg[55]_i_3/CO[3]
                         net (fo=1, routed)           0.000    14.368    power_ram/wide_acc_reg[55]_i_3_n_0
    SLICE_X37Y81         CARRY4 (Prop_carry4_CI_CO[0])
                                                      0.271    14.639 r  power_ram/wide_acc_reg[56]_i_3/CO[0]
                         net (fo=3, routed)           0.449    15.088    power_ram_n_124
    SLICE_X38Y81         LUT6 (Prop_lut6_I5_O)        0.373    15.461 r  dbg_value[56]_i_2/O
                         net (fo=1, routed)           0.165    15.626    dbg_value[56]_i_2_n_0
    SLICE_X38Y81         LUT5 (Prop_lut5_I4_O)        0.124    15.750 r  dbg_value[56]_i_1/O
                         net (fo=1, routed)           0.000    15.750    dbg_value[56]_i_1_n_0
    SLICE_X38Y81         FDRE                                         r  dbg_value_reg[56]/D
  -------------------------------------------------------------------    -------------------

                         (clock clk rise edge)       20.000    20.000 r
                                                      0.000    20.000 r  clk (IN)
                         net (fo=1330, unset)         0.924    20.924    clk
    SLICE_X38Y81         FDRE                                         r  dbg_value_reg[56]/C
                         clock pessimism              0.000    20.924
                         clock uncertainty           -0.035    20.889
    SLICE_X38Y81         FDRE (Setup_fdre_C_D)        0.077    20.966    dbg_value_reg[56]
  -------------------------------------------------------------------
                         required time                         20.966
                         arrival time                         -15.750
  -------------------------------------------------------------------
                         slack                                  5.216

Slack (MET) :             5.249ns  (required time - arrival time)
  Source:                 purpose_reg[1]/C
                            (rising edge-triggered cell FDRE clocked by clk  {rise@0.000ns fall@10.000ns period=20.000ns})
  Destination:            dbg_value_reg[47]/D
                            (rising edge-triggered cell FDRE clocked by clk  {rise@0.000ns fall@10.000ns period=20.000ns})
  Path Group:             clk
  Path Type:              Setup (Max at Slow Process Corner)
  Requirement:            20.000ns  (clk rise@20.000ns - clk rise@0.000ns)
  Data Path Delay:        14.698ns  (logic 6.715ns (45.686%)  route 7.983ns (54.314%))
  Logic Levels:           22  (CARRY4=13 DSP48E1=1 LUT2=1 LUT4=3 LUT5=1 LUT6=3)
  Clock Path Skew:        -0.049ns (DCD - SCD + CPR)
    Destination Clock Delay (DCD):    0.924ns = ( 20.924 - 20.000 )
    Source Clock Delay      (SCD):    0.973ns
    Clock Pessimism Removal (CPR):    0.000ns
  Clock Uncertainty:      0.035ns  ((TSJ^2 + TIJ^2)^1/2 + DJ) / 2 + PE
    Total System Jitter     (TSJ):    0.071ns
    Total Input Jitter      (TIJ):    0.000ns
    Discrete Jitter          (DJ):    0.000ns
    Phase Error              (PE):    0.000ns

    Location             Delay type                Incr(ns)  Path(ns)    Netlist Resource(s)
  -------------------------------------------------------------------    -------------------
                         (clock clk rise edge)        0.000     0.000 r
                                                      0.000     0.000 r  clk (IN)
                         net (fo=1330, unset)         0.973     0.973    clk
    SLICE_X41Y80         FDRE                                         r  purpose_reg[1]/C
  -------------------------------------------------------------------    -------------------
    SLICE_X41Y80         FDRE (Prop_fdre_C_Q)         0.456     1.429 r  purpose_reg[1]/Q
                         net (fo=10, routed)          0.868     2.297    lanes[0].rom/cycles_nn[17]_i_3
    SLICE_X35Y80         LUT2 (Prop_lut2_I0_O)        0.124     2.421 r  lanes[0].rom/cycles_power[23]_i_5/O
                         net (fo=18, routed)          1.475     3.897    lanes[0].rom/purpose_reg[1]
    SLICE_X45Y60         LUT6 (Prop_lut6_I4_O)        0.124     4.021 f  lanes[0].rom/unsigned_product_i_38/O
                         net (fo=2, routed)           1.129     5.150    lanes[0].rom_n_24
    SLICE_X35Y61         LUT4 (Prop_lut4_I3_O)        0.153     5.303 r  unsigned_product_i_8/O
                         net (fo=1, routed)           0.924     6.227    A[8]
    DSP48_X0Y25          DSP48E1 (Prop_dsp48e1_A[8]_P[0])
                                                      2.280     8.507 r  unsigned_product/P[0]
                         net (fo=3, routed)           1.289     9.795    power_ram/P[0]
    SLICE_X34Y65         LUT4 (Prop_lut4_I3_O)        0.124     9.919 r  power_ram/wide_acc[3]_i_7/O
                         net (fo=1, routed)           0.000     9.919    power_ram/wide_acc[3]_i_7_n_0
    SLICE_X34Y65         CARRY4 (Prop_carry4_S[0]_O[3])
                                                      0.608    10.527 r  power_ram/wide_acc_reg[3]_i_2/O[3]
                         net (fo=2, routed)           0.790    11.317    power_ram/wide_acc_reg[3][3]
    SLICE_X35Y66         LUT4 (Prop_lut4_I3_O)        0.307    11.624 f  power_ram/wide_acc[3]_i_9/O
                         net (fo=1, routed)           0.597    12.221    power_ram/wide_acc[3]_i_9_n_0
    SLICE_X37Y67         LUT6 (Prop_lut6_I0_O)        0.124    12.345 r  power_ram/wide_acc[3]_i_8/O
                         net (fo=1, routed)           0.000    12.345    power_ram/wide_acc[3]_i_8_n_0
    SLICE_X37Y67         CARRY4 (Prop_carry4_S[0]_CO[3])
                                                      0.532    12.877 r  power_ram/wide_acc_reg[3]_i_3/CO[3]
                         net (fo=1, routed)           0.000    12.877    power_ram/wide_acc_reg[3]_i_3_n_0
    SLICE_X37Y68         CARRY4 (Prop_carry4_CI_CO[3])
                                                      0.114    12.991 r  power_ram/wide_acc_reg[7]_i_3/CO[3]
                         net (fo=1, routed)           0.000    12.991    power_ram/wide_acc_reg[7]_i_3_n_0
    SLICE_X37Y69         CARRY4 (Prop_carry4_CI_CO[3])
                                                      0.114    13.105 r  power_ram/wide_acc_reg[11]_i_3/CO[3]
                         net (fo=1, routed)           0.000    13.105    power_ram/wide_acc_reg[11]_i_3_n_0
    SLICE_X37Y70         CARRY4 (Prop_carry4_CI_CO[3])
                                                      0.114    13.219 r  power_ram/wide_acc_reg[15]_i_3/CO[3]
                         net (fo=1, routed)           0.000    13.219    power_ram/wide_acc_reg[15]_i_3_n_0
    SLICE_X37Y71         CARRY4 (Prop_carry4_CI_CO[3])
                                                      0.114    13.333 r  power_ram/wide_acc_reg[19]_i_3/CO[3]
                         net (fo=1, routed)           0.000    13.333    power_ram/wide_acc_reg[19]_i_3_n_0
    SLICE_X37Y72         CARRY4 (Prop_carry4_CI_CO[3])
                                                      0.114    13.447 r  power_ram/wide_acc_reg[23]_i_3/CO[3]
                         net (fo=1, routed)           0.000    13.447    power_ram/wide_acc_reg[23]_i_3_n_0
    SLICE_X37Y73         CARRY4 (Prop_carry4_CI_CO[3])
                                                      0.114    13.561 r  power_ram/wide_acc_reg[27]_i_3/CO[3]
                         net (fo=1, routed)           0.000    13.561    power_ram/wide_acc_reg[27]_i_3_n_0
    SLICE_X37Y74         CARRY4 (Prop_carry4_CI_CO[3])
                                                      0.114    13.675 r  power_ram/wide_acc_reg[31]_i_3/CO[3]
                         net (fo=1, routed)           0.009    13.684    power_ram/wide_acc_reg[31]_i_3_n_0
    SLICE_X37Y75         CARRY4 (Prop_carry4_CI_CO[3])
                                                      0.114    13.798 r  power_ram/wide_acc_reg[35]_i_3/CO[3]
                         net (fo=1, routed)           0.000    13.798    power_ram/wide_acc_reg[35]_i_3_n_0
    SLICE_X37Y76         CARRY4 (Prop_carry4_CI_CO[3])
                                                      0.114    13.912 r  power_ram/wide_acc_reg[39]_i_3/CO[3]
                         net (fo=1, routed)           0.000    13.912    power_ram/wide_acc_reg[39]_i_3_n_0
    SLICE_X37Y77         CARRY4 (Prop_carry4_CI_CO[3])
                                                      0.114    14.026 r  power_ram/wide_acc_reg[43]_i_3/CO[3]
                         net (fo=1, routed)           0.000    14.026    power_ram/wide_acc_reg[43]_i_3_n_0
    SLICE_X37Y78         CARRY4 (Prop_carry4_CI_O[3])
                                                      0.313    14.339 r  power_ram/wide_acc_reg[47]_i_3/O[3]
                         net (fo=3, routed)           0.473    14.812    power_ram_n_111
    SLICE_X35Y77         LUT6 (Prop_lut6_I5_O)        0.306    15.118 r  dbg_value[47]_i_2/O
                         net (fo=1, routed)           0.429    15.547    dbg_value[47]_i_2_n_0
    SLICE_X33Y78         LUT5 (Prop_lut5_I4_O)        0.124    15.671 r  dbg_value[47]_i_1/O
                         net (fo=1, routed)           0.000    15.671    dbg_value[47]_i_1_n_0
    SLICE_X33Y78         FDRE                                         r  dbg_value_reg[47]/D
  -------------------------------------------------------------------    -------------------

                         (clock clk rise edge)       20.000    20.000 r
                                                      0.000    20.000 r  clk (IN)
                         net (fo=1330, unset)         0.924    20.924    clk
    SLICE_X33Y78         FDRE                                         r  dbg_value_reg[47]/C
                         clock pessimism              0.000    20.924
                         clock uncertainty           -0.035    20.889
    SLICE_X33Y78         FDRE (Setup_fdre_C_D)        0.031    20.920    dbg_value_reg[47]
  -------------------------------------------------------------------
                         required time                         20.920
                         arrival time                         -15.671
  -------------------------------------------------------------------
                         slack                                  5.249

Slack (MET) :             5.250ns  (required time - arrival time)
  Source:                 purpose_reg[1]/C
                            (rising edge-triggered cell FDRE clocked by clk  {rise@0.000ns fall@10.000ns period=20.000ns})
  Destination:            dbg_value_reg[44]/D
                            (rising edge-triggered cell FDRE clocked by clk  {rise@0.000ns fall@10.000ns period=20.000ns})
  Path Group:             clk
  Path Type:              Setup (Max at Slow Process Corner)
  Requirement:            20.000ns  (clk rise@20.000ns - clk rise@0.000ns)
  Data Path Delay:        14.697ns  (logic 6.617ns (45.023%)  route 8.080ns (54.977%))
  Logic Levels:           22  (CARRY4=13 DSP48E1=1 LUT2=1 LUT4=3 LUT5=1 LUT6=3)
  Clock Path Skew:        -0.049ns (DCD - SCD + CPR)
    Destination Clock Delay (DCD):    0.924ns = ( 20.924 - 20.000 )
    Source Clock Delay      (SCD):    0.973ns
    Clock Pessimism Removal (CPR):    0.000ns
  Clock Uncertainty:      0.035ns  ((TSJ^2 + TIJ^2)^1/2 + DJ) / 2 + PE
    Total System Jitter     (TSJ):    0.071ns
    Total Input Jitter      (TIJ):    0.000ns
    Discrete Jitter          (DJ):    0.000ns
    Phase Error              (PE):    0.000ns

    Location             Delay type                Incr(ns)  Path(ns)    Netlist Resource(s)
  -------------------------------------------------------------------    -------------------
                         (clock clk rise edge)        0.000     0.000 r
                                                      0.000     0.000 r  clk (IN)
                         net (fo=1330, unset)         0.973     0.973    clk
    SLICE_X41Y80         FDRE                                         r  purpose_reg[1]/C
  -------------------------------------------------------------------    -------------------
    SLICE_X41Y80         FDRE (Prop_fdre_C_Q)         0.456     1.429 r  purpose_reg[1]/Q
                         net (fo=10, routed)          0.868     2.297    lanes[0].rom/cycles_nn[17]_i_3
    SLICE_X35Y80         LUT2 (Prop_lut2_I0_O)        0.124     2.421 r  lanes[0].rom/cycles_power[23]_i_5/O
                         net (fo=18, routed)          1.475     3.897    lanes[0].rom/purpose_reg[1]
    SLICE_X45Y60         LUT6 (Prop_lut6_I4_O)        0.124     4.021 f  lanes[0].rom/unsigned_product_i_38/O
                         net (fo=2, routed)           1.129     5.150    lanes[0].rom_n_24
    SLICE_X35Y61         LUT4 (Prop_lut4_I3_O)        0.153     5.303 r  unsigned_product_i_8/O
                         net (fo=1, routed)           0.924     6.227    A[8]
    DSP48_X0Y25          DSP48E1 (Prop_dsp48e1_A[8]_P[0])
                                                      2.280     8.507 r  unsigned_product/P[0]
                         net (fo=3, routed)           1.289     9.795    power_ram/P[0]
    SLICE_X34Y65         LUT4 (Prop_lut4_I3_O)        0.124     9.919 r  power_ram/wide_acc[3]_i_7/O
                         net (fo=1, routed)           0.000     9.919    power_ram/wide_acc[3]_i_7_n_0
    SLICE_X34Y65         CARRY4 (Prop_carry4_S[0]_O[3])
                                                      0.608    10.527 r  power_ram/wide_acc_reg[3]_i_2/O[3]
                         net (fo=2, routed)           0.790    11.317    power_ram/wide_acc_reg[3][3]
    SLICE_X35Y66         LUT4 (Prop_lut4_I3_O)        0.307    11.624 f  power_ram/wide_acc[3]_i_9/O
                         net (fo=1, routed)           0.597    12.221    power_ram/wide_acc[3]_i_9_n_0
    SLICE_X37Y67         LUT6 (Prop_lut6_I0_O)        0.124    12.345 r  power_ram/wide_acc[3]_i_8/O
                         net (fo=1, routed)           0.000    12.345    power_ram/wide_acc[3]_i_8_n_0
    SLICE_X37Y67         CARRY4 (Prop_carry4_S[0]_CO[3])
                                                      0.532    12.877 r  power_ram/wide_acc_reg[3]_i_3/CO[3]
                         net (fo=1, routed)           0.000    12.877    power_ram/wide_acc_reg[3]_i_3_n_0
    SLICE_X37Y68         CARRY4 (Prop_carry4_CI_CO[3])
                                                      0.114    12.991 r  power_ram/wide_acc_reg[7]_i_3/CO[3]
                         net (fo=1, routed)           0.000    12.991    power_ram/wide_acc_reg[7]_i_3_n_0
    SLICE_X37Y69         CARRY4 (Prop_carry4_CI_CO[3])
                                                      0.114    13.105 r  power_ram/wide_acc_reg[11]_i_3/CO[3]
                         net (fo=1, routed)           0.000    13.105    power_ram/wide_acc_reg[11]_i_3_n_0
    SLICE_X37Y70         CARRY4 (Prop_carry4_CI_CO[3])
                                                      0.114    13.219 r  power_ram/wide_acc_reg[15]_i_3/CO[3]
                         net (fo=1, routed)           0.000    13.219    power_ram/wide_acc_reg[15]_i_3_n_0
    SLICE_X37Y71         CARRY4 (Prop_carry4_CI_CO[3])
                                                      0.114    13.333 r  power_ram/wide_acc_reg[19]_i_3/CO[3]
                         net (fo=1, routed)           0.000    13.333    power_ram/wide_acc_reg[19]_i_3_n_0
    SLICE_X37Y72         CARRY4 (Prop_carry4_CI_CO[3])
                                                      0.114    13.447 r  power_ram/wide_acc_reg[23]_i_3/CO[3]
                         net (fo=1, routed)           0.000    13.447    power_ram/wide_acc_reg[23]_i_3_n_0
    SLICE_X37Y73         CARRY4 (Prop_carry4_CI_CO[3])
                                                      0.114    13.561 r  power_ram/wide_acc_reg[27]_i_3/CO[3]
                         net (fo=1, routed)           0.000    13.561    power_ram/wide_acc_reg[27]_i_3_n_0
    SLICE_X37Y74         CARRY4 (Prop_carry4_CI_CO[3])
                                                      0.114    13.675 r  power_ram/wide_acc_reg[31]_i_3/CO[3]
                         net (fo=1, routed)           0.009    13.684    power_ram/wide_acc_reg[31]_i_3_n_0
    SLICE_X37Y75         CARRY4 (Prop_carry4_CI_CO[3])
                                                      0.114    13.798 r  power_ram/wide_acc_reg[35]_i_3/CO[3]
                         net (fo=1, routed)           0.000    13.798    power_ram/wide_acc_reg[35]_i_3_n_0
    SLICE_X37Y76         CARRY4 (Prop_carry4_CI_CO[3])
                                                      0.114    13.912 r  power_ram/wide_acc_reg[39]_i_3/CO[3]
                         net (fo=1, routed)           0.000    13.912    power_ram/wide_acc_reg[39]_i_3_n_0
    SLICE_X37Y77         CARRY4 (Prop_carry4_CI_CO[3])
                                                      0.114    14.026 r  power_ram/wide_acc_reg[43]_i_3/CO[3]
                         net (fo=1, routed)           0.000    14.026    power_ram/wide_acc_reg[43]_i_3_n_0
    SLICE_X37Y78         CARRY4 (Prop_carry4_CI_O[0])
                                                      0.222    14.248 r  power_ram/wide_acc_reg[47]_i_3/O[0]
                         net (fo=3, routed)           0.592    14.840    power_ram_n_114
    SLICE_X33Y78         LUT6 (Prop_lut6_I5_O)        0.299    15.139 r  dbg_value[44]_i_2/O
                         net (fo=1, routed)           0.407    15.546    dbg_value[44]_i_2_n_0
    SLICE_X33Y78         LUT5 (Prop_lut5_I4_O)        0.124    15.670 r  dbg_value[44]_i_1/O
                         net (fo=1, routed)           0.000    15.670    dbg_value[44]_i_1_n_0
    SLICE_X33Y78         FDRE                                         r  dbg_value_reg[44]/D
  -------------------------------------------------------------------    -------------------

                         (clock clk rise edge)       20.000    20.000 r
                                                      0.000    20.000 r  clk (IN)
                         net (fo=1330, unset)         0.924    20.924    clk
    SLICE_X33Y78         FDRE                                         r  dbg_value_reg[44]/C
                         clock pessimism              0.000    20.924
                         clock uncertainty           -0.035    20.889
    SLICE_X33Y78         FDRE (Setup_fdre_C_D)        0.031    20.920    dbg_value_reg[44]
  -------------------------------------------------------------------
                         required time                         20.920
                         arrival time                         -15.670
  -------------------------------------------------------------------
                         slack                                  5.250

Slack (MET) :             5.272ns  (required time - arrival time)
  Source:                 purpose_reg[1]/C
                            (rising edge-triggered cell FDRE clocked by clk  {rise@0.000ns fall@10.000ns period=20.000ns})
  Destination:            dbg_value_reg[41]/D
                            (rising edge-triggered cell FDRE clocked by clk  {rise@0.000ns fall@10.000ns period=20.000ns})
  Path Group:             clk
  Path Type:              Setup (Max at Slow Process Corner)
  Requirement:            20.000ns  (clk rise@20.000ns - clk rise@0.000ns)
  Data Path Delay:        14.675ns  (logic 6.619ns (45.105%)  route 8.056ns (54.895%))
  Logic Levels:           21  (CARRY4=12 DSP48E1=1 LUT2=1 LUT4=3 LUT5=1 LUT6=3)
  Clock Path Skew:        -0.049ns (DCD - SCD + CPR)
    Destination Clock Delay (DCD):    0.924ns = ( 20.924 - 20.000 )
    Source Clock Delay      (SCD):    0.973ns
    Clock Pessimism Removal (CPR):    0.000ns
  Clock Uncertainty:      0.035ns  ((TSJ^2 + TIJ^2)^1/2 + DJ) / 2 + PE
    Total System Jitter     (TSJ):    0.071ns
    Total Input Jitter      (TIJ):    0.000ns
    Discrete Jitter          (DJ):    0.000ns
    Phase Error              (PE):    0.000ns

    Location             Delay type                Incr(ns)  Path(ns)    Netlist Resource(s)
  -------------------------------------------------------------------    -------------------
                         (clock clk rise edge)        0.000     0.000 r
                                                      0.000     0.000 r  clk (IN)
                         net (fo=1330, unset)         0.973     0.973    clk
    SLICE_X41Y80         FDRE                                         r  purpose_reg[1]/C
  -------------------------------------------------------------------    -------------------
    SLICE_X41Y80         FDRE (Prop_fdre_C_Q)         0.456     1.429 r  purpose_reg[1]/Q
                         net (fo=10, routed)          0.868     2.297    lanes[0].rom/cycles_nn[17]_i_3
    SLICE_X35Y80         LUT2 (Prop_lut2_I0_O)        0.124     2.421 r  lanes[0].rom/cycles_power[23]_i_5/O
                         net (fo=18, routed)          1.475     3.897    lanes[0].rom/purpose_reg[1]
    SLICE_X45Y60         LUT6 (Prop_lut6_I4_O)        0.124     4.021 f  lanes[0].rom/unsigned_product_i_38/O
                         net (fo=2, routed)           1.129     5.150    lanes[0].rom_n_24
    SLICE_X35Y61         LUT4 (Prop_lut4_I3_O)        0.153     5.303 r  unsigned_product_i_8/O
                         net (fo=1, routed)           0.924     6.227    A[8]
    DSP48_X0Y25          DSP48E1 (Prop_dsp48e1_A[8]_P[0])
                                                      2.280     8.507 r  unsigned_product/P[0]
                         net (fo=3, routed)           1.289     9.795    power_ram/P[0]
    SLICE_X34Y65         LUT4 (Prop_lut4_I3_O)        0.124     9.919 r  power_ram/wide_acc[3]_i_7/O
                         net (fo=1, routed)           0.000     9.919    power_ram/wide_acc[3]_i_7_n_0
    SLICE_X34Y65         CARRY4 (Prop_carry4_S[0]_O[3])
                                                      0.608    10.527 r  power_ram/wide_acc_reg[3]_i_2/O[3]
                         net (fo=2, routed)           0.790    11.317    power_ram/wide_acc_reg[3][3]
    SLICE_X35Y66         LUT4 (Prop_lut4_I3_O)        0.307    11.624 f  power_ram/wide_acc[3]_i_9/O
                         net (fo=1, routed)           0.597    12.221    power_ram/wide_acc[3]_i_9_n_0
    SLICE_X37Y67         LUT6 (Prop_lut6_I0_O)        0.124    12.345 r  power_ram/wide_acc[3]_i_8/O
                         net (fo=1, routed)           0.000    12.345    power_ram/wide_acc[3]_i_8_n_0
    SLICE_X37Y67         CARRY4 (Prop_carry4_S[0]_CO[3])
                                                      0.532    12.877 r  power_ram/wide_acc_reg[3]_i_3/CO[3]
                         net (fo=1, routed)           0.000    12.877    power_ram/wide_acc_reg[3]_i_3_n_0
    SLICE_X37Y68         CARRY4 (Prop_carry4_CI_CO[3])
                                                      0.114    12.991 r  power_ram/wide_acc_reg[7]_i_3/CO[3]
                         net (fo=1, routed)           0.000    12.991    power_ram/wide_acc_reg[7]_i_3_n_0
    SLICE_X37Y69         CARRY4 (Prop_carry4_CI_CO[3])
                                                      0.114    13.105 r  power_ram/wide_acc_reg[11]_i_3/CO[3]
                         net (fo=1, routed)           0.000    13.105    power_ram/wide_acc_reg[11]_i_3_n_0
    SLICE_X37Y70         CARRY4 (Prop_carry4_CI_CO[3])
                                                      0.114    13.219 r  power_ram/wide_acc_reg[15]_i_3/CO[3]
                         net (fo=1, routed)           0.000    13.219    power_ram/wide_acc_reg[15]_i_3_n_0
    SLICE_X37Y71         CARRY4 (Prop_carry4_CI_CO[3])
                                                      0.114    13.333 r  power_ram/wide_acc_reg[19]_i_3/CO[3]
                         net (fo=1, routed)           0.000    13.333    power_ram/wide_acc_reg[19]_i_3_n_0
    SLICE_X37Y72         CARRY4 (Prop_carry4_CI_CO[3])
                                                      0.114    13.447 r  power_ram/wide_acc_reg[23]_i_3/CO[3]
                         net (fo=1, routed)           0.000    13.447    power_ram/wide_acc_reg[23]_i_3_n_0
    SLICE_X37Y73         CARRY4 (Prop_carry4_CI_CO[3])
                                                      0.114    13.561 r  power_ram/wide_acc_reg[27]_i_3/CO[3]
                         net (fo=1, routed)           0.000    13.561    power_ram/wide_acc_reg[27]_i_3_n_0
    SLICE_X37Y74         CARRY4 (Prop_carry4_CI_CO[3])
                                                      0.114    13.675 r  power_ram/wide_acc_reg[31]_i_3/CO[3]
                         net (fo=1, routed)           0.009    13.684    power_ram/wide_acc_reg[31]_i_3_n_0
    SLICE_X37Y75         CARRY4 (Prop_carry4_CI_CO[3])
                                                      0.114    13.798 r  power_ram/wide_acc_reg[35]_i_3/CO[3]
                         net (fo=1, routed)           0.000    13.798    power_ram/wide_acc_reg[35]_i_3_n_0
    SLICE_X37Y76         CARRY4 (Prop_carry4_CI_CO[3])
                                                      0.114    13.912 r  power_ram/wide_acc_reg[39]_i_3/CO[3]
                         net (fo=1, routed)           0.000    13.912    power_ram/wide_acc_reg[39]_i_3_n_0
    SLICE_X37Y77         CARRY4 (Prop_carry4_CI_O[1])
                                                      0.334    14.246 r  power_ram/wide_acc_reg[43]_i_3/O[1]
                         net (fo=3, routed)           0.464    14.710    power_ram_n_109
    SLICE_X35Y77         LUT6 (Prop_lut6_I5_O)        0.303    15.013 r  dbg_value[41]_i_2/O
                         net (fo=1, routed)           0.511    15.524    dbg_value[41]_i_2_n_0
    SLICE_X32Y78         LUT5 (Prop_lut5_I4_O)        0.124    15.648 r  dbg_value[41]_i_1/O
                         net (fo=1, routed)           0.000    15.648    dbg_value[41]_i_1_n_0
    SLICE_X32Y78         FDRE                                         r  dbg_value_reg[41]/D
  -------------------------------------------------------------------    -------------------

                         (clock clk rise edge)       20.000    20.000 r
                                                      0.000    20.000 r  clk (IN)
                         net (fo=1330, unset)         0.924    20.924    clk
    SLICE_X32Y78         FDRE                                         r  dbg_value_reg[41]/C
                         clock pessimism              0.000    20.924
                         clock uncertainty           -0.035    20.889
    SLICE_X32Y78         FDRE (Setup_fdre_C_D)        0.031    20.920    dbg_value_reg[41]
  -------------------------------------------------------------------
                         required time                         20.920
                         arrival time                         -15.648
  -------------------------------------------------------------------
                         slack                                  5.272

Slack (MET) :             5.293ns  (required time - arrival time)
  Source:                 purpose_reg[1]/C
                            (rising edge-triggered cell FDRE clocked by clk  {rise@0.000ns fall@10.000ns period=20.000ns})
  Destination:            dbg_value_reg[49]/D
                            (rising edge-triggered cell FDRE clocked by clk  {rise@0.000ns fall@10.000ns period=20.000ns})
  Path Group:             clk
  Path Type:              Setup (Max at Slow Process Corner)
  Requirement:            20.000ns  (clk rise@20.000ns - clk rise@0.000ns)
  Data Path Delay:        14.652ns  (logic 6.847ns (46.730%)  route 7.805ns (53.269%))
  Logic Levels:           23  (CARRY4=14 DSP48E1=1 LUT2=1 LUT4=3 LUT5=1 LUT6=3)
  Clock Path Skew:        -0.049ns (DCD - SCD + CPR)
    Destination Clock Delay (DCD):    0.924ns = ( 20.924 - 20.000 )
    Source Clock Delay      (SCD):    0.973ns
    Clock Pessimism Removal (CPR):    0.000ns
  Clock Uncertainty:      0.035ns  ((TSJ^2 + TIJ^2)^1/2 + DJ) / 2 + PE
    Total System Jitter     (TSJ):    0.071ns
    Total Input Jitter      (TIJ):    0.000ns
    Discrete Jitter          (DJ):    0.000ns
    Phase Error              (PE):    0.000ns

    Location             Delay type                Incr(ns)  Path(ns)    Netlist Resource(s)
  -------------------------------------------------------------------    -------------------
                         (clock clk rise edge)        0.000     0.000 r
                                                      0.000     0.000 r  clk (IN)
                         net (fo=1330, unset)         0.973     0.973    clk
    SLICE_X41Y80         FDRE                                         r  purpose_reg[1]/C
  -------------------------------------------------------------------    -------------------
    SLICE_X41Y80         FDRE (Prop_fdre_C_Q)         0.456     1.429 r  purpose_reg[1]/Q
                         net (fo=10, routed)          0.868     2.297    lanes[0].rom/cycles_nn[17]_i_3
    SLICE_X35Y80         LUT2 (Prop_lut2_I0_O)        0.124     2.421 r  lanes[0].rom/cycles_power[23]_i_5/O
                         net (fo=18, routed)          1.475     3.897    lanes[0].rom/purpose_reg[1]
    SLICE_X45Y60         LUT6 (Prop_lut6_I4_O)        0.124     4.021 f  lanes[0].rom/unsigned_product_i_38/O
                         net (fo=2, routed)           1.129     5.150    lanes[0].rom_n_24
    SLICE_X35Y61         LUT4 (Prop_lut4_I3_O)        0.153     5.303 r  unsigned_product_i_8/O
                         net (fo=1, routed)           0.924     6.227    A[8]
    DSP48_X0Y25          DSP48E1 (Prop_dsp48e1_A[8]_P[0])
                                                      2.280     8.507 r  unsigned_product/P[0]
                         net (fo=3, routed)           1.289     9.795    power_ram/P[0]
    SLICE_X34Y65         LUT4 (Prop_lut4_I3_O)        0.124     9.919 r  power_ram/wide_acc[3]_i_7/O
                         net (fo=1, routed)           0.000     9.919    power_ram/wide_acc[3]_i_7_n_0
    SLICE_X34Y65         CARRY4 (Prop_carry4_S[0]_O[3])
                                                      0.608    10.527 r  power_ram/wide_acc_reg[3]_i_2/O[3]
                         net (fo=2, routed)           0.790    11.317    power_ram/wide_acc_reg[3][3]
    SLICE_X35Y66         LUT4 (Prop_lut4_I3_O)        0.307    11.624 f  power_ram/wide_acc[3]_i_9/O
                         net (fo=1, routed)           0.597    12.221    power_ram/wide_acc[3]_i_9_n_0
    SLICE_X37Y67         LUT6 (Prop_lut6_I0_O)        0.124    12.345 r  power_ram/wide_acc[3]_i_8/O
                         net (fo=1, routed)           0.000    12.345    power_ram/wide_acc[3]_i_8_n_0
    SLICE_X37Y67         CARRY4 (Prop_carry4_S[0]_CO[3])
                                                      0.532    12.877 r  power_ram/wide_acc_reg[3]_i_3/CO[3]
                         net (fo=1, routed)           0.000    12.877    power_ram/wide_acc_reg[3]_i_3_n_0
    SLICE_X37Y68         CARRY4 (Prop_carry4_CI_CO[3])
                                                      0.114    12.991 r  power_ram/wide_acc_reg[7]_i_3/CO[3]
                         net (fo=1, routed)           0.000    12.991    power_ram/wide_acc_reg[7]_i_3_n_0
    SLICE_X37Y69         CARRY4 (Prop_carry4_CI_CO[3])
                                                      0.114    13.105 r  power_ram/wide_acc_reg[11]_i_3/CO[3]
                         net (fo=1, routed)           0.000    13.105    power_ram/wide_acc_reg[11]_i_3_n_0
    SLICE_X37Y70         CARRY4 (Prop_carry4_CI_CO[3])
                                                      0.114    13.219 r  power_ram/wide_acc_reg[15]_i_3/CO[3]
                         net (fo=1, routed)           0.000    13.219    power_ram/wide_acc_reg[15]_i_3_n_0
    SLICE_X37Y71         CARRY4 (Prop_carry4_CI_CO[3])
                                                      0.114    13.333 r  power_ram/wide_acc_reg[19]_i_3/CO[3]
                         net (fo=1, routed)           0.000    13.333    power_ram/wide_acc_reg[19]_i_3_n_0
    SLICE_X37Y72         CARRY4 (Prop_carry4_CI_CO[3])
                                                      0.114    13.447 r  power_ram/wide_acc_reg[23]_i_3/CO[3]
                         net (fo=1, routed)           0.000    13.447    power_ram/wide_acc_reg[23]_i_3_n_0
    SLICE_X37Y73         CARRY4 (Prop_carry4_CI_CO[3])
                                                      0.114    13.561 r  power_ram/wide_acc_reg[27]_i_3/CO[3]
                         net (fo=1, routed)           0.000    13.561    power_ram/wide_acc_reg[27]_i_3_n_0
    SLICE_X37Y74         CARRY4 (Prop_carry4_CI_CO[3])
                                                      0.114    13.675 r  power_ram/wide_acc_reg[31]_i_3/CO[3]
                         net (fo=1, routed)           0.009    13.684    power_ram/wide_acc_reg[31]_i_3_n_0
    SLICE_X37Y75         CARRY4 (Prop_carry4_CI_CO[3])
                                                      0.114    13.798 r  power_ram/wide_acc_reg[35]_i_3/CO[3]
                         net (fo=1, routed)           0.000    13.798    power_ram/wide_acc_reg[35]_i_3_n_0
    SLICE_X37Y76         CARRY4 (Prop_carry4_CI_CO[3])
                                                      0.114    13.912 r  power_ram/wide_acc_reg[39]_i_3/CO[3]
                         net (fo=1, routed)           0.000    13.912    power_ram/wide_acc_reg[39]_i_3_n_0
    SLICE_X37Y77         CARRY4 (Prop_carry4_CI_CO[3])
                                                      0.114    14.026 r  power_ram/wide_acc_reg[43]_i_3/CO[3]
                         net (fo=1, routed)           0.000    14.026    power_ram/wide_acc_reg[43]_i_3_n_0
    SLICE_X37Y78         CARRY4 (Prop_carry4_CI_CO[3])
                                                      0.114    14.140 r  power_ram/wide_acc_reg[47]_i_3/CO[3]
                         net (fo=1, routed)           0.000    14.140    power_ram/wide_acc_reg[47]_i_3_n_0
    SLICE_X37Y79         CARRY4 (Prop_carry4_CI_O[1])
                                                      0.334    14.474 r  power_ram/wide_acc_reg[51]_i_3/O[1]
                         net (fo=3, routed)           0.570    15.044    power_ram_n_118
    SLICE_X41Y78         LUT6 (Prop_lut6_I5_O)        0.303    15.347 r  dbg_value[49]_i_2/O
                         net (fo=1, routed)           0.154    15.501    dbg_value[49]_i_2_n_0
    SLICE_X41Y78         LUT5 (Prop_lut5_I4_O)        0.124    15.625 r  dbg_value[49]_i_1/O
                         net (fo=1, routed)           0.000    15.625    dbg_value[49]_i_1_n_0
    SLICE_X41Y78         FDRE                                         r  dbg_value_reg[49]/D
  -------------------------------------------------------------------    -------------------

                         (clock clk rise edge)       20.000    20.000 r
                                                      0.000    20.000 r  clk (IN)
                         net (fo=1330, unset)         0.924    20.924    clk
    SLICE_X41Y78         FDRE                                         r  dbg_value_reg[49]/C
                         clock pessimism              0.000    20.924
                         clock uncertainty           -0.035    20.889
    SLICE_X41Y78         FDRE (Setup_fdre_C_D)        0.029    20.918    dbg_value_reg[49]
  -------------------------------------------------------------------
                         required time                         20.918
                         arrival time                         -15.625
  -------------------------------------------------------------------
                         slack                                  5.293

Slack (MET) :             5.341ns  (required time - arrival time)
  Source:                 purpose_reg[1]/C
                            (rising edge-triggered cell FDRE clocked by clk  {rise@0.000ns fall@10.000ns period=20.000ns})
  Destination:            dbg_value_reg[36]/D
                            (rising edge-triggered cell FDRE clocked by clk  {rise@0.000ns fall@10.000ns period=20.000ns})
  Path Group:             clk
  Path Type:              Setup (Max at Slow Process Corner)
  Requirement:            20.000ns  (clk rise@20.000ns - clk rise@0.000ns)
  Data Path Delay:        14.652ns  (logic 6.389ns (43.606%)  route 8.263ns (56.394%))
  Logic Levels:           20  (CARRY4=11 DSP48E1=1 LUT2=1 LUT4=3 LUT6=4)
  Clock Path Skew:        -0.049ns (DCD - SCD + CPR)
    Destination Clock Delay (DCD):    0.924ns = ( 20.924 - 20.000 )
    Source Clock Delay      (SCD):    0.973ns
    Clock Pessimism Removal (CPR):    0.000ns
  Clock Uncertainty:      0.035ns  ((TSJ^2 + TIJ^2)^1/2 + DJ) / 2 + PE
    Total System Jitter     (TSJ):    0.071ns
    Total Input Jitter      (TIJ):    0.000ns
    Discrete Jitter          (DJ):    0.000ns
    Phase Error              (PE):    0.000ns

    Location             Delay type                Incr(ns)  Path(ns)    Netlist Resource(s)
  -------------------------------------------------------------------    -------------------
                         (clock clk rise edge)        0.000     0.000 r
                                                      0.000     0.000 r  clk (IN)
                         net (fo=1330, unset)         0.973     0.973    clk
    SLICE_X41Y80         FDRE                                         r  purpose_reg[1]/C
  -------------------------------------------------------------------    -------------------
    SLICE_X41Y80         FDRE (Prop_fdre_C_Q)         0.456     1.429 r  purpose_reg[1]/Q
                         net (fo=10, routed)          0.868     2.297    lanes[0].rom/cycles_nn[17]_i_3
    SLICE_X35Y80         LUT2 (Prop_lut2_I0_O)        0.124     2.421 r  lanes[0].rom/cycles_power[23]_i_5/O
                         net (fo=18, routed)          1.475     3.897    lanes[0].rom/purpose_reg[1]
    SLICE_X45Y60         LUT6 (Prop_lut6_I4_O)        0.124     4.021 f  lanes[0].rom/unsigned_product_i_38/O
                         net (fo=2, routed)           1.129     5.150    lanes[0].rom_n_24
    SLICE_X35Y61         LUT4 (Prop_lut4_I3_O)        0.153     5.303 r  unsigned_product_i_8/O
                         net (fo=1, routed)           0.924     6.227    A[8]
    DSP48_X0Y25          DSP48E1 (Prop_dsp48e1_A[8]_P[0])
                                                      2.280     8.507 r  unsigned_product/P[0]
                         net (fo=3, routed)           1.289     9.795    power_ram/P[0]
    SLICE_X34Y65         LUT4 (Prop_lut4_I3_O)        0.124     9.919 r  power_ram/wide_acc[3]_i_7/O
                         net (fo=1, routed)           0.000     9.919    power_ram/wide_acc[3]_i_7_n_0
    SLICE_X34Y65         CARRY4 (Prop_carry4_S[0]_O[3])
                                                      0.608    10.527 r  power_ram/wide_acc_reg[3]_i_2/O[3]
                         net (fo=2, routed)           0.790    11.317    power_ram/wide_acc_reg[3][3]
    SLICE_X35Y66         LUT4 (Prop_lut4_I3_O)        0.307    11.624 f  power_ram/wide_acc[3]_i_9/O
                         net (fo=1, routed)           0.597    12.221    power_ram/wide_acc[3]_i_9_n_0
    SLICE_X37Y67         LUT6 (Prop_lut6_I0_O)        0.124    12.345 r  power_ram/wide_acc[3]_i_8/O
                         net (fo=1, routed)           0.000    12.345    power_ram/wide_acc[3]_i_8_n_0
    SLICE_X37Y67         CARRY4 (Prop_carry4_S[0]_CO[3])
                                                      0.532    12.877 r  power_ram/wide_acc_reg[3]_i_3/CO[3]
                         net (fo=1, routed)           0.000    12.877    power_ram/wide_acc_reg[3]_i_3_n_0
    SLICE_X37Y68         CARRY4 (Prop_carry4_CI_CO[3])
                                                      0.114    12.991 r  power_ram/wide_acc_reg[7]_i_3/CO[3]
                         net (fo=1, routed)           0.000    12.991    power_ram/wide_acc_reg[7]_i_3_n_0
    SLICE_X37Y69         CARRY4 (Prop_carry4_CI_CO[3])
                                                      0.114    13.105 r  power_ram/wide_acc_reg[11]_i_3/CO[3]
                         net (fo=1, routed)           0.000    13.105    power_ram/wide_acc_reg[11]_i_3_n_0
    SLICE_X37Y70         CARRY4 (Prop_carry4_CI_CO[3])
                                                      0.114    13.219 r  power_ram/wide_acc_reg[15]_i_3/CO[3]
                         net (fo=1, routed)           0.000    13.219    power_ram/wide_acc_reg[15]_i_3_n_0
    SLICE_X37Y71         CARRY4 (Prop_carry4_CI_CO[3])
                                                      0.114    13.333 r  power_ram/wide_acc_reg[19]_i_3/CO[3]
                         net (fo=1, routed)           0.000    13.333    power_ram/wide_acc_reg[19]_i_3_n_0
    SLICE_X37Y72         CARRY4 (Prop_carry4_CI_CO[3])
                                                      0.114    13.447 r  power_ram/wide_acc_reg[23]_i_3/CO[3]
                         net (fo=1, routed)           0.000    13.447    power_ram/wide_acc_reg[23]_i_3_n_0
    SLICE_X37Y73         CARRY4 (Prop_carry4_CI_CO[3])
                                                      0.114    13.561 r  power_ram/wide_acc_reg[27]_i_3/CO[3]
                         net (fo=1, routed)           0.000    13.561    power_ram/wide_acc_reg[27]_i_3_n_0
    SLICE_X37Y74         CARRY4 (Prop_carry4_CI_CO[3])
                                                      0.114    13.675 r  power_ram/wide_acc_reg[31]_i_3/CO[3]
                         net (fo=1, routed)           0.009    13.684    power_ram/wide_acc_reg[31]_i_3_n_0
    SLICE_X37Y75         CARRY4 (Prop_carry4_CI_CO[3])
                                                      0.114    13.798 r  power_ram/wide_acc_reg[35]_i_3/CO[3]
                         net (fo=1, routed)           0.000    13.798    power_ram/wide_acc_reg[35]_i_3_n_0
    SLICE_X37Y76         CARRY4 (Prop_carry4_CI_O[0])
                                                      0.222    14.020 r  power_ram/wide_acc_reg[39]_i_3/O[0]
                         net (fo=3, routed)           0.655    14.675    power_ram_n_106
    SLICE_X42Y74         LUT6 (Prop_lut6_I1_O)        0.299    14.974 r  dbg_value[36]_i_5/O
                         net (fo=1, routed)           0.527    15.501    dbg_value[36]_i_5_n_0
    SLICE_X42Y72         LUT6 (Prop_lut6_I4_O)        0.124    15.625 r  dbg_value[36]_i_1/O
                         net (fo=1, routed)           0.000    15.625    dbg_value[36]_i_1_n_0
    SLICE_X42Y72         FDRE                                         r  dbg_value_reg[36]/D
  -------------------------------------------------------------------    -------------------

                         (clock clk rise edge)       20.000    20.000 r
                                                      0.000    20.000 r  clk (IN)
                         net (fo=1330, unset)         0.924    20.924    clk
    SLICE_X42Y72         FDRE                                         r  dbg_value_reg[36]/C
                         clock pessimism              0.000    20.924
                         clock uncertainty           -0.035    20.889
    SLICE_X42Y72         FDRE (Setup_fdre_C_D)        0.077    20.966    dbg_value_reg[36]
  -------------------------------------------------------------------
                         required time                         20.966
                         arrival time                         -15.625
  -------------------------------------------------------------------
                         slack                                  5.341

Slack (MET) :             5.348ns  (required time - arrival time)
  Source:                 purpose_reg[1]/C
                            (rising edge-triggered cell FDRE clocked by clk  {rise@0.000ns fall@10.000ns period=20.000ns})
  Destination:            dbg_value_reg[33]/D
                            (rising edge-triggered cell FDRE clocked by clk  {rise@0.000ns fall@10.000ns period=20.000ns})
  Path Group:             clk
  Path Type:              Setup (Max at Slow Process Corner)
  Requirement:            20.000ns  (clk rise@20.000ns - clk rise@0.000ns)
  Data Path Delay:        14.645ns  (logic 6.391ns (43.639%)  route 8.254ns (56.361%))
  Logic Levels:           19  (CARRY4=10 DSP48E1=1 LUT2=1 LUT4=3 LUT6=4)
  Clock Path Skew:        -0.049ns (DCD - SCD + CPR)
    Destination Clock Delay (DCD):    0.924ns = ( 20.924 - 20.000 )
    Source Clock Delay      (SCD):    0.973ns
    Clock Pessimism Removal (CPR):    0.000ns
  Clock Uncertainty:      0.035ns  ((TSJ^2 + TIJ^2)^1/2 + DJ) / 2 + PE
    Total System Jitter     (TSJ):    0.071ns
    Total Input Jitter      (TIJ):    0.000ns
    Discrete Jitter          (DJ):    0.000ns
    Phase Error              (PE):    0.000ns

    Location             Delay type                Incr(ns)  Path(ns)    Netlist Resource(s)
  -------------------------------------------------------------------    -------------------
                         (clock clk rise edge)        0.000     0.000 r
                                                      0.000     0.000 r  clk (IN)
                         net (fo=1330, unset)         0.973     0.973    clk
    SLICE_X41Y80         FDRE                                         r  purpose_reg[1]/C
  -------------------------------------------------------------------    -------------------
    SLICE_X41Y80         FDRE (Prop_fdre_C_Q)         0.456     1.429 r  purpose_reg[1]/Q
                         net (fo=10, routed)          0.868     2.297    lanes[0].rom/cycles_nn[17]_i_3
    SLICE_X35Y80         LUT2 (Prop_lut2_I0_O)        0.124     2.421 r  lanes[0].rom/cycles_power[23]_i_5/O
                         net (fo=18, routed)          1.475     3.897    lanes[0].rom/purpose_reg[1]
    SLICE_X45Y60         LUT6 (Prop_lut6_I4_O)        0.124     4.021 f  lanes[0].rom/unsigned_product_i_38/O
                         net (fo=2, routed)           1.129     5.150    lanes[0].rom_n_24
    SLICE_X35Y61         LUT4 (Prop_lut4_I3_O)        0.153     5.303 r  unsigned_product_i_8/O
                         net (fo=1, routed)           0.924     6.227    A[8]
    DSP48_X0Y25          DSP48E1 (Prop_dsp48e1_A[8]_P[0])
                                                      2.280     8.507 r  unsigned_product/P[0]
                         net (fo=3, routed)           1.289     9.795    power_ram/P[0]
    SLICE_X34Y65         LUT4 (Prop_lut4_I3_O)        0.124     9.919 r  power_ram/wide_acc[3]_i_7/O
                         net (fo=1, routed)           0.000     9.919    power_ram/wide_acc[3]_i_7_n_0
    SLICE_X34Y65         CARRY4 (Prop_carry4_S[0]_O[3])
                                                      0.608    10.527 r  power_ram/wide_acc_reg[3]_i_2/O[3]
                         net (fo=2, routed)           0.790    11.317    power_ram/wide_acc_reg[3][3]
    SLICE_X35Y66         LUT4 (Prop_lut4_I3_O)        0.307    11.624 f  power_ram/wide_acc[3]_i_9/O
                         net (fo=1, routed)           0.597    12.221    power_ram/wide_acc[3]_i_9_n_0
    SLICE_X37Y67         LUT6 (Prop_lut6_I0_O)        0.124    12.345 r  power_ram/wide_acc[3]_i_8/O
                         net (fo=1, routed)           0.000    12.345    power_ram/wide_acc[3]_i_8_n_0
    SLICE_X37Y67         CARRY4 (Prop_carry4_S[0]_CO[3])
                                                      0.532    12.877 r  power_ram/wide_acc_reg[3]_i_3/CO[3]
                         net (fo=1, routed)           0.000    12.877    power_ram/wide_acc_reg[3]_i_3_n_0
    SLICE_X37Y68         CARRY4 (Prop_carry4_CI_CO[3])
                                                      0.114    12.991 r  power_ram/wide_acc_reg[7]_i_3/CO[3]
                         net (fo=1, routed)           0.000    12.991    power_ram/wide_acc_reg[7]_i_3_n_0
    SLICE_X37Y69         CARRY4 (Prop_carry4_CI_CO[3])
                                                      0.114    13.105 r  power_ram/wide_acc_reg[11]_i_3/CO[3]
                         net (fo=1, routed)           0.000    13.105    power_ram/wide_acc_reg[11]_i_3_n_0
    SLICE_X37Y70         CARRY4 (Prop_carry4_CI_CO[3])
                                                      0.114    13.219 r  power_ram/wide_acc_reg[15]_i_3/CO[3]
                         net (fo=1, routed)           0.000    13.219    power_ram/wide_acc_reg[15]_i_3_n_0
    SLICE_X37Y71         CARRY4 (Prop_carry4_CI_CO[3])
                                                      0.114    13.333 r  power_ram/wide_acc_reg[19]_i_3/CO[3]
                         net (fo=1, routed)           0.000    13.333    power_ram/wide_acc_reg[19]_i_3_n_0
    SLICE_X37Y72         CARRY4 (Prop_carry4_CI_CO[3])
                                                      0.114    13.447 r  power_ram/wide_acc_reg[23]_i_3/CO[3]
                         net (fo=1, routed)           0.000    13.447    power_ram/wide_acc_reg[23]_i_3_n_0
    SLICE_X37Y73         CARRY4 (Prop_carry4_CI_CO[3])
                                                      0.114    13.561 r  power_ram/wide_acc_reg[27]_i_3/CO[3]
                         net (fo=1, routed)           0.000    13.561    power_ram/wide_acc_reg[27]_i_3_n_0
    SLICE_X37Y74         CARRY4 (Prop_carry4_CI_CO[3])
                                                      0.114    13.675 r  power_ram/wide_acc_reg[31]_i_3/CO[3]
                         net (fo=1, routed)           0.009    13.684    power_ram/wide_acc_reg[31]_i_3_n_0
    SLICE_X37Y75         CARRY4 (Prop_carry4_CI_O[1])
                                                      0.334    14.018 r  power_ram/wide_acc_reg[35]_i_3/O[1]
                         net (fo=3, routed)           0.677    14.695    power_ram_n_101
    SLICE_X42Y73         LUT6 (Prop_lut6_I1_O)        0.303    14.998 r  dbg_value[33]_i_2/O
                         net (fo=1, routed)           0.496    15.494    dbg_value[33]_i_2_n_0
    SLICE_X42Y73         LUT6 (Prop_lut6_I4_O)        0.124    15.618 r  dbg_value[33]_i_1/O
                         net (fo=1, routed)           0.000    15.618    dbg_value[33]_i_1_n_0
    SLICE_X42Y73         FDRE                                         r  dbg_value_reg[33]/D
  -------------------------------------------------------------------    -------------------

                         (clock clk rise edge)       20.000    20.000 r
                                                      0.000    20.000 r  clk (IN)
                         net (fo=1330, unset)         0.924    20.924    clk
    SLICE_X42Y73         FDRE                                         r  dbg_value_reg[33]/C
                         clock pessimism              0.000    20.924
                         clock uncertainty           -0.035    20.889
    SLICE_X42Y73         FDRE (Setup_fdre_C_D)        0.077    20.966    dbg_value_reg[33]
  -------------------------------------------------------------------
                         required time                         20.966
                         arrival time                         -15.618
  -------------------------------------------------------------------
                         slack                                  5.348

Slack (MET) :             5.364ns  (required time - arrival time)
  Source:                 purpose_reg[1]/C
                            (rising edge-triggered cell FDRE clocked by clk  {rise@0.000ns fall@10.000ns period=20.000ns})
  Destination:            dbg_value_reg[48]/D
                            (rising edge-triggered cell FDRE clocked by clk  {rise@0.000ns fall@10.000ns period=20.000ns})
  Path Group:             clk
  Path Type:              Setup (Max at Slow Process Corner)
  Requirement:            20.000ns  (clk rise@20.000ns - clk rise@0.000ns)
  Data Path Delay:        14.581ns  (logic 6.731ns (46.163%)  route 7.850ns (53.837%))
  Logic Levels:           23  (CARRY4=14 DSP48E1=1 LUT2=1 LUT4=3 LUT5=1 LUT6=3)
  Clock Path Skew:        -0.049ns (DCD - SCD + CPR)
    Destination Clock Delay (DCD):    0.924ns = ( 20.924 - 20.000 )
    Source Clock Delay      (SCD):    0.973ns
    Clock Pessimism Removal (CPR):    0.000ns
  Clock Uncertainty:      0.035ns  ((TSJ^2 + TIJ^2)^1/2 + DJ) / 2 + PE
    Total System Jitter     (TSJ):    0.071ns
    Total Input Jitter      (TIJ):    0.000ns
    Discrete Jitter          (DJ):    0.000ns
    Phase Error              (PE):    0.000ns

    Location             Delay type                Incr(ns)  Path(ns)    Netlist Resource(s)
  -------------------------------------------------------------------    -------------------
                         (clock clk rise edge)        0.000     0.000 r
                                                      0.000     0.000 r  clk (IN)
                         net (fo=1330, unset)         0.973     0.973    clk
    SLICE_X41Y80         FDRE                                         r  purpose_reg[1]/C
  -------------------------------------------------------------------    -------------------
    SLICE_X41Y80         FDRE (Prop_fdre_C_Q)         0.456     1.429 r  purpose_reg[1]/Q
                         net (fo=10, routed)          0.868     2.297    lanes[0].rom/cycles_nn[17]_i_3
    SLICE_X35Y80         LUT2 (Prop_lut2_I0_O)        0.124     2.421 r  lanes[0].rom/cycles_power[23]_i_5/O
                         net (fo=18, routed)          1.475     3.897    lanes[0].rom/purpose_reg[1]
    SLICE_X45Y60         LUT6 (Prop_lut6_I4_O)        0.124     4.021 f  lanes[0].rom/unsigned_product_i_38/O
                         net (fo=2, routed)           1.129     5.150    lanes[0].rom_n_24
    SLICE_X35Y61         LUT4 (Prop_lut4_I3_O)        0.153     5.303 r  unsigned_product_i_8/O
                         net (fo=1, routed)           0.924     6.227    A[8]
    DSP48_X0Y25          DSP48E1 (Prop_dsp48e1_A[8]_P[0])
                                                      2.280     8.507 r  unsigned_product/P[0]
                         net (fo=3, routed)           1.289     9.795    power_ram/P[0]
    SLICE_X34Y65         LUT4 (Prop_lut4_I3_O)        0.124     9.919 r  power_ram/wide_acc[3]_i_7/O
                         net (fo=1, routed)           0.000     9.919    power_ram/wide_acc[3]_i_7_n_0
    SLICE_X34Y65         CARRY4 (Prop_carry4_S[0]_O[3])
                                                      0.608    10.527 r  power_ram/wide_acc_reg[3]_i_2/O[3]
                         net (fo=2, routed)           0.790    11.317    power_ram/wide_acc_reg[3][3]
    SLICE_X35Y66         LUT4 (Prop_lut4_I3_O)        0.307    11.624 f  power_ram/wide_acc[3]_i_9/O
                         net (fo=1, routed)           0.597    12.221    power_ram/wide_acc[3]_i_9_n_0
    SLICE_X37Y67         LUT6 (Prop_lut6_I0_O)        0.124    12.345 r  power_ram/wide_acc[3]_i_8/O
                         net (fo=1, routed)           0.000    12.345    power_ram/wide_acc[3]_i_8_n_0
    SLICE_X37Y67         CARRY4 (Prop_carry4_S[0]_CO[3])
                                                      0.532    12.877 r  power_ram/wide_acc_reg[3]_i_3/CO[3]
                         net (fo=1, routed)           0.000    12.877    power_ram/wide_acc_reg[3]_i_3_n_0
    SLICE_X37Y68         CARRY4 (Prop_carry4_CI_CO[3])
                                                      0.114    12.991 r  power_ram/wide_acc_reg[7]_i_3/CO[3]
                         net (fo=1, routed)           0.000    12.991    power_ram/wide_acc_reg[7]_i_3_n_0
    SLICE_X37Y69         CARRY4 (Prop_carry4_CI_CO[3])
                                                      0.114    13.105 r  power_ram/wide_acc_reg[11]_i_3/CO[3]
                         net (fo=1, routed)           0.000    13.105    power_ram/wide_acc_reg[11]_i_3_n_0
    SLICE_X37Y70         CARRY4 (Prop_carry4_CI_CO[3])
                                                      0.114    13.219 r  power_ram/wide_acc_reg[15]_i_3/CO[3]
                         net (fo=1, routed)           0.000    13.219    power_ram/wide_acc_reg[15]_i_3_n_0
    SLICE_X37Y71         CARRY4 (Prop_carry4_CI_CO[3])
                                                      0.114    13.333 r  power_ram/wide_acc_reg[19]_i_3/CO[3]
                         net (fo=1, routed)           0.000    13.333    power_ram/wide_acc_reg[19]_i_3_n_0
    SLICE_X37Y72         CARRY4 (Prop_carry4_CI_CO[3])
                                                      0.114    13.447 r  power_ram/wide_acc_reg[23]_i_3/CO[3]
                         net (fo=1, routed)           0.000    13.447    power_ram/wide_acc_reg[23]_i_3_n_0
    SLICE_X37Y73         CARRY4 (Prop_carry4_CI_CO[3])
                                                      0.114    13.561 r  power_ram/wide_acc_reg[27]_i_3/CO[3]
                         net (fo=1, routed)           0.000    13.561    power_ram/wide_acc_reg[27]_i_3_n_0
    SLICE_X37Y74         CARRY4 (Prop_carry4_CI_CO[3])
                                                      0.114    13.675 r  power_ram/wide_acc_reg[31]_i_3/CO[3]
                         net (fo=1, routed)           0.009    13.684    power_ram/wide_acc_reg[31]_i_3_n_0
    SLICE_X37Y75         CARRY4 (Prop_carry4_CI_CO[3])
                                                      0.114    13.798 r  power_ram/wide_acc_reg[35]_i_3/CO[3]
                         net (fo=1, routed)           0.000    13.798    power_ram/wide_acc_reg[35]_i_3_n_0
    SLICE_X37Y76         CARRY4 (Prop_carry4_CI_CO[3])
                                                      0.114    13.912 r  power_ram/wide_acc_reg[39]_i_3/CO[3]
                         net (fo=1, routed)           0.000    13.912    power_ram/wide_acc_reg[39]_i_3_n_0
    SLICE_X37Y77         CARRY4 (Prop_carry4_CI_CO[3])
                                                      0.114    14.026 r  power_ram/wide_acc_reg[43]_i_3/CO[3]
                         net (fo=1, routed)           0.000    14.026    power_ram/wide_acc_reg[43]_i_3_n_0
    SLICE_X37Y78         CARRY4 (Prop_carry4_CI_CO[3])
                                                      0.114    14.140 r  power_ram/wide_acc_reg[47]_i_3/CO[3]
                         net (fo=1, routed)           0.000    14.140    power_ram/wide_acc_reg[47]_i_3_n_0
    SLICE_X37Y79         CARRY4 (Prop_carry4_CI_O[0])
                                                      0.222    14.362 r  power_ram/wide_acc_reg[51]_i_3/O[0]
                         net (fo=3, routed)           0.615    14.977    power_ram_n_119
    SLICE_X41Y77         LUT6 (Prop_lut6_I5_O)        0.299    15.276 r  dbg_value[48]_i_2/O
                         net (fo=1, routed)           0.154    15.430    dbg_value[48]_i_2_n_0
    SLICE_X41Y77         LUT5 (Prop_lut5_I4_O)        0.124    15.554 r  dbg_value[48]_i_1/O
                         net (fo=1, routed)           0.000    15.554    dbg_value[48]_i_1_n_0
    SLICE_X41Y77         FDRE                                         r  dbg_value_reg[48]/D
  -------------------------------------------------------------------    -------------------

                         (clock clk rise edge)       20.000    20.000 r
                                                      0.000    20.000 r  clk (IN)
                         net (fo=1330, unset)         0.924    20.924    clk
    SLICE_X41Y77         FDRE                                         r  dbg_value_reg[48]/C
                         clock pessimism              0.000    20.924
                         clock uncertainty           -0.035    20.889
    SLICE_X41Y77         FDRE (Setup_fdre_C_D)        0.029    20.918    dbg_value_reg[48]
  -------------------------------------------------------------------
                         required time                         20.918
                         arrival time                         -15.554
  -------------------------------------------------------------------
                         slack                                  5.364

Slack (MET) :             5.395ns  (required time - arrival time)
  Source:                 purpose_reg[1]/C
                            (rising edge-triggered cell FDRE clocked by clk  {rise@0.000ns fall@10.000ns period=20.000ns})
  Destination:            dbg_value_reg[51]/D
                            (rising edge-triggered cell FDRE clocked by clk  {rise@0.000ns fall@10.000ns period=20.000ns})
  Path Group:             clk
  Path Type:              Setup (Max at Slow Process Corner)
  Requirement:            20.000ns  (clk rise@20.000ns - clk rise@0.000ns)
  Data Path Delay:        14.598ns  (logic 6.829ns (46.780%)  route 7.769ns (53.220%))
  Logic Levels:           23  (CARRY4=14 DSP48E1=1 LUT2=1 LUT4=3 LUT5=1 LUT6=3)
  Clock Path Skew:        -0.049ns (DCD - SCD + CPR)
    Destination Clock Delay (DCD):    0.924ns = ( 20.924 - 20.000 )
    Source Clock Delay      (SCD):    0.973ns
    Clock Pessimism Removal (CPR):    0.000ns
  Clock Uncertainty:      0.035ns  ((TSJ^2 + TIJ^2)^1/2 + DJ) / 2 + PE
    Total System Jitter     (TSJ):    0.071ns
    Total Input Jitter      (TIJ):    0.000ns
    Discrete Jitter          (DJ):    0.000ns
    Phase Error              (PE):    0.000ns

    Location             Delay type                Incr(ns)  Path(ns)    Netlist Resource(s)
  -------------------------------------------------------------------    -------------------
                         (clock clk rise edge)        0.000     0.000 r
                                                      0.000     0.000 r  clk (IN)
                         net (fo=1330, unset)         0.973     0.973    clk
    SLICE_X41Y80         FDRE                                         r  purpose_reg[1]/C
  -------------------------------------------------------------------    -------------------
    SLICE_X41Y80         FDRE (Prop_fdre_C_Q)         0.456     1.429 r  purpose_reg[1]/Q
                         net (fo=10, routed)          0.868     2.297    lanes[0].rom/cycles_nn[17]_i_3
    SLICE_X35Y80         LUT2 (Prop_lut2_I0_O)        0.124     2.421 r  lanes[0].rom/cycles_power[23]_i_5/O
                         net (fo=18, routed)          1.475     3.897    lanes[0].rom/purpose_reg[1]
    SLICE_X45Y60         LUT6 (Prop_lut6_I4_O)        0.124     4.021 f  lanes[0].rom/unsigned_product_i_38/O
                         net (fo=2, routed)           1.129     5.150    lanes[0].rom_n_24
    SLICE_X35Y61         LUT4 (Prop_lut4_I3_O)        0.153     5.303 r  unsigned_product_i_8/O
                         net (fo=1, routed)           0.924     6.227    A[8]
    DSP48_X0Y25          DSP48E1 (Prop_dsp48e1_A[8]_P[0])
                                                      2.280     8.507 r  unsigned_product/P[0]
                         net (fo=3, routed)           1.289     9.795    power_ram/P[0]
    SLICE_X34Y65         LUT4 (Prop_lut4_I3_O)        0.124     9.919 r  power_ram/wide_acc[3]_i_7/O
                         net (fo=1, routed)           0.000     9.919    power_ram/wide_acc[3]_i_7_n_0
    SLICE_X34Y65         CARRY4 (Prop_carry4_S[0]_O[3])
                                                      0.608    10.527 r  power_ram/wide_acc_reg[3]_i_2/O[3]
                         net (fo=2, routed)           0.790    11.317    power_ram/wide_acc_reg[3][3]
    SLICE_X35Y66         LUT4 (Prop_lut4_I3_O)        0.307    11.624 f  power_ram/wide_acc[3]_i_9/O
                         net (fo=1, routed)           0.597    12.221    power_ram/wide_acc[3]_i_9_n_0
    SLICE_X37Y67         LUT6 (Prop_lut6_I0_O)        0.124    12.345 r  power_ram/wide_acc[3]_i_8/O
                         net (fo=1, routed)           0.000    12.345    power_ram/wide_acc[3]_i_8_n_0
    SLICE_X37Y67         CARRY4 (Prop_carry4_S[0]_CO[3])
                                                      0.532    12.877 r  power_ram/wide_acc_reg[3]_i_3/CO[3]
                         net (fo=1, routed)           0.000    12.877    power_ram/wide_acc_reg[3]_i_3_n_0
    SLICE_X37Y68         CARRY4 (Prop_carry4_CI_CO[3])
                                                      0.114    12.991 r  power_ram/wide_acc_reg[7]_i_3/CO[3]
                         net (fo=1, routed)           0.000    12.991    power_ram/wide_acc_reg[7]_i_3_n_0
    SLICE_X37Y69         CARRY4 (Prop_carry4_CI_CO[3])
                                                      0.114    13.105 r  power_ram/wide_acc_reg[11]_i_3/CO[3]
                         net (fo=1, routed)           0.000    13.105    power_ram/wide_acc_reg[11]_i_3_n_0
    SLICE_X37Y70         CARRY4 (Prop_carry4_CI_CO[3])
                                                      0.114    13.219 r  power_ram/wide_acc_reg[15]_i_3/CO[3]
                         net (fo=1, routed)           0.000    13.219    power_ram/wide_acc_reg[15]_i_3_n_0
    SLICE_X37Y71         CARRY4 (Prop_carry4_CI_CO[3])
                                                      0.114    13.333 r  power_ram/wide_acc_reg[19]_i_3/CO[3]
                         net (fo=1, routed)           0.000    13.333    power_ram/wide_acc_reg[19]_i_3_n_0
    SLICE_X37Y72         CARRY4 (Prop_carry4_CI_CO[3])
                                                      0.114    13.447 r  power_ram/wide_acc_reg[23]_i_3/CO[3]
                         net (fo=1, routed)           0.000    13.447    power_ram/wide_acc_reg[23]_i_3_n_0
    SLICE_X37Y73         CARRY4 (Prop_carry4_CI_CO[3])
                                                      0.114    13.561 r  power_ram/wide_acc_reg[27]_i_3/CO[3]
                         net (fo=1, routed)           0.000    13.561    power_ram/wide_acc_reg[27]_i_3_n_0
    SLICE_X37Y74         CARRY4 (Prop_carry4_CI_CO[3])
                                                      0.114    13.675 r  power_ram/wide_acc_reg[31]_i_3/CO[3]
                         net (fo=1, routed)           0.009    13.684    power_ram/wide_acc_reg[31]_i_3_n_0
    SLICE_X37Y75         CARRY4 (Prop_carry4_CI_CO[3])
                                                      0.114    13.798 r  power_ram/wide_acc_reg[35]_i_3/CO[3]
                         net (fo=1, routed)           0.000    13.798    power_ram/wide_acc_reg[35]_i_3_n_0
    SLICE_X37Y76         CARRY4 (Prop_carry4_CI_CO[3])
                                                      0.114    13.912 r  power_ram/wide_acc_reg[39]_i_3/CO[3]
                         net (fo=1, routed)           0.000    13.912    power_ram/wide_acc_reg[39]_i_3_n_0
    SLICE_X37Y77         CARRY4 (Prop_carry4_CI_CO[3])
                                                      0.114    14.026 r  power_ram/wide_acc_reg[43]_i_3/CO[3]
                         net (fo=1, routed)           0.000    14.026    power_ram/wide_acc_reg[43]_i_3_n_0
    SLICE_X37Y78         CARRY4 (Prop_carry4_CI_CO[3])
                                                      0.114    14.140 r  power_ram/wide_acc_reg[47]_i_3/CO[3]
                         net (fo=1, routed)           0.000    14.140    power_ram/wide_acc_reg[47]_i_3_n_0
    SLICE_X37Y79         CARRY4 (Prop_carry4_CI_O[3])
                                                      0.313    14.453 r  power_ram/wide_acc_reg[51]_i_3/O[3]
                         net (fo=3, routed)           0.523    14.976    power_ram_n_116
    SLICE_X42Y79         LUT6 (Prop_lut6_I5_O)        0.306    15.282 r  dbg_value[51]_i_2/O
                         net (fo=1, routed)           0.165    15.447    dbg_value[51]_i_2_n_0
    SLICE_X42Y79         LUT5 (Prop_lut5_I4_O)        0.124    15.571 r  dbg_value[51]_i_1/O
                         net (fo=1, routed)           0.000    15.571    dbg_value[51]_i_1_n_0
    SLICE_X42Y79         FDRE                                         r  dbg_value_reg[51]/D
  -------------------------------------------------------------------    -------------------

                         (clock clk rise edge)       20.000    20.000 r
                                                      0.000    20.000 r  clk (IN)
                         net (fo=1330, unset)         0.924    20.924    clk
    SLICE_X42Y79         FDRE                                         r  dbg_value_reg[51]/C
                         clock pessimism              0.000    20.924
                         clock uncertainty           -0.035    20.889
    SLICE_X42Y79         FDRE (Setup_fdre_C_D)        0.077    20.966    dbg_value_reg[51]
  -------------------------------------------------------------------
                         required time                         20.966
                         arrival time                         -15.571
  -------------------------------------------------------------------
                         slack                                  5.395

Slack (MET) :             5.400ns  (required time - arrival time)
  Source:                 purpose_reg[1]/C
                            (rising edge-triggered cell FDRE clocked by clk  {rise@0.000ns fall@10.000ns period=20.000ns})
  Destination:            dbg_value_reg[43]/D
                            (rising edge-triggered cell FDRE clocked by clk  {rise@0.000ns fall@10.000ns period=20.000ns})
  Path Group:             clk
  Path Type:              Setup (Max at Slow Process Corner)
  Requirement:            20.000ns  (clk rise@20.000ns - clk rise@0.000ns)
  Data Path Delay:        14.547ns  (logic 6.601ns (45.378%)  route 7.946ns (54.622%))
  Logic Levels:           21  (CARRY4=12 DSP48E1=1 LUT2=1 LUT4=3 LUT5=1 LUT6=3)
  Clock Path Skew:        -0.049ns (DCD - SCD + CPR)
    Destination Clock Delay (DCD):    0.924ns = ( 20.924 - 20.000 )
    Source Clock Delay      (SCD):    0.973ns
    Clock Pessimism Removal (CPR):    0.000ns
  Clock Uncertainty:      0.035ns  ((TSJ^2 + TIJ^2)^1/2 + DJ) / 2 + PE
    Total System Jitter     (TSJ):    0.071ns
    Total Input Jitter      (TIJ):    0.000ns
    Discrete Jitter          (DJ):    0.000ns
    Phase Error              (PE):    0.000ns

    Location             Delay type                Incr(ns)  Path(ns)    Netlist Resource(s)
  -------------------------------------------------------------------    -------------------
                         (clock clk rise edge)        0.000     0.000 r
                                                      0.000     0.000 r  clk (IN)
                         net (fo=1330, unset)         0.973     0.973    clk
    SLICE_X41Y80         FDRE                                         r  purpose_reg[1]/C
  -------------------------------------------------------------------    -------------------
    SLICE_X41Y80         FDRE (Prop_fdre_C_Q)         0.456     1.429 r  purpose_reg[1]/Q
                         net (fo=10, routed)          0.868     2.297    lanes[0].rom/cycles_nn[17]_i_3
    SLICE_X35Y80         LUT2 (Prop_lut2_I0_O)        0.124     2.421 r  lanes[0].rom/cycles_power[23]_i_5/O
                         net (fo=18, routed)          1.475     3.897    lanes[0].rom/purpose_reg[1]
    SLICE_X45Y60         LUT6 (Prop_lut6_I4_O)        0.124     4.021 f  lanes[0].rom/unsigned_product_i_38/O
                         net (fo=2, routed)           1.129     5.150    lanes[0].rom_n_24
    SLICE_X35Y61         LUT4 (Prop_lut4_I3_O)        0.153     5.303 r  unsigned_product_i_8/O
                         net (fo=1, routed)           0.924     6.227    A[8]
    DSP48_X0Y25          DSP48E1 (Prop_dsp48e1_A[8]_P[0])
                                                      2.280     8.507 r  unsigned_product/P[0]
                         net (fo=3, routed)           1.289     9.795    power_ram/P[0]
    SLICE_X34Y65         LUT4 (Prop_lut4_I3_O)        0.124     9.919 r  power_ram/wide_acc[3]_i_7/O
                         net (fo=1, routed)           0.000     9.919    power_ram/wide_acc[3]_i_7_n_0
    SLICE_X34Y65         CARRY4 (Prop_carry4_S[0]_O[3])
                                                      0.608    10.527 r  power_ram/wide_acc_reg[3]_i_2/O[3]
                         net (fo=2, routed)           0.790    11.317    power_ram/wide_acc_reg[3][3]
    SLICE_X35Y66         LUT4 (Prop_lut4_I3_O)        0.307    11.624 f  power_ram/wide_acc[3]_i_9/O
                         net (fo=1, routed)           0.597    12.221    power_ram/wide_acc[3]_i_9_n_0
    SLICE_X37Y67         LUT6 (Prop_lut6_I0_O)        0.124    12.345 r  power_ram/wide_acc[3]_i_8/O
                         net (fo=1, routed)           0.000    12.345    power_ram/wide_acc[3]_i_8_n_0
    SLICE_X37Y67         CARRY4 (Prop_carry4_S[0]_CO[3])
                                                      0.532    12.877 r  power_ram/wide_acc_reg[3]_i_3/CO[3]
                         net (fo=1, routed)           0.000    12.877    power_ram/wide_acc_reg[3]_i_3_n_0
    SLICE_X37Y68         CARRY4 (Prop_carry4_CI_CO[3])
                                                      0.114    12.991 r  power_ram/wide_acc_reg[7]_i_3/CO[3]
                         net (fo=1, routed)           0.000    12.991    power_ram/wide_acc_reg[7]_i_3_n_0
    SLICE_X37Y69         CARRY4 (Prop_carry4_CI_CO[3])
                                                      0.114    13.105 r  power_ram/wide_acc_reg[11]_i_3/CO[3]
                         net (fo=1, routed)           0.000    13.105    power_ram/wide_acc_reg[11]_i_3_n_0
    SLICE_X37Y70         CARRY4 (Prop_carry4_CI_CO[3])
                                                      0.114    13.219 r  power_ram/wide_acc_reg[15]_i_3/CO[3]
                         net (fo=1, routed)           0.000    13.219    power_ram/wide_acc_reg[15]_i_3_n_0
    SLICE_X37Y71         CARRY4 (Prop_carry4_CI_CO[3])
                                                      0.114    13.333 r  power_ram/wide_acc_reg[19]_i_3/CO[3]
                         net (fo=1, routed)           0.000    13.333    power_ram/wide_acc_reg[19]_i_3_n_0
    SLICE_X37Y72         CARRY4 (Prop_carry4_CI_CO[3])
                                                      0.114    13.447 r  power_ram/wide_acc_reg[23]_i_3/CO[3]
                         net (fo=1, routed)           0.000    13.447    power_ram/wide_acc_reg[23]_i_3_n_0
    SLICE_X37Y73         CARRY4 (Prop_carry4_CI_CO[3])
                                                      0.114    13.561 r  power_ram/wide_acc_reg[27]_i_3/CO[3]
                         net (fo=1, routed)           0.000    13.561    power_ram/wide_acc_reg[27]_i_3_n_0
    SLICE_X37Y74         CARRY4 (Prop_carry4_CI_CO[3])
                                                      0.114    13.675 r  power_ram/wide_acc_reg[31]_i_3/CO[3]
                         net (fo=1, routed)           0.009    13.684    power_ram/wide_acc_reg[31]_i_3_n_0
    SLICE_X37Y75         CARRY4 (Prop_carry4_CI_CO[3])
                                                      0.114    13.798 r  power_ram/wide_acc_reg[35]_i_3/CO[3]
                         net (fo=1, routed)           0.000    13.798    power_ram/wide_acc_reg[35]_i_3_n_0
    SLICE_X37Y76         CARRY4 (Prop_carry4_CI_CO[3])
                                                      0.114    13.912 r  power_ram/wide_acc_reg[39]_i_3/CO[3]
                         net (fo=1, routed)           0.000    13.912    power_ram/wide_acc_reg[39]_i_3_n_0
    SLICE_X37Y77         CARRY4 (Prop_carry4_CI_O[3])
                                                      0.313    14.225 r  power_ram/wide_acc_reg[43]_i_3/O[3]
                         net (fo=3, routed)           0.458    14.683    power_ram_n_107
    SLICE_X35Y76         LUT6 (Prop_lut6_I5_O)        0.306    14.989 r  dbg_value[43]_i_2/O
                         net (fo=1, routed)           0.407    15.396    dbg_value[43]_i_2_n_0
    SLICE_X35Y76         LUT5 (Prop_lut5_I4_O)        0.124    15.520 r  dbg_value[43]_i_1/O
                         net (fo=1, routed)           0.000    15.520    dbg_value[43]_i_1_n_0
    SLICE_X35Y76         FDRE                                         r  dbg_value_reg[43]/D
  -------------------------------------------------------------------    -------------------

                         (clock clk rise edge)       20.000    20.000 r
                                                      0.000    20.000 r  clk (IN)
                         net (fo=1330, unset)         0.924    20.924    clk
    SLICE_X35Y76         FDRE                                         r  dbg_value_reg[43]/C
                         clock pessimism              0.000    20.924
                         clock uncertainty           -0.035    20.889
    SLICE_X35Y76         FDRE (Setup_fdre_C_D)        0.031    20.920    dbg_value_reg[43]
  -------------------------------------------------------------------
                         required time                         20.920
                         arrival time                         -15.520
  -------------------------------------------------------------------
                         slack                                  5.400

Slack (MET) :             5.422ns  (required time - arrival time)
  Source:                 purpose_reg[1]/C
                            (rising edge-triggered cell FDRE clocked by clk  {rise@0.000ns fall@10.000ns period=20.000ns})
  Destination:            power_buffer_reg[56]/D
                            (rising edge-triggered cell FDRE clocked by clk  {rise@0.000ns fall@10.000ns period=20.000ns})
  Path Group:             clk
  Path Type:              Setup (Max at Slow Process Corner)
  Requirement:            20.000ns  (clk rise@20.000ns - clk rise@0.000ns)
  Data Path Delay:        14.523ns  (logic 6.958ns (47.911%)  route 7.565ns (52.089%))
  Logic Levels:           24  (CARRY4=16 DSP48E1=1 LUT2=1 LUT4=3 LUT6=3)
  Clock Path Skew:        -0.049ns (DCD - SCD + CPR)
    Destination Clock Delay (DCD):    0.924ns = ( 20.924 - 20.000 )
    Source Clock Delay      (SCD):    0.973ns
    Clock Pessimism Removal (CPR):    0.000ns
  Clock Uncertainty:      0.035ns  ((TSJ^2 + TIJ^2)^1/2 + DJ) / 2 + PE
    Total System Jitter     (TSJ):    0.071ns
    Total Input Jitter      (TIJ):    0.000ns
    Discrete Jitter          (DJ):    0.000ns
    Phase Error              (PE):    0.000ns

    Location             Delay type                Incr(ns)  Path(ns)    Netlist Resource(s)
  -------------------------------------------------------------------    -------------------
                         (clock clk rise edge)        0.000     0.000 r
                                                      0.000     0.000 r  clk (IN)
                         net (fo=1330, unset)         0.973     0.973    clk
    SLICE_X41Y80         FDRE                                         r  purpose_reg[1]/C
  -------------------------------------------------------------------    -------------------
    SLICE_X41Y80         FDRE (Prop_fdre_C_Q)         0.456     1.429 r  purpose_reg[1]/Q
                         net (fo=10, routed)          0.868     2.297    lanes[0].rom/cycles_nn[17]_i_3
    SLICE_X35Y80         LUT2 (Prop_lut2_I0_O)        0.124     2.421 r  lanes[0].rom/cycles_power[23]_i_5/O
                         net (fo=18, routed)          1.475     3.897    lanes[0].rom/purpose_reg[1]
    SLICE_X45Y60         LUT6 (Prop_lut6_I4_O)        0.124     4.021 f  lanes[0].rom/unsigned_product_i_38/O
                         net (fo=2, routed)           1.129     5.150    lanes[0].rom_n_24
    SLICE_X35Y61         LUT4 (Prop_lut4_I3_O)        0.153     5.303 r  unsigned_product_i_8/O
                         net (fo=1, routed)           0.924     6.227    A[8]
    DSP48_X0Y25          DSP48E1 (Prop_dsp48e1_A[8]_P[0])
                                                      2.280     8.507 r  unsigned_product/P[0]
                         net (fo=3, routed)           1.289     9.795    power_ram/P[0]
    SLICE_X34Y65         LUT4 (Prop_lut4_I3_O)        0.124     9.919 r  power_ram/wide_acc[3]_i_7/O
                         net (fo=1, routed)           0.000     9.919    power_ram/wide_acc[3]_i_7_n_0
    SLICE_X34Y65         CARRY4 (Prop_carry4_S[0]_O[3])
                                                      0.608    10.527 r  power_ram/wide_acc_reg[3]_i_2/O[3]
                         net (fo=2, routed)           0.790    11.317    power_ram/wide_acc_reg[3][3]
    SLICE_X35Y66         LUT4 (Prop_lut4_I3_O)        0.307    11.624 f  power_ram/wide_acc[3]_i_9/O
                         net (fo=1, routed)           0.597    12.221    power_ram/wide_acc[3]_i_9_n_0
    SLICE_X37Y67         LUT6 (Prop_lut6_I0_O)        0.124    12.345 r  power_ram/wide_acc[3]_i_8/O
                         net (fo=1, routed)           0.000    12.345    power_ram/wide_acc[3]_i_8_n_0
    SLICE_X37Y67         CARRY4 (Prop_carry4_S[0]_CO[3])
                                                      0.532    12.877 r  power_ram/wide_acc_reg[3]_i_3/CO[3]
                         net (fo=1, routed)           0.000    12.877    power_ram/wide_acc_reg[3]_i_3_n_0
    SLICE_X37Y68         CARRY4 (Prop_carry4_CI_CO[3])
                                                      0.114    12.991 r  power_ram/wide_acc_reg[7]_i_3/CO[3]
                         net (fo=1, routed)           0.000    12.991    power_ram/wide_acc_reg[7]_i_3_n_0
    SLICE_X37Y69         CARRY4 (Prop_carry4_CI_CO[3])
                                                      0.114    13.105 r  power_ram/wide_acc_reg[11]_i_3/CO[3]
                         net (fo=1, routed)           0.000    13.105    power_ram/wide_acc_reg[11]_i_3_n_0
    SLICE_X37Y70         CARRY4 (Prop_carry4_CI_CO[3])
                                                      0.114    13.219 r  power_ram/wide_acc_reg[15]_i_3/CO[3]
                         net (fo=1, routed)           0.000    13.219    power_ram/wide_acc_reg[15]_i_3_n_0
    SLICE_X37Y71         CARRY4 (Prop_carry4_CI_CO[3])
                                                      0.114    13.333 r  power_ram/wide_acc_reg[19]_i_3/CO[3]
                         net (fo=1, routed)           0.000    13.333    power_ram/wide_acc_reg[19]_i_3_n_0
    SLICE_X37Y72         CARRY4 (Prop_carry4_CI_CO[3])
                                                      0.114    13.447 r  power_ram/wide_acc_reg[23]_i_3/CO[3]
                         net (fo=1, routed)           0.000    13.447    power_ram/wide_acc_reg[23]_i_3_n_0
    SLICE_X37Y73         CARRY4 (Prop_carry4_CI_CO[3])
                                                      0.114    13.561 r  power_ram/wide_acc_reg[27]_i_3/CO[3]
                         net (fo=1, routed)           0.000    13.561    power_ram/wide_acc_reg[27]_i_3_n_0
    SLICE_X37Y74         CARRY4 (Prop_carry4_CI_CO[3])
                                                      0.114    13.675 r  power_ram/wide_acc_reg[31]_i_3/CO[3]
                         net (fo=1, routed)           0.009    13.684    power_ram/wide_acc_reg[31]_i_3_n_0
    SLICE_X37Y75         CARRY4 (Prop_carry4_CI_CO[3])
                                                      0.114    13.798 r  power_ram/wide_acc_reg[35]_i_3/CO[3]
                         net (fo=1, routed)           0.000    13.798    power_ram/wide_acc_reg[35]_i_3_n_0
    SLICE_X37Y76         CARRY4 (Prop_carry4_CI_CO[3])
                                                      0.114    13.912 r  power_ram/wide_acc_reg[39]_i_3/CO[3]
                         net (fo=1, routed)           0.000    13.912    power_ram/wide_acc_reg[39]_i_3_n_0
    SLICE_X37Y77         CARRY4 (Prop_carry4_CI_CO[3])
                                                      0.114    14.026 r  power_ram/wide_acc_reg[43]_i_3/CO[3]
                         net (fo=1, routed)           0.000    14.026    power_ram/wide_acc_reg[43]_i_3_n_0
    SLICE_X37Y78         CARRY4 (Prop_carry4_CI_CO[3])
                                                      0.114    14.140 r  power_ram/wide_acc_reg[47]_i_3/CO[3]
                         net (fo=1, routed)           0.000    14.140    power_ram/wide_acc_reg[47]_i_3_n_0
    SLICE_X37Y79         CARRY4 (Prop_carry4_CI_CO[3])
                                                      0.114    14.254 r  power_ram/wide_acc_reg[51]_i_3/CO[3]
                         net (fo=1, routed)           0.000    14.254    power_ram/wide_acc_reg[51]_i_3_n_0
    SLICE_X37Y80         CARRY4 (Prop_carry4_CI_CO[3])
                                                      0.114    14.368 r  power_ram/wide_acc_reg[55]_i_3/CO[3]
                         net (fo=1, routed)           0.000    14.368    power_ram/wide_acc_reg[55]_i_3_n_0
    SLICE_X37Y81         CARRY4 (Prop_carry4_CI_CO[0])
                                                      0.271    14.639 r  power_ram/wide_acc_reg[56]_i_3/CO[0]
                         net (fo=3, routed)           0.484    15.123    power_ram/CO[0]
    SLICE_X40Y80         LUT6 (Prop_lut6_I2_O)        0.373    15.496 r  power_ram/power_buffer[56]_i_1/O
                         net (fo=1, routed)           0.000    15.496    power_ram_n_7
    SLICE_X40Y80         FDRE                                         r  power_buffer_reg[56]/D
  -------------------------------------------------------------------    -------------------

                         (clock clk rise edge)       20.000    20.000 r
                                                      0.000    20.000 r  clk (IN)
                         net (fo=1330, unset)         0.924    20.924    clk
    SLICE_X40Y80         FDRE                                         r  power_buffer_reg[56]/C
                         clock pessimism              0.000    20.924
                         clock uncertainty           -0.035    20.889
    SLICE_X40Y80         FDRE (Setup_fdre_C_D)        0.029    20.918    power_buffer_reg[56]
  -------------------------------------------------------------------
                         required time                         20.918
                         arrival time                         -15.496
  -------------------------------------------------------------------
                         slack                                  5.422

Slack (MET) :             5.450ns  (required time - arrival time)
  Source:                 purpose_reg[1]/C
                            (rising edge-triggered cell FDRE clocked by clk  {rise@0.000ns fall@10.000ns period=20.000ns})
  Destination:            dbg_value_reg[50]/D
                            (rising edge-triggered cell FDRE clocked by clk  {rise@0.000ns fall@10.000ns period=20.000ns})
  Path Group:             clk
  Path Type:              Setup (Max at Slow Process Corner)
  Requirement:            20.000ns  (clk rise@20.000ns - clk rise@0.000ns)
  Data Path Delay:        14.495ns  (logic 6.751ns (46.576%)  route 7.744ns (53.424%))
  Logic Levels:           23  (CARRY4=14 DSP48E1=1 LUT2=1 LUT4=3 LUT5=1 LUT6=3)
  Clock Path Skew:        -0.049ns (DCD - SCD + CPR)
    Destination Clock Delay (DCD):    0.924ns = ( 20.924 - 20.000 )
    Source Clock Delay      (SCD):    0.973ns
    Clock Pessimism Removal (CPR):    0.000ns
  Clock Uncertainty:      0.035ns  ((TSJ^2 + TIJ^2)^1/2 + DJ) / 2 + PE
    Total System Jitter     (TSJ):    0.071ns
    Total Input Jitter      (TIJ):    0.000ns
    Discrete Jitter          (DJ):    0.000ns
    Phase Error              (PE):    0.000ns

    Location             Delay type                Incr(ns)  Path(ns)    Netlist Resource(s)
  -------------------------------------------------------------------    -------------------
                         (clock clk rise edge)        0.000     0.000 r
                                                      0.000     0.000 r  clk (IN)
                         net (fo=1330, unset)         0.973     0.973    clk
    SLICE_X41Y80         FDRE                                         r  purpose_reg[1]/C
  -------------------------------------------------------------------    -------------------
    SLICE_X41Y80         FDRE (Prop_fdre_C_Q)         0.456     1.429 r  purpose_reg[1]/Q
                         net (fo=10, routed)          0.868     2.297    lanes[0].rom/cycles_nn[17]_i_3
    SLICE_X35Y80         LUT2 (Prop_lut2_I0_O)        0.124     2.421 r  lanes[0].rom/cycles_power[23]_i_5/O
                         net (fo=18, routed)          1.475     3.897    lanes[0].rom/purpose_reg[1]
    SLICE_X45Y60         LUT6 (Prop_lut6_I4_O)        0.124     4.021 f  lanes[0].rom/unsigned_product_i_38/O
                         net (fo=2, routed)           1.129     5.150    lanes[0].rom_n_24
    SLICE_X35Y61         LUT4 (Prop_lut4_I3_O)        0.153     5.303 r  unsigned_product_i_8/O
                         net (fo=1, routed)           0.924     6.227    A[8]
    DSP48_X0Y25          DSP48E1 (Prop_dsp48e1_A[8]_P[0])
                                                      2.280     8.507 r  unsigned_product/P[0]
                         net (fo=3, routed)           1.289     9.795    power_ram/P[0]
    SLICE_X34Y65         LUT4 (Prop_lut4_I3_O)        0.124     9.919 r  power_ram/wide_acc[3]_i_7/O
                         net (fo=1, routed)           0.000     9.919    power_ram/wide_acc[3]_i_7_n_0
    SLICE_X34Y65         CARRY4 (Prop_carry4_S[0]_O[3])
                                                      0.608    10.527 r  power_ram/wide_acc_reg[3]_i_2/O[3]
                         net (fo=2, routed)           0.790    11.317    power_ram/wide_acc_reg[3][3]
    SLICE_X35Y66         LUT4 (Prop_lut4_I3_O)        0.307    11.624 f  power_ram/wide_acc[3]_i_9/O
                         net (fo=1, routed)           0.597    12.221    power_ram/wide_acc[3]_i_9_n_0
    SLICE_X37Y67         LUT6 (Prop_lut6_I0_O)        0.124    12.345 r  power_ram/wide_acc[3]_i_8/O
                         net (fo=1, routed)           0.000    12.345    power_ram/wide_acc[3]_i_8_n_0
    SLICE_X37Y67         CARRY4 (Prop_carry4_S[0]_CO[3])
                                                      0.532    12.877 r  power_ram/wide_acc_reg[3]_i_3/CO[3]
                         net (fo=1, routed)           0.000    12.877    power_ram/wide_acc_reg[3]_i_3_n_0
    SLICE_X37Y68         CARRY4 (Prop_carry4_CI_CO[3])
                                                      0.114    12.991 r  power_ram/wide_acc_reg[7]_i_3/CO[3]
                         net (fo=1, routed)           0.000    12.991    power_ram/wide_acc_reg[7]_i_3_n_0
    SLICE_X37Y69         CARRY4 (Prop_carry4_CI_CO[3])
                                                      0.114    13.105 r  power_ram/wide_acc_reg[11]_i_3/CO[3]
                         net (fo=1, routed)           0.000    13.105    power_ram/wide_acc_reg[11]_i_3_n_0
    SLICE_X37Y70         CARRY4 (Prop_carry4_CI_CO[3])
                                                      0.114    13.219 r  power_ram/wide_acc_reg[15]_i_3/CO[3]
                         net (fo=1, routed)           0.000    13.219    power_ram/wide_acc_reg[15]_i_3_n_0
    SLICE_X37Y71         CARRY4 (Prop_carry4_CI_CO[3])
                                                      0.114    13.333 r  power_ram/wide_acc_reg[19]_i_3/CO[3]
                         net (fo=1, routed)           0.000    13.333    power_ram/wide_acc_reg[19]_i_3_n_0
    SLICE_X37Y72         CARRY4 (Prop_carry4_CI_CO[3])
                                                      0.114    13.447 r  power_ram/wide_acc_reg[23]_i_3/CO[3]
                         net (fo=1, routed)           0.000    13.447    power_ram/wide_acc_reg[23]_i_3_n_0
    SLICE_X37Y73         CARRY4 (Prop_carry4_CI_CO[3])
                                                      0.114    13.561 r  power_ram/wide_acc_reg[27]_i_3/CO[3]
                         net (fo=1, routed)           0.000    13.561    power_ram/wide_acc_reg[27]_i_3_n_0
    SLICE_X37Y74         CARRY4 (Prop_carry4_CI_CO[3])
                                                      0.114    13.675 r  power_ram/wide_acc_reg[31]_i_3/CO[3]
                         net (fo=1, routed)           0.009    13.684    power_ram/wide_acc_reg[31]_i_3_n_0
    SLICE_X37Y75         CARRY4 (Prop_carry4_CI_CO[3])
                                                      0.114    13.798 r  power_ram/wide_acc_reg[35]_i_3/CO[3]
                         net (fo=1, routed)           0.000    13.798    power_ram/wide_acc_reg[35]_i_3_n_0
    SLICE_X37Y76         CARRY4 (Prop_carry4_CI_CO[3])
                                                      0.114    13.912 r  power_ram/wide_acc_reg[39]_i_3/CO[3]
                         net (fo=1, routed)           0.000    13.912    power_ram/wide_acc_reg[39]_i_3_n_0
    SLICE_X37Y77         CARRY4 (Prop_carry4_CI_CO[3])
                                                      0.114    14.026 r  power_ram/wide_acc_reg[43]_i_3/CO[3]
                         net (fo=1, routed)           0.000    14.026    power_ram/wide_acc_reg[43]_i_3_n_0
    SLICE_X37Y78         CARRY4 (Prop_carry4_CI_CO[3])
                                                      0.114    14.140 r  power_ram/wide_acc_reg[47]_i_3/CO[3]
                         net (fo=1, routed)           0.000    14.140    power_ram/wide_acc_reg[47]_i_3_n_0
    SLICE_X37Y79         CARRY4 (Prop_carry4_CI_O[2])
                                                      0.239    14.379 r  power_ram/wide_acc_reg[51]_i_3/O[2]
                         net (fo=3, routed)           0.509    14.887    power_ram_n_117
    SLICE_X41Y79         LUT6 (Prop_lut6_I5_O)        0.302    15.189 r  dbg_value[50]_i_2/O
                         net (fo=1, routed)           0.154    15.344    dbg_value[50]_i_2_n_0
    SLICE_X41Y79         LUT5 (Prop_lut5_I4_O)        0.124    15.468 r  dbg_value[50]_i_1/O
                         net (fo=1, routed)           0.000    15.468    dbg_value[50]_i_1_n_0
    SLICE_X41Y79         FDRE                                         r  dbg_value_reg[50]/D
  -------------------------------------------------------------------    -------------------

                         (clock clk rise edge)       20.000    20.000 r
                                                      0.000    20.000 r  clk (IN)
                         net (fo=1330, unset)         0.924    20.924    clk
    SLICE_X41Y79         FDRE                                         r  dbg_value_reg[50]/C
                         clock pessimism              0.000    20.924
                         clock uncertainty           -0.035    20.889
    SLICE_X41Y79         FDRE (Setup_fdre_C_D)        0.029    20.918    dbg_value_reg[50]
  -------------------------------------------------------------------
                         required time                         20.918
                         arrival time                         -15.468
  -------------------------------------------------------------------
                         slack                                  5.450

Slack (MET) :             5.500ns  (required time - arrival time)
  Source:                 purpose_reg[1]/C
                            (rising edge-triggered cell FDRE clocked by clk  {rise@0.000ns fall@10.000ns period=20.000ns})
  Destination:            dbg_value_reg[29]/D
                            (rising edge-triggered cell FDRE clocked by clk  {rise@0.000ns fall@10.000ns period=20.000ns})
  Path Group:             clk
  Path Type:              Setup (Max at Slow Process Corner)
  Requirement:            20.000ns  (clk rise@20.000ns - clk rise@0.000ns)
  Data Path Delay:        14.447ns  (logic 6.277ns (43.447%)  route 8.170ns (56.553%))
  Logic Levels:           18  (CARRY4=9 DSP48E1=1 LUT2=1 LUT4=3 LUT6=4)
  Clock Path Skew:        -0.049ns (DCD - SCD + CPR)
    Destination Clock Delay (DCD):    0.924ns = ( 20.924 - 20.000 )
    Source Clock Delay      (SCD):    0.973ns
    Clock Pessimism Removal (CPR):    0.000ns
  Clock Uncertainty:      0.035ns  ((TSJ^2 + TIJ^2)^1/2 + DJ) / 2 + PE
    Total System Jitter     (TSJ):    0.071ns
    Total Input Jitter      (TIJ):    0.000ns
    Discrete Jitter          (DJ):    0.000ns
    Phase Error              (PE):    0.000ns

    Location             Delay type                Incr(ns)  Path(ns)    Netlist Resource(s)
  -------------------------------------------------------------------    -------------------
                         (clock clk rise edge)        0.000     0.000 r
                                                      0.000     0.000 r  clk (IN)
                         net (fo=1330, unset)         0.973     0.973    clk
    SLICE_X41Y80         FDRE                                         r  purpose_reg[1]/C
  -------------------------------------------------------------------    -------------------
    SLICE_X41Y80         FDRE (Prop_fdre_C_Q)         0.456     1.429 r  purpose_reg[1]/Q
                         net (fo=10, routed)          0.868     2.297    lanes[0].rom/cycles_nn[17]_i_3
    SLICE_X35Y80         LUT2 (Prop_lut2_I0_O)        0.124     2.421 r  lanes[0].rom/cycles_power[23]_i_5/O
                         net (fo=18, routed)          1.475     3.897    lanes[0].rom/purpose_reg[1]
    SLICE_X45Y60         LUT6 (Prop_lut6_I4_O)        0.124     4.021 f  lanes[0].rom/unsigned_product_i_38/O
                         net (fo=2, routed)           1.129     5.150    lanes[0].rom_n_24
    SLICE_X35Y61         LUT4 (Prop_lut4_I3_O)        0.153     5.303 r  unsigned_product_i_8/O
                         net (fo=1, routed)           0.924     6.227    A[8]
    DSP48_X0Y25          DSP48E1 (Prop_dsp48e1_A[8]_P[0])
                                                      2.280     8.507 r  unsigned_product/P[0]
                         net (fo=3, routed)           1.289     9.795    power_ram/P[0]
    SLICE_X34Y65         LUT4 (Prop_lut4_I3_O)        0.124     9.919 r  power_ram/wide_acc[3]_i_7/O
                         net (fo=1, routed)           0.000     9.919    power_ram/wide_acc[3]_i_7_n_0
    SLICE_X34Y65         CARRY4 (Prop_carry4_S[0]_O[3])
                                                      0.608    10.527 r  power_ram/wide_acc_reg[3]_i_2/O[3]
                         net (fo=2, routed)           0.790    11.317    power_ram/wide_acc_reg[3][3]
    SLICE_X35Y66         LUT4 (Prop_lut4_I3_O)        0.307    11.624 f  power_ram/wide_acc[3]_i_9/O
                         net (fo=1, routed)           0.597    12.221    power_ram/wide_acc[3]_i_9_n_0
    SLICE_X37Y67         LUT6 (Prop_lut6_I0_O)        0.124    12.345 r  power_ram/wide_acc[3]_i_8/O
                         net (fo=1, routed)           0.000    12.345    power_ram/wide_acc[3]_i_8_n_0
    SLICE_X37Y67         CARRY4 (Prop_carry4_S[0]_CO[3])
                                                      0.532    12.877 r  power_ram/wide_acc_reg[3]_i_3/CO[3]
                         net (fo=1, routed)           0.000    12.877    power_ram/wide_acc_reg[3]_i_3_n_0
    SLICE_X37Y68         CARRY4 (Prop_carry4_CI_CO[3])
                                                      0.114    12.991 r  power_ram/wide_acc_reg[7]_i_3/CO[3]
                         net (fo=1, routed)           0.000    12.991    power_ram/wide_acc_reg[7]_i_3_n_0
    SLICE_X37Y69         CARRY4 (Prop_carry4_CI_CO[3])
                                                      0.114    13.105 r  power_ram/wide_acc_reg[11]_i_3/CO[3]
                         net (fo=1, routed)           0.000    13.105    power_ram/wide_acc_reg[11]_i_3_n_0
    SLICE_X37Y70         CARRY4 (Prop_carry4_CI_CO[3])
                                                      0.114    13.219 r  power_ram/wide_acc_reg[15]_i_3/CO[3]
                         net (fo=1, routed)           0.000    13.219    power_ram/wide_acc_reg[15]_i_3_n_0
    SLICE_X37Y71         CARRY4 (Prop_carry4_CI_CO[3])
                                                      0.114    13.333 r  power_ram/wide_acc_reg[19]_i_3/CO[3]
                         net (fo=1, routed)           0.000    13.333    power_ram/wide_acc_reg[19]_i_3_n_0
    SLICE_X37Y72         CARRY4 (Prop_carry4_CI_CO[3])
                                                      0.114    13.447 r  power_ram/wide_acc_reg[23]_i_3/CO[3]
                         net (fo=1, routed)           0.000    13.447    power_ram/wide_acc_reg[23]_i_3_n_0
    SLICE_X37Y73         CARRY4 (Prop_carry4_CI_CO[3])
                                                      0.114    13.561 r  power_ram/wide_acc_reg[27]_i_3/CO[3]
                         net (fo=1, routed)           0.000    13.561    power_ram/wide_acc_reg[27]_i_3_n_0
    SLICE_X37Y74         CARRY4 (Prop_carry4_CI_O[1])
                                                      0.334    13.895 r  power_ram/wide_acc_reg[31]_i_3/O[1]
                         net (fo=3, routed)           0.665    14.559    power_ram_n_96
    SLICE_X43Y73         LUT6 (Prop_lut6_I1_O)        0.303    14.862 r  dbg_value[29]_i_2/O
                         net (fo=1, routed)           0.434    15.296    dbg_value[29]_i_2_n_0
    SLICE_X43Y70         LUT6 (Prop_lut6_I5_O)        0.124    15.420 r  dbg_value[29]_i_1/O
                         net (fo=1, routed)           0.000    15.420    dbg_value[29]_i_1_n_0
    SLICE_X43Y70         FDRE                                         r  dbg_value_reg[29]/D
  -------------------------------------------------------------------    -------------------

                         (clock clk rise edge)       20.000    20.000 r
                                                      0.000    20.000 r  clk (IN)
                         net (fo=1330, unset)         0.924    20.924    clk
    SLICE_X43Y70         FDRE                                         r  dbg_value_reg[29]/C
                         clock pessimism              0.000    20.924
                         clock uncertainty           -0.035    20.889
    SLICE_X43Y70         FDRE (Setup_fdre_C_D)        0.031    20.920    dbg_value_reg[29]
  -------------------------------------------------------------------
                         required time                         20.920
                         arrival time                         -15.420
  -------------------------------------------------------------------
                         slack                                  5.500

Slack (MET) :             5.504ns  (required time - arrival time)
  Source:                 purpose_reg[1]/C
                            (rising edge-triggered cell FDRE clocked by clk  {rise@0.000ns fall@10.000ns period=20.000ns})
  Destination:            dbg_value_reg[37]/D
                            (rising edge-triggered cell FDRE clocked by clk  {rise@0.000ns fall@10.000ns period=20.000ns})
  Path Group:             clk
  Path Type:              Setup (Max at Slow Process Corner)
  Requirement:            20.000ns  (clk rise@20.000ns - clk rise@0.000ns)
  Data Path Delay:        14.441ns  (logic 6.505ns (45.045%)  route 7.936ns (54.955%))
  Logic Levels:           20  (CARRY4=11 DSP48E1=1 LUT2=1 LUT4=3 LUT5=1 LUT6=3)
  Clock Path Skew:        -0.049ns (DCD - SCD + CPR)
    Destination Clock Delay (DCD):    0.924ns = ( 20.924 - 20.000 )
    Source Clock Delay      (SCD):    0.973ns
    Clock Pessimism Removal (CPR):    0.000ns
  Clock Uncertainty:      0.035ns  ((TSJ^2 + TIJ^2)^1/2 + DJ) / 2 + PE
    Total System Jitter     (TSJ):    0.071ns
    Total Input Jitter      (TIJ):    0.000ns
    Discrete Jitter          (DJ):    0.000ns
    Phase Error              (PE):    0.000ns

    Location             Delay type                Incr(ns)  Path(ns)    Netlist Resource(s)
  -------------------------------------------------------------------    -------------------
                         (clock clk rise edge)        0.000     0.000 r
                                                      0.000     0.000 r  clk (IN)
                         net (fo=1330, unset)         0.973     0.973    clk
    SLICE_X41Y80         FDRE                                         r  purpose_reg[1]/C
  -------------------------------------------------------------------    -------------------
    SLICE_X41Y80         FDRE (Prop_fdre_C_Q)         0.456     1.429 r  purpose_reg[1]/Q
                         net (fo=10, routed)          0.868     2.297    lanes[0].rom/cycles_nn[17]_i_3
    SLICE_X35Y80         LUT2 (Prop_lut2_I0_O)        0.124     2.421 r  lanes[0].rom/cycles_power[23]_i_5/O
                         net (fo=18, routed)          1.475     3.897    lanes[0].rom/purpose_reg[1]
    SLICE_X45Y60         LUT6 (Prop_lut6_I4_O)        0.124     4.021 f  lanes[0].rom/unsigned_product_i_38/O
                         net (fo=2, routed)           1.129     5.150    lanes[0].rom_n_24
    SLICE_X35Y61         LUT4 (Prop_lut4_I3_O)        0.153     5.303 r  unsigned_product_i_8/O
                         net (fo=1, routed)           0.924     6.227    A[8]
    DSP48_X0Y25          DSP48E1 (Prop_dsp48e1_A[8]_P[0])
                                                      2.280     8.507 r  unsigned_product/P[0]
                         net (fo=3, routed)           1.289     9.795    power_ram/P[0]
    SLICE_X34Y65         LUT4 (Prop_lut4_I3_O)        0.124     9.919 r  power_ram/wide_acc[3]_i_7/O
                         net (fo=1, routed)           0.000     9.919    power_ram/wide_acc[3]_i_7_n_0
    SLICE_X34Y65         CARRY4 (Prop_carry4_S[0]_O[3])
                                                      0.608    10.527 r  power_ram/wide_acc_reg[3]_i_2/O[3]
                         net (fo=2, routed)           0.790    11.317    power_ram/wide_acc_reg[3][3]
    SLICE_X35Y66         LUT4 (Prop_lut4_I3_O)        0.307    11.624 f  power_ram/wide_acc[3]_i_9/O
                         net (fo=1, routed)           0.597    12.221    power_ram/wide_acc[3]_i_9_n_0
    SLICE_X37Y67         LUT6 (Prop_lut6_I0_O)        0.124    12.345 r  power_ram/wide_acc[3]_i_8/O
                         net (fo=1, routed)           0.000    12.345    power_ram/wide_acc[3]_i_8_n_0
    SLICE_X37Y67         CARRY4 (Prop_carry4_S[0]_CO[3])
                                                      0.532    12.877 r  power_ram/wide_acc_reg[3]_i_3/CO[3]
                         net (fo=1, routed)           0.000    12.877    power_ram/wide_acc_reg[3]_i_3_n_0
    SLICE_X37Y68         CARRY4 (Prop_carry4_CI_CO[3])
                                                      0.114    12.991 r  power_ram/wide_acc_reg[7]_i_3/CO[3]
                         net (fo=1, routed)           0.000    12.991    power_ram/wide_acc_reg[7]_i_3_n_0
    SLICE_X37Y69         CARRY4 (Prop_carry4_CI_CO[3])
                                                      0.114    13.105 r  power_ram/wide_acc_reg[11]_i_3/CO[3]
                         net (fo=1, routed)           0.000    13.105    power_ram/wide_acc_reg[11]_i_3_n_0
    SLICE_X37Y70         CARRY4 (Prop_carry4_CI_CO[3])
                                                      0.114    13.219 r  power_ram/wide_acc_reg[15]_i_3/CO[3]
                         net (fo=1, routed)           0.000    13.219    power_ram/wide_acc_reg[15]_i_3_n_0
    SLICE_X37Y71         CARRY4 (Prop_carry4_CI_CO[3])
                                                      0.114    13.333 r  power_ram/wide_acc_reg[19]_i_3/CO[3]
                         net (fo=1, routed)           0.000    13.333    power_ram/wide_acc_reg[19]_i_3_n_0
    SLICE_X37Y72         CARRY4 (Prop_carry4_CI_CO[3])
                                                      0.114    13.447 r  power_ram/wide_acc_reg[23]_i_3/CO[3]
                         net (fo=1, routed)           0.000    13.447    power_ram/wide_acc_reg[23]_i_3_n_0
    SLICE_X37Y73         CARRY4 (Prop_carry4_CI_CO[3])
                                                      0.114    13.561 r  power_ram/wide_acc_reg[27]_i_3/CO[3]
                         net (fo=1, routed)           0.000    13.561    power_ram/wide_acc_reg[27]_i_3_n_0
    SLICE_X37Y74         CARRY4 (Prop_carry4_CI_CO[3])
                                                      0.114    13.675 r  power_ram/wide_acc_reg[31]_i_3/CO[3]
                         net (fo=1, routed)           0.009    13.684    power_ram/wide_acc_reg[31]_i_3_n_0
    SLICE_X37Y75         CARRY4 (Prop_carry4_CI_CO[3])
                                                      0.114    13.798 r  power_ram/wide_acc_reg[35]_i_3/CO[3]
                         net (fo=1, routed)           0.000    13.798    power_ram/wide_acc_reg[35]_i_3_n_0
    SLICE_X37Y76         CARRY4 (Prop_carry4_CI_O[1])
                                                      0.334    14.132 r  power_ram/wide_acc_reg[39]_i_3/O[1]
                         net (fo=3, routed)           0.429    14.561    power_ram_n_105
    SLICE_X41Y76         LUT6 (Prop_lut6_I1_O)        0.303    14.864 r  dbg_value[37]_i_2/O
                         net (fo=1, routed)           0.426    15.290    dbg_value[37]_i_2_n_0
    SLICE_X40Y76         LUT5 (Prop_lut5_I4_O)        0.124    15.414 r  dbg_value[37]_i_1/O
                         net (fo=1, routed)           0.000    15.414    dbg_value[37]_i_1_n_0
    SLICE_X40Y76         FDRE                                         r  dbg_value_reg[37]/D
  -------------------------------------------------------------------    -------------------

                         (clock clk rise edge)       20.000    20.000 r
                                                      0.000    20.000 r  clk (IN)
                         net (fo=1330, unset)         0.924    20.924    clk
    SLICE_X40Y76         FDRE                                         r  dbg_value_reg[37]/C
                         clock pessimism              0.000    20.924
                         clock uncertainty           -0.035    20.889
    SLICE_X40Y76         FDRE (Setup_fdre_C_D)        0.029    20.918    dbg_value_reg[37]
  -------------------------------------------------------------------
                         required time                         20.918
                         arrival time                         -15.414
  -------------------------------------------------------------------
                         slack                                  5.504
