
-- Running command `read_verilog -defer -sv ./rtl/core/vib_coeff_rom.sv ./rtl/core/vibration_core.sv ./sim/core_pnr_probe.sv; chparam -set N 1024 -set LANES 1 -set BANDS 3 -set HIDDEN_SHIFT 8 -set MODEL_DIR "./artifacts/model_neighbor" core_pnr_probe; synth_ice40 -dsp -top core_pnr_probe -json ./build/core_l1_model_neighbor/probe.json; stat' --

1. Executing Verilog-2005 frontend: ./rtl/core/vib_coeff_rom.sv
Parsing SystemVerilog input from `./rtl/core/vib_coeff_rom.sv' to AST representation.
Storing AST representation for module `$abstract\vib_coeff_rom'.
Successfully finished Verilog frontend.

2. Executing Verilog-2005 frontend: ./rtl/core/vibration_core.sv
Parsing SystemVerilog input from `./rtl/core/vibration_core.sv' to AST representation.
Storing AST representation for module `$abstract\vibration_core'.
Successfully finished Verilog frontend.

3. Executing Verilog-2005 frontend: ./sim/core_pnr_probe.sv
Parsing SystemVerilog input from `./sim/core_pnr_probe.sv' to AST representation.
Storing AST representation for module `$abstract\core_pnr_probe'.
Successfully finished Verilog frontend.
Parameter \N = 1024
Parameter \LANES = 1
Parameter \BANDS = 3
Parameter \HIDDEN_SHIFT = 8
Parameter \MODEL_DIR = 952'0010111101010101011100110110010101110010011100110010111101110011011101000110000101101110011011000110010101111001001011110010111001100011011011110110010001100101011110000010111100101110011000110110100001100001011101000110011101110000011101000010110101110000011100100110111101101010011001010110001101110100011100110010111101100111001011010111000000101101001101100110000100110101011001000011100101100001011000110110001001100001001100110011000101100011001110000011000100111001001100010110000101100001001110010011001000110111001101110110001100110101001100000110010000110111001101010011100000111000011000010011100100101111011101010111000001100100011101010110100101101110011011110010110101110110011010010110001001110010011000010111010001101001011011110110111000101111011000010111001001110100011010010110011001100001011000110111010001110011001011110110110101101111011001000110010101101100010111110110111001100101011010010110011101101000011000100110111101110010

4. Executing AST frontend in derive mode using pre-parsed AST for module `\core_pnr_probe'.
Parameter \N = 1024
Parameter \LANES = 1
Parameter \BANDS = 3
Parameter \HIDDEN_SHIFT = 8
Parameter \MODEL_DIR = 952'0010111101010101011100110110010101110010011100110010111101110011011101000110000101101110011011000110010101111001001011110010111001100011011011110110010001100101011110000010111100101110011000110110100001100001011101000110011101110000011101000010110101110000011100100110111101101010011001010110001101110100011100110010111101100111001011010111000000101101001101100110000100110101011001000011100101100001011000110110001001100001001100110011000101100011001110000011000100111001001100010110000101100001001110010011001000110111001101110110001100110101001100000110010000110111001101010011100000111000011000010011100100101111011101010111000001100100011101010110100101101110011011110010110101110110011010010110001001110010011000010111010001101001011011110110111000101111011000010111001001110100011010010110011001100001011000110111010001110011001011110110110101101111011001000110010101101100010111110110111001100101011010010110011101101000011000100110111101110010
Generating RTLIL representation for module `$paramod$80a37b8b6549831e495573b1332ea434983acc1c\core_pnr_probe'.

5. Executing SYNTH_ICE40 pass.

5.1. Executing Verilog-2005 frontend: ./.tools/oss-cad-suite/libexec/../share/yosys/ice40/cells_sim.v
Parsing Verilog input from `./.tools/oss-cad-suite/libexec/../share/yosys/ice40/cells_sim.v' to AST representation.
Generating RTLIL representation for module `\SB_IO'.
Generating RTLIL representation for module `\SB_GB_IO'.
Generating RTLIL representation for module `\SB_GB'.
Generating RTLIL representation for module `\SB_LUT4'.
Generating RTLIL representation for module `\SB_CARRY'.
Generating RTLIL representation for module `\SB_DFF'.
Generating RTLIL representation for module `\SB_DFFE'.
Generating RTLIL representation for module `\SB_DFFSR'.
Generating RTLIL representation for module `\SB_DFFR'.
Generating RTLIL representation for module `\SB_DFFSS'.
Generating RTLIL representation for module `\SB_DFFS'.
Generating RTLIL representation for module `\SB_DFFESR'.
Generating RTLIL representation for module `\SB_DFFER'.
Generating RTLIL representation for module `\SB_DFFESS'.
Generating RTLIL representation for module `\SB_DFFES'.
Generating RTLIL representation for module `\SB_DFFN'.
Generating RTLIL representation for module `\SB_DFFNE'.
Generating RTLIL representation for module `\SB_DFFNSR'.
Generating RTLIL representation for module `\SB_DFFNR'.
Generating RTLIL representation for module `\SB_DFFNSS'.
Generating RTLIL representation for module `\SB_DFFNS'.
Generating RTLIL representation for module `\SB_DFFNESR'.
Generating RTLIL representation for module `\SB_DFFNER'.
Generating RTLIL representation for module `\SB_DFFNESS'.
Generating RTLIL representation for module `\SB_DFFNES'.
Generating RTLIL representation for module `\SB_RAM40_4K'.
Generating RTLIL representation for module `\SB_RAM40_4KNR'.
Generating RTLIL representation for module `\SB_RAM40_4KNW'.
Generating RTLIL representation for module `\SB_RAM40_4KNRNW'.
Generating RTLIL representation for module `\ICESTORM_LC'.
Generating RTLIL representation for module `\SB_PLL40_CORE'.
Generating RTLIL representation for module `\SB_PLL40_PAD'.
Generating RTLIL representation for module `\SB_PLL40_2_PAD'.
Generating RTLIL representation for module `\SB_PLL40_2F_CORE'.
Generating RTLIL representation for module `\SB_PLL40_2F_PAD'.
Generating RTLIL representation for module `\SB_WARMBOOT'.
Generating RTLIL representation for module `\SB_SPRAM256KA'.
Generating RTLIL representation for module `\SB_HFOSC'.
Generating RTLIL representation for module `\SB_LFOSC'.
Generating RTLIL representation for module `\SB_RGBA_DRV'.
Generating RTLIL representation for module `\SB_LED_DRV_CUR'.
Generating RTLIL representation for module `\SB_RGB_DRV'.
Generating RTLIL representation for module `\SB_I2C'.
Generating RTLIL representation for module `\SB_SPI'.
Generating RTLIL representation for module `\SB_LEDDA_IP'.
Generating RTLIL representation for module `\SB_FILTER_50NS'.
Generating RTLIL representation for module `\SB_IO_I3C'.
Generating RTLIL representation for module `\SB_IO_OD'.
Generating RTLIL representation for module `\SB_MAC16'.
Generating RTLIL representation for module `\ICESTORM_RAM'.
Successfully finished Verilog frontend.

5.2. Executing HIERARCHY pass (managing design hierarchy).

5.3. Executing AST frontend in derive mode using pre-parsed AST for module `\core_pnr_probe'.
Generating RTLIL representation for module `\core_pnr_probe'.

5.3.1. Analyzing design hierarchy..
Top module:  \core_pnr_probe
Parameter \N = 1024
Parameter \LANES = 1
Parameter \BANDS = 3
Parameter \MODEL_DIR = 952'0010111101010101011100110110010101110010011100110010111101110011011101000110000101101110011011000110010101111001001011110010111001100011011011110110010001100101011110000010111100101110011000110110100001100001011101000110011101110000011101000010110101110000011100100110111101101010011001010110001101110100011100110010111101100111001011010111000000101101001101100110000100110101011001000011100101100001011000110110001001100001001100110011000101100011001110000011000100111001001100010110000101100001001110010011001000110111001101110110001100110101001100000110010000110111001101010011100000111000011000010011100100101111011101010111000001100100011101010110100101101110011011110010110101110110011010010110001001110010011000010111010001101001011011110110111000101111011000010111001001110100011010010110011001100001011000110111010001110011001011110110110101101111011001000110010101101100010111110110111001100101011010010110011101101000011000100110111101110010
Parameter \HIDDEN_SHIFT = 8

5.3.2. Executing AST frontend in derive mode using pre-parsed AST for module `\vibration_core'.
Parameter \N = 1024
Parameter \LANES = 1
Parameter \BANDS = 3
Parameter \MODEL_DIR = 952'0010111101010101011100110110010101110010011100110010111101110011011101000110000101101110011011000110010101111001001011110010111001100011011011110110010001100101011110000010111100101110011000110110100001100001011101000110011101110000011101000010110101110000011100100110111101101010011001010110001101110100011100110010111101100111001011010111000000101101001101100110000100110101011001000011100101100001011000110110001001100001001100110011000101100011001110000011000100111001001100010110000101100001001110010011001000110111001101110110001100110101001100000110010000110111001101010011100000111000011000010011100100101111011101010111000001100100011101010110100101101110011011110010110101110110011010010110001001110010011000010111010001101001011011110110111000101111011000010111001001110100011010010110011001100001011000110111010001110011001011110110110101101111011001000110010101101100010111110110111001100101011010010110011101101000011000100110111101110010
Parameter \HIDDEN_SHIFT = 8
Generating RTLIL representation for module `$paramod$57dc169f67c52f56080c916f660ace10d120a4de\vibration_core'.
Warning: Replacing memory \product with list of registers. See ./rtl/core/vibration_core.sv:216
Warning: Replacing memory \phase with list of registers. See ./rtl/core/vibration_core.sv:270
Warning: Replacing memory \accumulator with list of registers. See ./rtl/core/vibration_core.sv:270
Warning: Replacing memory \operand_b with list of registers. See ./rtl/core/vibration_core.sv:224
Warning: Replacing memory \operand_a with list of registers. See ./rtl/core/vibration_core.sv:224

5.3.3. Analyzing design hierarchy..
Top module:  \core_pnr_probe
Used module:     $paramod$57dc169f67c52f56080c916f660ace10d120a4de\vibration_core
Parameter \N = 1024
Parameter \MODEL_DIR = 952'0010111101010101011100110110010101110010011100110010111101110011011101000110000101101110011011000110010101111001001011110010111001100011011011110110010001100101011110000010111100101110011000110110100001100001011101000110011101110000011101000010110101110000011100100110111101101010011001010110001101110100011100110010111101100111001011010111000000101101001101100110000100110101011001000011100101100001011000110110001001100001001100110011000101100011001110000011000100111001001100010110000101100001001110010011001000110111001101110110001100110101001100000110010000110111001101010011100000111000011000010011100100101111011101010111000001100100011101010110100101101110011011110010110101110110011010010110001001110010011000010111010001101001011011110110111000101111011000010111001001110100011010010110011001100001011000110111010001110011001011110110110101101111011001000110010101101100010111110110111001100101011010010110011101101000011000100110111101110010

5.3.4. Executing AST frontend in derive mode using pre-parsed AST for module `\vib_coeff_rom'.
Parameter \N = 1024
Parameter \MODEL_DIR = 952'0010111101010101011100110110010101110010011100110010111101110011011101000110000101101110011011000110010101111001001011110010111001100011011011110110010001100101011110000010111100101110011000110110100001100001011101000110011101110000011101000010110101110000011100100110111101101010011001010110001101110100011100110010111101100111001011010111000000101101001101100110000100110101011001000011100101100001011000110110001001100001001100110011000101100011001110000011000100111001001100010110000101100001001110010011001000110111001101110110001100110101001100000110010000110111001101010011100000111000011000010011100100101111011101010111000001100100011101010110100101101110011011110010110101110110011010010110001001110010011000010111010001101001011011110110111000101111011000010111001001110100011010010110011001100001011000110111010001110011001011110110110101101111011001000110010101101100010111110110111001100101011010010110011101101000011000100110111101110010
Generating RTLIL representation for module `$paramod$a59ddd3839f57e0d327ab271e441e444196fd375\vib_coeff_rom'.
Parameter \N = 1024
Parameter \HANN = 1
Parameter \MODEL_DIR = 952'0010111101010101011100110110010101110010011100110010111101110011011101000110000101101110011011000110010101111001001011110010111001100011011011110110010001100101011110000010111100101110011000110110100001100001011101000110011101110000011101000010110101110000011100100110111101101010011001010110001101110100011100110010111101100111001011010111000000101101001101100110000100110101011001000011100101100001011000110110001001100001001100110011000101100011001110000011000100111001001100010110000101100001001110010011001000110111001101110110001100110101001100000110010000110111001101010011100000111000011000010011100100101111011101010111000001100100011101010110100101101110011011110010110101110110011010010110001001110010011000010111010001101001011011110110111000101111011000010111001001110100011010010110011001100001011000110111010001110011001011110110110101101111011001000110010101101100010111110110111001100101011010010110011101101000011000100110111101110010

5.3.5. Executing AST frontend in derive mode using pre-parsed AST for module `\vib_coeff_rom'.
Parameter \N = 1024
Parameter \HANN = 1
Parameter \MODEL_DIR = 952'0010111101010101011100110110010101110010011100110010111101110011011101000110000101101110011011000110010101111001001011110010111001100011011011110110010001100101011110000010111100101110011000110110100001100001011101000110011101110000011101000010110101110000011100100110111101101010011001010110001101110100011100110010111101100111001011010111000000101101001101100110000100110101011001000011100101100001011000110110001001100001001100110011000101100011001110000011000100111001001100010110000101100001001110010011001000110111001101110110001100110101001100000110010000110111001101010011100000111000011000010011100100101111011101010111000001100100011101010110100101101110011011110010110101110110011010010110001001110010011000010111010001101001011011110110111000101111011000010111001001110100011010010110011001100001011000110111010001110011001011110110110101101111011001000110010101101100010111110110111001100101011010010110011101101000011000100110111101110010
Generating RTLIL representation for module `$paramod$aa6c310d2e38486a8824f4af156f1c3e06848952\vib_coeff_rom'.
Reprocessing module $paramod$57dc169f67c52f56080c916f660ace10d120a4de\vibration_core because instantiated module $paramod$a59ddd3839f57e0d327ab271e441e444196fd375\vib_coeff_rom has become available.
Generating RTLIL representation for module `$paramod$57dc169f67c52f56080c916f660ace10d120a4de\vibration_core'.
Warning: Replacing memory \product with list of registers. See ./rtl/core/vibration_core.sv:216
Warning: Replacing memory \phase with list of registers. See ./rtl/core/vibration_core.sv:270
Warning: Replacing memory \accumulator with list of registers. See ./rtl/core/vibration_core.sv:270
Warning: Replacing memory \operand_b with list of registers. See ./rtl/core/vibration_core.sv:224
Warning: Replacing memory \operand_a with list of registers. See ./rtl/core/vibration_core.sv:224

5.3.6. Analyzing design hierarchy..
Top module:  \core_pnr_probe
Used module:     $paramod$57dc169f67c52f56080c916f660ace10d120a4de\vibration_core
Parameter \N = 1024
Parameter \MODEL_DIR = 952'0010111101010101011100110110010101110010011100110010111101110011011101000110000101101110011011000110010101111001001011110010111001100011011011110110010001100101011110000010111100101110011000110110100001100001011101000110011101110000011101000010110101110000011100100110111101101010011001010110001101110100011100110010111101100111001011010111000000101101001101100110000100110101011001000011100101100001011000110110001001100001001100110011000101100011001110000011000100111001001100010110000101100001001110010011001000110111001101110110001100110101001100000110010000110111001101010011100000111000011000010011100100101111011101010111000001100100011101010110100101101110011011110010110101110110011010010110001001110010011000010111010001101001011011110110111000101111011000010111001001110100011010010110011001100001011000110111010001110011001011110110110101101111011001000110010101101100010111110110111001100101011010010110011101101000011000100110111101110010
Found cached RTLIL representation for module `$paramod$a59ddd3839f57e0d327ab271e441e444196fd375\vib_coeff_rom'.
Parameter \N = 1024
Parameter \HANN = 1
Parameter \MODEL_DIR = 952'0010111101010101011100110110010101110010011100110010111101110011011101000110000101101110011011000110010101111001001011110010111001100011011011110110010001100101011110000010111100101110011000110110100001100001011101000110011101110000011101000010110101110000011100100110111101101010011001010110001101110100011100110010111101100111001011010111000000101101001101100110000100110101011001000011100101100001011000110110001001100001001100110011000101100011001110000011000100111001001100010110000101100001001110010011001000110111001101110110001100110101001100000110010000110111001101010011100000111000011000010011100100101111011101010111000001100100011101010110100101101110011011110010110101110110011010010110001001110010011000010111010001101001011011110110111000101111011000010111001001110100011010010110011001100001011000110111010001110011001011110110110101101111011001000110010101101100010111110110111001100101011010010110011101101000011000100110111101110010
Found cached RTLIL representation for module `$paramod$aa6c310d2e38486a8824f4af156f1c3e06848952\vib_coeff_rom'.

5.3.7. Analyzing design hierarchy..
Top module:  \core_pnr_probe
Used module:     $paramod$57dc169f67c52f56080c916f660ace10d120a4de\vibration_core
Used module:         $paramod$a59ddd3839f57e0d327ab271e441e444196fd375\vib_coeff_rom
Used module:         $paramod$aa6c310d2e38486a8824f4af156f1c3e06848952\vib_coeff_rom

5.3.8. Analyzing design hierarchy..
Top module:  \core_pnr_probe
Used module:     $paramod$57dc169f67c52f56080c916f660ace10d120a4de\vibration_core
Used module:         $paramod$a59ddd3839f57e0d327ab271e441e444196fd375\vib_coeff_rom
Used module:         $paramod$aa6c310d2e38486a8824f4af156f1c3e06848952\vib_coeff_rom
Removing unused module `$abstract\core_pnr_probe'.
Removing unused module `$abstract\vibration_core'.
Removing unused module `$abstract\vib_coeff_rom'.
Removed 3 unused modules.

5.4. Executing PROC pass (convert processes to netlists).

5.4.1. Executing PROC_CLEAN pass (remove empty switches from decision trees).
Removing empty process `$paramod$57dc169f67c52f56080c916f660ace10d120a4de\vibration_core.$proc$./rtl/core/vibration_core.sv:212$2021'.
Removing empty process `$paramod$57dc169f67c52f56080c916f660ace10d120a4de\vibration_core.$proc$./rtl/core/vibration_core.sv:80$2020'.
Removing empty process `$paramod$57dc169f67c52f56080c916f660ace10d120a4de\vibration_core.$proc$./rtl/core/vibration_core.sv:73$2019'.
Found and cleaned up 6 empty switches in `$paramod$57dc169f67c52f56080c916f660ace10d120a4de\vibration_core.$proc$./rtl/core/vibration_core.sv:259$1403'.
Found and cleaned up 1 empty switch in `$paramod$57dc169f67c52f56080c916f660ace10d120a4de\vibration_core.$proc$./rtl/core/vibration_core.sv:246$1329'.
Found and cleaned up 1 empty switch in `$paramod$57dc169f67c52f56080c916f660ace10d120a4de\vibration_core.$proc$./rtl/core/vibration_core.sv:222$1293'.
Removing empty process `$paramod$a59ddd3839f57e0d327ab271e441e444196fd375\vib_coeff_rom.$proc$./rtl/core/vib_coeff_rom.sv:24$1208'.
Removing empty process `$paramod$aa6c310d2e38486a8824f4af156f1c3e06848952\vib_coeff_rom.$proc$./rtl/core/vib_coeff_rom.sv:22$1222'.
Cleaned up 8 empty switches.

5.4.2. Executing PROC_RMDEAD pass (remove dead branches from decision trees).
Marked 1 switch rules as full_case in process $proc$./sim/core_pnr_probe.sv:15$395 in module core_pnr_probe.
Marked 43 switch rules as full_case in process $proc$./rtl/core/vibration_core.sv:259$1403 in module $paramod$57dc169f67c52f56080c916f660ace10d120a4de\vibration_core.
Marked 5 switch rules as full_case in process $proc$./rtl/core/vibration_core.sv:246$1329 in module $paramod$57dc169f67c52f56080c916f660ace10d120a4de\vibration_core.
Marked 3 switch rules as full_case in process $proc$./rtl/core/vibration_core.sv:222$1293 in module $paramod$57dc169f67c52f56080c916f660ace10d120a4de\vibration_core.
Removed a total of 0 dead cases.

5.4.3. Executing PROC_PRUNE pass (remove redundant assignments in processes).
Removed 1 redundant assignment.
Promoted 118 assignments to connections.

5.4.4. Executing PROC_INIT pass (extract init attributes).

5.4.5. Executing PROC_ARST pass (detect async resets in processes).

5.4.6. Executing PROC_ROM pass (convert switches to ROMs).
Converted 0 switches.
<suppressed ~69 debug messages>

5.4.7. Executing PROC_MUX pass (convert decision trees to multiplexers).
Creating decoders for process `\core_pnr_probe.$proc$./sim/core_pnr_probe.sv:15$395'.
     1/1: $0\frame_id[31:0]
Creating decoders for process `$paramod$57dc169f67c52f56080c916f660ace10d120a4de\vibration_core.$proc$./rtl/core/vibration_core.sv:218$2018'.
Creating decoders for process `$paramod$57dc169f67c52f56080c916f660ace10d120a4de\vibration_core.$proc$./rtl/core/vibration_core.sv:203$2017'.
Creating decoders for process `$paramod$57dc169f67c52f56080c916f660ace10d120a4de\vibration_core.$proc$./rtl/core/vibration_core.sv:213$2013'.
     1/2: $0\product[0][31:0]
     2/2: $0\g_lane[0].selected_weight[7:0]
Creating decoders for process `$paramod$57dc169f67c52f56080c916f660ace10d120a4de\vibration_core.$proc$./rtl/core/vibration_core.sv:259$1403'.
     1/350: $4$memwr$\logits$./rtl/core/vibration_core.sv:407$1262_EN[31:0]$1982
     2/350: $4$memwr$\logits$./rtl/core/vibration_core.sv:407$1262_DATA[31:0]$1981
     3/350: $4$memwr$\logits$./rtl/core/vibration_core.sv:407$1262_ADDR[1:0]$1980
     4/350: $5\relu_quant$func$./rtl/core/vibration_core.sv:405$1246.$result[7:0]$1978
     5/350: $4\relu_quant$func$./rtl/core/vibration_core.sv:405$1246.$result[7:0]$1976
     6/350: $4\rne$func$./rtl/core/vibration_core.sv:173$1247.$result[39:0]$1963
     7/350: $4\rne$func$./rtl/core/vibration_core.sv:173$1247.halfway[39:0]$1966
     8/350: $4\rne$func$./rtl/core/vibration_core.sv:173$1247.remainder[39:0]$1965
     9/350: $4\rne$func$./rtl/core/vibration_core.sv:173$1247.quotient[39:0]$1964
    10/350: $5\relu_quant$func$./rtl/core/vibration_core.sv:403$1244.$result[7:0]$1962
    11/350: $4\relu_quant$func$./rtl/core/vibration_core.sv:403$1244.$result[7:0]$1960
    12/350: $4\rne$func$./rtl/core/vibration_core.sv:173$1245.$result[39:0]$1947
    13/350: $4\rne$func$./rtl/core/vibration_core.sv:173$1245.halfway[39:0]$1950
    14/350: $4\rne$func$./rtl/core/vibration_core.sv:173$1245.remainder[39:0]$1949
    15/350: $4\rne$func$./rtl/core/vibration_core.sv:173$1245.quotient[39:0]$1948
    16/350: $3\relu_quant$func$./rtl/core/vibration_core.sv:405$1246.$result[7:0]$1933
    17/350: $3\relu_quant$func$./rtl/core/vibration_core.sv:405$1246.rounded[39:0]$1935
    18/350: $3\rne$func$./rtl/core/vibration_core.sv:173$1247.halfway[39:0]$1940
    19/350: $3\rne$func$./rtl/core/vibration_core.sv:173$1247.remainder[39:0]$1939
    20/350: $3\rne$func$./rtl/core/vibration_core.sv:173$1247.quotient[39:0]$1938
    21/350: $3\rne$func$./rtl/core/vibration_core.sv:173$1247.$result[39:0]$1936
    22/350: $3\rne$func$./rtl/core/vibration_core.sv:173$1247.value[39:0]$1937
    23/350: $3\relu_quant$func$./rtl/core/vibration_core.sv:405$1246.value[39:0]$1934
    24/350: $3$memwr$\hidden$./rtl/core/vibration_core.sv:403$1261_EN[7:0]$1943
    25/350: $3$memwr$\hidden$./rtl/core/vibration_core.sv:403$1261_DATA[7:0]$1942
    26/350: $3$memwr$\hidden$./rtl/core/vibration_core.sv:403$1261_ADDR[3:0]$1941
    27/350: $3\relu_quant$func$./rtl/core/vibration_core.sv:403$1244.$result[7:0]$1925
    28/350: $3\relu_quant$func$./rtl/core/vibration_core.sv:403$1244.rounded[39:0]$1927
    29/350: $3\rne$func$./rtl/core/vibration_core.sv:173$1245.halfway[39:0]$1932
    30/350: $3\rne$func$./rtl/core/vibration_core.sv:173$1245.remainder[39:0]$1931
    31/350: $3\rne$func$./rtl/core/vibration_core.sv:173$1245.quotient[39:0]$1930
    32/350: $3\rne$func$./rtl/core/vibration_core.sv:173$1245.$result[39:0]$1928
    33/350: $3\rne$func$./rtl/core/vibration_core.sv:173$1245.value[39:0]$1929
    34/350: $3\relu_quant$func$./rtl/core/vibration_core.sv:403$1244.value[39:0]$1926
    35/350: $3$memwr$\logits$./rtl/core/vibration_core.sv:407$1262_EN[31:0]$1946
    36/350: $3$memwr$\logits$./rtl/core/vibration_core.sv:407$1262_DATA[31:0]$1945
    37/350: $3$memwr$\logits$./rtl/core/vibration_core.sv:407$1262_ADDR[1:0]$1944
    38/350: $0\arithmetic_errors[7:0] [7:1]
    39/350: $0\arithmetic_errors[7:0] [0]
    40/350: $3\sat16$func$./rtl/core/vibration_core.sv:344$1243.$result[15:0]$1885
    41/350: $3\rne$func$./rtl/core/vibration_core.sv:344$1242.$result[39:0]$1872
    42/350: $3\rne$func$./rtl/core/vibration_core.sv:344$1242.halfway[39:0]$1875
    43/350: $3\rne$func$./rtl/core/vibration_core.sv:344$1242.remainder[39:0]$1874
    44/350: $3\rne$func$./rtl/core/vibration_core.sv:344$1242.quotient[39:0]$1873
    45/350: $5\sat16$func$./rtl/core/vibration_core.sv:342$1241.$result[15:0]$1870
    46/350: $4\sat16$func$./rtl/core/vibration_core.sv:342$1241.$result[15:0]$1868
    47/350: $4\rne$func$./rtl/core/vibration_core.sv:342$1240.$result[39:0]$1855
    48/350: $4\rne$func$./rtl/core/vibration_core.sv:342$1240.halfway[39:0]$1858
    49/350: $4\rne$func$./rtl/core/vibration_core.sv:342$1240.remainder[39:0]$1857
    50/350: $4\rne$func$./rtl/core/vibration_core.sv:342$1240.quotient[39:0]$1856
    51/350: $5\sat16$func$./rtl/core/vibration_core.sv:341$1239.$result[15:0]$1854
    52/350: $4\sat16$func$./rtl/core/vibration_core.sv:341$1239.$result[15:0]$1852
    53/350: $4\rne$func$./rtl/core/vibration_core.sv:341$1238.$result[39:0]$1839
    54/350: $4\rne$func$./rtl/core/vibration_core.sv:341$1238.halfway[39:0]$1842
    55/350: $4\rne$func$./rtl/core/vibration_core.sv:341$1238.remainder[39:0]$1841
    56/350: $4\rne$func$./rtl/core/vibration_core.sv:341$1238.quotient[39:0]$1840
    57/350: $3$memwr$\imag_part$./rtl/core/vibration_core.sv:341$1258_EN[15:0]$1835
    58/350: $3$memwr$\imag_part$./rtl/core/vibration_core.sv:341$1258_DATA[15:0]$1834
    59/350: $3$memwr$\imag_part$./rtl/core/vibration_core.sv:341$1258_ADDR[5:0]$1833
    60/350: $3\sat16$func$./rtl/core/vibration_core.sv:341$1239.$result[15:0]$1824
    61/350: $3\sat16$func$./rtl/core/vibration_core.sv:341$1239.value[39:0]$1825
    62/350: $3\rne$func$./rtl/core/vibration_core.sv:341$1238.halfway[39:0]$1823
    63/350: $3\rne$func$./rtl/core/vibration_core.sv:341$1238.remainder[39:0]$1822
    64/350: $3\rne$func$./rtl/core/vibration_core.sv:341$1238.quotient[39:0]$1821
    65/350: $3\rne$func$./rtl/core/vibration_core.sv:341$1238.$result[39:0]$1819
    66/350: $3\rne$func$./rtl/core/vibration_core.sv:341$1238.value[39:0]$1820
    67/350: $3$memwr$\real_part$./rtl/core/vibration_core.sv:342$1259_EN[15:0]$1838
    68/350: $3$memwr$\real_part$./rtl/core/vibration_core.sv:342$1259_DATA[15:0]$1837
    69/350: $3$memwr$\real_part$./rtl/core/vibration_core.sv:342$1259_ADDR[5:0]$1836
    70/350: $3\sat16$func$./rtl/core/vibration_core.sv:342$1241.value[39:0]$1832
    71/350: $3\sat16$func$./rtl/core/vibration_core.sv:342$1241.$result[15:0]$1831
    72/350: $3\rne$func$./rtl/core/vibration_core.sv:342$1240.halfway[39:0]$1830
    73/350: $3\rne$func$./rtl/core/vibration_core.sv:342$1240.remainder[39:0]$1829
    74/350: $3\rne$func$./rtl/core/vibration_core.sv:342$1240.quotient[39:0]$1828
    75/350: $3\rne$func$./rtl/core/vibration_core.sv:342$1240.value[39:0]$1827
    76/350: $3\rne$func$./rtl/core/vibration_core.sv:342$1240.$result[39:0]$1826
    77/350: $4$lookahead\busy$1402[1:0]$1799
    78/350: $3$bitselwrite$pos$./rtl/core/vibration_core.sv:322$1237[0:0]$1798
    79/350: $4\sat12$func$./rtl/core/vibration_core.sv:321$1236.$result[15:0]$1796
    80/350: $3\sat12$func$./rtl/core/vibration_core.sv:321$1236.$result[15:0]$1794
    81/350: $3\rne$func$./rtl/core/vibration_core.sv:321$1235.$result[39:0]$1781
    82/350: $3\rne$func$./rtl/core/vibration_core.sv:321$1235.halfway[39:0]$1784
    83/350: $3\rne$func$./rtl/core/vibration_core.sv:321$1235.remainder[39:0]$1783
    84/350: $3\rne$func$./rtl/core/vibration_core.sv:321$1235.quotient[39:0]$1782
    85/350: $3\rne$func$./rtl/core/vibration_core.sv:315$1234.$result[39:0]$1769
    86/350: $3\rne$func$./rtl/core/vibration_core.sv:315$1234.halfway[39:0]$1772
    87/350: $3\rne$func$./rtl/core/vibration_core.sv:315$1234.remainder[39:0]$1771
    88/350: $3\rne$func$./rtl/core/vibration_core.sv:315$1234.quotient[39:0]$1770
    89/350: $3\rne$func$./rtl/core/vibration_core.sv:314$1233.$result[39:0]$1755
    90/350: $3\rne$func$./rtl/core/vibration_core.sv:314$1233.halfway[39:0]$1758
    91/350: $3\rne$func$./rtl/core/vibration_core.sv:314$1233.remainder[39:0]$1757
    92/350: $3\rne$func$./rtl/core/vibration_core.sv:314$1233.quotient[39:0]$1756
    93/350: $3$lookahead\busy$1402[1:0]$1736
    94/350: $3$bitselwrite$pos$./rtl/core/vibration_core.sv:308$1232[0:0]$1734
    95/350: $8$lookahead\full$1401[1:0]$1735
    96/350: $3$bitselwrite$pos$./rtl/core/vibration_core.sv:308$1231[0:0]$1733
    97/350: $2$lookahead\busy$1402[1:0]$1731
    98/350: $7$lookahead\full$1401[1:0]$1730
    99/350: $2$bitselwrite$pos$./rtl/core/vibration_core.sv:308$1232[0:0]$1657
   100/350: $2$bitselwrite$pos$./rtl/core/vibration_core.sv:308$1231[0:0]$1656
   101/350: $2$memwr$\logits$./rtl/core/vibration_core.sv:407$1262_EN[31:0]$1729
   102/350: $2$memwr$\logits$./rtl/core/vibration_core.sv:407$1262_DATA[31:0]$1728
   103/350: $2$memwr$\logits$./rtl/core/vibration_core.sv:407$1262_ADDR[1:0]$1727
   104/350: $2$memwr$\hidden$./rtl/core/vibration_core.sv:403$1261_EN[7:0]$1726
   105/350: $2$memwr$\hidden$./rtl/core/vibration_core.sv:403$1261_DATA[7:0]$1725
   106/350: $2$memwr$\hidden$./rtl/core/vibration_core.sv:403$1261_ADDR[3:0]$1724
   107/350: $2$memwr$\features$./rtl/core/vibration_core.sv:379$1260_EN[7:0]$1723
   108/350: $2$memwr$\features$./rtl/core/vibration_core.sv:379$1260_DATA[7:0]$1722
   109/350: $2$memwr$\features$./rtl/core/vibration_core.sv:379$1260_ADDR[3:0]$1721
   110/350: $2$memwr$\real_part$./rtl/core/vibration_core.sv:342$1259_EN[15:0]$1720
   111/350: $2$memwr$\real_part$./rtl/core/vibration_core.sv:342$1259_DATA[15:0]$1719
   112/350: $2$memwr$\real_part$./rtl/core/vibration_core.sv:342$1259_ADDR[5:0]$1718
   113/350: $2$memwr$\imag_part$./rtl/core/vibration_core.sv:341$1258_EN[15:0]$1717
   114/350: $2$memwr$\imag_part$./rtl/core/vibration_core.sv:341$1258_DATA[15:0]$1716
   115/350: $2$memwr$\imag_part$./rtl/core/vibration_core.sv:341$1258_ADDR[5:0]$1715
   116/350: $2$mem2bits$\frame_sums$./rtl/core/vibration_core.sv:315$1257[25:0]$1714
   117/350: $2$mem2bits$\frame_sums$./rtl/core/vibration_core.sv:314$1256[25:0]$1713
   118/350: $2\rne$func$./rtl/core/vibration_core.sv:173$1247.halfway[39:0]$1712
   119/350: $2\rne$func$./rtl/core/vibration_core.sv:173$1247.remainder[39:0]$1711
   120/350: $2\rne$func$./rtl/core/vibration_core.sv:173$1247.quotient[39:0]$1710
   121/350: $2\rne$func$./rtl/core/vibration_core.sv:173$1247.value[39:0]$1709
   122/350: $2\rne$func$./rtl/core/vibration_core.sv:173$1247.$result[39:0]$1708
   123/350: $2\relu_quant$func$./rtl/core/vibration_core.sv:405$1246.rounded[39:0]$1707
   124/350: $2\relu_quant$func$./rtl/core/vibration_core.sv:405$1246.value[39:0]$1706
   125/350: $2\relu_quant$func$./rtl/core/vibration_core.sv:405$1246.$result[7:0]$1705
   126/350: $2\rne$func$./rtl/core/vibration_core.sv:173$1245.halfway[39:0]$1704
   127/350: $2\rne$func$./rtl/core/vibration_core.sv:173$1245.remainder[39:0]$1703
   128/350: $2\rne$func$./rtl/core/vibration_core.sv:173$1245.quotient[39:0]$1702
   129/350: $2\rne$func$./rtl/core/vibration_core.sv:173$1245.value[39:0]$1701
   130/350: $2\rne$func$./rtl/core/vibration_core.sv:173$1245.$result[39:0]$1700
   131/350: $2\relu_quant$func$./rtl/core/vibration_core.sv:403$1244.rounded[39:0]$1699
   132/350: $2\relu_quant$func$./rtl/core/vibration_core.sv:403$1244.value[39:0]$1698
   133/350: $2\relu_quant$func$./rtl/core/vibration_core.sv:403$1244.$result[7:0]$1697
   134/350: $2\sat16$func$./rtl/core/vibration_core.sv:344$1243.value[39:0]$1696
   135/350: $2\sat16$func$./rtl/core/vibration_core.sv:344$1243.$result[15:0]$1695
   136/350: $2\rne$func$./rtl/core/vibration_core.sv:344$1242.halfway[39:0]$1694
   137/350: $2\rne$func$./rtl/core/vibration_core.sv:344$1242.remainder[39:0]$1693
   138/350: $2\rne$func$./rtl/core/vibration_core.sv:344$1242.quotient[39:0]$1692
   139/350: $2\rne$func$./rtl/core/vibration_core.sv:344$1242.value[39:0]$1691
   140/350: $2\rne$func$./rtl/core/vibration_core.sv:344$1242.$result[39:0]$1690
   141/350: $2\sat16$func$./rtl/core/vibration_core.sv:342$1241.value[39:0]$1689
   142/350: $2\sat16$func$./rtl/core/vibration_core.sv:342$1241.$result[15:0]$1688
   143/350: $2\rne$func$./rtl/core/vibration_core.sv:342$1240.halfway[39:0]$1687
   144/350: $2\rne$func$./rtl/core/vibration_core.sv:342$1240.remainder[39:0]$1686
   145/350: $2\rne$func$./rtl/core/vibration_core.sv:342$1240.quotient[39:0]$1685
   146/350: $2\rne$func$./rtl/core/vibration_core.sv:342$1240.value[39:0]$1684
   147/350: $2\rne$func$./rtl/core/vibration_core.sv:342$1240.$result[39:0]$1683
   148/350: $2\sat16$func$./rtl/core/vibration_core.sv:341$1239.value[39:0]$1682
   149/350: $2\sat16$func$./rtl/core/vibration_core.sv:341$1239.$result[15:0]$1681
   150/350: $2\rne$func$./rtl/core/vibration_core.sv:341$1238.halfway[39:0]$1680
   151/350: $2\rne$func$./rtl/core/vibration_core.sv:341$1238.remainder[39:0]$1679
   152/350: $2\rne$func$./rtl/core/vibration_core.sv:341$1238.quotient[39:0]$1678
   153/350: $2\rne$func$./rtl/core/vibration_core.sv:341$1238.value[39:0]$1677
   154/350: $2\rne$func$./rtl/core/vibration_core.sv:341$1238.$result[39:0]$1676
   155/350: $2$bitselwrite$pos$./rtl/core/vibration_core.sv:322$1237[0:0]$1675
   156/350: $2\sat12$func$./rtl/core/vibration_core.sv:321$1236.value[39:0]$1674
   157/350: $2\sat12$func$./rtl/core/vibration_core.sv:321$1236.$result[15:0]$1673
   158/350: $2\rne$func$./rtl/core/vibration_core.sv:321$1235.halfway[39:0]$1672
   159/350: $2\rne$func$./rtl/core/vibration_core.sv:321$1235.remainder[39:0]$1671
   160/350: $2\rne$func$./rtl/core/vibration_core.sv:321$1235.quotient[39:0]$1670
   161/350: $2\rne$func$./rtl/core/vibration_core.sv:321$1235.value[39:0]$1669
   162/350: $2\rne$func$./rtl/core/vibration_core.sv:321$1235.$result[39:0]$1668
   163/350: $2\rne$func$./rtl/core/vibration_core.sv:315$1234.halfway[39:0]$1667
   164/350: $2\rne$func$./rtl/core/vibration_core.sv:315$1234.remainder[39:0]$1666
   165/350: $2\rne$func$./rtl/core/vibration_core.sv:315$1234.quotient[39:0]$1665
   166/350: $2\rne$func$./rtl/core/vibration_core.sv:315$1234.value[39:0]$1664
   167/350: $2\rne$func$./rtl/core/vibration_core.sv:315$1234.$result[39:0]$1663
   168/350: $2\rne$func$./rtl/core/vibration_core.sv:314$1233.halfway[39:0]$1662
   169/350: $2\rne$func$./rtl/core/vibration_core.sv:314$1233.remainder[39:0]$1661
   170/350: $2\rne$func$./rtl/core/vibration_core.sv:314$1233.quotient[39:0]$1660
   171/350: $2\rne$func$./rtl/core/vibration_core.sv:314$1233.value[39:0]$1659
   172/350: $2\rne$func$./rtl/core/vibration_core.sv:314$1233.$result[39:0]$1658
   173/350: $2\k[31:0]
   174/350: $6$memwr$\frame_sums$./rtl/core/vibration_core.sv:290$1255_EN[25:0]$1619
   175/350: $6$memwr$\frame_sums$./rtl/core/vibration_core.sv:290$1255_DATA[25:0]$1618
   176/350: $6$memwr$\frame_sums$./rtl/core/vibration_core.sv:290$1255_ADDR[0:0]$1617
   177/350: $6$memwr$\frame_ids$./rtl/core/vibration_core.sv:289$1254_EN[31:0]$1616
   178/350: $6$memwr$\frame_ids$./rtl/core/vibration_core.sv:289$1254_DATA[31:0]$1615
   179/350: $6$memwr$\frame_ids$./rtl/core/vibration_core.sv:289$1254_ADDR[0:0]$1614
   180/350: $6$lookahead\full$1401[1:0]$1620
   181/350: $6$bitselwrite$pos$./rtl/core/vibration_core.sv:289$1230[0:0]$1613
   182/350: $5$lookahead\full$1401[1:0]$1611
   183/350: $5$memwr$\frame_sums$./rtl/core/vibration_core.sv:290$1255_EN[25:0]$1610
   184/350: $5$memwr$\frame_sums$./rtl/core/vibration_core.sv:290$1255_DATA[25:0]$1609
   185/350: $5$memwr$\frame_sums$./rtl/core/vibration_core.sv:290$1255_ADDR[0:0]$1608
   186/350: $5$memwr$\frame_ids$./rtl/core/vibration_core.sv:289$1254_EN[31:0]$1607
   187/350: $5$memwr$\frame_ids$./rtl/core/vibration_core.sv:289$1254_DATA[31:0]$1606
   188/350: $5$memwr$\frame_ids$./rtl/core/vibration_core.sv:289$1254_ADDR[0:0]$1605
   189/350: $5$bitselwrite$pos$./rtl/core/vibration_core.sv:289$1230[0:0]$1604
   190/350: $4$lookahead\full$1401[1:0]$1602
   191/350: $4$memwr$\frame_sums$./rtl/core/vibration_core.sv:290$1255_EN[25:0]$1601
   192/350: $4$memwr$\frame_sums$./rtl/core/vibration_core.sv:290$1255_DATA[25:0]$1600
   193/350: $4$memwr$\frame_sums$./rtl/core/vibration_core.sv:290$1255_ADDR[0:0]$1599
   194/350: $4$memwr$\frame_ids$./rtl/core/vibration_core.sv:289$1254_EN[31:0]$1598
   195/350: $4$memwr$\frame_ids$./rtl/core/vibration_core.sv:289$1254_DATA[31:0]$1597
   196/350: $4$memwr$\frame_ids$./rtl/core/vibration_core.sv:289$1254_ADDR[0:0]$1596
   197/350: $4$bitselwrite$pos$./rtl/core/vibration_core.sv:289$1230[0:0]$1595
   198/350: $3$lookahead\full$1401[1:0]$1592
   199/350: $3$memwr$\frame_sums$./rtl/core/vibration_core.sv:290$1255_EN[25:0]$1591
   200/350: $3$memwr$\frame_sums$./rtl/core/vibration_core.sv:290$1255_DATA[25:0]$1590
   201/350: $3$memwr$\frame_sums$./rtl/core/vibration_core.sv:290$1255_ADDR[0:0]$1589
   202/350: $3$memwr$\frame_ids$./rtl/core/vibration_core.sv:289$1254_EN[31:0]$1588
   203/350: $3$memwr$\frame_ids$./rtl/core/vibration_core.sv:289$1254_DATA[31:0]$1587
   204/350: $3$memwr$\frame_ids$./rtl/core/vibration_core.sv:289$1254_ADDR[0:0]$1586
   205/350: $3$bitselwrite$pos$./rtl/core/vibration_core.sv:289$1230[0:0]$1585
   206/350: $2$lookahead\full$1401[1:0]$1584
   207/350: $2$memwr$\frame_sums$./rtl/core/vibration_core.sv:290$1255_EN[25:0]$1583
   208/350: $2$memwr$\frame_sums$./rtl/core/vibration_core.sv:290$1255_DATA[25:0]$1582
   209/350: $2$memwr$\frame_sums$./rtl/core/vibration_core.sv:290$1255_ADDR[0:0]$1581
   210/350: $2$memwr$\frame_ids$./rtl/core/vibration_core.sv:289$1254_EN[31:0]$1580
   211/350: $2$memwr$\frame_ids$./rtl/core/vibration_core.sv:289$1254_DATA[31:0]$1579
   212/350: $2$memwr$\frame_ids$./rtl/core/vibration_core.sv:289$1254_ADDR[0:0]$1578
   213/350: $2$bitselwrite$pos$./rtl/core/vibration_core.sv:289$1230[0:0]$1577
   214/350: $1\k[31:0]
   215/350: $1$memwr$\logits$./rtl/core/vibration_core.sv:271$1253_EN[31:0]$1550
   216/350: $1$memwr$\logits$./rtl/core/vibration_core.sv:271$1252_EN[31:0]$1549
   217/350: $1$memwr$\logits$./rtl/core/vibration_core.sv:271$1251_EN[31:0]$1548
   218/350: $0\dbg_valid[0:0]
   219/350: $1$lookahead\busy$1402[1:0]$1575
   220/350: $1$lookahead\full$1401[1:0]$1574
   221/350: $1$memwr$\logits$./rtl/core/vibration_core.sv:407$1262_EN[31:0]$1573
   222/350: $1$memwr$\logits$./rtl/core/vibration_core.sv:407$1262_DATA[31:0]$1572
   223/350: $1$memwr$\logits$./rtl/core/vibration_core.sv:407$1262_ADDR[1:0]$1571
   224/350: $1$memwr$\hidden$./rtl/core/vibration_core.sv:403$1261_EN[7:0]$1570
   225/350: $1$memwr$\hidden$./rtl/core/vibration_core.sv:403$1261_DATA[7:0]$1569
   226/350: $1$memwr$\hidden$./rtl/core/vibration_core.sv:403$1261_ADDR[3:0]$1568
   227/350: $1$memwr$\features$./rtl/core/vibration_core.sv:379$1260_EN[7:0]$1567
   228/350: $1$memwr$\features$./rtl/core/vibration_core.sv:379$1260_DATA[7:0]$1566
   229/350: $1$memwr$\features$./rtl/core/vibration_core.sv:379$1260_ADDR[3:0]$1565
   230/350: $1$memwr$\real_part$./rtl/core/vibration_core.sv:342$1259_EN[15:0]$1564
   231/350: $1$memwr$\real_part$./rtl/core/vibration_core.sv:342$1259_DATA[15:0]$1563
   232/350: $1$memwr$\real_part$./rtl/core/vibration_core.sv:342$1259_ADDR[5:0]$1562
   233/350: $1$memwr$\imag_part$./rtl/core/vibration_core.sv:341$1258_EN[15:0]$1561
   234/350: $1$memwr$\imag_part$./rtl/core/vibration_core.sv:341$1258_DATA[15:0]$1560
   235/350: $1$memwr$\imag_part$./rtl/core/vibration_core.sv:341$1258_ADDR[5:0]$1559
   236/350: $1$mem2bits$\frame_sums$./rtl/core/vibration_core.sv:315$1257[25:0]$1558
   237/350: $1$mem2bits$\frame_sums$./rtl/core/vibration_core.sv:314$1256[25:0]$1557
   238/350: $1$memwr$\frame_sums$./rtl/core/vibration_core.sv:290$1255_EN[25:0]$1556
   239/350: $1$memwr$\frame_sums$./rtl/core/vibration_core.sv:290$1255_DATA[25:0]$1555
   240/350: $1$memwr$\frame_sums$./rtl/core/vibration_core.sv:290$1255_ADDR[0:0]$1554
   241/350: $1$memwr$\frame_ids$./rtl/core/vibration_core.sv:289$1254_EN[31:0]$1553
   242/350: $1$memwr$\frame_ids$./rtl/core/vibration_core.sv:289$1254_DATA[31:0]$1552
   243/350: $1$memwr$\frame_ids$./rtl/core/vibration_core.sv:289$1254_ADDR[0:0]$1551
   244/350: $1\rne$func$./rtl/core/vibration_core.sv:173$1247.halfway[39:0]$1547
   245/350: $1\rne$func$./rtl/core/vibration_core.sv:173$1247.remainder[39:0]$1546
   246/350: $1\rne$func$./rtl/core/vibration_core.sv:173$1247.quotient[39:0]$1545
   247/350: $1\rne$func$./rtl/core/vibration_core.sv:173$1247.value[39:0]$1544
   248/350: $1\rne$func$./rtl/core/vibration_core.sv:173$1247.$result[39:0]$1543
   249/350: $1\relu_quant$func$./rtl/core/vibration_core.sv:405$1246.rounded[39:0]$1542
   250/350: $1\relu_quant$func$./rtl/core/vibration_core.sv:405$1246.value[39:0]$1541
   251/350: $1\relu_quant$func$./rtl/core/vibration_core.sv:405$1246.$result[7:0]$1540
   252/350: $1\rne$func$./rtl/core/vibration_core.sv:173$1245.halfway[39:0]$1539
   253/350: $1\rne$func$./rtl/core/vibration_core.sv:173$1245.remainder[39:0]$1538
   254/350: $1\rne$func$./rtl/core/vibration_core.sv:173$1245.quotient[39:0]$1537
   255/350: $1\rne$func$./rtl/core/vibration_core.sv:173$1245.value[39:0]$1536
   256/350: $1\rne$func$./rtl/core/vibration_core.sv:173$1245.$result[39:0]$1535
   257/350: $1\relu_quant$func$./rtl/core/vibration_core.sv:403$1244.rounded[39:0]$1534
   258/350: $1\relu_quant$func$./rtl/core/vibration_core.sv:403$1244.value[39:0]$1533
   259/350: $1\relu_quant$func$./rtl/core/vibration_core.sv:403$1244.$result[7:0]$1532
   260/350: $1\sat16$func$./rtl/core/vibration_core.sv:344$1243.value[39:0]$1531
   261/350: $1\sat16$func$./rtl/core/vibration_core.sv:344$1243.$result[15:0]$1530
   262/350: $1\rne$func$./rtl/core/vibration_core.sv:344$1242.halfway[39:0]$1529
   263/350: $1\rne$func$./rtl/core/vibration_core.sv:344$1242.remainder[39:0]$1528
   264/350: $1\rne$func$./rtl/core/vibration_core.sv:344$1242.quotient[39:0]$1527
   265/350: $1\rne$func$./rtl/core/vibration_core.sv:344$1242.value[39:0]$1526
   266/350: $1\rne$func$./rtl/core/vibration_core.sv:344$1242.$result[39:0]$1525
   267/350: $1\sat16$func$./rtl/core/vibration_core.sv:342$1241.value[39:0]$1524
   268/350: $1\sat16$func$./rtl/core/vibration_core.sv:342$1241.$result[15:0]$1523
   269/350: $1\rne$func$./rtl/core/vibration_core.sv:342$1240.halfway[39:0]$1522
   270/350: $1\rne$func$./rtl/core/vibration_core.sv:342$1240.remainder[39:0]$1521
   271/350: $1\rne$func$./rtl/core/vibration_core.sv:342$1240.quotient[39:0]$1520
   272/350: $1\rne$func$./rtl/core/vibration_core.sv:342$1240.value[39:0]$1519
   273/350: $1\rne$func$./rtl/core/vibration_core.sv:342$1240.$result[39:0]$1518
   274/350: $1\sat16$func$./rtl/core/vibration_core.sv:341$1239.value[39:0]$1517
   275/350: $1\sat16$func$./rtl/core/vibration_core.sv:341$1239.$result[15:0]$1516
   276/350: $1\rne$func$./rtl/core/vibration_core.sv:341$1238.halfway[39:0]$1515
   277/350: $1\rne$func$./rtl/core/vibration_core.sv:341$1238.remainder[39:0]$1514
   278/350: $1\rne$func$./rtl/core/vibration_core.sv:341$1238.quotient[39:0]$1513
   279/350: $1\rne$func$./rtl/core/vibration_core.sv:341$1238.value[39:0]$1512
   280/350: $1\rne$func$./rtl/core/vibration_core.sv:341$1238.$result[39:0]$1511
   281/350: $1$bitselwrite$pos$./rtl/core/vibration_core.sv:322$1237[0:0]$1510
   282/350: $1\sat12$func$./rtl/core/vibration_core.sv:321$1236.value[39:0]$1509
   283/350: $1\sat12$func$./rtl/core/vibration_core.sv:321$1236.$result[15:0]$1508
   284/350: $1\rne$func$./rtl/core/vibration_core.sv:321$1235.halfway[39:0]$1507
   285/350: $1\rne$func$./rtl/core/vibration_core.sv:321$1235.remainder[39:0]$1506
   286/350: $1\rne$func$./rtl/core/vibration_core.sv:321$1235.quotient[39:0]$1505
   287/350: $1\rne$func$./rtl/core/vibration_core.sv:321$1235.value[39:0]$1504
   288/350: $1\rne$func$./rtl/core/vibration_core.sv:321$1235.$result[39:0]$1503
   289/350: $1\rne$func$./rtl/core/vibration_core.sv:315$1234.halfway[39:0]$1502
   290/350: $1\rne$func$./rtl/core/vibration_core.sv:315$1234.remainder[39:0]$1501
   291/350: $1\rne$func$./rtl/core/vibration_core.sv:315$1234.quotient[39:0]$1500
   292/350: $1\rne$func$./rtl/core/vibration_core.sv:315$1234.value[39:0]$1499
   293/350: $1\rne$func$./rtl/core/vibration_core.sv:315$1234.$result[39:0]$1498
   294/350: $1\rne$func$./rtl/core/vibration_core.sv:314$1233.halfway[39:0]$1497
   295/350: $1\rne$func$./rtl/core/vibration_core.sv:314$1233.remainder[39:0]$1496
   296/350: $1\rne$func$./rtl/core/vibration_core.sv:314$1233.quotient[39:0]$1495
   297/350: $1\rne$func$./rtl/core/vibration_core.sv:314$1233.value[39:0]$1494
   298/350: $1\rne$func$./rtl/core/vibration_core.sv:314$1233.$result[39:0]$1493
   299/350: $1$bitselwrite$pos$./rtl/core/vibration_core.sv:308$1232[0:0]$1492
   300/350: $1$bitselwrite$pos$./rtl/core/vibration_core.sv:308$1231[0:0]$1491
   301/350: $1$bitselwrite$pos$./rtl/core/vibration_core.sv:289$1230[0:0]$1490
   302/350: $0\phase[0][9:0]
   303/350: $0\accumulator[0][39:0]
   304/350: $0\count_total[18:0]
   305/350: $0\count_nn[9:0]
   306/350: $0\count_power[9:0]
   307/350: $0\count_dft[18:0]
   308/350: $0\count_pre[11:0]
   309/350: $4\sat16$func$./rtl/core/vibration_core.sv:344$1243.$result[15:0]$1887
   310/350: $0\activation_q[7:0]
   311/350: $0\nn_input[3:0]
   312/350: $0\nn_group[3:0]
   313/350: $0\nn_layer[0:0]
   314/350: $0\quant_sticky[0:0]
   315/350: $0\quant_guard[0:0]
   316/350: $0\quant_remaining[7:0]
   317/350: $0\quant_work[32:0]
   318/350: $0\power_sum[32:0]
   319/350: $0\band_sum[32:0]
   320/350: $0\band_part[1:0]
   321/350: $0\power_index[5:0]
   322/350: $0\feature_index[3:0]
   323/350: $0\store_lane[0:0]
   324/350: $0\dft_group[6:0]
   325/350: $0\mean[15:0]
   326/350: $0\point[9:0]
   327/350: $0\active_id[31:0]
   328/350: $0\input_sum[25:0]
   329/350: $0\receiving_id[31:0]
   330/350: $0\input_index[9:0]
   331/350: $0\draining[0:0]
   332/350: $0\receiving[0:0]
   333/350: $0\active_bank[0:0]
   334/350: $0\read_bank[0:0]
   335/350: $0\write_bank[0:0]
   336/350: $0\state[4:0]
   337/350: $0\protocol_errors[31:0]
   338/350: $0\cycles_total[31:0]
   339/350: $0\cycles_nn[31:0]
   340/350: $0\cycles_power[31:0]
   341/350: $0\cycles_dft[31:0]
   342/350: $0\cycles_pre[31:0]
   343/350: $0\out_error[7:0]
   344/350: $0\out_class[1:0]
   345/350: $0\out_logits[95:0]
   346/350: $0\out_frame_id[31:0]
   347/350: $0\dbg_value[39:0]
   348/350: $0\dbg_index[15:0]
   349/350: $0\dbg_kind[3:0]
   350/350: $0\out_valid[0:0]
Creating decoders for process `$paramod$57dc169f67c52f56080c916f660ace10d120a4de\vibration_core.$proc$./rtl/core/vibration_core.sv:246$1329'.
     1/30: $3\sat12$func$./rtl/core/vibration_core.sv:254$1229.$result[15:0]$1398
     2/30: $2\sat12$func$./rtl/core/vibration_core.sv:254$1229.$result[15:0]$1396
     3/30: $2\rne$func$./rtl/core/vibration_core.sv:254$1228.$result[39:0]$1383
     4/30: $2\rne$func$./rtl/core/vibration_core.sv:254$1228.halfway[39:0]$1386
     5/30: $2\rne$func$./rtl/core/vibration_core.sv:254$1228.remainder[39:0]$1385
     6/30: $2\rne$func$./rtl/core/vibration_core.sv:254$1228.quotient[39:0]$1384
     7/30: $1$memwr$\windowed$./rtl/core/vibration_core.sv:254$1250_EN[15:0]$1382
     8/30: $1$memwr$\windowed$./rtl/core/vibration_core.sv:254$1250_DATA[15:0]$1381
     9/30: $1$memwr$\windowed$./rtl/core/vibration_core.sv:254$1250_ADDR[9:0]$1380
    10/30: $1\sat12$func$./rtl/core/vibration_core.sv:254$1229.$result[15:0]$1378
    11/30: $1\sat12$func$./rtl/core/vibration_core.sv:254$1229.value[39:0]$1379
    12/30: $1\rne$func$./rtl/core/vibration_core.sv:254$1228.halfway[39:0]$1377
    13/30: $1\rne$func$./rtl/core/vibration_core.sv:254$1228.remainder[39:0]$1376
    14/30: $1\rne$func$./rtl/core/vibration_core.sv:254$1228.quotient[39:0]$1375
    15/30: $1\rne$func$./rtl/core/vibration_core.sv:254$1228.$result[39:0]$1373
    16/30: $1\rne$func$./rtl/core/vibration_core.sv:254$1228.value[39:0]$1374
    17/30: $2$memwr$\raw1$./rtl/core/vibration_core.sv:248$1248_EN[15:0]$1360
    18/30: $2$memwr$\raw1$./rtl/core/vibration_core.sv:248$1248_DATA[15:0]$1359
    19/30: $2$memwr$\raw1$./rtl/core/vibration_core.sv:248$1248_ADDR[31:0]$1358
    20/30: $2$memwr$\raw0$./rtl/core/vibration_core.sv:249$1249_EN[15:0]$1363
    21/30: $2$memwr$\raw0$./rtl/core/vibration_core.sv:249$1249_DATA[15:0]$1362
    22/30: $2$memwr$\raw0$./rtl/core/vibration_core.sv:249$1249_ADDR[31:0]$1361
    23/30: $1$memwr$\raw0$./rtl/core/vibration_core.sv:249$1249_EN[15:0]$1357
    24/30: $1$memwr$\raw0$./rtl/core/vibration_core.sv:249$1249_DATA[15:0]$1356
    25/30: $1$memwr$\raw0$./rtl/core/vibration_core.sv:249$1249_ADDR[31:0]$1355
    26/30: $1$memwr$\raw1$./rtl/core/vibration_core.sv:248$1248_EN[15:0]$1354
    27/30: $1$memwr$\raw1$./rtl/core/vibration_core.sv:248$1248_DATA[15:0]$1353
    28/30: $1$memwr$\raw1$./rtl/core/vibration_core.sv:248$1248_ADDR[31:0]$1352
    29/30: $0\sample_q[15:0]
    30/30: $0\raw_q[15:0]
Creating decoders for process `$paramod$57dc169f67c52f56080c916f660ace10d120a4de\vibration_core.$proc$./rtl/core/vibration_core.sv:222$1293'.
     1/17: $3\sat12$func$./rtl/core/vibration_core.sv:228$1227.$result[15:0]$1324
     2/17: $2\sat12$func$./rtl/core/vibration_core.sv:228$1227.$result[15:0]$1322
     3/17: $2\rne$func$./rtl/core/vibration_core.sv:228$1226.$result[39:0]$1309
     4/17: $2\rne$func$./rtl/core/vibration_core.sv:228$1226.halfway[39:0]$1312
     5/17: $2\rne$func$./rtl/core/vibration_core.sv:228$1226.remainder[39:0]$1311
     6/17: $2\rne$func$./rtl/core/vibration_core.sv:228$1226.quotient[39:0]$1310
     7/17: $1\operand_b[0][15:0]
     8/17: $1\operand_a[0][15:0]
     9/17: $1\sat12$func$./rtl/core/vibration_core.sv:228$1227.$result[15:0]$1306
    10/17: $1\sat12$func$./rtl/core/vibration_core.sv:228$1227.value[39:0]$1307
    11/17: $1\rne$func$./rtl/core/vibration_core.sv:228$1226.halfway[39:0]$1305
    12/17: $1\rne$func$./rtl/core/vibration_core.sv:228$1226.remainder[39:0]$1304
    13/17: $1\rne$func$./rtl/core/vibration_core.sv:228$1226.quotient[39:0]$1303
    14/17: $1\rne$func$./rtl/core/vibration_core.sv:228$1226.$result[39:0]$1301
    15/17: $1\rne$func$./rtl/core/vibration_core.sv:228$1226.value[39:0]$1302
    16/17: $1\multiply_enable[0:0]
    17/17: $1\m[31:0]
Creating decoders for process `$paramod$a59ddd3839f57e0d327ab271e441e444196fd375\vib_coeff_rom.$proc$./rtl/core/vib_coeff_rom.sv:26$1197'.
     1/3: $0\is_zero[0:0]
     2/3: $0\negative[0:0]
     3/3: $0\magnitude[15:0]
Creating decoders for process `$paramod$aa6c310d2e38486a8824f4af156f1c3e06848952\vib_coeff_rom.$proc$./rtl/core/vib_coeff_rom.sv:26$1211'.
     1/3: $0\is_zero[0:0]
     2/3: $0\negative[0:0]
     3/3: $0\magnitude[15:0]

5.4.8. Executing PROC_DLATCH pass (convert process syncs to latches).
No latch inferred for signal `$paramod$57dc169f67c52f56080c916f660ace10d120a4de\vibration_core.\weight_q[0]' from process `$paramod$57dc169f67c52f56080c916f660ace10d120a4de\vibration_core.$proc$./rtl/core/vibration_core.sv:218$2018'.
No latch inferred for signal `$paramod$57dc169f67c52f56080c916f660ace10d120a4de\vibration_core.\coefficient[0]' from process `$paramod$57dc169f67c52f56080c916f660ace10d120a4de\vibration_core.$proc$./rtl/core/vibration_core.sv:203$2017'.
No latch inferred for signal `$paramod$57dc169f67c52f56080c916f660ace10d120a4de\vibration_core.\multiply_enable' from process `$paramod$57dc169f67c52f56080c916f660ace10d120a4de\vibration_core.$proc$./rtl/core/vibration_core.sv:222$1293'.
No latch inferred for signal `$paramod$57dc169f67c52f56080c916f660ace10d120a4de\vibration_core.\m' from process `$paramod$57dc169f67c52f56080c916f660ace10d120a4de\vibration_core.$proc$./rtl/core/vibration_core.sv:222$1293'.
No latch inferred for signal `$paramod$57dc169f67c52f56080c916f660ace10d120a4de\vibration_core.\operand_a[0]' from process `$paramod$57dc169f67c52f56080c916f660ace10d120a4de\vibration_core.$proc$./rtl/core/vibration_core.sv:222$1293'.
No latch inferred for signal `$paramod$57dc169f67c52f56080c916f660ace10d120a4de\vibration_core.\operand_b[0]' from process `$paramod$57dc169f67c52f56080c916f660ace10d120a4de\vibration_core.$proc$./rtl/core/vibration_core.sv:222$1293'.

5.4.9. Executing PROC_DFF pass (convert process syncs to FFs).
Creating register for signal `\core_pnr_probe.\frame_id' using process `\core_pnr_probe.$proc$./sim/core_pnr_probe.sv:15$395'.
  created $dff cell `$procdff$7412' with positive edge clock.
Creating register for signal `$paramod$57dc169f67c52f56080c916f660ace10d120a4de\vibration_core.\g_lane[0].selected_weight' using process `$paramod$57dc169f67c52f56080c916f660ace10d120a4de\vibration_core.$proc$./rtl/core/vibration_core.sv:213$2013'.
  created $dff cell `$procdff$7413' with positive edge clock.
Creating register for signal `$paramod$57dc169f67c52f56080c916f660ace10d120a4de\vibration_core.\product[0]' using process `$paramod$57dc169f67c52f56080c916f660ace10d120a4de\vibration_core.$proc$./rtl/core/vibration_core.sv:213$2013'.
  created $dff cell `$procdff$7414' with positive edge clock.
Creating register for signal `$paramod$57dc169f67c52f56080c916f660ace10d120a4de\vibration_core.\out_valid' using process `$paramod$57dc169f67c52f56080c916f660ace10d120a4de\vibration_core.$proc$./rtl/core/vibration_core.sv:259$1403'.
  created $dff cell `$procdff$7415' with positive edge clock.
Creating register for signal `$paramod$57dc169f67c52f56080c916f660ace10d120a4de\vibration_core.\dbg_valid' using process `$paramod$57dc169f67c52f56080c916f660ace10d120a4de\vibration_core.$proc$./rtl/core/vibration_core.sv:259$1403'.
  created $dff cell `$procdff$7416' with positive edge clock.
Creating register for signal `$paramod$57dc169f67c52f56080c916f660ace10d120a4de\vibration_core.\dbg_kind' using process `$paramod$57dc169f67c52f56080c916f660ace10d120a4de\vibration_core.$proc$./rtl/core/vibration_core.sv:259$1403'.
  created $dff cell `$procdff$7417' with positive edge clock.
Creating register for signal `$paramod$57dc169f67c52f56080c916f660ace10d120a4de\vibration_core.\dbg_index' using process `$paramod$57dc169f67c52f56080c916f660ace10d120a4de\vibration_core.$proc$./rtl/core/vibration_core.sv:259$1403'.
  created $dff cell `$procdff$7418' with positive edge clock.
Creating register for signal `$paramod$57dc169f67c52f56080c916f660ace10d120a4de\vibration_core.\dbg_value' using process `$paramod$57dc169f67c52f56080c916f660ace10d120a4de\vibration_core.$proc$./rtl/core/vibration_core.sv:259$1403'.
  created $dff cell `$procdff$7419' with positive edge clock.
Creating register for signal `$paramod$57dc169f67c52f56080c916f660ace10d120a4de\vibration_core.\out_frame_id' using process `$paramod$57dc169f67c52f56080c916f660ace10d120a4de\vibration_core.$proc$./rtl/core/vibration_core.sv:259$1403'.
  created $dff cell `$procdff$7420' with positive edge clock.
Creating register for signal `$paramod$57dc169f67c52f56080c916f660ace10d120a4de\vibration_core.\out_logits' using process `$paramod$57dc169f67c52f56080c916f660ace10d120a4de\vibration_core.$proc$./rtl/core/vibration_core.sv:259$1403'.
  created $dff cell `$procdff$7421' with positive edge clock.
Creating register for signal `$paramod$57dc169f67c52f56080c916f660ace10d120a4de\vibration_core.\out_class' using process `$paramod$57dc169f67c52f56080c916f660ace10d120a4de\vibration_core.$proc$./rtl/core/vibration_core.sv:259$1403'.
  created $dff cell `$procdff$7422' with positive edge clock.
Creating register for signal `$paramod$57dc169f67c52f56080c916f660ace10d120a4de\vibration_core.\out_error' using process `$paramod$57dc169f67c52f56080c916f660ace10d120a4de\vibration_core.$proc$./rtl/core/vibration_core.sv:259$1403'.
  created $dff cell `$procdff$7423' with positive edge clock.
Creating register for signal `$paramod$57dc169f67c52f56080c916f660ace10d120a4de\vibration_core.\cycles_pre' using process `$paramod$57dc169f67c52f56080c916f660ace10d120a4de\vibration_core.$proc$./rtl/core/vibration_core.sv:259$1403'.
  created $dff cell `$procdff$7424' with positive edge clock.
Creating register for signal `$paramod$57dc169f67c52f56080c916f660ace10d120a4de\vibration_core.\cycles_dft' using process `$paramod$57dc169f67c52f56080c916f660ace10d120a4de\vibration_core.$proc$./rtl/core/vibration_core.sv:259$1403'.
  created $dff cell `$procdff$7425' with positive edge clock.
Creating register for signal `$paramod$57dc169f67c52f56080c916f660ace10d120a4de\vibration_core.\cycles_power' using process `$paramod$57dc169f67c52f56080c916f660ace10d120a4de\vibration_core.$proc$./rtl/core/vibration_core.sv:259$1403'.
  created $dff cell `$procdff$7426' with positive edge clock.
Creating register for signal `$paramod$57dc169f67c52f56080c916f660ace10d120a4de\vibration_core.\cycles_nn' using process `$paramod$57dc169f67c52f56080c916f660ace10d120a4de\vibration_core.$proc$./rtl/core/vibration_core.sv:259$1403'.
  created $dff cell `$procdff$7427' with positive edge clock.
Creating register for signal `$paramod$57dc169f67c52f56080c916f660ace10d120a4de\vibration_core.\cycles_total' using process `$paramod$57dc169f67c52f56080c916f660ace10d120a4de\vibration_core.$proc$./rtl/core/vibration_core.sv:259$1403'.
  created $dff cell `$procdff$7428' with positive edge clock.
Creating register for signal `$paramod$57dc169f67c52f56080c916f660ace10d120a4de\vibration_core.\protocol_errors' using process `$paramod$57dc169f67c52f56080c916f660ace10d120a4de\vibration_core.$proc$./rtl/core/vibration_core.sv:259$1403'.
  created $dff cell `$procdff$7429' with positive edge clock.
Creating register for signal `$paramod$57dc169f67c52f56080c916f660ace10d120a4de\vibration_core.\state' using process `$paramod$57dc169f67c52f56080c916f660ace10d120a4de\vibration_core.$proc$./rtl/core/vibration_core.sv:259$1403'.
  created $dff cell `$procdff$7430' with positive edge clock.
Creating register for signal `$paramod$57dc169f67c52f56080c916f660ace10d120a4de\vibration_core.\full' using process `$paramod$57dc169f67c52f56080c916f660ace10d120a4de\vibration_core.$proc$./rtl/core/vibration_core.sv:259$1403'.
  created $dff cell `$procdff$7431' with positive edge clock.
Creating register for signal `$paramod$57dc169f67c52f56080c916f660ace10d120a4de\vibration_core.\busy' using process `$paramod$57dc169f67c52f56080c916f660ace10d120a4de\vibration_core.$proc$./rtl/core/vibration_core.sv:259$1403'.
  created $dff cell `$procdff$7432' with positive edge clock.
Creating register for signal `$paramod$57dc169f67c52f56080c916f660ace10d120a4de\vibration_core.\write_bank' using process `$paramod$57dc169f67c52f56080c916f660ace10d120a4de\vibration_core.$proc$./rtl/core/vibration_core.sv:259$1403'.
  created $dff cell `$procdff$7433' with positive edge clock.
Creating register for signal `$paramod$57dc169f67c52f56080c916f660ace10d120a4de\vibration_core.\read_bank' using process `$paramod$57dc169f67c52f56080c916f660ace10d120a4de\vibration_core.$proc$./rtl/core/vibration_core.sv:259$1403'.
  created $dff cell `$procdff$7434' with positive edge clock.
Creating register for signal `$paramod$57dc169f67c52f56080c916f660ace10d120a4de\vibration_core.\active_bank' using process `$paramod$57dc169f67c52f56080c916f660ace10d120a4de\vibration_core.$proc$./rtl/core/vibration_core.sv:259$1403'.
  created $dff cell `$procdff$7435' with positive edge clock.
Creating register for signal `$paramod$57dc169f67c52f56080c916f660ace10d120a4de\vibration_core.\receiving' using process `$paramod$57dc169f67c52f56080c916f660ace10d120a4de\vibration_core.$proc$./rtl/core/vibration_core.sv:259$1403'.
  created $dff cell `$procdff$7436' with positive edge clock.
Creating register for signal `$paramod$57dc169f67c52f56080c916f660ace10d120a4de\vibration_core.\draining' using process `$paramod$57dc169f67c52f56080c916f660ace10d120a4de\vibration_core.$proc$./rtl/core/vibration_core.sv:259$1403'.
  created $dff cell `$procdff$7437' with positive edge clock.
Creating register for signal `$paramod$57dc169f67c52f56080c916f660ace10d120a4de\vibration_core.\input_index' using process `$paramod$57dc169f67c52f56080c916f660ace10d120a4de\vibration_core.$proc$./rtl/core/vibration_core.sv:259$1403'.
  created $dff cell `$procdff$7438' with positive edge clock.
Creating register for signal `$paramod$57dc169f67c52f56080c916f660ace10d120a4de\vibration_core.\receiving_id' using process `$paramod$57dc169f67c52f56080c916f660ace10d120a4de\vibration_core.$proc$./rtl/core/vibration_core.sv:259$1403'.
  created $dff cell `$procdff$7439' with positive edge clock.
Creating register for signal `$paramod$57dc169f67c52f56080c916f660ace10d120a4de\vibration_core.\input_sum' using process `$paramod$57dc169f67c52f56080c916f660ace10d120a4de\vibration_core.$proc$./rtl/core/vibration_core.sv:259$1403'.
  created $dff cell `$procdff$7440' with positive edge clock.
Creating register for signal `$paramod$57dc169f67c52f56080c916f660ace10d120a4de\vibration_core.\active_id' using process `$paramod$57dc169f67c52f56080c916f660ace10d120a4de\vibration_core.$proc$./rtl/core/vibration_core.sv:259$1403'.
  created $dff cell `$procdff$7441' with positive edge clock.
Creating register for signal `$paramod$57dc169f67c52f56080c916f660ace10d120a4de\vibration_core.\point' using process `$paramod$57dc169f67c52f56080c916f660ace10d120a4de\vibration_core.$proc$./rtl/core/vibration_core.sv:259$1403'.
  created $dff cell `$procdff$7442' with positive edge clock.
Creating register for signal `$paramod$57dc169f67c52f56080c916f660ace10d120a4de\vibration_core.\mean' using process `$paramod$57dc169f67c52f56080c916f660ace10d120a4de\vibration_core.$proc$./rtl/core/vibration_core.sv:259$1403'.
  created $dff cell `$procdff$7443' with positive edge clock.
Creating register for signal `$paramod$57dc169f67c52f56080c916f660ace10d120a4de\vibration_core.\dft_group' using process `$paramod$57dc169f67c52f56080c916f660ace10d120a4de\vibration_core.$proc$./rtl/core/vibration_core.sv:259$1403'.
  created $dff cell `$procdff$7444' with positive edge clock.
Creating register for signal `$paramod$57dc169f67c52f56080c916f660ace10d120a4de\vibration_core.\store_lane' using process `$paramod$57dc169f67c52f56080c916f660ace10d120a4de\vibration_core.$proc$./rtl/core/vibration_core.sv:259$1403'.
  created $dff cell `$procdff$7445' with positive edge clock.
Creating register for signal `$paramod$57dc169f67c52f56080c916f660ace10d120a4de\vibration_core.\feature_index' using process `$paramod$57dc169f67c52f56080c916f660ace10d120a4de\vibration_core.$proc$./rtl/core/vibration_core.sv:259$1403'.
  created $dff cell `$procdff$7446' with positive edge clock.
Creating register for signal `$paramod$57dc169f67c52f56080c916f660ace10d120a4de\vibration_core.\power_index' using process `$paramod$57dc169f67c52f56080c916f660ace10d120a4de\vibration_core.$proc$./rtl/core/vibration_core.sv:259$1403'.
  created $dff cell `$procdff$7447' with positive edge clock.
Creating register for signal `$paramod$57dc169f67c52f56080c916f660ace10d120a4de\vibration_core.\band_part' using process `$paramod$57dc169f67c52f56080c916f660ace10d120a4de\vibration_core.$proc$./rtl/core/vibration_core.sv:259$1403'.
  created $dff cell `$procdff$7448' with positive edge clock.
Creating register for signal `$paramod$57dc169f67c52f56080c916f660ace10d120a4de\vibration_core.\band_sum' using process `$paramod$57dc169f67c52f56080c916f660ace10d120a4de\vibration_core.$proc$./rtl/core/vibration_core.sv:259$1403'.
  created $dff cell `$procdff$7449' with positive edge clock.
Creating register for signal `$paramod$57dc169f67c52f56080c916f660ace10d120a4de\vibration_core.\power_sum' using process `$paramod$57dc169f67c52f56080c916f660ace10d120a4de\vibration_core.$proc$./rtl/core/vibration_core.sv:259$1403'.
  created $dff cell `$procdff$7450' with positive edge clock.
Creating register for signal `$paramod$57dc169f67c52f56080c916f660ace10d120a4de\vibration_core.\quant_work' using process `$paramod$57dc169f67c52f56080c916f660ace10d120a4de\vibration_core.$proc$./rtl/core/vibration_core.sv:259$1403'.
  created $dff cell `$procdff$7451' with positive edge clock.
Creating register for signal `$paramod$57dc169f67c52f56080c916f660ace10d120a4de\vibration_core.\quant_remaining' using process `$paramod$57dc169f67c52f56080c916f660ace10d120a4de\vibration_core.$proc$./rtl/core/vibration_core.sv:259$1403'.
  created $dff cell `$procdff$7452' with positive edge clock.
Creating register for signal `$paramod$57dc169f67c52f56080c916f660ace10d120a4de\vibration_core.\quant_guard' using process `$paramod$57dc169f67c52f56080c916f660ace10d120a4de\vibration_core.$proc$./rtl/core/vibration_core.sv:259$1403'.
  created $dff cell `$procdff$7453' with positive edge clock.
Creating register for signal `$paramod$57dc169f67c52f56080c916f660ace10d120a4de\vibration_core.\quant_sticky' using process `$paramod$57dc169f67c52f56080c916f660ace10d120a4de\vibration_core.$proc$./rtl/core/vibration_core.sv:259$1403'.
  created $dff cell `$procdff$7454' with positive edge clock.
Creating register for signal `$paramod$57dc169f67c52f56080c916f660ace10d120a4de\vibration_core.\nn_layer' using process `$paramod$57dc169f67c52f56080c916f660ace10d120a4de\vibration_core.$proc$./rtl/core/vibration_core.sv:259$1403'.
  created $dff cell `$procdff$7455' with positive edge clock.
Creating register for signal `$paramod$57dc169f67c52f56080c916f660ace10d120a4de\vibration_core.\nn_group' using process `$paramod$57dc169f67c52f56080c916f660ace10d120a4de\vibration_core.$proc$./rtl/core/vibration_core.sv:259$1403'.
  created $dff cell `$procdff$7456' with positive edge clock.
Creating register for signal `$paramod$57dc169f67c52f56080c916f660ace10d120a4de\vibration_core.\nn_input' using process `$paramod$57dc169f67c52f56080c916f660ace10d120a4de\vibration_core.$proc$./rtl/core/vibration_core.sv:259$1403'.
  created $dff cell `$procdff$7457' with positive edge clock.
Creating register for signal `$paramod$57dc169f67c52f56080c916f660ace10d120a4de\vibration_core.\activation_q' using process `$paramod$57dc169f67c52f56080c916f660ace10d120a4de\vibration_core.$proc$./rtl/core/vibration_core.sv:259$1403'.
  created $dff cell `$procdff$7458' with positive edge clock.
Creating register for signal `$paramod$57dc169f67c52f56080c916f660ace10d120a4de\vibration_core.\arithmetic_errors' using process `$paramod$57dc169f67c52f56080c916f660ace10d120a4de\vibration_core.$proc$./rtl/core/vibration_core.sv:259$1403'.
  created $dff cell `$procdff$7459' with positive edge clock.
Creating register for signal `$paramod$57dc169f67c52f56080c916f660ace10d120a4de\vibration_core.\count_pre' using process `$paramod$57dc169f67c52f56080c916f660ace10d120a4de\vibration_core.$proc$./rtl/core/vibration_core.sv:259$1403'.
  created $dff cell `$procdff$7460' with positive edge clock.
Creating register for signal `$paramod$57dc169f67c52f56080c916f660ace10d120a4de\vibration_core.\count_dft' using process `$paramod$57dc169f67c52f56080c916f660ace10d120a4de\vibration_core.$proc$./rtl/core/vibration_core.sv:259$1403'.
  created $dff cell `$procdff$7461' with positive edge clock.
Creating register for signal `$paramod$57dc169f67c52f56080c916f660ace10d120a4de\vibration_core.\count_power' using process `$paramod$57dc169f67c52f56080c916f660ace10d120a4de\vibration_core.$proc$./rtl/core/vibration_core.sv:259$1403'.
  created $dff cell `$procdff$7462' with positive edge clock.
Creating register for signal `$paramod$57dc169f67c52f56080c916f660ace10d120a4de\vibration_core.\count_nn' using process `$paramod$57dc169f67c52f56080c916f660ace10d120a4de\vibration_core.$proc$./rtl/core/vibration_core.sv:259$1403'.
  created $dff cell `$procdff$7463' with positive edge clock.
Creating register for signal `$paramod$57dc169f67c52f56080c916f660ace10d120a4de\vibration_core.\count_total' using process `$paramod$57dc169f67c52f56080c916f660ace10d120a4de\vibration_core.$proc$./rtl/core/vibration_core.sv:259$1403'.
  created $dff cell `$procdff$7464' with positive edge clock.
Creating register for signal `$paramod$57dc169f67c52f56080c916f660ace10d120a4de\vibration_core.\k' using process `$paramod$57dc169f67c52f56080c916f660ace10d120a4de\vibration_core.$proc$./rtl/core/vibration_core.sv:259$1403'.
  created $dff cell `$procdff$7465' with positive edge clock.
Creating register for signal `$paramod$57dc169f67c52f56080c916f660ace10d120a4de\vibration_core.\accumulator[0]' using process `$paramod$57dc169f67c52f56080c916f660ace10d120a4de\vibration_core.$proc$./rtl/core/vibration_core.sv:259$1403'.
  created $dff cell `$procdff$7466' with positive edge clock.
Creating register for signal `$paramod$57dc169f67c52f56080c916f660ace10d120a4de\vibration_core.\phase[0]' using process `$paramod$57dc169f67c52f56080c916f660ace10d120a4de\vibration_core.$proc$./rtl/core/vibration_core.sv:259$1403'.
  created $dff cell `$procdff$7467' with positive edge clock.
Creating register for signal `$paramod$57dc169f67c52f56080c916f660ace10d120a4de\vibration_core.$bitselwrite$pos$./rtl/core/vibration_core.sv:289$1230' using process `$paramod$57dc169f67c52f56080c916f660ace10d120a4de\vibration_core.$proc$./rtl/core/vibration_core.sv:259$1403'.
  created $dff cell `$procdff$7468' with positive edge clock.
Creating register for signal `$paramod$57dc169f67c52f56080c916f660ace10d120a4de\vibration_core.$bitselwrite$pos$./rtl/core/vibration_core.sv:308$1231' using process `$paramod$57dc169f67c52f56080c916f660ace10d120a4de\vibration_core.$proc$./rtl/core/vibration_core.sv:259$1403'.
  created $dff cell `$procdff$7469' with positive edge clock.
Creating register for signal `$paramod$57dc169f67c52f56080c916f660ace10d120a4de\vibration_core.$bitselwrite$pos$./rtl/core/vibration_core.sv:308$1232' using process `$paramod$57dc169f67c52f56080c916f660ace10d120a4de\vibration_core.$proc$./rtl/core/vibration_core.sv:259$1403'.
  created $dff cell `$procdff$7470' with positive edge clock.
Creating register for signal `$paramod$57dc169f67c52f56080c916f660ace10d120a4de\vibration_core.\rne$func$./rtl/core/vibration_core.sv:314$1233.$result' using process `$paramod$57dc169f67c52f56080c916f660ace10d120a4de\vibration_core.$proc$./rtl/core/vibration_core.sv:259$1403'.
  created $dff cell `$procdff$7471' with positive edge clock.
Creating register for signal `$paramod$57dc169f67c52f56080c916f660ace10d120a4de\vibration_core.\rne$func$./rtl/core/vibration_core.sv:314$1233.value' using process `$paramod$57dc169f67c52f56080c916f660ace10d120a4de\vibration_core.$proc$./rtl/core/vibration_core.sv:259$1403'.
  created $dff cell `$procdff$7472' with positive edge clock.
Creating register for signal `$paramod$57dc169f67c52f56080c916f660ace10d120a4de\vibration_core.\rne$func$./rtl/core/vibration_core.sv:314$1233.quotient' using process `$paramod$57dc169f67c52f56080c916f660ace10d120a4de\vibration_core.$proc$./rtl/core/vibration_core.sv:259$1403'.
  created $dff cell `$procdff$7473' with positive edge clock.
Creating register for signal `$paramod$57dc169f67c52f56080c916f660ace10d120a4de\vibration_core.\rne$func$./rtl/core/vibration_core.sv:314$1233.remainder' using process `$paramod$57dc169f67c52f56080c916f660ace10d120a4de\vibration_core.$proc$./rtl/core/vibration_core.sv:259$1403'.
  created $dff cell `$procdff$7474' with positive edge clock.
Creating register for signal `$paramod$57dc169f67c52f56080c916f660ace10d120a4de\vibration_core.\rne$func$./rtl/core/vibration_core.sv:314$1233.halfway' using process `$paramod$57dc169f67c52f56080c916f660ace10d120a4de\vibration_core.$proc$./rtl/core/vibration_core.sv:259$1403'.
  created $dff cell `$procdff$7475' with positive edge clock.
Creating register for signal `$paramod$57dc169f67c52f56080c916f660ace10d120a4de\vibration_core.\rne$func$./rtl/core/vibration_core.sv:315$1234.$result' using process `$paramod$57dc169f67c52f56080c916f660ace10d120a4de\vibration_core.$proc$./rtl/core/vibration_core.sv:259$1403'.
  created $dff cell `$procdff$7476' with positive edge clock.
Creating register for signal `$paramod$57dc169f67c52f56080c916f660ace10d120a4de\vibration_core.\rne$func$./rtl/core/vibration_core.sv:315$1234.value' using process `$paramod$57dc169f67c52f56080c916f660ace10d120a4de\vibration_core.$proc$./rtl/core/vibration_core.sv:259$1403'.
  created $dff cell `$procdff$7477' with positive edge clock.
Creating register for signal `$paramod$57dc169f67c52f56080c916f660ace10d120a4de\vibration_core.\rne$func$./rtl/core/vibration_core.sv:315$1234.quotient' using process `$paramod$57dc169f67c52f56080c916f660ace10d120a4de\vibration_core.$proc$./rtl/core/vibration_core.sv:259$1403'.
  created $dff cell `$procdff$7478' with positive edge clock.
Creating register for signal `$paramod$57dc169f67c52f56080c916f660ace10d120a4de\vibration_core.\rne$func$./rtl/core/vibration_core.sv:315$1234.remainder' using process `$paramod$57dc169f67c52f56080c916f660ace10d120a4de\vibration_core.$proc$./rtl/core/vibration_core.sv:259$1403'.
  created $dff cell `$procdff$7479' with positive edge clock.
Creating register for signal `$paramod$57dc169f67c52f56080c916f660ace10d120a4de\vibration_core.\rne$func$./rtl/core/vibration_core.sv:315$1234.halfway' using process `$paramod$57dc169f67c52f56080c916f660ace10d120a4de\vibration_core.$proc$./rtl/core/vibration_core.sv:259$1403'.
  created $dff cell `$procdff$7480' with positive edge clock.
Creating register for signal `$paramod$57dc169f67c52f56080c916f660ace10d120a4de\vibration_core.\rne$func$./rtl/core/vibration_core.sv:321$1235.$result' using process `$paramod$57dc169f67c52f56080c916f660ace10d120a4de\vibration_core.$proc$./rtl/core/vibration_core.sv:259$1403'.
  created $dff cell `$procdff$7481' with positive edge clock.
Creating register for signal `$paramod$57dc169f67c52f56080c916f660ace10d120a4de\vibration_core.\rne$func$./rtl/core/vibration_core.sv:321$1235.value' using process `$paramod$57dc169f67c52f56080c916f660ace10d120a4de\vibration_core.$proc$./rtl/core/vibration_core.sv:259$1403'.
  created $dff cell `$procdff$7482' with positive edge clock.
Creating register for signal `$paramod$57dc169f67c52f56080c916f660ace10d120a4de\vibration_core.\rne$func$./rtl/core/vibration_core.sv:321$1235.quotient' using process `$paramod$57dc169f67c52f56080c916f660ace10d120a4de\vibration_core.$proc$./rtl/core/vibration_core.sv:259$1403'.
  created $dff cell `$procdff$7483' with positive edge clock.
Creating register for signal `$paramod$57dc169f67c52f56080c916f660ace10d120a4de\vibration_core.\rne$func$./rtl/core/vibration_core.sv:321$1235.remainder' using process `$paramod$57dc169f67c52f56080c916f660ace10d120a4de\vibration_core.$proc$./rtl/core/vibration_core.sv:259$1403'.
  created $dff cell `$procdff$7484' with positive edge clock.
Creating register for signal `$paramod$57dc169f67c52f56080c916f660ace10d120a4de\vibration_core.\rne$func$./rtl/core/vibration_core.sv:321$1235.halfway' using process `$paramod$57dc169f67c52f56080c916f660ace10d120a4de\vibration_core.$proc$./rtl/core/vibration_core.sv:259$1403'.
  created $dff cell `$procdff$7485' with positive edge clock.
Creating register for signal `$paramod$57dc169f67c52f56080c916f660ace10d120a4de\vibration_core.\sat12$func$./rtl/core/vibration_core.sv:321$1236.$result' using process `$paramod$57dc169f67c52f56080c916f660ace10d120a4de\vibration_core.$proc$./rtl/core/vibration_core.sv:259$1403'.
  created $dff cell `$procdff$7486' with positive edge clock.
Creating register for signal `$paramod$57dc169f67c52f56080c916f660ace10d120a4de\vibration_core.\sat12$func$./rtl/core/vibration_core.sv:321$1236.value' using process `$paramod$57dc169f67c52f56080c916f660ace10d120a4de\vibration_core.$proc$./rtl/core/vibration_core.sv:259$1403'.
  created $dff cell `$procdff$7487' with positive edge clock.
Creating register for signal `$paramod$57dc169f67c52f56080c916f660ace10d120a4de\vibration_core.$bitselwrite$pos$./rtl/core/vibration_core.sv:322$1237' using process `$paramod$57dc169f67c52f56080c916f660ace10d120a4de\vibration_core.$proc$./rtl/core/vibration_core.sv:259$1403'.
  created $dff cell `$procdff$7488' with positive edge clock.
Creating register for signal `$paramod$57dc169f67c52f56080c916f660ace10d120a4de\vibration_core.\rne$func$./rtl/core/vibration_core.sv:341$1238.$result' using process `$paramod$57dc169f67c52f56080c916f660ace10d120a4de\vibration_core.$proc$./rtl/core/vibration_core.sv:259$1403'.
  created $dff cell `$procdff$7489' with positive edge clock.
Creating register for signal `$paramod$57dc169f67c52f56080c916f660ace10d120a4de\vibration_core.\rne$func$./rtl/core/vibration_core.sv:341$1238.value' using process `$paramod$57dc169f67c52f56080c916f660ace10d120a4de\vibration_core.$proc$./rtl/core/vibration_core.sv:259$1403'.
  created $dff cell `$procdff$7490' with positive edge clock.
Creating register for signal `$paramod$57dc169f67c52f56080c916f660ace10d120a4de\vibration_core.\rne$func$./rtl/core/vibration_core.sv:341$1238.quotient' using process `$paramod$57dc169f67c52f56080c916f660ace10d120a4de\vibration_core.$proc$./rtl/core/vibration_core.sv:259$1403'.
  created $dff cell `$procdff$7491' with positive edge clock.
Creating register for signal `$paramod$57dc169f67c52f56080c916f660ace10d120a4de\vibration_core.\rne$func$./rtl/core/vibration_core.sv:341$1238.remainder' using process `$paramod$57dc169f67c52f56080c916f660ace10d120a4de\vibration_core.$proc$./rtl/core/vibration_core.sv:259$1403'.
  created $dff cell `$procdff$7492' with positive edge clock.
Creating register for signal `$paramod$57dc169f67c52f56080c916f660ace10d120a4de\vibration_core.\rne$func$./rtl/core/vibration_core.sv:341$1238.halfway' using process `$paramod$57dc169f67c52f56080c916f660ace10d120a4de\vibration_core.$proc$./rtl/core/vibration_core.sv:259$1403'.
  created $dff cell `$procdff$7493' with positive edge clock.
Creating register for signal `$paramod$57dc169f67c52f56080c916f660ace10d120a4de\vibration_core.\sat16$func$./rtl/core/vibration_core.sv:341$1239.$result' using process `$paramod$57dc169f67c52f56080c916f660ace10d120a4de\vibration_core.$proc$./rtl/core/vibration_core.sv:259$1403'.
  created $dff cell `$procdff$7494' with positive edge clock.
Creating register for signal `$paramod$57dc169f67c52f56080c916f660ace10d120a4de\vibration_core.\sat16$func$./rtl/core/vibration_core.sv:341$1239.value' using process `$paramod$57dc169f67c52f56080c916f660ace10d120a4de\vibration_core.$proc$./rtl/core/vibration_core.sv:259$1403'.
  created $dff cell `$procdff$7495' with positive edge clock.
Creating register for signal `$paramod$57dc169f67c52f56080c916f660ace10d120a4de\vibration_core.\rne$func$./rtl/core/vibration_core.sv:342$1240.$result' using process `$paramod$57dc169f67c52f56080c916f660ace10d120a4de\vibration_core.$proc$./rtl/core/vibration_core.sv:259$1403'.
  created $dff cell `$procdff$7496' with positive edge clock.
Creating register for signal `$paramod$57dc169f67c52f56080c916f660ace10d120a4de\vibration_core.\rne$func$./rtl/core/vibration_core.sv:342$1240.value' using process `$paramod$57dc169f67c52f56080c916f660ace10d120a4de\vibration_core.$proc$./rtl/core/vibration_core.sv:259$1403'.
  created $dff cell `$procdff$7497' with positive edge clock.
Creating register for signal `$paramod$57dc169f67c52f56080c916f660ace10d120a4de\vibration_core.\rne$func$./rtl/core/vibration_core.sv:342$1240.quotient' using process `$paramod$57dc169f67c52f56080c916f660ace10d120a4de\vibration_core.$proc$./rtl/core/vibration_core.sv:259$1403'.
  created $dff cell `$procdff$7498' with positive edge clock.
Creating register for signal `$paramod$57dc169f67c52f56080c916f660ace10d120a4de\vibration_core.\rne$func$./rtl/core/vibration_core.sv:342$1240.remainder' using process `$paramod$57dc169f67c52f56080c916f660ace10d120a4de\vibration_core.$proc$./rtl/core/vibration_core.sv:259$1403'.
  created $dff cell `$procdff$7499' with positive edge clock.
Creating register for signal `$paramod$57dc169f67c52f56080c916f660ace10d120a4de\vibration_core.\rne$func$./rtl/core/vibration_core.sv:342$1240.halfway' using process `$paramod$57dc169f67c52f56080c916f660ace10d120a4de\vibration_core.$proc$./rtl/core/vibration_core.sv:259$1403'.
  created $dff cell `$procdff$7500' with positive edge clock.
Creating register for signal `$paramod$57dc169f67c52f56080c916f660ace10d120a4de\vibration_core.\sat16$func$./rtl/core/vibration_core.sv:342$1241.$result' using process `$paramod$57dc169f67c52f56080c916f660ace10d120a4de\vibration_core.$proc$./rtl/core/vibration_core.sv:259$1403'.
  created $dff cell `$procdff$7501' with positive edge clock.
Creating register for signal `$paramod$57dc169f67c52f56080c916f660ace10d120a4de\vibration_core.\sat16$func$./rtl/core/vibration_core.sv:342$1241.value' using process `$paramod$57dc169f67c52f56080c916f660ace10d120a4de\vibration_core.$proc$./rtl/core/vibration_core.sv:259$1403'.
  created $dff cell `$procdff$7502' with positive edge clock.
Creating register for signal `$paramod$57dc169f67c52f56080c916f660ace10d120a4de\vibration_core.\rne$func$./rtl/core/vibration_core.sv:344$1242.$result' using process `$paramod$57dc169f67c52f56080c916f660ace10d120a4de\vibration_core.$proc$./rtl/core/vibration_core.sv:259$1403'.
  created $dff cell `$procdff$7503' with positive edge clock.
Creating register for signal `$paramod$57dc169f67c52f56080c916f660ace10d120a4de\vibration_core.\rne$func$./rtl/core/vibration_core.sv:344$1242.value' using process `$paramod$57dc169f67c52f56080c916f660ace10d120a4de\vibration_core.$proc$./rtl/core/vibration_core.sv:259$1403'.
  created $dff cell `$procdff$7504' with positive edge clock.
Creating register for signal `$paramod$57dc169f67c52f56080c916f660ace10d120a4de\vibration_core.\rne$func$./rtl/core/vibration_core.sv:344$1242.quotient' using process `$paramod$57dc169f67c52f56080c916f660ace10d120a4de\vibration_core.$proc$./rtl/core/vibration_core.sv:259$1403'.
  created $dff cell `$procdff$7505' with positive edge clock.
Creating register for signal `$paramod$57dc169f67c52f56080c916f660ace10d120a4de\vibration_core.\rne$func$./rtl/core/vibration_core.sv:344$1242.remainder' using process `$paramod$57dc169f67c52f56080c916f660ace10d120a4de\vibration_core.$proc$./rtl/core/vibration_core.sv:259$1403'.
  created $dff cell `$procdff$7506' with positive edge clock.
Creating register for signal `$paramod$57dc169f67c52f56080c916f660ace10d120a4de\vibration_core.\rne$func$./rtl/core/vibration_core.sv:344$1242.halfway' using process `$paramod$57dc169f67c52f56080c916f660ace10d120a4de\vibration_core.$proc$./rtl/core/vibration_core.sv:259$1403'.
  created $dff cell `$procdff$7507' with positive edge clock.
Creating register for signal `$paramod$57dc169f67c52f56080c916f660ace10d120a4de\vibration_core.\sat16$func$./rtl/core/vibration_core.sv:344$1243.$result' using process `$paramod$57dc169f67c52f56080c916f660ace10d120a4de\vibration_core.$proc$./rtl/core/vibration_core.sv:259$1403'.
  created $dff cell `$procdff$7508' with positive edge clock.
Creating register for signal `$paramod$57dc169f67c52f56080c916f660ace10d120a4de\vibration_core.\sat16$func$./rtl/core/vibration_core.sv:344$1243.value' using process `$paramod$57dc169f67c52f56080c916f660ace10d120a4de\vibration_core.$proc$./rtl/core/vibration_core.sv:259$1403'.
  created $dff cell `$procdff$7509' with positive edge clock.
Creating register for signal `$paramod$57dc169f67c52f56080c916f660ace10d120a4de\vibration_core.\relu_quant$func$./rtl/core/vibration_core.sv:403$1244.$result' using process `$paramod$57dc169f67c52f56080c916f660ace10d120a4de\vibration_core.$proc$./rtl/core/vibration_core.sv:259$1403'.
  created $dff cell `$procdff$7510' with positive edge clock.
Creating register for signal `$paramod$57dc169f67c52f56080c916f660ace10d120a4de\vibration_core.\relu_quant$func$./rtl/core/vibration_core.sv:403$1244.value' using process `$paramod$57dc169f67c52f56080c916f660ace10d120a4de\vibration_core.$proc$./rtl/core/vibration_core.sv:259$1403'.
  created $dff cell `$procdff$7511' with positive edge clock.
Creating register for signal `$paramod$57dc169f67c52f56080c916f660ace10d120a4de\vibration_core.\relu_quant$func$./rtl/core/vibration_core.sv:403$1244.rounded' using process `$paramod$57dc169f67c52f56080c916f660ace10d120a4de\vibration_core.$proc$./rtl/core/vibration_core.sv:259$1403'.
  created $dff cell `$procdff$7512' with positive edge clock.
Creating register for signal `$paramod$57dc169f67c52f56080c916f660ace10d120a4de\vibration_core.\rne$func$./rtl/core/vibration_core.sv:173$1245.$result' using process `$paramod$57dc169f67c52f56080c916f660ace10d120a4de\vibration_core.$proc$./rtl/core/vibration_core.sv:259$1403'.
  created $dff cell `$procdff$7513' with positive edge clock.
Creating register for signal `$paramod$57dc169f67c52f56080c916f660ace10d120a4de\vibration_core.\rne$func$./rtl/core/vibration_core.sv:173$1245.value' using process `$paramod$57dc169f67c52f56080c916f660ace10d120a4de\vibration_core.$proc$./rtl/core/vibration_core.sv:259$1403'.
  created $dff cell `$procdff$7514' with positive edge clock.
Creating register for signal `$paramod$57dc169f67c52f56080c916f660ace10d120a4de\vibration_core.\rne$func$./rtl/core/vibration_core.sv:173$1245.quotient' using process `$paramod$57dc169f67c52f56080c916f660ace10d120a4de\vibration_core.$proc$./rtl/core/vibration_core.sv:259$1403'.
  created $dff cell `$procdff$7515' with positive edge clock.
Creating register for signal `$paramod$57dc169f67c52f56080c916f660ace10d120a4de\vibration_core.\rne$func$./rtl/core/vibration_core.sv:173$1245.remainder' using process `$paramod$57dc169f67c52f56080c916f660ace10d120a4de\vibration_core.$proc$./rtl/core/vibration_core.sv:259$1403'.
  created $dff cell `$procdff$7516' with positive edge clock.
Creating register for signal `$paramod$57dc169f67c52f56080c916f660ace10d120a4de\vibration_core.\rne$func$./rtl/core/vibration_core.sv:173$1245.halfway' using process `$paramod$57dc169f67c52f56080c916f660ace10d120a4de\vibration_core.$proc$./rtl/core/vibration_core.sv:259$1403'.
  created $dff cell `$procdff$7517' with positive edge clock.
Creating register for signal `$paramod$57dc169f67c52f56080c916f660ace10d120a4de\vibration_core.\relu_quant$func$./rtl/core/vibration_core.sv:405$1246.$result' using process `$paramod$57dc169f67c52f56080c916f660ace10d120a4de\vibration_core.$proc$./rtl/core/vibration_core.sv:259$1403'.
  created $dff cell `$procdff$7518' with positive edge clock.
Creating register for signal `$paramod$57dc169f67c52f56080c916f660ace10d120a4de\vibration_core.\relu_quant$func$./rtl/core/vibration_core.sv:405$1246.value' using process `$paramod$57dc169f67c52f56080c916f660ace10d120a4de\vibration_core.$proc$./rtl/core/vibration_core.sv:259$1403'.
  created $dff cell `$procdff$7519' with positive edge clock.
Creating register for signal `$paramod$57dc169f67c52f56080c916f660ace10d120a4de\vibration_core.\relu_quant$func$./rtl/core/vibration_core.sv:405$1246.rounded' using process `$paramod$57dc169f67c52f56080c916f660ace10d120a4de\vibration_core.$proc$./rtl/core/vibration_core.sv:259$1403'.
  created $dff cell `$procdff$7520' with positive edge clock.
Creating register for signal `$paramod$57dc169f67c52f56080c916f660ace10d120a4de\vibration_core.\rne$func$./rtl/core/vibration_core.sv:173$1247.$result' using process `$paramod$57dc169f67c52f56080c916f660ace10d120a4de\vibration_core.$proc$./rtl/core/vibration_core.sv:259$1403'.
  created $dff cell `$procdff$7521' with positive edge clock.
Creating register for signal `$paramod$57dc169f67c52f56080c916f660ace10d120a4de\vibration_core.\rne$func$./rtl/core/vibration_core.sv:173$1247.value' using process `$paramod$57dc169f67c52f56080c916f660ace10d120a4de\vibration_core.$proc$./rtl/core/vibration_core.sv:259$1403'.
  created $dff cell `$procdff$7522' with positive edge clock.
Creating register for signal `$paramod$57dc169f67c52f56080c916f660ace10d120a4de\vibration_core.\rne$func$./rtl/core/vibration_core.sv:173$1247.quotient' using process `$paramod$57dc169f67c52f56080c916f660ace10d120a4de\vibration_core.$proc$./rtl/core/vibration_core.sv:259$1403'.
  created $dff cell `$procdff$7523' with positive edge clock.
Creating register for signal `$paramod$57dc169f67c52f56080c916f660ace10d120a4de\vibration_core.\rne$func$./rtl/core/vibration_core.sv:173$1247.remainder' using process `$paramod$57dc169f67c52f56080c916f660ace10d120a4de\vibration_core.$proc$./rtl/core/vibration_core.sv:259$1403'.
  created $dff cell `$procdff$7524' with positive edge clock.
Creating register for signal `$paramod$57dc169f67c52f56080c916f660ace10d120a4de\vibration_core.\rne$func$./rtl/core/vibration_core.sv:173$1247.halfway' using process `$paramod$57dc169f67c52f56080c916f660ace10d120a4de\vibration_core.$proc$./rtl/core/vibration_core.sv:259$1403'.
  created $dff cell `$procdff$7525' with positive edge clock.
Creating register for signal `$paramod$57dc169f67c52f56080c916f660ace10d120a4de\vibration_core.$memwr$\logits$./rtl/core/vibration_core.sv:271$1251_EN' using process `$paramod$57dc169f67c52f56080c916f660ace10d120a4de\vibration_core.$proc$./rtl/core/vibration_core.sv:259$1403'.
  created $dff cell `$procdff$7526' with positive edge clock.
Creating register for signal `$paramod$57dc169f67c52f56080c916f660ace10d120a4de\vibration_core.$memwr$\logits$./rtl/core/vibration_core.sv:271$1252_EN' using process `$paramod$57dc169f67c52f56080c916f660ace10d120a4de\vibration_core.$proc$./rtl/core/vibration_core.sv:259$1403'.
  created $dff cell `$procdff$7527' with positive edge clock.
Creating register for signal `$paramod$57dc169f67c52f56080c916f660ace10d120a4de\vibration_core.$memwr$\logits$./rtl/core/vibration_core.sv:271$1253_EN' using process `$paramod$57dc169f67c52f56080c916f660ace10d120a4de\vibration_core.$proc$./rtl/core/vibration_core.sv:259$1403'.
  created $dff cell `$procdff$7528' with positive edge clock.
Creating register for signal `$paramod$57dc169f67c52f56080c916f660ace10d120a4de\vibration_core.$memwr$\frame_ids$./rtl/core/vibration_core.sv:289$1254_ADDR' using process `$paramod$57dc169f67c52f56080c916f660ace10d120a4de\vibration_core.$proc$./rtl/core/vibration_core.sv:259$1403'.
  created $dff cell `$procdff$7529' with positive edge clock.
Creating register for signal `$paramod$57dc169f67c52f56080c916f660ace10d120a4de\vibration_core.$memwr$\frame_ids$./rtl/core/vibration_core.sv:289$1254_DATA' using process `$paramod$57dc169f67c52f56080c916f660ace10d120a4de\vibration_core.$proc$./rtl/core/vibration_core.sv:259$1403'.
  created $dff cell `$procdff$7530' with positive edge clock.
Creating register for signal `$paramod$57dc169f67c52f56080c916f660ace10d120a4de\vibration_core.$memwr$\frame_ids$./rtl/core/vibration_core.sv:289$1254_EN' using process `$paramod$57dc169f67c52f56080c916f660ace10d120a4de\vibration_core.$proc$./rtl/core/vibration_core.sv:259$1403'.
  created $dff cell `$procdff$7531' with positive edge clock.
Creating register for signal `$paramod$57dc169f67c52f56080c916f660ace10d120a4de\vibration_core.$memwr$\frame_sums$./rtl/core/vibration_core.sv:290$1255_ADDR' using process `$paramod$57dc169f67c52f56080c916f660ace10d120a4de\vibration_core.$proc$./rtl/core/vibration_core.sv:259$1403'.
  created $dff cell `$procdff$7532' with positive edge clock.
Creating register for signal `$paramod$57dc169f67c52f56080c916f660ace10d120a4de\vibration_core.$memwr$\frame_sums$./rtl/core/vibration_core.sv:290$1255_DATA' using process `$paramod$57dc169f67c52f56080c916f660ace10d120a4de\vibration_core.$proc$./rtl/core/vibration_core.sv:259$1403'.
  created $dff cell `$procdff$7533' with positive edge clock.
Creating register for signal `$paramod$57dc169f67c52f56080c916f660ace10d120a4de\vibration_core.$memwr$\frame_sums$./rtl/core/vibration_core.sv:290$1255_EN' using process `$paramod$57dc169f67c52f56080c916f660ace10d120a4de\vibration_core.$proc$./rtl/core/vibration_core.sv:259$1403'.
  created $dff cell `$procdff$7534' with positive edge clock.
Creating register for signal `$paramod$57dc169f67c52f56080c916f660ace10d120a4de\vibration_core.$mem2bits$\frame_sums$./rtl/core/vibration_core.sv:314$1256' using process `$paramod$57dc169f67c52f56080c916f660ace10d120a4de\vibration_core.$proc$./rtl/core/vibration_core.sv:259$1403'.
  created $dff cell `$procdff$7535' with positive edge clock.
Creating register for signal `$paramod$57dc169f67c52f56080c916f660ace10d120a4de\vibration_core.$mem2bits$\frame_sums$./rtl/core/vibration_core.sv:315$1257' using process `$paramod$57dc169f67c52f56080c916f660ace10d120a4de\vibration_core.$proc$./rtl/core/vibration_core.sv:259$1403'.
  created $dff cell `$procdff$7536' with positive edge clock.
Creating register for signal `$paramod$57dc169f67c52f56080c916f660ace10d120a4de\vibration_core.$memwr$\imag_part$./rtl/core/vibration_core.sv:341$1258_ADDR' using process `$paramod$57dc169f67c52f56080c916f660ace10d120a4de\vibration_core.$proc$./rtl/core/vibration_core.sv:259$1403'.
  created $dff cell `$procdff$7537' with positive edge clock.
Creating register for signal `$paramod$57dc169f67c52f56080c916f660ace10d120a4de\vibration_core.$memwr$\imag_part$./rtl/core/vibration_core.sv:341$1258_DATA' using process `$paramod$57dc169f67c52f56080c916f660ace10d120a4de\vibration_core.$proc$./rtl/core/vibration_core.sv:259$1403'.
  created $dff cell `$procdff$7538' with positive edge clock.
Creating register for signal `$paramod$57dc169f67c52f56080c916f660ace10d120a4de\vibration_core.$memwr$\imag_part$./rtl/core/vibration_core.sv:341$1258_EN' using process `$paramod$57dc169f67c52f56080c916f660ace10d120a4de\vibration_core.$proc$./rtl/core/vibration_core.sv:259$1403'.
  created $dff cell `$procdff$7539' with positive edge clock.
Creating register for signal `$paramod$57dc169f67c52f56080c916f660ace10d120a4de\vibration_core.$memwr$\real_part$./rtl/core/vibration_core.sv:342$1259_ADDR' using process `$paramod$57dc169f67c52f56080c916f660ace10d120a4de\vibration_core.$proc$./rtl/core/vibration_core.sv:259$1403'.
  created $dff cell `$procdff$7540' with positive edge clock.
Creating register for signal `$paramod$57dc169f67c52f56080c916f660ace10d120a4de\vibration_core.$memwr$\real_part$./rtl/core/vibration_core.sv:342$1259_DATA' using process `$paramod$57dc169f67c52f56080c916f660ace10d120a4de\vibration_core.$proc$./rtl/core/vibration_core.sv:259$1403'.
  created $dff cell `$procdff$7541' with positive edge clock.
Creating register for signal `$paramod$57dc169f67c52f56080c916f660ace10d120a4de\vibration_core.$memwr$\real_part$./rtl/core/vibration_core.sv:342$1259_EN' using process `$paramod$57dc169f67c52f56080c916f660ace10d120a4de\vibration_core.$proc$./rtl/core/vibration_core.sv:259$1403'.
  created $dff cell `$procdff$7542' with positive edge clock.
Creating register for signal `$paramod$57dc169f67c52f56080c916f660ace10d120a4de\vibration_core.$memwr$\features$./rtl/core/vibration_core.sv:379$1260_ADDR' using process `$paramod$57dc169f67c52f56080c916f660ace10d120a4de\vibration_core.$proc$./rtl/core/vibration_core.sv:259$1403'.
  created $dff cell `$procdff$7543' with positive edge clock.
Creating register for signal `$paramod$57dc169f67c52f56080c916f660ace10d120a4de\vibration_core.$memwr$\features$./rtl/core/vibration_core.sv:379$1260_DATA' using process `$paramod$57dc169f67c52f56080c916f660ace10d120a4de\vibration_core.$proc$./rtl/core/vibration_core.sv:259$1403'.
  created $dff cell `$procdff$7544' with positive edge clock.
Creating register for signal `$paramod$57dc169f67c52f56080c916f660ace10d120a4de\vibration_core.$memwr$\features$./rtl/core/vibration_core.sv:379$1260_EN' using process `$paramod$57dc169f67c52f56080c916f660ace10d120a4de\vibration_core.$proc$./rtl/core/vibration_core.sv:259$1403'.
  created $dff cell `$procdff$7545' with positive edge clock.
Creating register for signal `$paramod$57dc169f67c52f56080c916f660ace10d120a4de\vibration_core.$memwr$\hidden$./rtl/core/vibration_core.sv:403$1261_ADDR' using process `$paramod$57dc169f67c52f56080c916f660ace10d120a4de\vibration_core.$proc$./rtl/core/vibration_core.sv:259$1403'.
  created $dff cell `$procdff$7546' with positive edge clock.
Creating register for signal `$paramod$57dc169f67c52f56080c916f660ace10d120a4de\vibration_core.$memwr$\hidden$./rtl/core/vibration_core.sv:403$1261_DATA' using process `$paramod$57dc169f67c52f56080c916f660ace10d120a4de\vibration_core.$proc$./rtl/core/vibration_core.sv:259$1403'.
  created $dff cell `$procdff$7547' with positive edge clock.
Creating register for signal `$paramod$57dc169f67c52f56080c916f660ace10d120a4de\vibration_core.$memwr$\hidden$./rtl/core/vibration_core.sv:403$1261_EN' using process `$paramod$57dc169f67c52f56080c916f660ace10d120a4de\vibration_core.$proc$./rtl/core/vibration_core.sv:259$1403'.
  created $dff cell `$procdff$7548' with positive edge clock.
Creating register for signal `$paramod$57dc169f67c52f56080c916f660ace10d120a4de\vibration_core.$memwr$\logits$./rtl/core/vibration_core.sv:407$1262_ADDR' using process `$paramod$57dc169f67c52f56080c916f660ace10d120a4de\vibration_core.$proc$./rtl/core/vibration_core.sv:259$1403'.
  created $dff cell `$procdff$7549' with positive edge clock.
Creating register for signal `$paramod$57dc169f67c52f56080c916f660ace10d120a4de\vibration_core.$memwr$\logits$./rtl/core/vibration_core.sv:407$1262_DATA' using process `$paramod$57dc169f67c52f56080c916f660ace10d120a4de\vibration_core.$proc$./rtl/core/vibration_core.sv:259$1403'.
  created $dff cell `$procdff$7550' with positive edge clock.
Creating register for signal `$paramod$57dc169f67c52f56080c916f660ace10d120a4de\vibration_core.$memwr$\logits$./rtl/core/vibration_core.sv:407$1262_EN' using process `$paramod$57dc169f67c52f56080c916f660ace10d120a4de\vibration_core.$proc$./rtl/core/vibration_core.sv:259$1403'.
  created $dff cell `$procdff$7551' with positive edge clock.
Creating register for signal `$paramod$57dc169f67c52f56080c916f660ace10d120a4de\vibration_core.$lookahead\full$1401' using process `$paramod$57dc169f67c52f56080c916f660ace10d120a4de\vibration_core.$proc$./rtl/core/vibration_core.sv:259$1403'.
  created $dff cell `$procdff$7552' with positive edge clock.
Creating register for signal `$paramod$57dc169f67c52f56080c916f660ace10d120a4de\vibration_core.$lookahead\busy$1402' using process `$paramod$57dc169f67c52f56080c916f660ace10d120a4de\vibration_core.$proc$./rtl/core/vibration_core.sv:259$1403'.
  created $dff cell `$procdff$7553' with positive edge clock.
Creating register for signal `$paramod$57dc169f67c52f56080c916f660ace10d120a4de\vibration_core.\raw_q' using process `$paramod$57dc169f67c52f56080c916f660ace10d120a4de\vibration_core.$proc$./rtl/core/vibration_core.sv:246$1329'.
  created $dff cell `$procdff$7554' with positive edge clock.
Creating register for signal `$paramod$57dc169f67c52f56080c916f660ace10d120a4de\vibration_core.\sample_q' using process `$paramod$57dc169f67c52f56080c916f660ace10d120a4de\vibration_core.$proc$./rtl/core/vibration_core.sv:246$1329'.
  created $dff cell `$procdff$7555' with positive edge clock.
Creating register for signal `$paramod$57dc169f67c52f56080c916f660ace10d120a4de\vibration_core.\rne$func$./rtl/core/vibration_core.sv:254$1228.$result' using process `$paramod$57dc169f67c52f56080c916f660ace10d120a4de\vibration_core.$proc$./rtl/core/vibration_core.sv:246$1329'.
  created $dff cell `$procdff$7556' with positive edge clock.
Creating register for signal `$paramod$57dc169f67c52f56080c916f660ace10d120a4de\vibration_core.\rne$func$./rtl/core/vibration_core.sv:254$1228.value' using process `$paramod$57dc169f67c52f56080c916f660ace10d120a4de\vibration_core.$proc$./rtl/core/vibration_core.sv:246$1329'.
  created $dff cell `$procdff$7557' with positive edge clock.
Creating register for signal `$paramod$57dc169f67c52f56080c916f660ace10d120a4de\vibration_core.\rne$func$./rtl/core/vibration_core.sv:254$1228.quotient' using process `$paramod$57dc169f67c52f56080c916f660ace10d120a4de\vibration_core.$proc$./rtl/core/vibration_core.sv:246$1329'.
  created $dff cell `$procdff$7558' with positive edge clock.
Creating register for signal `$paramod$57dc169f67c52f56080c916f660ace10d120a4de\vibration_core.\rne$func$./rtl/core/vibration_core.sv:254$1228.remainder' using process `$paramod$57dc169f67c52f56080c916f660ace10d120a4de\vibration_core.$proc$./rtl/core/vibration_core.sv:246$1329'.
  created $dff cell `$procdff$7559' with positive edge clock.
Creating register for signal `$paramod$57dc169f67c52f56080c916f660ace10d120a4de\vibration_core.\rne$func$./rtl/core/vibration_core.sv:254$1228.halfway' using process `$paramod$57dc169f67c52f56080c916f660ace10d120a4de\vibration_core.$proc$./rtl/core/vibration_core.sv:246$1329'.
  created $dff cell `$procdff$7560' with positive edge clock.
Creating register for signal `$paramod$57dc169f67c52f56080c916f660ace10d120a4de\vibration_core.\sat12$func$./rtl/core/vibration_core.sv:254$1229.$result' using process `$paramod$57dc169f67c52f56080c916f660ace10d120a4de\vibration_core.$proc$./rtl/core/vibration_core.sv:246$1329'.
  created $dff cell `$procdff$7561' with positive edge clock.
Creating register for signal `$paramod$57dc169f67c52f56080c916f660ace10d120a4de\vibration_core.\sat12$func$./rtl/core/vibration_core.sv:254$1229.value' using process `$paramod$57dc169f67c52f56080c916f660ace10d120a4de\vibration_core.$proc$./rtl/core/vibration_core.sv:246$1329'.
  created $dff cell `$procdff$7562' with positive edge clock.
Creating register for signal `$paramod$57dc169f67c52f56080c916f660ace10d120a4de\vibration_core.$memwr$\raw1$./rtl/core/vibration_core.sv:248$1248_ADDR' using process `$paramod$57dc169f67c52f56080c916f660ace10d120a4de\vibration_core.$proc$./rtl/core/vibration_core.sv:246$1329'.
  created $dff cell `$procdff$7563' with positive edge clock.
Creating register for signal `$paramod$57dc169f67c52f56080c916f660ace10d120a4de\vibration_core.$memwr$\raw1$./rtl/core/vibration_core.sv:248$1248_DATA' using process `$paramod$57dc169f67c52f56080c916f660ace10d120a4de\vibration_core.$proc$./rtl/core/vibration_core.sv:246$1329'.
  created $dff cell `$procdff$7564' with positive edge clock.
Creating register for signal `$paramod$57dc169f67c52f56080c916f660ace10d120a4de\vibration_core.$memwr$\raw1$./rtl/core/vibration_core.sv:248$1248_EN' using process `$paramod$57dc169f67c52f56080c916f660ace10d120a4de\vibration_core.$proc$./rtl/core/vibration_core.sv:246$1329'.
  created $dff cell `$procdff$7565' with positive edge clock.
Creating register for signal `$paramod$57dc169f67c52f56080c916f660ace10d120a4de\vibration_core.$memwr$\raw0$./rtl/core/vibration_core.sv:249$1249_ADDR' using process `$paramod$57dc169f67c52f56080c916f660ace10d120a4de\vibration_core.$proc$./rtl/core/vibration_core.sv:246$1329'.
  created $dff cell `$procdff$7566' with positive edge clock.
Creating register for signal `$paramod$57dc169f67c52f56080c916f660ace10d120a4de\vibration_core.$memwr$\raw0$./rtl/core/vibration_core.sv:249$1249_DATA' using process `$paramod$57dc169f67c52f56080c916f660ace10d120a4de\vibration_core.$proc$./rtl/core/vibration_core.sv:246$1329'.
  created $dff cell `$procdff$7567' with positive edge clock.
Creating register for signal `$paramod$57dc169f67c52f56080c916f660ace10d120a4de\vibration_core.$memwr$\raw0$./rtl/core/vibration_core.sv:249$1249_EN' using process `$paramod$57dc169f67c52f56080c916f660ace10d120a4de\vibration_core.$proc$./rtl/core/vibration_core.sv:246$1329'.
  created $dff cell `$procdff$7568' with positive edge clock.
Creating register for signal `$paramod$57dc169f67c52f56080c916f660ace10d120a4de\vibration_core.$memwr$\windowed$./rtl/core/vibration_core.sv:254$1250_ADDR' using process `$paramod$57dc169f67c52f56080c916f660ace10d120a4de\vibration_core.$proc$./rtl/core/vibration_core.sv:246$1329'.
  created $dff cell `$procdff$7569' with positive edge clock.
Creating register for signal `$paramod$57dc169f67c52f56080c916f660ace10d120a4de\vibration_core.$memwr$\windowed$./rtl/core/vibration_core.sv:254$1250_DATA' using process `$paramod$57dc169f67c52f56080c916f660ace10d120a4de\vibration_core.$proc$./rtl/core/vibration_core.sv:246$1329'.
  created $dff cell `$procdff$7570' with positive edge clock.
Creating register for signal `$paramod$57dc169f67c52f56080c916f660ace10d120a4de\vibration_core.$memwr$\windowed$./rtl/core/vibration_core.sv:254$1250_EN' using process `$paramod$57dc169f67c52f56080c916f660ace10d120a4de\vibration_core.$proc$./rtl/core/vibration_core.sv:246$1329'.
  created $dff cell `$procdff$7571' with positive edge clock.
Creating register for signal `$paramod$a59ddd3839f57e0d327ab271e441e444196fd375\vib_coeff_rom.\magnitude' using process `$paramod$a59ddd3839f57e0d327ab271e441e444196fd375\vib_coeff_rom.$proc$./rtl/core/vib_coeff_rom.sv:26$1197'.
  created $dff cell `$procdff$7572' with positive edge clock.
Creating register for signal `$paramod$a59ddd3839f57e0d327ab271e441e444196fd375\vib_coeff_rom.\negative' using process `$paramod$a59ddd3839f57e0d327ab271e441e444196fd375\vib_coeff_rom.$proc$./rtl/core/vib_coeff_rom.sv:26$1197'.
  created $dff cell `$procdff$7573' with positive edge clock.
Creating register for signal `$paramod$a59ddd3839f57e0d327ab271e441e444196fd375\vib_coeff_rom.\is_zero' using process `$paramod$a59ddd3839f57e0d327ab271e441e444196fd375\vib_coeff_rom.$proc$./rtl/core/vib_coeff_rom.sv:26$1197'.
  created $dff cell `$procdff$7574' with positive edge clock.
Creating register for signal `$paramod$aa6c310d2e38486a8824f4af156f1c3e06848952\vib_coeff_rom.\magnitude' using process `$paramod$aa6c310d2e38486a8824f4af156f1c3e06848952\vib_coeff_rom.$proc$./rtl/core/vib_coeff_rom.sv:26$1211'.
  created $dff cell `$procdff$7575' with positive edge clock.
Creating register for signal `$paramod$aa6c310d2e38486a8824f4af156f1c3e06848952\vib_coeff_rom.\negative' using process `$paramod$aa6c310d2e38486a8824f4af156f1c3e06848952\vib_coeff_rom.$proc$./rtl/core/vib_coeff_rom.sv:26$1211'.
  created $dff cell `$procdff$7576' with positive edge clock.
Creating register for signal `$paramod$aa6c310d2e38486a8824f4af156f1c3e06848952\vib_coeff_rom.\is_zero' using process `$paramod$aa6c310d2e38486a8824f4af156f1c3e06848952\vib_coeff_rom.$proc$./rtl/core/vib_coeff_rom.sv:26$1211'.
  created $dff cell `$procdff$7577' with positive edge clock.

5.4.10. Executing PROC_MEMWR pass (convert process memory writes to cells).

5.4.11. Executing PROC_CLEAN pass (remove empty switches from decision trees).
Found and cleaned up 2 empty switches in `\core_pnr_probe.$proc$./sim/core_pnr_probe.sv:15$395'.
Removing empty process `core_pnr_probe.$proc$./sim/core_pnr_probe.sv:15$395'.
Removing empty process `$paramod$57dc169f67c52f56080c916f660ace10d120a4de\vibration_core.$proc$./rtl/core/vibration_core.sv:218$2018'.
Removing empty process `$paramod$57dc169f67c52f56080c916f660ace10d120a4de\vibration_core.$proc$./rtl/core/vibration_core.sv:203$2017'.
Found and cleaned up 2 empty switches in `$paramod$57dc169f67c52f56080c916f660ace10d120a4de\vibration_core.$proc$./rtl/core/vibration_core.sv:213$2013'.
Removing empty process `$paramod$57dc169f67c52f56080c916f660ace10d120a4de\vibration_core.$proc$./rtl/core/vibration_core.sv:213$2013'.
Found and cleaned up 53 empty switches in `$paramod$57dc169f67c52f56080c916f660ace10d120a4de\vibration_core.$proc$./rtl/core/vibration_core.sv:259$1403'.
Removing empty process `$paramod$57dc169f67c52f56080c916f660ace10d120a4de\vibration_core.$proc$./rtl/core/vibration_core.sv:259$1403'.
Found and cleaned up 7 empty switches in `$paramod$57dc169f67c52f56080c916f660ace10d120a4de\vibration_core.$proc$./rtl/core/vibration_core.sv:246$1329'.
Removing empty process `$paramod$57dc169f67c52f56080c916f660ace10d120a4de\vibration_core.$proc$./rtl/core/vibration_core.sv:246$1329'.
Found and cleaned up 3 empty switches in `$paramod$57dc169f67c52f56080c916f660ace10d120a4de\vibration_core.$proc$./rtl/core/vibration_core.sv:222$1293'.
Removing empty process `$paramod$57dc169f67c52f56080c916f660ace10d120a4de\vibration_core.$proc$./rtl/core/vibration_core.sv:222$1293'.
Found and cleaned up 1 empty switch in `$paramod$a59ddd3839f57e0d327ab271e441e444196fd375\vib_coeff_rom.$proc$./rtl/core/vib_coeff_rom.sv:26$1197'.
Removing empty process `$paramod$a59ddd3839f57e0d327ab271e441e444196fd375\vib_coeff_rom.$proc$./rtl/core/vib_coeff_rom.sv:26$1197'.
Found and cleaned up 1 empty switch in `$paramod$aa6c310d2e38486a8824f4af156f1c3e06848952\vib_coeff_rom.$proc$./rtl/core/vib_coeff_rom.sv:26$1211'.
Removing empty process `$paramod$aa6c310d2e38486a8824f4af156f1c3e06848952\vib_coeff_rom.$proc$./rtl/core/vib_coeff_rom.sv:26$1211'.
Cleaned up 69 empty switches.

5.4.12. Executing OPT_EXPR pass (perform const folding).
Optimizing module core_pnr_probe.
Optimizing module $paramod$57dc169f67c52f56080c916f660ace10d120a4de\vibration_core.
<suppressed ~99 debug messages>
Optimizing module $paramod$a59ddd3839f57e0d327ab271e441e444196fd375\vib_coeff_rom.
<suppressed ~1 debug messages>
Optimizing module $paramod$aa6c310d2e38486a8824f4af156f1c3e06848952\vib_coeff_rom.
<suppressed ~1 debug messages>

5.5. Executing CHECK pass (checking for obvious problems).
Checking module core_pnr_probe...
Checking module $paramod$57dc169f67c52f56080c916f660ace10d120a4de\vibration_core...
Checking module $paramod$a59ddd3839f57e0d327ab271e441e444196fd375\vib_coeff_rom...
Checking module $paramod$aa6c310d2e38486a8824f4af156f1c3e06848952\vib_coeff_rom...
Found and reported 0 problems.

5.6. Executing FLATTEN pass (flatten design).
Deleting now unused module $paramod$57dc169f67c52f56080c916f660ace10d120a4de\vibration_core.
Deleting now unused module $paramod$a59ddd3839f57e0d327ab271e441e444196fd375\vib_coeff_rom.
Deleting now unused module $paramod$aa6c310d2e38486a8824f4af156f1c3e06848952\vib_coeff_rom.
<suppressed ~3 debug messages>

5.7. Executing TRIBUF pass.

5.8. Executing DEMINOUT pass (demote inout ports to input or output).

5.9. Executing OPT_EXPR pass (perform const folding).
Optimizing module core_pnr_probe.
<suppressed ~16 debug messages>

5.10. Executing OPT_CLEAN pass (remove unused cells and wires).
Finding unused cells or wires in module \core_pnr_probe..
Removed 617 unused cells and 1931 unused wires.
<suppressed ~671 debug messages>

5.11. Executing CHECK pass (checking for obvious problems).
Checking module core_pnr_probe...
Found and reported 0 problems.

5.12. Executing OPT pass (performing simple optimizations).

5.12.1. Executing OPT_EXPR pass (perform const folding).
Optimizing module core_pnr_probe.
<suppressed ~1 debug messages>

5.12.2. Executing OPT_MERGE pass (detect identical cells).
Finding identical cells in module `\core_pnr_probe'.
Computing hashes of 1142 cells of `\core_pnr_probe'.
Finding duplicate cells in `\core_pnr_probe'.
Computing hashes of 934 cells of `\core_pnr_probe'.
Finding duplicate cells in `\core_pnr_probe'.
Computing hashes of 925 cells of `\core_pnr_probe'.
Finding duplicate cells in `\core_pnr_probe'.
Computing hashes of 919 cells of `\core_pnr_probe'.
Finding duplicate cells in `\core_pnr_probe'.
Computing hashes of 918 cells of `\core_pnr_probe'.
Finding duplicate cells in `\core_pnr_probe'.
<suppressed ~672 debug messages>
Removed a total of 224 cells.

5.12.3. Executing OPT_MUXTREE pass (detect dead branches in mux trees).
Running muxtree optimizer on module \core_pnr_probe..
  Creating internal representation of mux trees.
  Evaluating internal representation of mux trees.
      Replacing known input bits on port A of cell $flatten\core.$procmux$6613: \core.store_lane -> 1'0
      Replacing known input bits on port A of cell $flatten\core.$procmux$6622: \core.store_lane -> 1'0
      Replacing known input bits on port A of cell $flatten\core.$procmux$6802: \core.draining -> 1'1
      Replacing known input bits on port B of cell $flatten\core.$procmux$6799: \core.draining -> 1'0
      Replacing known input bits on port A of cell $flatten\core.$procmux$6796: \core.draining -> 1'0
      Replacing known input bits on port A of cell $flatten\core.$procmux$7150: \core.out_valid -> 1'0
  Analyzing evaluation results.
    dead port 1/2 on $mux $flatten\core.$procmux$3489.
    dead port 2/2 on $mux $flatten\core.$procmux$3906.
    dead port 1/2 on $mux $flatten\core.$procmux$3909.
    dead port 2/2 on $mux $flatten\core.$procmux$2793.
    dead port 1/2 on $mux $flatten\core.$procmux$2796.
    dead port 2/2 on $mux $flatten\core.$procmux$2817.
    dead port 2/2 on $mux $flatten\core.$procmux$5364.
    dead port 1/2 on $mux $flatten\core.$procmux$5367.
    dead port 1/2 on $mux $flatten\core.$procmux$5370.
    dead port 2/2 on $mux $flatten\core.$procmux$5372.
    dead port 1/2 on $mux $flatten\core.$procmux$5375.
    dead port 2/2 on $mux $flatten\core.$procmux$5382.
    dead port 1/2 on $mux $flatten\core.$procmux$5385.
    dead port 1/2 on $mux $flatten\core.$procmux$5388.
    dead port 2/2 on $mux $flatten\core.$procmux$5390.
    dead port 1/2 on $mux $flatten\core.$procmux$5393.
    dead port 2/2 on $mux $flatten\core.$procmux$5400.
    dead port 1/2 on $mux $flatten\core.$procmux$5403.
    dead port 1/2 on $mux $flatten\core.$procmux$5406.
    dead port 2/2 on $mux $flatten\core.$procmux$5408.
    dead port 1/2 on $mux $flatten\core.$procmux$5411.
    dead port 2/2 on $mux $flatten\core.$procmux$5418.
    dead port 1/2 on $mux $flatten\core.$procmux$5421.
    dead port 1/2 on $mux $flatten\core.$procmux$5424.
    dead port 2/2 on $mux $flatten\core.$procmux$5426.
    dead port 1/2 on $mux $flatten\core.$procmux$5429.
    dead port 2/2 on $mux $flatten\core.$procmux$5436.
    dead port 1/2 on $mux $flatten\core.$procmux$5439.
    dead port 1/2 on $mux $flatten\core.$procmux$5442.
    dead port 2/2 on $mux $flatten\core.$procmux$5444.
    dead port 1/2 on $mux $flatten\core.$procmux$5447.
    dead port 2/2 on $mux $flatten\core.$procmux$5454.
    dead port 1/2 on $mux $flatten\core.$procmux$5457.
    dead port 1/2 on $mux $flatten\core.$procmux$5460.
    dead port 2/2 on $mux $flatten\core.$procmux$5462.
    dead port 1/2 on $mux $flatten\core.$procmux$5465.
    dead port 2/2 on $mux $flatten\core.$procmux$5472.
    dead port 1/2 on $mux $flatten\core.$procmux$5475.
    dead port 1/2 on $mux $flatten\core.$procmux$5478.
    dead port 2/2 on $mux $flatten\core.$procmux$5480.
    dead port 1/2 on $mux $flatten\core.$procmux$5483.
    dead port 2/2 on $mux $flatten\core.$procmux$3399.
    dead port 1/2 on $mux $flatten\core.$procmux$3967.
    dead port 1/2 on $mux $flatten\core.$procmux$5508.
    dead port 1/2 on $mux $flatten\core.$procmux$5511.
    dead port 2/2 on $mux $flatten\core.$procmux$5513.
    dead port 1/2 on $mux $flatten\core.$procmux$5516.
    dead port 1/2 on $mux $flatten\core.$procmux$5523.
    dead port 1/2 on $mux $flatten\core.$procmux$5526.
    dead port 2/2 on $mux $flatten\core.$procmux$5528.
    dead port 1/2 on $mux $flatten\core.$procmux$5531.
    dead port 1/2 on $mux $flatten\core.$procmux$5538.
    dead port 1/2 on $mux $flatten\core.$procmux$5541.
    dead port 2/2 on $mux $flatten\core.$procmux$5543.
    dead port 1/2 on $mux $flatten\core.$procmux$5546.
    dead port 1/2 on $mux $flatten\core.$procmux$5553.
    dead port 1/2 on $mux $flatten\core.$procmux$5556.
    dead port 2/2 on $mux $flatten\core.$procmux$5558.
    dead port 1/2 on $mux $flatten\core.$procmux$5561.
    dead port 1/2 on $mux $flatten\core.$procmux$5568.
    dead port 1/2 on $mux $flatten\core.$procmux$5571.
    dead port 2/2 on $mux $flatten\core.$procmux$5573.
    dead port 1/2 on $mux $flatten\core.$procmux$5576.
    dead port 1/2 on $mux $flatten\core.$procmux$5583.
    dead port 1/2 on $mux $flatten\core.$procmux$5586.
    dead port 2/2 on $mux $flatten\core.$procmux$5588.
    dead port 1/2 on $mux $flatten\core.$procmux$5591.
    dead port 1/2 on $mux $flatten\core.$procmux$5598.
    dead port 1/2 on $mux $flatten\core.$procmux$5601.
    dead port 2/2 on $mux $flatten\core.$procmux$5603.
    dead port 1/2 on $mux $flatten\core.$procmux$5606.
    dead port 1/2 on $mux $flatten\core.$procmux$3402.
    dead port 1/2 on $mux $flatten\core.$procmux$5628.
    dead port 2/2 on $mux $flatten\core.$procmux$5630.
    dead port 1/2 on $mux $flatten\core.$procmux$5633.
    dead port 1/2 on $mux $flatten\core.$procmux$5640.
    dead port 2/2 on $mux $flatten\core.$procmux$5642.
    dead port 1/2 on $mux $flatten\core.$procmux$5645.
    dead port 1/2 on $mux $flatten\core.$procmux$5652.
    dead port 2/2 on $mux $flatten\core.$procmux$5654.
    dead port 1/2 on $mux $flatten\core.$procmux$5657.
    dead port 1/2 on $mux $flatten\core.$procmux$5664.
    dead port 2/2 on $mux $flatten\core.$procmux$5666.
    dead port 1/2 on $mux $flatten\core.$procmux$5669.
    dead port 1/2 on $mux $flatten\core.$procmux$5676.
    dead port 2/2 on $mux $flatten\core.$procmux$5678.
    dead port 1/2 on $mux $flatten\core.$procmux$5681.
    dead port 1/2 on $mux $flatten\core.$procmux$5688.
    dead port 2/2 on $mux $flatten\core.$procmux$5690.
    dead port 1/2 on $mux $flatten\core.$procmux$5693.
    dead port 1/2 on $mux $flatten\core.$procmux$5700.
    dead port 2/2 on $mux $flatten\core.$procmux$5702.
    dead port 1/2 on $mux $flatten\core.$procmux$5705.
    dead port 2/2 on $mux $flatten\core.$procmux$5723.
    dead port 1/2 on $mux $flatten\core.$procmux$5726.
    dead port 2/2 on $mux $flatten\core.$procmux$5732.
    dead port 1/2 on $mux $flatten\core.$procmux$5735.
    dead port 2/2 on $mux $flatten\core.$procmux$5741.
    dead port 1/2 on $mux $flatten\core.$procmux$5744.
    dead port 2/2 on $mux $flatten\core.$procmux$5750.
    dead port 1/2 on $mux $flatten\core.$procmux$5753.
    dead port 2/2 on $mux $flatten\core.$procmux$5759.
    dead port 1/2 on $mux $flatten\core.$procmux$5762.
    dead port 2/2 on $mux $flatten\core.$procmux$5768.
    dead port 1/2 on $mux $flatten\core.$procmux$5771.
    dead port 2/2 on $mux $flatten\core.$procmux$5777.
    dead port 1/2 on $mux $flatten\core.$procmux$5780.
    dead port 1/2 on $mux $flatten\core.$procmux$2675.
    dead port 2/2 on $mux $flatten\core.$procmux$2672.
    dead port 1/2 on $mux $flatten\core.$procmux$5801.
    dead port 1/2 on $mux $flatten\core.$procmux$5807.
    dead port 1/2 on $mux $flatten\core.$procmux$5813.
    dead port 1/2 on $mux $flatten\core.$procmux$5819.
    dead port 1/2 on $mux $flatten\core.$procmux$5825.
    dead port 1/2 on $mux $flatten\core.$procmux$5831.
    dead port 2/2 on $mux $flatten\core.$procmux$2934.
    dead port 1/2 on $mux $flatten\core.$procmux$3996.
    dead port 2/2 on $mux $flatten\core.$procmux$2819.
    dead port 1/2 on $mux $flatten\core.$procmux$2822.
    dead port 1/2 on $mux $flatten\core.$procmux$2937.
    dead port 1/2 on $mux $flatten\core.$procmux$4062.
    dead port 2/2 on $mux $flatten\core.$procmux$3458.
    dead port 1/2 on $mux $flatten\core.$procmux$4070.
    dead port 2/2 on $mux $flatten\core.$procmux$2957.
    dead port 1/2 on $mux $flatten\core.$procmux$4078.
    dead port 1/2 on $mux $flatten\core.$procmux$2960.
    dead port 1/2 on $mux $flatten\core.$procmux$4086.
    dead port 1/2 on $mux $flatten\core.$procmux$6351.
    dead port 2/2 on $mux $flatten\core.$procmux$6353.
    dead port 1/2 on $mux $flatten\core.$procmux$6356.
    dead port 1/2 on $mux $flatten\core.$procmux$4094.
    dead port 1/2 on $mux $flatten\core.$procmux$3461.
    dead port 1/2 on $mux $flatten\core.$procmux$4102.
    dead port 1/2 on $mux $flatten\core.$procmux$4115.
    dead port 1/2 on $mux $flatten\core.$procmux$4128.
    dead port 2/2 on $mux $flatten\core.$procmux$3614.
    dead port 1/2 on $mux $flatten\core.$procmux$4141.
    dead port 1/2 on $mux $flatten\core.$procmux$3617.
    dead port 1/2 on $mux $flatten\core.$procmux$4161.
    dead port 2/2 on $mux $flatten\core.$procmux$2980.
    dead port 1/2 on $mux $flatten\core.$procmux$4181.
    dead port 1/2 on $mux $flatten\core.$procmux$2983.
    dead port 1/2 on $mux $flatten\core.$procmux$4201.
    dead port 1/2 on $mux $flatten\core.$procmux$2670.
    dead port 1/2 on $mux $flatten\core.$procmux$4221.
    dead port 1/2 on $mux $flatten\core.$procmux$4241.
    dead port 1/2 on $mux $flatten\core.$procmux$2649.
    dead port 1/2 on $mux $flatten\core.$procmux$4261.
    dead port 2/2 on $mux $flatten\core.$procmux$2646.
    dead port 1/2 on $mux $flatten\core.$procmux$2536.
    dead port 2/2 on $mux $flatten\core.$procmux$2533.
    dead port 1/2 on $mux $flatten\core.$procmux$2644.
    dead port 1/2 on $mux $flatten\core.$procmux$2641.
    dead port 2/2 on $mux $flatten\core.$procmux$3164.
    dead port 1/2 on $mux $flatten\core.$procmux$3167.
    dead port 1/2 on $mux $flatten\core.$procmux$3456.
    dead port 2/2 on $mux $flatten\core.$procmux$3187.
    dead port 1/2 on $mux $flatten\core.$procmux$3190.
    dead port 2/2 on $mux $flatten\core.$procmux$3726.
    dead port 2/2 on $mux $flatten\core.$procmux$3210.
    dead port 1/2 on $mux $flatten\core.$procmux$3213.
    dead port 1/2 on $mux $flatten\core.$procmux$3729.
    dead port 1/2 on $mux $flatten\core.$procmux$2346.
    dead port 1/2 on $mux $flatten\core.$procmux$2467.
    dead port 2/2 on $mux $flatten\core.$procmux$2464.
    dead port 2/2 on $mux $flatten\core.$procmux$2343.
    dead port 1/2 on $mux $flatten\core.$procmux$2456.
    dead port 1/2 on $mux $flatten\core.$procmux$2181.
    dead port 2/2 on $mux $flatten\core.$procmux$2178.
    dead port 1/2 on $mux $flatten\core.$procmux$2176.
    dead port 1/2 on $mux $flatten\core.$procmux$2167.
    dead port 2/2 on $mux $flatten\core.$procmux$2164.
    dead port 1/2 on $mux $flatten\core.$procmux$2335.
    dead port 1/2 on $mux $flatten\core.$procmux$2162.
    dead port 1/2 on $mux $flatten\core.$procmux$2160.
    dead port 2/2 on $mux $flatten\core.$procmux$2453.
    dead port 2/2 on $mux $flatten\core.$procmux$2332.
    dead port 1/2 on $mux $flatten\core.$procmux$7163.
    dead port 2/2 on $mux $flatten\core.$procmux$7165.
    dead port 2/2 on $mux $flatten\core.$procmux$7171.
    dead port 1/2 on $mux $flatten\core.$procmux$2445.
    dead port 2/2 on $mux $flatten\core.$procmux$2442.
    dead port 2/2 on $mux $flatten\core.$procmux$7219.
    dead port 2/2 on $mux $flatten\core.$procmux$7225.
    dead port 2/2 on $mux $flatten\core.$procmux$7231.
    dead port 2/2 on $mux $flatten\core.$procmux$7237.
    dead port 2/2 on $mux $flatten\core.$procmux$7243.
    dead port 2/2 on $mux $flatten\core.$procmux$7249.
    dead port 1/2 on $mux $flatten\core.$procmux$7282.
    dead port 2/2 on $mux $flatten\core.$procmux$3486.
    dead port 2/2 on $mux $flatten\core.$procmux$7284.
    dead port 2/2 on $mux $flatten\core.$procmux$7294.
    dead port 1/2 on $mux $flatten\core.$procmux$2789.
    dead port 2/2 on $mux $flatten\core.$procmux$2791.
    dead port 1/2 on $mux $flatten\core.$procmux$2324.
    dead port 1/2 on $mux $flatten\core.$procmux$2102.
    dead port 2/2 on $mux $flatten\core.$procmux$2099.
    dead port 1/2 on $mux $flatten\core.$procmux$2097.
    dead port 1/2 on $mux $flatten\core.$procmux$2088.
    dead port 2/2 on $mux $flatten\core.$procmux$2085.
    dead port 1/2 on $mux $flatten\core.$procmux$2083.
    dead port 1/2 on $mux $flatten\core.$procmux$2081.
    dead port 1/2 on $mux $flatten\core.$procmux$2071.
    dead port 2/2 on $mux $flatten\core.$procmux$2068.
    dead port 2/2 on $mux $flatten\core.$procmux$3842.
    dead port 2/2 on $mux $flatten\core.$procmux$2066.
    dead port 1/2 on $mux $flatten\core.$procmux$2057.
    dead port 2/2 on $mux $flatten\core.$procmux$2054.
    dead port 1/2 on $mux $flatten\core.$procmux$3845.
    dead port 2/2 on $mux $flatten\core.$procmux$2052.
    dead port 1/2 on $mux $flatten\core.$procmux$2043.
    dead port 2/2 on $mux $flatten\core.$procmux$2040.
    dead port 2/2 on $mux $flatten\core.$procmux$2321.
    dead port 2/2 on $mux $flatten\core.$procmux$2038.
Removed 214 multiplexer ports.
<suppressed ~751 debug messages>

5.12.4. Executing OPT_REDUCE pass (consolidate $*mux and $reduce_* inputs).
  Optimizing cells in module \core_pnr_probe.
    Consolidated identical input bits for $mux cell $flatten\core.$procmux$2319:
      Old ports: A=8'11111111, B=8'00000000, Y=$flatten\core.$procmux$2319_Y
      New ports: A=1'1, B=1'0, Y=$flatten\core.$procmux$2319_Y [0]
      New connections: $flatten\core.$procmux$2319_Y [7:1] = { $flatten\core.$procmux$2319_Y [0] $flatten\core.$procmux$2319_Y [0] $flatten\core.$procmux$2319_Y [0] $flatten\core.$procmux$2319_Y [0] $flatten\core.$procmux$2319_Y [0] $flatten\core.$procmux$2319_Y [0] $flatten\core.$procmux$2319_Y [0] }
    Consolidated identical input bits for $mux cell $flatten\core.$procmux$5843:
      Old ports: A=0, B=32'11111111111111111111111111111111, Y=$flatten\core.$0$memwr$\logits$./rtl/core/vibration_core.sv:271$1253_EN[31:0]$1464
      New ports: A=1'0, B=1'1, Y=$flatten\core.$0$memwr$\logits$./rtl/core/vibration_core.sv:271$1253_EN[31:0]$1464 [0]
      New connections: $flatten\core.$0$memwr$\logits$./rtl/core/vibration_core.sv:271$1253_EN[31:0]$1464 [31:1] = { $flatten\core.$0$memwr$\logits$./rtl/core/vibration_core.sv:271$1253_EN[31:0]$1464 [0] $flatten\core.$0$memwr$\logits$./rtl/core/vibration_core.sv:271$1253_EN[31:0]$1464 [0] $flatten\core.$0$memwr$\logits$./rtl/core/vibration_core.sv:271$1253_EN[31:0]$1464 [0] $flatten\core.$0$memwr$\logits$./rtl/core/vibration_core.sv:271$1253_EN[31:0]$1464 [0] $flatten\core.$0$memwr$\logits$./rtl/core/vibration_core.sv:271$1253_EN[31:0]$1464 [0] $flatten\core.$0$memwr$\logits$./rtl/core/vibration_core.sv:271$1253_EN[31:0]$1464 [0] $flatten\core.$0$memwr$\logits$./rtl/core/vibration_core.sv:271$1253_EN[31:0]$1464 [0] $flatten\core.$0$memwr$\logits$./rtl/core/vibration_core.sv:271$1253_EN[31:0]$1464 [0] $flatten\core.$0$memwr$\logits$./rtl/core/vibration_core.sv:271$1253_EN[31:0]$1464 [0] $flatten\core.$0$memwr$\logits$./rtl/core/vibration_core.sv:271$1253_EN[31:0]$1464 [0] $flatten\core.$0$memwr$\logits$./rtl/core/vibration_core.sv:271$1253_EN[31:0]$1464 [0] $flatten\core.$0$memwr$\logits$./rtl/core/vibration_core.sv:271$1253_EN[31:0]$1464 [0] $flatten\core.$0$memwr$\logits$./rtl/core/vibration_core.sv:271$1253_EN[31:0]$1464 [0] $flatten\core.$0$memwr$\logits$./rtl/core/vibration_core.sv:271$1253_EN[31:0]$1464 [0] $flatten\core.$0$memwr$\logits$./rtl/core/vibration_core.sv:271$1253_EN[31:0]$1464 [0] $flatten\core.$0$memwr$\logits$./rtl/core/vibration_core.sv:271$1253_EN[31:0]$1464 [0] $flatten\core.$0$memwr$\logits$./rtl/core/vibration_core.sv:271$1253_EN[31:0]$1464 [0] $flatten\core.$0$memwr$\logits$./rtl/core/vibration_core.sv:271$1253_EN[31:0]$1464 [0] $flatten\core.$0$memwr$\logits$./rtl/core/vibration_core.sv:271$1253_EN[31:0]$1464 [0] $flatten\core.$0$memwr$\logits$./rtl/core/vibration_core.sv:271$1253_EN[31:0]$1464 [0] $flatten\core.$0$memwr$\logits$./rtl/core/vibration_core.sv:271$1253_EN[31:0]$1464 [0] $flatten\core.$0$memwr$\logits$./rtl/core/vibration_core.sv:271$1253_EN[31:0]$1464 [0] $flatten\core.$0$memwr$\logits$./rtl/core/vibration_core.sv:271$1253_EN[31:0]$1464 [0] $flatten\core.$0$memwr$\logits$./rtl/core/vibration_core.sv:271$1253_EN[31:0]$1464 [0] $flatten\core.$0$memwr$\logits$./rtl/core/vibration_core.sv:271$1253_EN[31:0]$1464 [0] $flatten\core.$0$memwr$\logits$./rtl/core/vibration_core.sv:271$1253_EN[31:0]$1464 [0] $flatten\core.$0$memwr$\logits$./rtl/core/vibration_core.sv:271$1253_EN[31:0]$1464 [0] $flatten\core.$0$memwr$\logits$./rtl/core/vibration_core.sv:271$1253_EN[31:0]$1464 [0] $flatten\core.$0$memwr$\logits$./rtl/core/vibration_core.sv:271$1253_EN[31:0]$1464 [0] $flatten\core.$0$memwr$\logits$./rtl/core/vibration_core.sv:271$1253_EN[31:0]$1464 [0] $flatten\core.$0$memwr$\logits$./rtl/core/vibration_core.sv:271$1253_EN[31:0]$1464 [0] }
    Consolidated identical input bits for $mux cell $flatten\core.$procmux$5846:
      Old ports: A=0, B=32'11111111111111111111111111111111, Y=$flatten\core.$0$memwr$\logits$./rtl/core/vibration_core.sv:271$1252_EN[31:0]$1463
      New ports: A=1'0, B=1'1, Y=$flatten\core.$0$memwr$\logits$./rtl/core/vibration_core.sv:271$1252_EN[31:0]$1463 [0]
      New connections: $flatten\core.$0$memwr$\logits$./rtl/core/vibration_core.sv:271$1252_EN[31:0]$1463 [31:1] = { $flatten\core.$0$memwr$\logits$./rtl/core/vibration_core.sv:271$1252_EN[31:0]$1463 [0] $flatten\core.$0$memwr$\logits$./rtl/core/vibration_core.sv:271$1252_EN[31:0]$1463 [0] $flatten\core.$0$memwr$\logits$./rtl/core/vibration_core.sv:271$1252_EN[31:0]$1463 [0] $flatten\core.$0$memwr$\logits$./rtl/core/vibration_core.sv:271$1252_EN[31:0]$1463 [0] $flatten\core.$0$memwr$\logits$./rtl/core/vibration_core.sv:271$1252_EN[31:0]$1463 [0] $flatten\core.$0$memwr$\logits$./rtl/core/vibration_core.sv:271$1252_EN[31:0]$1463 [0] $flatten\core.$0$memwr$\logits$./rtl/core/vibration_core.sv:271$1252_EN[31:0]$1463 [0] $flatten\core.$0$memwr$\logits$./rtl/core/vibration_core.sv:271$1252_EN[31:0]$1463 [0] $flatten\core.$0$memwr$\logits$./rtl/core/vibration_core.sv:271$1252_EN[31:0]$1463 [0] $flatten\core.$0$memwr$\logits$./rtl/core/vibration_core.sv:271$1252_EN[31:0]$1463 [0] $flatten\core.$0$memwr$\logits$./rtl/core/vibration_core.sv:271$1252_EN[31:0]$1463 [0] $flatten\core.$0$memwr$\logits$./rtl/core/vibration_core.sv:271$1252_EN[31:0]$1463 [0] $flatten\core.$0$memwr$\logits$./rtl/core/vibration_core.sv:271$1252_EN[31:0]$1463 [0] $flatten\core.$0$memwr$\logits$./rtl/core/vibration_core.sv:271$1252_EN[31:0]$1463 [0] $flatten\core.$0$memwr$\logits$./rtl/core/vibration_core.sv:271$1252_EN[31:0]$1463 [0] $flatten\core.$0$memwr$\logits$./rtl/core/vibration_core.sv:271$1252_EN[31:0]$1463 [0] $flatten\core.$0$memwr$\logits$./rtl/core/vibration_core.sv:271$1252_EN[31:0]$1463 [0] $flatten\core.$0$memwr$\logits$./rtl/core/vibration_core.sv:271$1252_EN[31:0]$1463 [0] $flatten\core.$0$memwr$\logits$./rtl/core/vibration_core.sv:271$1252_EN[31:0]$1463 [0] $flatten\core.$0$memwr$\logits$./rtl/core/vibration_core.sv:271$1252_EN[31:0]$1463 [0] $flatten\core.$0$memwr$\logits$./rtl/core/vibration_core.sv:271$1252_EN[31:0]$1463 [0] $flatten\core.$0$memwr$\logits$./rtl/core/vibration_core.sv:271$1252_EN[31:0]$1463 [0] $flatten\core.$0$memwr$\logits$./rtl/core/vibration_core.sv:271$1252_EN[31:0]$1463 [0] $flatten\core.$0$memwr$\logits$./rtl/core/vibration_core.sv:271$1252_EN[31:0]$1463 [0] $flatten\core.$0$memwr$\logits$./rtl/core/vibration_core.sv:271$1252_EN[31:0]$1463 [0] $flatten\core.$0$memwr$\logits$./rtl/core/vibration_core.sv:271$1252_EN[31:0]$1463 [0] $flatten\core.$0$memwr$\logits$./rtl/core/vibration_core.sv:271$1252_EN[31:0]$1463 [0] $flatten\core.$0$memwr$\logits$./rtl/core/vibration_core.sv:271$1252_EN[31:0]$1463 [0] $flatten\core.$0$memwr$\logits$./rtl/core/vibration_core.sv:271$1252_EN[31:0]$1463 [0] $flatten\core.$0$memwr$\logits$./rtl/core/vibration_core.sv:271$1252_EN[31:0]$1463 [0] $flatten\core.$0$memwr$\logits$./rtl/core/vibration_core.sv:271$1252_EN[31:0]$1463 [0] }
    Consolidated identical input bits for $mux cell $flatten\core.$procmux$5849:
      Old ports: A=0, B=32'11111111111111111111111111111111, Y=$flatten\core.$0$memwr$\logits$./rtl/core/vibration_core.sv:271$1251_EN[31:0]$1462
      New ports: A=1'0, B=1'1, Y=$flatten\core.$0$memwr$\logits$./rtl/core/vibration_core.sv:271$1251_EN[31:0]$1462 [0]
      New connections: $flatten\core.$0$memwr$\logits$./rtl/core/vibration_core.sv:271$1251_EN[31:0]$1462 [31:1] = { $flatten\core.$0$memwr$\logits$./rtl/core/vibration_core.sv:271$1251_EN[31:0]$1462 [0] $flatten\core.$0$memwr$\logits$./rtl/core/vibration_core.sv:271$1251_EN[31:0]$1462 [0] $flatten\core.$0$memwr$\logits$./rtl/core/vibration_core.sv:271$1251_EN[31:0]$1462 [0] $flatten\core.$0$memwr$\logits$./rtl/core/vibration_core.sv:271$1251_EN[31:0]$1462 [0] $flatten\core.$0$memwr$\logits$./rtl/core/vibration_core.sv:271$1251_EN[31:0]$1462 [0] $flatten\core.$0$memwr$\logits$./rtl/core/vibration_core.sv:271$1251_EN[31:0]$1462 [0] $flatten\core.$0$memwr$\logits$./rtl/core/vibration_core.sv:271$1251_EN[31:0]$1462 [0] $flatten\core.$0$memwr$\logits$./rtl/core/vibration_core.sv:271$1251_EN[31:0]$1462 [0] $flatten\core.$0$memwr$\logits$./rtl/core/vibration_core.sv:271$1251_EN[31:0]$1462 [0] $flatten\core.$0$memwr$\logits$./rtl/core/vibration_core.sv:271$1251_EN[31:0]$1462 [0] $flatten\core.$0$memwr$\logits$./rtl/core/vibration_core.sv:271$1251_EN[31:0]$1462 [0] $flatten\core.$0$memwr$\logits$./rtl/core/vibration_core.sv:271$1251_EN[31:0]$1462 [0] $flatten\core.$0$memwr$\logits$./rtl/core/vibration_core.sv:271$1251_EN[31:0]$1462 [0] $flatten\core.$0$memwr$\logits$./rtl/core/vibration_core.sv:271$1251_EN[31:0]$1462 [0] $flatten\core.$0$memwr$\logits$./rtl/core/vibration_core.sv:271$1251_EN[31:0]$1462 [0] $flatten\core.$0$memwr$\logits$./rtl/core/vibration_core.sv:271$1251_EN[31:0]$1462 [0] $flatten\core.$0$memwr$\logits$./rtl/core/vibration_core.sv:271$1251_EN[31:0]$1462 [0] $flatten\core.$0$memwr$\logits$./rtl/core/vibration_core.sv:271$1251_EN[31:0]$1462 [0] $flatten\core.$0$memwr$\logits$./rtl/core/vibration_core.sv:271$1251_EN[31:0]$1462 [0] $flatten\core.$0$memwr$\logits$./rtl/core/vibration_core.sv:271$1251_EN[31:0]$1462 [0] $flatten\core.$0$memwr$\logits$./rtl/core/vibration_core.sv:271$1251_EN[31:0]$1462 [0] $flatten\core.$0$memwr$\logits$./rtl/core/vibration_core.sv:271$1251_EN[31:0]$1462 [0] $flatten\core.$0$memwr$\logits$./rtl/core/vibration_core.sv:271$1251_EN[31:0]$1462 [0] $flatten\core.$0$memwr$\logits$./rtl/core/vibration_core.sv:271$1251_EN[31:0]$1462 [0] $flatten\core.$0$memwr$\logits$./rtl/core/vibration_core.sv:271$1251_EN[31:0]$1462 [0] $flatten\core.$0$memwr$\logits$./rtl/core/vibration_core.sv:271$1251_EN[31:0]$1462 [0] $flatten\core.$0$memwr$\logits$./rtl/core/vibration_core.sv:271$1251_EN[31:0]$1462 [0] $flatten\core.$0$memwr$\logits$./rtl/core/vibration_core.sv:271$1251_EN[31:0]$1462 [0] $flatten\core.$0$memwr$\logits$./rtl/core/vibration_core.sv:271$1251_EN[31:0]$1462 [0] $flatten\core.$0$memwr$\logits$./rtl/core/vibration_core.sv:271$1251_EN[31:0]$1462 [0] $flatten\core.$0$memwr$\logits$./rtl/core/vibration_core.sv:271$1251_EN[31:0]$1462 [0] }
    New ctrl vector for $pmux cell $flatten\core.$procmux$5860: { $flatten\core.$procmux$2344_CMP $auto$opt_reduce.cc:137:opt_pmux$7595 $flatten\core.$procmux$5866_CMP }
    Consolidated identical input bits for $mux cell $flatten\core.$procmux$2932:
      Old ports: A=16'0000000000000000, B=16'1111111111111111, Y=$flatten\core.$procmux$2932_Y
      New ports: A=1'0, B=1'1, Y=$flatten\core.$procmux$2932_Y [0]
      New connections: $flatten\core.$procmux$2932_Y [15:1] = { $flatten\core.$procmux$2932_Y [0] $flatten\core.$procmux$2932_Y [0] $flatten\core.$procmux$2932_Y [0] $flatten\core.$procmux$2932_Y [0] $flatten\core.$procmux$2932_Y [0] $flatten\core.$procmux$2932_Y [0] $flatten\core.$procmux$2932_Y [0] $flatten\core.$procmux$2932_Y [0] $flatten\core.$procmux$2932_Y [0] $flatten\core.$procmux$2932_Y [0] $flatten\core.$procmux$2932_Y [0] $flatten\core.$procmux$2932_Y [0] $flatten\core.$procmux$2932_Y [0] $flatten\core.$procmux$2932_Y [0] $flatten\core.$procmux$2932_Y [0] }
    New ctrl vector for $pmux cell $flatten\core.$procmux$6148: { $auto$opt_reduce.cc:137:opt_pmux$7597 $flatten\core.$procmux$6156_CMP $flatten\core.$procmux$6140_CMP }
    Consolidated identical input bits for $mux cell $flatten\core.$procmux$4112:
      Old ports: A=8'00000000, B=8'11111111, Y=$flatten\core.$procmux$4112_Y
      New ports: A=1'0, B=1'1, Y=$flatten\core.$procmux$4112_Y [0]
      New connections: $flatten\core.$procmux$4112_Y [7:1] = { $flatten\core.$procmux$4112_Y [0] $flatten\core.$procmux$4112_Y [0] $flatten\core.$procmux$4112_Y [0] $flatten\core.$procmux$4112_Y [0] $flatten\core.$procmux$4112_Y [0] $flatten\core.$procmux$4112_Y [0] $flatten\core.$procmux$4112_Y [0] }
    Consolidated identical input bits for $mux cell $flatten\core.$procmux$3162:
      Old ports: A=16'1111111111111111, B=16'0000000000000000, Y=$flatten\core.$procmux$3162_Y
      New ports: A=1'1, B=1'0, Y=$flatten\core.$procmux$3162_Y [0]
      New connections: $flatten\core.$procmux$3162_Y [15:1] = { $flatten\core.$procmux$3162_Y [0] $flatten\core.$procmux$3162_Y [0] $flatten\core.$procmux$3162_Y [0] $flatten\core.$procmux$3162_Y [0] $flatten\core.$procmux$3162_Y [0] $flatten\core.$procmux$3162_Y [0] $flatten\core.$procmux$3162_Y [0] $flatten\core.$procmux$3162_Y [0] $flatten\core.$procmux$3162_Y [0] $flatten\core.$procmux$3162_Y [0] $flatten\core.$procmux$3162_Y [0] $flatten\core.$procmux$3162_Y [0] $flatten\core.$procmux$3162_Y [0] $flatten\core.$procmux$3162_Y [0] $flatten\core.$procmux$3162_Y [0] }
    Consolidated identical input bits for $mux cell $flatten\core.$procmux$5362:
      Old ports: A=26'00000000000000000000000000, B=26'11111111111111111111111111, Y=$flatten\core.$procmux$5362_Y
      New ports: A=1'0, B=1'1, Y=$flatten\core.$procmux$5362_Y [0]
      New connections: $flatten\core.$procmux$5362_Y [25:1] = { $flatten\core.$procmux$5362_Y [0] $flatten\core.$procmux$5362_Y [0] $flatten\core.$procmux$5362_Y [0] $flatten\core.$procmux$5362_Y [0] $flatten\core.$procmux$5362_Y [0] $flatten\core.$procmux$5362_Y [0] $flatten\core.$procmux$5362_Y [0] $flatten\core.$procmux$5362_Y [0] $flatten\core.$procmux$5362_Y [0] $flatten\core.$procmux$5362_Y [0] $flatten\core.$procmux$5362_Y [0] $flatten\core.$procmux$5362_Y [0] $flatten\core.$procmux$5362_Y [0] $flatten\core.$procmux$5362_Y [0] $flatten\core.$procmux$5362_Y [0] $flatten\core.$procmux$5362_Y [0] $flatten\core.$procmux$5362_Y [0] $flatten\core.$procmux$5362_Y [0] $flatten\core.$procmux$5362_Y [0] $flatten\core.$procmux$5362_Y [0] $flatten\core.$procmux$5362_Y [0] $flatten\core.$procmux$5362_Y [0] $flatten\core.$procmux$5362_Y [0] $flatten\core.$procmux$5362_Y [0] $flatten\core.$procmux$5362_Y [0] }
    Consolidated identical input bits for $mux cell $flatten\core.$procmux$7186:
      Old ports: A=16'0000000000000000, B=16'1111111111111111, Y=$flatten\core.$0$memwr$\windowed$./rtl/core/vibration_core.sv:254$1250_EN[15:0]$1345
      New ports: A=1'0, B=1'1, Y=$flatten\core.$0$memwr$\windowed$./rtl/core/vibration_core.sv:254$1250_EN[15:0]$1345 [0]
      New connections: $flatten\core.$0$memwr$\windowed$./rtl/core/vibration_core.sv:254$1250_EN[15:0]$1345 [15:1] = { $flatten\core.$0$memwr$\windowed$./rtl/core/vibration_core.sv:254$1250_EN[15:0]$1345 [0] $flatten\core.$0$memwr$\windowed$./rtl/core/vibration_core.sv:254$1250_EN[15:0]$1345 [0] $flatten\core.$0$memwr$\windowed$./rtl/core/vibration_core.sv:254$1250_EN[15:0]$1345 [0] $flatten\core.$0$memwr$\windowed$./rtl/core/vibration_core.sv:254$1250_EN[15:0]$1345 [0] $flatten\core.$0$memwr$\windowed$./rtl/core/vibration_core.sv:254$1250_EN[15:0]$1345 [0] $flatten\core.$0$memwr$\windowed$./rtl/core/vibration_core.sv:254$1250_EN[15:0]$1345 [0] $flatten\core.$0$memwr$\windowed$./rtl/core/vibration_core.sv:254$1250_EN[15:0]$1345 [0] $flatten\core.$0$memwr$\windowed$./rtl/core/vibration_core.sv:254$1250_EN[15:0]$1345 [0] $flatten\core.$0$memwr$\windowed$./rtl/core/vibration_core.sv:254$1250_EN[15:0]$1345 [0] $flatten\core.$0$memwr$\windowed$./rtl/core/vibration_core.sv:254$1250_EN[15:0]$1345 [0] $flatten\core.$0$memwr$\windowed$./rtl/core/vibration_core.sv:254$1250_EN[15:0]$1345 [0] $flatten\core.$0$memwr$\windowed$./rtl/core/vibration_core.sv:254$1250_EN[15:0]$1345 [0] $flatten\core.$0$memwr$\windowed$./rtl/core/vibration_core.sv:254$1250_EN[15:0]$1345 [0] $flatten\core.$0$memwr$\windowed$./rtl/core/vibration_core.sv:254$1250_EN[15:0]$1345 [0] $flatten\core.$0$memwr$\windowed$./rtl/core/vibration_core.sv:254$1250_EN[15:0]$1345 [0] }
    Consolidated identical input bits for $mux cell $flatten\core.$procmux$7217:
      Old ports: A=16'0000000000000000, B=16'1111111111111111, Y=$flatten\core.$procmux$7217_Y
      New ports: A=1'0, B=1'1, Y=$flatten\core.$procmux$7217_Y [0]
      New connections: $flatten\core.$procmux$7217_Y [15:1] = { $flatten\core.$procmux$7217_Y [0] $flatten\core.$procmux$7217_Y [0] $flatten\core.$procmux$7217_Y [0] $flatten\core.$procmux$7217_Y [0] $flatten\core.$procmux$7217_Y [0] $flatten\core.$procmux$7217_Y [0] $flatten\core.$procmux$7217_Y [0] $flatten\core.$procmux$7217_Y [0] $flatten\core.$procmux$7217_Y [0] $flatten\core.$procmux$7217_Y [0] $flatten\core.$procmux$7217_Y [0] $flatten\core.$procmux$7217_Y [0] $flatten\core.$procmux$7217_Y [0] $flatten\core.$procmux$7217_Y [0] $flatten\core.$procmux$7217_Y [0] }
    Consolidated identical input bits for $mux cell $flatten\core.$procmux$5416:
      Old ports: A=0, B=32'11111111111111111111111111111111, Y=$flatten\core.$procmux$5416_Y
      New ports: A=1'0, B=1'1, Y=$flatten\core.$procmux$5416_Y [0]
      New connections: $flatten\core.$procmux$5416_Y [31:1] = { $flatten\core.$procmux$5416_Y [0] $flatten\core.$procmux$5416_Y [0] $flatten\core.$procmux$5416_Y [0] $flatten\core.$procmux$5416_Y [0] $flatten\core.$procmux$5416_Y [0] $flatten\core.$procmux$5416_Y [0] $flatten\core.$procmux$5416_Y [0] $flatten\core.$procmux$5416_Y [0] $flatten\core.$procmux$5416_Y [0] $flatten\core.$procmux$5416_Y [0] $flatten\core.$procmux$5416_Y [0] $flatten\core.$procmux$5416_Y [0] $flatten\core.$procmux$5416_Y [0] $flatten\core.$procmux$5416_Y [0] $flatten\core.$procmux$5416_Y [0] $flatten\core.$procmux$5416_Y [0] $flatten\core.$procmux$5416_Y [0] $flatten\core.$procmux$5416_Y [0] $flatten\core.$procmux$5416_Y [0] $flatten\core.$procmux$5416_Y [0] $flatten\core.$procmux$5416_Y [0] $flatten\core.$procmux$5416_Y [0] $flatten\core.$procmux$5416_Y [0] $flatten\core.$procmux$5416_Y [0] $flatten\core.$procmux$5416_Y [0] $flatten\core.$procmux$5416_Y [0] $flatten\core.$procmux$5416_Y [0] $flatten\core.$procmux$5416_Y [0] $flatten\core.$procmux$5416_Y [0] $flatten\core.$procmux$5416_Y [0] $flatten\core.$procmux$5416_Y [0] }
    Consolidated identical input bits for $mux cell $flatten\core.$procmux$7235:
      Old ports: A=16'1111111111111111, B=16'0000000000000000, Y=$flatten\core.$procmux$7235_Y
      New ports: A=1'1, B=1'0, Y=$flatten\core.$procmux$7235_Y [0]
      New connections: $flatten\core.$procmux$7235_Y [15:1] = { $flatten\core.$procmux$7235_Y [0] $flatten\core.$procmux$7235_Y [0] $flatten\core.$procmux$7235_Y [0] $flatten\core.$procmux$7235_Y [0] $flatten\core.$procmux$7235_Y [0] $flatten\core.$procmux$7235_Y [0] $flatten\core.$procmux$7235_Y [0] $flatten\core.$procmux$7235_Y [0] $flatten\core.$procmux$7235_Y [0] $flatten\core.$procmux$7235_Y [0] $flatten\core.$procmux$7235_Y [0] $flatten\core.$procmux$7235_Y [0] $flatten\core.$procmux$7235_Y [0] $flatten\core.$procmux$7235_Y [0] $flatten\core.$procmux$7235_Y [0] }
    New ctrl vector for $pmux cell $flatten\core.$procmux$7388: $auto$opt_reduce.cc:137:opt_pmux$7599
    Consolidated identical input bits for $mux cell $flatten\core.$procmux$2035:
      Old ports: A=0, B=32'11111111111111111111111111111111, Y=$flatten\core.$procmux$2035_Y
      New ports: A=1'0, B=1'1, Y=$flatten\core.$procmux$2035_Y [0]
      New connections: $flatten\core.$procmux$2035_Y [31:1] = { $flatten\core.$procmux$2035_Y [0] $flatten\core.$procmux$2035_Y [0] $flatten\core.$procmux$2035_Y [0] $flatten\core.$procmux$2035_Y [0] $flatten\core.$procmux$2035_Y [0] $flatten\core.$procmux$2035_Y [0] $flatten\core.$procmux$2035_Y [0] $flatten\core.$procmux$2035_Y [0] $flatten\core.$procmux$2035_Y [0] $flatten\core.$procmux$2035_Y [0] $flatten\core.$procmux$2035_Y [0] $flatten\core.$procmux$2035_Y [0] $flatten\core.$procmux$2035_Y [0] $flatten\core.$procmux$2035_Y [0] $flatten\core.$procmux$2035_Y [0] $flatten\core.$procmux$2035_Y [0] $flatten\core.$procmux$2035_Y [0] $flatten\core.$procmux$2035_Y [0] $flatten\core.$procmux$2035_Y [0] $flatten\core.$procmux$2035_Y [0] $flatten\core.$procmux$2035_Y [0] $flatten\core.$procmux$2035_Y [0] $flatten\core.$procmux$2035_Y [0] $flatten\core.$procmux$2035_Y [0] $flatten\core.$procmux$2035_Y [0] $flatten\core.$procmux$2035_Y [0] $flatten\core.$procmux$2035_Y [0] $flatten\core.$procmux$2035_Y [0] $flatten\core.$procmux$2035_Y [0] $flatten\core.$procmux$2035_Y [0] $flatten\core.$procmux$2035_Y [0] }
  Optimizing cells in module \core_pnr_probe.
    Consolidated identical input bits for $mux cell $flatten\core.$procmux$5898:
      Old ports: A=$flatten\core.$2$memwr$\features$./rtl/core/vibration_core.sv:379$1260_EN[7:0]$1723, B=8'00000000, Y=$flatten\core.$0$memwr$\features$./rtl/core/vibration_core.sv:379$1260_EN[7:0]$1481
      New ports: A=$flatten\core.$procmux$4112_Y [0], B=1'0, Y=$flatten\core.$0$memwr$\features$./rtl/core/vibration_core.sv:379$1260_EN[7:0]$1481 [0]
      New connections: $flatten\core.$0$memwr$\features$./rtl/core/vibration_core.sv:379$1260_EN[7:0]$1481 [7:1] = { $flatten\core.$0$memwr$\features$./rtl/core/vibration_core.sv:379$1260_EN[7:0]$1481 [0] $flatten\core.$0$memwr$\features$./rtl/core/vibration_core.sv:379$1260_EN[7:0]$1481 [0] $flatten\core.$0$memwr$\features$./rtl/core/vibration_core.sv:379$1260_EN[7:0]$1481 [0] $flatten\core.$0$memwr$\features$./rtl/core/vibration_core.sv:379$1260_EN[7:0]$1481 [0] $flatten\core.$0$memwr$\features$./rtl/core/vibration_core.sv:379$1260_EN[7:0]$1481 [0] $flatten\core.$0$memwr$\features$./rtl/core/vibration_core.sv:379$1260_EN[7:0]$1481 [0] $flatten\core.$0$memwr$\features$./rtl/core/vibration_core.sv:379$1260_EN[7:0]$1481 [0] }
    Consolidated identical input bits for $mux cell $flatten\core.$procmux$5520:
      Old ports: A=26'00000000000000000000000000, B=$flatten\core.$6$memwr$\frame_sums$./rtl/core/vibration_core.sv:290$1255_EN[25:0]$1619, Y=$flatten\core.$procmux$5520_Y
      New ports: A=1'0, B=$flatten\core.$procmux$5362_Y [0], Y=$flatten\core.$procmux$5520_Y [0]
      New connections: $flatten\core.$procmux$5520_Y [25:1] = { $flatten\core.$procmux$5520_Y [0] $flatten\core.$procmux$5520_Y [0] $flatten\core.$procmux$5520_Y [0] $flatten\core.$procmux$5520_Y [0] $flatten\core.$procmux$5520_Y [0] $flatten\core.$procmux$5520_Y [0] $flatten\core.$procmux$5520_Y [0] $flatten\core.$procmux$5520_Y [0] $flatten\core.$procmux$5520_Y [0] $flatten\core.$procmux$5520_Y [0] $flatten\core.$procmux$5520_Y [0] $flatten\core.$procmux$5520_Y [0] $flatten\core.$procmux$5520_Y [0] $flatten\core.$procmux$5520_Y [0] $flatten\core.$procmux$5520_Y [0] $flatten\core.$procmux$5520_Y [0] $flatten\core.$procmux$5520_Y [0] $flatten\core.$procmux$5520_Y [0] $flatten\core.$procmux$5520_Y [0] $flatten\core.$procmux$5520_Y [0] $flatten\core.$procmux$5520_Y [0] $flatten\core.$procmux$5520_Y [0] $flatten\core.$procmux$5520_Y [0] $flatten\core.$procmux$5520_Y [0] $flatten\core.$procmux$5520_Y [0] }
    Consolidated identical input bits for $mux cell $flatten\core.$procmux$4083:
      Old ports: A=8'00000000, B=$flatten\core.$3$memwr$\hidden$./rtl/core/vibration_core.sv:403$1261_EN[7:0]$1943, Y=$flatten\core.$procmux$4083_Y
      New ports: A=1'0, B=$flatten\core.$procmux$2319_Y [0], Y=$flatten\core.$procmux$4083_Y [0]
      New connections: $flatten\core.$procmux$4083_Y [7:1] = { $flatten\core.$procmux$4083_Y [0] $flatten\core.$procmux$4083_Y [0] $flatten\core.$procmux$4083_Y [0] $flatten\core.$procmux$4083_Y [0] $flatten\core.$procmux$4083_Y [0] $flatten\core.$procmux$4083_Y [0] $flatten\core.$procmux$4083_Y [0] }
    Consolidated identical input bits for $mux cell $flatten\core.$procmux$4158:
      Old ports: A=16'0000000000000000, B=$flatten\core.$3$memwr$\real_part$./rtl/core/vibration_core.sv:342$1259_EN[15:0]$1838, Y=$flatten\core.$procmux$4158_Y
      New ports: A=1'0, B=$flatten\core.$procmux$3162_Y [0], Y=$flatten\core.$procmux$4158_Y [0]
      New connections: $flatten\core.$procmux$4158_Y [15:1] = { $flatten\core.$procmux$4158_Y [0] $flatten\core.$procmux$4158_Y [0] $flatten\core.$procmux$4158_Y [0] $flatten\core.$procmux$4158_Y [0] $flatten\core.$procmux$4158_Y [0] $flatten\core.$procmux$4158_Y [0] $flatten\core.$procmux$4158_Y [0] $flatten\core.$procmux$4158_Y [0] $flatten\core.$procmux$4158_Y [0] $flatten\core.$procmux$4158_Y [0] $flatten\core.$procmux$4158_Y [0] $flatten\core.$procmux$4158_Y [0] $flatten\core.$procmux$4158_Y [0] $flatten\core.$procmux$4158_Y [0] $flatten\core.$procmux$4158_Y [0] }
    Consolidated identical input bits for $mux cell $flatten\core.$procmux$5565:
      Old ports: A=0, B=$flatten\core.$6$memwr$\frame_ids$./rtl/core/vibration_core.sv:289$1254_EN[31:0]$1616, Y=$flatten\core.$procmux$5565_Y
      New ports: A=1'0, B=$flatten\core.$procmux$5416_Y [0], Y=$flatten\core.$procmux$5565_Y [0]
      New connections: $flatten\core.$procmux$5565_Y [31:1] = { $flatten\core.$procmux$5565_Y [0] $flatten\core.$procmux$5565_Y [0] $flatten\core.$procmux$5565_Y [0] $flatten\core.$procmux$5565_Y [0] $flatten\core.$procmux$5565_Y [0] $flatten\core.$procmux$5565_Y [0] $flatten\core.$procmux$5565_Y [0] $flatten\core.$procmux$5565_Y [0] $flatten\core.$procmux$5565_Y [0] $flatten\core.$procmux$5565_Y [0] $flatten\core.$procmux$5565_Y [0] $flatten\core.$procmux$5565_Y [0] $flatten\core.$procmux$5565_Y [0] $flatten\core.$procmux$5565_Y [0] $flatten\core.$procmux$5565_Y [0] $flatten\core.$procmux$5565_Y [0] $flatten\core.$procmux$5565_Y [0] $flatten\core.$procmux$5565_Y [0] $flatten\core.$procmux$5565_Y [0] $flatten\core.$procmux$5565_Y [0] $flatten\core.$procmux$5565_Y [0] $flatten\core.$procmux$5565_Y [0] $flatten\core.$procmux$5565_Y [0] $flatten\core.$procmux$5565_Y [0] $flatten\core.$procmux$5565_Y [0] $flatten\core.$procmux$5565_Y [0] $flatten\core.$procmux$5565_Y [0] $flatten\core.$procmux$5565_Y [0] $flatten\core.$procmux$5565_Y [0] $flatten\core.$procmux$5565_Y [0] $flatten\core.$procmux$5565_Y [0] }
    Consolidated identical input bits for $mux cell $flatten\core.$procmux$4218:
      Old ports: A=16'0000000000000000, B=$flatten\core.$3$memwr$\imag_part$./rtl/core/vibration_core.sv:341$1258_EN[15:0]$1835, Y=$flatten\core.$procmux$4218_Y
      New ports: A=1'0, B=$flatten\core.$procmux$2932_Y [0], Y=$flatten\core.$procmux$4218_Y [0]
      New connections: $flatten\core.$procmux$4218_Y [15:1] = { $flatten\core.$procmux$4218_Y [0] $flatten\core.$procmux$4218_Y [0] $flatten\core.$procmux$4218_Y [0] $flatten\core.$procmux$4218_Y [0] $flatten\core.$procmux$4218_Y [0] $flatten\core.$procmux$4218_Y [0] $flatten\core.$procmux$4218_Y [0] $flatten\core.$procmux$4218_Y [0] $flatten\core.$procmux$4218_Y [0] $flatten\core.$procmux$4218_Y [0] $flatten\core.$procmux$4218_Y [0] $flatten\core.$procmux$4218_Y [0] $flatten\core.$procmux$4218_Y [0] $flatten\core.$procmux$4218_Y [0] $flatten\core.$procmux$4218_Y [0] }
    Consolidated identical input bits for $mux cell $flatten\core.$procmux$7252:
      Old ports: A=16'0000000000000000, B=$flatten\core.$2$memwr$\raw0$./rtl/core/vibration_core.sv:249$1249_EN[15:0]$1363, Y=$flatten\core.$0$memwr$\raw0$./rtl/core/vibration_core.sv:249$1249_EN[15:0]$1342
      New ports: A=1'0, B=$flatten\core.$procmux$7235_Y [0], Y=$flatten\core.$0$memwr$\raw0$./rtl/core/vibration_core.sv:249$1249_EN[15:0]$1342 [0]
      New connections: $flatten\core.$0$memwr$\raw0$./rtl/core/vibration_core.sv:249$1249_EN[15:0]$1342 [15:1] = { $flatten\core.$0$memwr$\raw0$./rtl/core/vibration_core.sv:249$1249_EN[15:0]$1342 [0] $flatten\core.$0$memwr$\raw0$./rtl/core/vibration_core.sv:249$1249_EN[15:0]$1342 [0] $flatten\core.$0$memwr$\raw0$./rtl/core/vibration_core.sv:249$1249_EN[15:0]$1342 [0] $flatten\core.$0$memwr$\raw0$./rtl/core/vibration_core.sv:249$1249_EN[15:0]$1342 [0] $flatten\core.$0$memwr$\raw0$./rtl/core/vibration_core.sv:249$1249_EN[15:0]$1342 [0] $flatten\core.$0$memwr$\raw0$./rtl/core/vibration_core.sv:249$1249_EN[15:0]$1342 [0] $flatten\core.$0$memwr$\raw0$./rtl/core/vibration_core.sv:249$1249_EN[15:0]$1342 [0] $flatten\core.$0$memwr$\raw0$./rtl/core/vibration_core.sv:249$1249_EN[15:0]$1342 [0] $flatten\core.$0$memwr$\raw0$./rtl/core/vibration_core.sv:249$1249_EN[15:0]$1342 [0] $flatten\core.$0$memwr$\raw0$./rtl/core/vibration_core.sv:249$1249_EN[15:0]$1342 [0] $flatten\core.$0$memwr$\raw0$./rtl/core/vibration_core.sv:249$1249_EN[15:0]$1342 [0] $flatten\core.$0$memwr$\raw0$./rtl/core/vibration_core.sv:249$1249_EN[15:0]$1342 [0] $flatten\core.$0$memwr$\raw0$./rtl/core/vibration_core.sv:249$1249_EN[15:0]$1342 [0] $flatten\core.$0$memwr$\raw0$./rtl/core/vibration_core.sv:249$1249_EN[15:0]$1342 [0] $flatten\core.$0$memwr$\raw0$./rtl/core/vibration_core.sv:249$1249_EN[15:0]$1342 [0] }
    Consolidated identical input bits for $mux cell $flatten\core.$procmux$7261:
      Old ports: A=16'0000000000000000, B=$flatten\core.$2$memwr$\raw1$./rtl/core/vibration_core.sv:248$1248_EN[15:0]$1360, Y=$flatten\core.$0$memwr$\raw1$./rtl/core/vibration_core.sv:248$1248_EN[15:0]$1339
      New ports: A=1'0, B=$flatten\core.$procmux$7217_Y [0], Y=$flatten\core.$0$memwr$\raw1$./rtl/core/vibration_core.sv:248$1248_EN[15:0]$1339 [0]
      New connections: $flatten\core.$0$memwr$\raw1$./rtl/core/vibration_core.sv:248$1248_EN[15:0]$1339 [15:1] = { $flatten\core.$0$memwr$\raw1$./rtl/core/vibration_core.sv:248$1248_EN[15:0]$1339 [0] $flatten\core.$0$memwr$\raw1$./rtl/core/vibration_core.sv:248$1248_EN[15:0]$1339 [0] $flatten\core.$0$memwr$\raw1$./rtl/core/vibration_core.sv:248$1248_EN[15:0]$1339 [0] $flatten\core.$0$memwr$\raw1$./rtl/core/vibration_core.sv:248$1248_EN[15:0]$1339 [0] $flatten\core.$0$memwr$\raw1$./rtl/core/vibration_core.sv:248$1248_EN[15:0]$1339 [0] $flatten\core.$0$memwr$\raw1$./rtl/core/vibration_core.sv:248$1248_EN[15:0]$1339 [0] $flatten\core.$0$memwr$\raw1$./rtl/core/vibration_core.sv:248$1248_EN[15:0]$1339 [0] $flatten\core.$0$memwr$\raw1$./rtl/core/vibration_core.sv:248$1248_EN[15:0]$1339 [0] $flatten\core.$0$memwr$\raw1$./rtl/core/vibration_core.sv:248$1248_EN[15:0]$1339 [0] $flatten\core.$0$memwr$\raw1$./rtl/core/vibration_core.sv:248$1248_EN[15:0]$1339 [0] $flatten\core.$0$memwr$\raw1$./rtl/core/vibration_core.sv:248$1248_EN[15:0]$1339 [0] $flatten\core.$0$memwr$\raw1$./rtl/core/vibration_core.sv:248$1248_EN[15:0]$1339 [0] $flatten\core.$0$memwr$\raw1$./rtl/core/vibration_core.sv:248$1248_EN[15:0]$1339 [0] $flatten\core.$0$memwr$\raw1$./rtl/core/vibration_core.sv:248$1248_EN[15:0]$1339 [0] $flatten\core.$0$memwr$\raw1$./rtl/core/vibration_core.sv:248$1248_EN[15:0]$1339 [0] }
    Consolidated identical input bits for $mux cell $flatten\core.$procmux$2440:
      Old ports: A=0, B=$flatten\core.$4$memwr$\logits$./rtl/core/vibration_core.sv:407$1262_EN[31:0]$1982, Y=$flatten\core.$procmux$2440_Y
      New ports: A=1'0, B=$flatten\core.$procmux$2035_Y [0], Y=$flatten\core.$procmux$2440_Y [0]
      New connections: $flatten\core.$procmux$2440_Y [31:1] = { $flatten\core.$procmux$2440_Y [0] $flatten\core.$procmux$2440_Y [0] $flatten\core.$procmux$2440_Y [0] $flatten\core.$procmux$2440_Y [0] $flatten\core.$procmux$2440_Y [0] $flatten\core.$procmux$2440_Y [0] $flatten\core.$procmux$2440_Y [0] $flatten\core.$procmux$2440_Y [0] $flatten\core.$procmux$2440_Y [0] $flatten\core.$procmux$2440_Y [0] $flatten\core.$procmux$2440_Y [0] $flatten\core.$procmux$2440_Y [0] $flatten\core.$procmux$2440_Y [0] $flatten\core.$procmux$2440_Y [0] $flatten\core.$procmux$2440_Y [0] $flatten\core.$procmux$2440_Y [0] $flatten\core.$procmux$2440_Y [0] $flatten\core.$procmux$2440_Y [0] $flatten\core.$procmux$2440_Y [0] $flatten\core.$procmux$2440_Y [0] $flatten\core.$procmux$2440_Y [0] $flatten\core.$procmux$2440_Y [0] $flatten\core.$procmux$2440_Y [0] $flatten\core.$procmux$2440_Y [0] $flatten\core.$procmux$2440_Y [0] $flatten\core.$procmux$2440_Y [0] $flatten\core.$procmux$2440_Y [0] $flatten\core.$procmux$2440_Y [0] $flatten\core.$procmux$2440_Y [0] $flatten\core.$procmux$2440_Y [0] $flatten\core.$procmux$2440_Y [0] }
  Optimizing cells in module \core_pnr_probe.
    Consolidated identical input bits for $mux cell $flatten\core.$procmux$5889:
      Old ports: A=$flatten\core.$2$memwr$\hidden$./rtl/core/vibration_core.sv:403$1261_EN[7:0]$1726, B=8'00000000, Y=$flatten\core.$0$memwr$\hidden$./rtl/core/vibration_core.sv:403$1261_EN[7:0]$1484
      New ports: A=$flatten\core.$procmux$4083_Y [0], B=1'0, Y=$flatten\core.$0$memwr$\hidden$./rtl/core/vibration_core.sv:403$1261_EN[7:0]$1484 [0]
      New connections: $flatten\core.$0$memwr$\hidden$./rtl/core/vibration_core.sv:403$1261_EN[7:0]$1484 [7:1] = { $flatten\core.$0$memwr$\hidden$./rtl/core/vibration_core.sv:403$1261_EN[7:0]$1484 [0] $flatten\core.$0$memwr$\hidden$./rtl/core/vibration_core.sv:403$1261_EN[7:0]$1484 [0] $flatten\core.$0$memwr$\hidden$./rtl/core/vibration_core.sv:403$1261_EN[7:0]$1484 [0] $flatten\core.$0$memwr$\hidden$./rtl/core/vibration_core.sv:403$1261_EN[7:0]$1484 [0] $flatten\core.$0$memwr$\hidden$./rtl/core/vibration_core.sv:403$1261_EN[7:0]$1484 [0] $flatten\core.$0$memwr$\hidden$./rtl/core/vibration_core.sv:403$1261_EN[7:0]$1484 [0] $flatten\core.$0$memwr$\hidden$./rtl/core/vibration_core.sv:403$1261_EN[7:0]$1484 [0] }
    Consolidated identical input bits for $mux cell $flatten\core.$procmux$5907:
      Old ports: A=$flatten\core.$2$memwr$\real_part$./rtl/core/vibration_core.sv:342$1259_EN[15:0]$1720, B=16'0000000000000000, Y=$flatten\core.$0$memwr$\real_part$./rtl/core/vibration_core.sv:342$1259_EN[15:0]$1478
      New ports: A=$flatten\core.$procmux$4158_Y [0], B=1'0, Y=$flatten\core.$0$memwr$\real_part$./rtl/core/vibration_core.sv:342$1259_EN[15:0]$1478 [0]
      New connections: $flatten\core.$0$memwr$\real_part$./rtl/core/vibration_core.sv:342$1259_EN[15:0]$1478 [15:1] = { $flatten\core.$0$memwr$\real_part$./rtl/core/vibration_core.sv:342$1259_EN[15:0]$1478 [0] $flatten\core.$0$memwr$\real_part$./rtl/core/vibration_core.sv:342$1259_EN[15:0]$1478 [0] $flatten\core.$0$memwr$\real_part$./rtl/core/vibration_core.sv:342$1259_EN[15:0]$1478 [0] $flatten\core.$0$memwr$\real_part$./rtl/core/vibration_core.sv:342$1259_EN[15:0]$1478 [0] $flatten\core.$0$memwr$\real_part$./rtl/core/vibration_core.sv:342$1259_EN[15:0]$1478 [0] $flatten\core.$0$memwr$\real_part$./rtl/core/vibration_core.sv:342$1259_EN[15:0]$1478 [0] $flatten\core.$0$memwr$\real_part$./rtl/core/vibration_core.sv:342$1259_EN[15:0]$1478 [0] $flatten\core.$0$memwr$\real_part$./rtl/core/vibration_core.sv:342$1259_EN[15:0]$1478 [0] $flatten\core.$0$memwr$\real_part$./rtl/core/vibration_core.sv:342$1259_EN[15:0]$1478 [0] $flatten\core.$0$memwr$\real_part$./rtl/core/vibration_core.sv:342$1259_EN[15:0]$1478 [0] $flatten\core.$0$memwr$\real_part$./rtl/core/vibration_core.sv:342$1259_EN[15:0]$1478 [0] $flatten\core.$0$memwr$\real_part$./rtl/core/vibration_core.sv:342$1259_EN[15:0]$1478 [0] $flatten\core.$0$memwr$\real_part$./rtl/core/vibration_core.sv:342$1259_EN[15:0]$1478 [0] $flatten\core.$0$memwr$\real_part$./rtl/core/vibration_core.sv:342$1259_EN[15:0]$1478 [0] $flatten\core.$0$memwr$\real_part$./rtl/core/vibration_core.sv:342$1259_EN[15:0]$1478 [0] }
    Consolidated identical input bits for $mux cell $flatten\core.$procmux$5916:
      Old ports: A=$flatten\core.$2$memwr$\imag_part$./rtl/core/vibration_core.sv:341$1258_EN[15:0]$1717, B=16'0000000000000000, Y=$flatten\core.$0$memwr$\imag_part$./rtl/core/vibration_core.sv:341$1258_EN[15:0]$1475
      New ports: A=$flatten\core.$procmux$4218_Y [0], B=1'0, Y=$flatten\core.$0$memwr$\imag_part$./rtl/core/vibration_core.sv:341$1258_EN[15:0]$1475 [0]
      New connections: $flatten\core.$0$memwr$\imag_part$./rtl/core/vibration_core.sv:341$1258_EN[15:0]$1475 [15:1] = { $flatten\core.$0$memwr$\imag_part$./rtl/core/vibration_core.sv:341$1258_EN[15:0]$1475 [0] $flatten\core.$0$memwr$\imag_part$./rtl/core/vibration_core.sv:341$1258_EN[15:0]$1475 [0] $flatten\core.$0$memwr$\imag_part$./rtl/core/vibration_core.sv:341$1258_EN[15:0]$1475 [0] $flatten\core.$0$memwr$\imag_part$./rtl/core/vibration_core.sv:341$1258_EN[15:0]$1475 [0] $flatten\core.$0$memwr$\imag_part$./rtl/core/vibration_core.sv:341$1258_EN[15:0]$1475 [0] $flatten\core.$0$memwr$\imag_part$./rtl/core/vibration_core.sv:341$1258_EN[15:0]$1475 [0] $flatten\core.$0$memwr$\imag_part$./rtl/core/vibration_core.sv:341$1258_EN[15:0]$1475 [0] $flatten\core.$0$memwr$\imag_part$./rtl/core/vibration_core.sv:341$1258_EN[15:0]$1475 [0] $flatten\core.$0$memwr$\imag_part$./rtl/core/vibration_core.sv:341$1258_EN[15:0]$1475 [0] $flatten\core.$0$memwr$\imag_part$./rtl/core/vibration_core.sv:341$1258_EN[15:0]$1475 [0] $flatten\core.$0$memwr$\imag_part$./rtl/core/vibration_core.sv:341$1258_EN[15:0]$1475 [0] $flatten\core.$0$memwr$\imag_part$./rtl/core/vibration_core.sv:341$1258_EN[15:0]$1475 [0] $flatten\core.$0$memwr$\imag_part$./rtl/core/vibration_core.sv:341$1258_EN[15:0]$1475 [0] $flatten\core.$0$memwr$\imag_part$./rtl/core/vibration_core.sv:341$1258_EN[15:0]$1475 [0] $flatten\core.$0$memwr$\imag_part$./rtl/core/vibration_core.sv:341$1258_EN[15:0]$1475 [0] }
    Consolidated identical input bits for $mux cell $flatten\core.$procmux$4059:
      Old ports: A=0, B=$flatten\core.$3$memwr$\logits$./rtl/core/vibration_core.sv:407$1262_EN[31:0]$1946, Y=$flatten\core.$procmux$4059_Y
      New ports: A=1'0, B=$flatten\core.$procmux$2440_Y [0], Y=$flatten\core.$procmux$4059_Y [0]
      New connections: $flatten\core.$procmux$4059_Y [31:1] = { $flatten\core.$procmux$4059_Y [0] $flatten\core.$procmux$4059_Y [0] $flatten\core.$procmux$4059_Y [0] $flatten\core.$procmux$4059_Y [0] $flatten\core.$procmux$4059_Y [0] $flatten\core.$procmux$4059_Y [0] $flatten\core.$procmux$4059_Y [0] $flatten\core.$procmux$4059_Y [0] $flatten\core.$procmux$4059_Y [0] $flatten\core.$procmux$4059_Y [0] $flatten\core.$procmux$4059_Y [0] $flatten\core.$procmux$4059_Y [0] $flatten\core.$procmux$4059_Y [0] $flatten\core.$procmux$4059_Y [0] $flatten\core.$procmux$4059_Y [0] $flatten\core.$procmux$4059_Y [0] $flatten\core.$procmux$4059_Y [0] $flatten\core.$procmux$4059_Y [0] $flatten\core.$procmux$4059_Y [0] $flatten\core.$procmux$4059_Y [0] $flatten\core.$procmux$4059_Y [0] $flatten\core.$procmux$4059_Y [0] $flatten\core.$procmux$4059_Y [0] $flatten\core.$procmux$4059_Y [0] $flatten\core.$procmux$4059_Y [0] $flatten\core.$procmux$4059_Y [0] $flatten\core.$procmux$4059_Y [0] $flatten\core.$procmux$4059_Y [0] $flatten\core.$procmux$4059_Y [0] $flatten\core.$procmux$4059_Y [0] $flatten\core.$procmux$4059_Y [0] }
    Consolidated identical input bits for $mux cell $flatten\core.$procmux$5637:
      Old ports: A=$flatten\core.$5$memwr$\frame_sums$./rtl/core/vibration_core.sv:290$1255_EN[25:0]$1610, B=26'00000000000000000000000000, Y=$flatten\core.$procmux$5637_Y
      New ports: A=$flatten\core.$procmux$5520_Y [0], B=1'0, Y=$flatten\core.$procmux$5637_Y [0]
      New connections: $flatten\core.$procmux$5637_Y [25:1] = { $flatten\core.$procmux$5637_Y [0] $flatten\core.$procmux$5637_Y [0] $flatten\core.$procmux$5637_Y [0] $flatten\core.$procmux$5637_Y [0] $flatten\core.$procmux$5637_Y [0] $flatten\core.$procmux$5637_Y [0] $flatten\core.$procmux$5637_Y [0] $flatten\core.$procmux$5637_Y [0] $flatten\core.$procmux$5637_Y [0] $flatten\core.$procmux$5637_Y [0] $flatten\core.$procmux$5637_Y [0] $flatten\core.$procmux$5637_Y [0] $flatten\core.$procmux$5637_Y [0] $flatten\core.$procmux$5637_Y [0] $flatten\core.$procmux$5637_Y [0] $flatten\core.$procmux$5637_Y [0] $flatten\core.$procmux$5637_Y [0] $flatten\core.$procmux$5637_Y [0] $flatten\core.$procmux$5637_Y [0] $flatten\core.$procmux$5637_Y [0] $flatten\core.$procmux$5637_Y [0] $flatten\core.$procmux$5637_Y [0] $flatten\core.$procmux$5637_Y [0] $flatten\core.$procmux$5637_Y [0] $flatten\core.$procmux$5637_Y [0] }
    Consolidated identical input bits for $mux cell $flatten\core.$procmux$5673:
      Old ports: A=$flatten\core.$5$memwr$\frame_ids$./rtl/core/vibration_core.sv:289$1254_EN[31:0]$1607, B=0, Y=$flatten\core.$procmux$5673_Y
      New ports: A=$flatten\core.$procmux$5565_Y [0], B=1'0, Y=$flatten\core.$procmux$5673_Y [0]
      New connections: $flatten\core.$procmux$5673_Y [31:1] = { $flatten\core.$procmux$5673_Y [0] $flatten\core.$procmux$5673_Y [0] $flatten\core.$procmux$5673_Y [0] $flatten\core.$procmux$5673_Y [0] $flatten\core.$procmux$5673_Y [0] $flatten\core.$procmux$5673_Y [0] $flatten\core.$procmux$5673_Y [0] $flatten\core.$procmux$5673_Y [0] $flatten\core.$procmux$5673_Y [0] $flatten\core.$procmux$5673_Y [0] $flatten\core.$procmux$5673_Y [0] $flatten\core.$procmux$5673_Y [0] $flatten\core.$procmux$5673_Y [0] $flatten\core.$procmux$5673_Y [0] $flatten\core.$procmux$5673_Y [0] $flatten\core.$procmux$5673_Y [0] $flatten\core.$procmux$5673_Y [0] $flatten\core.$procmux$5673_Y [0] $flatten\core.$procmux$5673_Y [0] $flatten\core.$procmux$5673_Y [0] $flatten\core.$procmux$5673_Y [0] $flatten\core.$procmux$5673_Y [0] $flatten\core.$procmux$5673_Y [0] $flatten\core.$procmux$5673_Y [0] $flatten\core.$procmux$5673_Y [0] $flatten\core.$procmux$5673_Y [0] $flatten\core.$procmux$5673_Y [0] $flatten\core.$procmux$5673_Y [0] $flatten\core.$procmux$5673_Y [0] $flatten\core.$procmux$5673_Y [0] $flatten\core.$procmux$5673_Y [0] }
  Optimizing cells in module \core_pnr_probe.
    Consolidated identical input bits for $mux cell $flatten\core.$procmux$5880:
      Old ports: A=$flatten\core.$2$memwr$\logits$./rtl/core/vibration_core.sv:407$1262_EN[31:0]$1729, B=0, Y=$flatten\core.$0$memwr$\logits$./rtl/core/vibration_core.sv:407$1262_EN[31:0]$1487
      New ports: A=$flatten\core.$procmux$4059_Y [0], B=1'0, Y=$flatten\core.$0$memwr$\logits$./rtl/core/vibration_core.sv:407$1262_EN[31:0]$1487 [0]
      New connections: $flatten\core.$0$memwr$\logits$./rtl/core/vibration_core.sv:407$1262_EN[31:0]$1487 [31:1] = { $flatten\core.$0$memwr$\logits$./rtl/core/vibration_core.sv:407$1262_EN[31:0]$1487 [0] $flatten\core.$0$memwr$\logits$./rtl/core/vibration_core.sv:407$1262_EN[31:0]$1487 [0] $flatten\core.$0$memwr$\logits$./rtl/core/vibration_core.sv:407$1262_EN[31:0]$1487 [0] $flatten\core.$0$memwr$\logits$./rtl/core/vibration_core.sv:407$1262_EN[31:0]$1487 [0] $flatten\core.$0$memwr$\logits$./rtl/core/vibration_core.sv:407$1262_EN[31:0]$1487 [0] $flatten\core.$0$memwr$\logits$./rtl/core/vibration_core.sv:407$1262_EN[31:0]$1487 [0] $flatten\core.$0$memwr$\logits$./rtl/core/vibration_core.sv:407$1262_EN[31:0]$1487 [0] $flatten\core.$0$memwr$\logits$./rtl/core/vibration_core.sv:407$1262_EN[31:0]$1487 [0] $flatten\core.$0$memwr$\logits$./rtl/core/vibration_core.sv:407$1262_EN[31:0]$1487 [0] $flatten\core.$0$memwr$\logits$./rtl/core/vibration_core.sv:407$1262_EN[31:0]$1487 [0] $flatten\core.$0$memwr$\logits$./rtl/core/vibration_core.sv:407$1262_EN[31:0]$1487 [0] $flatten\core.$0$memwr$\logits$./rtl/core/vibration_core.sv:407$1262_EN[31:0]$1487 [0] $flatten\core.$0$memwr$\logits$./rtl/core/vibration_core.sv:407$1262_EN[31:0]$1487 [0] $flatten\core.$0$memwr$\logits$./rtl/core/vibration_core.sv:407$1262_EN[31:0]$1487 [0] $flatten\core.$0$memwr$\logits$./rtl/core/vibration_core.sv:407$1262_EN[31:0]$1487 [0] $flatten\core.$0$memwr$\logits$./rtl/core/vibration_core.sv:407$1262_EN[31:0]$1487 [0] $flatten\core.$0$memwr$\logits$./rtl/core/vibration_core.sv:407$1262_EN[31:0]$1487 [0] $flatten\core.$0$memwr$\logits$./rtl/core/vibration_core.sv:407$1262_EN[31:0]$1487 [0] $flatten\core.$0$memwr$\logits$./rtl/core/vibration_core.sv:407$1262_EN[31:0]$1487 [0] $flatten\core.$0$memwr$\logits$./rtl/core/vibration_core.sv:407$1262_EN[31:0]$1487 [0] $flatten\core.$0$memwr$\logits$./rtl/core/vibration_core.sv:407$1262_EN[31:0]$1487 [0] $flatten\core.$0$memwr$\logits$./rtl/core/vibration_core.sv:407$1262_EN[31:0]$1487 [0] $flatten\core.$0$memwr$\logits$./rtl/core/vibration_core.sv:407$1262_EN[31:0]$1487 [0] $flatten\core.$0$memwr$\logits$./rtl/core/vibration_core.sv:407$1262_EN[31:0]$1487 [0] $flatten\core.$0$memwr$\logits$./rtl/core/vibration_core.sv:407$1262_EN[31:0]$1487 [0] $flatten\core.$0$memwr$\logits$./rtl/core/vibration_core.sv:407$1262_EN[31:0]$1487 [0] $flatten\core.$0$memwr$\logits$./rtl/core/vibration_core.sv:407$1262_EN[31:0]$1487 [0] $flatten\core.$0$memwr$\logits$./rtl/core/vibration_core.sv:407$1262_EN[31:0]$1487 [0] $flatten\core.$0$memwr$\logits$./rtl/core/vibration_core.sv:407$1262_EN[31:0]$1487 [0] $flatten\core.$0$memwr$\logits$./rtl/core/vibration_core.sv:407$1262_EN[31:0]$1487 [0] $flatten\core.$0$memwr$\logits$./rtl/core/vibration_core.sv:407$1262_EN[31:0]$1487 [0] }
    Consolidated identical input bits for $mux cell $flatten\core.$procmux$5730:
      Old ports: A=$flatten\core.$4$memwr$\frame_sums$./rtl/core/vibration_core.sv:290$1255_EN[25:0]$1601, B=26'00000000000000000000000000, Y=$flatten\core.$procmux$5730_Y
      New ports: A=$flatten\core.$procmux$5637_Y [0], B=1'0, Y=$flatten\core.$procmux$5730_Y [0]
      New connections: $flatten\core.$procmux$5730_Y [25:1] = { $flatten\core.$procmux$5730_Y [0] $flatten\core.$procmux$5730_Y [0] $flatten\core.$procmux$5730_Y [0] $flatten\core.$procmux$5730_Y [0] $flatten\core.$procmux$5730_Y [0] $flatten\core.$procmux$5730_Y [0] $flatten\core.$procmux$5730_Y [0] $flatten\core.$procmux$5730_Y [0] $flatten\core.$procmux$5730_Y [0] $flatten\core.$procmux$5730_Y [0] $flatten\core.$procmux$5730_Y [0] $flatten\core.$procmux$5730_Y [0] $flatten\core.$procmux$5730_Y [0] $flatten\core.$procmux$5730_Y [0] $flatten\core.$procmux$5730_Y [0] $flatten\core.$procmux$5730_Y [0] $flatten\core.$procmux$5730_Y [0] $flatten\core.$procmux$5730_Y [0] $flatten\core.$procmux$5730_Y [0] $flatten\core.$procmux$5730_Y [0] $flatten\core.$procmux$5730_Y [0] $flatten\core.$procmux$5730_Y [0] $flatten\core.$procmux$5730_Y [0] $flatten\core.$procmux$5730_Y [0] $flatten\core.$procmux$5730_Y [0] }
    Consolidated identical input bits for $mux cell $flatten\core.$procmux$5757:
      Old ports: A=$flatten\core.$4$memwr$\frame_ids$./rtl/core/vibration_core.sv:289$1254_EN[31:0]$1598, B=0, Y=$flatten\core.$procmux$5757_Y
      New ports: A=$flatten\core.$procmux$5673_Y [0], B=1'0, Y=$flatten\core.$procmux$5757_Y [0]
      New connections: $flatten\core.$procmux$5757_Y [31:1] = { $flatten\core.$procmux$5757_Y [0] $flatten\core.$procmux$5757_Y [0] $flatten\core.$procmux$5757_Y [0] $flatten\core.$procmux$5757_Y [0] $flatten\core.$procmux$5757_Y [0] $flatten\core.$procmux$5757_Y [0] $flatten\core.$procmux$5757_Y [0] $flatten\core.$procmux$5757_Y [0] $flatten\core.$procmux$5757_Y [0] $flatten\core.$procmux$5757_Y [0] $flatten\core.$procmux$5757_Y [0] $flatten\core.$procmux$5757_Y [0] $flatten\core.$procmux$5757_Y [0] $flatten\core.$procmux$5757_Y [0] $flatten\core.$procmux$5757_Y [0] $flatten\core.$procmux$5757_Y [0] $flatten\core.$procmux$5757_Y [0] $flatten\core.$procmux$5757_Y [0] $flatten\core.$procmux$5757_Y [0] $flatten\core.$procmux$5757_Y [0] $flatten\core.$procmux$5757_Y [0] $flatten\core.$procmux$5757_Y [0] $flatten\core.$procmux$5757_Y [0] $flatten\core.$procmux$5757_Y [0] $flatten\core.$procmux$5757_Y [0] $flatten\core.$procmux$5757_Y [0] $flatten\core.$procmux$5757_Y [0] $flatten\core.$procmux$5757_Y [0] $flatten\core.$procmux$5757_Y [0] $flatten\core.$procmux$5757_Y [0] $flatten\core.$procmux$5757_Y [0] }
  Optimizing cells in module \core_pnr_probe.
    Consolidated identical input bits for $mux cell $flatten\core.$procmux$5798:
      Old ports: A=26'00000000000000000000000000, B=$flatten\core.$3$memwr$\frame_sums$./rtl/core/vibration_core.sv:290$1255_EN[25:0]$1591, Y=$flatten\core.$procmux$5798_Y
      New ports: A=1'0, B=$flatten\core.$procmux$5730_Y [0], Y=$flatten\core.$procmux$5798_Y [0]
      New connections: $flatten\core.$procmux$5798_Y [25:1] = { $flatten\core.$procmux$5798_Y [0] $flatten\core.$procmux$5798_Y [0] $flatten\core.$procmux$5798_Y [0] $flatten\core.$procmux$5798_Y [0] $flatten\core.$procmux$5798_Y [0] $flatten\core.$procmux$5798_Y [0] $flatten\core.$procmux$5798_Y [0] $flatten\core.$procmux$5798_Y [0] $flatten\core.$procmux$5798_Y [0] $flatten\core.$procmux$5798_Y [0] $flatten\core.$procmux$5798_Y [0] $flatten\core.$procmux$5798_Y [0] $flatten\core.$procmux$5798_Y [0] $flatten\core.$procmux$5798_Y [0] $flatten\core.$procmux$5798_Y [0] $flatten\core.$procmux$5798_Y [0] $flatten\core.$procmux$5798_Y [0] $flatten\core.$procmux$5798_Y [0] $flatten\core.$procmux$5798_Y [0] $flatten\core.$procmux$5798_Y [0] $flatten\core.$procmux$5798_Y [0] $flatten\core.$procmux$5798_Y [0] $flatten\core.$procmux$5798_Y [0] $flatten\core.$procmux$5798_Y [0] $flatten\core.$procmux$5798_Y [0] }
    Consolidated identical input bits for $mux cell $flatten\core.$procmux$5816:
      Old ports: A=0, B=$flatten\core.$3$memwr$\frame_ids$./rtl/core/vibration_core.sv:289$1254_EN[31:0]$1588, Y=$flatten\core.$procmux$5816_Y
      New ports: A=1'0, B=$flatten\core.$procmux$5757_Y [0], Y=$flatten\core.$procmux$5816_Y [0]
      New connections: $flatten\core.$procmux$5816_Y [31:1] = { $flatten\core.$procmux$5816_Y [0] $flatten\core.$procmux$5816_Y [0] $flatten\core.$procmux$5816_Y [0] $flatten\core.$procmux$5816_Y [0] $flatten\core.$procmux$5816_Y [0] $flatten\core.$procmux$5816_Y [0] $flatten\core.$procmux$5816_Y [0] $flatten\core.$procmux$5816_Y [0] $flatten\core.$procmux$5816_Y [0] $flatten\core.$procmux$5816_Y [0] $flatten\core.$procmux$5816_Y [0] $flatten\core.$procmux$5816_Y [0] $flatten\core.$procmux$5816_Y [0] $flatten\core.$procmux$5816_Y [0] $flatten\core.$procmux$5816_Y [0] $flatten\core.$procmux$5816_Y [0] $flatten\core.$procmux$5816_Y [0] $flatten\core.$procmux$5816_Y [0] $flatten\core.$procmux$5816_Y [0] $flatten\core.$procmux$5816_Y [0] $flatten\core.$procmux$5816_Y [0] $flatten\core.$procmux$5816_Y [0] $flatten\core.$procmux$5816_Y [0] $flatten\core.$procmux$5816_Y [0] $flatten\core.$procmux$5816_Y [0] $flatten\core.$procmux$5816_Y [0] $flatten\core.$procmux$5816_Y [0] $flatten\core.$procmux$5816_Y [0] $flatten\core.$procmux$5816_Y [0] $flatten\core.$procmux$5816_Y [0] $flatten\core.$procmux$5816_Y [0] }
  Optimizing cells in module \core_pnr_probe.
    Consolidated identical input bits for $mux cell $flatten\core.$procmux$5931:
      Old ports: A=$flatten\core.$2$memwr$\frame_sums$./rtl/core/vibration_core.sv:290$1255_EN[25:0]$1583, B=26'00000000000000000000000000, Y=$flatten\core.$0$memwr$\frame_sums$./rtl/core/vibration_core.sv:290$1255_EN[25:0]$1470
      New ports: A=$flatten\core.$procmux$5798_Y [0], B=1'0, Y=$flatten\core.$0$memwr$\frame_sums$./rtl/core/vibration_core.sv:290$1255_EN[25:0]$1470 [0]
      New connections: $flatten\core.$0$memwr$\frame_sums$./rtl/core/vibration_core.sv:290$1255_EN[25:0]$1470 [25:1] = { $flatten\core.$0$memwr$\frame_sums$./rtl/core/vibration_core.sv:290$1255_EN[25:0]$1470 [0] $flatten\core.$0$memwr$\frame_sums$./rtl/core/vibration_core.sv:290$1255_EN[25:0]$1470 [0] $flatten\core.$0$memwr$\frame_sums$./rtl/core/vibration_core.sv:290$1255_EN[25:0]$1470 [0] $flatten\core.$0$memwr$\frame_sums$./rtl/core/vibration_core.sv:290$1255_EN[25:0]$1470 [0] $flatten\core.$0$memwr$\frame_sums$./rtl/core/vibration_core.sv:290$1255_EN[25:0]$1470 [0] $flatten\core.$0$memwr$\frame_sums$./rtl/core/vibration_core.sv:290$1255_EN[25:0]$1470 [0] $flatten\core.$0$memwr$\frame_sums$./rtl/core/vibration_core.sv:290$1255_EN[25:0]$1470 [0] $flatten\core.$0$memwr$\frame_sums$./rtl/core/vibration_core.sv:290$1255_EN[25:0]$1470 [0] $flatten\core.$0$memwr$\frame_sums$./rtl/core/vibration_core.sv:290$1255_EN[25:0]$1470 [0] $flatten\core.$0$memwr$\frame_sums$./rtl/core/vibration_core.sv:290$1255_EN[25:0]$1470 [0] $flatten\core.$0$memwr$\frame_sums$./rtl/core/vibration_core.sv:290$1255_EN[25:0]$1470 [0] $flatten\core.$0$memwr$\frame_sums$./rtl/core/vibration_core.sv:290$1255_EN[25:0]$1470 [0] $flatten\core.$0$memwr$\frame_sums$./rtl/core/vibration_core.sv:290$1255_EN[25:0]$1470 [0] $flatten\core.$0$memwr$\frame_sums$./rtl/core/vibration_core.sv:290$1255_EN[25:0]$1470 [0] $flatten\core.$0$memwr$\frame_sums$./rtl/core/vibration_core.sv:290$1255_EN[25:0]$1470 [0] $flatten\core.$0$memwr$\frame_sums$./rtl/core/vibration_core.sv:290$1255_EN[25:0]$1470 [0] $flatten\core.$0$memwr$\frame_sums$./rtl/core/vibration_core.sv:290$1255_EN[25:0]$1470 [0] $flatten\core.$0$memwr$\frame_sums$./rtl/core/vibration_core.sv:290$1255_EN[25:0]$1470 [0] $flatten\core.$0$memwr$\frame_sums$./rtl/core/vibration_core.sv:290$1255_EN[25:0]$1470 [0] $flatten\core.$0$memwr$\frame_sums$./rtl/core/vibration_core.sv:290$1255_EN[25:0]$1470 [0] $flatten\core.$0$memwr$\frame_sums$./rtl/core/vibration_core.sv:290$1255_EN[25:0]$1470 [0] $flatten\core.$0$memwr$\frame_sums$./rtl/core/vibration_core.sv:290$1255_EN[25:0]$1470 [0] $flatten\core.$0$memwr$\frame_sums$./rtl/core/vibration_core.sv:290$1255_EN[25:0]$1470 [0] $flatten\core.$0$memwr$\frame_sums$./rtl/core/vibration_core.sv:290$1255_EN[25:0]$1470 [0] $flatten\core.$0$memwr$\frame_sums$./rtl/core/vibration_core.sv:290$1255_EN[25:0]$1470 [0] }
    Consolidated identical input bits for $mux cell $flatten\core.$procmux$5940:
      Old ports: A=$flatten\core.$2$memwr$\frame_ids$./rtl/core/vibration_core.sv:289$1254_EN[31:0]$1580, B=0, Y=$flatten\core.$0$memwr$\frame_ids$./rtl/core/vibration_core.sv:289$1254_EN[31:0]$1467
      New ports: A=$flatten\core.$procmux$5816_Y [0], B=1'0, Y=$flatten\core.$0$memwr$\frame_ids$./rtl/core/vibration_core.sv:289$1254_EN[31:0]$1467 [0]
      New connections: $flatten\core.$0$memwr$\frame_ids$./rtl/core/vibration_core.sv:289$1254_EN[31:0]$1467 [31:1] = { $flatten\core.$0$memwr$\frame_ids$./rtl/core/vibration_core.sv:289$1254_EN[31:0]$1467 [0] $flatten\core.$0$memwr$\frame_ids$./rtl/core/vibration_core.sv:289$1254_EN[31:0]$1467 [0] $flatten\core.$0$memwr$\frame_ids$./rtl/core/vibration_core.sv:289$1254_EN[31:0]$1467 [0] $flatten\core.$0$memwr$\frame_ids$./rtl/core/vibration_core.sv:289$1254_EN[31:0]$1467 [0] $flatten\core.$0$memwr$\frame_ids$./rtl/core/vibration_core.sv:289$1254_EN[31:0]$1467 [0] $flatten\core.$0$memwr$\frame_ids$./rtl/core/vibration_core.sv:289$1254_EN[31:0]$1467 [0] $flatten\core.$0$memwr$\frame_ids$./rtl/core/vibration_core.sv:289$1254_EN[31:0]$1467 [0] $flatten\core.$0$memwr$\frame_ids$./rtl/core/vibration_core.sv:289$1254_EN[31:0]$1467 [0] $flatten\core.$0$memwr$\frame_ids$./rtl/core/vibration_core.sv:289$1254_EN[31:0]$1467 [0] $flatten\core.$0$memwr$\frame_ids$./rtl/core/vibration_core.sv:289$1254_EN[31:0]$1467 [0] $flatten\core.$0$memwr$\frame_ids$./rtl/core/vibration_core.sv:289$1254_EN[31:0]$1467 [0] $flatten\core.$0$memwr$\frame_ids$./rtl/core/vibration_core.sv:289$1254_EN[31:0]$1467 [0] $flatten\core.$0$memwr$\frame_ids$./rtl/core/vibration_core.sv:289$1254_EN[31:0]$1467 [0] $flatten\core.$0$memwr$\frame_ids$./rtl/core/vibration_core.sv:289$1254_EN[31:0]$1467 [0] $flatten\core.$0$memwr$\frame_ids$./rtl/core/vibration_core.sv:289$1254_EN[31:0]$1467 [0] $flatten\core.$0$memwr$\frame_ids$./rtl/core/vibration_core.sv:289$1254_EN[31:0]$1467 [0] $flatten\core.$0$memwr$\frame_ids$./rtl/core/vibration_core.sv:289$1254_EN[31:0]$1467 [0] $flatten\core.$0$memwr$\frame_ids$./rtl/core/vibration_core.sv:289$1254_EN[31:0]$1467 [0] $flatten\core.$0$memwr$\frame_ids$./rtl/core/vibration_core.sv:289$1254_EN[31:0]$1467 [0] $flatten\core.$0$memwr$\frame_ids$./rtl/core/vibration_core.sv:289$1254_EN[31:0]$1467 [0] $flatten\core.$0$memwr$\frame_ids$./rtl/core/vibration_core.sv:289$1254_EN[31:0]$1467 [0] $flatten\core.$0$memwr$\frame_ids$./rtl/core/vibration_core.sv:289$1254_EN[31:0]$1467 [0] $flatten\core.$0$memwr$\frame_ids$./rtl/core/vibration_core.sv:289$1254_EN[31:0]$1467 [0] $flatten\core.$0$memwr$\frame_ids$./rtl/core/vibration_core.sv:289$1254_EN[31:0]$1467 [0] $flatten\core.$0$memwr$\frame_ids$./rtl/core/vibration_core.sv:289$1254_EN[31:0]$1467 [0] $flatten\core.$0$memwr$\frame_ids$./rtl/core/vibration_core.sv:289$1254_EN[31:0]$1467 [0] $flatten\core.$0$memwr$\frame_ids$./rtl/core/vibration_core.sv:289$1254_EN[31:0]$1467 [0] $flatten\core.$0$memwr$\frame_ids$./rtl/core/vibration_core.sv:289$1254_EN[31:0]$1467 [0] $flatten\core.$0$memwr$\frame_ids$./rtl/core/vibration_core.sv:289$1254_EN[31:0]$1467 [0] $flatten\core.$0$memwr$\frame_ids$./rtl/core/vibration_core.sv:289$1254_EN[31:0]$1467 [0] $flatten\core.$0$memwr$\frame_ids$./rtl/core/vibration_core.sv:289$1254_EN[31:0]$1467 [0] }
  Optimizing cells in module \core_pnr_probe.
Performed a total of 39 changes.

5.12.5. Executing OPT_MERGE pass (detect identical cells).
Finding identical cells in module `\core_pnr_probe'.
Computing hashes of 706 cells of `\core_pnr_probe'.
Finding duplicate cells in `\core_pnr_probe'.
Computing hashes of 691 cells of `\core_pnr_probe'.
Finding duplicate cells in `\core_pnr_probe'.
Computing hashes of 684 cells of `\core_pnr_probe'.
Finding duplicate cells in `\core_pnr_probe'.
Computing hashes of 680 cells of `\core_pnr_probe'.
Finding duplicate cells in `\core_pnr_probe'.
Computing hashes of 677 cells of `\core_pnr_probe'.
Finding duplicate cells in `\core_pnr_probe'.
Computing hashes of 674 cells of `\core_pnr_probe'.
Finding duplicate cells in `\core_pnr_probe'.
Computing hashes of 670 cells of `\core_pnr_probe'.
Finding duplicate cells in `\core_pnr_probe'.
Computing hashes of 669 cells of `\core_pnr_probe'.
Finding duplicate cells in `\core_pnr_probe'.
Computing hashes of 668 cells of `\core_pnr_probe'.
Finding duplicate cells in `\core_pnr_probe'.
<suppressed ~114 debug messages>
Removed a total of 38 cells.

5.12.6. Executing OPT_DFF pass (perform DFF optimizations).

5.12.7. Executing OPT_CLEAN pass (remove unused cells and wires).
Finding unused cells or wires in module \core_pnr_probe..
Removed 0 unused cells and 479 unused wires.
<suppressed ~1 debug messages>

5.12.8. Executing OPT_EXPR pass (perform const folding).
Optimizing module core_pnr_probe.
<suppressed ~1 debug messages>

5.12.9. Rerunning OPT passes. (Maybe there is more to do..)

5.12.10. Executing OPT_MUXTREE pass (detect dead branches in mux trees).
Running muxtree optimizer on module \core_pnr_probe..
  Creating internal representation of mux trees.
  Evaluating internal representation of mux trees.
  Analyzing evaluation results.
Removed 0 multiplexer ports.
<suppressed ~514 debug messages>

5.12.11. Executing OPT_REDUCE pass (consolidate $*mux and $reduce_* inputs).
  Optimizing cells in module \core_pnr_probe.
    New ctrl vector for $pmux cell $flatten\core.$procmux$6615: { $auto$opt_reduce.cc:137:opt_pmux$7601 $flatten\core.$procmux$6149_CMP $flatten\core.$procmux$6139_CMP }
  Optimizing cells in module \core_pnr_probe.
Performed a total of 1 changes.

5.12.12. Executing OPT_MERGE pass (detect identical cells).
Finding identical cells in module `\core_pnr_probe'.
Computing hashes of 668 cells of `\core_pnr_probe'.
Finding duplicate cells in `\core_pnr_probe'.
Removed a total of 0 cells.

5.12.13. Executing OPT_DFF pass (perform DFF optimizations).

5.12.14. Executing OPT_CLEAN pass (remove unused cells and wires).
Finding unused cells or wires in module \core_pnr_probe..
Removed 0 unused cells and 1 unused wires.
<suppressed ~1 debug messages>

5.12.15. Executing OPT_EXPR pass (perform const folding).
Optimizing module core_pnr_probe.

5.12.16. Rerunning OPT passes. (Maybe there is more to do..)

5.12.17. Executing OPT_MUXTREE pass (detect dead branches in mux trees).
Running muxtree optimizer on module \core_pnr_probe..
  Creating internal representation of mux trees.
  Evaluating internal representation of mux trees.
  Analyzing evaluation results.
Removed 0 multiplexer ports.
<suppressed ~511 debug messages>

5.12.18. Executing OPT_REDUCE pass (consolidate $*mux and $reduce_* inputs).
  Optimizing cells in module \core_pnr_probe.
Performed a total of 0 changes.

5.12.19. Executing OPT_MERGE pass (detect identical cells).
Finding identical cells in module `\core_pnr_probe'.
Computing hashes of 668 cells of `\core_pnr_probe'.
Finding duplicate cells in `\core_pnr_probe'.
Removed a total of 0 cells.

5.12.20. Executing OPT_DFF pass (perform DFF optimizations).

5.12.21. Executing OPT_CLEAN pass (remove unused cells and wires).
Finding unused cells or wires in module \core_pnr_probe..

5.12.22. Executing OPT_EXPR pass (perform const folding).
Optimizing module core_pnr_probe.

5.12.23. Finished fast OPT passes. (There is nothing left to do.)

5.13. Executing FSM pass (extract and optimize FSM).

5.13.1. Executing FSM_DETECT pass (finding FSMs in design).
Not marking core_pnr_probe.core.state as FSM state register:
    Users of register don't seem to benefit from recoding.
Not marking core_pnr_probe.core.dbg_kind as FSM state register:
    Users of register don't seem to benefit from recoding.
Not marking core_pnr_probe.core.out_class as FSM state register:
    Users of register don't seem to benefit from recoding.

5.13.2. Executing FSM_EXTRACT pass (extracting FSM from design).

5.13.3. Executing FSM_OPT pass (simple optimizations of FSMs).

5.13.4. Executing OPT_CLEAN pass (remove unused cells and wires).
Finding unused cells or wires in module \core_pnr_probe..

5.13.5. Executing FSM_OPT pass (simple optimizations of FSMs).

5.13.6. Executing FSM_RECODE pass (re-assigning FSM state encoding).

5.13.7. Executing FSM_INFO pass (dumping all available information on FSM cells).

5.13.8. Executing FSM_MAP pass (mapping FSMs to basic logic).

5.14. Executing OPT pass (performing simple optimizations).

5.14.1. Executing OPT_EXPR pass (perform const folding).
Optimizing module core_pnr_probe.

5.14.2. Executing OPT_MERGE pass (detect identical cells).
Finding identical cells in module `\core_pnr_probe'.
Computing hashes of 668 cells of `\core_pnr_probe'.
Finding duplicate cells in `\core_pnr_probe'.
Removed a total of 0 cells.

5.14.3. Executing OPT_MUXTREE pass (detect dead branches in mux trees).
Running muxtree optimizer on module \core_pnr_probe..
  Creating internal representation of mux trees.
  Evaluating internal representation of mux trees.
  Analyzing evaluation results.
Removed 0 multiplexer ports.
<suppressed ~511 debug messages>

5.14.4. Executing OPT_REDUCE pass (consolidate $*mux and $reduce_* inputs).
  Optimizing cells in module \core_pnr_probe.
Performed a total of 0 changes.

5.14.5. Executing OPT_MERGE pass (detect identical cells).
Finding identical cells in module `\core_pnr_probe'.
Computing hashes of 668 cells of `\core_pnr_probe'.
Finding duplicate cells in `\core_pnr_probe'.
Removed a total of 0 cells.

5.14.6. Executing OPT_DFF pass (perform DFF optimizations).
Adding SRST signal on $procdff$7412 ($dff) from module core_pnr_probe (D = $procmux$2022_Y, Q = \frame_id, rval = 0).
Adding EN signal on $auto$ff.cc:337:slice$7602 ($sdff) from module core_pnr_probe (D = $add$./sim/core_pnr_probe.sv:17$398_Y, Q = \frame_id).
Adding EN signal on $flatten\core.\g_lane[0].coeff_rom.$procdff$7572 ($dff) from module core_pnr_probe (D = $flatten\core.\g_lane[0].coeff_rom.$memrd$\quarter$./rtl/core/vib_coeff_rom.sv:28$1198_DATA, Q = \core.g_lane[0].coeff_rom.magnitude).
Adding EN signal on $flatten\core.\g_lane[0].coeff_rom.$procdff$7573 ($dff) from module core_pnr_probe (D = $flatten\core.\g_lane[0].coeff_rom.$logic_or$./rtl/core/vib_coeff_rom.sv:29$1201_Y, Q = \core.g_lane[0].coeff_rom.negative).
Adding EN signal on $flatten\core.\g_lane[0].coeff_rom.$procdff$7574 ($dff) from module core_pnr_probe (D = $flatten\core.\g_lane[0].coeff_rom.$logic_and$./rtl/core/vib_coeff_rom.sv:30$1203_Y, Q = \core.g_lane[0].coeff_rom.is_zero).
Adding EN signal on $flatten\core.\hann_rom.$procdff$7575 ($dff) from module core_pnr_probe (D = $flatten\core.\hann_rom.$memrd$\quarter$./rtl/core/vib_coeff_rom.sv:28$1212_DATA, Q = \core.hann_rom.magnitude).
Adding EN signal on $flatten\core.\hann_rom.$procdff$7576 ($dff) from module core_pnr_probe (D = $flatten\core.\hann_rom.$logic_or$./rtl/core/vib_coeff_rom.sv:29$1215_Y, Q = \core.hann_rom.negative).
Adding EN signal on $flatten\core.\hann_rom.$procdff$7577 ($dff) from module core_pnr_probe (D = $flatten\core.\hann_rom.$logic_and$./rtl/core/vib_coeff_rom.sv:30$1217_Y, Q = \core.hann_rom.is_zero).
Adding EN signal on $flatten\core.$procdff$7555 ($dff) from module core_pnr_probe (D = $flatten\core.$memrd$\windowed$./rtl/core/vibration_core.sv:255$1400_DATA, Q = \core.sample_q).
Adding EN signal on $flatten\core.$procdff$7554 ($dff) from module core_pnr_probe (D = $flatten\core.$ternary$./rtl/core/vibration_core.sv:252$1371_Y, Q = \core.raw_q).
Adding SRST signal on $flatten\core.$procdff$7467 ($dff) from module core_pnr_probe (D = $flatten\core.$procmux$6138_Y, Q = \core.phase[0], rval = 10'0000000000).
Adding EN signal on $auto$ff.cc:337:slice$7612 ($sdff) from module core_pnr_probe (D = $flatten\core.$procmux$6138_Y, Q = \core.phase[0]).
Adding SRST signal on $flatten\core.$procdff$7466 ($dff) from module core_pnr_probe (D = $flatten\core.$procmux$6148_Y, Q = \core.accumulator[0], rval = 40'0000000000000000000000000000000000000000).
Adding EN signal on $auto$ff.cc:337:slice$7616 ($sdff) from module core_pnr_probe (D = $flatten\core.$procmux$6148_Y, Q = \core.accumulator[0]).
Adding SRST signal on $flatten\core.$procdff$7464 ($dff) from module core_pnr_probe (D = $flatten\core.$procmux$6191_Y, Q = \core.count_total, rval = 19'0000000000000000000).
Adding SRST signal on $flatten\core.$procdff$7463 ($dff) from module core_pnr_probe (D = $flatten\core.$procmux$6225_Y, Q = \core.count_nn, rval = 10'0000000000).
Adding SRST signal on $flatten\core.$procdff$7462 ($dff) from module core_pnr_probe (D = $flatten\core.$procmux$6259_Y, Q = \core.count_power, rval = 10'0000000000).
Adding SRST signal on $flatten\core.$procdff$7461 ($dff) from module core_pnr_probe (D = $flatten\core.$procmux$6293_Y, Q = \core.count_dft, rval = 19'0000000000000000000).
Adding SRST signal on $flatten\core.$procdff$7460 ($dff) from module core_pnr_probe (D = $flatten\core.$procmux$6327_Y, Q = \core.count_pre, rval = 12'000000000000).
Adding SRST signal on $flatten\core.$procdff$7459 ($dff) from module core_pnr_probe (D = { $flatten\core.$procmux$2496_Y $flatten\core.$procmux$2506_Y }, Q = \core.arithmetic_errors, rval = 8'00000000).
Adding EN signal on $auto$ff.cc:337:slice$7625 ($sdff) from module core_pnr_probe (D = 7'0000000, Q = \core.arithmetic_errors [7:1]).
Adding EN signal on $auto$ff.cc:337:slice$7625 ($sdff) from module core_pnr_probe (D = $flatten\core.$procmux$2506_Y, Q = \core.arithmetic_errors [0]).
Adding SRST signal on $flatten\core.$procdff$7458 ($dff) from module core_pnr_probe (D = $flatten\core.$procmux$6364_Y, Q = \core.activation_q, rval = 8'00000000).
Adding EN signal on $auto$ff.cc:337:slice$7638 ($sdff) from module core_pnr_probe (D = $flatten\core.$ternary$./rtl/core/vibration_core.sv:393$1917_Y, Q = \core.activation_q).
Adding SRST signal on $flatten\core.$procdff$7457 ($dff) from module core_pnr_probe (D = $flatten\core.$procmux$6376_Y, Q = \core.nn_input, rval = 4'0000).
Adding EN signal on $auto$ff.cc:337:slice$7640 ($sdff) from module core_pnr_probe (D = $flatten\core.$procmux$6376_Y, Q = \core.nn_input).
Adding SRST signal on $flatten\core.$procdff$7456 ($dff) from module core_pnr_probe (D = $flatten\core.$procmux$6394_Y, Q = \core.nn_group, rval = 4'0000).
Adding EN signal on $auto$ff.cc:337:slice$7648 ($sdff) from module core_pnr_probe (D = $flatten\core.$procmux$6394_Y, Q = \core.nn_group).
Adding SRST signal on $flatten\core.$procdff$7455 ($dff) from module core_pnr_probe (D = $flatten\core.$procmux$6412_Y, Q = \core.nn_layer, rval = 1'0).
Adding EN signal on $auto$ff.cc:337:slice$7660 ($sdff) from module core_pnr_probe (D = $flatten\core.$procmux$6412_Y, Q = \core.nn_layer).
Adding SRST signal on $flatten\core.$procdff$7454 ($dff) from module core_pnr_probe (D = $flatten\core.$procmux$6430_Y, Q = \core.quant_sticky, rval = 1'0).
Adding EN signal on $auto$ff.cc:337:slice$7672 ($sdff) from module core_pnr_probe (D = $flatten\core.$procmux$6430_Y, Q = \core.quant_sticky).
Adding SRST signal on $flatten\core.$procdff$7453 ($dff) from module core_pnr_probe (D = $flatten\core.$procmux$6445_Y, Q = \core.quant_guard, rval = 1'0).
Adding EN signal on $auto$ff.cc:337:slice$7676 ($sdff) from module core_pnr_probe (D = $flatten\core.$procmux$6445_Y, Q = \core.quant_guard).
Adding SRST signal on $flatten\core.$procdff$7452 ($dff) from module core_pnr_probe (D = $flatten\core.$procmux$6460_Y, Q = \core.quant_remaining, rval = 8'00000000).
Adding EN signal on $auto$ff.cc:337:slice$7680 ($sdff) from module core_pnr_probe (D = $flatten\core.$procmux$6460_Y, Q = \core.quant_remaining).
Adding SRST signal on $flatten\core.$procdff$7451 ($dff) from module core_pnr_probe (D = $flatten\core.$procmux$6475_Y, Q = \core.quant_work, rval = 33'000000000000000000000000000000000).
Adding EN signal on $auto$ff.cc:337:slice$7684 ($sdff) from module core_pnr_probe (D = $flatten\core.$procmux$6475_Y, Q = \core.quant_work).
Adding SRST signal on $flatten\core.$procdff$7450 ($dff) from module core_pnr_probe (D = $flatten\core.$procmux$6501_Y, Q = \core.power_sum, rval = 33'000000000000000000000000000000000).
Adding EN signal on $auto$ff.cc:337:slice$7688 ($sdff) from module core_pnr_probe (D = $flatten\core.$procmux$6501_Y, Q = \core.power_sum).
Adding SRST signal on $flatten\core.$procdff$7449 ($dff) from module core_pnr_probe (D = $flatten\core.$procmux$6521_Y, Q = \core.band_sum, rval = 33'000000000000000000000000000000000).
Adding EN signal on $auto$ff.cc:337:slice$7696 ($sdff) from module core_pnr_probe (D = $flatten\core.$procmux$6521_Y, Q = \core.band_sum).
Adding SRST signal on $flatten\core.$procdff$7448 ($dff) from module core_pnr_probe (D = $flatten\core.$procmux$6547_Y, Q = \core.band_part, rval = 2'00).
Adding EN signal on $auto$ff.cc:337:slice$7706 ($sdff) from module core_pnr_probe (D = $flatten\core.$procmux$6547_Y, Q = \core.band_part).
Adding SRST signal on $flatten\core.$procdff$7447 ($dff) from module core_pnr_probe (D = $flatten\core.$procmux$6570_Y, Q = \core.power_index, rval = 6'000000).
Adding EN signal on $auto$ff.cc:337:slice$7716 ($sdff) from module core_pnr_probe (D = $flatten\core.$procmux$6570_Y, Q = \core.power_index).
Adding SRST signal on $flatten\core.$procdff$7446 ($dff) from module core_pnr_probe (D = $flatten\core.$procmux$6597_Y, Q = \core.feature_index, rval = 4'0000).
Adding EN signal on $auto$ff.cc:337:slice$7730 ($sdff) from module core_pnr_probe (D = $flatten\core.$procmux$6597_Y, Q = \core.feature_index).
Adding SRST signal on $flatten\core.$procdff$7445 ($dff) from module core_pnr_probe (D = $flatten\core.$procmux$6615_Y, Q = \core.store_lane, rval = 1'0).
Adding EN signal on $auto$ff.cc:337:slice$7742 ($sdff) from module core_pnr_probe (D = $flatten\core.$procmux$6615_Y, Q = \core.store_lane).
Adding SRST signal on $flatten\core.$procdff$7444 ($dff) from module core_pnr_probe (D = $flatten\core.$procmux$6653_Y, Q = \core.dft_group, rval = 7'0000000).
Adding EN signal on $auto$ff.cc:337:slice$7752 ($sdff) from module core_pnr_probe (D = $flatten\core.$procmux$6653_Y, Q = \core.dft_group).
Adding SRST signal on $flatten\core.$procdff$7443 ($dff) from module core_pnr_probe (D = $flatten\core.$procmux$6685_Y, Q = \core.mean, rval = 16'0000000000000000).
Adding EN signal on $auto$ff.cc:337:slice$7764 ($sdff) from module core_pnr_probe (D = $flatten\core.$3\rne$func$./rtl/core/vibration_core.sv:314$1233.$result[39:0]$1755 [15:0], Q = \core.mean).
Adding SRST signal on $flatten\core.$procdff$7442 ($dff) from module core_pnr_probe (D = $flatten\core.$procmux$6709_Y, Q = \core.point, rval = 10'0000000000).
Adding EN signal on $auto$ff.cc:337:slice$7766 ($sdff) from module core_pnr_probe (D = $flatten\core.$procmux$6709_Y, Q = \core.point).
Adding SRST signal on $flatten\core.$procdff$7441 ($dff) from module core_pnr_probe (D = $flatten\core.$procmux$6750_Y, Q = \core.active_id, rval = 0).
Adding EN signal on $auto$ff.cc:337:slice$7776 ($sdff) from module core_pnr_probe (D = $flatten\core.$memrd$\frame_ids$./rtl/core/vibration_core.sv:307$1737_DATA, Q = \core.active_id).
Adding SRST signal on $flatten\core.$procdff$7440 ($dff) from module core_pnr_probe (D = $flatten\core.$procmux$6762_Y, Q = \core.input_sum, rval = 26'00000000000000000000000000).
Adding EN signal on $auto$ff.cc:337:slice$7780 ($sdff) from module core_pnr_probe (D = $flatten\core.$procmux$6760_Y, Q = \core.input_sum).
Adding SRST signal on $flatten\core.$procdff$7439 ($dff) from module core_pnr_probe (D = $flatten\core.$procmux$6771_Y, Q = \core.receiving_id, rval = 0).
Adding EN signal on $auto$ff.cc:337:slice$7786 ($sdff) from module core_pnr_probe (D = \frame_id, Q = \core.receiving_id).
Adding SRST signal on $flatten\core.$procdff$7438 ($dff) from module core_pnr_probe (D = $flatten\core.$procmux$6789_Y, Q = \core.input_index, rval = 10'0000000000).
Adding EN signal on $auto$ff.cc:337:slice$7790 ($sdff) from module core_pnr_probe (D = $flatten\core.$procmux$6787_Y, Q = \core.input_index).
Adding SRST signal on $flatten\core.$procdff$7437 ($dff) from module core_pnr_probe (D = $flatten\core.$procmux$6809_Y, Q = \core.draining, rval = 1'0).
Adding EN signal on $auto$ff.cc:337:slice$7800 ($sdff) from module core_pnr_probe (D = $flatten\core.$procmux$6807_Y, Q = \core.draining).
Adding SRST signal on $flatten\core.$procdff$7436 ($dff) from module core_pnr_probe (D = $flatten\core.$procmux$6829_Y, Q = \core.receiving, rval = 1'0).
Adding EN signal on $auto$ff.cc:337:slice$7802 ($sdff) from module core_pnr_probe (D = $flatten\core.$procmux$6827_Y, Q = \core.receiving).
Adding SRST signal on $flatten\core.$procdff$7435 ($dff) from module core_pnr_probe (D = $flatten\core.$procmux$6861_Y, Q = \core.active_bank, rval = 1'0).
Adding EN signal on $auto$ff.cc:337:slice$7808 ($sdff) from module core_pnr_probe (D = \core.read_bank, Q = \core.active_bank).
Adding SRST signal on $flatten\core.$procdff$7434 ($dff) from module core_pnr_probe (D = $flatten\core.$procmux$6893_Y, Q = \core.read_bank, rval = 1'0).
Adding EN signal on $auto$ff.cc:337:slice$7812 ($sdff) from module core_pnr_probe (D = $flatten\core.$logic_not$./rtl/core/vibration_core.sv:308$1752_Y, Q = \core.read_bank).
Adding SRST signal on $flatten\core.$procdff$7433 ($dff) from module core_pnr_probe (D = $flatten\core.$procmux$6911_Y, Q = \core.write_bank, rval = 1'0).
Adding EN signal on $auto$ff.cc:337:slice$7816 ($sdff) from module core_pnr_probe (D = $flatten\core.$logic_not$./rtl/core/vibration_core.sv:291$1629_Y, Q = \core.write_bank).
Adding SRST signal on $flatten\core.$procdff$7432 ($dff) from module core_pnr_probe (D = $flatten\core.$2$lookahead\busy$1402[1:0]$1731, Q = \core.busy, rval = 2'00).
Adding EN signal on $auto$ff.cc:337:slice$7824 ($sdff) from module core_pnr_probe (D = $flatten\core.$2$lookahead\busy$1402[1:0]$1731, Q = \core.busy).
Adding SRST signal on $flatten\core.$procdff$7431 ($dff) from module core_pnr_probe (D = $flatten\core.$7$lookahead\full$1401[1:0]$1730, Q = \core.full, rval = 2'00).
Adding SRST signal on $flatten\core.$procdff$7430 ($dff) from module core_pnr_probe (D = $flatten\core.$procmux$6919_Y, Q = \core.state, rval = 5'00000).
Adding EN signal on $auto$ff.cc:337:slice$7835 ($sdff) from module core_pnr_probe (D = $flatten\core.$procmux$6919_Y, Q = \core.state).
Adding SRST signal on $flatten\core.$procdff$7429 ($dff) from module core_pnr_probe (D = $flatten\core.$procmux$7009_Y, Q = \core.protocol_errors, rval = 0).
Adding EN signal on $auto$ff.cc:337:slice$7849 ($sdff) from module core_pnr_probe (D = $flatten\core.$procmux$7007_Y, Q = \core.protocol_errors).
Adding SRST signal on $flatten\core.$procdff$7428 ($dff) from module core_pnr_probe (D = $flatten\core.$procmux$7016_Y, Q = \core.cycles_total, rval = 0).
Adding EN signal on $auto$ff.cc:337:slice$7861 ($sdff) from module core_pnr_probe (D = { 13'0000000000000 \core.count_total }, Q = \core.cycles_total).
Adding SRST signal on $flatten\core.$procdff$7427 ($dff) from module core_pnr_probe (D = $flatten\core.$procmux$7023_Y, Q = \core.cycles_nn, rval = 0).
Adding EN signal on $auto$ff.cc:337:slice$7863 ($sdff) from module core_pnr_probe (D = { 22'0000000000000000000000 \core.count_nn }, Q = \core.cycles_nn).
Adding SRST signal on $flatten\core.$procdff$7426 ($dff) from module core_pnr_probe (D = $flatten\core.$procmux$7030_Y, Q = \core.cycles_power, rval = 0).
Adding EN signal on $auto$ff.cc:337:slice$7865 ($sdff) from module core_pnr_probe (D = { 22'0000000000000000000000 \core.count_power }, Q = \core.cycles_power).
Adding SRST signal on $flatten\core.$procdff$7425 ($dff) from module core_pnr_probe (D = $flatten\core.$procmux$7037_Y, Q = \core.cycles_dft, rval = 0).
Adding EN signal on $auto$ff.cc:337:slice$7867 ($sdff) from module core_pnr_probe (D = { 13'0000000000000 \core.count_dft }, Q = \core.cycles_dft).
Adding SRST signal on $flatten\core.$procdff$7424 ($dff) from module core_pnr_probe (D = $flatten\core.$procmux$7044_Y, Q = \core.cycles_pre, rval = 0).
Adding EN signal on $auto$ff.cc:337:slice$7869 ($sdff) from module core_pnr_probe (D = { 20'00000000000000000000 \core.count_pre }, Q = \core.cycles_pre).
Adding SRST signal on $flatten\core.$procdff$7423 ($dff) from module core_pnr_probe (D = $flatten\core.$procmux$7051_Y, Q = \core.out_error, rval = 8'00000000).
Adding EN signal on $auto$ff.cc:337:slice$7871 ($sdff) from module core_pnr_probe (D = \core.arithmetic_errors, Q = \core.out_error).
Adding SRST signal on $flatten\core.$procdff$7422 ($dff) from module core_pnr_probe (D = $flatten\core.$procmux$7064_Y, Q = \core.out_class, rval = 2'00).
Adding EN signal on $auto$ff.cc:337:slice$7873 ($sdff) from module core_pnr_probe (D = $flatten\core.$procmux$7062_Y, Q = \core.out_class).
Adding SRST signal on $flatten\core.$procdff$7421 ($dff) from module core_pnr_probe (D = $flatten\core.$procmux$7071_Y, Q = \core.out_logits, rval = 96'000000000000000000000000000000000000000000000000000000000000000000000000000000000000000000000000).
Adding EN signal on $auto$ff.cc:337:slice$7875 ($sdff) from module core_pnr_probe (D = { $flatten\core.$memrd$\logits$./rtl/core/vibration_core.sv:417$1995_DATA $flatten\core.$memrd$\logits$./rtl/core/vibration_core.sv:417$1994_DATA $flatten\core.$memrd$\logits$./rtl/core/vibration_core.sv:417$1993_DATA }, Q = \core.out_logits).
Adding SRST signal on $flatten\core.$procdff$7420 ($dff) from module core_pnr_probe (D = $flatten\core.$procmux$7078_Y, Q = \core.out_frame_id, rval = 0).
Adding EN signal on $auto$ff.cc:337:slice$7877 ($sdff) from module core_pnr_probe (D = \core.active_id, Q = \core.out_frame_id).
Adding SRST signal on $flatten\core.$procdff$7419 ($dff) from module core_pnr_probe (D = $flatten\core.$procmux$7092_Y, Q = \core.dbg_value, rval = 40'0000000000000000000000000000000000000000).
Adding EN signal on $auto$ff.cc:337:slice$7879 ($sdff) from module core_pnr_probe (D = $flatten\core.$procmux$7092_Y, Q = \core.dbg_value).
Adding SRST signal on $flatten\core.$procdff$7418 ($dff) from module core_pnr_probe (D = $flatten\core.$procmux$7114_Y, Q = \core.dbg_index, rval = 16'0000000000000000).
Adding EN signal on $auto$ff.cc:337:slice$7889 ($sdff) from module core_pnr_probe (D = $flatten\core.$procmux$7114_Y, Q = \core.dbg_index).
Adding SRST signal on $flatten\core.$procdff$7417 ($dff) from module core_pnr_probe (D = $flatten\core.$procmux$7136_Y, Q = \core.dbg_kind, rval = 4'0000).
Adding EN signal on $auto$ff.cc:337:slice$7899 ($sdff) from module core_pnr_probe (D = $flatten\core.$procmux$7136_Y, Q = \core.dbg_kind).
Adding SRST signal on $flatten\core.$procdff$7416 ($dff) from module core_pnr_probe (D = $flatten\core.$procmux$5860_Y, Q = \core.dbg_valid, rval = 1'0).
Adding SRST signal on $flatten\core.$procdff$7415 ($dff) from module core_pnr_probe (D = $flatten\core.$procmux$7152_Y, Q = \core.out_valid, rval = 1'0).
Adding EN signal on $auto$ff.cc:337:slice$7910 ($sdff) from module core_pnr_probe (D = $flatten\core.$procmux$7152_Y, Q = \core.out_valid).
Adding EN signal on $flatten\core.$procdff$7414 ($dff) from module core_pnr_probe (D = $flatten\core.$mul$./rtl/core/vibration_core.sv:216$2016_Y, Q = \core.product[0]).
Adding EN signal on $flatten\core.$procdff$7413 ($dff) from module core_pnr_probe (D = $flatten\core.$memrd$\g_lane[0].weights$./rtl/core/vibration_core.sv:214$2015_DATA, Q = \core.g_lane[0].selected_weight).
Setting constant 0-bit at position 0 on $auto$ff.cc:337:slice$7626 ($sdffe) from module core_pnr_probe.
Setting constant 0-bit at position 1 on $auto$ff.cc:337:slice$7626 ($sdffe) from module core_pnr_probe.
Setting constant 0-bit at position 2 on $auto$ff.cc:337:slice$7626 ($sdffe) from module core_pnr_probe.
Setting constant 0-bit at position 3 on $auto$ff.cc:337:slice$7626 ($sdffe) from module core_pnr_probe.
Setting constant 0-bit at position 4 on $auto$ff.cc:337:slice$7626 ($sdffe) from module core_pnr_probe.
Setting constant 0-bit at position 5 on $auto$ff.cc:337:slice$7626 ($sdffe) from module core_pnr_probe.
Setting constant 0-bit at position 6 on $auto$ff.cc:337:slice$7626 ($sdffe) from module core_pnr_probe.
Setting constant 0-bit at position 12 on $auto$ff.cc:337:slice$7870 ($sdffe) from module core_pnr_probe.
Setting constant 0-bit at position 13 on $auto$ff.cc:337:slice$7870 ($sdffe) from module core_pnr_probe.
Setting constant 0-bit at position 14 on $auto$ff.cc:337:slice$7870 ($sdffe) from module core_pnr_probe.
Setting constant 0-bit at position 15 on $auto$ff.cc:337:slice$7870 ($sdffe) from module core_pnr_probe.
Setting constant 0-bit at position 16 on $auto$ff.cc:337:slice$7870 ($sdffe) from module core_pnr_probe.
Setting constant 0-bit at position 17 on $auto$ff.cc:337:slice$7870 ($sdffe) from module core_pnr_probe.
Setting constant 0-bit at position 18 on $auto$ff.cc:337:slice$7870 ($sdffe) from module core_pnr_probe.
Setting constant 0-bit at position 19 on $auto$ff.cc:337:slice$7870 ($sdffe) from module core_pnr_probe.
Setting constant 0-bit at position 20 on $auto$ff.cc:337:slice$7870 ($sdffe) from module core_pnr_probe.
Setting constant 0-bit at position 21 on $auto$ff.cc:337:slice$7870 ($sdffe) from module core_pnr_probe.
Setting constant 0-bit at position 22 on $auto$ff.cc:337:slice$7870 ($sdffe) from module core_pnr_probe.
Setting constant 0-bit at position 23 on $auto$ff.cc:337:slice$7870 ($sdffe) from module core_pnr_probe.
Setting constant 0-bit at position 24 on $auto$ff.cc:337:slice$7870 ($sdffe) from module core_pnr_probe.
Setting constant 0-bit at position 25 on $auto$ff.cc:337:slice$7870 ($sdffe) from module core_pnr_probe.
Setting constant 0-bit at position 26 on $auto$ff.cc:337:slice$7870 ($sdffe) from module core_pnr_probe.
Setting constant 0-bit at position 27 on $auto$ff.cc:337:slice$7870 ($sdffe) from module core_pnr_probe.
Setting constant 0-bit at position 28 on $auto$ff.cc:337:slice$7870 ($sdffe) from module core_pnr_probe.
Setting constant 0-bit at position 29 on $auto$ff.cc:337:slice$7870 ($sdffe) from module core_pnr_probe.
Setting constant 0-bit at position 30 on $auto$ff.cc:337:slice$7870 ($sdffe) from module core_pnr_probe.
Setting constant 0-bit at position 31 on $auto$ff.cc:337:slice$7870 ($sdffe) from module core_pnr_probe.
Setting constant 0-bit at position 19 on $auto$ff.cc:337:slice$7868 ($sdffe) from module core_pnr_probe.
Setting constant 0-bit at position 20 on $auto$ff.cc:337:slice$7868 ($sdffe) from module core_pnr_probe.
Setting constant 0-bit at position 21 on $auto$ff.cc:337:slice$7868 ($sdffe) from module core_pnr_probe.
Setting constant 0-bit at position 22 on $auto$ff.cc:337:slice$7868 ($sdffe) from module core_pnr_probe.
Setting constant 0-bit at position 23 on $auto$ff.cc:337:slice$7868 ($sdffe) from module core_pnr_probe.
Setting constant 0-bit at position 24 on $auto$ff.cc:337:slice$7868 ($sdffe) from module core_pnr_probe.
Setting constant 0-bit at position 25 on $auto$ff.cc:337:slice$7868 ($sdffe) from module core_pnr_probe.
Setting constant 0-bit at position 26 on $auto$ff.cc:337:slice$7868 ($sdffe) from module core_pnr_probe.
Setting constant 0-bit at position 27 on $auto$ff.cc:337:slice$7868 ($sdffe) from module core_pnr_probe.
Setting constant 0-bit at position 28 on $auto$ff.cc:337:slice$7868 ($sdffe) from module core_pnr_probe.
Setting constant 0-bit at position 29 on $auto$ff.cc:337:slice$7868 ($sdffe) from module core_pnr_probe.
Setting constant 0-bit at position 30 on $auto$ff.cc:337:slice$7868 ($sdffe) from module core_pnr_probe.
Setting constant 0-bit at position 31 on $auto$ff.cc:337:slice$7868 ($sdffe) from module core_pnr_probe.
Setting constant 0-bit at position 10 on $auto$ff.cc:337:slice$7866 ($sdffe) from module core_pnr_probe.
Setting constant 0-bit at position 11 on $auto$ff.cc:337:slice$7866 ($sdffe) from module core_pnr_probe.
Setting constant 0-bit at position 12 on $auto$ff.cc:337:slice$7866 ($sdffe) from module core_pnr_probe.
Setting constant 0-bit at position 13 on $auto$ff.cc:337:slice$7866 ($sdffe) from module core_pnr_probe.
Setting constant 0-bit at position 14 on $auto$ff.cc:337:slice$7866 ($sdffe) from module core_pnr_probe.
Setting constant 0-bit at position 15 on $auto$ff.cc:337:slice$7866 ($sdffe) from module core_pnr_probe.
Setting constant 0-bit at position 16 on $auto$ff.cc:337:slice$7866 ($sdffe) from module core_pnr_probe.
Setting constant 0-bit at position 17 on $auto$ff.cc:337:slice$7866 ($sdffe) from module core_pnr_probe.
Setting constant 0-bit at position 18 on $auto$ff.cc:337:slice$7866 ($sdffe) from module core_pnr_probe.
Setting constant 0-bit at position 19 on $auto$ff.cc:337:slice$7866 ($sdffe) from module core_pnr_probe.
Setting constant 0-bit at position 20 on $auto$ff.cc:337:slice$7866 ($sdffe) from module core_pnr_probe.
Setting constant 0-bit at position 21 on $auto$ff.cc:337:slice$7866 ($sdffe) from module core_pnr_probe.
Setting constant 0-bit at position 22 on $auto$ff.cc:337:slice$7866 ($sdffe) from module core_pnr_probe.
Setting constant 0-bit at position 23 on $auto$ff.cc:337:slice$7866 ($sdffe) from module core_pnr_probe.
Setting constant 0-bit at position 24 on $auto$ff.cc:337:slice$7866 ($sdffe) from module core_pnr_probe.
Setting constant 0-bit at position 25 on $auto$ff.cc:337:slice$7866 ($sdffe) from module core_pnr_probe.
Setting constant 0-bit at position 26 on $auto$ff.cc:337:slice$7866 ($sdffe) from module core_pnr_probe.
Setting constant 0-bit at position 27 on $auto$ff.cc:337:slice$7866 ($sdffe) from module core_pnr_probe.
Setting constant 0-bit at position 28 on $auto$ff.cc:337:slice$7866 ($sdffe) from module core_pnr_probe.
Setting constant 0-bit at position 29 on $auto$ff.cc:337:slice$7866 ($sdffe) from module core_pnr_probe.
Setting constant 0-bit at position 30 on $auto$ff.cc:337:slice$7866 ($sdffe) from module core_pnr_probe.
Setting constant 0-bit at position 31 on $auto$ff.cc:337:slice$7866 ($sdffe) from module core_pnr_probe.
Setting constant 0-bit at position 10 on $auto$ff.cc:337:slice$7864 ($sdffe) from module core_pnr_probe.
Setting constant 0-bit at position 11 on $auto$ff.cc:337:slice$7864 ($sdffe) from module core_pnr_probe.
Setting constant 0-bit at position 12 on $auto$ff.cc:337:slice$7864 ($sdffe) from module core_pnr_probe.
Setting constant 0-bit at position 13 on $auto$ff.cc:337:slice$7864 ($sdffe) from module core_pnr_probe.
Setting constant 0-bit at position 14 on $auto$ff.cc:337:slice$7864 ($sdffe) from module core_pnr_probe.
Setting constant 0-bit at position 15 on $auto$ff.cc:337:slice$7864 ($sdffe) from module core_pnr_probe.
Setting constant 0-bit at position 16 on $auto$ff.cc:337:slice$7864 ($sdffe) from module core_pnr_probe.
Setting constant 0-bit at position 17 on $auto$ff.cc:337:slice$7864 ($sdffe) from module core_pnr_probe.
Setting constant 0-bit at position 18 on $auto$ff.cc:337:slice$7864 ($sdffe) from module core_pnr_probe.
Setting constant 0-bit at position 19 on $auto$ff.cc:337:slice$7864 ($sdffe) from module core_pnr_probe.
Setting constant 0-bit at position 20 on $auto$ff.cc:337:slice$7864 ($sdffe) from module core_pnr_probe.
Setting constant 0-bit at position 21 on $auto$ff.cc:337:slice$7864 ($sdffe) from module core_pnr_probe.
Setting constant 0-bit at position 22 on $auto$ff.cc:337:slice$7864 ($sdffe) from module core_pnr_probe.
Setting constant 0-bit at position 23 on $auto$ff.cc:337:slice$7864 ($sdffe) from module core_pnr_probe.
Setting constant 0-bit at position 24 on $auto$ff.cc:337:slice$7864 ($sdffe) from module core_pnr_probe.
Setting constant 0-bit at position 25 on $auto$ff.cc:337:slice$7864 ($sdffe) from module core_pnr_probe.
Setting constant 0-bit at position 26 on $auto$ff.cc:337:slice$7864 ($sdffe) from module core_pnr_probe.
Setting constant 0-bit at position 27 on $auto$ff.cc:337:slice$7864 ($sdffe) from module core_pnr_probe.
Setting constant 0-bit at position 28 on $auto$ff.cc:337:slice$7864 ($sdffe) from module core_pnr_probe.
Setting constant 0-bit at position 29 on $auto$ff.cc:337:slice$7864 ($sdffe) from module core_pnr_probe.
Setting constant 0-bit at position 30 on $auto$ff.cc:337:slice$7864 ($sdffe) from module core_pnr_probe.
Setting constant 0-bit at position 31 on $auto$ff.cc:337:slice$7864 ($sdffe) from module core_pnr_probe.
Setting constant 0-bit at position 19 on $auto$ff.cc:337:slice$7862 ($sdffe) from module core_pnr_probe.
Setting constant 0-bit at position 20 on $auto$ff.cc:337:slice$7862 ($sdffe) from module core_pnr_probe.
Setting constant 0-bit at position 21 on $auto$ff.cc:337:slice$7862 ($sdffe) from module core_pnr_probe.
Setting constant 0-bit at position 22 on $auto$ff.cc:337:slice$7862 ($sdffe) from module core_pnr_probe.
Setting constant 0-bit at position 23 on $auto$ff.cc:337:slice$7862 ($sdffe) from module core_pnr_probe.
Setting constant 0-bit at position 24 on $auto$ff.cc:337:slice$7862 ($sdffe) from module core_pnr_probe.
Setting constant 0-bit at position 25 on $auto$ff.cc:337:slice$7862 ($sdffe) from module core_pnr_probe.
Setting constant 0-bit at position 26 on $auto$ff.cc:337:slice$7862 ($sdffe) from module core_pnr_probe.
Setting constant 0-bit at position 27 on $auto$ff.cc:337:slice$7862 ($sdffe) from module core_pnr_probe.
Setting constant 0-bit at position 28 on $auto$ff.cc:337:slice$7862 ($sdffe) from module core_pnr_probe.
Setting constant 0-bit at position 29 on $auto$ff.cc:337:slice$7862 ($sdffe) from module core_pnr_probe.
Setting constant 0-bit at position 30 on $auto$ff.cc:337:slice$7862 ($sdffe) from module core_pnr_probe.
Setting constant 0-bit at position 31 on $auto$ff.cc:337:slice$7862 ($sdffe) from module core_pnr_probe.

5.14.7. Executing OPT_CLEAN pass (remove unused cells and wires).
Finding unused cells or wires in module \core_pnr_probe..
Removed 97 unused cells and 96 unused wires.
<suppressed ~98 debug messages>

5.14.8. Executing OPT_EXPR pass (perform const folding).
Optimizing module core_pnr_probe.
<suppressed ~25 debug messages>

5.14.9. Rerunning OPT passes. (Maybe there is more to do..)

5.14.10. Executing OPT_MUXTREE pass (detect dead branches in mux trees).
Running muxtree optimizer on module \core_pnr_probe..
  Creating internal representation of mux trees.
  Evaluating internal representation of mux trees.
  Analyzing evaluation results.
Removed 0 multiplexer ports.
<suppressed ~390 debug messages>

5.14.11. Executing OPT_REDUCE pass (consolidate $*mux and $reduce_* inputs).
  Optimizing cells in module \core_pnr_probe.
Performed a total of 0 changes.

5.14.12. Executing OPT_MERGE pass (detect identical cells).
Finding identical cells in module `\core_pnr_probe'.
Computing hashes of 673 cells of `\core_pnr_probe'.
Finding duplicate cells in `\core_pnr_probe'.
Computing hashes of 641 cells of `\core_pnr_probe'.
Finding duplicate cells in `\core_pnr_probe'.
Computing hashes of 638 cells of `\core_pnr_probe'.
Finding duplicate cells in `\core_pnr_probe'.
<suppressed ~105 debug messages>
Removed a total of 35 cells.

5.14.13. Executing OPT_DFF pass (perform DFF optimizations).
Setting constant 0-bit at position 1 on $auto$ff.cc:337:slice$7872 ($sdffe) from module core_pnr_probe.
Setting constant 0-bit at position 2 on $auto$ff.cc:337:slice$7872 ($sdffe) from module core_pnr_probe.
Setting constant 0-bit at position 3 on $auto$ff.cc:337:slice$7872 ($sdffe) from module core_pnr_probe.
Setting constant 0-bit at position 4 on $auto$ff.cc:337:slice$7872 ($sdffe) from module core_pnr_probe.
Setting constant 0-bit at position 5 on $auto$ff.cc:337:slice$7872 ($sdffe) from module core_pnr_probe.
Setting constant 0-bit at position 6 on $auto$ff.cc:337:slice$7872 ($sdffe) from module core_pnr_probe.
Setting constant 0-bit at position 7 on $auto$ff.cc:337:slice$7872 ($sdffe) from module core_pnr_probe.

5.14.14. Executing OPT_CLEAN pass (remove unused cells and wires).
Finding unused cells or wires in module \core_pnr_probe..
Removed 0 unused cells and 35 unused wires.
<suppressed ~1 debug messages>

5.14.15. Executing OPT_EXPR pass (perform const folding).
Optimizing module core_pnr_probe.

5.14.16. Rerunning OPT passes. (Maybe there is more to do..)

5.14.17. Executing OPT_MUXTREE pass (detect dead branches in mux trees).
Running muxtree optimizer on module \core_pnr_probe..
  Creating internal representation of mux trees.
  Evaluating internal representation of mux trees.
  Analyzing evaluation results.
Removed 0 multiplexer ports.
<suppressed ~390 debug messages>

5.14.18. Executing OPT_REDUCE pass (consolidate $*mux and $reduce_* inputs).
  Optimizing cells in module \core_pnr_probe.
Performed a total of 0 changes.

5.14.19. Executing OPT_MERGE pass (detect identical cells).
Finding identical cells in module `\core_pnr_probe'.
Computing hashes of 638 cells of `\core_pnr_probe'.
Finding duplicate cells in `\core_pnr_probe'.
Removed a total of 0 cells.

5.14.20. Executing OPT_DFF pass (perform DFF optimizations).

5.14.21. Executing OPT_CLEAN pass (remove unused cells and wires).
Finding unused cells or wires in module \core_pnr_probe..

5.14.22. Executing OPT_EXPR pass (perform const folding).
Optimizing module core_pnr_probe.

5.14.23. Finished fast OPT passes. (There is nothing left to do.)

5.15. Executing WREDUCE pass (reducing word size of cells).
Removed top 30 address bits (of 32) from memory init port core_pnr_probe.$flatten\core.$auto$proc_memwr.cc:45:proc_memwr$7578 (core.logits).
Removed top 30 address bits (of 32) from memory init port core_pnr_probe.$flatten\core.$auto$proc_memwr.cc:45:proc_memwr$7579 (core.logits).
Removed top 30 address bits (of 32) from memory init port core_pnr_probe.$flatten\core.$auto$proc_memwr.cc:45:proc_memwr$7580 (core.logits).
Removed top 26 address bits (of 32) from memory read port core_pnr_probe.$flatten\core.$memrd$\frequency_bins$./rtl/core/vibration_core.sv:335$1813 (core.frequency_bins).
Removed top 30 address bits (of 32) from memory read port core_pnr_probe.$flatten\core.$memrd$\logits$./rtl/core/vibration_core.sv:419$2003 (core.logits).
Removed top 30 address bits (of 32) from memory read port core_pnr_probe.$flatten\core.$memrd$\bias2$./rtl/core/vibration_core.sv:388$1913 (core.bias2).
Removed top 28 address bits (of 32) from memory read port core_pnr_probe.$flatten\core.$memrd$\bias1$./rtl/core/vibration_core.sv:387$1909 (core.bias1).
Removed top 28 address bits (of 32) from memory init port core_pnr_probe.$flatten\core.$meminit$\bias1$./rtl/core/vibration_core.sv:75$2008 (core.bias1).
Removed top 30 address bits (of 32) from memory read port core_pnr_probe.$flatten\core.$memrd$\logits$./rtl/core/vibration_core.sv:418$1999 (core.logits).
Removed top 23 address bits (of 32) from memory init port core_pnr_probe.$flatten\core.$meminit$\g_lane[0].weights$./rtl/core/vibration_core.sv:212$2012 (core.g_lane[0].weights).
Removed top 28 address bits (of 32) from memory init port core_pnr_probe.$flatten\core.$meminit$\feature_shifts$./rtl/core/vibration_core.sv:74$2007 (core.feature_shifts).
Removed top 30 address bits (of 32) from memory read port core_pnr_probe.$flatten\core.$memrd$\logits$./rtl/core/vibration_core.sv:419$2004 (core.logits).
Removed top 26 address bits (of 32) from memory init port core_pnr_probe.$flatten\core.$meminit$\frequency_bins$./rtl/core/vibration_core.sv:80$2010 (core.frequency_bins).
Removed top 22 address bits (of 32) from memory init port core_pnr_probe.$flatten\core.$auto$proc_memwr.cc:45:proc_memwr$7588 (core.raw1).
Removed top 30 address bits (of 32) from memory init port core_pnr_probe.$flatten\core.$meminit$\bias2$./rtl/core/vibration_core.sv:76$2009 (core.bias2).
Removed top 22 address bits (of 32) from memory init port core_pnr_probe.$flatten\core.$auto$proc_memwr.cc:45:proc_memwr$7589 (core.raw0).
Removed top 24 address bits (of 32) from memory init port core_pnr_probe.$flatten\core.\hann_rom.$meminit$\quarter$./rtl/core/vib_coeff_rom.sv:22$1221 (core.hann_rom.quarter).
Removed top 24 address bits (of 32) from memory init port core_pnr_probe.$flatten\core.\g_lane[0].coeff_rom.$meminit$\quarter$./rtl/core/vib_coeff_rom.sv:24$1207 (core.g_lane[0].coeff_rom.quarter).
Removed top 1 bits (of 3) from port B of cell core_pnr_probe.$auto$simple.cc:194:make_patterns_logic$7856 ($ne).
Removed top 1 bits (of 3) from port B of cell core_pnr_probe.$auto$simple.cc:194:make_patterns_logic$7854 ($ne).
Removed top 1 bits (of 2) from port B of cell core_pnr_probe.$auto$simple.cc:194:make_patterns_logic$7840 ($ne).
Removed top 1 bits (of 2) from port B of cell core_pnr_probe.$auto$simple.cc:194:make_patterns_logic$7838 ($ne).
Removed top 1 bits (of 2) from port B of cell core_pnr_probe.$auto$simple.cc:194:make_patterns_logic$7795 ($ne).
Removed top 1 bits (of 2) from port B of cell core_pnr_probe.$auto$simple.cc:194:make_patterns_logic$7793 ($ne).
Removed top 1 bits (of 2) from port B of cell core_pnr_probe.$auto$simple.cc:194:make_patterns_logic$7749 ($ne).
Removed top 1 bits (of 2) from port B of cell core_pnr_probe.$auto$simple.cc:194:make_patterns_logic$7747 ($ne).
Removed top 1 bits (of 2) from port B of cell core_pnr_probe.$auto$simple.cc:194:make_patterns_logic$7701 ($ne).
Removed top 1 bits (of 2) from port B of cell core_pnr_probe.$auto$simple.cc:194:make_patterns_logic$7693 ($ne).
Removed top 1 bits (of 2) from port B of cell core_pnr_probe.$auto$simple.cc:194:make_patterns_logic$7667 ($ne).
Removed top 1 bits (of 2) from port B of cell core_pnr_probe.$auto$simple.cc:194:make_patterns_logic$7665 ($ne).
Removed top 1 bits (of 3) from port B of cell core_pnr_probe.$auto$simple.cc:194:make_patterns_logic$7655 ($ne).
Removed top 1 bits (of 2) from port B of cell core_pnr_probe.$auto$simple.cc:194:make_patterns_logic$7635 ($ne).
Removed top 1 bits (of 2) from port B of cell core_pnr_probe.$auto$simple.cc:194:make_patterns_logic$7633 ($ne).
Removed top 31 bits (of 32) from port B of cell core_pnr_probe.$add$./sim/core_pnr_probe.sv:17$398 ($add).
Removed top 1 bits (of 2) from port B of cell core_pnr_probe.$flatten\core.\g_lane[0].coeff_rom.$eq$./rtl/core/vib_coeff_rom.sv:29$1199 ($eq).
Removed top 1 bits (of 2) from port B of cell core_pnr_probe.$flatten\core.\hann_rom.$eq$./rtl/core/vib_coeff_rom.sv:29$1213 ($eq).
Removed top 22 bits (of 32) from mux cell core_pnr_probe.$flatten\core.$procmux$7267 ($mux).
Removed top 22 bits (of 32) from mux cell core_pnr_probe.$flatten\core.$procmux$7258 ($mux).
Removed top 22 bits (of 32) from mux cell core_pnr_probe.$flatten\core.$procmux$7247 ($mux).
Removed top 22 bits (of 32) from mux cell core_pnr_probe.$flatten\core.$procmux$7229 ($mux).
Removed top 3 bits (of 5) from port B of cell core_pnr_probe.$flatten\core.$procmux$6979_CMP0 ($eq).
Removed top 3 bits (of 5) from port B of cell core_pnr_probe.$flatten\core.$procmux$6978_CMP0 ($eq).
Removed top 2 bits (of 5) from mux cell core_pnr_probe.$flatten\core.$procmux$6975 ($mux).
Removed top 2 bits (of 5) from port B of cell core_pnr_probe.$flatten\core.$procmux$6971_CMP0 ($eq).
Removed top 1 bits (of 5) from mux cell core_pnr_probe.$flatten\core.$procmux$6968 ($mux).
Removed top 1 bits (of 5) from mux cell core_pnr_probe.$flatten\core.$procmux$6962 ($mux).
Removed top 1 bits (of 5) from port B of cell core_pnr_probe.$flatten\core.$procmux$6959_CMP0 ($eq).
Removed top 1 bits (of 5) from port B of cell core_pnr_probe.$flatten\core.$procmux$6957_CMP0 ($eq).
Removed top 2 bits (of 5) from mux cell core_pnr_probe.$flatten\core.$procmux$6954 ($mux).
Removed top 2 bits (of 5) from mux cell core_pnr_probe.$flatten\core.$procmux$6933 ($mux).
Removed top 2 bits (of 5) from mux cell core_pnr_probe.$flatten\core.$procmux$6924 ($mux).
Removed top 1 bits (of 5) from port B of cell core_pnr_probe.$flatten\core.$procmux$6503_CMP0 ($eq).
Removed top 1 bits (of 5) from port B of cell core_pnr_probe.$flatten\core.$procmux$6432_CMP0 ($eq).
Removed top 1 bits (of 5) from port B of cell core_pnr_probe.$flatten\core.$procmux$6431_CMP0 ($eq).
Removed top 2 bits (of 5) from port B of cell core_pnr_probe.$flatten\core.$procmux$6140_CMP0 ($eq).
Removed top 1 bits (of 5) from port B of cell core_pnr_probe.$flatten\core.$procmux$6139_CMP0 ($eq).
Removed top 1 bits (of 5) from port B of cell core_pnr_probe.$flatten\core.$procmux$5866_CMP0 ($eq).
Removed top 4 bits (of 5) from port B of cell core_pnr_probe.$flatten\core.$procmux$3615_CMP0 ($eq).
Removed top 2 bits (of 5) from port B of cell core_pnr_probe.$flatten\core.$procmux$3459_CMP0 ($eq).
Removed top 1 bits (of 5) from port B of cell core_pnr_probe.$flatten\core.$procmux$2935_CMP0 ($eq).
Removed top 2 bits (of 5) from port B of cell core_pnr_probe.$flatten\core.$eq$./rtl/core/vibration_core.sv:203$2011 ($eq).
Removed top 31 bits (of 32) from port B of cell core_pnr_probe.$flatten\core.$add$./rtl/core/vibration_core.sv:414$1992 ($add).
Removed top 31 bits (of 32) from port Y of cell core_pnr_probe.$flatten\core.$add$./rtl/core/vibration_core.sv:414$1992 ($add).
Removed top 3 bits (of 4) from port B of cell core_pnr_probe.$flatten\core.$add$./rtl/core/vibration_core.sv:413$1991 ($add).
Removed top 30 bits (of 32) from port B of cell core_pnr_probe.$flatten\core.$ge$./rtl/core/vibration_core.sv:412$1989 ($ge).
Removed top 28 bits (of 32) from port A of cell core_pnr_probe.$flatten\core.$add$./rtl/core/vibration_core.sv:412$1988 ($add).
Removed top 31 bits (of 32) from port B of cell core_pnr_probe.$flatten\core.$add$./rtl/core/vibration_core.sv:412$1988 ($add).
Removed top 27 bits (of 32) from port Y of cell core_pnr_probe.$flatten\core.$add$./rtl/core/vibration_core.sv:412$1988 ($add).
Removed top 27 bits (of 32) from port A of cell core_pnr_probe.$flatten\core.$eq$./rtl/core/vibration_core.sv:411$1986 ($eq).
Removed top 27 bits (of 32) from port B of cell core_pnr_probe.$flatten\core.$eq$./rtl/core/vibration_core.sv:411$1986 ($eq).
Removed top 2 bits (of 4) from port B of cell core_pnr_probe.$flatten\core.$lt$./rtl/core/vibration_core.sv:406$1979 ($lt).
Removed top 24 bits (of 32) from port B of cell core_pnr_probe.$flatten\core.$gt$./rtl/core/vibration_core.sv:175$1977 ($gt).
Removed top 31 bits (of 32) from port B of cell core_pnr_probe.$flatten\core.$le$./rtl/core/vibration_core.sv:174$1975 ($le).
Removed top 8 bits (of 40) from port A of cell core_pnr_probe.$flatten\core.$add$./rtl/core/vibration_core.sv:149$1974 ($add).
Removed top 39 bits (of 40) from mux cell core_pnr_probe.$flatten\core.$ternary$./rtl/core/vibration_core.sv:149$1973 ($mux).
Removed top 32 bits (of 40) from port A of cell core_pnr_probe.$flatten\core.$gt$./rtl/core/vibration_core.sv:149$1969 ($gt).
Removed top 32 bits (of 40) from port B of cell core_pnr_probe.$flatten\core.$gt$./rtl/core/vibration_core.sv:149$1969 ($gt).
Removed top 8 bits (of 40) from port B of cell core_pnr_probe.$flatten\core.$lt$./rtl/core/vibration_core.sv:401$1922 ($lt).
Removed top 8 bits (of 40) from port B of cell core_pnr_probe.$flatten\core.$gt$./rtl/core/vibration_core.sv:401$1921 ($gt).
Removed top 31 bits (of 32) from port B of cell core_pnr_probe.$flatten\core.$add$./rtl/core/vibration_core.sv:398$1920 ($add).
Removed top 28 bits (of 32) from port Y of cell core_pnr_probe.$flatten\core.$add$./rtl/core/vibration_core.sv:398$1920 ($add).
Removed top 8 bits (of 40) from port B of cell core_pnr_probe.$flatten\core.$add$./rtl/core/vibration_core.sv:396$1918 ($add).
Removed top 28 bits (of 32) from port A of cell core_pnr_probe.$flatten\core.$lt$./rtl/core/vibration_core.sv:388$1912 ($lt).
Removed top 30 bits (of 32) from port B of cell core_pnr_probe.$flatten\core.$lt$./rtl/core/vibration_core.sv:388$1912 ($lt).
Removed top 31 bits (of 32) from port B of cell core_pnr_probe.$flatten\core.$add$./rtl/core/vibration_core.sv:382$1907 ($add).
Removed top 26 bits (of 32) from port Y of cell core_pnr_probe.$flatten\core.$add$./rtl/core/vibration_core.sv:382$1907 ($add).
Removed top 31 bits (of 32) from port B of cell core_pnr_probe.$flatten\core.$add$./rtl/core/vibration_core.sv:382$1906 ($add).
Removed top 28 bits (of 32) from port Y of cell core_pnr_probe.$flatten\core.$add$./rtl/core/vibration_core.sv:382$1906 ($add).
Removed top 7 bits (of 8) from port B of cell core_pnr_probe.$flatten\core.$eq$./rtl/core/vibration_core.sv:376$1904 ($eq).
Removed top 31 bits (of 32) from port B of cell core_pnr_probe.$flatten\core.$sub$./rtl/core/vibration_core.sv:375$1903 ($sub).
Removed top 24 bits (of 32) from port Y of cell core_pnr_probe.$flatten\core.$sub$./rtl/core/vibration_core.sv:375$1903 ($sub).
Removed top 26 bits (of 32) from port B of cell core_pnr_probe.$flatten\core.$gt$./rtl/core/vibration_core.sv:368$1901 ($gt).
Removed top 31 bits (of 32) from port B of cell core_pnr_probe.$flatten\core.$add$./rtl/core/vibration_core.sv:360$1895 ($add).
Removed top 30 bits (of 32) from port Y of cell core_pnr_probe.$flatten\core.$add$./rtl/core/vibration_core.sv:360$1895 ($add).
Removed top 6 bits (of 7) from port B of cell core_pnr_probe.$flatten\core.$add$./rtl/core/vibration_core.sv:347$1891 ($add).
Removed top 25 bits (of 32) from port B of cell core_pnr_probe.$flatten\core.$eq$./rtl/core/vibration_core.sv:346$1890 ($eq).
Removed top 25 bits (of 32) from port A of cell core_pnr_probe.$flatten\core.$add$./rtl/core/vibration_core.sv:346$1889 ($add).
Removed top 31 bits (of 32) from port B of cell core_pnr_probe.$flatten\core.$add$./rtl/core/vibration_core.sv:346$1889 ($add).
Removed top 24 bits (of 32) from port Y of cell core_pnr_probe.$flatten\core.$add$./rtl/core/vibration_core.sv:346$1889 ($add).
Removed top 24 bits (of 40) from port B of cell core_pnr_probe.$flatten\core.$lt$./rtl/core/vibration_core.sv:165$1886 ($lt).
Removed top 16 bits (of 32) from port B of cell core_pnr_probe.$flatten\core.$gt$./rtl/core/vibration_core.sv:164$1884 ($gt).
Removed top 20 bits (of 40) from port A of cell core_pnr_probe.$flatten\core.$gt$./rtl/core/vibration_core.sv:149$1878 ($gt).
Removed top 20 bits (of 40) from port B of cell core_pnr_probe.$flatten\core.$gt$./rtl/core/vibration_core.sv:149$1878 ($gt).
Removed top 31 bits (of 32) from mux cell core_pnr_probe.$flatten\core.$ternary$./rtl/core/vibration_core.sv:343$1871 ($mux).
Removed top 24 bits (of 40) from port B of cell core_pnr_probe.$flatten\core.$lt$./rtl/core/vibration_core.sv:165$1869 ($lt).
Removed top 16 bits (of 32) from port B of cell core_pnr_probe.$flatten\core.$gt$./rtl/core/vibration_core.sv:164$1867 ($gt).
Removed top 20 bits (of 40) from port A of cell core_pnr_probe.$flatten\core.$add$./rtl/core/vibration_core.sv:149$1866 ($add).
Removed top 39 bits (of 40) from mux cell core_pnr_probe.$flatten\core.$ternary$./rtl/core/vibration_core.sv:149$1865 ($mux).
Removed top 24 bits (of 40) from port B of cell core_pnr_probe.$flatten\core.$lt$./rtl/core/vibration_core.sv:165$1853 ($lt).
Removed top 16 bits (of 32) from port B of cell core_pnr_probe.$flatten\core.$gt$./rtl/core/vibration_core.sv:164$1851 ($gt).
Removed top 31 bits (of 32) from port B of cell core_pnr_probe.$flatten\core.$add$./rtl/core/vibration_core.sv:338$1818 ($add).
Removed top 22 bits (of 32) from port Y of cell core_pnr_probe.$flatten\core.$add$./rtl/core/vibration_core.sv:338$1818 ($add).
Removed top 6 bits (of 16) from port Y of cell core_pnr_probe.$flatten\core.$add$./rtl/core/vibration_core.sv:335$1816 ($add).
Removed top 1 bits (of 10) from mux cell core_pnr_probe.$flatten\core.$ternary$./rtl/core/vibration_core.sv:327$1811 ($mux).
Removed top 30 bits (of 32) from port Y of cell core_pnr_probe.$flatten\core.$or$./rtl/core/vibration_core.sv:322$1806 ($or).
Removed top 30 bits (of 32) from port A of cell core_pnr_probe.$flatten\core.$or$./rtl/core/vibration_core.sv:322$1806 ($or).
Removed top 30 bits (of 32) from port B of cell core_pnr_probe.$flatten\core.$or$./rtl/core/vibration_core.sv:322$1806 ($or).
Removed top 30 bits (of 32) from port Y of cell core_pnr_probe.$flatten\core.$shift$./rtl/core/vibration_core.sv:322$1805 ($shift).
Converting cell core_pnr_probe.$flatten\core.$neg$./rtl/core/vibration_core.sv:322$1804 ($neg) from signed to unsigned.
Removed top 1 bits (of 2) from port A of cell core_pnr_probe.$flatten\core.$neg$./rtl/core/vibration_core.sv:322$1804 ($neg).
Removed top 30 bits (of 32) from port Y of cell core_pnr_probe.$flatten\core.$and$./rtl/core/vibration_core.sv:322$1803 ($and).
Removed top 30 bits (of 32) from port B of cell core_pnr_probe.$flatten\core.$and$./rtl/core/vibration_core.sv:322$1803 ($and).
Removed top 30 bits (of 32) from port Y of cell core_pnr_probe.$flatten\core.$not$./rtl/core/vibration_core.sv:322$1802 ($not).
Removed top 30 bits (of 32) from port A of cell core_pnr_probe.$flatten\core.$not$./rtl/core/vibration_core.sv:322$1802 ($not).
Removed top 30 bits (of 32) from port Y of cell core_pnr_probe.$flatten\core.$shift$./rtl/core/vibration_core.sv:322$1801 ($shift).
Removed top 28 bits (of 40) from port B of cell core_pnr_probe.$flatten\core.$lt$./rtl/core/vibration_core.sv:157$1795 ($lt).
Removed top 20 bits (of 32) from port B of cell core_pnr_probe.$flatten\core.$gt$./rtl/core/vibration_core.sv:156$1793 ($gt).
Removed top 22 bits (of 40) from port A of cell core_pnr_probe.$flatten\core.$add$./rtl/core/vibration_core.sv:149$1792 ($add).
Removed top 39 bits (of 40) from mux cell core_pnr_probe.$flatten\core.$ternary$./rtl/core/vibration_core.sv:149$1791 ($mux).
Removed top 26 bits (of 40) from port A of cell core_pnr_probe.$flatten\core.$gt$./rtl/core/vibration_core.sv:149$1787 ($gt).
Removed top 26 bits (of 40) from port B of cell core_pnr_probe.$flatten\core.$gt$./rtl/core/vibration_core.sv:149$1787 ($gt).
Removed top 24 bits (of 40) from port A of cell core_pnr_probe.$flatten\core.$add$./rtl/core/vibration_core.sv:149$1780 ($add).
Removed top 39 bits (of 40) from mux cell core_pnr_probe.$flatten\core.$ternary$./rtl/core/vibration_core.sv:149$1779 ($mux).
Removed top 30 bits (of 40) from port A of cell core_pnr_probe.$flatten\core.$gt$./rtl/core/vibration_core.sv:149$1775 ($gt).
Removed top 30 bits (of 40) from port B of cell core_pnr_probe.$flatten\core.$gt$./rtl/core/vibration_core.sv:149$1775 ($gt).
Removed top 30 bits (of 32) from port Y of cell core_pnr_probe.$flatten\core.$or$./rtl/core/vibration_core.sv:308$1751 ($or).
Removed top 30 bits (of 32) from port A of cell core_pnr_probe.$flatten\core.$or$./rtl/core/vibration_core.sv:308$1751 ($or).
Removed top 30 bits (of 32) from port B of cell core_pnr_probe.$flatten\core.$or$./rtl/core/vibration_core.sv:308$1751 ($or).
Converting cell core_pnr_probe.$flatten\core.$neg$./rtl/core/vibration_core.sv:308$1749 ($neg) from signed to unsigned.
Removed top 1 bits (of 2) from port A of cell core_pnr_probe.$flatten\core.$neg$./rtl/core/vibration_core.sv:308$1749 ($neg).
Removed top 30 bits (of 32) from port Y of cell core_pnr_probe.$flatten\core.$and$./rtl/core/vibration_core.sv:308$1748 ($and).
Removed top 30 bits (of 32) from port B of cell core_pnr_probe.$flatten\core.$and$./rtl/core/vibration_core.sv:308$1748 ($and).
Removed top 30 bits (of 32) from port Y of cell core_pnr_probe.$flatten\core.$or$./rtl/core/vibration_core.sv:308$1744 ($or).
Removed top 30 bits (of 32) from port A of cell core_pnr_probe.$flatten\core.$or$./rtl/core/vibration_core.sv:308$1744 ($or).
Removed top 30 bits (of 32) from port B of cell core_pnr_probe.$flatten\core.$or$./rtl/core/vibration_core.sv:308$1744 ($or).
Removed top 30 bits (of 32) from port Y of cell core_pnr_probe.$flatten\core.$shift$./rtl/core/vibration_core.sv:308$1743 ($shift).
Removed top 30 bits (of 32) from port Y of cell core_pnr_probe.$flatten\core.$and$./rtl/core/vibration_core.sv:308$1741 ($and).
Removed top 30 bits (of 32) from port B of cell core_pnr_probe.$flatten\core.$and$./rtl/core/vibration_core.sv:308$1741 ($and).
Removed top 31 bits (of 32) from port B of cell core_pnr_probe.$flatten\core.$add$./rtl/core/vibration_core.sv:303$1655 ($add).
Removed top 13 bits (of 32) from port Y of cell core_pnr_probe.$flatten\core.$add$./rtl/core/vibration_core.sv:303$1655 ($add).
Removed top 31 bits (of 32) from port B of cell core_pnr_probe.$flatten\core.$add$./rtl/core/vibration_core.sv:302$1649 ($add).
Removed top 22 bits (of 32) from port Y of cell core_pnr_probe.$flatten\core.$add$./rtl/core/vibration_core.sv:302$1649 ($add).
Removed top 31 bits (of 32) from port B of cell core_pnr_probe.$flatten\core.$add$./rtl/core/vibration_core.sv:301$1645 ($add).
Removed top 22 bits (of 32) from port Y of cell core_pnr_probe.$flatten\core.$add$./rtl/core/vibration_core.sv:301$1645 ($add).
Removed top 1 bits (of 5) from port B of cell core_pnr_probe.$flatten\core.$ge$./rtl/core/vibration_core.sv:301$1642 ($ge).
Removed top 31 bits (of 32) from port B of cell core_pnr_probe.$flatten\core.$add$./rtl/core/vibration_core.sv:300$1641 ($add).
Removed top 13 bits (of 32) from port Y of cell core_pnr_probe.$flatten\core.$add$./rtl/core/vibration_core.sv:300$1641 ($add).
Removed top 1 bits (of 5) from port B of cell core_pnr_probe.$flatten\core.$le$./rtl/core/vibration_core.sv:300$1639 ($le).
Removed top 2 bits (of 5) from port B of cell core_pnr_probe.$flatten\core.$ge$./rtl/core/vibration_core.sv:300$1638 ($ge).
Removed top 31 bits (of 32) from port B of cell core_pnr_probe.$flatten\core.$add$./rtl/core/vibration_core.sv:299$1637 ($add).
Removed top 20 bits (of 32) from port Y of cell core_pnr_probe.$flatten\core.$add$./rtl/core/vibration_core.sv:299$1637 ($add).
Removed top 2 bits (of 5) from port B of cell core_pnr_probe.$flatten\core.$le$./rtl/core/vibration_core.sv:299$1635 ($le).
Removed top 4 bits (of 5) from port B of cell core_pnr_probe.$flatten\core.$ge$./rtl/core/vibration_core.sv:299$1634 ($ge).
Removed top 31 bits (of 32) from port B of cell core_pnr_probe.$flatten\core.$add$./rtl/core/vibration_core.sv:295$1633 ($add).
Removed top 22 bits (of 32) from port Y of cell core_pnr_probe.$flatten\core.$add$./rtl/core/vibration_core.sv:295$1633 ($add).
Removed top 31 bits (of 32) from port B of cell core_pnr_probe.$flatten\core.$add$./rtl/core/vibration_core.sv:294$1632 ($add).
Removed top 10 bits (of 26) from port B of cell core_pnr_probe.$flatten\core.$add$./rtl/core/vibration_core.sv:290$1628 ($add).
Removed top 30 bits (of 32) from port Y of cell core_pnr_probe.$flatten\core.$or$./rtl/core/vibration_core.sv:289$1627 ($or).
Removed top 30 bits (of 32) from port A of cell core_pnr_probe.$flatten\core.$or$./rtl/core/vibration_core.sv:289$1627 ($or).
Removed top 30 bits (of 32) from port B of cell core_pnr_probe.$flatten\core.$or$./rtl/core/vibration_core.sv:289$1627 ($or).
Converting cell core_pnr_probe.$flatten\core.$neg$./rtl/core/vibration_core.sv:289$1625 ($neg) from signed to unsigned.
Removed top 1 bits (of 2) from port A of cell core_pnr_probe.$flatten\core.$neg$./rtl/core/vibration_core.sv:289$1625 ($neg).
Removed top 30 bits (of 32) from port Y of cell core_pnr_probe.$flatten\core.$and$./rtl/core/vibration_core.sv:289$1624 ($and).
Removed top 30 bits (of 32) from port B of cell core_pnr_probe.$flatten\core.$and$./rtl/core/vibration_core.sv:289$1624 ($and).
Removed top 30 bits (of 32) from port Y of cell core_pnr_probe.$flatten\core.$not$./rtl/core/vibration_core.sv:289$1623 ($not).
Removed top 30 bits (of 32) from port A of cell core_pnr_probe.$flatten\core.$not$./rtl/core/vibration_core.sv:289$1623 ($not).
Removed top 28 bits (of 40) from port B of cell core_pnr_probe.$flatten\core.$lt$./rtl/core/vibration_core.sv:157$1397 ($lt).
Removed top 20 bits (of 32) from port B of cell core_pnr_probe.$flatten\core.$gt$./rtl/core/vibration_core.sv:156$1395 ($gt).
Removed top 22 bits (of 32) from mux cell core_pnr_probe.$flatten\core.$ternary$./rtl/core/vibration_core.sv:249$1367 ($mux).
Removed top 28 bits (of 40) from port B of cell core_pnr_probe.$flatten\core.$lt$./rtl/core/vibration_core.sv:157$1323 ($lt).
Removed top 20 bits (of 32) from port B of cell core_pnr_probe.$flatten\core.$gt$./rtl/core/vibration_core.sv:156$1321 ($gt).
Removed top 5 bits (of 40) from port A of cell core_pnr_probe.$flatten\core.$add$./rtl/core/vibration_core.sv:149$1320 ($add).
Removed top 39 bits (of 40) from mux cell core_pnr_probe.$flatten\core.$ternary$./rtl/core/vibration_core.sv:149$1319 ($mux).
Removed top 35 bits (of 40) from port A of cell core_pnr_probe.$flatten\core.$gt$./rtl/core/vibration_core.sv:149$1315 ($gt).
Removed top 35 bits (of 40) from port B of cell core_pnr_probe.$flatten\core.$gt$./rtl/core/vibration_core.sv:149$1315 ($gt).
Converting cell core_pnr_probe.$flatten\core.$sub$./rtl/core/vibration_core.sv:228$1308 ($sub) from unsigned to signed.
Removed top 24 bits (of 40) from port A of cell core_pnr_probe.$flatten\core.$sub$./rtl/core/vibration_core.sv:228$1308 ($sub).
Removed top 24 bits (of 40) from port B of cell core_pnr_probe.$flatten\core.$sub$./rtl/core/vibration_core.sv:228$1308 ($sub).
Removed top 23 bits (of 40) from port Y of cell core_pnr_probe.$flatten\core.$sub$./rtl/core/vibration_core.sv:228$1308 ($sub).
Removed top 3 bits (of 4) from port B of cell core_pnr_probe.$flatten\core.$add$./rtl/core/vibration_core.sv:134$1291 ($add).
Removed top 6 bits (of 7) from port B of cell core_pnr_probe.$flatten\core.$add$./rtl/core/vibration_core.sv:132$1290 ($add).
Removed top 23 bits (of 32) from mux cell core_pnr_probe.$flatten\core.$ternary$./rtl/core/vibration_core.sv:131$1289 ($mux).
Removed top 24 bits (of 32) from port A of cell core_pnr_probe.$flatten\core.$add$./rtl/core/vibration_core.sv:131$1288 ($add).
Removed top 28 bits (of 32) from port B of cell core_pnr_probe.$flatten\core.$add$./rtl/core/vibration_core.sv:131$1288 ($add).
Removed top 23 bits (of 32) from port Y of cell core_pnr_probe.$flatten\core.$add$./rtl/core/vibration_core.sv:131$1288 ($add).
Removed top 28 bits (of 32) from port B of cell core_pnr_probe.$flatten\core.$add$./rtl/core/vibration_core.sv:131$1285 ($add).
Removed top 23 bits (of 32) from port Y of cell core_pnr_probe.$flatten\core.$add$./rtl/core/vibration_core.sv:131$1285 ($add).
Removed top 23 bits (of 32) from port A of cell core_pnr_probe.$flatten\core.$add$./rtl/core/vibration_core.sv:131$1285 ($add).
Removed top 23 bits (of 32) from port A of cell core_pnr_probe.$flatten\core.$add$./rtl/core/vibration_core.sv:131$1284 ($add).
Removed top 24 bits (of 32) from port B of cell core_pnr_probe.$flatten\core.$add$./rtl/core/vibration_core.sv:131$1284 ($add).
Removed top 23 bits (of 32) from port Y of cell core_pnr_probe.$flatten\core.$add$./rtl/core/vibration_core.sv:131$1284 ($add).
Removed top 1 bits (of 8) from port A of cell core_pnr_probe.$flatten\core.$add$./rtl/core/vibration_core.sv:114$1278 ($add).
Removed top 7 bits (of 8) from port B of cell core_pnr_probe.$flatten\core.$add$./rtl/core/vibration_core.sv:114$1278 ($add).
Removed top 1 bits (of 34) from port A of cell core_pnr_probe.$flatten\core.$add$./rtl/core/vibration_core.sv:110$1275 ($add).
Removed top 1 bits (of 34) from port B of cell core_pnr_probe.$flatten\core.$add$./rtl/core/vibration_core.sv:110$1275 ($add).
Removed top 1 bits (of 33) from port B of cell core_pnr_probe.$flatten\core.$add$./rtl/core/vibration_core.sv:109$1274 ($add).
Removed top 38 bits (of 40) from port B of cell core_pnr_probe.$flatten\core.$add$./rtl/core/vibration_core.sv:149$1974 ($add).
Removed top 7 bits (of 40) from port Y of cell core_pnr_probe.$flatten\core.$add$./rtl/core/vibration_core.sv:149$1974 ($add).
Removed top 38 bits (of 40) from port B of cell core_pnr_probe.$flatten\core.$add$./rtl/core/vibration_core.sv:149$1866 ($add).
Removed top 19 bits (of 40) from port Y of cell core_pnr_probe.$flatten\core.$add$./rtl/core/vibration_core.sv:149$1866 ($add).
Removed top 38 bits (of 40) from port B of cell core_pnr_probe.$flatten\core.$add$./rtl/core/vibration_core.sv:149$1792 ($add).
Removed top 21 bits (of 40) from port Y of cell core_pnr_probe.$flatten\core.$add$./rtl/core/vibration_core.sv:149$1792 ($add).
Removed top 38 bits (of 40) from port B of cell core_pnr_probe.$flatten\core.$add$./rtl/core/vibration_core.sv:149$1780 ($add).
Removed top 23 bits (of 40) from port Y of cell core_pnr_probe.$flatten\core.$add$./rtl/core/vibration_core.sv:149$1780 ($add).
Removed top 30 bits (of 32) from port Y of cell core_pnr_probe.$flatten\core.$not$./rtl/core/vibration_core.sv:308$1747 ($not).
Removed top 30 bits (of 32) from port A of cell core_pnr_probe.$flatten\core.$not$./rtl/core/vibration_core.sv:308$1747 ($not).
Removed top 30 bits (of 32) from port Y of cell core_pnr_probe.$flatten\core.$shift$./rtl/core/vibration_core.sv:289$1626 ($shift).
Removed top 23 bits (of 35) from port A of cell core_pnr_probe.$flatten\core.$add$./rtl/core/vibration_core.sv:149$1320 ($add).
Removed top 38 bits (of 40) from port B of cell core_pnr_probe.$flatten\core.$add$./rtl/core/vibration_core.sv:149$1320 ($add).
Removed top 27 bits (of 40) from port Y of cell core_pnr_probe.$flatten\core.$add$./rtl/core/vibration_core.sv:149$1320 ($add).
Removed top 30 bits (of 32) from port Y of cell core_pnr_probe.$flatten\core.$shift$./rtl/core/vibration_core.sv:308$1750 ($shift).
Removed top 22 bits (of 32) from wire core_pnr_probe.$flatten\core.$ternary$./rtl/core/vibration_core.sv:248$1365_Y.
Removed top 22 bits (of 32) from wire core_pnr_probe.$flatten\core.$2$memwr$\raw0$./rtl/core/vibration_core.sv:249$1249_ADDR[31:0]$1361.
Removed top 22 bits (of 32) from wire core_pnr_probe.$flatten\core.$2$memwr$\raw1$./rtl/core/vibration_core.sv:248$1248_ADDR[31:0]$1358.
Removed top 22 bits (of 32) from wire core_pnr_probe.$flatten\core.$0$memwr$\raw0$./rtl/core/vibration_core.sv:249$1249_ADDR[31:0]$1340.
Removed top 22 bits (of 32) from wire core_pnr_probe.$flatten\core.$0$memwr$\raw1$./rtl/core/vibration_core.sv:248$1248_ADDR[31:0]$1337.
Removed top 39 bits (of 40) from wire core_pnr_probe.$flatten\core.$ternary$./rtl/core/vibration_core.sv:149$1849_Y.
Removed top 27 bits (of 32) from wire core_pnr_probe.$flatten\core.$add$./rtl/core/vibration_core.sv:411$1985_Y.
Removed top 39 bits (of 40) from wire core_pnr_probe.$flatten\core.$ternary$./rtl/core/vibration_core.sv:149$1319_Y.
Removed top 35 bits (of 40) from wire core_pnr_probe.$flatten\core.$and$./rtl/core/vibration_core.sv:147$1314_Y.
Removed top 30 bits (of 32) from wire core_pnr_probe.$flatten\core.$shift$./rtl/core/vibration_core.sv:289$1622_Y.
Removed top 30 bits (of 32) from wire core_pnr_probe.$flatten\core.$not$./rtl/core/vibration_core.sv:289$1623_Y.
Removed top 30 bits (of 32) from wire core_pnr_probe.$flatten\core.$and$./rtl/core/vibration_core.sv:289$1624_Y.
Removed top 39 bits (of 40) from wire core_pnr_probe.$flatten\core.$ternary$./rtl/core/vibration_core.sv:149$1957_Y.
Removed top 30 bits (of 32) from wire core_pnr_probe.$flatten\core.$or$./rtl/core/vibration_core.sv:289$1627_Y.
Removed top 23 bits (of 32) from wire core_pnr_probe.$flatten\core.$add$./rtl/core/vibration_core.sv:131$1288_Y.
Removed top 6 bits (of 16) from wire core_pnr_probe.$flatten\core.$add$./rtl/core/vibration_core.sv:335$1816_Y.
Removed top 23 bits (of 32) from wire core_pnr_probe.$flatten\core.$add$./rtl/core/vibration_core.sv:131$1285_Y.
Removed top 23 bits (of 32) from wire core_pnr_probe.$flatten\core.$add$./rtl/core/vibration_core.sv:131$1284_Y.
Removed top 31 bits (of 32) from wire core_pnr_probe.$flatten\core.$ternary$./rtl/core/vibration_core.sv:343$1871_Y.
Removed top 1 bits (of 10) from wire core_pnr_probe.$flatten\core.$ternary$./rtl/core/vibration_core.sv:327$1811_Y.
Removed top 28 bits (of 32) from wire core_pnr_probe.$flatten\core.$add$./rtl/core/vibration_core.sv:398$1920_Y.
Removed top 22 bits (of 32) from wire core_pnr_probe.$flatten\core.$add$./rtl/core/vibration_core.sv:295$1633_Y.
Removed top 22 bits (of 32) from wire core_pnr_probe.$flatten\core.$add$./rtl/core/vibration_core.sv:323$1807_Y.
Removed top 30 bits (of 32) from wire core_pnr_probe.$flatten\core.$or$./rtl/core/vibration_core.sv:322$1806_Y.
Removed top 30 bits (of 32) from wire core_pnr_probe.$flatten\core.$shift$./rtl/core/vibration_core.sv:322$1805_Y.
Removed top 30 bits (of 32) from wire core_pnr_probe.$flatten\core.$and$./rtl/core/vibration_core.sv:322$1803_Y.
Removed top 30 bits (of 32) from wire core_pnr_probe.$flatten\core.$not$./rtl/core/vibration_core.sv:322$1802_Y.
Removed top 30 bits (of 32) from wire core_pnr_probe.$flatten\core.$shift$./rtl/core/vibration_core.sv:322$1801_Y.
Removed top 2 bits (of 5) from wire core_pnr_probe.$flatten\core.$procmux$6924_Y.
Removed top 20 bits (of 32) from wire core_pnr_probe.$flatten\core.$add$./rtl/core/vibration_core.sv:299$1637_Y.
Removed top 2 bits (of 5) from wire core_pnr_probe.$flatten\core.$procmux$6933_Y.
Removed top 13 bits (of 32) from wire core_pnr_probe.$flatten\core.$add$./rtl/core/vibration_core.sv:300$1641_Y.
Removed top 2 bits (of 5) from wire core_pnr_probe.$flatten\core.$procmux$6954_Y.
Removed top 22 bits (of 32) from wire core_pnr_probe.$flatten\core.$add$./rtl/core/vibration_core.sv:301$1645_Y.
Removed top 1 bits (of 5) from wire core_pnr_probe.$flatten\core.$procmux$6962_Y.
Removed top 1 bits (of 5) from wire core_pnr_probe.$flatten\core.$procmux$6968_Y.
Removed top 2 bits (of 5) from wire core_pnr_probe.$flatten\core.$procmux$6975_Y.
Removed top 22 bits (of 32) from wire core_pnr_probe.$flatten\core.$add$./rtl/core/vibration_core.sv:302$1649_Y.
Removed top 28 bits (of 32) from wire core_pnr_probe.$flatten\core.$add$./rtl/core/vibration_core.sv:382$1906_Y.
Removed top 13 bits (of 32) from wire core_pnr_probe.$flatten\core.$add$./rtl/core/vibration_core.sv:303$1655_Y.
Removed top 24 bits (of 32) from wire core_pnr_probe.$flatten\core.$sub$./rtl/core/vibration_core.sv:375$1903_Y.
Removed top 26 bits (of 32) from wire core_pnr_probe.$flatten\core.$add$./rtl/core/vibration_core.sv:361$1896_Y.
Removed top 30 bits (of 32) from wire core_pnr_probe.$flatten\core.$add$./rtl/core/vibration_core.sv:360$1895_Y.
Removed top 31 bits (of 32) from wire core_pnr_probe.$flatten\core.$add$./rtl/core/vibration_core.sv:348$1892_Y.
Removed top 39 bits (of 40) from wire core_pnr_probe.$flatten\core.$ternary$./rtl/core/vibration_core.sv:149$1765_Y.
Removed top 30 bits (of 40) from wire core_pnr_probe.$flatten\core.$and$./rtl/core/vibration_core.sv:147$1760_Y.
Removed top 24 bits (of 32) from wire core_pnr_probe.$flatten\core.$add$./rtl/core/vibration_core.sv:346$1889_Y.
Removed top 30 bits (of 32) from wire core_pnr_probe.$flatten\core.$or$./rtl/core/vibration_core.sv:308$1751_Y.
Removed top 30 bits (of 32) from wire core_pnr_probe.$flatten\core.$and$./rtl/core/vibration_core.sv:308$1748_Y.
Removed top 30 bits (of 32) from wire core_pnr_probe.$flatten\core.$or$./rtl/core/vibration_core.sv:308$1744_Y.
Removed top 30 bits (of 32) from wire core_pnr_probe.$flatten\core.$shift$./rtl/core/vibration_core.sv:308$1743_Y.
Removed top 30 bits (of 32) from wire core_pnr_probe.$flatten\core.$and$./rtl/core/vibration_core.sv:308$1741_Y.
Removed top 30 bits (of 32) from wire core_pnr_probe.$flatten\core.$not$./rtl/core/vibration_core.sv:308$1740_Y.
Removed top 30 bits (of 32) from wire core_pnr_probe.$flatten\core.$shift$./rtl/core/vibration_core.sv:308$1739_Y.
Removed top 39 bits (of 40) from wire core_pnr_probe.$flatten\core.$ternary$./rtl/core/vibration_core.sv:149$1393_Y.
Removed top 7 bits (of 8) from wire core_pnr_probe.error_flags.
Removed top 13 bits (of 32) from wire core_pnr_probe.total.
Removed top 22 bits (of 32) from wire core_pnr_probe.nn_cycles.
Removed top 22 bits (of 32) from wire core_pnr_probe.power_cycles.
Removed top 13 bits (of 32) from wire core_pnr_probe.dft.
Removed top 20 bits (of 32) from wire core_pnr_probe.pre.

5.16. Executing PEEPOPT pass (run peephole optimizers).

5.17. Executing OPT_CLEAN pass (remove unused cells and wires).
Finding unused cells or wires in module \core_pnr_probe..
Removed 0 unused cells and 62 unused wires.
<suppressed ~1 debug messages>

5.18. Executing SHARE pass (SAT-based resource sharing).
Found 10 cells in module core_pnr_probe that may be considered for resource sharing.
  Analyzing resource sharing options for $flatten\core.$memrd$\real_part$./rtl/core/vibration_core.sv:235$1326 ($memrd):
    Found 1 activation_patterns using ctrl signal $flatten\core.$procmux$6959_CMP.
    No candidates found.
  Analyzing resource sharing options for $flatten\core.$memrd$\imag_part$./rtl/core/vibration_core.sv:236$1328 ($memrd):
    Found 1 activation_patterns using ctrl signal $flatten\core.$procmux$6957_CMP.
    No candidates found.
  Analyzing resource sharing options for $flatten\core.$memrd$\raw1$./rtl/core/vibration_core.sv:252$1369 ($memrd):
    Found 1 activation_patterns using ctrl signal \core.active_bank.
    No candidates found.
  Analyzing resource sharing options for $flatten\core.$memrd$\raw0$./rtl/core/vibration_core.sv:252$1370 ($memrd):
    Found 1 activation_patterns using ctrl signal \core.active_bank.
    No candidates found.
  Analyzing resource sharing options for $flatten\core.$memrd$\feature_shifts$./rtl/core/vibration_core.sv:368$1900 ($memrd):
    Found 2 activation_patterns using ctrl signal { $flatten\core.$eq$./rtl/core/vibration_core.sv:367$1899_Y $flatten\core.$procmux$6432_CMP }.
    No candidates found.
  Analyzing resource sharing options for $flatten\core.$memrd$\bias1$./rtl/core/vibration_core.sv:387$1909 ($memrd):
    Found 1 activation_patterns using ctrl signal { \core.nn_layer $flatten\core.$procmux$6156_CMP }.
    No candidates found.
  Analyzing resource sharing options for $flatten\core.$memrd$\bias2$./rtl/core/vibration_core.sv:388$1913 ($memrd):
    Found 1 activation_patterns using ctrl signal { \core.nn_layer $flatten\core.$lt$./rtl/core/vibration_core.sv:388$1912_Y $flatten\core.$procmux$6156_CMP }.
    No candidates found.
  Analyzing resource sharing options for $flatten\core.$memrd$\hidden$./rtl/core/vibration_core.sv:393$1915 ($memrd):
    Found 1 activation_patterns using ctrl signal \core.nn_layer.
    No candidates found.
  Analyzing resource sharing options for $flatten\core.$memrd$\features$./rtl/core/vibration_core.sv:393$1916 ($memrd):
    Found 1 activation_patterns using ctrl signal \core.nn_layer.
    No candidates found.
  Analyzing resource sharing options for $flatten\core.$memrd$\frequency_bins$./rtl/core/vibration_core.sv:335$1813 ($memrd):
    Found 1 activation_patterns using ctrl signal $flatten\core.$procmux$6139_CMP.
    No candidates found.

5.19. Executing TECHMAP pass (map to technology primitives).

5.19.1. Executing Verilog-2005 frontend: ./.tools/oss-cad-suite/libexec/../share/yosys/cmp2lut.v
Parsing Verilog input from `./.tools/oss-cad-suite/libexec/../share/yosys/cmp2lut.v' to AST representation.
Generating RTLIL representation for module `\_90_lut_cmp_'.
Successfully finished Verilog frontend.

5.19.2. Continuing TECHMAP pass.
Using template $paramod$0926ea2f5877749d1171d82319a61f8ffa3924b2\_90_lut_cmp_ for cells of type $lt.
No more expansions possible.
<suppressed ~641 debug messages>

5.20. Executing OPT_EXPR pass (perform const folding).
Optimizing module core_pnr_probe.

5.21. Executing OPT_CLEAN pass (remove unused cells and wires).
Finding unused cells or wires in module \core_pnr_probe..
Removed 0 unused cells and 6 unused wires.
<suppressed ~1 debug messages>

5.22. Executing MEMORY_DFF pass (merging $dff cells to $memrd).
Checking read port `\core.raw0'[0] in module `\core_pnr_probe': FF found, but with a mux select that doesn't seem to correspond to transparency logic.
Checking read port `\core.raw1'[0] in module `\core_pnr_probe': FF found, but with a mux select that doesn't seem to correspond to transparency logic.
Checking read port `\core.windowed'[0] in module `\core_pnr_probe': merging output FF to cell.
    Write port 0: don't care on collision.
Checking read port `\core.frequency_bins'[0] in module `\core_pnr_probe': no output FF found.
Checking read port `\core.feature_shifts'[0] in module `\core_pnr_probe': no output FF found.
Checking read port `\core.bias1'[0] in module `\core_pnr_probe': no output FF found.
Checking read port `\core.bias2'[0] in module `\core_pnr_probe': no output FF found.
Checking read port `\core.frame_ids'[0] in module `\core_pnr_probe': merging output FF to cell.
    Write port 0: non-transparent.
Checking read port `\core.frame_sums'[0] in module `\core_pnr_probe': no output FF found.
Checking read port `\core.real_part'[0] in module `\core_pnr_probe': no output FF found.
Checking read port `\core.imag_part'[0] in module `\core_pnr_probe': no output FF found.
Checking read port `\core.features'[0] in module `\core_pnr_probe': FF found, but with a mux select that doesn't seem to correspond to transparency logic.
Checking read port `\core.hidden'[0] in module `\core_pnr_probe': FF found, but with a mux select that doesn't seem to correspond to transparency logic.
Checking read port `\core.logits'[0] in module `\core_pnr_probe': no output FF found.
Checking read port `\core.logits'[1] in module `\core_pnr_probe': no output FF found.
Checking read port `\core.logits'[2] in module `\core_pnr_probe': no output FF found.
Checking read port `\core.g_lane[0].weights'[0] in module `\core_pnr_probe': merging output FF to cell.
Checking read port `\core.hann_rom.quarter'[0] in module `\core_pnr_probe': merging output FF to cell.
Checking read port `\core.g_lane[0].coeff_rom.quarter'[0] in module `\core_pnr_probe': merging output FF to cell.
Checking read port address `\core.raw0'[0] in module `\core_pnr_probe': merged address FF to cell.
Checking read port address `\core.raw1'[0] in module `\core_pnr_probe': merged address FF to cell.
Checking read port address `\core.frequency_bins'[0] in module `\core_pnr_probe': merged address FF to cell.
Checking read port address `\core.feature_shifts'[0] in module `\core_pnr_probe': merged address FF to cell.
Checking read port address `\core.bias1'[0] in module `\core_pnr_probe': merged address FF to cell.
Checking read port address `\core.bias2'[0] in module `\core_pnr_probe': merged address FF to cell.
Checking read port address `\core.frame_sums'[0] in module `\core_pnr_probe': merged address FF to cell.
Checking read port address `\core.real_part'[0] in module `\core_pnr_probe': merged address FF to cell.
Checking read port address `\core.imag_part'[0] in module `\core_pnr_probe': merged address FF to cell.
Checking read port address `\core.features'[0] in module `\core_pnr_probe': merged address FF to cell.
Checking read port address `\core.hidden'[0] in module `\core_pnr_probe': merged address FF to cell.
Checking read port address `\core.logits'[0] in module `\core_pnr_probe': no address FF found.
Checking read port address `\core.logits'[1] in module `\core_pnr_probe': no address FF found.
Checking read port address `\core.logits'[2] in module `\core_pnr_probe': no address FF found.

5.23. Executing WREDUCE pass (reducing word size of cells).

5.24. Executing TECHMAP pass (map to technology primitives).

5.24.1. Executing Verilog-2005 frontend: ./.tools/oss-cad-suite/libexec/../share/yosys/mul2dsp.v
Parsing Verilog input from `./.tools/oss-cad-suite/libexec/../share/yosys/mul2dsp.v' to AST representation.
Generating RTLIL representation for module `\_80_mul'.
Generating RTLIL representation for module `\_90_soft_mul'.
Successfully finished Verilog frontend.

5.24.2. Executing Verilog-2005 frontend: ./.tools/oss-cad-suite/libexec/../share/yosys/ice40/dsp_map.v
Parsing Verilog input from `./.tools/oss-cad-suite/libexec/../share/yosys/ice40/dsp_map.v' to AST representation.
Generating RTLIL representation for module `$__MUL16X16'.
Successfully finished Verilog frontend.

5.24.3. Continuing TECHMAP pass.
Using template $paramod$98b5abf51e25760e7ff42b5f29b6a0813dd63380\_80_mul for cells of type $mul.
Using template $paramod$47854eca91d30af97f481b6f686a93486e1c1fd1$__MUL16X16 for cells of type $__MUL16X16.
No more expansions possible.
<suppressed ~89 debug messages>

5.25. Executing OPT_EXPR pass (perform const folding).

5.26. Executing WREDUCE pass (reducing word size of cells).

5.27. Executing ICE40_DSP pass (map multipliers).
Checking core_pnr_probe.$flatten\core.$mul$./rtl/core/vibration_core.sv:216$2016 for iCE40 DSP inference.
  clock: \clk (posedge) ffO:$auto$ff.cc:337:slice$7914
<suppressed ~10 debug messages>

5.28. Executing ALUMACC pass (create $alu and $macc cells).
Extracting $alu and $macc cells in module core_pnr_probe:
  creating $macc model for $flatten\core.$add$./rtl/core/vibration_core.sv:338$1818 ($add).
  creating $macc model for $flatten\core.$add$./rtl/core/vibration_core.sv:335$1816 ($add).
  creating $macc model for $flatten\core.$neg$./rtl/core/vibration_core.sv:322$1804 ($neg).
  creating $macc model for $flatten\core.$add$./rtl/core/vibration_core.sv:149$1792 ($add).
  creating $macc model for $flatten\core.$add$./rtl/core/vibration_core.sv:149$1780 ($add).
  creating $macc model for $flatten\core.$add$./rtl/core/vibration_core.sv:398$1920 ($add).
  creating $macc model for $flatten\core.$add$./rtl/core/vibration_core.sv:396$1918 ($add).
  creating $macc model for $flatten\core.$add$./rtl/core/vibration_core.sv:110$1275 ($add).
  creating $macc model for $flatten\core.$add$./rtl/core/vibration_core.sv:109$1274 ($add).
  creating $macc model for $flatten\core.$add$./rtl/core/vibration_core.sv:382$1907 ($add).
  creating $macc model for $flatten\core.$add$./rtl/core/vibration_core.sv:382$1906 ($add).
  creating $macc model for $flatten\core.$sub$./rtl/core/vibration_core.sv:375$1903 ($sub).
  creating $macc model for $flatten\core.$add$./rtl/core/vibration_core.sv:360$1895 ($add).
  creating $macc model for $flatten\core.$add$./rtl/core/vibration_core.sv:149$1866 ($add).
  creating $macc model for $flatten\core.$add$./rtl/core/vibration_core.sv:414$1992 ($add).
  creating $macc model for $flatten\core.$add$./rtl/core/vibration_core.sv:413$1991 ($add).
  creating $macc model for $flatten\core.$add$./rtl/core/vibration_core.sv:346$1889 ($add).
  creating $macc model for $flatten\core.$add$./rtl/core/vibration_core.sv:412$1988 ($add).
  creating $macc model for $flatten\core.$add$./rtl/core/vibration_core.sv:149$1974 ($add).
  creating $macc model for $flatten\core.$neg$./rtl/core/vibration_core.sv:308$1749 ($neg).
  creating $macc model for $flatten\core.$add$./rtl/core/vibration_core.sv:347$1891 ($add).
  creating $macc model for $flatten\core.\g_lane[0].coeff_rom.$neg$./rtl/core/vib_coeff_rom.sv:20$1195 ($neg).
  creating $macc model for $flatten\core.$add$./rtl/core/vibration_core.sv:303$1655 ($add).
  creating $macc model for $flatten\core.$add$./rtl/core/vibration_core.sv:302$1649 ($add).
  creating $macc model for $flatten\core.$add$./rtl/core/vibration_core.sv:301$1645 ($add).
  creating $macc model for $flatten\core.$add$./rtl/core/vibration_core.sv:300$1641 ($add).
  creating $macc model for $flatten\core.$add$./rtl/core/vibration_core.sv:299$1637 ($add).
  creating $macc model for $flatten\core.$add$./rtl/core/vibration_core.sv:295$1633 ($add).
  creating $macc model for $flatten\core.$add$./rtl/core/vibration_core.sv:294$1632 ($add).
  creating $macc model for $flatten\core.$add$./rtl/core/vibration_core.sv:290$1628 ($add).
  creating $macc model for $flatten\core.$neg$./rtl/core/vibration_core.sv:289$1625 ($neg).
  creating $macc model for $flatten\core.$add$./rtl/core/vibration_core.sv:149$1320 ($add).
  creating $macc model for $flatten\core.$sub$./rtl/core/vibration_core.sv:228$1308 ($sub).
  creating $macc model for $flatten\core.\hann_rom.$neg$./rtl/core/vib_coeff_rom.sv:20$1209 ($neg).
  creating $macc model for $flatten\core.$add$./rtl/core/vibration_core.sv:134$1291 ($add).
  creating $macc model for $flatten\core.$add$./rtl/core/vibration_core.sv:132$1290 ($add).
  creating $macc model for $flatten\core.$add$./rtl/core/vibration_core.sv:131$1288 ($add).
  creating $macc model for $flatten\core.$add$./rtl/core/vibration_core.sv:131$1285 ($add).
  creating $macc model for $flatten\core.$add$./rtl/core/vibration_core.sv:131$1284 ($add).
  creating $macc model for $flatten\core.$add$./rtl/core/vibration_core.sv:114$1278 ($add).
  creating $macc model for $flatten\core.\hann_rom.$sub$./rtl/core/vib_coeff_rom.sv:34$1218 ($sub).
  creating $macc model for $flatten\core.\g_lane[0].coeff_rom.$neg$./rtl/core/vib_coeff_rom.sv:34$1204 ($neg).
  creating $macc model for $add$./sim/core_pnr_probe.sv:17$398 ($add).
  merging $macc model for $flatten\core.$add$./rtl/core/vibration_core.sv:131$1284 into $flatten\core.$add$./rtl/core/vibration_core.sv:131$1285.
  creating $alu model for $macc $flatten\core.\g_lane[0].coeff_rom.$neg$./rtl/core/vib_coeff_rom.sv:34$1204.
  creating $alu model for $macc $flatten\core.\hann_rom.$sub$./rtl/core/vib_coeff_rom.sv:34$1218.
  creating $alu model for $macc $flatten\core.$add$./rtl/core/vibration_core.sv:114$1278.
  creating $alu model for $macc $add$./sim/core_pnr_probe.sv:17$398.
  creating $alu model for $macc $flatten\core.$add$./rtl/core/vibration_core.sv:131$1288.
  creating $alu model for $macc $flatten\core.$add$./rtl/core/vibration_core.sv:132$1290.
  creating $alu model for $macc $flatten\core.$add$./rtl/core/vibration_core.sv:134$1291.
  creating $alu model for $macc $flatten\core.\hann_rom.$neg$./rtl/core/vib_coeff_rom.sv:20$1209.
  creating $alu model for $macc $flatten\core.$sub$./rtl/core/vibration_core.sv:228$1308.
  creating $alu model for $macc $flatten\core.$add$./rtl/core/vibration_core.sv:149$1320.
  creating $alu model for $macc $flatten\core.$neg$./rtl/core/vibration_core.sv:289$1625.
  creating $alu model for $macc $flatten\core.$add$./rtl/core/vibration_core.sv:290$1628.
  creating $alu model for $macc $flatten\core.$add$./rtl/core/vibration_core.sv:294$1632.
  creating $alu model for $macc $flatten\core.$add$./rtl/core/vibration_core.sv:295$1633.
  creating $alu model for $macc $flatten\core.$add$./rtl/core/vibration_core.sv:299$1637.
  creating $alu model for $macc $flatten\core.$add$./rtl/core/vibration_core.sv:300$1641.
  creating $alu model for $macc $flatten\core.$add$./rtl/core/vibration_core.sv:301$1645.
  creating $alu model for $macc $flatten\core.$add$./rtl/core/vibration_core.sv:302$1649.
  creating $alu model for $macc $flatten\core.$add$./rtl/core/vibration_core.sv:303$1655.
  creating $alu model for $macc $flatten\core.\g_lane[0].coeff_rom.$neg$./rtl/core/vib_coeff_rom.sv:20$1195.
  creating $alu model for $macc $flatten\core.$add$./rtl/core/vibration_core.sv:347$1891.
  creating $alu model for $macc $flatten\core.$neg$./rtl/core/vibration_core.sv:308$1749.
  creating $alu model for $macc $flatten\core.$add$./rtl/core/vibration_core.sv:149$1974.
  creating $alu model for $macc $flatten\core.$add$./rtl/core/vibration_core.sv:412$1988.
  creating $alu model for $macc $flatten\core.$add$./rtl/core/vibration_core.sv:346$1889.
  creating $alu model for $macc $flatten\core.$add$./rtl/core/vibration_core.sv:413$1991.
  creating $alu model for $macc $flatten\core.$add$./rtl/core/vibration_core.sv:414$1992.
  creating $alu model for $macc $flatten\core.$add$./rtl/core/vibration_core.sv:149$1866.
  creating $alu model for $macc $flatten\core.$add$./rtl/core/vibration_core.sv:360$1895.
  creating $alu model for $macc $flatten\core.$sub$./rtl/core/vibration_core.sv:375$1903.
  creating $alu model for $macc $flatten\core.$add$./rtl/core/vibration_core.sv:382$1906.
  creating $alu model for $macc $flatten\core.$add$./rtl/core/vibration_core.sv:382$1907.
  creating $alu model for $macc $flatten\core.$add$./rtl/core/vibration_core.sv:109$1274.
  creating $alu model for $macc $flatten\core.$add$./rtl/core/vibration_core.sv:110$1275.
  creating $alu model for $macc $flatten\core.$add$./rtl/core/vibration_core.sv:396$1918.
  creating $alu model for $macc $flatten\core.$add$./rtl/core/vibration_core.sv:398$1920.
  creating $alu model for $macc $flatten\core.$add$./rtl/core/vibration_core.sv:149$1780.
  creating $alu model for $macc $flatten\core.$add$./rtl/core/vibration_core.sv:149$1792.
  creating $alu model for $macc $flatten\core.$neg$./rtl/core/vibration_core.sv:322$1804.
  creating $alu model for $macc $flatten\core.$add$./rtl/core/vibration_core.sv:335$1816.
  creating $alu model for $macc $flatten\core.$add$./rtl/core/vibration_core.sv:338$1818.
  creating $macc cell for $flatten\core.$add$./rtl/core/vibration_core.sv:131$1285: $auto$alumacc.cc:399:replace_macc$8161
  creating $alu model for $flatten\core.$lt$./rtl/core/vibration_core.sv:401$1922 ($lt): new $alu
  creating $alu model for $flatten\core.$gt$./rtl/core/vibration_core.sv:401$1921 ($gt): new $alu
  creating $alu model for $flatten\core.$lt$./rtl/core/vibration_core.sv:157$1795 ($lt): new $alu
  creating $alu model for $flatten\core.$gt$./rtl/core/vibration_core.sv:156$1793 ($gt): new $alu
  creating $alu model for $flatten\core.$gt$./rtl/core/vibration_core.sv:149$1787 ($gt): new $alu
  creating $alu model for $flatten\core.$gt$./rtl/core/vibration_core.sv:149$1775 ($gt): new $alu
  creating $alu model for $flatten\core.$lt$./rtl/core/vibration_core.sv:165$1869 ($lt): new $alu
  creating $alu model for $flatten\core.$gt$./rtl/core/vibration_core.sv:164$1851 ($gt): new $alu
  creating $alu model for $flatten\core.$gt$./rtl/core/vibration_core.sv:368$1901 ($gt): new $alu
  creating $alu model for $flatten\core.$gt$./rtl/core/vibration_core.sv:164$1867 ($gt): new $alu
  creating $alu model for $flatten\core.$ge$./rtl/core/vibration_core.sv:418$1998 ($ge): new $alu
  creating $alu model for $flatten\core.$lt$./rtl/core/vibration_core.sv:165$1886 ($lt): new $alu
  creating $alu model for $flatten\core.$gt$./rtl/core/vibration_core.sv:164$1884 ($gt): new $alu
  creating $alu model for $flatten\core.$ge$./rtl/core/vibration_core.sv:418$2001 ($ge): new $alu
  creating $alu model for $flatten\core.$ge$./rtl/core/vibration_core.sv:412$1989 ($ge): new $alu
  creating $alu model for $flatten\core.$gt$./rtl/core/vibration_core.sv:175$1977 ($gt): new $alu
  creating $alu model for $flatten\core.$le$./rtl/core/vibration_core.sv:174$1975 ($le): new $alu
  creating $alu model for $flatten\core.$gt$./rtl/core/vibration_core.sv:149$1878 ($gt): new $alu
  creating $alu model for $flatten\core.$ge$./rtl/core/vibration_core.sv:419$2005 ($ge): new $alu
  creating $alu model for $flatten\core.$gt$./rtl/core/vibration_core.sv:149$1969 ($gt): new $alu
  creating $alu model for $flatten\core.$le$./rtl/core/vibration_core.sv:302$1647 ($le): new $alu
  creating $alu model for $flatten\core.$ge$./rtl/core/vibration_core.sv:302$1646 ($ge): new $alu
  creating $alu model for $flatten\core.$le$./rtl/core/vibration_core.sv:301$1643 ($le): new $alu
  creating $alu model for $flatten\core.$ge$./rtl/core/vibration_core.sv:301$1642 ($ge): new $alu
  creating $alu model for $flatten\core.$le$./rtl/core/vibration_core.sv:300$1639 ($le): new $alu
  creating $alu model for $flatten\core.$ge$./rtl/core/vibration_core.sv:300$1638 ($ge): new $alu
  creating $alu model for $flatten\core.$le$./rtl/core/vibration_core.sv:299$1635 ($le): new $alu
  creating $alu model for $flatten\core.$ge$./rtl/core/vibration_core.sv:299$1634 ($ge): new $alu
  creating $alu model for $flatten\core.$lt$./rtl/core/vibration_core.sv:157$1397 ($lt): new $alu
  creating $alu model for $flatten\core.$gt$./rtl/core/vibration_core.sv:156$1395 ($gt): new $alu
  creating $alu model for $flatten\core.$lt$./rtl/core/vibration_core.sv:157$1323 ($lt): new $alu
  creating $alu model for $flatten\core.$gt$./rtl/core/vibration_core.sv:156$1321 ($gt): new $alu
  creating $alu model for $flatten\core.$gt$./rtl/core/vibration_core.sv:149$1315 ($gt): new $alu
  creating $alu model for $flatten\core.$lt$./rtl/core/vibration_core.sv:165$1853 ($lt): new $alu
  creating $alu model for $flatten\core.$eq$./rtl/core/vibration_core.sv:149$1788 ($eq): merged with $flatten\core.$gt$./rtl/core/vibration_core.sv:149$1787.
  creating $alu model for $flatten\core.$eq$./rtl/core/vibration_core.sv:149$1776 ($eq): merged with $flatten\core.$gt$./rtl/core/vibration_core.sv:149$1775.
  creating $alu model for $flatten\core.$procmux$6140_CMP0 ($eq): merged with $flatten\core.$ge$./rtl/core/vibration_core.sv:300$1638.
  creating $alu model for $flatten\core.$procmux$6156_CMP0 ($eq): merged with $flatten\core.$ge$./rtl/core/vibration_core.sv:302$1646.
  creating $alu model for $flatten\core.$procmux$4113_CMP0 ($eq): merged with $flatten\core.$le$./rtl/core/vibration_core.sv:301$1643.
  creating $alu model for $flatten\core.$procmux$3615_CMP0 ($eq): merged with $flatten\core.$ge$./rtl/core/vibration_core.sv:299$1634.
  creating $alu model for $flatten\core.$eq$./rtl/core/vibration_core.sv:376$1904 ($eq): merged with $flatten\core.$sub$./rtl/core/vibration_core.sv:375$1903.
  creating $alu model for $flatten\core.$procmux$2935_CMP0 ($eq): merged with $flatten\core.$le$./rtl/core/vibration_core.sv:300$1639.
  creating $alu model for $flatten\core.$procmux$6959_CMP0 ($eq): merged with $flatten\core.$ge$./rtl/core/vibration_core.sv:301$1642.
  creating $alu model for $flatten\core.$procmux$3459_CMP0 ($eq): merged with $flatten\core.$le$./rtl/core/vibration_core.sv:299$1635.
  creating $alu model for $flatten\core.$procmux$2344_CMP0 ($eq): merged with $flatten\core.$le$./rtl/core/vibration_core.sv:302$1647.
  creating $alu model for $flatten\core.$eq$./rtl/core/vibration_core.sv:149$1879 ($eq): merged with $flatten\core.$gt$./rtl/core/vibration_core.sv:149$1878.
  creating $alu model for $flatten\core.$eq$./rtl/core/vibration_core.sv:149$1970 ($eq): merged with $flatten\core.$gt$./rtl/core/vibration_core.sv:149$1969.
  creating $alu model for $flatten\core.$eq$./rtl/core/vibration_core.sv:149$1316 ($eq): merged with $flatten\core.$gt$./rtl/core/vibration_core.sv:149$1315.
  creating $alu cell for $flatten\core.$lt$./rtl/core/vibration_core.sv:165$1853: $auto$alumacc.cc:548:replace_alu$8196
  creating $alu cell for $flatten\core.$gt$./rtl/core/vibration_core.sv:149$1315, $flatten\core.$eq$./rtl/core/vibration_core.sv:149$1316: $auto$alumacc.cc:548:replace_alu$8203
  creating $alu cell for $flatten\core.$gt$./rtl/core/vibration_core.sv:156$1321: $auto$alumacc.cc:548:replace_alu$8214
  creating $alu cell for $flatten\core.$lt$./rtl/core/vibration_core.sv:157$1323: $auto$alumacc.cc:548:replace_alu$8227
  creating $alu cell for $flatten\core.$gt$./rtl/core/vibration_core.sv:156$1395: $auto$alumacc.cc:548:replace_alu$8234
  creating $alu cell for $flatten\core.$lt$./rtl/core/vibration_core.sv:157$1397: $auto$alumacc.cc:548:replace_alu$8247
  creating $alu cell for $flatten\core.$ge$./rtl/core/vibration_core.sv:299$1634, $flatten\core.$procmux$3615_CMP0: $auto$alumacc.cc:548:replace_alu$8254
  creating $alu cell for $flatten\core.$le$./rtl/core/vibration_core.sv:299$1635, $flatten\core.$procmux$3459_CMP0: $auto$alumacc.cc:548:replace_alu$8267
  creating $alu cell for $flatten\core.$ge$./rtl/core/vibration_core.sv:300$1638, $flatten\core.$procmux$6140_CMP0: $auto$alumacc.cc:548:replace_alu$8276
  creating $alu cell for $flatten\core.$le$./rtl/core/vibration_core.sv:300$1639, $flatten\core.$procmux$2935_CMP0: $auto$alumacc.cc:548:replace_alu$8289
  creating $alu cell for $flatten\core.$ge$./rtl/core/vibration_core.sv:301$1642, $flatten\core.$procmux$6959_CMP0: $auto$alumacc.cc:548:replace_alu$8298
  creating $alu cell for $flatten\core.$le$./rtl/core/vibration_core.sv:301$1643, $flatten\core.$procmux$4113_CMP0: $auto$alumacc.cc:548:replace_alu$8311
  creating $alu cell for $flatten\core.$ge$./rtl/core/vibration_core.sv:302$1646, $flatten\core.$procmux$6156_CMP0: $auto$alumacc.cc:548:replace_alu$8320
  creating $alu cell for $flatten\core.$le$./rtl/core/vibration_core.sv:302$1647, $flatten\core.$procmux$2344_CMP0: $auto$alumacc.cc:548:replace_alu$8333
  creating $alu cell for $flatten\core.$gt$./rtl/core/vibration_core.sv:149$1969, $flatten\core.$eq$./rtl/core/vibration_core.sv:149$1970: $auto$alumacc.cc:548:replace_alu$8342
  creating $alu cell for $flatten\core.$ge$./rtl/core/vibration_core.sv:419$2005: $auto$alumacc.cc:548:replace_alu$8353
  creating $alu cell for $flatten\core.$gt$./rtl/core/vibration_core.sv:149$1878, $flatten\core.$eq$./rtl/core/vibration_core.sv:149$1879: $auto$alumacc.cc:548:replace_alu$8368
  creating $alu cell for $flatten\core.$le$./rtl/core/vibration_core.sv:174$1975: $auto$alumacc.cc:548:replace_alu$8379
  creating $alu cell for $flatten\core.$gt$./rtl/core/vibration_core.sv:175$1977: $auto$alumacc.cc:548:replace_alu$8390
  creating $alu cell for $flatten\core.$ge$./rtl/core/vibration_core.sv:412$1989: $auto$alumacc.cc:548:replace_alu$8403
  creating $alu cell for $flatten\core.$ge$./rtl/core/vibration_core.sv:418$2001: $auto$alumacc.cc:548:replace_alu$8416
  creating $alu cell for $flatten\core.$gt$./rtl/core/vibration_core.sv:164$1884: $auto$alumacc.cc:548:replace_alu$8431
  creating $alu cell for $flatten\core.$lt$./rtl/core/vibration_core.sv:165$1886: $auto$alumacc.cc:548:replace_alu$8444
  creating $alu cell for $flatten\core.$ge$./rtl/core/vibration_core.sv:418$1998: $auto$alumacc.cc:548:replace_alu$8451
  creating $alu cell for $flatten\core.$gt$./rtl/core/vibration_core.sv:164$1867: $auto$alumacc.cc:548:replace_alu$8466
  creating $alu cell for $flatten\core.$gt$./rtl/core/vibration_core.sv:368$1901: $auto$alumacc.cc:548:replace_alu$8479
  creating $alu cell for $flatten\core.$gt$./rtl/core/vibration_core.sv:164$1851: $auto$alumacc.cc:548:replace_alu$8490
  creating $alu cell for $flatten\core.$lt$./rtl/core/vibration_core.sv:165$1869: $auto$alumacc.cc:548:replace_alu$8503
  creating $alu cell for $flatten\core.$gt$./rtl/core/vibration_core.sv:149$1775, $flatten\core.$eq$./rtl/core/vibration_core.sv:149$1776: $auto$alumacc.cc:548:replace_alu$8510
  creating $alu cell for $flatten\core.$gt$./rtl/core/vibration_core.sv:149$1787, $flatten\core.$eq$./rtl/core/vibration_core.sv:149$1788: $auto$alumacc.cc:548:replace_alu$8521
  creating $alu cell for $flatten\core.$gt$./rtl/core/vibration_core.sv:156$1793: $auto$alumacc.cc:548:replace_alu$8532
  creating $alu cell for $flatten\core.$lt$./rtl/core/vibration_core.sv:157$1795: $auto$alumacc.cc:548:replace_alu$8545
  creating $alu cell for $flatten\core.$gt$./rtl/core/vibration_core.sv:401$1921: $auto$alumacc.cc:548:replace_alu$8552
  creating $alu cell for $flatten\core.$lt$./rtl/core/vibration_core.sv:401$1922: $auto$alumacc.cc:548:replace_alu$8565
  creating $alu cell for $flatten\core.$add$./rtl/core/vibration_core.sv:338$1818: $auto$alumacc.cc:548:replace_alu$8572
  creating $alu cell for $flatten\core.$add$./rtl/core/vibration_core.sv:335$1816: $auto$alumacc.cc:548:replace_alu$8575
  creating $alu cell for $flatten\core.$neg$./rtl/core/vibration_core.sv:322$1804: $auto$alumacc.cc:548:replace_alu$8578
  creating $alu cell for $flatten\core.$add$./rtl/core/vibration_core.sv:149$1792: $auto$alumacc.cc:548:replace_alu$8581
  creating $alu cell for $flatten\core.$add$./rtl/core/vibration_core.sv:149$1780: $auto$alumacc.cc:548:replace_alu$8584
  creating $alu cell for $flatten\core.$add$./rtl/core/vibration_core.sv:398$1920: $auto$alumacc.cc:548:replace_alu$8587
  creating $alu cell for $flatten\core.$add$./rtl/core/vibration_core.sv:396$1918: $auto$alumacc.cc:548:replace_alu$8590
  creating $alu cell for $flatten\core.$add$./rtl/core/vibration_core.sv:110$1275: $auto$alumacc.cc:548:replace_alu$8593
  creating $alu cell for $flatten\core.$add$./rtl/core/vibration_core.sv:109$1274: $auto$alumacc.cc:548:replace_alu$8596
  creating $alu cell for $flatten\core.$add$./rtl/core/vibration_core.sv:382$1907: $auto$alumacc.cc:548:replace_alu$8599
  creating $alu cell for $flatten\core.$add$./rtl/core/vibration_core.sv:382$1906: $auto$alumacc.cc:548:replace_alu$8602
  creating $alu cell for $flatten\core.$sub$./rtl/core/vibration_core.sv:375$1903, $flatten\core.$eq$./rtl/core/vibration_core.sv:376$1904: $auto$alumacc.cc:548:replace_alu$8605
  creating $alu cell for $flatten\core.$add$./rtl/core/vibration_core.sv:360$1895: $auto$alumacc.cc:548:replace_alu$8610
  creating $alu cell for $flatten\core.$add$./rtl/core/vibration_core.sv:149$1866: $auto$alumacc.cc:548:replace_alu$8613
  creating $alu cell for $flatten\core.$add$./rtl/core/vibration_core.sv:414$1992: $auto$alumacc.cc:548:replace_alu$8616
  creating $alu cell for $flatten\core.$add$./rtl/core/vibration_core.sv:413$1991: $auto$alumacc.cc:548:replace_alu$8619
  creating $alu cell for $flatten\core.$add$./rtl/core/vibration_core.sv:412$1988: $auto$alumacc.cc:548:replace_alu$8622
  creating $alu cell for $flatten\core.$add$./rtl/core/vibration_core.sv:149$1974: $auto$alumacc.cc:548:replace_alu$8625
  creating $alu cell for $flatten\core.$neg$./rtl/core/vibration_core.sv:308$1749: $auto$alumacc.cc:548:replace_alu$8628
  creating $alu cell for $flatten\core.$add$./rtl/core/vibration_core.sv:346$1889: $auto$alumacc.cc:548:replace_alu$8631
  creating $alu cell for $flatten\core.$add$./rtl/core/vibration_core.sv:347$1891: $auto$alumacc.cc:548:replace_alu$8634
  creating $alu cell for $flatten\core.\g_lane[0].coeff_rom.$neg$./rtl/core/vib_coeff_rom.sv:20$1195: $auto$alumacc.cc:548:replace_alu$8637
  creating $alu cell for $flatten\core.$add$./rtl/core/vibration_core.sv:303$1655: $auto$alumacc.cc:548:replace_alu$8640
  creating $alu cell for $flatten\core.$add$./rtl/core/vibration_core.sv:302$1649: $auto$alumacc.cc:548:replace_alu$8643
  creating $alu cell for $flatten\core.$add$./rtl/core/vibration_core.sv:301$1645: $auto$alumacc.cc:548:replace_alu$8646
  creating $alu cell for $flatten\core.$add$./rtl/core/vibration_core.sv:300$1641: $auto$alumacc.cc:548:replace_alu$8649
  creating $alu cell for $flatten\core.$add$./rtl/core/vibration_core.sv:299$1637: $auto$alumacc.cc:548:replace_alu$8652
  creating $alu cell for $flatten\core.$add$./rtl/core/vibration_core.sv:295$1633: $auto$alumacc.cc:548:replace_alu$8655
  creating $alu cell for $flatten\core.$add$./rtl/core/vibration_core.sv:294$1632: $auto$alumacc.cc:548:replace_alu$8658
  creating $alu cell for $flatten\core.$add$./rtl/core/vibration_core.sv:290$1628: $auto$alumacc.cc:548:replace_alu$8661
  creating $alu cell for $flatten\core.$neg$./rtl/core/vibration_core.sv:289$1625: $auto$alumacc.cc:548:replace_alu$8664
  creating $alu cell for $flatten\core.$add$./rtl/core/vibration_core.sv:149$1320: $auto$alumacc.cc:548:replace_alu$8667
  creating $alu cell for $flatten\core.$sub$./rtl/core/vibration_core.sv:228$1308: $auto$alumacc.cc:548:replace_alu$8670
  creating $alu cell for $flatten\core.\hann_rom.$neg$./rtl/core/vib_coeff_rom.sv:20$1209: $auto$alumacc.cc:548:replace_alu$8673
  creating $alu cell for $flatten\core.$add$./rtl/core/vibration_core.sv:134$1291: $auto$alumacc.cc:548:replace_alu$8676
  creating $alu cell for $flatten\core.$add$./rtl/core/vibration_core.sv:132$1290: $auto$alumacc.cc:548:replace_alu$8679
  creating $alu cell for $flatten\core.$add$./rtl/core/vibration_core.sv:131$1288: $auto$alumacc.cc:548:replace_alu$8682
  creating $alu cell for $add$./sim/core_pnr_probe.sv:17$398: $auto$alumacc.cc:548:replace_alu$8685
  creating $alu cell for $flatten\core.$add$./rtl/core/vibration_core.sv:114$1278: $auto$alumacc.cc:548:replace_alu$8688
  creating $alu cell for $flatten\core.\hann_rom.$sub$./rtl/core/vib_coeff_rom.sv:34$1218: $auto$alumacc.cc:548:replace_alu$8691
  creating $alu cell for $flatten\core.\g_lane[0].coeff_rom.$neg$./rtl/core/vib_coeff_rom.sv:34$1204: $auto$alumacc.cc:548:replace_alu$8694
  created 75 $alu and 1 $macc cells.

5.29. Executing OPT pass (performing simple optimizations).

5.29.1. Executing OPT_EXPR pass (perform const folding).
Optimizing module core_pnr_probe.
<suppressed ~12 debug messages>

5.29.2. Executing OPT_MERGE pass (detect identical cells).
Finding identical cells in module `\core_pnr_probe'.
Computing hashes of 784 cells of `\core_pnr_probe'.
Finding duplicate cells in `\core_pnr_probe'.
Removed a total of 0 cells.

5.29.3. Executing OPT_MUXTREE pass (detect dead branches in mux trees).
Running muxtree optimizer on module \core_pnr_probe..
  Creating internal representation of mux trees.
  Evaluating internal representation of mux trees.
  Analyzing evaluation results.
Removed 0 multiplexer ports.
<suppressed ~423 debug messages>

5.29.4. Executing OPT_REDUCE pass (consolidate $*mux and $reduce_* inputs).
  Optimizing cells in module \core_pnr_probe.
Performed a total of 0 changes.

5.29.5. Executing OPT_MERGE pass (detect identical cells).
Finding identical cells in module `\core_pnr_probe'.
Computing hashes of 784 cells of `\core_pnr_probe'.
Finding duplicate cells in `\core_pnr_probe'.
Computing hashes of 780 cells of `\core_pnr_probe'.
Finding duplicate cells in `\core_pnr_probe'.
Computing hashes of 777 cells of `\core_pnr_probe'.
Finding duplicate cells in `\core_pnr_probe'.
<suppressed ~21 debug messages>
Removed a total of 7 cells.

5.29.6. Executing OPT_DFF pass (perform DFF optimizations).

5.29.7. Executing OPT_CLEAN pass (remove unused cells and wires).
Finding unused cells or wires in module \core_pnr_probe..
Removed 15 unused cells and 173 unused wires.
<suppressed ~17 debug messages>

5.29.8. Executing OPT_EXPR pass (perform const folding).
Optimizing module core_pnr_probe.

5.29.9. Rerunning OPT passes. (Maybe there is more to do..)

5.29.10. Executing OPT_MUXTREE pass (detect dead branches in mux trees).
Running muxtree optimizer on module \core_pnr_probe..
  Creating internal representation of mux trees.
  Evaluating internal representation of mux trees.
  Analyzing evaluation results.
Removed 0 multiplexer ports.
<suppressed ~416 debug messages>

5.29.11. Executing OPT_REDUCE pass (consolidate $*mux and $reduce_* inputs).
  Optimizing cells in module \core_pnr_probe.
Performed a total of 0 changes.

5.29.12. Executing OPT_MERGE pass (detect identical cells).
Finding identical cells in module `\core_pnr_probe'.
Computing hashes of 761 cells of `\core_pnr_probe'.
Finding duplicate cells in `\core_pnr_probe'.
Removed a total of 0 cells.

5.29.13. Executing OPT_DFF pass (perform DFF optimizations).

5.29.14. Executing OPT_CLEAN pass (remove unused cells and wires).
Finding unused cells or wires in module \core_pnr_probe..

5.29.15. Executing OPT_EXPR pass (perform const folding).
Optimizing module core_pnr_probe.

5.29.16. Finished fast OPT passes. (There is nothing left to do.)

5.30. Executing MEMORY pass.

5.30.1. Executing OPT_MEM pass (optimize memories).
core_pnr_probe.core.frequency_bins: removing const-0 lane 9
core_pnr_probe.core.frequency_bins: removing const-0 lane 10
core_pnr_probe.core.frequency_bins: removing const-0 lane 11
core_pnr_probe.core.frequency_bins: removing const-0 lane 12
core_pnr_probe.core.frequency_bins: removing const-0 lane 13
core_pnr_probe.core.frequency_bins: removing const-0 lane 14
core_pnr_probe.core.frequency_bins: removing const-0 lane 15
core_pnr_probe.core.feature_shifts: removing const-0 lane 4
core_pnr_probe.core.feature_shifts: removing const-0 lane 5
core_pnr_probe.core.feature_shifts: removing const-0 lane 6
core_pnr_probe.core.feature_shifts: removing const-0 lane 7
core_pnr_probe.core.bias2: removing const-1 lane 4
core_pnr_probe.core.bias2: removing const-1 lane 6
core_pnr_probe.core.hann_rom.quarter: removing const-0 lane 13
core_pnr_probe.core.hann_rom.quarter: removing const-0 lane 14
core_pnr_probe.core.hann_rom.quarter: removing const-0 lane 15
core_pnr_probe.core.g_lane[0].coeff_rom.quarter: removing const-0 lane 15
Performed a total of 5 transformations.

5.30.2. Executing OPT_MEM_PRIORITY pass (removing unnecessary memory write priority relations).
Performed a total of 3 transformations.

5.30.3. Executing OPT_MEM_FEEDBACK pass (finding memory read-to-write feedback paths).
  Analyzing core_pnr_probe.core.logits write port 0.
  Analyzing core_pnr_probe.core.logits write port 1.
  Analyzing core_pnr_probe.core.logits write port 2.
  Analyzing core_pnr_probe.core.logits write port 3.

5.30.4. Executing MEMORY_BMUX2ROM pass (converting muxes to ROMs).

5.30.5. Executing MEMORY_DFF pass (merging $dff cells to $memrd).
Checking read port `\core.logits'[0] in module `\core_pnr_probe': no output FF found.
Checking read port `\core.logits'[1] in module `\core_pnr_probe': no output FF found.
Checking read port `\core.logits'[2] in module `\core_pnr_probe': no output FF found.
Checking read port address `\core.logits'[0] in module `\core_pnr_probe': no address FF found.
Checking read port address `\core.logits'[1] in module `\core_pnr_probe': no address FF found.
Checking read port address `\core.logits'[2] in module `\core_pnr_probe': no address FF found.

5.30.6. Executing OPT_CLEAN pass (remove unused cells and wires).
Finding unused cells or wires in module \core_pnr_probe..
Removed 6 unused cells and 0 unused wires.
<suppressed ~6 debug messages>

5.30.7. Executing MEMORY_SHARE pass (consolidating $memrd/$memwr cells).
Consolidating read ports of memory core_pnr_probe.core.logits by address:
  Merging ports 1, 2 (address 2'00).
Consolidating read ports of memory core_pnr_probe.core.logits by address:
  Merging ports 0, 1 (address 2'10).
Consolidating write ports of memory core_pnr_probe.core.logits by address:
  Merging ports 0, 1 (address 2'00).
  Merging ports 0, 2 (address 2'00).
Consolidating write ports of memory core_pnr_probe.core.logits by address:
Consolidating write ports of memory core_pnr_probe.core.logits using sat-based resource sharing:

5.30.8. Executing OPT_MEM_WIDEN pass (optimize memories where all ports are wide).
Performed a total of 0 transformations.

5.30.9. Executing OPT_CLEAN pass (remove unused cells and wires).
Finding unused cells or wires in module \core_pnr_probe..
Removed 0 unused cells and 3 unused wires.
<suppressed ~1 debug messages>

5.30.10. Executing MEMORY_COLLECT pass (generating $mem cells).

5.31. Executing OPT_CLEAN pass (remove unused cells and wires).
Finding unused cells or wires in module \core_pnr_probe..

5.32. Executing MEMORY_LIBMAP pass (mapping memories to cells).
using FF mapping for memory core_pnr_probe.core.frequency_bins
using FF mapping for memory core_pnr_probe.core.frame_sums
mapping memory core_pnr_probe.core.features via $__ICE40_RAM4K_
mapping memory core_pnr_probe.core.hidden via $__ICE40_RAM4K_
using FF mapping for memory core_pnr_probe.core.bias2
using FF mapping for memory core_pnr_probe.core.bias1
using FF mapping for memory core_pnr_probe.core.feature_shifts
found attribute 'ram_style = block' on memory core_pnr_probe.core.g_lane[0].weights, forced mapping to block RAM
mapping memory core_pnr_probe.core.g_lane[0].weights via $__ICE40_RAM4K_
using FF mapping for memory core_pnr_probe.core.frame_ids
found attribute 'ram_style = block' on memory core_pnr_probe.core.windowed, forced mapping to block RAM
mapping memory core_pnr_probe.core.windowed via $__ICE40_RAM4K_
using FF mapping for memory core_pnr_probe.core.logits
found attribute 'ram_style = block' on memory core_pnr_probe.core.raw0, forced mapping to block RAM
mapping memory core_pnr_probe.core.raw0 via $__ICE40_RAM4K_
found attribute 'ram_style = block' on memory core_pnr_probe.core.raw1, forced mapping to block RAM
mapping memory core_pnr_probe.core.raw1 via $__ICE40_RAM4K_
mapping memory core_pnr_probe.core.imag_part via $__ICE40_RAM4K_
mapping memory core_pnr_probe.core.real_part via $__ICE40_RAM4K_
found attribute 'ram_style = block' on memory core_pnr_probe.core.hann_rom.quarter, forced mapping to block RAM
mapping memory core_pnr_probe.core.hann_rom.quarter via $__ICE40_RAM4K_
found attribute 'ram_style = block' on memory core_pnr_probe.core.g_lane[0].coeff_rom.quarter, forced mapping to block RAM
mapping memory core_pnr_probe.core.g_lane[0].coeff_rom.quarter via $__ICE40_RAM4K_
<suppressed ~954 debug messages>

5.33. Executing TECHMAP pass (map to technology primitives).

5.33.1. Executing Verilog-2005 frontend: ./.tools/oss-cad-suite/libexec/../share/yosys/ice40/brams_map.v
Parsing Verilog input from `./.tools/oss-cad-suite/libexec/../share/yosys/ice40/brams_map.v' to AST representation.
Generating RTLIL representation for module `$__ICE40_RAM4K_'.
Successfully finished Verilog frontend.

5.33.2. Executing Verilog-2005 frontend: ./.tools/oss-cad-suite/libexec/../share/yosys/ice40/spram_map.v
Parsing Verilog input from `./.tools/oss-cad-suite/libexec/../share/yosys/ice40/spram_map.v' to AST representation.
Generating RTLIL representation for module `$__ICE40_SPRAM_'.
Successfully finished Verilog frontend.

5.33.3. Continuing TECHMAP pass.
Using template $paramod$502f09618a62ea60ac9126260a39ebc2778d6e09$__ICE40_RAM4K_ for cells of type $__ICE40_RAM4K_.
Using template $paramod$4f641711fe137c06a12358c506c22075b5de143c$__ICE40_RAM4K_ for cells of type $__ICE40_RAM4K_.
Using template $paramod$a1f6b5309207cf102bfb625dccbd224ad06df61d$__ICE40_RAM4K_ for cells of type $__ICE40_RAM4K_.
Using template $paramod$152405ab8834e0c4f35bd7e4e60c34790a6f81fa$__ICE40_RAM4K_ for cells of type $__ICE40_RAM4K_.
Using template $paramod$b6e1f69c0dd230a19df644a5d3541fe476ee9870$__ICE40_RAM4K_ for cells of type $__ICE40_RAM4K_.
Using template $paramod$13b3947419e62b7bbba1b93c77e4155efbe69a94$__ICE40_RAM4K_ for cells of type $__ICE40_RAM4K_.
No more expansions possible.
<suppressed ~139 debug messages>

5.34. Executing ICE40_BRAMINIT pass.

5.35. Executing OPT pass (performing simple optimizations).

5.35.1. Executing OPT_EXPR pass (perform const folding).
Optimizing module core_pnr_probe.
<suppressed ~315 debug messages>

5.35.2. Executing OPT_MERGE pass (detect identical cells).
Finding identical cells in module `\core_pnr_probe'.
Computing hashes of 818 cells of `\core_pnr_probe'.
Finding duplicate cells in `\core_pnr_probe'.
Computing hashes of 731 cells of `\core_pnr_probe'.
Finding duplicate cells in `\core_pnr_probe'.
Computing hashes of 722 cells of `\core_pnr_probe'.
Finding duplicate cells in `\core_pnr_probe'.
Computing hashes of 716 cells of `\core_pnr_probe'.
Finding duplicate cells in `\core_pnr_probe'.
Computing hashes of 710 cells of `\core_pnr_probe'.
Finding duplicate cells in `\core_pnr_probe'.
Computing hashes of 707 cells of `\core_pnr_probe'.
Finding duplicate cells in `\core_pnr_probe'.
Computing hashes of 706 cells of `\core_pnr_probe'.
Finding duplicate cells in `\core_pnr_probe'.
<suppressed ~348 debug messages>
Removed a total of 112 cells.

5.35.3. Executing OPT_DFF pass (perform DFF optimizations).
Removing always-active EN on $auto$mem.cc:1169:emulate_transparency$8725 ($dffe) from module core_pnr_probe.
Removing always-active EN on $auto$mem.cc:1169:emulate_transparency$8736 ($dffe) from module core_pnr_probe.
Removing always-active EN on $auto$mem.cc:1169:emulate_transparency$8766 ($dffe) from module core_pnr_probe.
Removing always-active EN on $auto$mem.cc:1169:emulate_transparency$8793 ($dffe) from module core_pnr_probe.
Setting constant 0-bit at position 0 on $auto$opt_mem.cc:128:execute$8707 ($dff) from module core_pnr_probe.
Setting constant 1-bit at position 0 on $auto$opt_mem.cc:128:execute$8710 ($dff) from module core_pnr_probe.
Setting constant 0-bit at position 0 on $auto$opt_mem.cc:128:execute$8712 ($dffe) from module core_pnr_probe.
Setting constant 0-bit at position 0 on $auto$opt_mem.cc:128:execute$8715 ($dffe) from module core_pnr_probe.

5.35.4. Executing OPT_CLEAN pass (remove unused cells and wires).
Finding unused cells or wires in module \core_pnr_probe..
Removed 49 unused cells and 634 unused wires.
<suppressed ~51 debug messages>

5.35.5. Rerunning OPT passes. (Removed registers in this run.)

5.35.6. Executing OPT_EXPR pass (perform const folding).
Optimizing module core_pnr_probe.
<suppressed ~20 debug messages>

5.35.7. Executing OPT_MERGE pass (detect identical cells).
Finding identical cells in module `\core_pnr_probe'.
Computing hashes of 647 cells of `\core_pnr_probe'.
Finding duplicate cells in `\core_pnr_probe'.
Removed a total of 0 cells.

5.35.8. Executing OPT_DFF pass (perform DFF optimizations).

5.35.9. Executing OPT_CLEAN pass (remove unused cells and wires).
Finding unused cells or wires in module \core_pnr_probe..
Removed 3 unused cells and 17 unused wires.
<suppressed ~4 debug messages>

5.35.10. Finished fast OPT passes.

5.36. Executing MEMORY_MAP pass (converting memories to logic and flip-flops).
Mapping memory \core.frequency_bins in module \core_pnr_probe:
  created 48 $dff cells and 0 static cells of width 9.
Extracted data FF from read port 0 of core_pnr_probe.core.frequency_bins: $\core.frequency_bins$rdreg[0]
  read interface: 1 $dff and 63 $mux cells.
  write interface: 0 write mux blocks.
Mapping memory \core.frame_sums in module \core_pnr_probe:
  created 2 $dff cells and 0 static cells of width 26.
Extracted addr FF from read port 0 of core_pnr_probe.core.frame_sums: $\core.frame_sums$rdreg[0]
  read interface: 1 $dff and 1 $mux cells.
  write interface: 2 write mux blocks.
Mapping memory \core.bias2 in module \core_pnr_probe:
  created 3 $dff cells and 0 static cells of width 30.
Extracted data FF from read port 0 of core_pnr_probe.core.bias2: $\core.bias2$rdreg[0]
  read interface: 1 $dff and 3 $mux cells.
  write interface: 0 write mux blocks.
Mapping memory \core.bias1 in module \core_pnr_probe:
  created 16 $dff cells and 0 static cells of width 32.
Extracted data FF from read port 0 of core_pnr_probe.core.bias1: $\core.bias1$rdreg[0]
  read interface: 1 $dff and 15 $mux cells.
  write interface: 0 write mux blocks.
Mapping memory \core.feature_shifts in module \core_pnr_probe:
  created 16 $dff cells and 0 static cells of width 4.
Extracted data FF from read port 0 of core_pnr_probe.core.feature_shifts: $\core.feature_shifts$rdreg[0]
  read interface: 1 $dff and 15 $mux cells.
  write interface: 0 write mux blocks.
Mapping memory \core.frame_ids in module \core_pnr_probe:
  created 2 $dff cells and 0 static cells of width 32.
Extracted data FF from read port 0 of core_pnr_probe.core.frame_ids: $\core.frame_ids$rdreg[0]
  read interface: 1 $dff and 1 $mux cells.
  write interface: 2 write mux blocks.
Mapping memory \core.logits in module \core_pnr_probe:
  created 4 $dff cells and 0 static cells of width 32.
  read interface: 0 $dff and 0 $mux cells.
  write interface: 8 write mux blocks.

5.37. Executing OPT pass (performing simple optimizations).

5.37.1. Executing OPT_EXPR pass (perform const folding).
Optimizing module core_pnr_probe.
<suppressed ~49 debug messages>

5.37.2. Executing OPT_MERGE pass (detect identical cells).
Finding identical cells in module `\core_pnr_probe'.
Computing hashes of 758 cells of `\core_pnr_probe'.
Finding duplicate cells in `\core_pnr_probe'.
Computing hashes of 756 cells of `\core_pnr_probe'.
Finding duplicate cells in `\core_pnr_probe'.
<suppressed ~6 debug messages>
Removed a total of 2 cells.

5.37.3. Executing OPT_MUXTREE pass (detect dead branches in mux trees).
Running muxtree optimizer on module \core_pnr_probe..
  Creating internal representation of mux trees.
  Evaluating internal representation of mux trees.
  Analyzing evaluation results.
Removed 0 multiplexer ports.
<suppressed ~330 debug messages>

5.37.4. Executing OPT_REDUCE pass (consolidate $*mux and $reduce_* inputs).
  Optimizing cells in module \core_pnr_probe.
    New input vector for $reduce_and cell $auto$alumacc.cc:96:get_eq$8386: $auto$alumacc.cc:564:replace_alu$8380 [32:0]
    Consolidated identical input bits for $mux cell $memory\core.feature_shifts$rdmux[0][3][6]$9624:
      Old ports: A=4'0011, B=4'0100, Y=$memory\core.feature_shifts$rdmux[0][2][3]$a$9604
      New ports: A=2'01, B=2'10, Y={ $memory\core.feature_shifts$rdmux[0][2][3]$a$9604 [2] $memory\core.feature_shifts$rdmux[0][2][3]$a$9604 [0] }
      New connections: { $memory\core.feature_shifts$rdmux[0][2][3]$a$9604 [3] $memory\core.feature_shifts$rdmux[0][2][3]$a$9604 [1] } = { 1'0 $memory\core.feature_shifts$rdmux[0][2][3]$a$9604 [0] }
    Consolidated identical input bits for $mux cell $memory\core.feature_shifts$rdmux[0][3][4]$9618:
      Old ports: A=4'0110, B=4'0011, Y=$memory\core.feature_shifts$rdmux[0][2][2]$a$9601
      New ports: A=2'10, B=2'01, Y={ $memory\core.feature_shifts$rdmux[0][2][2]$a$9601 [2] $memory\core.feature_shifts$rdmux[0][2][2]$a$9601 [0] }
      New connections: { $memory\core.feature_shifts$rdmux[0][2][2]$a$9601 [3] $memory\core.feature_shifts$rdmux[0][2][2]$a$9601 [1] } = 2'01
    Consolidated identical input bits for $mux cell $memory\core.feature_shifts$rdmux[0][3][2]$9612:
      Old ports: A=4'1001, B=4'1000, Y=$memory\core.feature_shifts$rdmux[0][2][1]$a$9598
      New ports: A=1'1, B=1'0, Y=$memory\core.feature_shifts$rdmux[0][2][1]$a$9598 [0]
      New connections: $memory\core.feature_shifts$rdmux[0][2][1]$a$9598 [3:1] = 3'100
    Consolidated identical input bits for $mux cell $memory\core.feature_shifts$rdmux[0][3][1]$9609:
      Old ports: A=4'0010, B=4'0101, Y=$memory\core.feature_shifts$rdmux[0][2][0]$b$9596
      New ports: A=2'10, B=2'01, Y=$memory\core.feature_shifts$rdmux[0][2][0]$b$9596 [1:0]
      New connections: $memory\core.feature_shifts$rdmux[0][2][0]$b$9596 [3:2] = { 1'0 $memory\core.feature_shifts$rdmux[0][2][0]$b$9596 [0] }
    Consolidated identical input bits for $mux cell $memory\core.feature_shifts$rdmux[0][3][0]$9606:
      Old ports: A=4'0010, B=4'0000, Y=$memory\core.feature_shifts$rdmux[0][2][0]$a$9595
      New ports: A=1'1, B=1'0, Y=$memory\core.feature_shifts$rdmux[0][2][0]$a$9595 [1]
      New connections: { $memory\core.feature_shifts$rdmux[0][2][0]$a$9595 [3:2] $memory\core.feature_shifts$rdmux[0][2][0]$a$9595 [0] } = 3'000
    Consolidated identical input bits for $mux cell $memory\core.bias1$rdmux[0][3][6]$9579:
      Old ports: A=32'11111111111111111111111000100000, B=4026, Y=$memory\core.bias1$rdmux[0][2][3]$a$9559
      New ports: A=2'10, B=2'01, Y={ $memory\core.bias1$rdmux[0][2][3]$a$9559 [12] $memory\core.bias1$rdmux[0][2][3]$a$9559 [1] }
      New connections: { $memory\core.bias1$rdmux[0][2][3]$a$9559 [31:13] $memory\core.bias1$rdmux[0][2][3]$a$9559 [11:2] $memory\core.bias1$rdmux[0][2][3]$a$9559 [0] } = { $memory\core.bias1$rdmux[0][2][3]$a$9559 [12] $memory\core.bias1$rdmux[0][2][3]$a$9559 [12] $memory\core.bias1$rdmux[0][2][3]$a$9559 [12] $memory\core.bias1$rdmux[0][2][3]$a$9559 [12] $memory\core.bias1$rdmux[0][2][3]$a$9559 [12] $memory\core.bias1$rdmux[0][2][3]$a$9559 [12] $memory\core.bias1$rdmux[0][2][3]$a$9559 [12] $memory\core.bias1$rdmux[0][2][3]$a$9559 [12] $memory\core.bias1$rdmux[0][2][3]$a$9559 [12] $memory\core.bias1$rdmux[0][2][3]$a$9559 [12] $memory\core.bias1$rdmux[0][2][3]$a$9559 [12] $memory\core.bias1$rdmux[0][2][3]$a$9559 [12] $memory\core.bias1$rdmux[0][2][3]$a$9559 [12] $memory\core.bias1$rdmux[0][2][3]$a$9559 [12] $memory\core.bias1$rdmux[0][2][3]$a$9559 [12] $memory\core.bias1$rdmux[0][2][3]$a$9559 [12] $memory\core.bias1$rdmux[0][2][3]$a$9559 [12] $memory\core.bias1$rdmux[0][2][3]$a$9559 [12] $memory\core.bias1$rdmux[0][2][3]$a$9559 [12] 3'111 $memory\core.bias1$rdmux[0][2][3]$a$9559 [1] $memory\core.bias1$rdmux[0][2][3]$a$9559 [1] 2'01 $memory\core.bias1$rdmux[0][2][3]$a$9559 [1] $memory\core.bias1$rdmux[0][2][3]$a$9559 [1] 2'00 }
    Consolidated identical input bits for $mux cell $memory\core.bias1$rdmux[0][3][5]$9576:
      Old ports: A=2824, B=538, Y=$memory\core.bias1$rdmux[0][2][2]$b$9557
      New ports: A=2'10, B=2'01, Y={ $memory\core.bias1$rdmux[0][2][2]$b$9557 [8] $memory\core.bias1$rdmux[0][2][2]$b$9557 [1] }
      New connections: { $memory\core.bias1$rdmux[0][2][2]$b$9557 [31:9] $memory\core.bias1$rdmux[0][2][2]$b$9557 [7:2] $memory\core.bias1$rdmux[0][2][2]$b$9557 [0] } = { 20'00000000000000000000 $memory\core.bias1$rdmux[0][2][2]$b$9557 [8] 5'01000 $memory\core.bias1$rdmux[0][2][2]$b$9557 [1] 3'100 }
    Consolidated identical input bits for $mux cell $memory\core.bias1$rdmux[0][3][4]$9573:
      Old ports: A=753, B=32'11111111111111111111111111010011, Y=$memory\core.bias1$rdmux[0][2][2]$a$9556
      New ports: A=2'10, B=2'01, Y={ $memory\core.bias1$rdmux[0][2][2]$a$9556 [5] $memory\core.bias1$rdmux[0][2][2]$a$9556 [1] }
      New connections: { $memory\core.bias1$rdmux[0][2][2]$a$9556 [31:6] $memory\core.bias1$rdmux[0][2][2]$a$9556 [4:2] $memory\core.bias1$rdmux[0][2][2]$a$9556 [0] } = { $memory\core.bias1$rdmux[0][2][2]$a$9556 [1] $memory\core.bias1$rdmux[0][2][2]$a$9556 [1] $memory\core.bias1$rdmux[0][2][2]$a$9556 [1] $memory\core.bias1$rdmux[0][2][2]$a$9556 [1] $memory\core.bias1$rdmux[0][2][2]$a$9556 [1] $memory\core.bias1$rdmux[0][2][2]$a$9556 [1] $memory\core.bias1$rdmux[0][2][2]$a$9556 [1] $memory\core.bias1$rdmux[0][2][2]$a$9556 [1] $memory\core.bias1$rdmux[0][2][2]$a$9556 [1] $memory\core.bias1$rdmux[0][2][2]$a$9556 [1] $memory\core.bias1$rdmux[0][2][2]$a$9556 [1] $memory\core.bias1$rdmux[0][2][2]$a$9556 [1] $memory\core.bias1$rdmux[0][2][2]$a$9556 [1] $memory\core.bias1$rdmux[0][2][2]$a$9556 [1] $memory\core.bias1$rdmux[0][2][2]$a$9556 [1] $memory\core.bias1$rdmux[0][2][2]$a$9556 [1] $memory\core.bias1$rdmux[0][2][2]$a$9556 [1] $memory\core.bias1$rdmux[0][2][2]$a$9556 [1] $memory\core.bias1$rdmux[0][2][2]$a$9556 [1] $memory\core.bias1$rdmux[0][2][2]$a$9556 [1] $memory\core.bias1$rdmux[0][2][2]$a$9556 [1] $memory\core.bias1$rdmux[0][2][2]$a$9556 [1] 1'1 $memory\core.bias1$rdmux[0][2][2]$a$9556 [1] 6'111001 }
    Consolidated identical input bits for $mux cell $memory\core.bias1$rdmux[0][3][3]$9570:
      Old ports: A=1055, B=32'11111111111111111111111000011000, Y=$memory\core.bias1$rdmux[0][2][1]$b$9554
      New ports: A=2'01, B=2'10, Y={ $memory\core.bias1$rdmux[0][2][1]$b$9554 [9] $memory\core.bias1$rdmux[0][2][1]$b$9554 [0] }
      New connections: { $memory\core.bias1$rdmux[0][2][1]$b$9554 [31:10] $memory\core.bias1$rdmux[0][2][1]$b$9554 [8:1] } = { $memory\core.bias1$rdmux[0][2][1]$b$9554 [9] $memory\core.bias1$rdmux[0][2][1]$b$9554 [9] $memory\core.bias1$rdmux[0][2][1]$b$9554 [9] $memory\core.bias1$rdmux[0][2][1]$b$9554 [9] $memory\core.bias1$rdmux[0][2][1]$b$9554 [9] $memory\core.bias1$rdmux[0][2][1]$b$9554 [9] $memory\core.bias1$rdmux[0][2][1]$b$9554 [9] $memory\core.bias1$rdmux[0][2][1]$b$9554 [9] $memory\core.bias1$rdmux[0][2][1]$b$9554 [9] $memory\core.bias1$rdmux[0][2][1]$b$9554 [9] $memory\core.bias1$rdmux[0][2][1]$b$9554 [9] $memory\core.bias1$rdmux[0][2][1]$b$9554 [9] $memory\core.bias1$rdmux[0][2][1]$b$9554 [9] $memory\core.bias1$rdmux[0][2][1]$b$9554 [9] $memory\core.bias1$rdmux[0][2][1]$b$9554 [9] $memory\core.bias1$rdmux[0][2][1]$b$9554 [9] $memory\core.bias1$rdmux[0][2][1]$b$9554 [9] $memory\core.bias1$rdmux[0][2][1]$b$9554 [9] $memory\core.bias1$rdmux[0][2][1]$b$9554 [9] $memory\core.bias1$rdmux[0][2][1]$b$9554 [9] $memory\core.bias1$rdmux[0][2][1]$b$9554 [9] 7'1000011 $memory\core.bias1$rdmux[0][2][1]$b$9554 [0] $memory\core.bias1$rdmux[0][2][1]$b$9554 [0] }
    Consolidated identical input bits for $mux cell $memory\core.bias1$rdmux[0][3][2]$9567:
      Old ports: A=32'11111111111111111111110111101111, B=184, Y=$memory\core.bias1$rdmux[0][2][1]$a$9553
      New ports: A=2'01, B=2'10, Y={ $memory\core.bias1$rdmux[0][2][1]$a$9553 [4] $memory\core.bias1$rdmux[0][2][1]$a$9553 [0] }
      New connections: { $memory\core.bias1$rdmux[0][2][1]$a$9553 [31:5] $memory\core.bias1$rdmux[0][2][1]$a$9553 [3:1] } = { $memory\core.bias1$rdmux[0][2][1]$a$9553 [0] $memory\core.bias1$rdmux[0][2][1]$a$9553 [0] $memory\core.bias1$rdmux[0][2][1]$a$9553 [0] $memory\core.bias1$rdmux[0][2][1]$a$9553 [0] $memory\core.bias1$rdmux[0][2][1]$a$9553 [0] $memory\core.bias1$rdmux[0][2][1]$a$9553 [0] $memory\core.bias1$rdmux[0][2][1]$a$9553 [0] $memory\core.bias1$rdmux[0][2][1]$a$9553 [0] $memory\core.bias1$rdmux[0][2][1]$a$9553 [0] $memory\core.bias1$rdmux[0][2][1]$a$9553 [0] $memory\core.bias1$rdmux[0][2][1]$a$9553 [0] $memory\core.bias1$rdmux[0][2][1]$a$9553 [0] $memory\core.bias1$rdmux[0][2][1]$a$9553 [0] $memory\core.bias1$rdmux[0][2][1]$a$9553 [0] $memory\core.bias1$rdmux[0][2][1]$a$9553 [0] $memory\core.bias1$rdmux[0][2][1]$a$9553 [0] $memory\core.bias1$rdmux[0][2][1]$a$9553 [0] $memory\core.bias1$rdmux[0][2][1]$a$9553 [0] $memory\core.bias1$rdmux[0][2][1]$a$9553 [0] $memory\core.bias1$rdmux[0][2][1]$a$9553 [0] $memory\core.bias1$rdmux[0][2][1]$a$9553 [0] $memory\core.bias1$rdmux[0][2][1]$a$9553 [0] 1'0 $memory\core.bias1$rdmux[0][2][1]$a$9553 [0] 1'1 $memory\core.bias1$rdmux[0][2][1]$a$9553 [0] 2'11 $memory\core.bias1$rdmux[0][2][1]$a$9553 [0] $memory\core.bias1$rdmux[0][2][1]$a$9553 [0] }
    Consolidated identical input bits for $mux cell $memory\core.bias1$rdmux[0][3][1]$9564:
      Old ports: A=32'11111111111111111111110110100100, B=32'11111111111111111111111111110000, Y=$memory\core.bias1$rdmux[0][2][0]$b$9551
      New ports: A=2'01, B=2'10, Y={ $memory\core.bias1$rdmux[0][2][0]$b$9551 [4] $memory\core.bias1$rdmux[0][2][0]$b$9551 [2] }
      New connections: { $memory\core.bias1$rdmux[0][2][0]$b$9551 [31:5] $memory\core.bias1$rdmux[0][2][0]$b$9551 [3] $memory\core.bias1$rdmux[0][2][0]$b$9551 [1:0] } = { 22'1111111111111111111111 $memory\core.bias1$rdmux[0][2][0]$b$9551 [4] 2'11 $memory\core.bias1$rdmux[0][2][0]$b$9551 [4] 4'1000 }
    Consolidated identical input bits for $mux cell $memory\core.bias1$rdmux[0][3][0]$9561:
      Old ports: A=6, B=341, Y=$memory\core.bias1$rdmux[0][2][0]$a$9550
      New ports: A=2'10, B=2'01, Y=$memory\core.bias1$rdmux[0][2][0]$a$9550 [1:0]
      New connections: $memory\core.bias1$rdmux[0][2][0]$a$9550 [31:2] = { 23'00000000000000000000000 $memory\core.bias1$rdmux[0][2][0]$a$9550 [0] 1'0 $memory\core.bias1$rdmux[0][2][0]$a$9550 [0] 1'0 $memory\core.bias1$rdmux[0][2][0]$a$9550 [0] 2'01 }
    Consolidated identical input bits for $mux cell $memory\core.bias2$rdmux[0][1][0]$9534:
      Old ports: A=30'111111111111111111111111111011, B=30'111111111111111111111111000110, Y=$memory\core.bias2$rdmux[0][0][0]$a$9532
      New ports: A=2'01, B=2'10, Y={ $memory\core.bias2$rdmux[0][0][0]$a$9532 [2] $memory\core.bias2$rdmux[0][0][0]$a$9532 [0] }
      New connections: { $memory\core.bias2$rdmux[0][0][0]$a$9532 [29:3] $memory\core.bias2$rdmux[0][0][0]$a$9532 [1] } = { 24'111111111111111111111111 $memory\core.bias2$rdmux[0][0][0]$a$9532 [0] $memory\core.bias2$rdmux[0][0][0]$a$9532 [0] $memory\core.bias2$rdmux[0][0][0]$a$9532 [0] 1'1 }
    Consolidated identical input bits for $mux cell $memory\core.frequency_bins$rdmux[0][5][23]$9485:
      Old ports: A=9'111010101, B=9'111010110, Y=$memory\core.frequency_bins$rdmux[0][4][11]$b$9403
      New ports: A=2'01, B=2'10, Y=$memory\core.frequency_bins$rdmux[0][4][11]$b$9403 [1:0]
      New connections: $memory\core.frequency_bins$rdmux[0][4][11]$b$9403 [8:2] = 7'1110101
    Consolidated identical input bits for $mux cell $memory\core.frequency_bins$rdmux[0][5][22]$9482:
      Old ports: A=9'111001010, B=9'111010100, Y=$memory\core.frequency_bins$rdmux[0][4][11]$a$9402
      New ports: A=2'01, B=2'10, Y=$memory\core.frequency_bins$rdmux[0][4][11]$a$9402 [2:1]
      New connections: { $memory\core.frequency_bins$rdmux[0][4][11]$a$9402 [8:3] $memory\core.frequency_bins$rdmux[0][4][11]$a$9402 [0] } = { 4'1110 $memory\core.frequency_bins$rdmux[0][4][11]$a$9402 [2:1] 1'0 }
    Consolidated identical input bits for $mux cell $memory\core.frequency_bins$rdmux[0][5][21]$9479:
      Old ports: A=9'111001000, B=9'111001001, Y=$memory\core.frequency_bins$rdmux[0][4][10]$b$9400
      New ports: A=1'0, B=1'1, Y=$memory\core.frequency_bins$rdmux[0][4][10]$b$9400 [0]
      New connections: $memory\core.frequency_bins$rdmux[0][4][10]$b$9400 [8:1] = 8'11100100
    Consolidated identical input bits for $mux cell $memory\core.frequency_bins$rdmux[0][5][20]$9476:
      Old ports: A=9'111000011, B=9'111000100, Y=$memory\core.frequency_bins$rdmux[0][4][10]$a$9399
      New ports: A=2'01, B=2'10, Y={ $memory\core.frequency_bins$rdmux[0][4][10]$a$9399 [2] $memory\core.frequency_bins$rdmux[0][4][10]$a$9399 [0] }
      New connections: { $memory\core.frequency_bins$rdmux[0][4][10]$a$9399 [8:3] $memory\core.frequency_bins$rdmux[0][4][10]$a$9399 [1] } = { 6'111000 $memory\core.frequency_bins$rdmux[0][4][10]$a$9399 [0] }
    Consolidated identical input bits for $mux cell $memory\core.frequency_bins$rdmux[0][5][19]$9473:
      Old ports: A=9'110111000, B=9'111000010, Y=$memory\core.frequency_bins$rdmux[0][4][9]$b$9397
      New ports: A=2'10, B=2'01, Y={ $memory\core.frequency_bins$rdmux[0][4][9]$b$9397 [3] $memory\core.frequency_bins$rdmux[0][4][9]$b$9397 [1] }
      New connections: { $memory\core.frequency_bins$rdmux[0][4][9]$b$9397 [8:4] $memory\core.frequency_bins$rdmux[0][4][9]$b$9397 [2] $memory\core.frequency_bins$rdmux[0][4][9]$b$9397 [0] } = { 2'11 $memory\core.frequency_bins$rdmux[0][4][9]$b$9397 [1] $memory\core.frequency_bins$rdmux[0][4][9]$b$9397 [3] $memory\core.frequency_bins$rdmux[0][4][9]$b$9397 [3] 2'00 }
    Consolidated identical input bits for $mux cell $memory\core.frequency_bins$rdmux[0][5][18]$9470:
      Old ports: A=9'110110110, B=9'110110111, Y=$memory\core.frequency_bins$rdmux[0][4][9]$a$9396
      New ports: A=1'0, B=1'1, Y=$memory\core.frequency_bins$rdmux[0][4][9]$a$9396 [0]
      New connections: $memory\core.frequency_bins$rdmux[0][4][9]$a$9396 [8:1] = 8'11011011
    Consolidated identical input bits for $mux cell $memory\core.frequency_bins$rdmux[0][5][17]$9467:
      Old ports: A=9'101100011, B=9'101100100, Y=$memory\core.frequency_bins$rdmux[0][4][8]$b$9394
      New ports: A=2'01, B=2'10, Y={ $memory\core.frequency_bins$rdmux[0][4][8]$b$9394 [2] $memory\core.frequency_bins$rdmux[0][4][8]$b$9394 [0] }
      New connections: { $memory\core.frequency_bins$rdmux[0][4][8]$b$9394 [8:3] $memory\core.frequency_bins$rdmux[0][4][8]$b$9394 [1] } = { 6'101100 $memory\core.frequency_bins$rdmux[0][4][8]$b$9394 [0] }
    Consolidated identical input bits for $mux cell $memory\core.frequency_bins$rdmux[0][5][16]$9464:
      Old ports: A=9'101011011, B=9'101100010, Y=$memory\core.frequency_bins$rdmux[0][4][8]$a$9393
      New ports: A=2'01, B=2'10, Y={ $memory\core.frequency_bins$rdmux[0][4][8]$a$9393 [5] $memory\core.frequency_bins$rdmux[0][4][8]$a$9393 [0] }
      New connections: { $memory\core.frequency_bins$rdmux[0][4][8]$a$9393 [8:6] $memory\core.frequency_bins$rdmux[0][4][8]$a$9393 [4:1] } = { 3'101 $memory\core.frequency_bins$rdmux[0][4][8]$a$9393 [0] $memory\core.frequency_bins$rdmux[0][4][8]$a$9393 [0] 2'01 }
    Consolidated identical input bits for $mux cell $memory\core.frequency_bins$rdmux[0][5][15]$9461:
      Old ports: A=9'101011001, B=9'101011010, Y=$memory\core.frequency_bins$rdmux[0][4][7]$b$9391
      New ports: A=2'01, B=2'10, Y=$memory\core.frequency_bins$rdmux[0][4][7]$b$9391 [1:0]
      New connections: $memory\core.frequency_bins$rdmux[0][4][7]$b$9391 [8:2] = 7'1010110
    Consolidated identical input bits for $mux cell $memory\core.frequency_bins$rdmux[0][5][14]$9458:
      Old ports: A=9'101010011, B=9'101010100, Y=$memory\core.frequency_bins$rdmux[0][4][7]$a$9390
      New ports: A=2'01, B=2'10, Y={ $memory\core.frequency_bins$rdmux[0][4][7]$a$9390 [2] $memory\core.frequency_bins$rdmux[0][4][7]$a$9390 [0] }
      New connections: { $memory\core.frequency_bins$rdmux[0][4][7]$a$9390 [8:3] $memory\core.frequency_bins$rdmux[0][4][7]$a$9390 [1] } = { 6'101010 $memory\core.frequency_bins$rdmux[0][4][7]$a$9390 [0] }
    Consolidated identical input bits for $mux cell $memory\core.frequency_bins$rdmux[0][5][13]$9455:
      Old ports: A=9'101001001, B=9'101010010, Y=$memory\core.frequency_bins$rdmux[0][4][6]$b$9388
      New ports: A=2'01, B=2'10, Y=$memory\core.frequency_bins$rdmux[0][4][6]$b$9388 [1:0]
      New connections: $memory\core.frequency_bins$rdmux[0][4][6]$b$9388 [8:2] = { 4'1010 $memory\core.frequency_bins$rdmux[0][4][6]$b$9388 [1:0] 1'0 }
    Consolidated identical input bits for $mux cell $memory\core.frequency_bins$rdmux[0][5][12]$9452:
      Old ports: A=9'101000111, B=9'101001000, Y=$memory\core.frequency_bins$rdmux[0][4][6]$a$9387
      New ports: A=2'01, B=2'10, Y={ $memory\core.frequency_bins$rdmux[0][4][6]$a$9387 [3] $memory\core.frequency_bins$rdmux[0][4][6]$a$9387 [0] }
      New connections: { $memory\core.frequency_bins$rdmux[0][4][6]$a$9387 [8:4] $memory\core.frequency_bins$rdmux[0][4][6]$a$9387 [2:1] } = { 5'10100 $memory\core.frequency_bins$rdmux[0][4][6]$a$9387 [0] $memory\core.frequency_bins$rdmux[0][4][6]$a$9387 [0] }
    Consolidated identical input bits for $mux cell $memory\core.frequency_bins$rdmux[0][5][11]$9449:
      Old ports: A=9'101000001, B=9'101000010, Y=$memory\core.frequency_bins$rdmux[0][4][5]$b$9385
      New ports: A=2'01, B=2'10, Y=$memory\core.frequency_bins$rdmux[0][4][5]$b$9385 [1:0]
      New connections: $memory\core.frequency_bins$rdmux[0][4][5]$b$9385 [8:2] = 7'1010000
    Consolidated identical input bits for $mux cell $memory\core.frequency_bins$rdmux[0][5][10]$9446:
      Old ports: A=9'100111100, B=9'101000000, Y=$memory\core.frequency_bins$rdmux[0][4][5]$a$9384
      New ports: A=2'01, B=2'10, Y={ $memory\core.frequency_bins$rdmux[0][4][5]$a$9384 [6] $memory\core.frequency_bins$rdmux[0][4][5]$a$9384 [2] }
      New connections: { $memory\core.frequency_bins$rdmux[0][4][5]$a$9384 [8:7] $memory\core.frequency_bins$rdmux[0][4][5]$a$9384 [5:3] $memory\core.frequency_bins$rdmux[0][4][5]$a$9384 [1:0] } = { 2'10 $memory\core.frequency_bins$rdmux[0][4][5]$a$9384 [2] $memory\core.frequency_bins$rdmux[0][4][5]$a$9384 [2] $memory\core.frequency_bins$rdmux[0][4][5]$a$9384 [2] 2'00 }
    Consolidated identical input bits for $mux cell $memory\core.frequency_bins$rdmux[0][5][9]$9443:
      Old ports: A=9'100111010, B=9'100111011, Y=$memory\core.frequency_bins$rdmux[0][4][4]$b$9382
      New ports: A=1'0, B=1'1, Y=$memory\core.frequency_bins$rdmux[0][4][4]$b$9382 [0]
      New connections: $memory\core.frequency_bins$rdmux[0][4][4]$b$9382 [8:1] = 8'10011101
    Consolidated identical input bits for $mux cell $memory\core.frequency_bins$rdmux[0][5][8]$9440:
      Old ports: A=9'100110100, B=9'100110101, Y=$memory\core.frequency_bins$rdmux[0][4][4]$a$9381
      New ports: A=1'0, B=1'1, Y=$memory\core.frequency_bins$rdmux[0][4][4]$a$9381 [0]
      New connections: $memory\core.frequency_bins$rdmux[0][4][4]$a$9381 [8:1] = 8'10011010
    Consolidated identical input bits for $mux cell $memory\core.frequency_bins$rdmux[0][5][7]$9437:
      Old ports: A=9'100101101, B=9'100110011, Y=$memory\core.frequency_bins$rdmux[0][4][3]$b$9379
      New ports: A=2'10, B=2'01, Y=$memory\core.frequency_bins$rdmux[0][4][3]$b$9379 [2:1]
      New connections: { $memory\core.frequency_bins$rdmux[0][4][3]$b$9379 [8:3] $memory\core.frequency_bins$rdmux[0][4][3]$b$9379 [0] } = { 4'1001 $memory\core.frequency_bins$rdmux[0][4][3]$b$9379 [1] $memory\core.frequency_bins$rdmux[0][4][3]$b$9379 [2] 1'1 }
    Consolidated identical input bits for $mux cell $memory\core.frequency_bins$rdmux[0][5][6]$9434:
      Old ports: A=9'100101011, B=9'100101100, Y=$memory\core.frequency_bins$rdmux[0][4][3]$a$9378
      New ports: A=2'01, B=2'10, Y={ $memory\core.frequency_bins$rdmux[0][4][3]$a$9378 [2] $memory\core.frequency_bins$rdmux[0][4][3]$a$9378 [0] }
      New connections: { $memory\core.frequency_bins$rdmux[0][4][3]$a$9378 [8:3] $memory\core.frequency_bins$rdmux[0][4][3]$a$9378 [1] } = { 6'100101 $memory\core.frequency_bins$rdmux[0][4][3]$a$9378 [0] }
    Consolidated identical input bits for $mux cell $memory\core.frequency_bins$rdmux[0][5][5]$9431:
      Old ports: A=9'011001111, B=9'011010000, Y=$memory\core.frequency_bins$rdmux[0][4][2]$b$9376
      New ports: A=2'01, B=2'10, Y={ $memory\core.frequency_bins$rdmux[0][4][2]$b$9376 [4] $memory\core.frequency_bins$rdmux[0][4][2]$b$9376 [0] }
      New connections: { $memory\core.frequency_bins$rdmux[0][4][2]$b$9376 [8:5] $memory\core.frequency_bins$rdmux[0][4][2]$b$9376 [3:1] } = { 4'0110 $memory\core.frequency_bins$rdmux[0][4][2]$b$9376 [0] $memory\core.frequency_bins$rdmux[0][4][2]$b$9376 [0] $memory\core.frequency_bins$rdmux[0][4][2]$b$9376 [0] }
    Consolidated identical input bits for $mux cell $memory\core.frequency_bins$rdmux[0][5][4]$9428:
      Old ports: A=9'010111101, B=9'011001110, Y=$memory\core.frequency_bins$rdmux[0][4][2]$a$9375
      New ports: A=2'01, B=2'10, Y=$memory\core.frequency_bins$rdmux[0][4][2]$a$9375 [1:0]
      New connections: $memory\core.frequency_bins$rdmux[0][4][2]$a$9375 [8:2] = { 2'01 $memory\core.frequency_bins$rdmux[0][4][2]$a$9375 [1:0] $memory\core.frequency_bins$rdmux[0][4][2]$a$9375 [0] 2'11 }
    Consolidated identical input bits for $mux cell $memory\core.frequency_bins$rdmux[0][5][3]$9425:
      Old ports: A=9'010111011, B=9'010111100, Y=$memory\core.frequency_bins$rdmux[0][4][1]$b$9373
      New ports: A=2'01, B=2'10, Y={ $memory\core.frequency_bins$rdmux[0][4][1]$b$9373 [2] $memory\core.frequency_bins$rdmux[0][4][1]$b$9373 [0] }
      New connections: { $memory\core.frequency_bins$rdmux[0][4][1]$b$9373 [8:3] $memory\core.frequency_bins$rdmux[0][4][1]$b$9373 [1] } = { 6'010111 $memory\core.frequency_bins$rdmux[0][4][1]$b$9373 [0] }
    Consolidated identical input bits for $mux cell $memory\core.frequency_bins$rdmux[0][5][2]$9422:
      Old ports: A=9'010110001, B=9'010110010, Y=$memory\core.frequency_bins$rdmux[0][4][1]$a$9372
      New ports: A=2'01, B=2'10, Y=$memory\core.frequency_bins$rdmux[0][4][1]$a$9372 [1:0]
      New connections: $memory\core.frequency_bins$rdmux[0][4][1]$a$9372 [8:2] = 7'0101100
    Consolidated identical input bits for $mux cell $memory\core.frequency_bins$rdmux[0][5][1]$9419:
      Old ports: A=9'001010001, B=9'010110000, Y=$memory\core.frequency_bins$rdmux[0][4][0]$b$9370
      New ports: A=2'01, B=2'10, Y={ $memory\core.frequency_bins$rdmux[0][4][0]$b$9370 [5] $memory\core.frequency_bins$rdmux[0][4][0]$b$9370 [0] }
      New connections: { $memory\core.frequency_bins$rdmux[0][4][0]$b$9370 [8:6] $memory\core.frequency_bins$rdmux[0][4][0]$b$9370 [4:1] } = { 1'0 $memory\core.frequency_bins$rdmux[0][4][0]$b$9370 [5] $memory\core.frequency_bins$rdmux[0][4][0]$b$9370 [0] 4'1000 }
    Consolidated identical input bits for $mux cell $memory\core.frequency_bins$rdmux[0][5][0]$9416:
      Old ports: A=9'001001111, B=9'001010000, Y=$memory\core.frequency_bins$rdmux[0][4][0]$a$9369
      New ports: A=2'01, B=2'10, Y={ $memory\core.frequency_bins$rdmux[0][4][0]$a$9369 [4] $memory\core.frequency_bins$rdmux[0][4][0]$a$9369 [0] }
      New connections: { $memory\core.frequency_bins$rdmux[0][4][0]$a$9369 [8:5] $memory\core.frequency_bins$rdmux[0][4][0]$a$9369 [3:1] } = { 4'0010 $memory\core.frequency_bins$rdmux[0][4][0]$a$9369 [0] $memory\core.frequency_bins$rdmux[0][4][0]$a$9369 [0] $memory\core.frequency_bins$rdmux[0][4][0]$a$9369 [0] }
    Consolidated identical input bits for $mux cell $flatten\core.$ternary$./rtl/core/vibration_core.sv:327$1811:
      Old ports: A=9'000000000, B=9'100000000, Y=$auto$wreduce.cc:513:run$7942 [8:0]
      New ports: A=1'0, B=1'1, Y=$auto$wreduce.cc:513:run$7942 [8]
      New connections: $auto$wreduce.cc:513:run$7942 [7:0] = 8'00000000
    Consolidated identical input bits for $mux cell $flatten\core.$procmux$6151:
      Old ports: A=40'0000000000000000000000000000000000000000, B={ $flatten\core.$memrd$\bias2$./rtl/core/vibration_core.sv:388$1913_DATA [31] $flatten\core.$memrd$\bias2$./rtl/core/vibration_core.sv:388$1913_DATA [31] $flatten\core.$memrd$\bias2$./rtl/core/vibration_core.sv:388$1913_DATA [31] $flatten\core.$memrd$\bias2$./rtl/core/vibration_core.sv:388$1913_DATA [31] $flatten\core.$memrd$\bias2$./rtl/core/vibration_core.sv:388$1913_DATA [31] $flatten\core.$memrd$\bias2$./rtl/core/vibration_core.sv:388$1913_DATA [31] $flatten\core.$memrd$\bias2$./rtl/core/vibration_core.sv:388$1913_DATA [31] $flatten\core.$memrd$\bias2$./rtl/core/vibration_core.sv:388$1913_DATA [31] $flatten\core.$memrd$\bias2$./rtl/core/vibration_core.sv:388$1913_DATA [31:7] 1'1 $flatten\core.$memrd$\bias2$./rtl/core/vibration_core.sv:388$1913_DATA [5] 1'1 $flatten\core.$memrd$\bias2$./rtl/core/vibration_core.sv:388$1913_DATA [3:0] }, Y=$flatten\core.$procmux$6151_Y
      New ports: A=31'0000000000000000000000000000000, B={ $flatten\core.$memrd$\bias2$./rtl/core/vibration_core.sv:388$1913_DATA [31:7] $flatten\core.$memrd$\bias2$./rtl/core/vibration_core.sv:388$1913_DATA [5] 1'1 $flatten\core.$memrd$\bias2$./rtl/core/vibration_core.sv:388$1913_DATA [3:0] }, Y={ $flatten\core.$procmux$6151_Y [31:7] $flatten\core.$procmux$6151_Y [5:0] }
      New connections: { $flatten\core.$procmux$6151_Y [39:32] $flatten\core.$procmux$6151_Y [6] } = { $flatten\core.$procmux$6151_Y [31] $flatten\core.$procmux$6151_Y [31] $flatten\core.$procmux$6151_Y [31] $flatten\core.$procmux$6151_Y [31] $flatten\core.$procmux$6151_Y [31] $flatten\core.$procmux$6151_Y [31] $flatten\core.$procmux$6151_Y [31] $flatten\core.$procmux$6151_Y [31] $flatten\core.$procmux$6151_Y [4] }
    Consolidated identical input bits for $mux cell $memory\core.bias2$rdmux[0][1][1]$9537:
      Old ports: A=30'000000000000000000000000110100, B=30'x, Y=$memory\core.bias2$rdmux[0][0][0]$b$9533
      New ports: A=2'10, B=2'x, Y={ $memory\core.bias2$rdmux[0][0][0]$b$9533 [2] $memory\core.bias2$rdmux[0][0][0]$b$9533 [0] }
      New connections: { $memory\core.bias2$rdmux[0][0][0]$b$9533 [29:3] $memory\core.bias2$rdmux[0][0][0]$b$9533 [1] } = { $memory\core.bias2$rdmux[0][0][0]$b$9533 [0] $memory\core.bias2$rdmux[0][0][0]$b$9533 [0] $memory\core.bias2$rdmux[0][0][0]$b$9533 [0] $memory\core.bias2$rdmux[0][0][0]$b$9533 [0] $memory\core.bias2$rdmux[0][0][0]$b$9533 [0] $memory\core.bias2$rdmux[0][0][0]$b$9533 [0] $memory\core.bias2$rdmux[0][0][0]$b$9533 [0] $memory\core.bias2$rdmux[0][0][0]$b$9533 [0] $memory\core.bias2$rdmux[0][0][0]$b$9533 [0] $memory\core.bias2$rdmux[0][0][0]$b$9533 [0] $memory\core.bias2$rdmux[0][0][0]$b$9533 [0] $memory\core.bias2$rdmux[0][0][0]$b$9533 [0] $memory\core.bias2$rdmux[0][0][0]$b$9533 [0] $memory\core.bias2$rdmux[0][0][0]$b$9533 [0] $memory\core.bias2$rdmux[0][0][0]$b$9533 [0] $memory\core.bias2$rdmux[0][0][0]$b$9533 [0] $memory\core.bias2$rdmux[0][0][0]$b$9533 [0] $memory\core.bias2$rdmux[0][0][0]$b$9533 [0] $memory\core.bias2$rdmux[0][0][0]$b$9533 [0] $memory\core.bias2$rdmux[0][0][0]$b$9533 [0] $memory\core.bias2$rdmux[0][0][0]$b$9533 [0] $memory\core.bias2$rdmux[0][0][0]$b$9533 [0] $memory\core.bias2$rdmux[0][0][0]$b$9533 [0] $memory\core.bias2$rdmux[0][0][0]$b$9533 [0] $memory\core.bias2$rdmux[0][0][0]$b$9533 [2] $memory\core.bias2$rdmux[0][0][0]$b$9533 [2] $memory\core.bias2$rdmux[0][0][0]$b$9533 [0] $memory\core.bias2$rdmux[0][0][0]$b$9533 [0] }
    Consolidated identical input bits for $mux cell $memory\core.bias1$rdmux[0][3][7]$9582:
      Old ports: A=32'11111111111111111111110101001111, B=98, Y=$memory\core.bias1$rdmux[0][2][3]$b$9560
      New ports: A=2'01, B=2'10, Y={ $memory\core.bias1$rdmux[0][2][3]$b$9560 [5] $memory\core.bias1$rdmux[0][2][3]$b$9560 [0] }
      New connections: { $memory\core.bias1$rdmux[0][2][3]$b$9560 [31:6] $memory\core.bias1$rdmux[0][2][3]$b$9560 [4:1] } = { $memory\core.bias1$rdmux[0][2][3]$b$9560 [0] $memory\core.bias1$rdmux[0][2][3]$b$9560 [0] $memory\core.bias1$rdmux[0][2][3]$b$9560 [0] $memory\core.bias1$rdmux[0][2][3]$b$9560 [0] $memory\core.bias1$rdmux[0][2][3]$b$9560 [0] $memory\core.bias1$rdmux[0][2][3]$b$9560 [0] $memory\core.bias1$rdmux[0][2][3]$b$9560 [0] $memory\core.bias1$rdmux[0][2][3]$b$9560 [0] $memory\core.bias1$rdmux[0][2][3]$b$9560 [0] $memory\core.bias1$rdmux[0][2][3]$b$9560 [0] $memory\core.bias1$rdmux[0][2][3]$b$9560 [0] $memory\core.bias1$rdmux[0][2][3]$b$9560 [0] $memory\core.bias1$rdmux[0][2][3]$b$9560 [0] $memory\core.bias1$rdmux[0][2][3]$b$9560 [0] $memory\core.bias1$rdmux[0][2][3]$b$9560 [0] $memory\core.bias1$rdmux[0][2][3]$b$9560 [0] $memory\core.bias1$rdmux[0][2][3]$b$9560 [0] $memory\core.bias1$rdmux[0][2][3]$b$9560 [0] $memory\core.bias1$rdmux[0][2][3]$b$9560 [0] $memory\core.bias1$rdmux[0][2][3]$b$9560 [0] $memory\core.bias1$rdmux[0][2][3]$b$9560 [0] $memory\core.bias1$rdmux[0][2][3]$b$9560 [0] 1'0 $memory\core.bias1$rdmux[0][2][3]$b$9560 [0] 3'010 $memory\core.bias1$rdmux[0][2][3]$b$9560 [0] $memory\core.bias1$rdmux[0][2][3]$b$9560 [0] 1'1 }
    New ctrl vector for $pmux cell $flatten\core.$procmux$6570: $auto$opt_reduce.cc:137:opt_pmux$9704
    New ctrl vector for $pmux cell $flatten\core.$procmux$6615: $auto$opt_reduce.cc:137:opt_pmux$9706
    Consolidated identical input bits for $mux cell $memory\core.feature_shifts$rdmux[0][3][7]$9627:
      Old ports: A=4'0010, B=4'0000, Y=$memory\core.feature_shifts$rdmux[0][2][3]$b$9605
      New ports: A=1'1, B=1'0, Y=$memory\core.feature_shifts$rdmux[0][2][3]$b$9605 [1]
      New connections: { $memory\core.feature_shifts$rdmux[0][2][3]$b$9605 [3:2] $memory\core.feature_shifts$rdmux[0][2][3]$b$9605 [0] } = 3'000
    New ctrl vector for $pmux cell $flatten\core.$procmux$6709: { $flatten\core.$procmux$6139_CMP $auto$rtlil.cc:3254:ReduceAnd$8273 }
    New ctrl vector for $pmux cell $flatten\core.$procmux$6919: { $flatten\core.$procmux$6921_CMP $auto$rtlil.cc:3254:ReduceAnd$8339 $flatten\core.$procmux$6149_CMP $flatten\core.$procmux$6936_CMP $flatten\core.$eq$./rtl/core/vibration_core.sv:214$2014_Y $auto$rtlil.cc:3254:ReduceAnd$8326 $auto$rtlil.cc:3254:ReduceAnd$8317 $flatten\core.$procmux$6431_CMP $flatten\core.$procmux$6432_CMP $flatten\core.$procmux$5866_CMP $flatten\core.$procmux$6957_CMP $flatten\core.$procmux$6503_CMP $auto$rtlil.cc:3254:ReduceAnd$8304 $auto$rtlil.cc:3254:ReduceAnd$8295 $flatten\core.$procmux$6139_CMP $flatten\core.$procmux$6971_CMP \core.g_lane[0].coeff_rom.en $auto$rtlil.cc:3254:ReduceAnd$8282 $auto$rtlil.cc:3254:ReduceAnd$8273 $flatten\core.$procmux$6978_CMP \core.hann_rom.en $auto$rtlil.cc:3254:ReduceAnd$8260 $flatten\core.$procmux$2497_CMP }
    Consolidated identical input bits for $mux cell $flatten\core.$procmux$6924:
      Old ports: A=3'001, B=3'110, Y=$auto$wreduce.cc:513:run$7951 [2:0]
      New ports: A=2'01, B=2'10, Y=$auto$wreduce.cc:513:run$7951 [1:0]
      New connections: $auto$wreduce.cc:513:run$7951 [2] = $auto$wreduce.cc:513:run$7951 [1]
    Consolidated identical input bits for $mux cell $flatten\core.$procmux$6927:
      Old ports: A={ 2'10 $auto$wreduce.cc:513:run$7951 [2:0] }, B=5'10001, Y=$flatten\core.$procmux$6927_Y
      New ports: A=$auto$wreduce.cc:513:run$7951 [2:0], B=3'001, Y=$flatten\core.$procmux$6927_Y [2:0]
      New connections: $flatten\core.$procmux$6927_Y [4:3] = 2'10
    Consolidated identical input bits for $mux cell $flatten\core.$procmux$6933:
      Old ports: A=3'010, B=3'101, Y=$auto$wreduce.cc:513:run$7953 [2:0]
      New ports: A=2'10, B=2'01, Y=$auto$wreduce.cc:513:run$7953 [1:0]
      New connections: $auto$wreduce.cc:513:run$7953 [2] = $auto$wreduce.cc:513:run$7953 [0]
    Consolidated identical input bits for $mux cell $flatten\core.$procmux$6940:
      Old ports: A=5'01010, B=5'10001, Y=$flatten\core.$procmux$6940_Y
      New ports: A=2'10, B=2'01, Y=$flatten\core.$procmux$6940_Y [1:0]
      New connections: $flatten\core.$procmux$6940_Y [4:2] = { $flatten\core.$procmux$6940_Y [0] $flatten\core.$procmux$6940_Y [1] 1'0 }
    Consolidated identical input bits for $mux cell $flatten\core.$procmux$6950:
      Old ports: A=5'01111, B=5'10000, Y=$flatten\core.$procmux$6950_Y
      New ports: A=2'01, B=2'10, Y={ $flatten\core.$procmux$6950_Y [4] $flatten\core.$procmux$6950_Y [0] }
      New connections: $flatten\core.$procmux$6950_Y [3:1] = { $flatten\core.$procmux$6950_Y [0] $flatten\core.$procmux$6950_Y [0] $flatten\core.$procmux$6950_Y [0] }
    Consolidated identical input bits for $mux cell $flatten\core.$procmux$6954:
      Old ports: A=3'010, B=3'110, Y=$auto$wreduce.cc:513:run$7955 [2:0]
      New ports: A=1'0, B=1'1, Y=$auto$wreduce.cc:513:run$7955 [2]
      New connections: $auto$wreduce.cc:513:run$7955 [1:0] = 2'10
    Consolidated identical input bits for $mux cell $flatten\core.$procmux$6962:
      Old ports: A=4'0101, B=4'1010, Y=$auto$wreduce.cc:513:run$7957 [3:0]
      New ports: A=2'01, B=2'10, Y=$auto$wreduce.cc:513:run$7957 [1:0]
      New connections: $auto$wreduce.cc:513:run$7957 [3:2] = $auto$wreduce.cc:513:run$7957 [1:0]
    Consolidated identical input bits for $mux cell $flatten\core.$procmux$6968:
      Old ports: A=4'0110, B=4'1001, Y=$auto$wreduce.cc:513:run$7958 [3:0]
      New ports: A=2'10, B=2'01, Y=$auto$wreduce.cc:513:run$7958 [1:0]
      New connections: $auto$wreduce.cc:513:run$7958 [3:2] = { $auto$wreduce.cc:513:run$7958 [0] $auto$wreduce.cc:513:run$7958 [1] }
    Consolidated identical input bits for $mux cell $flatten\core.$procmux$6975:
      Old ports: A=3'010, B=3'101, Y=$auto$wreduce.cc:513:run$7959 [2:0]
      New ports: A=2'10, B=2'01, Y=$auto$wreduce.cc:513:run$7959 [1:0]
      New connections: $auto$wreduce.cc:513:run$7959 [2] = $auto$wreduce.cc:513:run$7959 [0]
    Consolidated identical input bits for $pmux cell $flatten\core.$procmux$7114:
      Old ports: A=16'0000000000000000, B={ 6'000000 \core.point 10'0000000000 \core.dft_component [6:1] 12'000000000000 \core.feature_index 12'000000000000 \core.feature_index 12'000000000000 \core.nn_output_index }, Y=$flatten\core.$procmux$7114_Y
      New ports: A=10'0000000000, B={ \core.point 4'0000 \core.dft_component [6:1] 6'000000 \core.feature_index 6'000000 \core.feature_index 6'000000 \core.nn_output_index }, Y=$flatten\core.$procmux$7114_Y [9:0]
      New connections: $flatten\core.$procmux$7114_Y [15:10] = 6'000000
    New ctrl vector for $pmux cell $flatten\core.$procmux$7114: { $auto$rtlil.cc:3254:ReduceAnd$8339 $auto$opt_reduce.cc:137:opt_pmux$9708 $auto$rtlil.cc:3254:ReduceAnd$8295 $auto$rtlil.cc:3254:ReduceAnd$8273 }
    Consolidated identical input bits for $mux cell $flatten\core.$procmux$7134:
      Old ports: A=4'0110, B=4'0111, Y=$flatten\core.$procmux$7134_Y
      New ports: A=1'0, B=1'1, Y=$flatten\core.$procmux$7134_Y [0]
      New connections: $flatten\core.$procmux$7134_Y [3:1] = 3'011
    Consolidated identical input bits for $mux cell $flatten\core.$procmux$7279:
      Old ports: A={ $flatten\core.$2\rne$func$./rtl/core/vibration_core.sv:228$1226.$result[39:0]$1309 [12] $flatten\core.$2\rne$func$./rtl/core/vibration_core.sv:228$1226.$result[39:0]$1309 [12] $flatten\core.$2\rne$func$./rtl/core/vibration_core.sv:228$1226.$result[39:0]$1309 [12] $flatten\core.$2\rne$func$./rtl/core/vibration_core.sv:228$1226.$result[39:0]$1309 [12:11] $auto$alumacc.cc:483:extract_cmp_alu$8192 [10:0] }, B=16'1111100000000000, Y=$flatten\core.$3\sat12$func$./rtl/core/vibration_core.sv:228$1227.$result[15:0]$1324
      New ports: A={ $flatten\core.$2\rne$func$./rtl/core/vibration_core.sv:228$1226.$result[39:0]$1309 [12:11] $auto$alumacc.cc:483:extract_cmp_alu$8192 [10:0] }, B=13'1100000000000, Y=$flatten\core.$3\sat12$func$./rtl/core/vibration_core.sv:228$1227.$result[15:0]$1324 [12:0]
      New connections: $flatten\core.$3\sat12$func$./rtl/core/vibration_core.sv:228$1227.$result[15:0]$1324 [15:13] = { $flatten\core.$3\sat12$func$./rtl/core/vibration_core.sv:228$1227.$result[15:0]$1324 [12] $flatten\core.$3\sat12$func$./rtl/core/vibration_core.sv:228$1227.$result[15:0]$1324 [12] $flatten\core.$3\sat12$func$./rtl/core/vibration_core.sv:228$1227.$result[15:0]$1324 [12] }
    Consolidated identical input bits for $mux cell $flatten\core.\hann_rom.$ternary$./rtl/core/vib_coeff_rom.sv:34$1219:
      Old ports: A={ 3'000 \core.hann_rom.magnitude [12:0] }, B={ 1'0 $flatten\core.\hann_rom.$sub$./rtl/core/vib_coeff_rom.sv:34$1218_Y [14:0] }, Y=$flatten\core.\hann_rom.$ternary$./rtl/core/vib_coeff_rom.sv:34$1219_Y
      New ports: A={ 2'00 \core.hann_rom.magnitude [12:0] }, B=$flatten\core.\hann_rom.$sub$./rtl/core/vib_coeff_rom.sv:34$1218_Y [14:0], Y=$flatten\core.\hann_rom.$ternary$./rtl/core/vib_coeff_rom.sv:34$1219_Y [14:0]
      New connections: $flatten\core.\hann_rom.$ternary$./rtl/core/vib_coeff_rom.sv:34$1219_Y [15] = 1'0
  Optimizing cells in module \core_pnr_probe.
    Consolidated identical input bits for $mux cell $memory\core.feature_shifts$rdmux[0][2][3]$9603:
      Old ports: A=$memory\core.feature_shifts$rdmux[0][2][3]$a$9604, B=$memory\core.feature_shifts$rdmux[0][2][3]$b$9605, Y=$memory\core.feature_shifts$rdmux[0][1][1]$b$9593
      New ports: A={ $memory\core.feature_shifts$rdmux[0][2][3]$a$9604 [2] $memory\core.feature_shifts$rdmux[0][2][3]$a$9604 [0] $memory\core.feature_shifts$rdmux[0][2][3]$a$9604 [0] }, B={ 1'0 $memory\core.feature_shifts$rdmux[0][2][3]$b$9605 [1] 1'0 }, Y=$memory\core.feature_shifts$rdmux[0][1][1]$b$9593 [2:0]
      New connections: $memory\core.feature_shifts$rdmux[0][1][1]$b$9593 [3] = 1'0
    Consolidated identical input bits for $mux cell $memory\core.feature_shifts$rdmux[0][2][2]$9600:
      Old ports: A=$memory\core.feature_shifts$rdmux[0][2][2]$a$9601, B=4'0010, Y=$memory\core.feature_shifts$rdmux[0][1][1]$a$9592
      New ports: A={ $memory\core.feature_shifts$rdmux[0][2][2]$a$9601 [2] $memory\core.feature_shifts$rdmux[0][2][2]$a$9601 [0] }, B=2'00, Y={ $memory\core.feature_shifts$rdmux[0][1][1]$a$9592 [2] $memory\core.feature_shifts$rdmux[0][1][1]$a$9592 [0] }
      New connections: { $memory\core.feature_shifts$rdmux[0][1][1]$a$9592 [3] $memory\core.feature_shifts$rdmux[0][1][1]$a$9592 [1] } = 2'01
    Consolidated identical input bits for $mux cell $memory\core.feature_shifts$rdmux[0][2][1]$9597:
      Old ports: A=$memory\core.feature_shifts$rdmux[0][2][1]$a$9598, B=4'0110, Y=$memory\core.feature_shifts$rdmux[0][1][0]$b$9590
      New ports: A={ 2'10 $memory\core.feature_shifts$rdmux[0][2][1]$a$9598 [0] }, B=3'010, Y={ $memory\core.feature_shifts$rdmux[0][1][0]$b$9590 [3] $memory\core.feature_shifts$rdmux[0][1][0]$b$9590 [1:0] }
      New connections: $memory\core.feature_shifts$rdmux[0][1][0]$b$9590 [2] = $memory\core.feature_shifts$rdmux[0][1][0]$b$9590 [1]
    Consolidated identical input bits for $mux cell $memory\core.feature_shifts$rdmux[0][2][0]$9594:
      Old ports: A=$memory\core.feature_shifts$rdmux[0][2][0]$a$9595, B=$memory\core.feature_shifts$rdmux[0][2][0]$b$9596, Y=$memory\core.feature_shifts$rdmux[0][1][0]$a$9589
      New ports: A={ $memory\core.feature_shifts$rdmux[0][2][0]$a$9595 [1] 1'0 }, B=$memory\core.feature_shifts$rdmux[0][2][0]$b$9596 [1:0], Y=$memory\core.feature_shifts$rdmux[0][1][0]$a$9589 [1:0]
      New connections: $memory\core.feature_shifts$rdmux[0][1][0]$a$9589 [3:2] = { 1'0 $memory\core.feature_shifts$rdmux[0][1][0]$a$9589 [0] }
    Consolidated identical input bits for $mux cell $memory\core.bias1$rdmux[0][2][3]$9558:
      Old ports: A=$memory\core.bias1$rdmux[0][2][3]$a$9559, B=$memory\core.bias1$rdmux[0][2][3]$b$9560, Y=$memory\core.bias1$rdmux[0][1][1]$b$9548
      New ports: A={ $memory\core.bias1$rdmux[0][2][3]$a$9559 [12] 4'1101 $memory\core.bias1$rdmux[0][2][3]$a$9559 [1] $memory\core.bias1$rdmux[0][2][3]$a$9559 [1] $memory\core.bias1$rdmux[0][2][3]$a$9559 [1] 1'0 }, B={ $memory\core.bias1$rdmux[0][2][3]$b$9560 [0] $memory\core.bias1$rdmux[0][2][3]$b$9560 [0] 2'01 $memory\core.bias1$rdmux[0][2][3]$b$9560 [5] 1'0 $memory\core.bias1$rdmux[0][2][3]$b$9560 [0] 1'1 $memory\core.bias1$rdmux[0][2][3]$b$9560 [0] }, Y={ $memory\core.bias1$rdmux[0][1][1]$b$9548 [12] $memory\core.bias1$rdmux[0][1][1]$b$9548 [10:9] $memory\core.bias1$rdmux[0][1][1]$b$9548 [6:3] $memory\core.bias1$rdmux[0][1][1]$b$9548 [1:0] }
      New connections: { $memory\core.bias1$rdmux[0][1][1]$b$9548 [31:13] $memory\core.bias1$rdmux[0][1][1]$b$9548 [11] $memory\core.bias1$rdmux[0][1][1]$b$9548 [8:7] $memory\core.bias1$rdmux[0][1][1]$b$9548 [2] } = { $memory\core.bias1$rdmux[0][1][1]$b$9548 [12] $memory\core.bias1$rdmux[0][1][1]$b$9548 [12] $memory\core.bias1$rdmux[0][1][1]$b$9548 [12] $memory\core.bias1$rdmux[0][1][1]$b$9548 [12] $memory\core.bias1$rdmux[0][1][1]$b$9548 [12] $memory\core.bias1$rdmux[0][1][1]$b$9548 [12] $memory\core.bias1$rdmux[0][1][1]$b$9548 [12] $memory\core.bias1$rdmux[0][1][1]$b$9548 [12] $memory\core.bias1$rdmux[0][1][1]$b$9548 [12] $memory\core.bias1$rdmux[0][1][1]$b$9548 [12] $memory\core.bias1$rdmux[0][1][1]$b$9548 [12] $memory\core.bias1$rdmux[0][1][1]$b$9548 [12] $memory\core.bias1$rdmux[0][1][1]$b$9548 [12] $memory\core.bias1$rdmux[0][1][1]$b$9548 [12] $memory\core.bias1$rdmux[0][1][1]$b$9548 [12] $memory\core.bias1$rdmux[0][1][1]$b$9548 [12] $memory\core.bias1$rdmux[0][1][1]$b$9548 [12] $memory\core.bias1$rdmux[0][1][1]$b$9548 [12] $memory\core.bias1$rdmux[0][1][1]$b$9548 [12] $memory\core.bias1$rdmux[0][1][1]$b$9548 [10] $memory\core.bias1$rdmux[0][1][1]$b$9548 [3] $memory\core.bias1$rdmux[0][1][1]$b$9548 [4] $memory\core.bias1$rdmux[0][1][1]$b$9548 [0] }
    Consolidated identical input bits for $mux cell $memory\core.bias1$rdmux[0][2][2]$9555:
      Old ports: A=$memory\core.bias1$rdmux[0][2][2]$a$9556, B=$memory\core.bias1$rdmux[0][2][2]$b$9557, Y=$memory\core.bias1$rdmux[0][1][1]$a$9547
      New ports: A={ $memory\core.bias1$rdmux[0][2][2]$a$9556 [1] $memory\core.bias1$rdmux[0][2][2]$a$9556 [1] $memory\core.bias1$rdmux[0][2][2]$a$9556 [5] 2'10 $memory\core.bias1$rdmux[0][2][2]$a$9556 [1] 1'1 }, B={ 1'0 $memory\core.bias1$rdmux[0][2][2]$b$9557 [8] 1'0 $memory\core.bias1$rdmux[0][2][2]$b$9557 [1] 1'1 $memory\core.bias1$rdmux[0][2][2]$b$9557 [1] 1'0 }, Y={ $memory\core.bias1$rdmux[0][1][1]$a$9547 [10] $memory\core.bias1$rdmux[0][1][1]$a$9547 [8] $memory\core.bias1$rdmux[0][1][1]$a$9547 [5:3] $memory\core.bias1$rdmux[0][1][1]$a$9547 [1:0] }
      New connections: { $memory\core.bias1$rdmux[0][1][1]$a$9547 [31:11] $memory\core.bias1$rdmux[0][1][1]$a$9547 [9] $memory\core.bias1$rdmux[0][1][1]$a$9547 [7:6] $memory\core.bias1$rdmux[0][1][1]$a$9547 [2] } = { $memory\core.bias1$rdmux[0][1][1]$a$9547 [10] $memory\core.bias1$rdmux[0][1][1]$a$9547 [10] $memory\core.bias1$rdmux[0][1][1]$a$9547 [10] $memory\core.bias1$rdmux[0][1][1]$a$9547 [10] $memory\core.bias1$rdmux[0][1][1]$a$9547 [10] $memory\core.bias1$rdmux[0][1][1]$a$9547 [10] $memory\core.bias1$rdmux[0][1][1]$a$9547 [10] $memory\core.bias1$rdmux[0][1][1]$a$9547 [10] $memory\core.bias1$rdmux[0][1][1]$a$9547 [10] $memory\core.bias1$rdmux[0][1][1]$a$9547 [10] $memory\core.bias1$rdmux[0][1][1]$a$9547 [10] $memory\core.bias1$rdmux[0][1][1]$a$9547 [10] $memory\core.bias1$rdmux[0][1][1]$a$9547 [10] $memory\core.bias1$rdmux[0][1][1]$a$9547 [10] $memory\core.bias1$rdmux[0][1][1]$a$9547 [10] $memory\core.bias1$rdmux[0][1][1]$a$9547 [10] $memory\core.bias1$rdmux[0][1][1]$a$9547 [10] $memory\core.bias1$rdmux[0][1][1]$a$9547 [10] $memory\core.bias1$rdmux[0][1][1]$a$9547 [10] $memory\core.bias1$rdmux[0][1][1]$a$9547 [10] $memory\core.bias1$rdmux[0][1][1]$a$9547 [8] 1'1 $memory\core.bias1$rdmux[0][1][1]$a$9547 [0] $memory\core.bias1$rdmux[0][1][1]$a$9547 [0] 1'0 }
    Consolidated identical input bits for $mux cell $memory\core.bias1$rdmux[0][2][1]$9552:
      Old ports: A=$memory\core.bias1$rdmux[0][2][1]$a$9553, B=$memory\core.bias1$rdmux[0][2][1]$b$9554, Y=$memory\core.bias1$rdmux[0][1][0]$b$9545
      New ports: A={ $memory\core.bias1$rdmux[0][2][1]$a$9553 [0] $memory\core.bias1$rdmux[0][2][1]$a$9553 [0] 1'0 $memory\core.bias1$rdmux[0][2][1]$a$9553 [0] 1'1 $memory\core.bias1$rdmux[0][2][1]$a$9553 [4] $memory\core.bias1$rdmux[0][2][1]$a$9553 [0] }, B={ $memory\core.bias1$rdmux[0][2][1]$b$9554 [9] 1'1 $memory\core.bias1$rdmux[0][2][1]$b$9554 [9] 3'001 $memory\core.bias1$rdmux[0][2][1]$b$9554 [0] }, Y={ $memory\core.bias1$rdmux[0][1][0]$b$9545 [11:9] $memory\core.bias1$rdmux[0][1][0]$b$9545 [6:4] $memory\core.bias1$rdmux[0][1][0]$b$9545 [0] }
      New connections: { $memory\core.bias1$rdmux[0][1][0]$b$9545 [31:12] $memory\core.bias1$rdmux[0][1][0]$b$9545 [8:7] $memory\core.bias1$rdmux[0][1][0]$b$9545 [3:1] } = { $memory\core.bias1$rdmux[0][1][0]$b$9545 [11] $memory\core.bias1$rdmux[0][1][0]$b$9545 [11] $memory\core.bias1$rdmux[0][1][0]$b$9545 [11] $memory\core.bias1$rdmux[0][1][0]$b$9545 [11] $memory\core.bias1$rdmux[0][1][0]$b$9545 [11] $memory\core.bias1$rdmux[0][1][0]$b$9545 [11] $memory\core.bias1$rdmux[0][1][0]$b$9545 [11] $memory\core.bias1$rdmux[0][1][0]$b$9545 [11] $memory\core.bias1$rdmux[0][1][0]$b$9545 [11] $memory\core.bias1$rdmux[0][1][0]$b$9545 [11] $memory\core.bias1$rdmux[0][1][0]$b$9545 [11] $memory\core.bias1$rdmux[0][1][0]$b$9545 [11] $memory\core.bias1$rdmux[0][1][0]$b$9545 [11] $memory\core.bias1$rdmux[0][1][0]$b$9545 [11] $memory\core.bias1$rdmux[0][1][0]$b$9545 [11] $memory\core.bias1$rdmux[0][1][0]$b$9545 [11] $memory\core.bias1$rdmux[0][1][0]$b$9545 [11] $memory\core.bias1$rdmux[0][1][0]$b$9545 [11] $memory\core.bias1$rdmux[0][1][0]$b$9545 [11] $memory\core.bias1$rdmux[0][1][0]$b$9545 [11] $memory\core.bias1$rdmux[0][1][0]$b$9545 [6:5] 1'1 $memory\core.bias1$rdmux[0][1][0]$b$9545 [0] $memory\core.bias1$rdmux[0][1][0]$b$9545 [0] }
    Consolidated identical input bits for $mux cell $memory\core.bias1$rdmux[0][2][0]$9549:
      Old ports: A=$memory\core.bias1$rdmux[0][2][0]$a$9550, B=$memory\core.bias1$rdmux[0][2][0]$b$9551, Y=$memory\core.bias1$rdmux[0][1][0]$a$9544
      New ports: A={ 1'0 $memory\core.bias1$rdmux[0][2][0]$a$9550 [0] 1'0 $memory\core.bias1$rdmux[0][2][0]$a$9550 [0] 1'1 $memory\core.bias1$rdmux[0][2][0]$a$9550 [1:0] }, B={ $memory\core.bias1$rdmux[0][2][0]$b$9551 [4] 2'11 $memory\core.bias1$rdmux[0][2][0]$b$9551 [4] $memory\core.bias1$rdmux[0][2][0]$b$9551 [2] 2'00 }, Y={ $memory\core.bias1$rdmux[0][1][0]$a$9544 [9:8] $memory\core.bias1$rdmux[0][1][0]$a$9544 [5:4] $memory\core.bias1$rdmux[0][1][0]$a$9544 [2:0] }
      New connections: { $memory\core.bias1$rdmux[0][1][0]$a$9544 [31:10] $memory\core.bias1$rdmux[0][1][0]$a$9544 [7:6] $memory\core.bias1$rdmux[0][1][0]$a$9544 [3] } = { $memory\core.bias1$rdmux[0][1][0]$a$9544 [5] $memory\core.bias1$rdmux[0][1][0]$a$9544 [5] $memory\core.bias1$rdmux[0][1][0]$a$9544 [5] $memory\core.bias1$rdmux[0][1][0]$a$9544 [5] $memory\core.bias1$rdmux[0][1][0]$a$9544 [5] $memory\core.bias1$rdmux[0][1][0]$a$9544 [5] $memory\core.bias1$rdmux[0][1][0]$a$9544 [5] $memory\core.bias1$rdmux[0][1][0]$a$9544 [5] $memory\core.bias1$rdmux[0][1][0]$a$9544 [5] $memory\core.bias1$rdmux[0][1][0]$a$9544 [5] $memory\core.bias1$rdmux[0][1][0]$a$9544 [5] $memory\core.bias1$rdmux[0][1][0]$a$9544 [5] $memory\core.bias1$rdmux[0][1][0]$a$9544 [5] $memory\core.bias1$rdmux[0][1][0]$a$9544 [5] $memory\core.bias1$rdmux[0][1][0]$a$9544 [5] $memory\core.bias1$rdmux[0][1][0]$a$9544 [5] $memory\core.bias1$rdmux[0][1][0]$a$9544 [5] $memory\core.bias1$rdmux[0][1][0]$a$9544 [5] $memory\core.bias1$rdmux[0][1][0]$a$9544 [5] $memory\core.bias1$rdmux[0][1][0]$a$9544 [5] $memory\core.bias1$rdmux[0][1][0]$a$9544 [5] $memory\core.bias1$rdmux[0][1][0]$a$9544 [5] $memory\core.bias1$rdmux[0][1][0]$a$9544 [5:4] 1'0 }
    Consolidated identical input bits for $mux cell $memory\core.bias2$rdmux[0][0][0]$9531:
      Old ports: A=$memory\core.bias2$rdmux[0][0][0]$a$9532, B=$memory\core.bias2$rdmux[0][0][0]$b$9533, Y=$\core.bias2$rdreg[0]$d
      New ports: A={ $memory\core.bias2$rdmux[0][0][0]$a$9532 [0] $memory\core.bias2$rdmux[0][0][0]$a$9532 [2] 1'1 $memory\core.bias2$rdmux[0][0][0]$a$9532 [0] }, B={ $memory\core.bias2$rdmux[0][0][0]$b$9533 [2] $memory\core.bias2$rdmux[0][0][0]$b$9533 [2] $memory\core.bias2$rdmux[0][0][0]$b$9533 [0] $memory\core.bias2$rdmux[0][0][0]$b$9533 [0] }, Y={ $\core.bias2$rdreg[0]$d [4] $\core.bias2$rdreg[0]$d [2:0] }
      New connections: { $\core.bias2$rdreg[0]$d [29:5] $\core.bias2$rdreg[0]$d [3] } = { $\core.bias2$rdreg[0]$d [1] $\core.bias2$rdreg[0]$d [1] $\core.bias2$rdreg[0]$d [1] $\core.bias2$rdreg[0]$d [1] $\core.bias2$rdreg[0]$d [1] $\core.bias2$rdreg[0]$d [1] $\core.bias2$rdreg[0]$d [1] $\core.bias2$rdreg[0]$d [1] $\core.bias2$rdreg[0]$d [1] $\core.bias2$rdreg[0]$d [1] $\core.bias2$rdreg[0]$d [1] $\core.bias2$rdreg[0]$d [1] $\core.bias2$rdreg[0]$d [1] $\core.bias2$rdreg[0]$d [1] $\core.bias2$rdreg[0]$d [1] $\core.bias2$rdreg[0]$d [1] $\core.bias2$rdreg[0]$d [1] $\core.bias2$rdreg[0]$d [1] $\core.bias2$rdreg[0]$d [1] $\core.bias2$rdreg[0]$d [1] $\core.bias2$rdreg[0]$d [1] $\core.bias2$rdreg[0]$d [1] $\core.bias2$rdreg[0]$d [1] $\core.bias2$rdreg[0]$d [1] $\core.bias2$rdreg[0]$d [4] $\core.bias2$rdreg[0]$d [0] }
    Consolidated identical input bits for $mux cell $memory\core.frequency_bins$rdmux[0][4][11]$9401:
      Old ports: A=$memory\core.frequency_bins$rdmux[0][4][11]$a$9402, B=$memory\core.frequency_bins$rdmux[0][4][11]$b$9403, Y=$memory\core.frequency_bins$rdmux[0][3][5]$b$9361
      New ports: A={ $memory\core.frequency_bins$rdmux[0][4][11]$a$9402 [1] $memory\core.frequency_bins$rdmux[0][4][11]$a$9402 [2:1] 1'0 }, B={ 2'01 $memory\core.frequency_bins$rdmux[0][4][11]$b$9403 [1:0] }, Y=$memory\core.frequency_bins$rdmux[0][3][5]$b$9361 [3:0]
      New connections: $memory\core.frequency_bins$rdmux[0][3][5]$b$9361 [8:4] = { 4'1110 $memory\core.frequency_bins$rdmux[0][3][5]$b$9361 [2] }
    Consolidated identical input bits for $mux cell $memory\core.frequency_bins$rdmux[0][4][10]$9398:
      Old ports: A=$memory\core.frequency_bins$rdmux[0][4][10]$a$9399, B=$memory\core.frequency_bins$rdmux[0][4][10]$b$9400, Y=$memory\core.frequency_bins$rdmux[0][3][5]$a$9360
      New ports: A={ 1'0 $memory\core.frequency_bins$rdmux[0][4][10]$a$9399 [2] $memory\core.frequency_bins$rdmux[0][4][10]$a$9399 [0] $memory\core.frequency_bins$rdmux[0][4][10]$a$9399 [0] }, B={ 3'100 $memory\core.frequency_bins$rdmux[0][4][10]$b$9400 [0] }, Y=$memory\core.frequency_bins$rdmux[0][3][5]$a$9360 [3:0]
      New connections: $memory\core.frequency_bins$rdmux[0][3][5]$a$9360 [8:4] = 5'11100
    Consolidated identical input bits for $mux cell $memory\core.frequency_bins$rdmux[0][4][9]$9395:
      Old ports: A=$memory\core.frequency_bins$rdmux[0][4][9]$a$9396, B=$memory\core.frequency_bins$rdmux[0][4][9]$b$9397, Y=$memory\core.frequency_bins$rdmux[0][3][4]$b$9358
      New ports: A={ 5'01011 $memory\core.frequency_bins$rdmux[0][4][9]$a$9396 [0] }, B={ $memory\core.frequency_bins$rdmux[0][4][9]$b$9397 [1] $memory\core.frequency_bins$rdmux[0][4][9]$b$9397 [3] $memory\core.frequency_bins$rdmux[0][4][9]$b$9397 [3] 1'0 $memory\core.frequency_bins$rdmux[0][4][9]$b$9397 [1] 1'0 }, Y={ $memory\core.frequency_bins$rdmux[0][3][4]$b$9358 [6] $memory\core.frequency_bins$rdmux[0][3][4]$b$9358 [4:0] }
      New connections: { $memory\core.frequency_bins$rdmux[0][3][4]$b$9358 [8:7] $memory\core.frequency_bins$rdmux[0][3][4]$b$9358 [5] } = { 2'11 $memory\core.frequency_bins$rdmux[0][3][4]$b$9358 [4] }
    Consolidated identical input bits for $mux cell $memory\core.frequency_bins$rdmux[0][4][8]$9392:
      Old ports: A=$memory\core.frequency_bins$rdmux[0][4][8]$a$9393, B=$memory\core.frequency_bins$rdmux[0][4][8]$b$9394, Y=$memory\core.frequency_bins$rdmux[0][3][4]$a$9357
      New ports: A={ $memory\core.frequency_bins$rdmux[0][4][8]$a$9393 [5] $memory\core.frequency_bins$rdmux[0][4][8]$a$9393 [0] 2'01 $memory\core.frequency_bins$rdmux[0][4][8]$a$9393 [0] }, B={ 2'10 $memory\core.frequency_bins$rdmux[0][4][8]$b$9394 [2] $memory\core.frequency_bins$rdmux[0][4][8]$b$9394 [0] $memory\core.frequency_bins$rdmux[0][4][8]$b$9394 [0] }, Y={ $memory\core.frequency_bins$rdmux[0][3][4]$a$9357 [5] $memory\core.frequency_bins$rdmux[0][3][4]$a$9357 [3:0] }
      New connections: { $memory\core.frequency_bins$rdmux[0][3][4]$a$9357 [8:6] $memory\core.frequency_bins$rdmux[0][3][4]$a$9357 [4] } = { 3'101 $memory\core.frequency_bins$rdmux[0][3][4]$a$9357 [3] }
    Consolidated identical input bits for $mux cell $memory\core.frequency_bins$rdmux[0][4][7]$9389:
      Old ports: A=$memory\core.frequency_bins$rdmux[0][4][7]$a$9390, B=$memory\core.frequency_bins$rdmux[0][4][7]$b$9391, Y=$memory\core.frequency_bins$rdmux[0][3][3]$b$9355
      New ports: A={ 1'0 $memory\core.frequency_bins$rdmux[0][4][7]$a$9390 [2] $memory\core.frequency_bins$rdmux[0][4][7]$a$9390 [0] $memory\core.frequency_bins$rdmux[0][4][7]$a$9390 [0] }, B={ 2'10 $memory\core.frequency_bins$rdmux[0][4][7]$b$9391 [1:0] }, Y=$memory\core.frequency_bins$rdmux[0][3][3]$b$9355 [3:0]
      New connections: $memory\core.frequency_bins$rdmux[0][3][3]$b$9355 [8:4] = 5'10101
    Consolidated identical input bits for $mux cell $memory\core.frequency_bins$rdmux[0][4][6]$9386:
      Old ports: A=$memory\core.frequency_bins$rdmux[0][4][6]$a$9387, B=$memory\core.frequency_bins$rdmux[0][4][6]$b$9388, Y=$memory\core.frequency_bins$rdmux[0][3][3]$a$9354
      New ports: A={ 1'0 $memory\core.frequency_bins$rdmux[0][4][6]$a$9387 [3] $memory\core.frequency_bins$rdmux[0][4][6]$a$9387 [0] $memory\core.frequency_bins$rdmux[0][4][6]$a$9387 [0] $memory\core.frequency_bins$rdmux[0][4][6]$a$9387 [0] }, B={ $memory\core.frequency_bins$rdmux[0][4][6]$b$9388 [1:0] 1'0 $memory\core.frequency_bins$rdmux[0][4][6]$b$9388 [1:0] }, Y=$memory\core.frequency_bins$rdmux[0][3][3]$a$9354 [4:0]
      New connections: $memory\core.frequency_bins$rdmux[0][3][3]$a$9354 [8:5] = 4'1010
    Consolidated identical input bits for $mux cell $memory\core.frequency_bins$rdmux[0][4][5]$9383:
      Old ports: A=$memory\core.frequency_bins$rdmux[0][4][5]$a$9384, B=$memory\core.frequency_bins$rdmux[0][4][5]$b$9385, Y=$memory\core.frequency_bins$rdmux[0][3][2]$b$9352
      New ports: A={ $memory\core.frequency_bins$rdmux[0][4][5]$a$9384 [6] $memory\core.frequency_bins$rdmux[0][4][5]$a$9384 [2] 2'00 }, B={ 2'10 $memory\core.frequency_bins$rdmux[0][4][5]$b$9385 [1:0] }, Y={ $memory\core.frequency_bins$rdmux[0][3][2]$b$9352 [6] $memory\core.frequency_bins$rdmux[0][3][2]$b$9352 [2:0] }
      New connections: { $memory\core.frequency_bins$rdmux[0][3][2]$b$9352 [8:7] $memory\core.frequency_bins$rdmux[0][3][2]$b$9352 [5:3] } = { 2'10 $memory\core.frequency_bins$rdmux[0][3][2]$b$9352 [2] $memory\core.frequency_bins$rdmux[0][3][2]$b$9352 [2] $memory\core.frequency_bins$rdmux[0][3][2]$b$9352 [2] }
    Consolidated identical input bits for $mux cell $memory\core.frequency_bins$rdmux[0][4][4]$9380:
      Old ports: A=$memory\core.frequency_bins$rdmux[0][4][4]$a$9381, B=$memory\core.frequency_bins$rdmux[0][4][4]$b$9382, Y=$memory\core.frequency_bins$rdmux[0][3][2]$a$9351
      New ports: A={ 2'10 $memory\core.frequency_bins$rdmux[0][4][4]$a$9381 [0] }, B={ 2'01 $memory\core.frequency_bins$rdmux[0][4][4]$b$9382 [0] }, Y=$memory\core.frequency_bins$rdmux[0][3][2]$a$9351 [2:0]
      New connections: $memory\core.frequency_bins$rdmux[0][3][2]$a$9351 [8:3] = { 5'10011 $memory\core.frequency_bins$rdmux[0][3][2]$a$9351 [1] }
    Consolidated identical input bits for $mux cell $memory\core.frequency_bins$rdmux[0][4][3]$9377:
      Old ports: A=$memory\core.frequency_bins$rdmux[0][4][3]$a$9378, B=$memory\core.frequency_bins$rdmux[0][4][3]$b$9379, Y=$memory\core.frequency_bins$rdmux[0][3][1]$b$9349
      New ports: A={ 2'01 $memory\core.frequency_bins$rdmux[0][4][3]$a$9378 [2] $memory\core.frequency_bins$rdmux[0][4][3]$a$9378 [0] $memory\core.frequency_bins$rdmux[0][4][3]$a$9378 [0] }, B={ $memory\core.frequency_bins$rdmux[0][4][3]$b$9379 [1] $memory\core.frequency_bins$rdmux[0][4][3]$b$9379 [2] $memory\core.frequency_bins$rdmux[0][4][3]$b$9379 [2:1] 1'1 }, Y=$memory\core.frequency_bins$rdmux[0][3][1]$b$9349 [4:0]
      New connections: $memory\core.frequency_bins$rdmux[0][3][1]$b$9349 [8:5] = 4'1001
    Consolidated identical input bits for $mux cell $memory\core.frequency_bins$rdmux[0][4][2]$9374:
      Old ports: A=$memory\core.frequency_bins$rdmux[0][4][2]$a$9375, B=$memory\core.frequency_bins$rdmux[0][4][2]$b$9376, Y=$memory\core.frequency_bins$rdmux[0][3][1]$a$9348
      New ports: A={ $memory\core.frequency_bins$rdmux[0][4][2]$a$9375 [1:0] $memory\core.frequency_bins$rdmux[0][4][2]$a$9375 [0] 1'1 $memory\core.frequency_bins$rdmux[0][4][2]$a$9375 [1:0] }, B={ 2'10 $memory\core.frequency_bins$rdmux[0][4][2]$b$9376 [4] $memory\core.frequency_bins$rdmux[0][4][2]$b$9376 [0] $memory\core.frequency_bins$rdmux[0][4][2]$b$9376 [0] $memory\core.frequency_bins$rdmux[0][4][2]$b$9376 [0] }, Y={ $memory\core.frequency_bins$rdmux[0][3][1]$a$9348 [6:4] $memory\core.frequency_bins$rdmux[0][3][1]$a$9348 [2:0] }
      New connections: { $memory\core.frequency_bins$rdmux[0][3][1]$a$9348 [8:7] $memory\core.frequency_bins$rdmux[0][3][1]$a$9348 [3] } = { 2'01 $memory\core.frequency_bins$rdmux[0][3][1]$a$9348 [2] }
    Consolidated identical input bits for $mux cell $memory\core.frequency_bins$rdmux[0][4][1]$9371:
      Old ports: A=$memory\core.frequency_bins$rdmux[0][4][1]$a$9372, B=$memory\core.frequency_bins$rdmux[0][4][1]$b$9373, Y=$memory\core.frequency_bins$rdmux[0][3][0]$b$9346
      New ports: A={ 2'00 $memory\core.frequency_bins$rdmux[0][4][1]$a$9372 [1:0] }, B={ 1'1 $memory\core.frequency_bins$rdmux[0][4][1]$b$9373 [2] $memory\core.frequency_bins$rdmux[0][4][1]$b$9373 [0] $memory\core.frequency_bins$rdmux[0][4][1]$b$9373 [0] }, Y=$memory\core.frequency_bins$rdmux[0][3][0]$b$9346 [3:0]
      New connections: $memory\core.frequency_bins$rdmux[0][3][0]$b$9346 [8:4] = 5'01011
    Consolidated identical input bits for $mux cell $memory\core.frequency_bins$rdmux[0][4][0]$9368:
      Old ports: A=$memory\core.frequency_bins$rdmux[0][4][0]$a$9369, B=$memory\core.frequency_bins$rdmux[0][4][0]$b$9370, Y=$memory\core.frequency_bins$rdmux[0][3][0]$a$9345
      New ports: A={ 2'10 $memory\core.frequency_bins$rdmux[0][4][0]$a$9369 [4] $memory\core.frequency_bins$rdmux[0][4][0]$a$9369 [0] $memory\core.frequency_bins$rdmux[0][4][0]$a$9369 [0] }, B={ $memory\core.frequency_bins$rdmux[0][4][0]$b$9370 [0] $memory\core.frequency_bins$rdmux[0][4][0]$b$9370 [5] 2'10 $memory\core.frequency_bins$rdmux[0][4][0]$b$9370 [0] }, Y={ $memory\core.frequency_bins$rdmux[0][3][0]$a$9345 [6:4] $memory\core.frequency_bins$rdmux[0][3][0]$a$9345 [1:0] }
      New connections: { $memory\core.frequency_bins$rdmux[0][3][0]$a$9345 [8:7] $memory\core.frequency_bins$rdmux[0][3][0]$a$9345 [3:2] } = { 1'0 $memory\core.frequency_bins$rdmux[0][3][0]$a$9345 [5] $memory\core.frequency_bins$rdmux[0][3][0]$a$9345 [1] $memory\core.frequency_bins$rdmux[0][3][0]$a$9345 [1] }
    Consolidated identical input bits for $mux cell $flatten\core.$procmux$6154:
      Old ports: A={ $flatten\core.$memrd$\bias1$./rtl/core/vibration_core.sv:387$1909_DATA [31] $flatten\core.$memrd$\bias1$./rtl/core/vibration_core.sv:387$1909_DATA [31] $flatten\core.$memrd$\bias1$./rtl/core/vibration_core.sv:387$1909_DATA [31] $flatten\core.$memrd$\bias1$./rtl/core/vibration_core.sv:387$1909_DATA [31] $flatten\core.$memrd$\bias1$./rtl/core/vibration_core.sv:387$1909_DATA [31] $flatten\core.$memrd$\bias1$./rtl/core/vibration_core.sv:387$1909_DATA [31] $flatten\core.$memrd$\bias1$./rtl/core/vibration_core.sv:387$1909_DATA [31] $flatten\core.$memrd$\bias1$./rtl/core/vibration_core.sv:387$1909_DATA [31] $flatten\core.$memrd$\bias1$./rtl/core/vibration_core.sv:387$1909_DATA }, B=$flatten\core.$procmux$6151_Y, Y=$flatten\core.$procmux$6154_Y
      New ports: A=$flatten\core.$memrd$\bias1$./rtl/core/vibration_core.sv:387$1909_DATA, B={ $flatten\core.$procmux$6151_Y [31:7] $flatten\core.$procmux$6151_Y [4] $flatten\core.$procmux$6151_Y [5:0] }, Y=$flatten\core.$procmux$6154_Y [31:0]
      New connections: $flatten\core.$procmux$6154_Y [39:32] = { $flatten\core.$procmux$6154_Y [31] $flatten\core.$procmux$6154_Y [31] $flatten\core.$procmux$6154_Y [31] $flatten\core.$procmux$6154_Y [31] $flatten\core.$procmux$6154_Y [31] $flatten\core.$procmux$6154_Y [31] $flatten\core.$procmux$6154_Y [31] $flatten\core.$procmux$6154_Y [31] }
    Consolidated identical input bits for $mux cell $flatten\core.$procmux$6927:
      Old ports: A=$auto$wreduce.cc:513:run$7951 [2:0], B=3'001, Y=$flatten\core.$procmux$6927_Y [2:0]
      New ports: A=$auto$wreduce.cc:513:run$7951 [1:0], B=2'01, Y=$flatten\core.$procmux$6927_Y [1:0]
      New connections: $flatten\core.$procmux$6927_Y [2] = $flatten\core.$procmux$6927_Y [1]
    Consolidated identical input bits for $pmux cell $flatten\core.$procmux$7136:
      Old ports: A=4'0000, B={ 7'0001001 \core.dft_component [0] 8'01000101 $flatten\core.$procmux$7134_Y }, Y=$flatten\core.$procmux$7136_Y
      New ports: A=3'000, B={ 5'00101 \core.dft_component [0] 8'10010111 $flatten\core.$procmux$7134_Y [0] }, Y=$flatten\core.$procmux$7136_Y [2:0]
      New connections: $flatten\core.$procmux$7136_Y [3] = 1'0
    Consolidated identical input bits for $mux cell $flatten\core.$procmux$7292:
      Old ports: A=16'0000011111111111, B=$flatten\core.$3\sat12$func$./rtl/core/vibration_core.sv:228$1227.$result[15:0]$1324, Y=$flatten\core.$2\sat12$func$./rtl/core/vibration_core.sv:228$1227.$result[15:0]$1322
      New ports: A=13'0011111111111, B=$flatten\core.$3\sat12$func$./rtl/core/vibration_core.sv:228$1227.$result[15:0]$1324 [12:0], Y=$flatten\core.$2\sat12$func$./rtl/core/vibration_core.sv:228$1227.$result[15:0]$1322 [12:0]
      New connections: $flatten\core.$2\sat12$func$./rtl/core/vibration_core.sv:228$1227.$result[15:0]$1322 [15:13] = { $flatten\core.$2\sat12$func$./rtl/core/vibration_core.sv:228$1227.$result[15:0]$1322 [12] $flatten\core.$2\sat12$func$./rtl/core/vibration_core.sv:228$1227.$result[15:0]$1322 [12] $flatten\core.$2\sat12$func$./rtl/core/vibration_core.sv:228$1227.$result[15:0]$1322 [12] }
    Consolidated identical input bits for $mux cell $flatten\core.\hann_rom.$ternary$./rtl/core/vib_coeff_rom.sv:33$1220:
      Old ports: A=$flatten\core.\hann_rom.$ternary$./rtl/core/vib_coeff_rom.sv:34$1219_Y, B=16'0010000000000000, Y=\core.hann_q
      New ports: A=$flatten\core.\hann_rom.$ternary$./rtl/core/vib_coeff_rom.sv:34$1219_Y [14:0], B=15'010000000000000, Y=\core.hann_q [14:0]
      New connections: \core.hann_q [15] = 1'0
  Optimizing cells in module \core_pnr_probe.
    Consolidated identical input bits for $mux cell $memory\core.feature_shifts$rdmux[0][1][1]$9591:
      Old ports: A=$memory\core.feature_shifts$rdmux[0][1][1]$a$9592, B=$memory\core.feature_shifts$rdmux[0][1][1]$b$9593, Y=$memory\core.feature_shifts$rdmux[0][0][0]$b$9587
      New ports: A={ $memory\core.feature_shifts$rdmux[0][1][1]$a$9592 [2] 1'1 $memory\core.feature_shifts$rdmux[0][1][1]$a$9592 [0] }, B=$memory\core.feature_shifts$rdmux[0][1][1]$b$9593 [2:0], Y=$memory\core.feature_shifts$rdmux[0][0][0]$b$9587 [2:0]
      New connections: $memory\core.feature_shifts$rdmux[0][0][0]$b$9587 [3] = 1'0
    Consolidated identical input bits for $mux cell $memory\core.bias1$rdmux[0][1][1]$9546:
      Old ports: A=$memory\core.bias1$rdmux[0][1][1]$a$9547, B=$memory\core.bias1$rdmux[0][1][1]$b$9548, Y=$memory\core.bias1$rdmux[0][0][0]$b$9542
      New ports: A={ $memory\core.bias1$rdmux[0][1][1]$a$9547 [10] $memory\core.bias1$rdmux[0][1][1]$a$9547 [8] $memory\core.bias1$rdmux[0][1][1]$a$9547 [10] 1'1 $memory\core.bias1$rdmux[0][1][1]$a$9547 [8] $memory\core.bias1$rdmux[0][1][1]$a$9547 [0] $memory\core.bias1$rdmux[0][1][1]$a$9547 [0] $memory\core.bias1$rdmux[0][1][1]$a$9547 [5:3] 1'0 $memory\core.bias1$rdmux[0][1][1]$a$9547 [1:0] }, B={ $memory\core.bias1$rdmux[0][1][1]$b$9548 [12] $memory\core.bias1$rdmux[0][1][1]$b$9548 [10] $memory\core.bias1$rdmux[0][1][1]$b$9548 [10:9] $memory\core.bias1$rdmux[0][1][1]$b$9548 [3] $memory\core.bias1$rdmux[0][1][1]$b$9548 [4] $memory\core.bias1$rdmux[0][1][1]$b$9548 [6:3] $memory\core.bias1$rdmux[0][1][1]$b$9548 [0] $memory\core.bias1$rdmux[0][1][1]$b$9548 [1:0] }, Y=$memory\core.bias1$rdmux[0][0][0]$b$9542 [12:0]
      New connections: $memory\core.bias1$rdmux[0][0][0]$b$9542 [31:13] = { $memory\core.bias1$rdmux[0][0][0]$b$9542 [12] $memory\core.bias1$rdmux[0][0][0]$b$9542 [12] $memory\core.bias1$rdmux[0][0][0]$b$9542 [12] $memory\core.bias1$rdmux[0][0][0]$b$9542 [12] $memory\core.bias1$rdmux[0][0][0]$b$9542 [12] $memory\core.bias1$rdmux[0][0][0]$b$9542 [12] $memory\core.bias1$rdmux[0][0][0]$b$9542 [12] $memory\core.bias1$rdmux[0][0][0]$b$9542 [12] $memory\core.bias1$rdmux[0][0][0]$b$9542 [12] $memory\core.bias1$rdmux[0][0][0]$b$9542 [12] $memory\core.bias1$rdmux[0][0][0]$b$9542 [12] $memory\core.bias1$rdmux[0][0][0]$b$9542 [12] $memory\core.bias1$rdmux[0][0][0]$b$9542 [12] $memory\core.bias1$rdmux[0][0][0]$b$9542 [12] $memory\core.bias1$rdmux[0][0][0]$b$9542 [12] $memory\core.bias1$rdmux[0][0][0]$b$9542 [12] $memory\core.bias1$rdmux[0][0][0]$b$9542 [12] $memory\core.bias1$rdmux[0][0][0]$b$9542 [12] $memory\core.bias1$rdmux[0][0][0]$b$9542 [12] }
    Consolidated identical input bits for $mux cell $memory\core.bias1$rdmux[0][1][0]$9543:
      Old ports: A=$memory\core.bias1$rdmux[0][1][0]$a$9544, B=$memory\core.bias1$rdmux[0][1][0]$b$9545, Y=$memory\core.bias1$rdmux[0][0][0]$a$9541
      New ports: A={ $memory\core.bias1$rdmux[0][1][0]$a$9544 [5] $memory\core.bias1$rdmux[0][1][0]$a$9544 [5] $memory\core.bias1$rdmux[0][1][0]$a$9544 [9:8] $memory\core.bias1$rdmux[0][1][0]$a$9544 [4] $memory\core.bias1$rdmux[0][1][0]$a$9544 [5:4] 1'0 $memory\core.bias1$rdmux[0][1][0]$a$9544 [2:0] }, B={ $memory\core.bias1$rdmux[0][1][0]$b$9545 [11:9] $memory\core.bias1$rdmux[0][1][0]$b$9545 [6] $memory\core.bias1$rdmux[0][1][0]$b$9545 [6:4] 1'1 $memory\core.bias1$rdmux[0][1][0]$b$9545 [0] $memory\core.bias1$rdmux[0][1][0]$b$9545 [0] $memory\core.bias1$rdmux[0][1][0]$b$9545 [0] }, Y={ $memory\core.bias1$rdmux[0][0][0]$a$9541 [11:8] $memory\core.bias1$rdmux[0][0][0]$a$9541 [6:0] }
      New connections: { $memory\core.bias1$rdmux[0][0][0]$a$9541 [31:12] $memory\core.bias1$rdmux[0][0][0]$a$9541 [7] } = { $memory\core.bias1$rdmux[0][0][0]$a$9541 [11] $memory\core.bias1$rdmux[0][0][0]$a$9541 [11] $memory\core.bias1$rdmux[0][0][0]$a$9541 [11] $memory\core.bias1$rdmux[0][0][0]$a$9541 [11] $memory\core.bias1$rdmux[0][0][0]$a$9541 [11] $memory\core.bias1$rdmux[0][0][0]$a$9541 [11] $memory\core.bias1$rdmux[0][0][0]$a$9541 [11] $memory\core.bias1$rdmux[0][0][0]$a$9541 [11] $memory\core.bias1$rdmux[0][0][0]$a$9541 [11] $memory\core.bias1$rdmux[0][0][0]$a$9541 [11] $memory\core.bias1$rdmux[0][0][0]$a$9541 [11] $memory\core.bias1$rdmux[0][0][0]$a$9541 [11] $memory\core.bias1$rdmux[0][0][0]$a$9541 [11] $memory\core.bias1$rdmux[0][0][0]$a$9541 [11] $memory\core.bias1$rdmux[0][0][0]$a$9541 [11] $memory\core.bias1$rdmux[0][0][0]$a$9541 [11] $memory\core.bias1$rdmux[0][0][0]$a$9541 [11] $memory\core.bias1$rdmux[0][0][0]$a$9541 [11] $memory\core.bias1$rdmux[0][0][0]$a$9541 [11] $memory\core.bias1$rdmux[0][0][0]$a$9541 [11] $memory\core.bias1$rdmux[0][0][0]$a$9541 [5] }
    Consolidated identical input bits for $mux cell $memory\core.frequency_bins$rdmux[0][3][5]$9359:
      Old ports: A=$memory\core.frequency_bins$rdmux[0][3][5]$a$9360, B=$memory\core.frequency_bins$rdmux[0][3][5]$b$9361, Y=$memory\core.frequency_bins$rdmux[0][2][2]$b$9340
      New ports: A={ 1'0 $memory\core.frequency_bins$rdmux[0][3][5]$a$9360 [3:0] }, B={ $memory\core.frequency_bins$rdmux[0][3][5]$b$9361 [2] $memory\core.frequency_bins$rdmux[0][3][5]$b$9361 [3:0] }, Y=$memory\core.frequency_bins$rdmux[0][2][2]$b$9340 [4:0]
      New connections: $memory\core.frequency_bins$rdmux[0][2][2]$b$9340 [8:5] = 4'1110
    Consolidated identical input bits for $mux cell $memory\core.frequency_bins$rdmux[0][3][4]$9356:
      Old ports: A=$memory\core.frequency_bins$rdmux[0][3][4]$a$9357, B=$memory\core.frequency_bins$rdmux[0][3][4]$b$9358, Y=$memory\core.frequency_bins$rdmux[0][2][2]$a$9339
      New ports: A={ 2'01 $memory\core.frequency_bins$rdmux[0][3][4]$a$9357 [5] $memory\core.frequency_bins$rdmux[0][3][4]$a$9357 [3] $memory\core.frequency_bins$rdmux[0][3][4]$a$9357 [3:0] }, B={ 1'1 $memory\core.frequency_bins$rdmux[0][3][4]$b$9358 [6] $memory\core.frequency_bins$rdmux[0][3][4]$b$9358 [4] $memory\core.frequency_bins$rdmux[0][3][4]$b$9358 [4:0] }, Y=$memory\core.frequency_bins$rdmux[0][2][2]$a$9339 [7:0]
      New connections: $memory\core.frequency_bins$rdmux[0][2][2]$a$9339 [8] = 1'1
    Consolidated identical input bits for $mux cell $memory\core.frequency_bins$rdmux[0][3][3]$9353:
      Old ports: A=$memory\core.frequency_bins$rdmux[0][3][3]$a$9354, B=$memory\core.frequency_bins$rdmux[0][3][3]$b$9355, Y=$memory\core.frequency_bins$rdmux[0][2][1]$b$9337
      New ports: A=$memory\core.frequency_bins$rdmux[0][3][3]$a$9354 [4:0], B={ 1'1 $memory\core.frequency_bins$rdmux[0][3][3]$b$9355 [3:0] }, Y=$memory\core.frequency_bins$rdmux[0][2][1]$b$9337 [4:0]
      New connections: $memory\core.frequency_bins$rdmux[0][2][1]$b$9337 [8:5] = 4'1010
    Consolidated identical input bits for $mux cell $memory\core.frequency_bins$rdmux[0][3][2]$9350:
      Old ports: A=$memory\core.frequency_bins$rdmux[0][3][2]$a$9351, B=$memory\core.frequency_bins$rdmux[0][3][2]$b$9352, Y=$memory\core.frequency_bins$rdmux[0][2][1]$a$9336
      New ports: A={ 2'01 $memory\core.frequency_bins$rdmux[0][3][2]$a$9351 [1] $memory\core.frequency_bins$rdmux[0][3][2]$a$9351 [2:0] }, B={ $memory\core.frequency_bins$rdmux[0][3][2]$b$9352 [6] $memory\core.frequency_bins$rdmux[0][3][2]$b$9352 [2] $memory\core.frequency_bins$rdmux[0][3][2]$b$9352 [2] $memory\core.frequency_bins$rdmux[0][3][2]$b$9352 [2:0] }, Y={ $memory\core.frequency_bins$rdmux[0][2][1]$a$9336 [6] $memory\core.frequency_bins$rdmux[0][2][1]$a$9336 [4:0] }
      New connections: { $memory\core.frequency_bins$rdmux[0][2][1]$a$9336 [8:7] $memory\core.frequency_bins$rdmux[0][2][1]$a$9336 [5] } = { 2'10 $memory\core.frequency_bins$rdmux[0][2][1]$a$9336 [4] }
    Consolidated identical input bits for $mux cell $memory\core.frequency_bins$rdmux[0][3][0]$9344:
      Old ports: A=$memory\core.frequency_bins$rdmux[0][3][0]$a$9345, B=$memory\core.frequency_bins$rdmux[0][3][0]$b$9346, Y=$memory\core.frequency_bins$rdmux[0][2][0]$a$9333
      New ports: A={ $memory\core.frequency_bins$rdmux[0][3][0]$a$9345 [6:4] $memory\core.frequency_bins$rdmux[0][3][0]$a$9345 [1] $memory\core.frequency_bins$rdmux[0][3][0]$a$9345 [1] $memory\core.frequency_bins$rdmux[0][3][0]$a$9345 [1:0] }, B={ 3'011 $memory\core.frequency_bins$rdmux[0][3][0]$b$9346 [3:0] }, Y=$memory\core.frequency_bins$rdmux[0][2][0]$a$9333 [6:0]
      New connections: $memory\core.frequency_bins$rdmux[0][2][0]$a$9333 [8:7] = { 1'0 $memory\core.frequency_bins$rdmux[0][2][0]$a$9333 [5] }
  Optimizing cells in module \core_pnr_probe.
    Consolidated identical input bits for $mux cell $memory\core.bias1$rdmux[0][0][0]$9540:
      Old ports: A=$memory\core.bias1$rdmux[0][0][0]$a$9541, B=$memory\core.bias1$rdmux[0][0][0]$b$9542, Y=$\core.bias1$rdreg[0]$d
      New ports: A={ $memory\core.bias1$rdmux[0][0][0]$a$9541 [11] $memory\core.bias1$rdmux[0][0][0]$a$9541 [11:8] $memory\core.bias1$rdmux[0][0][0]$a$9541 [5] $memory\core.bias1$rdmux[0][0][0]$a$9541 [6:0] }, B=$memory\core.bias1$rdmux[0][0][0]$b$9542 [12:0], Y=$\core.bias1$rdreg[0]$d [12:0]
      New connections: $\core.bias1$rdreg[0]$d [31:13] = { $\core.bias1$rdreg[0]$d [12] $\core.bias1$rdreg[0]$d [12] $\core.bias1$rdreg[0]$d [12] $\core.bias1$rdreg[0]$d [12] $\core.bias1$rdreg[0]$d [12] $\core.bias1$rdreg[0]$d [12] $\core.bias1$rdreg[0]$d [12] $\core.bias1$rdreg[0]$d [12] $\core.bias1$rdreg[0]$d [12] $\core.bias1$rdreg[0]$d [12] $\core.bias1$rdreg[0]$d [12] $\core.bias1$rdreg[0]$d [12] $\core.bias1$rdreg[0]$d [12] $\core.bias1$rdreg[0]$d [12] $\core.bias1$rdreg[0]$d [12] $\core.bias1$rdreg[0]$d [12] $\core.bias1$rdreg[0]$d [12] $\core.bias1$rdreg[0]$d [12] $\core.bias1$rdreg[0]$d [12] }
    Consolidated identical input bits for $mux cell $memory\core.frequency_bins$rdmux[0][2][2]$9338:
      Old ports: A=$memory\core.frequency_bins$rdmux[0][2][2]$a$9339, B=$memory\core.frequency_bins$rdmux[0][2][2]$b$9340, Y=$memory\core.frequency_bins$rdmux[0][1][1]$a$9330
      New ports: A=$memory\core.frequency_bins$rdmux[0][2][2]$a$9339 [7:0], B={ 3'110 $memory\core.frequency_bins$rdmux[0][2][2]$b$9340 [4:0] }, Y=$memory\core.frequency_bins$rdmux[0][1][1]$a$9330 [7:0]
      New connections: $memory\core.frequency_bins$rdmux[0][1][1]$a$9330 [8] = 1'1
    Consolidated identical input bits for $mux cell $memory\core.frequency_bins$rdmux[0][2][1]$9335:
      Old ports: A=$memory\core.frequency_bins$rdmux[0][2][1]$a$9336, B=$memory\core.frequency_bins$rdmux[0][2][1]$b$9337, Y=$memory\core.frequency_bins$rdmux[0][1][0]$b$9328
      New ports: A={ $memory\core.frequency_bins$rdmux[0][2][1]$a$9336 [6] $memory\core.frequency_bins$rdmux[0][2][1]$a$9336 [4] $memory\core.frequency_bins$rdmux[0][2][1]$a$9336 [4:0] }, B={ 2'10 $memory\core.frequency_bins$rdmux[0][2][1]$b$9337 [4:0] }, Y=$memory\core.frequency_bins$rdmux[0][1][0]$b$9328 [6:0]
      New connections: $memory\core.frequency_bins$rdmux[0][1][0]$b$9328 [8:7] = 2'10
  Optimizing cells in module \core_pnr_probe.
Performed a total of 98 changes.

5.37.5. Executing OPT_MERGE pass (detect identical cells).
Finding identical cells in module `\core_pnr_probe'.
Computing hashes of 759 cells of `\core_pnr_probe'.
Finding duplicate cells in `\core_pnr_probe'.
Computing hashes of 726 cells of `\core_pnr_probe'.
Finding duplicate cells in `\core_pnr_probe'.
<suppressed ~99 debug messages>
Removed a total of 33 cells.

5.37.6. Executing OPT_DFF pass (perform DFF optimizations).
Adding SRST signal on $\core.frame_sums$rdreg[0] ($dff) from module core_pnr_probe (D = $auto$rtlil.cc:3386:Mux$8127, Q = $\core.frame_sums$rdreg[0]$q, rval = 1'0).
Setting constant 0-bit at position 3 on $auto$ff.cc:337:slice$7900 ($sdffe) from module core_pnr_probe.
Setting constant 0-bit at position 10 on $auto$ff.cc:337:slice$7890 ($sdffe) from module core_pnr_probe.
Setting constant 0-bit at position 11 on $auto$ff.cc:337:slice$7890 ($sdffe) from module core_pnr_probe.
Setting constant 0-bit at position 12 on $auto$ff.cc:337:slice$7890 ($sdffe) from module core_pnr_probe.
Setting constant 0-bit at position 13 on $auto$ff.cc:337:slice$7890 ($sdffe) from module core_pnr_probe.
Setting constant 0-bit at position 14 on $auto$ff.cc:337:slice$7890 ($sdffe) from module core_pnr_probe.
Setting constant 0-bit at position 15 on $auto$ff.cc:337:slice$7890 ($sdffe) from module core_pnr_probe.

5.37.7. Executing OPT_CLEAN pass (remove unused cells and wires).
Finding unused cells or wires in module \core_pnr_probe..
Removed 5 unused cells and 180 unused wires.
<suppressed ~7 debug messages>

5.37.8. Executing OPT_EXPR pass (perform const folding).
Optimizing module core_pnr_probe.

5.37.9. Rerunning OPT passes. (Maybe there is more to do..)

5.37.10. Executing OPT_MUXTREE pass (detect dead branches in mux trees).
Running muxtree optimizer on module \core_pnr_probe..
  Creating internal representation of mux trees.
  Evaluating internal representation of mux trees.
  Analyzing evaluation results.
Removed 0 multiplexer ports.
<suppressed ~343 debug messages>

5.37.11. Executing OPT_REDUCE pass (consolidate $*mux and $reduce_* inputs).
  Optimizing cells in module \core_pnr_probe.
    Consolidated identical input bits for $mux cell $memory\core.frequency_bins$rdmux[0][4][8]$9392:
      Old ports: A={ $memory\core.frequency_bins$rdmux[0][4][0]$a$9369 [4] $memory\core.frequency_bins$rdmux[0][4][0]$a$9369 [0] 2'01 $memory\core.frequency_bins$rdmux[0][4][0]$a$9369 [0] }, B={ 2'10 $memory\core.frequency_bins$rdmux[0][4][0]$a$9369 [4] $memory\core.frequency_bins$rdmux[0][4][0]$a$9369 [0] $memory\core.frequency_bins$rdmux[0][4][0]$a$9369 [0] }, Y={ $memory\core.frequency_bins$rdmux[0][3][4]$a$9357 [5] $memory\core.frequency_bins$rdmux[0][3][4]$a$9357 [3:0] }
      New ports: A={ $memory\core.frequency_bins$rdmux[0][4][0]$a$9369 [4] $memory\core.frequency_bins$rdmux[0][4][0]$a$9369 [0] 2'01 }, B={ 2'10 $memory\core.frequency_bins$rdmux[0][4][0]$a$9369 [4] $memory\core.frequency_bins$rdmux[0][4][0]$a$9369 [0] }, Y={ $memory\core.frequency_bins$rdmux[0][3][4]$a$9357 [5] $memory\core.frequency_bins$rdmux[0][3][4]$a$9357 [3:1] }
      New connections: $memory\core.frequency_bins$rdmux[0][3][4]$a$9357 [0] = $memory\core.frequency_bins$rdmux[0][4][0]$a$9369 [0]
    Consolidated identical input bits for $mux cell $memory\core.frequency_bins$rdmux[0][4][7]$9389:
      Old ports: A={ 1'0 $memory\core.frequency_bins$rdmux[0][4][0]$a$9369 [4] $memory\core.frequency_bins$rdmux[0][4][0]$a$9369 [0] $memory\core.frequency_bins$rdmux[0][4][0]$a$9369 [0] }, B={ 2'10 $memory\core.frequency_bins$rdmux[0][4][0]$a$9369 [4] $memory\core.frequency_bins$rdmux[0][4][0]$a$9369 [0] }, Y=$memory\core.frequency_bins$rdmux[0][3][3]$b$9355 [3:0]
      New ports: A={ 1'0 $memory\core.frequency_bins$rdmux[0][4][0]$a$9369 [4] $memory\core.frequency_bins$rdmux[0][4][0]$a$9369 [0] }, B={ 2'10 $memory\core.frequency_bins$rdmux[0][4][0]$a$9369 [4] }, Y=$memory\core.frequency_bins$rdmux[0][3][3]$b$9355 [3:1]
      New connections: $memory\core.frequency_bins$rdmux[0][3][3]$b$9355 [0] = $memory\core.frequency_bins$rdmux[0][4][0]$a$9369 [0]
    Consolidated identical input bits for $mux cell $memory\core.frequency_bins$rdmux[0][4][6]$9386:
      Old ports: A={ 1'0 $memory\core.frequency_bins$rdmux[0][4][0]$a$9369 [4] $memory\core.frequency_bins$rdmux[0][4][0]$a$9369 [0] $memory\core.frequency_bins$rdmux[0][4][0]$a$9369 [0] $memory\core.frequency_bins$rdmux[0][4][0]$a$9369 [0] }, B={ $memory\core.frequency_bins$rdmux[0][4][0]$a$9369 [4] $memory\core.frequency_bins$rdmux[0][4][0]$a$9369 [0] 1'0 $memory\core.frequency_bins$rdmux[0][4][0]$a$9369 [4] $memory\core.frequency_bins$rdmux[0][4][0]$a$9369 [0] }, Y=$memory\core.frequency_bins$rdmux[0][3][3]$a$9354 [4:0]
      New ports: A={ 1'0 $memory\core.frequency_bins$rdmux[0][4][0]$a$9369 [4] $memory\core.frequency_bins$rdmux[0][4][0]$a$9369 [0] $memory\core.frequency_bins$rdmux[0][4][0]$a$9369 [0] }, B={ $memory\core.frequency_bins$rdmux[0][4][0]$a$9369 [4] $memory\core.frequency_bins$rdmux[0][4][0]$a$9369 [0] 1'0 $memory\core.frequency_bins$rdmux[0][4][0]$a$9369 [4] }, Y=$memory\core.frequency_bins$rdmux[0][3][3]$a$9354 [4:1]
      New connections: $memory\core.frequency_bins$rdmux[0][3][3]$a$9354 [0] = $memory\core.frequency_bins$rdmux[0][4][0]$a$9369 [0]
    Consolidated identical input bits for $mux cell $memory\core.frequency_bins$rdmux[0][4][4]$9380:
      Old ports: A={ 2'10 $memory\core.frequency_bins$rdmux[0][4][10]$b$9400 [0] }, B={ 2'01 $memory\core.frequency_bins$rdmux[0][4][10]$b$9400 [0] }, Y=$memory\core.frequency_bins$rdmux[0][3][2]$a$9351 [2:0]
      New ports: A=2'10, B=2'01, Y=$memory\core.frequency_bins$rdmux[0][3][2]$a$9351 [2:1]
      New connections: $memory\core.frequency_bins$rdmux[0][3][2]$a$9351 [0] = $memory\core.frequency_bins$rdmux[0][4][10]$b$9400 [0]
    Consolidated identical input bits for $mux cell $memory\core.frequency_bins$rdmux[0][4][2]$9374:
      Old ports: A={ $memory\core.frequency_bins$rdmux[0][4][0]$a$9369 [4] $memory\core.frequency_bins$rdmux[0][4][0]$a$9369 [0] $memory\core.frequency_bins$rdmux[0][4][0]$a$9369 [0] 1'1 $memory\core.frequency_bins$rdmux[0][4][0]$a$9369 [4] $memory\core.frequency_bins$rdmux[0][4][0]$a$9369 [0] }, B={ 2'10 $memory\core.frequency_bins$rdmux[0][4][0]$a$9369 [4] $memory\core.frequency_bins$rdmux[0][4][0]$a$9369 [0] $memory\core.frequency_bins$rdmux[0][4][0]$a$9369 [0] $memory\core.frequency_bins$rdmux[0][4][0]$a$9369 [0] }, Y={ $memory\core.frequency_bins$rdmux[0][3][1]$a$9348 [6:4] $memory\core.frequency_bins$rdmux[0][3][1]$a$9348 [2:0] }
      New ports: A={ $memory\core.frequency_bins$rdmux[0][4][0]$a$9369 [4] $memory\core.frequency_bins$rdmux[0][4][0]$a$9369 [0] $memory\core.frequency_bins$rdmux[0][4][0]$a$9369 [0] 1'1 $memory\core.frequency_bins$rdmux[0][4][0]$a$9369 [4] }, B={ 2'10 $memory\core.frequency_bins$rdmux[0][4][0]$a$9369 [4] $memory\core.frequency_bins$rdmux[0][4][0]$a$9369 [0] $memory\core.frequency_bins$rdmux[0][4][0]$a$9369 [0] }, Y={ $memory\core.frequency_bins$rdmux[0][3][1]$a$9348 [6:4] $memory\core.frequency_bins$rdmux[0][3][1]$a$9348 [2:1] }
      New connections: $memory\core.frequency_bins$rdmux[0][3][1]$a$9348 [0] = $memory\core.frequency_bins$rdmux[0][4][0]$a$9369 [0]
    Consolidated identical input bits for $mux cell $memory\core.frequency_bins$rdmux[0][4][1]$9371:
      Old ports: A={ 2'00 $memory\core.frequency_bins$rdmux[0][4][0]$a$9369 [4] $memory\core.frequency_bins$rdmux[0][4][0]$a$9369 [0] }, B={ 1'1 $memory\core.frequency_bins$rdmux[0][4][0]$a$9369 [4] $memory\core.frequency_bins$rdmux[0][4][0]$a$9369 [0] $memory\core.frequency_bins$rdmux[0][4][0]$a$9369 [0] }, Y=$memory\core.frequency_bins$rdmux[0][3][0]$b$9346 [3:0]
      New ports: A={ 2'00 $memory\core.frequency_bins$rdmux[0][4][0]$a$9369 [4] }, B={ 1'1 $memory\core.frequency_bins$rdmux[0][4][0]$a$9369 [4] $memory\core.frequency_bins$rdmux[0][4][0]$a$9369 [0] }, Y=$memory\core.frequency_bins$rdmux[0][3][0]$b$9346 [3:1]
      New connections: $memory\core.frequency_bins$rdmux[0][3][0]$b$9346 [0] = $memory\core.frequency_bins$rdmux[0][4][0]$a$9369 [0]
    Consolidated identical input bits for $mux cell $memory\core.frequency_bins$rdmux[0][4][0]$9368:
      Old ports: A={ 2'10 $memory\core.frequency_bins$rdmux[0][4][0]$a$9369 [4] $memory\core.frequency_bins$rdmux[0][4][0]$a$9369 [0] $memory\core.frequency_bins$rdmux[0][4][0]$a$9369 [0] }, B={ $memory\core.frequency_bins$rdmux[0][4][0]$a$9369 [0] $memory\core.frequency_bins$rdmux[0][4][0]$a$9369 [4] 2'10 $memory\core.frequency_bins$rdmux[0][4][0]$a$9369 [0] }, Y={ $memory\core.frequency_bins$rdmux[0][3][0]$a$9345 [6:4] $memory\core.frequency_bins$rdmux[0][3][0]$a$9345 [1:0] }
      New ports: A={ 2'10 $memory\core.frequency_bins$rdmux[0][4][0]$a$9369 [4] $memory\core.frequency_bins$rdmux[0][4][0]$a$9369 [0] }, B={ $memory\core.frequency_bins$rdmux[0][4][0]$a$9369 [0] $memory\core.frequency_bins$rdmux[0][4][0]$a$9369 [4] 2'10 }, Y={ $memory\core.frequency_bins$rdmux[0][3][0]$a$9345 [6:4] $memory\core.frequency_bins$rdmux[0][3][0]$a$9345 [1] }
      New connections: $memory\core.frequency_bins$rdmux[0][3][0]$a$9345 [0] = $memory\core.frequency_bins$rdmux[0][4][0]$a$9369 [0]
    Consolidated identical input bits for $mux cell $memory\core.bias1$rdmux[0][2][1]$9552:
      Old ports: A={ $memory\core.bias1$rdmux[0][2][0]$b$9551 [2] $memory\core.bias1$rdmux[0][2][0]$b$9551 [2] 1'0 $memory\core.bias1$rdmux[0][2][0]$b$9551 [2] 1'1 $memory\core.bias1$rdmux[0][2][0]$b$9551 [4] $memory\core.bias1$rdmux[0][2][0]$b$9551 [2] }, B={ $memory\core.bias1$rdmux[0][2][0]$b$9551 [4] 1'1 $memory\core.bias1$rdmux[0][2][0]$b$9551 [4] 3'001 $memory\core.bias1$rdmux[0][2][0]$b$9551 [2] }, Y={ $memory\core.bias1$rdmux[0][1][0]$b$9545 [11:9] $memory\core.bias1$rdmux[0][1][0]$b$9545 [6:4] $memory\core.bias1$rdmux[0][1][0]$b$9545 [0] }
      New ports: A={ $memory\core.bias1$rdmux[0][2][0]$b$9551 [2] $memory\core.bias1$rdmux[0][2][0]$b$9551 [2] 1'0 $memory\core.bias1$rdmux[0][2][0]$b$9551 [2] 1'1 $memory\core.bias1$rdmux[0][2][0]$b$9551 [4] }, B={ $memory\core.bias1$rdmux[0][2][0]$b$9551 [4] 1'1 $memory\core.bias1$rdmux[0][2][0]$b$9551 [4] 3'001 }, Y={ $memory\core.bias1$rdmux[0][1][0]$b$9545 [11:9] $memory\core.bias1$rdmux[0][1][0]$b$9545 [6:4] }
      New connections: $memory\core.bias1$rdmux[0][1][0]$b$9545 [0] = $memory\core.bias1$rdmux[0][2][0]$b$9551 [2]
    Consolidated identical input bits for $mux cell $memory\core.bias1$rdmux[0][2][2]$9555:
      Old ports: A={ $memory\core.bias1$rdmux[0][2][0]$a$9550 [0] $memory\core.bias1$rdmux[0][2][0]$a$9550 [0] $memory\core.bias1$rdmux[0][2][0]$a$9550 [1] 2'10 $memory\core.bias1$rdmux[0][2][0]$a$9550 [0] 1'1 }, B={ 1'0 $memory\core.bias1$rdmux[0][2][0]$a$9550 [1] 1'0 $memory\core.bias1$rdmux[0][2][0]$a$9550 [0] 1'1 $memory\core.bias1$rdmux[0][2][0]$a$9550 [0] 1'0 }, Y={ $memory\core.bias1$rdmux[0][1][1]$a$9547 [10] $memory\core.bias1$rdmux[0][1][1]$a$9547 [8] $memory\core.bias1$rdmux[0][1][1]$a$9547 [5:3] $memory\core.bias1$rdmux[0][1][1]$a$9547 [1:0] }
      New ports: A={ $memory\core.bias1$rdmux[0][2][0]$a$9550 [0] $memory\core.bias1$rdmux[0][2][0]$a$9550 [0] $memory\core.bias1$rdmux[0][2][0]$a$9550 [1] 3'101 }, B={ 1'0 $memory\core.bias1$rdmux[0][2][0]$a$9550 [1] 1'0 $memory\core.bias1$rdmux[0][2][0]$a$9550 [0] 2'10 }, Y={ $memory\core.bias1$rdmux[0][1][1]$a$9547 [10] $memory\core.bias1$rdmux[0][1][1]$a$9547 [8] $memory\core.bias1$rdmux[0][1][1]$a$9547 [5:3] $memory\core.bias1$rdmux[0][1][1]$a$9547 [0] }
      New connections: $memory\core.bias1$rdmux[0][1][1]$a$9547 [1] = $memory\core.bias1$rdmux[0][2][0]$a$9550 [0]
  Optimizing cells in module \core_pnr_probe.
    Consolidated identical input bits for $mux cell $memory\core.frequency_bins$rdmux[0][3][3]$9353:
      Old ports: A=$memory\core.frequency_bins$rdmux[0][3][3]$a$9354 [4:0], B={ 1'1 $memory\core.frequency_bins$rdmux[0][3][3]$b$9355 [3:0] }, Y=$memory\core.frequency_bins$rdmux[0][2][1]$b$9337 [4:0]
      New ports: A=$memory\core.frequency_bins$rdmux[0][3][3]$a$9354 [4:1], B={ 1'1 $memory\core.frequency_bins$rdmux[0][3][3]$b$9355 [3:1] }, Y=$memory\core.frequency_bins$rdmux[0][2][1]$b$9337 [4:1]
      New connections: $memory\core.frequency_bins$rdmux[0][2][1]$b$9337 [0] = $memory\core.frequency_bins$rdmux[0][4][0]$a$9369 [0]
    Consolidated identical input bits for $mux cell $memory\core.frequency_bins$rdmux[0][3][0]$9344:
      Old ports: A={ $memory\core.frequency_bins$rdmux[0][3][0]$a$9345 [6:4] $memory\core.frequency_bins$rdmux[0][3][0]$a$9345 [1] $memory\core.frequency_bins$rdmux[0][3][0]$a$9345 [1] $memory\core.frequency_bins$rdmux[0][3][0]$a$9345 [1:0] }, B={ 3'011 $memory\core.frequency_bins$rdmux[0][3][0]$b$9346 [3:0] }, Y=$memory\core.frequency_bins$rdmux[0][2][0]$a$9333 [6:0]
      New ports: A={ $memory\core.frequency_bins$rdmux[0][3][0]$a$9345 [6:4] $memory\core.frequency_bins$rdmux[0][3][0]$a$9345 [1] $memory\core.frequency_bins$rdmux[0][3][0]$a$9345 [1] $memory\core.frequency_bins$rdmux[0][3][0]$a$9345 [1] }, B={ 3'011 $memory\core.frequency_bins$rdmux[0][3][0]$b$9346 [3:1] }, Y=$memory\core.frequency_bins$rdmux[0][2][0]$a$9333 [6:1]
      New connections: $memory\core.frequency_bins$rdmux[0][2][0]$a$9333 [0] = $memory\core.frequency_bins$rdmux[0][4][0]$a$9369 [0]
  Optimizing cells in module \core_pnr_probe.
Performed a total of 11 changes.

5.37.12. Executing OPT_MERGE pass (detect identical cells).
Finding identical cells in module `\core_pnr_probe'.
Computing hashes of 721 cells of `\core_pnr_probe'.
Finding duplicate cells in `\core_pnr_probe'.
Removed a total of 0 cells.

5.37.13. Executing OPT_DFF pass (perform DFF optimizations).
Adding EN signal on $memory\core.logits[2]$9649 ($dff) from module core_pnr_probe (D = $memory\core.logits$wrmux[2][1][0]$y$9692, Q = \core.logits[2]).
Adding SRST signal on $\core.feature_shifts$rdreg[0] ($dff) from module core_pnr_probe (D = $memory\core.feature_shifts$rdmux[0][1][0]$b$9590 [3], Q = $flatten\core.$memrd$\feature_shifts$./rtl/core/vibration_core.sv:365$1897_DATA [3], rval = 1'0).
Adding EN signal on $memory\core.frame_ids[0]$9630 ($dff) from module core_pnr_probe (D = \core.receiving_id, Q = \core.frame_ids[0]).
Adding EN signal on $memory\core.frame_ids[1]$9632 ($dff) from module core_pnr_probe (D = \core.receiving_id, Q = \core.frame_ids[1]).
Adding EN signal on $memory\core.frame_sums[0]$9512 ($dff) from module core_pnr_probe (D = $flatten\core.$0$memwr$\frame_sums$./rtl/core/vibration_core.sv:290$1255_DATA[25:0]$1469, Q = \core.frame_sums[0]).
Adding EN signal on $memory\core.frame_sums[1]$9514 ($dff) from module core_pnr_probe (D = $flatten\core.$0$memwr$\frame_sums$./rtl/core/vibration_core.sv:290$1255_DATA[25:0]$1469, Q = \core.frame_sums[1]).
Adding EN signal on $memory\core.logits[0]$9645 ($dff) from module core_pnr_probe (D = $memory\core.logits$wrmux[0][1][0]$y$9668, Q = \core.logits[0]).
Adding EN signal on $memory\core.logits[1]$9647 ($dff) from module core_pnr_probe (D = $memory\core.logits$wrmux[1][1][0]$y$9680, Q = \core.logits[1]).

5.37.14. Executing OPT_CLEAN pass (remove unused cells and wires).
Finding unused cells or wires in module \core_pnr_probe..
Removed 4 unused cells and 5 unused wires.
<suppressed ~5 debug messages>

5.37.15. Executing OPT_EXPR pass (perform const folding).
Optimizing module core_pnr_probe.
<suppressed ~3 debug messages>

5.37.16. Rerunning OPT passes. (Maybe there is more to do..)

5.37.17. Executing OPT_MUXTREE pass (detect dead branches in mux trees).
Running muxtree optimizer on module \core_pnr_probe..
  Creating internal representation of mux trees.
  Evaluating internal representation of mux trees.
  Analyzing evaluation results.
Removed 0 multiplexer ports.
<suppressed ~325 debug messages>

5.37.18. Executing OPT_REDUCE pass (consolidate $*mux and $reduce_* inputs).
  Optimizing cells in module \core_pnr_probe.
    Consolidated identical input bits for $mux cell $memory\core.logits$wrmux[1][0][0]$9671:
      Old ports: A=32'x, B=0, Y=$memory\core.logits$wrmux[1][0][0]$y$9672
      New ports: A=1'x, B=1'0, Y=$memory\core.logits$wrmux[1][0][0]$y$9672 [0]
      New connections: $memory\core.logits$wrmux[1][0][0]$y$9672 [31:1] = { $memory\core.logits$wrmux[1][0][0]$y$9672 [0] $memory\core.logits$wrmux[1][0][0]$y$9672 [0] $memory\core.logits$wrmux[1][0][0]$y$9672 [0] $memory\core.logits$wrmux[1][0][0]$y$9672 [0] $memory\core.logits$wrmux[1][0][0]$y$9672 [0] $memory\core.logits$wrmux[1][0][0]$y$9672 [0] $memory\core.logits$wrmux[1][0][0]$y$9672 [0] $memory\core.logits$wrmux[1][0][0]$y$9672 [0] $memory\core.logits$wrmux[1][0][0]$y$9672 [0] $memory\core.logits$wrmux[1][0][0]$y$9672 [0] $memory\core.logits$wrmux[1][0][0]$y$9672 [0] $memory\core.logits$wrmux[1][0][0]$y$9672 [0] $memory\core.logits$wrmux[1][0][0]$y$9672 [0] $memory\core.logits$wrmux[1][0][0]$y$9672 [0] $memory\core.logits$wrmux[1][0][0]$y$9672 [0] $memory\core.logits$wrmux[1][0][0]$y$9672 [0] $memory\core.logits$wrmux[1][0][0]$y$9672 [0] $memory\core.logits$wrmux[1][0][0]$y$9672 [0] $memory\core.logits$wrmux[1][0][0]$y$9672 [0] $memory\core.logits$wrmux[1][0][0]$y$9672 [0] $memory\core.logits$wrmux[1][0][0]$y$9672 [0] $memory\core.logits$wrmux[1][0][0]$y$9672 [0] $memory\core.logits$wrmux[1][0][0]$y$9672 [0] $memory\core.logits$wrmux[1][0][0]$y$9672 [0] $memory\core.logits$wrmux[1][0][0]$y$9672 [0] $memory\core.logits$wrmux[1][0][0]$y$9672 [0] $memory\core.logits$wrmux[1][0][0]$y$9672 [0] $memory\core.logits$wrmux[1][0][0]$y$9672 [0] $memory\core.logits$wrmux[1][0][0]$y$9672 [0] $memory\core.logits$wrmux[1][0][0]$y$9672 [0] $memory\core.logits$wrmux[1][0][0]$y$9672 [0] }
    Consolidated identical input bits for $mux cell $memory\core.logits$wrmux[0][0][0]$9657:
      Old ports: A=32'x, B=0, Y=$memory\core.logits$wrmux[0][0][0]$y$9658
      New ports: A=1'x, B=1'0, Y=$memory\core.logits$wrmux[0][0][0]$y$9658 [0]
      New connections: $memory\core.logits$wrmux[0][0][0]$y$9658 [31:1] = { $memory\core.logits$wrmux[0][0][0]$y$9658 [0] $memory\core.logits$wrmux[0][0][0]$y$9658 [0] $memory\core.logits$wrmux[0][0][0]$y$9658 [0] $memory\core.logits$wrmux[0][0][0]$y$9658 [0] $memory\core.logits$wrmux[0][0][0]$y$9658 [0] $memory\core.logits$wrmux[0][0][0]$y$9658 [0] $memory\core.logits$wrmux[0][0][0]$y$9658 [0] $memory\core.logits$wrmux[0][0][0]$y$9658 [0] $memory\core.logits$wrmux[0][0][0]$y$9658 [0] $memory\core.logits$wrmux[0][0][0]$y$9658 [0] $memory\core.logits$wrmux[0][0][0]$y$9658 [0] $memory\core.logits$wrmux[0][0][0]$y$9658 [0] $memory\core.logits$wrmux[0][0][0]$y$9658 [0] $memory\core.logits$wrmux[0][0][0]$y$9658 [0] $memory\core.logits$wrmux[0][0][0]$y$9658 [0] $memory\core.logits$wrmux[0][0][0]$y$9658 [0] $memory\core.logits$wrmux[0][0][0]$y$9658 [0] $memory\core.logits$wrmux[0][0][0]$y$9658 [0] $memory\core.logits$wrmux[0][0][0]$y$9658 [0] $memory\core.logits$wrmux[0][0][0]$y$9658 [0] $memory\core.logits$wrmux[0][0][0]$y$9658 [0] $memory\core.logits$wrmux[0][0][0]$y$9658 [0] $memory\core.logits$wrmux[0][0][0]$y$9658 [0] $memory\core.logits$wrmux[0][0][0]$y$9658 [0] $memory\core.logits$wrmux[0][0][0]$y$9658 [0] $memory\core.logits$wrmux[0][0][0]$y$9658 [0] $memory\core.logits$wrmux[0][0][0]$y$9658 [0] $memory\core.logits$wrmux[0][0][0]$y$9658 [0] $memory\core.logits$wrmux[0][0][0]$y$9658 [0] $memory\core.logits$wrmux[0][0][0]$y$9658 [0] $memory\core.logits$wrmux[0][0][0]$y$9658 [0] }
    Consolidated identical input bits for $mux cell $memory\core.logits$wrmux[2][0][0]$9683:
      Old ports: A=32'x, B=0, Y=$memory\core.logits$wrmux[2][0][0]$y$9684
      New ports: A=1'x, B=1'0, Y=$memory\core.logits$wrmux[2][0][0]$y$9684 [0]
      New connections: $memory\core.logits$wrmux[2][0][0]$y$9684 [31:1] = { $memory\core.logits$wrmux[2][0][0]$y$9684 [0] $memory\core.logits$wrmux[2][0][0]$y$9684 [0] $memory\core.logits$wrmux[2][0][0]$y$9684 [0] $memory\core.logits$wrmux[2][0][0]$y$9684 [0] $memory\core.logits$wrmux[2][0][0]$y$9684 [0] $memory\core.logits$wrmux[2][0][0]$y$9684 [0] $memory\core.logits$wrmux[2][0][0]$y$9684 [0] $memory\core.logits$wrmux[2][0][0]$y$9684 [0] $memory\core.logits$wrmux[2][0][0]$y$9684 [0] $memory\core.logits$wrmux[2][0][0]$y$9684 [0] $memory\core.logits$wrmux[2][0][0]$y$9684 [0] $memory\core.logits$wrmux[2][0][0]$y$9684 [0] $memory\core.logits$wrmux[2][0][0]$y$9684 [0] $memory\core.logits$wrmux[2][0][0]$y$9684 [0] $memory\core.logits$wrmux[2][0][0]$y$9684 [0] $memory\core.logits$wrmux[2][0][0]$y$9684 [0] $memory\core.logits$wrmux[2][0][0]$y$9684 [0] $memory\core.logits$wrmux[2][0][0]$y$9684 [0] $memory\core.logits$wrmux[2][0][0]$y$9684 [0] $memory\core.logits$wrmux[2][0][0]$y$9684 [0] $memory\core.logits$wrmux[2][0][0]$y$9684 [0] $memory\core.logits$wrmux[2][0][0]$y$9684 [0] $memory\core.logits$wrmux[2][0][0]$y$9684 [0] $memory\core.logits$wrmux[2][0][0]$y$9684 [0] $memory\core.logits$wrmux[2][0][0]$y$9684 [0] $memory\core.logits$wrmux[2][0][0]$y$9684 [0] $memory\core.logits$wrmux[2][0][0]$y$9684 [0] $memory\core.logits$wrmux[2][0][0]$y$9684 [0] $memory\core.logits$wrmux[2][0][0]$y$9684 [0] $memory\core.logits$wrmux[2][0][0]$y$9684 [0] $memory\core.logits$wrmux[2][0][0]$y$9684 [0] }
  Optimizing cells in module \core_pnr_probe.
Performed a total of 3 changes.

5.37.19. Executing OPT_MERGE pass (detect identical cells).
Finding identical cells in module `\core_pnr_probe'.
Computing hashes of 723 cells of `\core_pnr_probe'.
Finding duplicate cells in `\core_pnr_probe'.
Computing hashes of 721 cells of `\core_pnr_probe'.
Finding duplicate cells in `\core_pnr_probe'.
<suppressed ~6 debug messages>
Removed a total of 2 cells.

5.37.20. Executing OPT_DFF pass (perform DFF optimizations).

5.37.21. Executing OPT_CLEAN pass (remove unused cells and wires).
Finding unused cells or wires in module \core_pnr_probe..
Removed 0 unused cells and 2 unused wires.
<suppressed ~1 debug messages>

5.37.22. Executing OPT_EXPR pass (perform const folding).
Optimizing module core_pnr_probe.

5.37.23. Rerunning OPT passes. (Maybe there is more to do..)

5.37.24. Executing OPT_MUXTREE pass (detect dead branches in mux trees).
Running muxtree optimizer on module \core_pnr_probe..
  Creating internal representation of mux trees.
  Evaluating internal representation of mux trees.
  Analyzing evaluation results.
Removed 0 multiplexer ports.
<suppressed ~327 debug messages>

5.37.25. Executing OPT_REDUCE pass (consolidate $*mux and $reduce_* inputs).
  Optimizing cells in module \core_pnr_probe.
Performed a total of 0 changes.

5.37.26. Executing OPT_MERGE pass (detect identical cells).
Finding identical cells in module `\core_pnr_probe'.
Computing hashes of 721 cells of `\core_pnr_probe'.
Finding duplicate cells in `\core_pnr_probe'.
Removed a total of 0 cells.

5.37.27. Executing OPT_DFF pass (perform DFF optimizations).

5.37.28. Executing OPT_CLEAN pass (remove unused cells and wires).
Finding unused cells or wires in module \core_pnr_probe..

5.37.29. Executing OPT_EXPR pass (perform const folding).
Optimizing module core_pnr_probe.

5.37.30. Finished fast OPT passes. (There is nothing left to do.)

5.38. Executing ICE40_WRAPCARRY pass (wrap carries).

5.39. Executing TECHMAP pass (map to technology primitives).

5.39.1. Executing Verilog-2005 frontend: ./.tools/oss-cad-suite/libexec/../share/yosys/techmap.v
Parsing Verilog input from `./.tools/oss-cad-suite/libexec/../share/yosys/techmap.v' to AST representation.
Generating RTLIL representation for module `\_90_simplemap_bool_ops'.
Generating RTLIL representation for module `\_90_simplemap_reduce_ops'.
Generating RTLIL representation for module `\_90_simplemap_logic_ops'.
Generating RTLIL representation for module `\_90_simplemap_compare_ops'.
Generating RTLIL representation for module `\_90_simplemap_various'.
Generating RTLIL representation for module `\_90_simplemap_registers'.
Generating RTLIL representation for module `\_90_shift_ops_shr_shl_sshl_sshr'.
Generating RTLIL representation for module `\_90_shift_shiftx'.
Generating RTLIL representation for module `\_90_fa'.
Generating RTLIL representation for module `\_90_lcu_brent_kung'.
Generating RTLIL representation for module `\_90_alu'.
Generating RTLIL representation for module `\_90_macc'.
Generating RTLIL representation for module `\_90_alumacc'.
Generating RTLIL representation for module `$__div_mod_u'.
Generating RTLIL representation for module `$__div_mod_trunc'.
Generating RTLIL representation for module `\_90_div'.
Generating RTLIL representation for module `\_90_mod'.
Generating RTLIL representation for module `$__div_mod_floor'.
Generating RTLIL representation for module `\_90_divfloor'.
Generating RTLIL representation for module `\_90_modfloor'.
Generating RTLIL representation for module `\_90_pow'.
Generating RTLIL representation for module `\_90_demux'.
Generating RTLIL representation for module `\_90_lut'.
Generating RTLIL representation for module `$connect'.
Generating RTLIL representation for module `$input_port'.
Successfully finished Verilog frontend.

5.39.2. Executing Verilog-2005 frontend: ./.tools/oss-cad-suite/libexec/../share/yosys/ice40/arith_map.v
Parsing Verilog input from `./.tools/oss-cad-suite/libexec/../share/yosys/ice40/arith_map.v' to AST representation.
Generating RTLIL representation for module `\_80_ice40_alu'.
Successfully finished Verilog frontend.

5.39.3. Continuing TECHMAP pass.
Using extmapper simplemap for cells of type $reduce_bool.
Using extmapper simplemap for cells of type $dffe.
Using extmapper simplemap for cells of type $dff.
Using extmapper simplemap for cells of type $reduce_or.
Using extmapper simplemap for cells of type $not.
Using extmapper simplemap for cells of type $sdff.
Using extmapper simplemap for cells of type $sdffe.
Using extmapper simplemap for cells of type $and.
Using template $paramod$67e8f4b8dba01cd3d8fc718acd02276257d102de\_80_ice40_alu for cells of type $alu.
Using extmapper simplemap for cells of type $mux.
Using extmapper simplemap for cells of type $eq.
Using template $paramod$02488ff6fa51b28bbfa470bdd9b0e548b3357746\_80_ice40_alu for cells of type $alu.
Using template $paramod$0a77e3c00010cb33e399decd813a7380c6e25cba\_80_ice40_alu for cells of type $alu.
Using template $paramod$6a42b6fefed750f8a1c58eab59479d960557103c\_80_ice40_alu for cells of type $alu.
Using template $paramod$103b4016182df467cceab67bcf3e18e6361ec0fd\_80_ice40_alu for cells of type $alu.
Using template $paramod$32a7b7b86c07519b7537abc18e96f0331f97914d\_80_ice40_alu for cells of type $alu.
Using template $paramod$fd7bfb1a4f3a7c2ac1a35670d0fa64ccc7b91841\_80_ice40_alu for cells of type $alu.
Using template $paramod$2470b7ea32c975a55c3ab8b283381b72d09e16d3\_80_ice40_alu for cells of type $alu.
Using template $paramod$6f967e2009413999812e399dce834a064bee2494\_80_ice40_alu for cells of type $alu.
Using template $paramod$9e8c19db10db5b8954224cafa0587db20bab09bd\_90_alu for cells of type $alu.
Using template $paramod$a7484d8e632daaa55385ba6c07492b56f14fc153\_80_ice40_alu for cells of type $alu.
Using template $paramod$754650b284649a026620fc6856e5b6886cbfe794\_80_ice40_alu for cells of type $alu.
Using template $paramod$8f780356cb6cdb52f6a744190131b65634639c4e\_80_ice40_alu for cells of type $alu.
Using template $paramod$20b1d0597707d55efcb9664e40f63985956d7680\_80_ice40_alu for cells of type $alu.
Using template $paramod$70cd0a6d2a6fc8112c464d889263f739a0ecd0f0\_80_ice40_alu for cells of type $alu.
Using template $paramod$943564b9366bbc392bf4bbc801aa0a2d7742a4e0\_80_ice40_alu for cells of type $alu.
Using template $paramod$fc972a7a46956c1788f3cb5257b53c8f1df2d0cc\_90_alu for cells of type $alu.
Using template $paramod$f9b096f016dee1c46f88651435ae06abb164a3e1\_80_ice40_alu for cells of type $alu.
Using template $paramod$175e67c02b86e96b1288b9dc100122520d7240d8\_90_alu for cells of type $alu.
Using extmapper simplemap for cells of type $reduce_and.
Using template $paramod$403a3c2fa431a154c52a6a5429d7a6260b5d144f\_80_ice40_alu for cells of type $alu.
Using template $paramod$32efbfac1c4dc57230cf86180788fdfd12e3b511\_80_ice40_alu for cells of type $alu.
Using template $paramod$789c344356a154d2afc7b832b41d1067dbc946ba\_80_ice40_alu for cells of type $alu.
Using template $paramod$a633f85e511312aa0a71f8890aa0f15a2d811e78\_80_ice40_alu for cells of type $alu.
Using template $paramod$0b1c1db0c081789fc2565581fa0ba2f25f0fa305\_80_ice40_alu for cells of type $alu.
Using template $paramod$55ae4340433dc30a1848dc3e4088c1fb49ccc472\_80_ice40_alu for cells of type $alu.
Using template $paramod$d1aeba9c1ab74edf9d88b9d912a3d3ff31905332\_80_ice40_alu for cells of type $alu.
Using template $paramod$484d51534650924b7ed4c69e46eed3a56904771f\_80_ice40_alu for cells of type $alu.
Using extmapper simplemap for cells of type $xor.
Using template $paramod$604af20bf6a34e15d709bdc58f0c8c389169271f\_80_ice40_alu for cells of type $alu.
Using extmapper simplemap for cells of type $or.
Using template $paramod$2ae8ace2721bc5fb7787a410a85733c3c60f3821\_80_ice40_alu for cells of type $alu.
Using template $paramod$fc38985eceb81f1b5c7ac096f6f55e3e7352506f\_80_ice40_alu for cells of type $alu.
Using template $paramod$9e77013391589a4e66c6391901265dcce5ef34df\_80_ice40_alu for cells of type $alu.
Using template $paramod$2653f68ddb8eab7b1907b4a20767b72a824a7a36\_80_ice40_alu for cells of type $alu.
Using template $paramod$6694d39cad831bc5688fe7ffaed39b79bdf33392\_80_ice40_alu for cells of type $alu.
Using template $paramod$a586fc170a813ff4ac6151d914901763ae218e46\_80_ice40_alu for cells of type $alu.
Using template $paramod$d59343cc06eea537d37a9bd328b9ef5a61038d8a\_80_ice40_alu for cells of type $alu.
Using template $paramod$b18e16801adf491a64caa0542270798e5d4ac6b6\_80_ice40_alu for cells of type $alu.
Using template $paramod$f956edc9fe4df758d9fdb10bfc518a364c99e75e\_80_ice40_alu for cells of type $alu.
Using template $paramod$dad13a281fa6a9ffd6dd427a87dc9a952e80e9ea\_80_ice40_alu for cells of type $alu.
Using template $paramod$8b1a36ab2238111d2a0f4cb4ef2e14f2a55fc1f9\_80_ice40_alu for cells of type $alu.
Using template $paramod$b8c0a997bce700f23568a5ada79cc6781d1f5ca0\_80_ice40_alu for cells of type $alu.
Using template $paramod$dc04b7d98e503a7bab16fce2df70e6e2c5ca34d6\_80_ice40_alu for cells of type $alu.
Using template $paramod$195c901429691d927156cbfe12cab4f447f9116f\_80_ice40_alu for cells of type $alu.
Using extmapper maccmap for cells of type $macc_v2.
  add \core.nn_input (4 bits, unsigned)
  add { \core.nn_group 4'0000 } (8 bits, unsigned)
  add 9'100000000 (9 bits, unsigned)
Using extmapper simplemap for cells of type $ne.
Using extmapper simplemap for cells of type $logic_and.
Using extmapper simplemap for cells of type $reduce_xor.
Using extmapper simplemap for cells of type $logic_or.
Using extmapper simplemap for cells of type $logic_not.
Using extmapper simplemap for cells of type $pmux.
Using extmapper simplemap for cells of type $lut.
Using template $paramod$constmap:d8aefc1ccc4cc8f7577de99159ea22c4a240a5fa$paramod$5aa0fbdc3e385f336e95d2896ce5aed0c003c799\_90_shift_shiftx for cells of type $shift.
Analyzing pattern of constant bits for this cell:
  Constant input on bit 0 of port A: 1'1
Creating constmapped module `$paramod$constmap:dd82805e02d0c05f7629d78043ee7bd4bcc370d0$paramod$5aa0fbdc3e385f336e95d2896ce5aed0c003c799\_90_shift_shiftx'.

5.39.96. Executing OPT_MUXTREE pass (detect dead branches in mux trees).
Running muxtree optimizer on module $paramod$constmap:dd82805e02d0c05f7629d78043ee7bd4bcc370d0$paramod$5aa0fbdc3e385f336e95d2896ce5aed0c003c799\_90_shift_shiftx..
  Creating internal representation of mux trees.
  Evaluating internal representation of mux trees.
  Analyzing evaluation results.
    dead port 2/2 on $mux $procmux$16649.
Removed 1 multiplexer ports.
<suppressed ~1578 debug messages>

5.39.97. Executing OPT_EXPR pass (perform const folding).
Optimizing module $paramod$constmap:dd82805e02d0c05f7629d78043ee7bd4bcc370d0$paramod$5aa0fbdc3e385f336e95d2896ce5aed0c003c799\_90_shift_shiftx.
<suppressed ~2 debug messages>
Removed 0 unused cells and 7 unused wires.
Using template $paramod$constmap:dd82805e02d0c05f7629d78043ee7bd4bcc370d0$paramod$5aa0fbdc3e385f336e95d2896ce5aed0c003c799\_90_shift_shiftx for cells of type $shift.
Using template $paramod$constmap:de554f9cc18e049d5b7dc95f0bcf8e03e57019ff$paramod$1e265d9719406ee45a570be27d6567e3eeff81e5\_90_shift_shiftx for cells of type $shiftx.
Using extmapper simplemap for cells of type $pos.
Using template $paramod\_90_fa\WIDTH=32'00000000000000000000000000000010 for cells of type $fa.
Using template $paramod\_90_lcu_brent_kung\WIDTH=32'00000000000000000000000000000010 for cells of type $lcu.
Using template $paramod\_90_fa\WIDTH=32'00000000000000000000000000000001 for cells of type $fa.
Using template $paramod\_90_lcu_brent_kung\WIDTH=32'00000000000000000000000000000001 for cells of type $lcu.
No more expansions possible.
<suppressed ~822 debug messages>

5.40. Executing OPT pass (performing simple optimizations).

5.40.1. Executing OPT_EXPR pass (perform const folding).
Optimizing module core_pnr_probe.
<suppressed ~3272 debug messages>

5.40.2. Executing OPT_MERGE pass (detect identical cells).
Finding identical cells in module `\core_pnr_probe'.
Computing hashes of 6950 cells of `\core_pnr_probe'.
Finding duplicate cells in `\core_pnr_probe'.
Computing hashes of 6304 cells of `\core_pnr_probe'.
Finding duplicate cells in `\core_pnr_probe'.
Computing hashes of 6181 cells of `\core_pnr_probe'.
Finding duplicate cells in `\core_pnr_probe'.
Computing hashes of 6129 cells of `\core_pnr_probe'.
Finding duplicate cells in `\core_pnr_probe'.
Computing hashes of 6101 cells of `\core_pnr_probe'.
Finding duplicate cells in `\core_pnr_probe'.
Computing hashes of 6100 cells of `\core_pnr_probe'.
Finding duplicate cells in `\core_pnr_probe'.
<suppressed ~2550 debug messages>
Removed a total of 850 cells.

5.40.3. Executing OPT_DFF pass (perform DFF optimizations).
Adding SRST signal on $auto$ff.cc:337:slice$11280 ($_SDFF_PP0_) from module core_pnr_probe (D = $auto$simplemap.cc:189:logic_reduce$16297, Q = \core.dbg_valid, rval = 1'0).
Adding SRST signal on $auto$ff.cc:337:slice$15604 ($_DFF_P_) from module core_pnr_probe (D = $memory\core.bias2$rdmux[0][0][0]$b$9533 [0], Q = $flatten\core.$memrd$\bias2$./rtl/core/vibration_core.sv:388$1913_DATA [30], rval = 1'1).

5.40.4. Executing OPT_CLEAN pass (remove unused cells and wires).
Finding unused cells or wires in module \core_pnr_probe..
Removed 481 unused cells and 2364 unused wires.
<suppressed ~482 debug messages>

5.40.5. Rerunning OPT passes. (Removed registers in this run.)

5.40.6. Executing OPT_EXPR pass (perform const folding).
Optimizing module core_pnr_probe.
<suppressed ~19 debug messages>

5.40.7. Executing OPT_MERGE pass (detect identical cells).
Finding identical cells in module `\core_pnr_probe'.
Computing hashes of 5602 cells of `\core_pnr_probe'.
Finding duplicate cells in `\core_pnr_probe'.
Computing hashes of 5601 cells of `\core_pnr_probe'.
Finding duplicate cells in `\core_pnr_probe'.
<suppressed ~3 debug messages>
Removed a total of 1 cells.

5.40.8. Executing OPT_DFF pass (perform DFF optimizations).

5.40.9. Executing OPT_CLEAN pass (remove unused cells and wires).
Finding unused cells or wires in module \core_pnr_probe..
Removed 0 unused cells and 2 unused wires.
<suppressed ~1 debug messages>

5.40.10. Finished fast OPT passes.

5.41. Executing ICE40_OPT pass (performing simple optimizations).

5.41.1. Running ICE40 specific optimizations.
Optimized $__ICE40_CARRY_WRAPPER cell back to logic (without SB_CARRY) core_pnr_probe.$auto$alumacc.cc:548:replace_alu$8214.slice[0].carry: CO=$auto$alumacc.cc:548:replace_alu$8214.A [0]
Optimized $__ICE40_CARRY_WRAPPER cell back to logic (without SB_CARRY) core_pnr_probe.$auto$alumacc.cc:548:replace_alu$8227.slice[0].carry: CO=$auto$alumacc.cc:548:replace_alu$8214.A [11]
Optimized $__ICE40_CARRY_WRAPPER cell back to logic (without SB_CARRY) core_pnr_probe.$auto$alumacc.cc:548:replace_alu$8234.slice[0].carry: CO=$auto$alumacc.cc:548:replace_alu$8234.A [0]
Optimized $__ICE40_CARRY_WRAPPER cell back to logic (without SB_CARRY) core_pnr_probe.$auto$alumacc.cc:548:replace_alu$8254.slice[0].carry: CO=\core.state [0]
Optimized $__ICE40_CARRY_WRAPPER cell back to logic (without SB_CARRY) core_pnr_probe.$auto$alumacc.cc:548:replace_alu$8267.slice[0].carry: CO=\core.state [2]
Optimized $__ICE40_CARRY_WRAPPER cell back to logic (without SB_CARRY) core_pnr_probe.$auto$alumacc.cc:548:replace_alu$8276.slice[0].carry: CO=\core.state [0]
Optimized $__ICE40_CARRY_WRAPPER cell back to logic (without SB_CARRY) core_pnr_probe.$auto$alumacc.cc:548:replace_alu$8289.slice[0].carry: CO=\core.state [0]
Optimized $__ICE40_CARRY_WRAPPER cell back to logic (without SB_CARRY) core_pnr_probe.$auto$alumacc.cc:548:replace_alu$8298.slice[0].carry: CO=\core.state [1]
Optimized $__ICE40_CARRY_WRAPPER cell back to logic (without SB_CARRY) core_pnr_probe.$auto$alumacc.cc:548:replace_alu$8320.slice[0].carry: CO=\core.state [0]
Optimized $__ICE40_CARRY_WRAPPER cell back to logic (without SB_CARRY) core_pnr_probe.$auto$alumacc.cc:548:replace_alu$8333.slice[0].carry: CO=\core.state [0]
Optimized $__ICE40_CARRY_WRAPPER cell back to logic (without SB_CARRY) core_pnr_probe.$auto$alumacc.cc:548:replace_alu$8390.slice[0].carry: CO=$auto$alumacc.cc:548:replace_alu$8390.A [0]
Optimized $__ICE40_CARRY_WRAPPER cell back to logic (without SB_CARRY) core_pnr_probe.$auto$alumacc.cc:548:replace_alu$8403.slice[0].carry: CO=$auto$alumacc.cc:548:replace_alu$8403.A [0]
Optimized $__ICE40_CARRY_WRAPPER cell back to logic (without SB_CARRY) core_pnr_probe.$auto$alumacc.cc:548:replace_alu$8403.slice[5].carry: CO=$auto$alumacc.cc:548:replace_alu$8403.C [5]
Optimized $__ICE40_CARRY_WRAPPER cell back to logic (without SB_CARRY) core_pnr_probe.$auto$alumacc.cc:548:replace_alu$8403.slice[6].carry: CO=$auto$alumacc.cc:548:replace_alu$8403.C [6]
Optimized $__ICE40_CARRY_WRAPPER cell back to logic (without SB_CARRY) core_pnr_probe.$auto$alumacc.cc:548:replace_alu$8403.slice[7].carry: CO=$auto$alumacc.cc:548:replace_alu$8403.C [7]
Optimized $__ICE40_CARRY_WRAPPER cell back to logic (without SB_CARRY) core_pnr_probe.$auto$alumacc.cc:548:replace_alu$8403.slice[8].carry: CO=$auto$alumacc.cc:548:replace_alu$8403.C [8]
Optimized $__ICE40_CARRY_WRAPPER cell back to logic (without SB_CARRY) core_pnr_probe.$auto$alumacc.cc:548:replace_alu$8403.slice[9].carry: CO=$auto$alumacc.cc:548:replace_alu$8403.C [9]
Optimized $__ICE40_CARRY_WRAPPER cell back to logic (without SB_CARRY) core_pnr_probe.$auto$alumacc.cc:548:replace_alu$8403.slice[10].carry: CO=$auto$alumacc.cc:548:replace_alu$8403.C [10]
Optimized $__ICE40_CARRY_WRAPPER cell back to logic (without SB_CARRY) core_pnr_probe.$auto$alumacc.cc:548:replace_alu$8403.slice[11].carry: CO=$auto$alumacc.cc:548:replace_alu$8403.C [11]
Optimized $__ICE40_CARRY_WRAPPER cell back to logic (without SB_CARRY) core_pnr_probe.$auto$alumacc.cc:548:replace_alu$8403.slice[12].carry: CO=$auto$alumacc.cc:548:replace_alu$8403.C [12]
Optimized $__ICE40_CARRY_WRAPPER cell back to logic (without SB_CARRY) core_pnr_probe.$auto$alumacc.cc:548:replace_alu$8403.slice[13].carry: CO=$auto$alumacc.cc:548:replace_alu$8403.C [13]
Optimized $__ICE40_CARRY_WRAPPER cell back to logic (without SB_CARRY) core_pnr_probe.$auto$alumacc.cc:548:replace_alu$8403.slice[14].carry: CO=$auto$alumacc.cc:548:replace_alu$8403.C [14]
Optimized $__ICE40_CARRY_WRAPPER cell back to logic (without SB_CARRY) core_pnr_probe.$auto$alumacc.cc:548:replace_alu$8403.slice[15].carry: CO=$auto$alumacc.cc:548:replace_alu$8403.C [15]
Optimized $__ICE40_CARRY_WRAPPER cell back to logic (without SB_CARRY) core_pnr_probe.$auto$alumacc.cc:548:replace_alu$8403.slice[16].carry: CO=$auto$alumacc.cc:548:replace_alu$8403.C [16]
Optimized $__ICE40_CARRY_WRAPPER cell back to logic (without SB_CARRY) core_pnr_probe.$auto$alumacc.cc:548:replace_alu$8403.slice[17].carry: CO=$auto$alumacc.cc:548:replace_alu$8403.C [17]
Optimized $__ICE40_CARRY_WRAPPER cell back to logic (without SB_CARRY) core_pnr_probe.$auto$alumacc.cc:548:replace_alu$8403.slice[18].carry: CO=$auto$alumacc.cc:548:replace_alu$8403.C [18]
Optimized $__ICE40_CARRY_WRAPPER cell back to logic (without SB_CARRY) core_pnr_probe.$auto$alumacc.cc:548:replace_alu$8403.slice[19].carry: CO=$auto$alumacc.cc:548:replace_alu$8403.C [19]
Optimized $__ICE40_CARRY_WRAPPER cell back to logic (without SB_CARRY) core_pnr_probe.$auto$alumacc.cc:548:replace_alu$8403.slice[20].carry: CO=$auto$alumacc.cc:548:replace_alu$8403.C [20]
Optimized $__ICE40_CARRY_WRAPPER cell back to logic (without SB_CARRY) core_pnr_probe.$auto$alumacc.cc:548:replace_alu$8403.slice[21].carry: CO=$auto$alumacc.cc:548:replace_alu$8403.C [21]
Optimized $__ICE40_CARRY_WRAPPER cell back to logic (without SB_CARRY) core_pnr_probe.$auto$alumacc.cc:548:replace_alu$8403.slice[22].carry: CO=$auto$alumacc.cc:548:replace_alu$8403.C [22]
Optimized $__ICE40_CARRY_WRAPPER cell back to logic (without SB_CARRY) core_pnr_probe.$auto$alumacc.cc:548:replace_alu$8403.slice[23].carry: CO=$auto$alumacc.cc:548:replace_alu$8403.C [23]
Optimized $__ICE40_CARRY_WRAPPER cell back to logic (without SB_CARRY) core_pnr_probe.$auto$alumacc.cc:548:replace_alu$8403.slice[24].carry: CO=$auto$alumacc.cc:548:replace_alu$8403.C [24]
Optimized $__ICE40_CARRY_WRAPPER cell back to logic (without SB_CARRY) core_pnr_probe.$auto$alumacc.cc:548:replace_alu$8403.slice[25].carry: CO=$auto$alumacc.cc:548:replace_alu$8403.C [25]
Optimized $__ICE40_CARRY_WRAPPER cell back to logic (without SB_CARRY) core_pnr_probe.$auto$alumacc.cc:548:replace_alu$8403.slice[26].carry: CO=$auto$alumacc.cc:548:replace_alu$8403.C [26]
Optimized $__ICE40_CARRY_WRAPPER cell back to logic (without SB_CARRY) core_pnr_probe.$auto$alumacc.cc:548:replace_alu$8403.slice[27].carry: CO=$auto$alumacc.cc:548:replace_alu$8403.C [27]
Optimized $__ICE40_CARRY_WRAPPER cell back to logic (without SB_CARRY) core_pnr_probe.$auto$alumacc.cc:548:replace_alu$8403.slice[28].carry: CO=$auto$alumacc.cc:548:replace_alu$8403.C [28]
Optimized $__ICE40_CARRY_WRAPPER cell back to logic (without SB_CARRY) core_pnr_probe.$auto$alumacc.cc:548:replace_alu$8403.slice[29].carry: CO=$auto$alumacc.cc:548:replace_alu$8403.C [29]
Optimized $__ICE40_CARRY_WRAPPER cell back to logic (without SB_CARRY) core_pnr_probe.$auto$alumacc.cc:548:replace_alu$8403.slice[30].carry: CO=$auto$alumacc.cc:548:replace_alu$8403.C [30]
Optimized $__ICE40_CARRY_WRAPPER cell back to logic (without SB_CARRY) core_pnr_probe.$auto$alumacc.cc:548:replace_alu$8403.slice[31].carry: CO=$auto$alumacc.cc:548:replace_alu$8403.C [31]
Optimized $__ICE40_CARRY_WRAPPER cell back to logic (without SB_CARRY) core_pnr_probe.$auto$alumacc.cc:548:replace_alu$8444.slice[0].carry: CO=$auto$alumacc.cc:548:replace_alu$8444.A [0]
Optimized $__ICE40_CARRY_WRAPPER cell back to logic (without SB_CARRY) core_pnr_probe.$auto$alumacc.cc:548:replace_alu$8466.slice[0].carry: CO=$auto$alumacc.cc:548:replace_alu$8466.A [0]
Optimized $__ICE40_CARRY_WRAPPER cell back to logic (without SB_CARRY) core_pnr_probe.$auto$alumacc.cc:548:replace_alu$8545.slice[0].carry: CO=$auto$alumacc.cc:548:replace_alu$8234.A [11]
Optimized $__ICE40_CARRY_WRAPPER cell back to logic (without SB_CARRY) core_pnr_probe.$auto$alumacc.cc:548:replace_alu$8552.slice[0].carry: CO=\core.accumulator[0] [0]
Optimized $__ICE40_CARRY_WRAPPER cell back to logic (without SB_CARRY) core_pnr_probe.$auto$alumacc.cc:548:replace_alu$8565.slice[0].carry: CO=\core.accumulator[0] [31]
Optimized $__ICE40_CARRY_WRAPPER cell back to logic (without SB_CARRY) core_pnr_probe.$auto$alumacc.cc:548:replace_alu$8572.slice[0].carry: CO=\core.point [0]
Optimized $__ICE40_CARRY_WRAPPER cell back to logic (without SB_CARRY) core_pnr_probe.$auto$alumacc.cc:548:replace_alu$8587.slice[0].carry: CO=\core.nn_input [0]
Optimized $__ICE40_CARRY_WRAPPER cell back to logic (without SB_CARRY) core_pnr_probe.$auto$alumacc.cc:548:replace_alu$8593.slice[33].carry: CO=1'0
Optimized $__ICE40_CARRY_WRAPPER cell back to logic (without SB_CARRY) core_pnr_probe.$auto$alumacc.cc:548:replace_alu$8599.slice[0].carry: CO=\core.power_index [0]
Optimized $__ICE40_CARRY_WRAPPER cell back to logic (without SB_CARRY) core_pnr_probe.$auto$alumacc.cc:548:replace_alu$8602.slice[0].carry: CO=\core.feature_index [0]
Optimized $__ICE40_CARRY_WRAPPER cell back to logic (without SB_CARRY) core_pnr_probe.$auto$alumacc.cc:548:replace_alu$8605.slice[0].carry: CO=\core.quant_remaining [0]
Optimized $__ICE40_CARRY_WRAPPER cell back to logic (without SB_CARRY) core_pnr_probe.$auto$alumacc.cc:548:replace_alu$8619.slice[0].carry: CO=\core.nn_group [0]
Optimized $__ICE40_CARRY_WRAPPER cell back to logic (without SB_CARRY) core_pnr_probe.$auto$alumacc.cc:548:replace_alu$8622.slice[0].carry: CO=\core.nn_group [0]
Optimized $__ICE40_CARRY_WRAPPER cell back to logic (without SB_CARRY) core_pnr_probe.$auto$alumacc.cc:548:replace_alu$8622.slice[4].carry: CO=1'0
Optimized $__ICE40_CARRY_WRAPPER cell back to logic (without SB_CARRY) core_pnr_probe.$auto$alumacc.cc:548:replace_alu$8631.slice[0].carry: CO=\core.dft_group [0]
Optimized $__ICE40_CARRY_WRAPPER cell back to logic (without SB_CARRY) core_pnr_probe.$auto$alumacc.cc:548:replace_alu$8631.slice[7].carry: CO=1'0
Optimized $__ICE40_CARRY_WRAPPER cell back to logic (without SB_CARRY) core_pnr_probe.$auto$alumacc.cc:548:replace_alu$8634.slice[0].carry: CO=\core.dft_group [0]
Optimized $__ICE40_CARRY_WRAPPER cell back to logic (without SB_CARRY) core_pnr_probe.$auto$alumacc.cc:548:replace_alu$8637.slice[0].carry: CO=$auto$alumacc.cc:548:replace_alu$8637.BB [0]
Optimized $__ICE40_CARRY_WRAPPER cell back to logic (without SB_CARRY) core_pnr_probe.$auto$alumacc.cc:548:replace_alu$8640.slice[0].carry: CO=\core.count_total [0]
Optimized $__ICE40_CARRY_WRAPPER cell back to logic (without SB_CARRY) core_pnr_probe.$auto$alumacc.cc:548:replace_alu$8643.slice[0].carry: CO=\core.count_nn [0]
Optimized $__ICE40_CARRY_WRAPPER cell back to logic (without SB_CARRY) core_pnr_probe.$auto$alumacc.cc:548:replace_alu$8646.slice[0].carry: CO=\core.count_power [0]
Optimized $__ICE40_CARRY_WRAPPER cell back to logic (without SB_CARRY) core_pnr_probe.$auto$alumacc.cc:548:replace_alu$8649.slice[0].carry: CO=\core.count_dft [0]
Optimized $__ICE40_CARRY_WRAPPER cell back to logic (without SB_CARRY) core_pnr_probe.$auto$alumacc.cc:548:replace_alu$8652.slice[0].carry: CO=\core.count_pre [0]
Optimized $__ICE40_CARRY_WRAPPER cell back to logic (without SB_CARRY) core_pnr_probe.$auto$alumacc.cc:548:replace_alu$8655.slice[0].carry: CO=\core.input_index [0]
Optimized $__ICE40_CARRY_WRAPPER cell back to logic (without SB_CARRY) core_pnr_probe.$auto$alumacc.cc:548:replace_alu$8658.slice[0].carry: CO=\core.protocol_errors [0]
Optimized $__ICE40_CARRY_WRAPPER cell back to logic (without SB_CARRY) core_pnr_probe.$auto$alumacc.cc:548:replace_alu$8673.slice[0].carry: CO=$auto$alumacc.cc:548:replace_alu$8572.X [0]
Optimized $__ICE40_CARRY_WRAPPER cell back to logic (without SB_CARRY) core_pnr_probe.$auto$alumacc.cc:548:replace_alu$8685.slice[0].carry: CO=\frame_id [0]
Optimized $__ICE40_CARRY_WRAPPER cell back to logic (without SB_CARRY) core_pnr_probe.$auto$alumacc.cc:548:replace_alu$8688.slice[7].carry: CO=1'0
Optimized $__ICE40_CARRY_WRAPPER cell back to logic (without SB_CARRY) core_pnr_probe.$auto$alumacc.cc:548:replace_alu$8694.slice[0].carry: CO=$auto$alumacc.cc:548:replace_alu$8694.BB [0]
Optimized $__ICE40_CARRY_WRAPPER cell back to logic (without SB_CARRY) core_pnr_probe.$auto$alumacc.cc:548:replace_alu$8694.slice[15].carry: CO=$auto$alumacc.cc:548:replace_alu$8694.C [15]
Optimized $__ICE40_CARRY_WRAPPER cell back to logic (without SB_CARRY) core_pnr_probe.$auto$opt_expr.cc:1942:replace_const_cells$9305.slice[0].carry: CO=$auto$opt_expr.cc:1942:replace_const_cells$9305.BB [0]
Optimized $__ICE40_CARRY_WRAPPER cell back to logic (without SB_CARRY) core_pnr_probe.$auto$opt_expr.cc:1942:replace_const_cells$9305.slice[13].carry: CO=$auto$opt_expr.cc:1942:replace_const_cells$9305.C [13]
Optimized $__ICE40_CARRY_WRAPPER cell back to logic (without SB_CARRY) core_pnr_probe.$auto$opt_expr.cc:1942:replace_const_cells$9305.slice[14].carry: CO=1'1

5.41.2. Executing OPT_EXPR pass (perform const folding).
Optimizing module core_pnr_probe.
<suppressed ~12 debug messages>

5.41.3. Executing OPT_MERGE pass (detect identical cells).
Finding identical cells in module `\core_pnr_probe'.
Computing hashes of 5589 cells of `\core_pnr_probe'.
Finding duplicate cells in `\core_pnr_probe'.
Computing hashes of 5554 cells of `\core_pnr_probe'.
Finding duplicate cells in `\core_pnr_probe'.
<suppressed ~105 debug messages>
Removed a total of 35 cells.

5.41.4. Executing OPT_DFF pass (perform DFF optimizations).
Adding SRST signal on $auto$ff.cc:337:slice$16973 ($_DFF_P_) from module core_pnr_probe (D = $memory\core.frequency_bins$rdmux[0][1][0]$a$9327 [8], Q = $auto$alumacc.cc:548:replace_alu$8575.A [8], rval = 1'1).
Adding SRST signal on $auto$ff.cc:337:slice$10029 ($_DFFE_PP_) from module core_pnr_probe (D = \core.accumulator[0] [31], Q = \core.logits[2] [31], rval = 1'0).
Adding SRST signal on $auto$ff.cc:337:slice$9872 ($_DFFE_PP_) from module core_pnr_probe (D = \core.accumulator[0] [31], Q = \core.logits[0] [31], rval = 1'0).
Adding SRST signal on $auto$ff.cc:337:slice$9838 ($_DFFE_PP_) from module core_pnr_probe (D = \core.accumulator[0] [31], Q = \core.logits[1] [31], rval = 1'0).
Adding SRST signal on $auto$ff.cc:337:slice$9807 ($_DFFE_PP_) from module core_pnr_probe (D = \core.accumulator[0] [0], Q = \core.logits[1] [0], rval = 1'0).
Adding SRST signal on $auto$ff.cc:337:slice$9808 ($_DFFE_PP_) from module core_pnr_probe (D = \core.accumulator[0] [1], Q = \core.logits[1] [1], rval = 1'0).
Adding SRST signal on $auto$ff.cc:337:slice$9809 ($_DFFE_PP_) from module core_pnr_probe (D = \core.accumulator[0] [2], Q = \core.logits[1] [2], rval = 1'0).
Adding SRST signal on $auto$ff.cc:337:slice$9810 ($_DFFE_PP_) from module core_pnr_probe (D = \core.accumulator[0] [3], Q = \core.logits[1] [3], rval = 1'0).
Adding SRST signal on $auto$ff.cc:337:slice$9811 ($_DFFE_PP_) from module core_pnr_probe (D = \core.accumulator[0] [4], Q = \core.logits[1] [4], rval = 1'0).
Adding SRST signal on $auto$ff.cc:337:slice$9812 ($_DFFE_PP_) from module core_pnr_probe (D = \core.accumulator[0] [5], Q = \core.logits[1] [5], rval = 1'0).
Adding SRST signal on $auto$ff.cc:337:slice$9813 ($_DFFE_PP_) from module core_pnr_probe (D = \core.accumulator[0] [6], Q = \core.logits[1] [6], rval = 1'0).
Adding SRST signal on $auto$ff.cc:337:slice$9814 ($_DFFE_PP_) from module core_pnr_probe (D = \core.accumulator[0] [7], Q = \core.logits[1] [7], rval = 1'0).
Adding SRST signal on $auto$ff.cc:337:slice$9815 ($_DFFE_PP_) from module core_pnr_probe (D = \core.accumulator[0] [8], Q = \core.logits[1] [8], rval = 1'0).
Adding SRST signal on $auto$ff.cc:337:slice$9816 ($_DFFE_PP_) from module core_pnr_probe (D = \core.accumulator[0] [9], Q = \core.logits[1] [9], rval = 1'0).
Adding SRST signal on $auto$ff.cc:337:slice$9817 ($_DFFE_PP_) from module core_pnr_probe (D = \core.accumulator[0] [10], Q = \core.logits[1] [10], rval = 1'0).
Adding SRST signal on $auto$ff.cc:337:slice$9818 ($_DFFE_PP_) from module core_pnr_probe (D = \core.accumulator[0] [11], Q = \core.logits[1] [11], rval = 1'0).
Adding SRST signal on $auto$ff.cc:337:slice$9819 ($_DFFE_PP_) from module core_pnr_probe (D = \core.accumulator[0] [12], Q = \core.logits[1] [12], rval = 1'0).
Adding SRST signal on $auto$ff.cc:337:slice$9820 ($_DFFE_PP_) from module core_pnr_probe (D = \core.accumulator[0] [13], Q = \core.logits[1] [13], rval = 1'0).
Adding SRST signal on $auto$ff.cc:337:slice$9821 ($_DFFE_PP_) from module core_pnr_probe (D = \core.accumulator[0] [14], Q = \core.logits[1] [14], rval = 1'0).
Adding SRST signal on $auto$ff.cc:337:slice$9822 ($_DFFE_PP_) from module core_pnr_probe (D = \core.accumulator[0] [15], Q = \core.logits[1] [15], rval = 1'0).
Adding SRST signal on $auto$ff.cc:337:slice$9823 ($_DFFE_PP_) from module core_pnr_probe (D = \core.accumulator[0] [16], Q = \core.logits[1] [16], rval = 1'0).
Adding SRST signal on $auto$ff.cc:337:slice$9824 ($_DFFE_PP_) from module core_pnr_probe (D = \core.accumulator[0] [17], Q = \core.logits[1] [17], rval = 1'0).
Adding SRST signal on $auto$ff.cc:337:slice$9825 ($_DFFE_PP_) from module core_pnr_probe (D = \core.accumulator[0] [18], Q = \core.logits[1] [18], rval = 1'0).
Adding SRST signal on $auto$ff.cc:337:slice$9826 ($_DFFE_PP_) from module core_pnr_probe (D = \core.accumulator[0] [19], Q = \core.logits[1] [19], rval = 1'0).
Adding SRST signal on $auto$ff.cc:337:slice$9827 ($_DFFE_PP_) from module core_pnr_probe (D = \core.accumulator[0] [20], Q = \core.logits[1] [20], rval = 1'0).
Adding SRST signal on $auto$ff.cc:337:slice$9828 ($_DFFE_PP_) from module core_pnr_probe (D = \core.accumulator[0] [21], Q = \core.logits[1] [21], rval = 1'0).
Adding SRST signal on $auto$ff.cc:337:slice$9829 ($_DFFE_PP_) from module core_pnr_probe (D = \core.accumulator[0] [22], Q = \core.logits[1] [22], rval = 1'0).
Adding SRST signal on $auto$ff.cc:337:slice$9830 ($_DFFE_PP_) from module core_pnr_probe (D = \core.accumulator[0] [23], Q = \core.logits[1] [23], rval = 1'0).
Adding SRST signal on $auto$ff.cc:337:slice$9831 ($_DFFE_PP_) from module core_pnr_probe (D = \core.accumulator[0] [24], Q = \core.logits[1] [24], rval = 1'0).
Adding SRST signal on $auto$ff.cc:337:slice$9832 ($_DFFE_PP_) from module core_pnr_probe (D = \core.accumulator[0] [25], Q = \core.logits[1] [25], rval = 1'0).
Adding SRST signal on $auto$ff.cc:337:slice$9833 ($_DFFE_PP_) from module core_pnr_probe (D = \core.accumulator[0] [26], Q = \core.logits[1] [26], rval = 1'0).
Adding SRST signal on $auto$ff.cc:337:slice$9834 ($_DFFE_PP_) from module core_pnr_probe (D = \core.accumulator[0] [27], Q = \core.logits[1] [27], rval = 1'0).
Adding SRST signal on $auto$ff.cc:337:slice$9835 ($_DFFE_PP_) from module core_pnr_probe (D = \core.accumulator[0] [28], Q = \core.logits[1] [28], rval = 1'0).
Adding SRST signal on $auto$ff.cc:337:slice$9836 ($_DFFE_PP_) from module core_pnr_probe (D = \core.accumulator[0] [29], Q = \core.logits[1] [29], rval = 1'0).
Adding SRST signal on $auto$ff.cc:337:slice$9837 ($_DFFE_PP_) from module core_pnr_probe (D = \core.accumulator[0] [30], Q = \core.logits[1] [30], rval = 1'0).
Adding SRST signal on $auto$ff.cc:337:slice$9841 ($_DFFE_PP_) from module core_pnr_probe (D = \core.accumulator[0] [0], Q = \core.logits[0] [0], rval = 1'0).
Adding SRST signal on $auto$ff.cc:337:slice$9842 ($_DFFE_PP_) from module core_pnr_probe (D = \core.accumulator[0] [1], Q = \core.logits[0] [1], rval = 1'0).
Adding SRST signal on $auto$ff.cc:337:slice$9843 ($_DFFE_PP_) from module core_pnr_probe (D = \core.accumulator[0] [2], Q = \core.logits[0] [2], rval = 1'0).
Adding SRST signal on $auto$ff.cc:337:slice$9844 ($_DFFE_PP_) from module core_pnr_probe (D = \core.accumulator[0] [3], Q = \core.logits[0] [3], rval = 1'0).
Adding SRST signal on $auto$ff.cc:337:slice$9845 ($_DFFE_PP_) from module core_pnr_probe (D = \core.accumulator[0] [4], Q = \core.logits[0] [4], rval = 1'0).
Adding SRST signal on $auto$ff.cc:337:slice$9846 ($_DFFE_PP_) from module core_pnr_probe (D = \core.accumulator[0] [5], Q = \core.logits[0] [5], rval = 1'0).
Adding SRST signal on $auto$ff.cc:337:slice$9847 ($_DFFE_PP_) from module core_pnr_probe (D = \core.accumulator[0] [6], Q = \core.logits[0] [6], rval = 1'0).
Adding SRST signal on $auto$ff.cc:337:slice$9848 ($_DFFE_PP_) from module core_pnr_probe (D = \core.accumulator[0] [7], Q = \core.logits[0] [7], rval = 1'0).
Adding SRST signal on $auto$ff.cc:337:slice$9849 ($_DFFE_PP_) from module core_pnr_probe (D = \core.accumulator[0] [8], Q = \core.logits[0] [8], rval = 1'0).
Adding SRST signal on $auto$ff.cc:337:slice$9850 ($_DFFE_PP_) from module core_pnr_probe (D = \core.accumulator[0] [9], Q = \core.logits[0] [9], rval = 1'0).
Adding SRST signal on $auto$ff.cc:337:slice$9851 ($_DFFE_PP_) from module core_pnr_probe (D = \core.accumulator[0] [10], Q = \core.logits[0] [10], rval = 1'0).
Adding SRST signal on $auto$ff.cc:337:slice$9852 ($_DFFE_PP_) from module core_pnr_probe (D = \core.accumulator[0] [11], Q = \core.logits[0] [11], rval = 1'0).
Adding SRST signal on $auto$ff.cc:337:slice$9853 ($_DFFE_PP_) from module core_pnr_probe (D = \core.accumulator[0] [12], Q = \core.logits[0] [12], rval = 1'0).
Adding SRST signal on $auto$ff.cc:337:slice$9854 ($_DFFE_PP_) from module core_pnr_probe (D = \core.accumulator[0] [13], Q = \core.logits[0] [13], rval = 1'0).
Adding SRST signal on $auto$ff.cc:337:slice$9855 ($_DFFE_PP_) from module core_pnr_probe (D = \core.accumulator[0] [14], Q = \core.logits[0] [14], rval = 1'0).
Adding SRST signal on $auto$ff.cc:337:slice$9856 ($_DFFE_PP_) from module core_pnr_probe (D = \core.accumulator[0] [15], Q = \core.logits[0] [15], rval = 1'0).
Adding SRST signal on $auto$ff.cc:337:slice$9857 ($_DFFE_PP_) from module core_pnr_probe (D = \core.accumulator[0] [16], Q = \core.logits[0] [16], rval = 1'0).
Adding SRST signal on $auto$ff.cc:337:slice$9858 ($_DFFE_PP_) from module core_pnr_probe (D = \core.accumulator[0] [17], Q = \core.logits[0] [17], rval = 1'0).
Adding SRST signal on $auto$ff.cc:337:slice$9859 ($_DFFE_PP_) from module core_pnr_probe (D = \core.accumulator[0] [18], Q = \core.logits[0] [18], rval = 1'0).
Adding SRST signal on $auto$ff.cc:337:slice$9860 ($_DFFE_PP_) from module core_pnr_probe (D = \core.accumulator[0] [19], Q = \core.logits[0] [19], rval = 1'0).
Adding SRST signal on $auto$ff.cc:337:slice$9861 ($_DFFE_PP_) from module core_pnr_probe (D = \core.accumulator[0] [20], Q = \core.logits[0] [20], rval = 1'0).
Adding SRST signal on $auto$ff.cc:337:slice$9862 ($_DFFE_PP_) from module core_pnr_probe (D = \core.accumulator[0] [21], Q = \core.logits[0] [21], rval = 1'0).
Adding SRST signal on $auto$ff.cc:337:slice$9863 ($_DFFE_PP_) from module core_pnr_probe (D = \core.accumulator[0] [22], Q = \core.logits[0] [22], rval = 1'0).
Adding SRST signal on $auto$ff.cc:337:slice$9864 ($_DFFE_PP_) from module core_pnr_probe (D = \core.accumulator[0] [23], Q = \core.logits[0] [23], rval = 1'0).
Adding SRST signal on $auto$ff.cc:337:slice$9865 ($_DFFE_PP_) from module core_pnr_probe (D = \core.accumulator[0] [24], Q = \core.logits[0] [24], rval = 1'0).
Adding SRST signal on $auto$ff.cc:337:slice$9866 ($_DFFE_PP_) from module core_pnr_probe (D = \core.accumulator[0] [25], Q = \core.logits[0] [25], rval = 1'0).
Adding SRST signal on $auto$ff.cc:337:slice$9867 ($_DFFE_PP_) from module core_pnr_probe (D = \core.accumulator[0] [26], Q = \core.logits[0] [26], rval = 1'0).
Adding SRST signal on $auto$ff.cc:337:slice$9868 ($_DFFE_PP_) from module core_pnr_probe (D = \core.accumulator[0] [27], Q = \core.logits[0] [27], rval = 1'0).
Adding SRST signal on $auto$ff.cc:337:slice$9869 ($_DFFE_PP_) from module core_pnr_probe (D = \core.accumulator[0] [28], Q = \core.logits[0] [28], rval = 1'0).
Adding SRST signal on $auto$ff.cc:337:slice$9870 ($_DFFE_PP_) from module core_pnr_probe (D = \core.accumulator[0] [29], Q = \core.logits[0] [29], rval = 1'0).
Adding SRST signal on $auto$ff.cc:337:slice$9871 ($_DFFE_PP_) from module core_pnr_probe (D = \core.accumulator[0] [30], Q = \core.logits[0] [30], rval = 1'0).
Adding SRST signal on $auto$ff.cc:337:slice$9998 ($_DFFE_PP_) from module core_pnr_probe (D = \core.accumulator[0] [0], Q = \core.logits[2] [0], rval = 1'0).
Adding SRST signal on $auto$ff.cc:337:slice$9999 ($_DFFE_PP_) from module core_pnr_probe (D = \core.accumulator[0] [1], Q = \core.logits[2] [1], rval = 1'0).
Adding SRST signal on $auto$ff.cc:337:slice$10000 ($_DFFE_PP_) from module core_pnr_probe (D = \core.accumulator[0] [2], Q = \core.logits[2] [2], rval = 1'0).
Adding SRST signal on $auto$ff.cc:337:slice$10001 ($_DFFE_PP_) from module core_pnr_probe (D = \core.accumulator[0] [3], Q = \core.logits[2] [3], rval = 1'0).
Adding SRST signal on $auto$ff.cc:337:slice$10002 ($_DFFE_PP_) from module core_pnr_probe (D = \core.accumulator[0] [4], Q = \core.logits[2] [4], rval = 1'0).
Adding SRST signal on $auto$ff.cc:337:slice$10003 ($_DFFE_PP_) from module core_pnr_probe (D = \core.accumulator[0] [5], Q = \core.logits[2] [5], rval = 1'0).
Adding SRST signal on $auto$ff.cc:337:slice$10004 ($_DFFE_PP_) from module core_pnr_probe (D = \core.accumulator[0] [6], Q = \core.logits[2] [6], rval = 1'0).
Adding SRST signal on $auto$ff.cc:337:slice$10005 ($_DFFE_PP_) from module core_pnr_probe (D = \core.accumulator[0] [7], Q = \core.logits[2] [7], rval = 1'0).
Adding SRST signal on $auto$ff.cc:337:slice$10006 ($_DFFE_PP_) from module core_pnr_probe (D = \core.accumulator[0] [8], Q = \core.logits[2] [8], rval = 1'0).
Adding SRST signal on $auto$ff.cc:337:slice$10007 ($_DFFE_PP_) from module core_pnr_probe (D = \core.accumulator[0] [9], Q = \core.logits[2] [9], rval = 1'0).
Adding SRST signal on $auto$ff.cc:337:slice$10008 ($_DFFE_PP_) from module core_pnr_probe (D = \core.accumulator[0] [10], Q = \core.logits[2] [10], rval = 1'0).
Adding SRST signal on $auto$ff.cc:337:slice$10009 ($_DFFE_PP_) from module core_pnr_probe (D = \core.accumulator[0] [11], Q = \core.logits[2] [11], rval = 1'0).
Adding SRST signal on $auto$ff.cc:337:slice$10010 ($_DFFE_PP_) from module core_pnr_probe (D = \core.accumulator[0] [12], Q = \core.logits[2] [12], rval = 1'0).
Adding SRST signal on $auto$ff.cc:337:slice$10011 ($_DFFE_PP_) from module core_pnr_probe (D = \core.accumulator[0] [13], Q = \core.logits[2] [13], rval = 1'0).
Adding SRST signal on $auto$ff.cc:337:slice$10012 ($_DFFE_PP_) from module core_pnr_probe (D = \core.accumulator[0] [14], Q = \core.logits[2] [14], rval = 1'0).
Adding SRST signal on $auto$ff.cc:337:slice$10013 ($_DFFE_PP_) from module core_pnr_probe (D = \core.accumulator[0] [15], Q = \core.logits[2] [15], rval = 1'0).
Adding SRST signal on $auto$ff.cc:337:slice$10014 ($_DFFE_PP_) from module core_pnr_probe (D = \core.accumulator[0] [16], Q = \core.logits[2] [16], rval = 1'0).
Adding SRST signal on $auto$ff.cc:337:slice$10015 ($_DFFE_PP_) from module core_pnr_probe (D = \core.accumulator[0] [17], Q = \core.logits[2] [17], rval = 1'0).
Adding SRST signal on $auto$ff.cc:337:slice$10016 ($_DFFE_PP_) from module core_pnr_probe (D = \core.accumulator[0] [18], Q = \core.logits[2] [18], rval = 1'0).
Adding SRST signal on $auto$ff.cc:337:slice$10017 ($_DFFE_PP_) from module core_pnr_probe (D = \core.accumulator[0] [19], Q = \core.logits[2] [19], rval = 1'0).
Adding SRST signal on $auto$ff.cc:337:slice$10018 ($_DFFE_PP_) from module core_pnr_probe (D = \core.accumulator[0] [20], Q = \core.logits[2] [20], rval = 1'0).
Adding SRST signal on $auto$ff.cc:337:slice$10019 ($_DFFE_PP_) from module core_pnr_probe (D = \core.accumulator[0] [21], Q = \core.logits[2] [21], rval = 1'0).
Adding SRST signal on $auto$ff.cc:337:slice$10020 ($_DFFE_PP_) from module core_pnr_probe (D = \core.accumulator[0] [22], Q = \core.logits[2] [22], rval = 1'0).
Adding SRST signal on $auto$ff.cc:337:slice$10021 ($_DFFE_PP_) from module core_pnr_probe (D = \core.accumulator[0] [23], Q = \core.logits[2] [23], rval = 1'0).
Adding SRST signal on $auto$ff.cc:337:slice$10022 ($_DFFE_PP_) from module core_pnr_probe (D = \core.accumulator[0] [24], Q = \core.logits[2] [24], rval = 1'0).
Adding SRST signal on $auto$ff.cc:337:slice$10023 ($_DFFE_PP_) from module core_pnr_probe (D = \core.accumulator[0] [25], Q = \core.logits[2] [25], rval = 1'0).
Adding SRST signal on $auto$ff.cc:337:slice$10024 ($_DFFE_PP_) from module core_pnr_probe (D = \core.accumulator[0] [26], Q = \core.logits[2] [26], rval = 1'0).
Adding SRST signal on $auto$ff.cc:337:slice$10025 ($_DFFE_PP_) from module core_pnr_probe (D = \core.accumulator[0] [27], Q = \core.logits[2] [27], rval = 1'0).
Adding SRST signal on $auto$ff.cc:337:slice$10026 ($_DFFE_PP_) from module core_pnr_probe (D = \core.accumulator[0] [28], Q = \core.logits[2] [28], rval = 1'0).
Adding SRST signal on $auto$ff.cc:337:slice$10027 ($_DFFE_PP_) from module core_pnr_probe (D = \core.accumulator[0] [29], Q = \core.logits[2] [29], rval = 1'0).
Adding SRST signal on $auto$ff.cc:337:slice$10028 ($_DFFE_PP_) from module core_pnr_probe (D = \core.accumulator[0] [30], Q = \core.logits[2] [30], rval = 1'0).

5.41.5. Executing OPT_CLEAN pass (remove unused cells and wires).
Finding unused cells or wires in module \core_pnr_probe..
Removed 112 unused cells and 14 unused wires.
<suppressed ~113 debug messages>

5.41.6. Rerunning OPT passes. (Removed registers in this run.)

5.41.7. Running ICE40 specific optimizations.

5.41.8. Executing OPT_EXPR pass (perform const folding).
Optimizing module core_pnr_probe.

5.41.9. Executing OPT_MERGE pass (detect identical cells).
Finding identical cells in module `\core_pnr_probe'.
Computing hashes of 5443 cells of `\core_pnr_probe'.
Finding duplicate cells in `\core_pnr_probe'.
Removed a total of 0 cells.

5.41.10. Executing OPT_DFF pass (perform DFF optimizations).

5.41.11. Executing OPT_CLEAN pass (remove unused cells and wires).
Finding unused cells or wires in module \core_pnr_probe..

5.41.12. Finished OPT passes. (There is nothing left to do.)

5.42. Executing DFFLEGALIZE pass (convert FFs and LATCHes to types supported by the target).

5.43. Executing TECHMAP pass (map to technology primitives).

5.43.1. Executing Verilog-2005 frontend: ./.tools/oss-cad-suite/libexec/../share/yosys/ice40/ff_map.v
Parsing Verilog input from `./.tools/oss-cad-suite/libexec/../share/yosys/ice40/ff_map.v' to AST representation.
Generating RTLIL representation for module `$_DFF_N_'.
Generating RTLIL representation for module `$_DFF_P_'.
Generating RTLIL representation for module `$_DFFE_NP_'.
Generating RTLIL representation for module `$_DFFE_PP_'.
Generating RTLIL representation for module `$_DFF_NP0_'.
Generating RTLIL representation for module `$_DFF_NP1_'.
Generating RTLIL representation for module `$_DFF_PP0_'.
Generating RTLIL representation for module `$_DFF_PP1_'.
Generating RTLIL representation for module `$_DFFE_NP0P_'.
Generating RTLIL representation for module `$_DFFE_NP1P_'.
Generating RTLIL representation for module `$_DFFE_PP0P_'.
Generating RTLIL representation for module `$_DFFE_PP1P_'.
Generating RTLIL representation for module `$_SDFF_NP0_'.
Generating RTLIL representation for module `$_SDFF_NP1_'.
Generating RTLIL representation for module `$_SDFF_PP0_'.
Generating RTLIL representation for module `$_SDFF_PP1_'.
Generating RTLIL representation for module `$_SDFFCE_NP0P_'.
Generating RTLIL representation for module `$_SDFFCE_NP1P_'.
Generating RTLIL representation for module `$_SDFFCE_PP0P_'.
Generating RTLIL representation for module `$_SDFFCE_PP1P_'.
Successfully finished Verilog frontend.

5.43.2. Continuing TECHMAP pass.
Using template $_SDFFCE_PP0P_ for cells of type $_SDFFCE_PP0P_.
Using template $_SDFF_PP1_ for cells of type $_SDFF_PP1_.
Using template $_SDFF_PP0_ for cells of type $_SDFF_PP0_.
Using template $_DFF_P_ for cells of type $_DFF_P_.
Using template $_DFFE_PP_ for cells of type $_DFFE_PP_.
No more expansions possible.
<suppressed ~1066 debug messages>

5.44. Executing OPT_EXPR pass (perform const folding).
Optimizing module core_pnr_probe.

5.45. Executing SIMPLEMAP pass (map simple cells to gate primitives).
Mapping core_pnr_probe.$auto$alumacc.cc:548:replace_alu$8572.slice[0].carry ($lut).
Mapping core_pnr_probe.$auto$alumacc.cc:548:replace_alu$8587.slice[0].carry ($lut).
Mapping core_pnr_probe.$auto$alumacc.cc:548:replace_alu$8593.slice[33].carry ($lut).
Mapping core_pnr_probe.$auto$alumacc.cc:548:replace_alu$8599.slice[0].carry ($lut).
Mapping core_pnr_probe.$auto$alumacc.cc:548:replace_alu$8602.slice[0].carry ($lut).
Mapping core_pnr_probe.$auto$alumacc.cc:548:replace_alu$8605.slice[0].carry ($lut).
Mapping core_pnr_probe.$auto$alumacc.cc:548:replace_alu$8619.slice[0].carry ($lut).
Mapping core_pnr_probe.$auto$alumacc.cc:548:replace_alu$8622.slice[4].carry ($lut).
Mapping core_pnr_probe.$auto$alumacc.cc:548:replace_alu$8631.slice[0].carry ($lut).
Mapping core_pnr_probe.$auto$alumacc.cc:548:replace_alu$8631.slice[7].carry ($lut).
Mapping core_pnr_probe.$auto$alumacc.cc:548:replace_alu$8637.slice[0].carry ($lut).
Mapping core_pnr_probe.$auto$alumacc.cc:548:replace_alu$8640.slice[0].carry ($lut).
Mapping core_pnr_probe.$auto$alumacc.cc:548:replace_alu$8643.slice[0].carry ($lut).
Mapping core_pnr_probe.$auto$alumacc.cc:548:replace_alu$8646.slice[0].carry ($lut).
Mapping core_pnr_probe.$auto$alumacc.cc:548:replace_alu$8649.slice[0].carry ($lut).
Mapping core_pnr_probe.$auto$alumacc.cc:548:replace_alu$8652.slice[0].carry ($lut).
Mapping core_pnr_probe.$auto$alumacc.cc:548:replace_alu$8655.slice[0].carry ($lut).
Mapping core_pnr_probe.$auto$alumacc.cc:548:replace_alu$8658.slice[0].carry ($lut).
Mapping core_pnr_probe.$auto$alumacc.cc:548:replace_alu$8673.slice[0].carry ($lut).
Mapping core_pnr_probe.$auto$alumacc.cc:548:replace_alu$8685.slice[0].carry ($lut).
Mapping core_pnr_probe.$auto$alumacc.cc:548:replace_alu$8688.slice[7].carry ($lut).
Mapping core_pnr_probe.$auto$alumacc.cc:548:replace_alu$8694.slice[0].carry ($lut).
Mapping core_pnr_probe.$auto$alumacc.cc:548:replace_alu$8694.slice[15].carry ($lut).
Mapping core_pnr_probe.$auto$opt_expr.cc:1942:replace_const_cells$9305.slice[0].carry ($lut).
Mapping core_pnr_probe.$auto$opt_expr.cc:1942:replace_const_cells$9305.slice[13].carry ($lut).
Mapping core_pnr_probe.$auto$opt_expr.cc:1942:replace_const_cells$9305.slice[14].carry ($lut).

5.46. Executing ICE40_OPT pass (performing simple optimizations).

5.46.1. Running ICE40 specific optimizations.

5.46.2. Executing OPT_EXPR pass (perform const folding).
Optimizing module core_pnr_probe.
<suppressed ~610 debug messages>

5.46.3. Executing OPT_MERGE pass (detect identical cells).
Finding identical cells in module `\core_pnr_probe'.
Computing hashes of 6181 cells of `\core_pnr_probe'.
Finding duplicate cells in `\core_pnr_probe'.
Computing hashes of 5448 cells of `\core_pnr_probe'.
Finding duplicate cells in `\core_pnr_probe'.
<suppressed ~2199 debug messages>
Removed a total of 733 cells.

5.46.4. Executing OPT_DFF pass (perform DFF optimizations).

5.46.5. Executing OPT_CLEAN pass (remove unused cells and wires).
Finding unused cells or wires in module \core_pnr_probe..
Removed 0 unused cells and 6715 unused wires.
<suppressed ~1 debug messages>

5.46.6. Rerunning OPT passes. (Removed registers in this run.)

5.46.7. Running ICE40 specific optimizations.

5.46.8. Executing OPT_EXPR pass (perform const folding).
Optimizing module core_pnr_probe.

5.46.9. Executing OPT_MERGE pass (detect identical cells).
Finding identical cells in module `\core_pnr_probe'.
Computing hashes of 5448 cells of `\core_pnr_probe'.
Finding duplicate cells in `\core_pnr_probe'.
Removed a total of 0 cells.

5.46.10. Executing OPT_DFF pass (perform DFF optimizations).

5.46.11. Executing OPT_CLEAN pass (remove unused cells and wires).
Finding unused cells or wires in module \core_pnr_probe..

5.46.12. Finished OPT passes. (There is nothing left to do.)

5.47. Executing CHECK pass (checking for obvious problems).
Checking module core_pnr_probe...
Found and reported 0 problems.

5.48. Executing TECHMAP pass (map to technology primitives).

5.48.1. Executing Verilog-2005 frontend: ./.tools/oss-cad-suite/libexec/../share/yosys/ice40/latches_map.v
Parsing Verilog input from `./.tools/oss-cad-suite/libexec/../share/yosys/ice40/latches_map.v' to AST representation.
Generating RTLIL representation for module `$_DLATCH_N_'.
Generating RTLIL representation for module `$_DLATCH_P_'.
Successfully finished Verilog frontend.

5.48.2. Continuing TECHMAP pass.
No more expansions possible.
<suppressed ~4 debug messages>

5.49. Executing Verilog-2005 frontend: ./.tools/oss-cad-suite/libexec/../share/yosys/ice40/abc9_model.v
Parsing Verilog input from `./.tools/oss-cad-suite/libexec/../share/yosys/ice40/abc9_model.v' to AST representation.
Generating RTLIL representation for module `$__ICE40_CARRY_WRAPPER'.
Successfully finished Verilog frontend.

5.50. Executing ABC9 pass.

5.50.1. Executing ABC9_OPS pass (helper functions for ABC9).

5.50.2. Executing ABC9_OPS pass (helper functions for ABC9).

5.50.3. Executing SCC pass (detecting logic loops).
Found 0 SCCs in module core_pnr_probe.
Found 0 SCCs.

5.50.4. Executing ABC9_OPS pass (helper functions for ABC9).

5.50.5. Executing TECHMAP pass (map to technology primitives).

5.50.5.1. Executing Verilog-2005 frontend: ./.tools/oss-cad-suite/libexec/../share/yosys/techmap.v
Parsing Verilog input from `./.tools/oss-cad-suite/libexec/../share/yosys/techmap.v' to AST representation.
Generating RTLIL representation for module `\_90_simplemap_bool_ops'.
Generating RTLIL representation for module `\_90_simplemap_reduce_ops'.
Generating RTLIL representation for module `\_90_simplemap_logic_ops'.
Generating RTLIL representation for module `\_90_simplemap_compare_ops'.
Generating RTLIL representation for module `\_90_simplemap_various'.
Generating RTLIL representation for module `\_90_simplemap_registers'.
Generating RTLIL representation for module `\_90_shift_ops_shr_shl_sshl_sshr'.
Generating RTLIL representation for module `\_90_shift_shiftx'.
Generating RTLIL representation for module `\_90_fa'.
Generating RTLIL representation for module `\_90_lcu_brent_kung'.
Generating RTLIL representation for module `\_90_alu'.
Generating RTLIL representation for module `\_90_macc'.
Generating RTLIL representation for module `\_90_alumacc'.
Generating RTLIL representation for module `$__div_mod_u'.
Generating RTLIL representation for module `$__div_mod_trunc'.
Generating RTLIL representation for module `\_90_div'.
Generating RTLIL representation for module `\_90_mod'.
Generating RTLIL representation for module `$__div_mod_floor'.
Generating RTLIL representation for module `\_90_divfloor'.
Generating RTLIL representation for module `\_90_modfloor'.
Generating RTLIL representation for module `\_90_pow'.
Generating RTLIL representation for module `\_90_demux'.
Generating RTLIL representation for module `\_90_lut'.
Generating RTLIL representation for module `$connect'.
Generating RTLIL representation for module `$input_port'.
Successfully finished Verilog frontend.

5.50.5.2. Continuing TECHMAP pass.
No more expansions possible.
<suppressed ~136 debug messages>

5.50.6. Executing OPT pass (performing simple optimizations).

5.50.6.1. Executing OPT_EXPR pass (perform const folding).

5.50.6.2. Executing OPT_MERGE pass (detect identical cells).
Removed a total of 0 cells.

5.50.6.3. Executing OPT_MUXTREE pass (detect dead branches in mux trees).
Removed 0 multiplexer ports.

5.50.6.4. Executing OPT_REDUCE pass (consolidate $*mux and $reduce_* inputs).
Performed a total of 0 changes.

5.50.6.5. Executing OPT_MERGE pass (detect identical cells).
Removed a total of 0 cells.

5.50.6.6. Executing OPT_DFF pass (perform DFF optimizations).

5.50.6.7. Executing OPT_CLEAN pass (remove unused cells and wires).

5.50.6.8. Executing OPT_EXPR pass (perform const folding).

5.50.6.9. Finished fast OPT passes. (There is nothing left to do.)

5.50.7. Executing TECHMAP pass (map to technology primitives).

5.50.7.1. Executing Verilog-2005 frontend: ./.tools/oss-cad-suite/libexec/../share/yosys/abc9_map.v
Parsing Verilog input from `./.tools/oss-cad-suite/libexec/../share/yosys/abc9_map.v' to AST representation.
Successfully finished Verilog frontend.

5.50.7.2. Continuing TECHMAP pass.
No more expansions possible.
<suppressed ~2 debug messages>

5.50.8. Executing Verilog-2005 frontend: ./.tools/oss-cad-suite/libexec/../share/yosys/abc9_model.v
Parsing Verilog input from `./.tools/oss-cad-suite/libexec/../share/yosys/abc9_model.v' to AST representation.
Generating RTLIL representation for module `$__ABC9_DELAY'.
Generating RTLIL representation for module `$__ABC9_SCC_BREAKER'.
Generating RTLIL representation for module `$__DFF_N__$abc9_flop'.
Generating RTLIL representation for module `$__DFF_P__$abc9_flop'.
Successfully finished Verilog frontend.

5.50.9. Executing ABC9_OPS pass (helper functions for ABC9).
<suppressed ~2975 debug messages>

5.50.10. Executing ABC9_OPS pass (helper functions for ABC9).

5.50.11. Executing ABC9_OPS pass (helper functions for ABC9).
<suppressed ~2 debug messages>

5.50.12. Executing TECHMAP pass (map to technology primitives).

5.50.12.1. Executing Verilog-2005 frontend: ./.tools/oss-cad-suite/libexec/../share/yosys/techmap.v
Parsing Verilog input from `./.tools/oss-cad-suite/libexec/../share/yosys/techmap.v' to AST representation.
Generating RTLIL representation for module `\_90_simplemap_bool_ops'.
Generating RTLIL representation for module `\_90_simplemap_reduce_ops'.
Generating RTLIL representation for module `\_90_simplemap_logic_ops'.
Generating RTLIL representation for module `\_90_simplemap_compare_ops'.
Generating RTLIL representation for module `\_90_simplemap_various'.
Generating RTLIL representation for module `\_90_simplemap_registers'.
Generating RTLIL representation for module `\_90_shift_ops_shr_shl_sshl_sshr'.
Generating RTLIL representation for module `\_90_shift_shiftx'.
Generating RTLIL representation for module `\_90_fa'.
Generating RTLIL representation for module `\_90_lcu_brent_kung'.
Generating RTLIL representation for module `\_90_alu'.
Generating RTLIL representation for module `\_90_macc'.
Generating RTLIL representation for module `\_90_alumacc'.
Generating RTLIL representation for module `$__div_mod_u'.
Generating RTLIL representation for module `$__div_mod_trunc'.
Generating RTLIL representation for module `\_90_div'.
Generating RTLIL representation for module `\_90_mod'.
Generating RTLIL representation for module `$__div_mod_floor'.
Generating RTLIL representation for module `\_90_divfloor'.
Generating RTLIL representation for module `\_90_modfloor'.
Generating RTLIL representation for module `\_90_pow'.
Generating RTLIL representation for module `\_90_demux'.
Generating RTLIL representation for module `\_90_lut'.
Generating RTLIL representation for module `$connect'.
Generating RTLIL representation for module `$input_port'.
Successfully finished Verilog frontend.

5.50.12.2. Continuing TECHMAP pass.
Using template $paramod$__ICE40_CARRY_WRAPPER\LUT=16'0110100110010110\I3_IS_CI=1'1 for cells of type $paramod$__ICE40_CARRY_WRAPPER\LUT=16'0110100110010110\I3_IS_CI=1'1.
Using template SB_CARRY for cells of type SB_CARRY.
Using template $paramod\SB_LUT4\LUT_INIT=16'0110100110010110 for cells of type SB_LUT4.
Using extmapper simplemap for cells of type $mux.
Using extmapper simplemap for cells of type $logic_or.
Using extmapper simplemap for cells of type $logic_and.
No more expansions possible.
<suppressed ~162 debug messages>

5.50.13. Executing OPT pass (performing simple optimizations).

5.50.13.1. Executing OPT_EXPR pass (perform const folding).
Optimizing module core_pnr_probe.
<suppressed ~4 debug messages>

5.50.13.2. Executing OPT_MERGE pass (detect identical cells).
Finding identical cells in module `\core_pnr_probe'.
Computing hashes of 30 cells of `\core_pnr_probe'.
Finding duplicate cells in `\core_pnr_probe'.
Computing hashes of 20 cells of `\core_pnr_probe'.
Finding duplicate cells in `\core_pnr_probe'.
Computing hashes of 18 cells of `\core_pnr_probe'.
Finding duplicate cells in `\core_pnr_probe'.
<suppressed ~29 debug messages>
Removed a total of 12 cells.

5.50.13.3. Executing OPT_MUXTREE pass (detect dead branches in mux trees).
Running muxtree optimizer on module \core_pnr_probe..
  Creating internal representation of mux trees.
  No muxes found in this module.
Removed 0 multiplexer ports.

5.50.13.4. Executing OPT_REDUCE pass (consolidate $*mux and $reduce_* inputs).
  Optimizing cells in module \core_pnr_probe.
Performed a total of 0 changes.

5.50.13.5. Executing OPT_MERGE pass (detect identical cells).
Finding identical cells in module `\core_pnr_probe'.
Computing hashes of 18 cells of `\core_pnr_probe'.
Finding duplicate cells in `\core_pnr_probe'.
Removed a total of 0 cells.

5.50.13.6. Executing OPT_DFF pass (perform DFF optimizations).

5.50.13.7. Executing OPT_CLEAN pass (remove unused cells and wires).
Finding unused cells or wires in module \core_pnr_probe..
Removed 0 unused cells and 24 unused wires.
<suppressed ~1 debug messages>

5.50.13.8. Executing OPT_EXPR pass (perform const folding).
Optimizing module core_pnr_probe.

5.50.13.9. Rerunning OPT passes. (Maybe there is more to do..)

5.50.13.10. Executing OPT_MUXTREE pass (detect dead branches in mux trees).
Running muxtree optimizer on module \core_pnr_probe..
  Creating internal representation of mux trees.
  No muxes found in this module.
Removed 0 multiplexer ports.

5.50.13.11. Executing OPT_REDUCE pass (consolidate $*mux and $reduce_* inputs).
  Optimizing cells in module \core_pnr_probe.
Performed a total of 0 changes.

5.50.13.12. Executing OPT_MERGE pass (detect identical cells).
Finding identical cells in module `\core_pnr_probe'.
Computing hashes of 18 cells of `\core_pnr_probe'.
Finding duplicate cells in `\core_pnr_probe'.
Removed a total of 0 cells.

5.50.13.13. Executing OPT_DFF pass (perform DFF optimizations).

5.50.13.14. Executing OPT_CLEAN pass (remove unused cells and wires).
Finding unused cells or wires in module \core_pnr_probe..

5.50.13.15. Executing OPT_EXPR pass (perform const folding).
Optimizing module core_pnr_probe.

5.50.13.16. Finished fast OPT passes. (There is nothing left to do.)

5.50.14. Executing AIGMAP pass (map logic to AIG).
Module core_pnr_probe: replaced 7 cells with 43 new cells, skipped 11 cells.
  replaced 2 cell types:
       5 $_MUX_
       2 $_OR_
  not replaced 3 cell types:
       2 $_AND_
       1 $_NOT_
       8 $specify2

5.50.15. Executing AIGMAP pass (map logic to AIG).
Module core_pnr_probe: replaced 2196 cells with 13275 new cells, skipped 6225 cells.
  replaced 3 cell types:
    1034 $_MUX_
     699 $_OR_
     463 $_XOR_
  not replaced 24 cell types:
     896 $_AND_
     380 $_NOT_
       3 $scopeinfo
       1 SB_MAC16
      81 SB_DFF
     136 SB_DFFE
      75 SB_DFFSR
       2 SB_DFFSS
     750 SB_DFFESR
      19 $paramod$__ABC9_DELAY\DELAY=32'00000000000000000000000010000101
     304 $paramod$__ABC9_DELAY\DELAY=32'00000000000000000000000010100001
     209 $paramod$__ABC9_DELAY\DELAY=32'00000000000000000000000011100000
      19 $paramod$__ABC9_DELAY\DELAY=32'00000000000000000000000001100010
      38 $paramod$__ABC9_DELAY\DELAY=32'00000000000000000000000100001011
     304 $paramod$__ABC9_DELAY\DELAY=32'00000000000000000000000100010010
    1044 $paramod$__ABC9_DELAY\DELAY=32'00000000000000000000000000010101
      12 $paramod$85a472072107804a1e6bedb8b52fb3de6104e462\SB_RAM40_4K
       2 $paramod$65b9e5893759870fd62e6b87dc6ba151fdc97e95\SB_RAM40_4K
       1 $paramod$06430a77226991d2435afb8f1f5f935c77fddd44\SB_RAM40_4K
       1 $paramod$cd49893e2f8024890a6b7d612ea715d2bed7e7a9\SB_RAM40_4K
       1 $paramod$cb97aa3e5c8e0a4ae1d9f4112cf58257b61503b7\SB_RAM40_4K
       2 $paramod$ba68a0420314c29d51ab7ddbd2ec9361aa29f018\SB_RAM40_4K
    1036 $paramod$__ABC9_DELAY\DELAY=32'00000000000000000000000011001011
     909 $paramod$__ICE40_CARRY_WRAPPER\LUT=16'0110100110010110\I3_IS_CI=1'1

5.50.15.1. Executing ABC9_OPS pass (helper functions for ABC9).

5.50.15.2. Executing ABC9_OPS pass (helper functions for ABC9).

5.50.15.3. Executing XAIGER backend.
<suppressed ~1359 debug messages>
Extracted 6086 AND gates and 21185 wires from module `core_pnr_probe' to a netlist network with 1228 inputs and 3046 outputs.

5.50.15.4. Executing ABC9_EXE pass (technology mapping using ABC9).

5.50.15.5. Executing ABC9.
Running ABC command: "<yosys-exe-dir>/yosys-abc" -s -f <abc-temp-dir>/abc.script 2>&1
ABC: ======== ABC command line "source <abc-temp-dir>/abc.script"
ABC: + read_lut <abc-temp-dir>/input.lut 
ABC: + read_box <abc-temp-dir>/input.box 
ABC: + &read <abc-temp-dir>/input.xaig 
ABC: + &ps 
ABC: <abc-temp-dir>/input : i/o =   1228/   3046  and =    5260  lev =   20 (0.79)  mem = 0.31 MB  box = 3882  bb = 2973
ABC: Warning: AIG with boxes has internal fanout in 0 complex flops and 12 carries.
ABC: + &scorr 
ABC: Warning: The network is combinational.
ABC: + &sweep 
ABC: + &dc2 
ABC: + &dch -f -r 
ABC: + &ps 
ABC: <abc-temp-dir>/input : i/o =   1228/   3046  and =    7223  lev =   29 (0.71)  mem = 0.33 MB  ch = 1033  box = 3828  bb = 2973
ABC: cst =       0  cls =    909  lit =    1033  unused =   11192  proof =     0
ABC: Warning: AIG with boxes has internal fanout in 0 complex flops and 5 carries.
ABC: + &if -W 250 -v 
ABC: K = 4. Memory (bytes): Truth =    0. Cut =   64. Obj =  144. Set =  672. CutMin = no
ABC: Node =    7223.  Ch =   909.  Total mem =    3.57 MB. Peak cut mem =    0.08 MB.
ABC: P:  Del = 9418.00.  Ar =    1831.0.  Edge =     6433.  Cut =    44981.  T =     0.00 sec
ABC: P:  Del = 9418.00.  Ar =    1696.0.  Edge =     6238.  Cut =    43054.  T =     0.00 sec
ABC: P:  Del = 9418.00.  Ar =    1517.0.  Edge =     4884.  Cut =    46158.  T =     0.00 sec
ABC: F:  Del = 9418.00.  Ar =    1401.0.  Edge =     4674.  Cut =    46392.  T =     0.00 sec
ABC: A:  Del = 9418.00.  Ar =    1368.0.  Edge =     4500.  Cut =    47544.  T =     0.01 sec
ABC: A:  Del = 9418.00.  Ar =    1365.0.  Edge =     4497.  Cut =    47621.  T =     0.01 sec
ABC: Total time =     0.03 sec
ABC: + &write -n <abc-temp-dir>/output.aig 
ABC: + &mfs 
ABC: + &ps -l 
ABC: <abc-temp-dir>/input : i/o =   1228/   3046  and =    4673  lev =   26 (0.69)  mem = 0.30 MB  box = 3786  bb = 2973
ABC: Mapping (K=4)  :  lut =   1289  edge =    4181  lev =   12 (0.51)  levB =   50  mem = 0.10 MB
ABC: LUT = 1289 : 2=251 19.5 %  3=473 36.7 %  4=565 43.8 %  Ave = 3.24
ABC: Warning: AIG with boxes has internal fanout in 0 complex flops and 1 carries.
ABC: + &write -n <abc-temp-dir>/output.aig 
ABC: + &verify 
ABC: Networks are equivalent.  Time =     0.15 sec
ABC: + time 
ABC: elapse: 0.94 seconds, total: 0.94 seconds

5.50.15.6. Executing AIGER frontend.
<suppressed ~11 debug messages>
Removed 7543 unused cells and 23454 unused wires.

5.50.15.7. Executing ABC_OPS_REINTEGRATE pass (reintegrate ABC mapped design into module).
ABC RESULTS:              $lut cells:     1417
ABC RESULTS:   $paramod$__ICE40_CARRY_WRAPPER\LUT=16'0110100110010110\I3_IS_CI=1'1 cells:      813
ABC RESULTS:           input signals:       93
ABC RESULTS:          output signals:     3016
<suppressed ~8644 debug messages>
Removing temp directory.

5.50.16. Executing TECHMAP pass (map to technology primitives).

5.50.16.1. Executing Verilog-2005 frontend: ./.tools/oss-cad-suite/libexec/../share/yosys/abc9_unmap.v
Parsing Verilog input from `./.tools/oss-cad-suite/libexec/../share/yosys/abc9_unmap.v' to AST representation.
Generating RTLIL representation for module `$__DFF_x__$abc9_flop'.
Generating RTLIL representation for module `$__ABC9_SCC_BREAKER'.
Successfully finished Verilog frontend.

5.50.16.2. Continuing TECHMAP pass.
Using template $paramod$__ICE40_CARRY_WRAPPER\LUT=16'0110100110010110\I3_IS_CI=1'1 for cells of type $paramod$__ICE40_CARRY_WRAPPER\LUT=16'0110100110010110\I3_IS_CI=1'1.
Using template $paramod$cb97aa3e5c8e0a4ae1d9f4112cf58257b61503b7\SB_RAM40_4K for cells of type $paramod$cb97aa3e5c8e0a4ae1d9f4112cf58257b61503b7\SB_RAM40_4K.
Using template $paramod$06430a77226991d2435afb8f1f5f935c77fddd44\SB_RAM40_4K for cells of type $paramod$06430a77226991d2435afb8f1f5f935c77fddd44\SB_RAM40_4K.
Using template $paramod$65b9e5893759870fd62e6b87dc6ba151fdc97e95\SB_RAM40_4K for cells of type $paramod$65b9e5893759870fd62e6b87dc6ba151fdc97e95\SB_RAM40_4K.
Using template $paramod$85a472072107804a1e6bedb8b52fb3de6104e462\SB_RAM40_4K for cells of type $paramod$85a472072107804a1e6bedb8b52fb3de6104e462\SB_RAM40_4K.
Using template $paramod$cd49893e2f8024890a6b7d612ea715d2bed7e7a9\SB_RAM40_4K for cells of type $paramod$cd49893e2f8024890a6b7d612ea715d2bed7e7a9\SB_RAM40_4K.
Using template $paramod$ba68a0420314c29d51ab7ddbd2ec9361aa29f018\SB_RAM40_4K for cells of type $paramod$ba68a0420314c29d51ab7ddbd2ec9361aa29f018\SB_RAM40_4K.
No more expansions possible.
<suppressed ~844 debug messages>

5.51. Executing ICE40_WRAPCARRY pass (wrap carries).

5.52. Executing TECHMAP pass (map to technology primitives).

5.52.1. Executing Verilog-2005 frontend: ./.tools/oss-cad-suite/libexec/../share/yosys/ice40/ff_map.v
Parsing Verilog input from `./.tools/oss-cad-suite/libexec/../share/yosys/ice40/ff_map.v' to AST representation.
Generating RTLIL representation for module `$_DFF_N_'.
Generating RTLIL representation for module `$_DFF_P_'.
Generating RTLIL representation for module `$_DFFE_NP_'.
Generating RTLIL representation for module `$_DFFE_PP_'.
Generating RTLIL representation for module `$_DFF_NP0_'.
Generating RTLIL representation for module `$_DFF_NP1_'.
Generating RTLIL representation for module `$_DFF_PP0_'.
Generating RTLIL representation for module `$_DFF_PP1_'.
Generating RTLIL representation for module `$_DFFE_NP0P_'.
Generating RTLIL representation for module `$_DFFE_NP1P_'.
Generating RTLIL representation for module `$_DFFE_PP0P_'.
Generating RTLIL representation for module `$_DFFE_PP1P_'.
Generating RTLIL representation for module `$_SDFF_NP0_'.
Generating RTLIL representation for module `$_SDFF_NP1_'.
Generating RTLIL representation for module `$_SDFF_PP0_'.
Generating RTLIL representation for module `$_SDFF_PP1_'.
Generating RTLIL representation for module `$_SDFFCE_NP0P_'.
Generating RTLIL representation for module `$_SDFFCE_NP1P_'.
Generating RTLIL representation for module `$_SDFFCE_PP0P_'.
Generating RTLIL representation for module `$_SDFFCE_PP1P_'.
Successfully finished Verilog frontend.

5.52.2. Continuing TECHMAP pass.
No more expansions possible.
<suppressed ~22 debug messages>
Removed 657 unused cells and 28544 unused wires.

5.53. Executing OPT_LUT pass (optimize LUTs).
Discovering LUTs.
Number of LUTs:     1909
  1-LUT              128
  2-LUT              284
  3-LUT              932
  4-LUT              565
  with \SB_CARRY    (#0)  454
  with \SB_CARRY    (#1)  468

Eliminating LUTs.
Number of LUTs:     1909
  1-LUT              128
  2-LUT              284
  3-LUT              932
  4-LUT              565
  with \SB_CARRY    (#0)  454
  with \SB_CARRY    (#1)  468

Combining LUTs.
Number of LUTs:     1853
  1-LUT              126
  2-LUT              224
  3-LUT              897
  4-LUT              606
  with \SB_CARRY    (#0)  454
  with \SB_CARRY    (#1)  468

Eliminated 0 LUTs.
Combined 56 LUTs.
<suppressed ~11582 debug messages>

5.54. Executing TECHMAP pass (map to technology primitives).

5.54.1. Executing Verilog-2005 frontend: ./.tools/oss-cad-suite/libexec/../share/yosys/ice40/cells_map.v
Parsing Verilog input from `./.tools/oss-cad-suite/libexec/../share/yosys/ice40/cells_map.v' to AST representation.
Generating RTLIL representation for module `$lut'.
Successfully finished Verilog frontend.

5.54.2. Continuing TECHMAP pass.
Using template $paramod$fd904e9e35cfd343a9df248824bd3f1408724879$lut for cells of type $lut.
Using template $paramod$lut\WIDTH=32'00000000000000000000000000000001\LUT=2'01 for cells of type $lut.
Using template $paramod$lut\WIDTH=32'00000000000000000000000000000010\LUT=4'0100 for cells of type $lut.
Using template $paramod$lut\WIDTH=32'00000000000000000000000000000011\LUT=8'00100000 for cells of type $lut.
Using template $paramod$9d707d218adbd63b6f9a0c79d7ee037306fb6296$lut for cells of type $lut.
Using template $paramod$lut\WIDTH=32'00000000000000000000000000000010\LUT=4'0001 for cells of type $lut.
Using template $paramod$lut\WIDTH=32'00000000000000000000000000000011\LUT=8'00010000 for cells of type $lut.
Using template $paramod$lut\WIDTH=32'00000000000000000000000000000010\LUT=4'1000 for cells of type $lut.
Using template $paramod$lut\WIDTH=32'00000000000000000000000000000011\LUT=8'10000000 for cells of type $lut.
Using template $paramod$a59507d273cd827eb6c46c37820d50a1b717efdf$lut for cells of type $lut.
Using template $paramod$6d6beead1425af15cf78b27fd9b11b41b5d4bce8$lut for cells of type $lut.
Using template $paramod$0de052767abdccc3aefc818722bdc3c7850d25d6$lut for cells of type $lut.
Using template $paramod$658b9ed803f0d3d335616d3858b53e0a2522f1e8$lut for cells of type $lut.
Using template $paramod$272652f6c6fbe9a75eff76e45cc7e2788835518b$lut for cells of type $lut.
Using template $paramod$lut\WIDTH=32'00000000000000000000000000000011\LUT=8'00000001 for cells of type $lut.
Using template $paramod$lut\WIDTH=32'00000000000000000000000000000010\LUT=4'0010 for cells of type $lut.
Using template $paramod$66caeb00a39d236782a97659e3bd99621b74681b$lut for cells of type $lut.
Using template $paramod$dbdbcb07b9994e498bb1324e5c006c6aa08a7a37$lut for cells of type $lut.
Using template $paramod$lut\WIDTH=32'00000000000000000000000000000011\LUT=8'11100000 for cells of type $lut.
Using template $paramod$6e238df02989b317f10820a22773676e71120644$lut for cells of type $lut.
Using template $paramod$50553883f7129e2c40d43536f60abe333980734a$lut for cells of type $lut.
Using template $paramod$497e0cbc82b1309c608871dfc99c744090a076e3$lut for cells of type $lut.
Using template $paramod$lut\WIDTH=32'00000000000000000000000000000011\LUT=8'00001011 for cells of type $lut.
Using template $paramod$b93d1ea7a612a32c185108f67a153d44ffb9aac2$lut for cells of type $lut.
Using template $paramod$lut\WIDTH=32'00000000000000000000000000000011\LUT=8'00001101 for cells of type $lut.
Using template $paramod$2d07c1a6c53c7b878509360922c4fa5ebedc3011$lut for cells of type $lut.
Using template $paramod$lut\WIDTH=32'00000000000000000000000000000011\LUT=8'10110000 for cells of type $lut.
Using template $paramod$571404c0889eaf57f492cb5e37f8acb5df5852f9$lut for cells of type $lut.
Using template $paramod$lut\WIDTH=32'00000000000000000000000000000010\LUT=4'1001 for cells of type $lut.
Using template $paramod$lut\WIDTH=32'00000000000000000000000000000011\LUT=8'10010000 for cells of type $lut.
Using template $paramod$df196ed0a1da5c4a58c5e08a1dac304fd3fccaab$lut for cells of type $lut.
Using template $paramod$b86b68a00733dbecb31d58a14a13683475a2002a$lut for cells of type $lut.
Using template $paramod$43779580bfffd5d5a9f321249a174febf1dac288$lut for cells of type $lut.
Using template $paramod$992bdc10cff2c6edd722994f0e1044bc863f79f7$lut for cells of type $lut.
Using template $paramod$b4410865e8124402796f9dfbf73ef8d279fdbd08$lut for cells of type $lut.
Using template $paramod$65d5d5c1e01bf41ee659754efba932f3d99198e5$lut for cells of type $lut.
Using template $paramod$ba7c22fadfbf9ee7abcb895a21403114111dd201$lut for cells of type $lut.
Using template $paramod$c1a19a87ccbbb03d43a72335db63f692ddf82cc1$lut for cells of type $lut.
Using template $paramod$62bc475f369e7f2fa4cc791ed17346fb56dfe5ad$lut for cells of type $lut.
Using template $paramod$lut\WIDTH=32'00000000000000000000000000000011\LUT=8'01000000 for cells of type $lut.
Using template $paramod$8e7b1ec7df4c8852d827365421a6d41e55bd7752$lut for cells of type $lut.
Using template $paramod$e341ce0c1c1f6bfb9b936c514071063f6d3b091a$lut for cells of type $lut.
Using template $paramod$lut\WIDTH=32'00000000000000000000000000000011\LUT=8'11010000 for cells of type $lut.
Using template $paramod$88f0794a6a7d0205ab638822d510d6c8df7db2c6$lut for cells of type $lut.
Using template $paramod$65d5928f10d93820ad360cabb53aaf31b165496d$lut for cells of type $lut.
Using template $paramod$lut\WIDTH=32'00000000000000000000000000000011\LUT=8'10101100 for cells of type $lut.
Using template $paramod$lut\WIDTH=32'00000000000000000000000000000011\LUT=8'11001010 for cells of type $lut.
Using template $paramod$ef308990c346435401572d7efa33d421663b9793$lut for cells of type $lut.
Using template $paramod$lut\WIDTH=32'00000000000000000000000000000010\LUT=4'1011 for cells of type $lut.
Using template $paramod$lut\WIDTH=32'00000000000000000000000000000011\LUT=8'00000111 for cells of type $lut.
Using template $paramod$848d2b023321e0badae356e7259e2c767c32a546$lut for cells of type $lut.
Using template $paramod$8cac5452d526045503c5864c3a1dac0121c7053e$lut for cells of type $lut.
Using template $paramod$f412b25d8312610e1cabc77c2ec420975e9224b7$lut for cells of type $lut.
Using template $paramod$2f5933953e311dffe5861a53a77e08849a1c7767$lut for cells of type $lut.
Using template $paramod$1644affdabe7f65febd25ca1c4d1e050be54e54f$lut for cells of type $lut.
Using template $paramod$2b187743e9a5d701dd1d8451ad4fa986c1aea139$lut for cells of type $lut.
Using template $paramod$f6205ea4d16154fcc0de4d21dff0bd55a57f1ba0$lut for cells of type $lut.
Using template $paramod$lut\WIDTH=32'00000000000000000000000000000011\LUT=8'00101111 for cells of type $lut.
Using template $paramod$lut\WIDTH=32'00000000000000000000000000000011\LUT=8'11101111 for cells of type $lut.
Using template $paramod$lut\WIDTH=32'00000000000000000000000000000010\LUT=4'0111 for cells of type $lut.
Using template $paramod$e5e9da8fed769f971686eed8c5eea50e61f73aaa$lut for cells of type $lut.
Using template $paramod$lut\WIDTH=32'00000000000000000000000000000011\LUT=8'00000100 for cells of type $lut.
Using template $paramod$6fd8d7b95f8296a1a157dc83fba6a7866d57f281$lut for cells of type $lut.
Using template $paramod$lut\WIDTH=32'00000000000000000000000000000011\LUT=8'01010100 for cells of type $lut.
Using template $paramod$bcd0ec8486cd042d1327ec39d9c0f6f57473bc07$lut for cells of type $lut.
Using template $paramod$lut\WIDTH=32'00000000000000000000000000000011\LUT=8'10101000 for cells of type $lut.
Using template $paramod$lut\WIDTH=32'00000000000000000000000000000011\LUT=8'10111111 for cells of type $lut.
Using template $paramod$lut\WIDTH=32'00000000000000000000000000000011\LUT=8'10110100 for cells of type $lut.
Using template $paramod$lut\WIDTH=32'00000000000000000000000000000011\LUT=8'11100100 for cells of type $lut.
Using template $paramod$lut\WIDTH=32'00000000000000000000000000000011\LUT=8'01111000 for cells of type $lut.
Using template $paramod$lut\WIDTH=32'00000000000000000000000000000011\LUT=8'10001111 for cells of type $lut.
Using template $paramod$11ec7271d8e6e5aeaace08c13e4c601f10e31038$lut for cells of type $lut.
Using template $paramod$d35161d1d7976dcc02e7c7d51172431be85143b4$lut for cells of type $lut.
Using template $paramod$lut\WIDTH=32'00000000000000000000000000000010\LUT=4'1110 for cells of type $lut.
Using template $paramod$873c285bdccf0ac2b60d2304ea5cd14bf211d2a6$lut for cells of type $lut.
Using template $paramod$lut\WIDTH=32'00000000000000000000000000000011\LUT=8'11000100 for cells of type $lut.
Using template $paramod$c28a8b7ce0535d090c4cfb52e9c74affd52b110c$lut for cells of type $lut.
Using template $paramod$df6b12cebabc3b2db650658c5e894d03a346e968$lut for cells of type $lut.
Using template $paramod$fb5ee0bdef1c4e74aaf1fd8efae98b46a2f5e564$lut for cells of type $lut.
Using template $paramod$0d3ac82cf5b8a192d5ff4c23e3143360366ae882$lut for cells of type $lut.
Using template $paramod$aab54572d5ffecd31253b36e73e9cb718d05be34$lut for cells of type $lut.
Using template $paramod$bb4fff1cc3b827238aa40993cafede1c5beecbe3$lut for cells of type $lut.
Using template $paramod$f8f63b209b7230e81958663ff24fef1613156af7$lut for cells of type $lut.
Using template $paramod$78107355136c565d78c8ffe30e4a20f55dedc5b7$lut for cells of type $lut.
Using template $paramod$c5b694ec89d7629b942ccf6a9be1d39e24f8edec$lut for cells of type $lut.
Using template $paramod$234fd643079033ba0cbc98ff572df9b7b7a0dc86$lut for cells of type $lut.
Using template $paramod$lut\WIDTH=32'00000000000000000000000000000010\LUT=4'1101 for cells of type $lut.
Using template $paramod$7a0b348a7069d0c8f44afe945e212fcf3f3fd64c$lut for cells of type $lut.
Using template $paramod$e56b844598a30a3ee613ea512b44a2c5d3f4f625$lut for cells of type $lut.
Using template $paramod$912ca9a9e6d8c53a6b8bb0282d3fc1f628406b44$lut for cells of type $lut.
Using template $paramod$b45bd408e022071431e9cdef9f4acc7dde296829$lut for cells of type $lut.
Using template $paramod$7e3d8ac009723e554811ad53385162c0e6a41625$lut for cells of type $lut.
Using template $paramod$lut\WIDTH=32'00000000000000000000000000000011\LUT=8'01110000 for cells of type $lut.
Using template $paramod$5f2c184e719bd4e5fefb9f913b84bd9e97cd57c5$lut for cells of type $lut.
Using template $paramod$lut\WIDTH=32'00000000000000000000000000000011\LUT=8'10111010 for cells of type $lut.
Using template $paramod$d9f23974f72a3ab437d1a63d2f34fd3483a6f58d$lut for cells of type $lut.
Using template $paramod$lut\WIDTH=32'00000000000000000000000000000011\LUT=8'10111101 for cells of type $lut.
Using template $paramod$a50be0e6fa3a01511bb234559cb74fb8bd3e2061$lut for cells of type $lut.
Using template $paramod$29e6d4598488760861f6b73d2b7f65cb302fdcde$lut for cells of type $lut.
Using template $paramod$c285a96b8cfe187480d5bd207208cba3b693c5b1$lut for cells of type $lut.
Using template $paramod$4385b611926e5c0509dba4de58311d325da0ff0d$lut for cells of type $lut.
Using template $paramod$25003f26a78bb2f583f23824f1e0b8cc16b88761$lut for cells of type $lut.
Using template $paramod$d509ab8bc163fa416ab141bb255e98927a682905$lut for cells of type $lut.
Using template $paramod$be48d952fcad8a16b8d84daa4c48a3065f343e5e$lut for cells of type $lut.
Using template $paramod$d4489d511d07a94b6c531c63467f6e6b08ef27d7$lut for cells of type $lut.
Using template $paramod$965f8f2fa1a796a6c51222eabb50fbd26e97d98b$lut for cells of type $lut.
Using template $paramod$b1f01d1a6442cce30a958d756be8bbcf976f6dba$lut for cells of type $lut.
Using template $paramod$478be4716d73e3bdb7c74902ddf9505c0232d878$lut for cells of type $lut.
Using template $paramod$52c250f16473f8a04c6e3fa4b3eff06ebd3fa5f0$lut for cells of type $lut.
Using template $paramod$75fb11262110e5c04d9038ee94f8bf1b77bd4388$lut for cells of type $lut.
Using template $paramod$aef23e15e3277ce4ab125c45258c5a8ba83d6ccd$lut for cells of type $lut.
Using template $paramod$b87646248eed132054c1fb8e79acb8aac3112e10$lut for cells of type $lut.
Using template $paramod$lut\WIDTH=32'00000000000000000000000000000011\LUT=8'00000010 for cells of type $lut.
Using template $paramod$2955ab75367a3dc9d6f50d3655eebcd4f615031f$lut for cells of type $lut.
Using template $paramod$4a04dcf216c706676283da17eaefc7d39f6e420b$lut for cells of type $lut.
Using template $paramod$lut\WIDTH=32'00000000000000000000000000000011\LUT=8'00011111 for cells of type $lut.
Using template $paramod$7c085cdbf0919cd3ad402d9495d97f0d71e4db93$lut for cells of type $lut.
Using template $paramod$f405ee362848dd1a47c58160f854302f6ecf95ff$lut for cells of type $lut.
Using template $paramod$532c63bb93ad9825a64f17636ea86711283598f5$lut for cells of type $lut.
Using template $paramod$5bcf213545ceb6e5402f1cba529c501cefaf8231$lut for cells of type $lut.
Using template $paramod$b55a3b7e8f658a2e148f7d2a78c30bafdc7c70d8$lut for cells of type $lut.
Using template $paramod$ed5996fcb164b908842d4231e8c567036b9fa2f7$lut for cells of type $lut.
Using template $paramod$d82e93a145182530be2df4a1ac35318d87ba5995$lut for cells of type $lut.
Using template $paramod$7e59a15daa31a357c095ebf19fdc2db0531dbab3$lut for cells of type $lut.
Using template $paramod$e7a94187c10e532c12ef45bbeecdefd1af03022e$lut for cells of type $lut.
Using template $paramod$73c443500b7b133d34ea7585c58752be6c482a44$lut for cells of type $lut.
Using template $paramod$1276ad8945e618d54a45123581fcd981e90ea747$lut for cells of type $lut.
Using template $paramod$lut\WIDTH=32'00000000000000000000000000000011\LUT=8'01000101 for cells of type $lut.
Using template $paramod$lut\WIDTH=32'00000000000000000000000000000010\LUT=4'0110 for cells of type $lut.
Using template $paramod$lut\WIDTH=32'00000000000000000000000000000011\LUT=8'01000111 for cells of type $lut.
Using template $paramod$lut\WIDTH=32'00000000000000000000000000000011\LUT=8'00011011 for cells of type $lut.
Using template $paramod$lut\WIDTH=32'00000000000000000000000000000011\LUT=8'00100111 for cells of type $lut.
Using template $paramod$lut\WIDTH=32'00000000000000000000000000000011\LUT=8'11100010 for cells of type $lut.
Using template $paramod$lut\WIDTH=32'00000000000000000000000000000011\LUT=8'10100010 for cells of type $lut.
Using template $paramod$3ccc23db184ad4ca7ed34ebe2511de41d5d97e78$lut for cells of type $lut.
Using template $paramod$lut\WIDTH=32'00000000000000000000000000000011\LUT=8'11011100 for cells of type $lut.
Using template $paramod$lut\WIDTH=32'00000000000000000000000000000011\LUT=8'11110100 for cells of type $lut.
Using template $paramod$lut\WIDTH=32'00000000000000000000000000000011\LUT=8'11110010 for cells of type $lut.
Using template $paramod$5c32c59025c0b98f20e63f249d83e7ebb4b085e3$lut for cells of type $lut.
Using template $paramod$173257c402a3003de28bff8c2a49d358e5f4004c$lut for cells of type $lut.
Using template $paramod$b4d0f4738a5ce50c7f36c2aa2ecc09cfb874f2b6$lut for cells of type $lut.
Using template $paramod$0331e023d83b8009e60defb446ce9fa640b122c7$lut for cells of type $lut.
Using template $paramod$lut\WIDTH=32'00000000000000000000000000000011\LUT=8'11111110 for cells of type $lut.
Using template $paramod$ef6e25b2e5ab52308b0a22382a7b253727e9446b$lut for cells of type $lut.
Using template $paramod$728af64da11d42500d51a71dd7007ac25b15b46a$lut for cells of type $lut.
Using template $paramod$lut\WIDTH=32'00000000000000000000000000000011\LUT=8'01000110 for cells of type $lut.
Using template $paramod$f41ad5097d9f0f76cacde91c023873087e38be33$lut for cells of type $lut.
Using template $paramod$e4f8d81c24db5be4d13730546a4ee5ffc8be826a$lut for cells of type $lut.
Using template $paramod$lut\WIDTH=32'00000000000000000000000000000011\LUT=8'01011011 for cells of type $lut.
Using template $paramod$lut\WIDTH=32'00000000000000000000000000000011\LUT=8'11101100 for cells of type $lut.
Using template $paramod$lut\WIDTH=32'00000000000000000000000000000011\LUT=8'00001110 for cells of type $lut.
Using template $paramod$e5759512db67494ff77fbdfc66dff4006376568f$lut for cells of type $lut.
Using template $paramod$4e09fb85ad5980549134c5674f63e37de31e60bc$lut for cells of type $lut.
Using template $paramod$a988852add2bdce7c1dfac786401ba7c7bc832c1$lut for cells of type $lut.
Using template $paramod$c24ed72ebb67e9ead6029e42e909ef7fc0abbb11$lut for cells of type $lut.
Using template $paramod$baa939b0bd5b3e0c8760492528669bd58f640542$lut for cells of type $lut.
Using template $paramod$f81ecf3eb88491df8fecf1e071b57debc429282a$lut for cells of type $lut.
Using template $paramod$lut\WIDTH=32'00000000000000000000000000000011\LUT=8'01001100 for cells of type $lut.
Using template $paramod$lut\WIDTH=32'00000000000000000000000000000011\LUT=8'10101110 for cells of type $lut.
Using template $paramod$d4fae2c0d9ad2966369cd4e39b81c71bcd1327c9$lut for cells of type $lut.
Using template $paramod$586782f6168439c0380829640da6bcef5049ce1d$lut for cells of type $lut.
Using template $paramod$d835bc4c5b6ffcf820e94cd4e050341f570fbc1f$lut for cells of type $lut.
Using template $paramod$f65cf6380214e831938c4f25f730307ae86218f7$lut for cells of type $lut.
Using template $paramod$b7685cb0c8a6753256bc84bc31d36a443c15fab7$lut for cells of type $lut.
Using template $paramod$3e63470ea7a06b3eefdfb990254dd83d20fa13a7$lut for cells of type $lut.
Using template $paramod$c7754eeb17b54dfe53ea4a973db3714d78ced2f9$lut for cells of type $lut.
Using template $paramod$f9813472aa48e533b3838c6f2316dc2e78c66111$lut for cells of type $lut.
Using template $paramod$219b71aec9a19e7a27754ed85a7d6cdad9e5ec96$lut for cells of type $lut.
Using template $paramod$lut\WIDTH=32'00000000000000000000000000000011\LUT=8'00010101 for cells of type $lut.
Using template $paramod$lut\WIDTH=32'00000000000000000000000000000011\LUT=8'01111111 for cells of type $lut.
Using template $paramod$lut\WIDTH=32'00000000000000000000000000000011\LUT=8'00010011 for cells of type $lut.
Using template $paramod$101238f3d8d49ab12a9b49a2f01cd503b26e9c61$lut for cells of type $lut.
Using template $paramod$cd6c4b4da6d8737b72fd2dc8f5d83d8967445809$lut for cells of type $lut.
Using template $paramod$b94111b2ae4536db9aef7e959ece9b51fe2d1edf$lut for cells of type $lut.
Using template $paramod$47a8214374025465e226fa66bee690ff33268a25$lut for cells of type $lut.
Using template $paramod$6e46ec5a196ba1a24b8e69ab094cadc07c13ac1f$lut for cells of type $lut.
Using template $paramod$a15fd389a2f54cb7b94707b25934d226e68d9e2e$lut for cells of type $lut.
Using template $paramod$b04f0510561c4bbb703d2e39c6eca682b920366b$lut for cells of type $lut.
Using template $paramod$27331a24b2c1dcbe1b3eefac456a3f892f3b23d2$lut for cells of type $lut.
Using template $paramod$53ce561f80f32d4298a3beadc88b6c5c78293221$lut for cells of type $lut.
Using template $paramod$733d97aeeae07890071cc10010f32cf79ac0c9b3$lut for cells of type $lut.
Using template $paramod$3751cff910103888107374559f35d9f1f2f94946$lut for cells of type $lut.
Using template $paramod$lut\WIDTH=32'00000000000000000000000000000011\LUT=8'10110011 for cells of type $lut.
Using template $paramod$608f40069c27841a5b3bdf03643a34bdc8974072$lut for cells of type $lut.
Using template $paramod$179512a187da069f3b79ef6612a41e494e7d54b6$lut for cells of type $lut.
Using template $paramod$7e8d331d1e06632d29fbdf6c3afc2de1856d3c67$lut for cells of type $lut.
Using template $paramod$39825c5ed3d135e502be79829033166f1762d78b$lut for cells of type $lut.
Using template $paramod$lut\WIDTH=32'00000000000000000000000000000011\LUT=8'00101010 for cells of type $lut.
Using template $paramod$lut\WIDTH=32'00000000000000000000000000000011\LUT=8'11111101 for cells of type $lut.
Using template $paramod$9cc51547ab44a72dd506ee5bb84a864365a103da$lut for cells of type $lut.
Using template $paramod$8f7210088a40da1859d27e900c288fd298d68bed$lut for cells of type $lut.
Using template $paramod$70f68cc10fbeada9b6fa90c3bb75475e348ca467$lut for cells of type $lut.
Using template $paramod$e3232e0a90c8340ac10328f8e4e3ccd56fa7779b$lut for cells of type $lut.
Using template $paramod$849d013d096d73269ca4beb768f8e399745d37f2$lut for cells of type $lut.
Using template $paramod$097592bb16245531f0716c5ddb18d7090f9c7d9d$lut for cells of type $lut.
Using template $paramod$18df3812bc12364e5ebcb6c3ed05c0294e4c26fc$lut for cells of type $lut.
Using template $paramod$865395c0228487a64a8e4011cecafc2c64b79f2b$lut for cells of type $lut.
Using template $paramod$b600d182ae966d09f33a746441e104587fe7a58f$lut for cells of type $lut.
Using template $paramod$7d3cbfc289ec00e0691f33de08826f2254fca668$lut for cells of type $lut.
Using template $paramod$75d5c453cca75cc7a7ca320c4fb7be0932b6aaa7$lut for cells of type $lut.
Using template $paramod$15d3dd50cc31557057274aea687fe2a8296cd155$lut for cells of type $lut.
Using template $paramod$4541c098116f7292d10d7d30a0922be20fa68a41$lut for cells of type $lut.
Using template $paramod$f13784ede300b12a5285177c86c7721a54cf9e12$lut for cells of type $lut.
Using template $paramod$lut\WIDTH=32'00000000000000000000000000000011\LUT=8'10001010 for cells of type $lut.
Using template $paramod$4d7f17f71543a1e7fc1835bd79c4827a43f2e844$lut for cells of type $lut.
Using template $paramod$82b4a585d1edcb5c6e755dc9bd3392228a1c1304$lut for cells of type $lut.
Using template $paramod$27dd7ea71d2126c74d85758e5a06b7f432d9242f$lut for cells of type $lut.
Using template $paramod$3c630fd928bd5e14488dad364096dac4f17711f6$lut for cells of type $lut.
Using template $paramod$lut\WIDTH=32'00000000000000000000000000000011\LUT=8'00100011 for cells of type $lut.
Using template $paramod$lut\WIDTH=32'00000000000000000000000000000011\LUT=8'00110001 for cells of type $lut.
Using template $paramod$f969aefcb5fdd29444244ce17e4806b1ebc6f568$lut for cells of type $lut.
Using template $paramod$8512f4fb47fa9596f76cdbe5b407a5b54df368e7$lut for cells of type $lut.
Using template $paramod$84c04483e68374fd708203423ddf69dbf92737b5$lut for cells of type $lut.
Using template $paramod$aea6b93923bb1c2b26a058abe32d075fd832807f$lut for cells of type $lut.
Using template $paramod$ab8bb87959c5d7cfa27886cee1355b38e054a61a$lut for cells of type $lut.
Using template $paramod$efd33a356f7ec24f072d753e211b3435e74f0aa9$lut for cells of type $lut.
Using template $paramod$e253ac66462c8a22f75a6323ed00b0d275ebc3e1$lut for cells of type $lut.
Using template $paramod$5a621b016c894274d07edef48c49b401a15fd796$lut for cells of type $lut.
Using template $paramod$70480bcda43c8ba5287e42ab8a9f2fb79be6abbf$lut for cells of type $lut.
Using template $paramod$7a1e5274ad45202232c30e44783e47a38c78ed97$lut for cells of type $lut.
Using template $paramod$747a002714a88bae7981f4c0ac6aa0a30988b72c$lut for cells of type $lut.
Using template $paramod$563da79a241366c2d2f06aa560884d78dc541bf0$lut for cells of type $lut.
Using template $paramod$f1eabc9ab03da96e3fd647e04221b9ab9343f9b0$lut for cells of type $lut.
Using template $paramod$1a01d661132009128ae24529be5d9ee6c29587b1$lut for cells of type $lut.
Using template $paramod$8dc7ed8f617e8a8b22fb06b3a24783fe1dd307c1$lut for cells of type $lut.
Using template $paramod$8cc3490ab42a63312b8ab36121eb7c9227093866$lut for cells of type $lut.
Using template $paramod$b45e5cb971154e30a797eecb0461619c3eeae12d$lut for cells of type $lut.
Using template $paramod$lut\WIDTH=32'00000000000000000000000000000011\LUT=8'00000110 for cells of type $lut.
Using template $paramod$ff58554493773336c4e06dc62f25c37448f98c7b$lut for cells of type $lut.
Using template $paramod$973818279bc95792902f3c09371fd2407d04a2a5$lut for cells of type $lut.
Using template $paramod$b1547fb78c197d5a3ac660080a5b6d1efc1a6fd6$lut for cells of type $lut.
Using template $paramod$lut\WIDTH=32'00000000000000000000000000000011\LUT=8'00010010 for cells of type $lut.
Using template $paramod$lut\WIDTH=32'00000000000000000000000000000011\LUT=8'01011100 for cells of type $lut.
Using template $paramod$413d040dcd860cd74ca61a70644516a95d328ae7$lut for cells of type $lut.
Using template $paramod$f81545e6a4d74ff7a6fcd3c6e45a6a8fe32672ac$lut for cells of type $lut.
Using template $paramod$ee1273a447e63e4e9d26796e983b505bb2da74dd$lut for cells of type $lut.
Using template $paramod$18c0af0ab239136c12d03cf9ac659374dfbe1fe6$lut for cells of type $lut.
Using template $paramod$lut\WIDTH=32'00000000000000000000000000000011\LUT=8'10110010 for cells of type $lut.
Using template $paramod$4f2ff369e573efd7ef2034d2c1f6c1a1cc73b2b7$lut for cells of type $lut.
Using template $paramod$704cad882e2bedddf5c55ef18de55c67afe1e0ec$lut for cells of type $lut.
Using template $paramod$2e242b3870fd1c78b14e7f95ffa17bf0b3a3339c$lut for cells of type $lut.
Using template $paramod$4282def8dbd6df3d1248ad282c629bee684502c2$lut for cells of type $lut.
Using template $paramod$lut\WIDTH=32'00000000000000000000000000000011\LUT=8'01101001 for cells of type $lut.
Using template $paramod$lut\WIDTH=32'00000000000000000000000000000011\LUT=8'10010110 for cells of type $lut.
Using template $paramod$0194c0078616f389ecfa855718b2074839b66531$lut for cells of type $lut.
Using template $paramod$8d7a8d6e3356de09670738ba85f2c6b874f6b06d$lut for cells of type $lut.
Using template $paramod$19e5b38cca183d8b6b3a15d20dc995c09cd71893$lut for cells of type $lut.
Using template $paramod$ca1d48527df516f209cb40a6149324209c84bc69$lut for cells of type $lut.
No more expansions possible.
<suppressed ~4584 debug messages>
Removed 0 unused cells and 4054 unused wires.

5.55. Executing AUTONAME pass.
Renamed 6022 objects in module core_pnr_probe.
<suppressed ~6022 debug messages>

5.56. Executing HIERARCHY pass (managing design hierarchy).
Attribute `top' found on module `core_pnr_probe'. Setting top module to core_pnr_probe.

5.56.1. Analyzing design hierarchy..
Top module:  \core_pnr_probe

5.56.2. Analyzing design hierarchy..
Top module:  \core_pnr_probe
Removed 0 unused modules.

5.57. Printing statistics.

=== core_pnr_probe ===

        +----------Local Count, excluding submodules.
        | 
     2471 wires
     6712 wire bits
     2471 public wires
     6712 public wire bits
        8 ports
       23 port bits
       23 cells
        3   $scopeinfo
        1   SB_MAC16
       19   SB_RAM40_4K
     3676 submodules
      779   SB_CARRY
       81   SB_DFF
      136   SB_DFFE
      750   SB_DFFESR
       75   SB_DFFSR
        2   SB_DFFSS
     1853   SB_LUT4

=== design hierarchy ===

        +----------Count including submodules.
        | 
       23 core_pnr_probe

        +----------Count including submodules.
        | 
     2471 wires
     6712 wire bits
     2471 public wires
     6712 public wire bits
        8 ports
       23 port bits
        - memories
        - memory bits
        - processes
       23 cells
        3   $scopeinfo
        1   SB_MAC16
       19   SB_RAM40_4K
     3676 submodules
      779   SB_CARRY
       81   SB_DFF
      136   SB_DFFE
      750   SB_DFFESR
       75   SB_DFFSR
        2   SB_DFFSS
     1853   SB_LUT4

5.58. Executing CHECK pass (checking for obvious problems).
Checking module core_pnr_probe...
Found and reported 0 problems.

5.59. Executing JSON backend.

6. Printing statistics.

=== core_pnr_probe ===

        +----------Local Count, excluding submodules.
        | 
     2471 wires
     6712 wire bits
     2471 public wires
     6712 public wire bits
        8 ports
       23 port bits
     3699 cells
        3   $scopeinfo
      779   SB_CARRY
       81   SB_DFF
      136   SB_DFFE
      750   SB_DFFESR
       75   SB_DFFSR
        2   SB_DFFSS
     1853   SB_LUT4
        1   SB_MAC16
       19   SB_RAM40_4K

