Info: constrained 'flash_cs_n' to bel 'X24/Y0/io1'
Info: constrained 'flash_sclk' to bel 'X24/Y0/io0'
Info: constrained 'flash_mosi' to bel 'X23/Y0/io0'
Info: constrained 'flash_miso' to bel 'X23/Y0/io1'
Info: constrained 'status_done' to bel 'X18/Y0/io1'
Info: constrained 'status_error' to bel 'X18/Y0/io0'
Info: constrained 'status_running' to bel 'X19/Y0/io0'
Info: constraining clock net 'clk' to 13.20 MHz

Info: Packing constants..
Info: Packing IOs..
Info: Packing LUT-FFs..
Info:     2734 LCs used as LUT4 only
Info:      979 LCs used as LUT4 and DFF
Info: Packing non-LUT FFs..
Info:      518 LCs used as DFF only
Info: Packing carries..
Info:      383 LCs used as CARRY only
Info: Packing indirect carry+LUT pairs...
Info:       22 LUTs merged into carry LCs
Info: Packing RAMs..
Info: Placing PLLs..
Info: Packing special functions..
Info:   constrained ICESTORM_HFOSC 'oscillator_OSC' to X0/Y31/hfosc_1
Warning:     Overriding derived constraint of 12.0 MHz on net clk with user-specified constraint of 13.2 MHz.
Info: Packing PLLs..
Info: Promoting globals..
Info: promoting startup_SB_CARRY_I0_CO_SB_LUT4_I3_O [reset] (fanout 888)
Info: promoting system.core.purpose_SB_DFF_Q_D_SB_LUT4_O_I0_SB_LUT4_I3_1_O[1] [reset] (fanout 64)
Info: promoting system.core.operand_a[0]_SB_LUT4_O_15_I3_SB_LUT4_O_I1_SB_CARRY_CI_CO_SB_CARRY_CI_CO_SB_CARRY_CI_CO_SB_CARRY_CI_CO_SB_CARRY_CI_CO_SB_CARRY_CI_CO_SB_CARRY_CI_CO_SB_CARRY_CI_CO_SB_CARRY_CI_CO_SB_CARRY_CI_CO_SB_CARRY_CI_CO_SB_CARRY_CI_CO_SB_CARRY_CI_CO_SB_CARRY_CI_CO_SB_CARRY_CI_CO_SB_LUT4_I3_O_SB_LUT4_O_I3[0] [reset] (fanout 57)
Info: promoting system.core.feature_SB_DFFE_Q_E_SB_LUT4_I3_O [cen] (fanout 64)
Info: promoting system.core.valid1_SB_LUT4_I0_2_O_SB_LUT4_O_1_I3_SB_LUT4_I3_O_SB_LUT4_I3_O_SB_LUT4_I3_O [cen] (fanout 64)
Info: promoting system.core.valid1_SB_LUT4_I0_2_O_SB_LUT4_O_1_I3_SB_LUT4_I3_O_SB_LUT4_I3_I1_SB_LUT4_I1_O_SB_LUT4_O_I2_SB_LUT4_I3_1_O_SB_LUT4_O_1_I3_SB_LUT4_I2_O_SB_LUT4_I0_O [cen] (fanout 64)
Info: promoting system.core.valid1_SB_LUT4_I0_O [cen] (fanout 48)
Info: Constraining chains...
Info:       85 LCs used to legalise carry chains.
Info: Checksum: 0xe773a075

Info: Device utilisation:
Info: 	         ICESTORM_LC:    4682/   5280    88%
Info: 	        ICESTORM_RAM:      25/     30    83%
Info: 	               SB_IO:       7/     39    17%
Info: 	               SB_GB:       8/      8   100%
Info: 	        ICESTORM_PLL:       0/      1     0%
Info: 	         SB_WARMBOOT:       0/      1     0%
Info: 	        ICESTORM_DSP:       1/      8    12%
Info: 	      ICESTORM_HFOSC:       1/      1   100%
Info: 	      ICESTORM_LFOSC:       0/      1     0%
Info: 	              SB_I2C:       0/      2     0%
Info: 	              SB_SPI:       0/      2     0%
Info: 	              IO_I3C:       0/      2     0%
Info: 	         SB_LEDDA_IP:       0/      1     0%
Info: 	         SB_RGBA_DRV:       0/      1     0%
Info: 	      ICESTORM_SPRAM:       1/      4    25%

Info: Placed 9 cells based on constraints.
Info: Creating initial analytic placement for 3208 cells, random placement wirelen = 107376.
Info:     at initial placer iter 0, wirelen = 3167
Info:     at initial placer iter 1, wirelen = 3017
Info:     at initial placer iter 2, wirelen = 3020
Info:     at initial placer iter 3, wirelen = 3018
Info: Running main analytical placer, max placement attempts per cell = 2790703.
Info:     at iteration #1, type ALL: wirelen solved = 3020, spread = 44861, legal = 49706; time = 0.23s
Info:     at iteration #2, type ALL: wirelen solved = 2941, spread = 38913, legal = 46178; time = 0.24s
Info:     at iteration #3, type ALL: wirelen solved = 4044, spread = 33393, legal = 40382; time = 0.09s
Info:     at iteration #4, type ALL: wirelen solved = 5458, spread = 31400, legal = 37803; time = 0.09s
Info:     at iteration #5, type ALL: wirelen solved = 6256, spread = 29423, legal = 34899; time = 0.09s
Info:     at iteration #6, type ALL: wirelen solved = 6765, spread = 28453, legal = 33641; time = 0.08s
Info:     at iteration #7, type ALL: wirelen solved = 7590, spread = 26413, legal = 32213; time = 0.08s
Info:     at iteration #8, type ALL: wirelen solved = 8284, spread = 25412, legal = 31239; time = 0.08s
Info:     at iteration #9, type ALL: wirelen solved = 8839, spread = 23217, legal = 29086; time = 0.08s
Info:     at iteration #10, type ALL: wirelen solved = 8889, spread = 23276, legal = 28645; time = 0.08s
Info:     at iteration #11, type ALL: wirelen solved = 9475, spread = 22755, legal = 28157; time = 0.08s
Info:     at iteration #12, type ALL: wirelen solved = 9674, spread = 22244, legal = 29027; time = 0.08s
Info:     at iteration #13, type ALL: wirelen solved = 10316, spread = 21947, legal = 27803; time = 0.08s
Info:     at iteration #14, type ALL: wirelen solved = 10407, spread = 22338, legal = 28339; time = 0.08s
Info:     at iteration #15, type ALL: wirelen solved = 10935, spread = 21137, legal = 29435; time = 0.08s
Info:     at iteration #16, type ALL: wirelen solved = 11228, spread = 21336, legal = 30349; time = 0.08s
Info:     at iteration #17, type ALL: wirelen solved = 11849, spread = 21800, legal = 30060; time = 0.08s
Info:     at iteration #18, type ALL: wirelen solved = 12221, spread = 22020, legal = 28217; time = 0.08s
Info: HeAP Placer Time: 2.11s
Info:   of which solving equations: 0.63s
Info:   of which spreading cells: 0.06s
Info:   of which strict legalisation: 1.21s

Info: Running simulated annealing placer for refinement.
Info:   at iteration #1: temp = 0.000000, timing cost = 1252, wirelen = 27803
Info:   at iteration #5: temp = 0.000000, timing cost = 882, wirelen = 22250
Info:   at iteration #10: temp = 0.000000, timing cost = 1020, wirelen = 20936
Info:   at iteration #15: temp = 0.000000, timing cost = 1070, wirelen = 20278
Info:   at iteration #20: temp = 0.000000, timing cost = 1033, wirelen = 19748
Info:   at iteration #25: temp = 0.000000, timing cost = 1028, wirelen = 19603
Info:   at iteration #30: temp = 0.000000, timing cost = 1026, wirelen = 19557
Info:   at iteration #33: temp = 0.000000, timing cost = 1028, wirelen = 19550 
Info: SA placement time 2.55s

Info: Max frequency for clock 'clk': 14.63 MHz (PASS at 13.20 MHz)

Info: Clock '$PACKER_GND_NET' has no interior paths

Info: Max delay <async>     -> posedge clk: 4.01 ns
Info: Max delay posedge clk -> <async>    : 12.16 ns

Info: Slack histogram:
Info:  legend: * represents 20 endpoint(s)
Info:          + represents [1,20) endpoint(s)
Info: [  7407,  10676) |+
Info: [ 10676,  13945) |*+
Info: [ 13945,  17214) |+
Info: [ 17214,  20483) |*+
Info: [ 20483,  23752) |+
Info: [ 23752,  27021) |*+
Info: [ 27021,  30290) |*+
Info: [ 30290,  33559) |******+
Info: [ 33559,  36828) |**+
Info: [ 36828,  40097) |*******+
Info: [ 40097,  43366) |*********+
Info: [ 43366,  46635) |**********+
Info: [ 46635,  49904) |*******************+
Info: [ 49904,  53173) |*******************+
Info: [ 53173,  56442) |************************************************+
Info: [ 56442,  59711) |**************************************+
Info: [ 59711,  62980) |******************+
Info: [ 62980,  66249) |*************************+
Info: [ 66249,  69518) |**************************+
Info: [ 69518,  72787) |************************************************************ 
Info: Checksum: 0x4d333ac1

Info: Routing..
Info: Setting up routing queue.
Info: Routing 15529 arcs.
Info:            |   (re-)routed arcs  |   delta    | remaining|       time spent     |
Info:    IterCnt |  w/ripup   wo/ripup |  w/r  wo/r |      arcs| batch(sec) total(sec)|
Info:       1000 |       46        953 |   46   953 |     14596|       0.18       0.18|
Info:       2000 |      195       1796 |  149   843 |     13823|       0.11       0.29|
Info:       3000 |      294       2560 |   99   764 |     12983|       0.07       0.36|
Info:       4000 |      458       3351 |  164   791 |     12272|       0.09       0.45|
Info:       5000 |      659       4117 |  201   766 |     11639|       0.11       0.56|
Info:       6000 |      934       4771 |  275   654 |     10983|       0.09       0.66|
Info:       7000 |     1293       5319 |  359   548 |     10506|       0.12       0.78|
Info:       8000 |     1645       5959 |  352   640 |      9970|       0.12       0.90|
Info:       9000 |     1923       6669 |  278   710 |      9392|       0.12       1.03|
Info:      10000 |     2266       7266 |  343   597 |      8855|       0.10       1.13|
Info:      11000 |     2709       7823 |  443   557 |      8528|       0.12       1.25|
Info:      12000 |     3074       8368 |  365   545 |      8041|       0.11       1.36|
Info:      13000 |     3435       8973 |  361   605 |      7578|       0.11       1.47|
Info:      14000 |     3687       9687 |  252   714 |      7063|       0.09       1.56|
Info:      15000 |     3960      10312 |  273   625 |      6497|       0.10       1.65|
Info:      16000 |     4194      11016 |  234   704 |      6014|       0.09       1.74|
Info:      17000 |     4508      11645 |  314   629 |      5457|       0.09       1.83|
Info:      18000 |     4885      12209 |  377   564 |      5018|       0.13       1.96|
Info:      19000 |     5212      12815 |  327   606 |      4477|       0.09       2.05|
Info:      20000 |     5576      13363 |  364   548 |      4007|       0.12       2.17|
Info:      21000 |     5977      13908 |  401   545 |      3632|       0.15       2.32|
Info:      22000 |     6398      14483 |  421   575 |      3281|       0.11       2.43|
Info:      23000 |     6776      15027 |  378   544 |      2808|       0.10       2.53|
Info:      24000 |     7213      15560 |  437   533 |      2466|       0.13       2.66|
Info:      25000 |     7626      16121 |  413   561 |      2067|       0.13       2.79|
Info:      26000 |     7998      16724 |  372   603 |      1602|       0.13       2.92|
Info:      27000 |     8328      17379 |  330   655 |      1066|       0.09       3.01|
Info:      28000 |     8697      18007 |  369   628 |       677|       0.21       3.22|
Info:      29000 |     8953      18737 |  256   730 |        77|       0.31       3.53|
Info:      29151 |     8991      18849 |   38   112 |         0|       0.06       3.59|
Info: Routing complete.
Info: Router1 time 3.59s
Info: Checksum: 0x7cd49ca1

Info: Critical path report for clock 'clk' (posedge -> posedge):
Info:       type curr  total name
Info:   clk-to-q  1.39  1.39 Source system.core.wide_part_SB_DFFESR_Q_1_D_SB_LUT4_O_LC.O
Info:    routing  4.22  5.61 Net system.core.operand_b[0]_SB_LUT4_O_10_I2_SB_LUT4_O_I3[1] (9,20) -> (11,8)
Info:                          Sink system.core.wide_part_SB_DFFESR_Q_1_D_SB_LUT4_O_I2_SB_LUT4_O_LC.I2
Info:                          Defined in:
Info:                               rtl/core/known_spectral_core.sv:86.33-86.42
Info:      logic  1.21  6.82 Source system.core.wide_part_SB_DFFESR_Q_1_D_SB_LUT4_O_I2_SB_LUT4_O_LC.O
Info:    routing  1.76  8.58 Net system.core.operand_b[0]_SB_LUT4_O_13_I3_SB_LUT4_O_I3_SB_LUT4_O_I3_SB_LUT4_O_I2_SB_LUT4_O_I0_SB_LUT4_I1_O_SB_LUT4_O_1_I3_SB_LUT4_I3_O[1] (11,8) -> (10,7)
Info:                          Sink system.core.wide_acc_SB_DFFESR_Q_63_D_SB_LUT4_O_I3_SB_LUT4_O_I3_SB_CARRY_CO_CI_SB_CARRY_CO_CI_SB_CARRY_CO_CI_SB_CARRY_CO_CI_SB_CARRY_CO_CI_SB_CARRY_CO_CI_SB_CARRY_CO_CI_SB_CARRY_CO_CI_SB_CARRY_CO_CI_SB_CARRY_CO_CI_SB_CARRY_CO_CI_SB_CARRY_CO_CI_SB_CARRY_CO_CI_SB_CARRY_CO_CI_SB_CARRY_CO_I1_SB_LUT4_O_I3_SB_LUT4_I3_O_SB_LUT4_I2_I3_SB_CARRY_CO_CI_SB_CARRY_CO_CI_SB_CARRY_CO_CI_SB_CARRY_CO_CI_SB_CARRY_CO_CI_SB_CARRY_CO_CI_SB_CARRY_CO_CI_SB_CARRY_CO_CI_SB_CARRY_CO_CI_SB_CARRY_CO_CI_SB_CARRY_CO_CI_SB_CARRY_CO_CI_SB_CARRY_CO_CI_SB_CARRY_CO_CI_SB_CARRY_CO_CI_SB_CARRY_CO_CI_SB_CARRY_CO_CI_SB_CARRY_CO_CI_SB_CARRY_CO_CI_SB_CARRY_CO_CI_SB_CARRY_CO_CI_SB_CARRY_CO_CI_SB_CARRY_CO_CI_SB_CARRY_CO_CI_SB_LUT4_I3_O_SB_LUT4_O_I3_SB_CARRY_CO_CI_SB_CARRY_CO_CI_SB_CARRY_CO_I1_SB_LUT4_O_LC.I3
Info:                          Defined in:
Info:                               /home/researcher/Desktop/￿FFE6￿FF95￿FF99￿FFE6￿FF9D￿FF90/Fall 2026/digital ic/.tools/oss-cad-suite/libexec/../share/yosys/ice40/cells_map.v:6.21-6.22
Info:      logic  0.87  9.45 Source system.core.wide_acc_SB_DFFESR_Q_63_D_SB_LUT4_O_I3_SB_LUT4_O_I3_SB_CARRY_CO_CI_SB_CARRY_CO_CI_SB_CARRY_CO_CI_SB_CARRY_CO_CI_SB_CARRY_CO_CI_SB_CARRY_CO_CI_SB_CARRY_CO_CI_SB_CARRY_CO_CI_SB_CARRY_CO_CI_SB_CARRY_CO_CI_SB_CARRY_CO_CI_SB_CARRY_CO_CI_SB_CARRY_CO_CI_SB_CARRY_CO_CI_SB_CARRY_CO_I1_SB_LUT4_O_I3_SB_LUT4_I3_O_SB_LUT4_I2_I3_SB_CARRY_CO_CI_SB_CARRY_CO_CI_SB_CARRY_CO_CI_SB_CARRY_CO_CI_SB_CARRY_CO_CI_SB_CARRY_CO_CI_SB_CARRY_CO_CI_SB_CARRY_CO_CI_SB_CARRY_CO_CI_SB_CARRY_CO_CI_SB_CARRY_CO_CI_SB_CARRY_CO_CI_SB_CARRY_CO_CI_SB_CARRY_CO_CI_SB_CARRY_CO_CI_SB_CARRY_CO_CI_SB_CARRY_CO_CI_SB_CARRY_CO_CI_SB_CARRY_CO_CI_SB_CARRY_CO_CI_SB_CARRY_CO_CI_SB_CARRY_CO_CI_SB_CARRY_CO_CI_SB_CARRY_CO_CI_SB_LUT4_I3_O_SB_LUT4_O_I3_SB_CARRY_CO_CI_SB_CARRY_CO_CI_SB_CARRY_CO_I1_SB_LUT4_O_LC.O
Info:    routing  1.76  11.21 Net system.core.wide_acc_SB_DFFESR_Q_63_D_SB_LUT4_O_I3_SB_LUT4_O_I3_SB_CARRY_CO_CI_SB_CARRY_CO_CI_SB_CARRY_CO_CI_SB_CARRY_CO_CI_SB_CARRY_CO_CI_SB_CARRY_CO_CI_SB_CARRY_CO_CI_SB_CARRY_CO_CI_SB_CARRY_CO_CI_SB_CARRY_CO_CI_SB_CARRY_CO_CI_SB_CARRY_CO_CI_SB_CARRY_CO_CI_SB_CARRY_CO_CI_SB_CARRY_CO_I1_SB_LUT4_O_I3_SB_LUT4_I3_O_SB_LUT4_I2_I3_SB_CARRY_CO_CI_SB_CARRY_CO_CI_SB_CARRY_CO_CI_SB_CARRY_CO_CI_SB_CARRY_CO_CI_SB_CARRY_CO_CI_SB_CARRY_CO_CI_SB_CARRY_CO_CI_SB_CARRY_CO_CI_SB_CARRY_CO_CI_SB_CARRY_CO_CI_SB_CARRY_CO_CI_SB_CARRY_CO_CI_SB_CARRY_CO_CI_SB_CARRY_CO_CI_SB_CARRY_CO_CI_SB_CARRY_CO_CI_SB_CARRY_CO_CI_SB_CARRY_CO_CI_SB_CARRY_CO_CI_SB_CARRY_CO_CI_SB_CARRY_CO_CI_SB_CARRY_CO_CI_SB_CARRY_CO_CI_SB_LUT4_I3_O_SB_LUT4_O_I3_SB_CARRY_CO_CI_SB_CARRY_CO_CI_SB_CARRY_CO_I1[2] (10,7) -> (9,7)
Info:                          Sink system.core.wide_acc_SB_DFFESR_Q_63_D_SB_LUT4_O_I3_SB_LUT4_O_I3_SB_CARRY_CO_CI_SB_CARRY_CO_CI_SB_CARRY_CO_CI_SB_CARRY_CO_CI_SB_CARRY_CO_CI_SB_CARRY_CO_CI_SB_CARRY_CO_CI_SB_CARRY_CO_CI_SB_CARRY_CO_CI_SB_CARRY_CO_CI_SB_CARRY_CO_CI_SB_CARRY_CO_CI_SB_CARRY_CO_CI_SB_CARRY_CO_CI_SB_CARRY_CO_I1_SB_LUT4_O_I3_SB_LUT4_I3_O_SB_LUT4_I2_I3_SB_CARRY_CO_CI_SB_CARRY_CO_CI_SB_CARRY_CO_CI_SB_CARRY_CO_CI_SB_CARRY_CO_CI_SB_CARRY_CO_CI_SB_CARRY_CO_CI_SB_CARRY_CO_CI_SB_CARRY_CO_CI_SB_CARRY_CO_CI_SB_CARRY_CO_CI_SB_CARRY_CO_CI_SB_CARRY_CO_CI_SB_CARRY_CO_CI_SB_CARRY_CO_CI_SB_CARRY_CO_CI_SB_CARRY_CO_CI_SB_CARRY_CO_CI_SB_CARRY_CO_CI_SB_CARRY_CO_CI_SB_CARRY_CO_CI_SB_CARRY_CO_CI_SB_CARRY_CO_CI_SB_CARRY_CO_CI_SB_LUT4_I3_O_SB_LUT4_O_I3_SB_CARRY_CO_CI_SB_CARRY_CO_CI_SB_CARRY_CO_CI_SB_LUT4_I3_LC.I2
Info:                          Defined in:
Info:                               rtl/core/known_spectral_core.sv:94.29-94.47
Info:                               /home/researcher/Desktop/￿FFE6￿FF95￿FF99￿FFE6￿FF9D￿FF90/Fall 2026/digital ic/.tools/oss-cad-suite/libexec/../share/yosys/ice40/arith_map.v:62.5-70.4
Info:                               /home/researcher/Desktop/￿FFE6￿FF95￿FF99￿FFE6￿FF9D￿FF90/Fall 2026/digital ic/.tools/oss-cad-suite/libexec/../share/yosys/ice40/cells_map.v:6.21-6.22
Info:      logic  0.61  11.82 Source system.core.wide_acc_SB_DFFESR_Q_63_D_SB_LUT4_O_I3_SB_LUT4_O_I3_SB_CARRY_CO_CI_SB_CARRY_CO_CI_SB_CARRY_CO_CI_SB_CARRY_CO_CI_SB_CARRY_CO_CI_SB_CARRY_CO_CI_SB_CARRY_CO_CI_SB_CARRY_CO_CI_SB_CARRY_CO_CI_SB_CARRY_CO_CI_SB_CARRY_CO_CI_SB_CARRY_CO_CI_SB_CARRY_CO_CI_SB_CARRY_CO_CI_SB_CARRY_CO_I1_SB_LUT4_O_I3_SB_LUT4_I3_O_SB_LUT4_I2_I3_SB_CARRY_CO_CI_SB_CARRY_CO_CI_SB_CARRY_CO_CI_SB_CARRY_CO_CI_SB_CARRY_CO_CI_SB_CARRY_CO_CI_SB_CARRY_CO_CI_SB_CARRY_CO_CI_SB_CARRY_CO_CI_SB_CARRY_CO_CI_SB_CARRY_CO_CI_SB_CARRY_CO_CI_SB_CARRY_CO_CI_SB_CARRY_CO_CI_SB_CARRY_CO_CI_SB_CARRY_CO_CI_SB_CARRY_CO_CI_SB_CARRY_CO_CI_SB_CARRY_CO_CI_SB_CARRY_CO_CI_SB_CARRY_CO_CI_SB_CARRY_CO_CI_SB_CARRY_CO_CI_SB_CARRY_CO_CI_SB_LUT4_I3_O_SB_LUT4_O_I3_SB_CARRY_CO_CI_SB_CARRY_CO_CI_SB_CARRY_CO_CI_SB_LUT4_I3_LC.COUT
Info:    routing  0.66  12.48 Net system.core.wide_acc_SB_DFFESR_Q_63_D_SB_LUT4_O_I3_SB_LUT4_O_I3_SB_CARRY_CO_CI_SB_CARRY_CO_CI_SB_CARRY_CO_CI_SB_CARRY_CO_CI_SB_CARRY_CO_CI_SB_CARRY_CO_CI_SB_CARRY_CO_CI_SB_CARRY_CO_CI_SB_CARRY_CO_CI_SB_CARRY_CO_CI_SB_CARRY_CO_CI_SB_CARRY_CO_CI_SB_CARRY_CO_CI_SB_CARRY_CO_CI_SB_CARRY_CO_I1_SB_LUT4_O_I3_SB_LUT4_I3_O_SB_LUT4_I2_I3_SB_CARRY_CO_CI_SB_CARRY_CO_CI_SB_CARRY_CO_CI_SB_CARRY_CO_CI_SB_CARRY_CO_CI_SB_CARRY_CO_CI_SB_CARRY_CO_CI_SB_CARRY_CO_CI_SB_CARRY_CO_CI_SB_CARRY_CO_CI_SB_CARRY_CO_CI_SB_CARRY_CO_CI_SB_CARRY_CO_CI_SB_CARRY_CO_CI_SB_CARRY_CO_CI_SB_CARRY_CO_CI_SB_CARRY_CO_CI_SB_CARRY_CO_CI_SB_CARRY_CO_CI_SB_CARRY_CO_CI_SB_CARRY_CO_CI_SB_CARRY_CO_CI_SB_CARRY_CO_CI_SB_CARRY_CO_CI_SB_LUT4_I3_O_SB_LUT4_O_I3_SB_CARRY_CO_CI_SB_CARRY_CO_CI (9,7) -> (9,7)
Info:                          Sink system.core.wide_acc_SB_DFFESR_Q_63_D_SB_LUT4_O_I3_SB_LUT4_O_I3_SB_CARRY_CO_CI_SB_CARRY_CO_CI_SB_CARRY_CO_CI_SB_CARRY_CO_CI_SB_CARRY_CO_CI_SB_CARRY_CO_CI_SB_CARRY_CO_CI_SB_CARRY_CO_CI_SB_CARRY_CO_CI_SB_CARRY_CO_CI_SB_CARRY_CO_CI_SB_CARRY_CO_CI_SB_CARRY_CO_CI_SB_CARRY_CO_CI_SB_CARRY_CO_I1_SB_LUT4_O_I3_SB_LUT4_I3_O_SB_LUT4_I2_I3_SB_CARRY_CO_CI_SB_CARRY_CO_CI_SB_CARRY_CO_CI_SB_CARRY_CO_CI_SB_CARRY_CO_CI_SB_CARRY_CO_CI_SB_CARRY_CO_CI_SB_CARRY_CO_CI_SB_CARRY_CO_CI_SB_CARRY_CO_CI_SB_CARRY_CO_CI_SB_CARRY_CO_CI_SB_CARRY_CO_CI_SB_CARRY_CO_CI_SB_CARRY_CO_CI_SB_CARRY_CO_CI_SB_CARRY_CO_CI_SB_CARRY_CO_CI_SB_CARRY_CO_CI_SB_CARRY_CO_CI_SB_CARRY_CO_CI_SB_CARRY_CO_CI_SB_CARRY_CO_CI_SB_CARRY_CO_CI_SB_LUT4_I3_O_SB_LUT4_O_I3_SB_CARRY_CO_CI_SB_LUT4_I3_O_SB_LUT4_O_LC.I3
Info:                          Defined in:
Info:                               rtl/core/known_spectral_core.sv:94.29-94.47
Info:                               /home/researcher/Desktop/￿FFE6￿FF95￿FF99￿FFE6￿FF9D￿FF90/Fall 2026/digital ic/.tools/oss-cad-suite/libexec/../share/yosys/ice40/arith_map.v:62.5-70.4
Info:                               /home/researcher/Desktop/￿FFE6￿FF95￿FF99￿FFE6￿FF9D￿FF90/Fall 2026/digital ic/.tools/oss-cad-suite/libexec/../share/yosys/ice40/cells_map.v:6.21-6.22
Info:      logic  0.87  13.36 Source system.core.wide_acc_SB_DFFESR_Q_63_D_SB_LUT4_O_I3_SB_LUT4_O_I3_SB_CARRY_CO_CI_SB_CARRY_CO_CI_SB_CARRY_CO_CI_SB_CARRY_CO_CI_SB_CARRY_CO_CI_SB_CARRY_CO_CI_SB_CARRY_CO_CI_SB_CARRY_CO_CI_SB_CARRY_CO_CI_SB_CARRY_CO_CI_SB_CARRY_CO_CI_SB_CARRY_CO_CI_SB_CARRY_CO_CI_SB_CARRY_CO_CI_SB_CARRY_CO_I1_SB_LUT4_O_I3_SB_LUT4_I3_O_SB_LUT4_I2_I3_SB_CARRY_CO_CI_SB_CARRY_CO_CI_SB_CARRY_CO_CI_SB_CARRY_CO_CI_SB_CARRY_CO_CI_SB_CARRY_CO_CI_SB_CARRY_CO_CI_SB_CARRY_CO_CI_SB_CARRY_CO_CI_SB_CARRY_CO_CI_SB_CARRY_CO_CI_SB_CARRY_CO_CI_SB_CARRY_CO_CI_SB_CARRY_CO_CI_SB_CARRY_CO_CI_SB_CARRY_CO_CI_SB_CARRY_CO_CI_SB_CARRY_CO_CI_SB_CARRY_CO_CI_SB_CARRY_CO_CI_SB_CARRY_CO_CI_SB_CARRY_CO_CI_SB_CARRY_CO_CI_SB_CARRY_CO_CI_SB_LUT4_I3_O_SB_LUT4_O_I3_SB_CARRY_CO_CI_SB_LUT4_I3_O_SB_LUT4_O_LC.O
Info:    routing  1.76  15.12 Net system.core.wide_acc_SB_DFFESR_Q_63_D_SB_LUT4_O_I3_SB_LUT4_O_I3_SB_CARRY_CO_CI_SB_CARRY_CO_CI_SB_CARRY_CO_CI_SB_CARRY_CO_CI_SB_CARRY_CO_CI_SB_CARRY_CO_CI_SB_CARRY_CO_CI_SB_CARRY_CO_CI_SB_CARRY_CO_CI_SB_CARRY_CO_CI_SB_CARRY_CO_CI_SB_CARRY_CO_CI_SB_CARRY_CO_CI_SB_CARRY_CO_CI_SB_CARRY_CO_I1_SB_LUT4_O_I3_SB_LUT4_I3_O_SB_LUT4_I2_I3_SB_CARRY_CO_CI_SB_CARRY_CO_CI_SB_CARRY_CO_CI_SB_CARRY_CO_CI_SB_CARRY_CO_CI_SB_CARRY_CO_CI_SB_CARRY_CO_CI_SB_CARRY_CO_CI_SB_CARRY_CO_CI_SB_CARRY_CO_CI_SB_CARRY_CO_CI_SB_CARRY_CO_CI_SB_CARRY_CO_CI_SB_CARRY_CO_CI_SB_CARRY_CO_CI_SB_CARRY_CO_CI_SB_CARRY_CO_CI_SB_CARRY_CO_CI_SB_CARRY_CO_CI_SB_CARRY_CO_CI_SB_CARRY_CO_CI_SB_CARRY_CO_CI_SB_CARRY_CO_CI_SB_CARRY_CO_CI_SB_LUT4_I3_O_SB_LUT4_O_I3_SB_CARRY_CO_CI_SB_LUT4_I3_O[0] (9,7) -> (10,6)
Info:                          Sink system.core.wide_acc_SB_DFFESR_Q_63_D_SB_LUT4_O_I3_SB_LUT4_O_I3_SB_CARRY_CO_CI_SB_CARRY_CO_CI_SB_CARRY_CO_CI_SB_CARRY_CO_CI_SB_CARRY_CO_CI_SB_CARRY_CO_CI_SB_CARRY_CO_CI_SB_CARRY_CO_CI_SB_CARRY_CO_CI_SB_CARRY_CO_CI_SB_CARRY_CO_CI_SB_CARRY_CO_CI_SB_CARRY_CO_CI_SB_CARRY_CO_CI_SB_CARRY_CO_I1_SB_LUT4_O_I3_SB_LUT4_I3_O_SB_LUT4_I2_I3_SB_CARRY_CO_CI_SB_CARRY_CO_CI_SB_CARRY_CO_CI_SB_CARRY_CO_CI_SB_CARRY_CO_CI_SB_CARRY_CO_CI_SB_CARRY_CO_CI_SB_CARRY_CO_CI_SB_CARRY_CO_CI_SB_CARRY_CO_CI_SB_CARRY_CO_CI_SB_CARRY_CO_CI_SB_CARRY_CO_CI_SB_CARRY_CO_CI_SB_CARRY_CO_CI_SB_CARRY_CO_CI_SB_CARRY_CO_CI_SB_CARRY_CO_CI_SB_CARRY_CO_CI_SB_CARRY_CO_CI_SB_CARRY_CO_CI_SB_CARRY_CO_CI_SB_CARRY_CO_CI_SB_CARRY_CO_CI_SB_LUT4_I3_O_SB_LUT4_O_1_LC.I2
Info:                          Defined in:
Info:                               /home/researcher/Desktop/￿FFE6￿FF95￿FF99￿FFE6￿FF9D￿FF90/Fall 2026/digital ic/.tools/oss-cad-suite/libexec/../share/yosys/ice40/cells_map.v:6.21-6.22
Info:      logic  1.21  16.33 Source system.core.wide_acc_SB_DFFESR_Q_63_D_SB_LUT4_O_I3_SB_LUT4_O_I3_SB_CARRY_CO_CI_SB_CARRY_CO_CI_SB_CARRY_CO_CI_SB_CARRY_CO_CI_SB_CARRY_CO_CI_SB_CARRY_CO_CI_SB_CARRY_CO_CI_SB_CARRY_CO_CI_SB_CARRY_CO_CI_SB_CARRY_CO_CI_SB_CARRY_CO_CI_SB_CARRY_CO_CI_SB_CARRY_CO_CI_SB_CARRY_CO_CI_SB_CARRY_CO_I1_SB_LUT4_O_I3_SB_LUT4_I3_O_SB_LUT4_I2_I3_SB_CARRY_CO_CI_SB_CARRY_CO_CI_SB_CARRY_CO_CI_SB_CARRY_CO_CI_SB_CARRY_CO_CI_SB_CARRY_CO_CI_SB_CARRY_CO_CI_SB_CARRY_CO_CI_SB_CARRY_CO_CI_SB_CARRY_CO_CI_SB_CARRY_CO_CI_SB_CARRY_CO_CI_SB_CARRY_CO_CI_SB_CARRY_CO_CI_SB_CARRY_CO_CI_SB_CARRY_CO_CI_SB_CARRY_CO_CI_SB_CARRY_CO_CI_SB_CARRY_CO_CI_SB_CARRY_CO_CI_SB_CARRY_CO_CI_SB_CARRY_CO_CI_SB_CARRY_CO_CI_SB_CARRY_CO_CI_SB_LUT4_I3_O_SB_LUT4_O_1_LC.O
Info:    routing  1.76  18.09 Net system.core.wide_acc_SB_DFFESR_Q_63_D_SB_LUT4_O_I3_SB_LUT4_O_I3_SB_CARRY_CO_CI_SB_CARRY_CO_CI_SB_CARRY_CO_CI_SB_CARRY_CO_CI_SB_CARRY_CO_CI_SB_CARRY_CO_CI_SB_CARRY_CO_CI_SB_CARRY_CO_CI_SB_CARRY_CO_CI_SB_CARRY_CO_CI_SB_CARRY_CO_CI_SB_CARRY_CO_CI_SB_CARRY_CO_CI_SB_CARRY_CO_CI_SB_CARRY_CO_I1_SB_LUT4_O_I3_SB_LUT4_I3_O_SB_LUT4_I2_I3_SB_CARRY_CO_CI_SB_CARRY_CO_CI_SB_CARRY_CO_CI_SB_CARRY_CO_CI_SB_CARRY_CO_CI_SB_CARRY_CO_CI_SB_CARRY_CO_CI_SB_CARRY_CO_CI_SB_CARRY_CO_CI_SB_CARRY_CO_CI_SB_CARRY_CO_CI_SB_CARRY_CO_CI_SB_CARRY_CO_CI_SB_CARRY_CO_CI_SB_CARRY_CO_CI_SB_CARRY_CO_CI_SB_CARRY_CO_CI_SB_CARRY_CO_CI_SB_CARRY_CO_CI_SB_CARRY_CO_CI_SB_CARRY_CO_CI_SB_CARRY_CO_CI_SB_CARRY_CO_CI_SB_CARRY_CO_CI_SB_LUT4_I3_O[3] (10,6) -> (9,6)
Info:                          Sink system.core.wide_acc_SB_DFFESR_Q_63_D_SB_LUT4_O_I3_SB_LUT4_O_I3_SB_CARRY_CO_CI_SB_CARRY_CO_CI_SB_CARRY_CO_CI_SB_CARRY_CO_CI_SB_CARRY_CO_CI_SB_CARRY_CO_CI_SB_CARRY_CO_CI_SB_CARRY_CO_CI_SB_CARRY_CO_CI_SB_CARRY_CO_CI_SB_CARRY_CO_CI_SB_CARRY_CO_CI_SB_CARRY_CO_CI_SB_CARRY_CO_CI_SB_CARRY_CO_I1_SB_LUT4_O_I3_SB_LUT4_I3_O_SB_LUT4_I2_I3_SB_CARRY_CO_CI_SB_CARRY_CO_CI_SB_CARRY_CO_CI_SB_CARRY_CO_CI_SB_CARRY_CO_CI_SB_CARRY_CO_CI_SB_CARRY_CO_CI_SB_CARRY_CO_CI_SB_CARRY_CO_CI_SB_CARRY_CO_CI_SB_CARRY_CO_CI_SB_CARRY_CO_CI_SB_CARRY_CO_CI_SB_CARRY_CO_CI_SB_CARRY_CO_CI_SB_CARRY_CO_CI_SB_CARRY_CO_CI_SB_CARRY_CO_CI_SB_CARRY_CO_CI_SB_CARRY_CO_CI_SB_CARRY_CO_CI_SB_CARRY_CO_CI_SB_CARRY_CO_CI_SB_CARRY_CO_CI_SB_CARRY_CO_CI_SB_LUT4_I3_O_SB_LUT4_O_LC.I3
Info:                          Defined in:
Info:                               /home/researcher/Desktop/￿FFE6￿FF95￿FF99￿FFE6￿FF9D￿FF90/Fall 2026/digital ic/.tools/oss-cad-suite/libexec/../share/yosys/ice40/cells_map.v:6.21-6.22
Info:      logic  0.87  18.96 Source system.core.wide_acc_SB_DFFESR_Q_63_D_SB_LUT4_O_I3_SB_LUT4_O_I3_SB_CARRY_CO_CI_SB_CARRY_CO_CI_SB_CARRY_CO_CI_SB_CARRY_CO_CI_SB_CARRY_CO_CI_SB_CARRY_CO_CI_SB_CARRY_CO_CI_SB_CARRY_CO_CI_SB_CARRY_CO_CI_SB_CARRY_CO_CI_SB_CARRY_CO_CI_SB_CARRY_CO_CI_SB_CARRY_CO_CI_SB_CARRY_CO_CI_SB_CARRY_CO_I1_SB_LUT4_O_I3_SB_LUT4_I3_O_SB_LUT4_I2_I3_SB_CARRY_CO_CI_SB_CARRY_CO_CI_SB_CARRY_CO_CI_SB_CARRY_CO_CI_SB_CARRY_CO_CI_SB_CARRY_CO_CI_SB_CARRY_CO_CI_SB_CARRY_CO_CI_SB_CARRY_CO_CI_SB_CARRY_CO_CI_SB_CARRY_CO_CI_SB_CARRY_CO_CI_SB_CARRY_CO_CI_SB_CARRY_CO_CI_SB_CARRY_CO_CI_SB_CARRY_CO_CI_SB_CARRY_CO_CI_SB_CARRY_CO_CI_SB_CARRY_CO_CI_SB_CARRY_CO_CI_SB_CARRY_CO_CI_SB_CARRY_CO_CI_SB_CARRY_CO_CI_SB_CARRY_CO_CI_SB_CARRY_CO_CI_SB_LUT4_I3_O_SB_LUT4_O_LC.O
Info:    routing  1.76  20.72 Net system.core.wide_acc_SB_DFFESR_Q_63_D_SB_LUT4_O_I3_SB_LUT4_O_I3_SB_CARRY_CO_CI_SB_CARRY_CO_CI_SB_CARRY_CO_CI_SB_CARRY_CO_CI_SB_CARRY_CO_CI_SB_CARRY_CO_CI_SB_CARRY_CO_CI_SB_CARRY_CO_CI_SB_CARRY_CO_CI_SB_CARRY_CO_CI_SB_CARRY_CO_CI_SB_CARRY_CO_CI_SB_CARRY_CO_CI_SB_CARRY_CO_CI_SB_CARRY_CO_I1_SB_LUT4_O_I3_SB_LUT4_I3_O_SB_LUT4_I2_I3_SB_CARRY_CO_CI_SB_CARRY_CO_CI_SB_CARRY_CO_CI_SB_CARRY_CO_CI_SB_CARRY_CO_CI_SB_CARRY_CO_CI_SB_CARRY_CO_CI_SB_CARRY_CO_CI_SB_CARRY_CO_CI_SB_CARRY_CO_CI_SB_CARRY_CO_CI_SB_CARRY_CO_CI_SB_CARRY_CO_CI_SB_CARRY_CO_CI_SB_CARRY_CO_CI_SB_CARRY_CO_CI_SB_CARRY_CO_CI_SB_CARRY_CO_CI_SB_CARRY_CO_CI_SB_CARRY_CO_CI_SB_CARRY_CO_CI_SB_CARRY_CO_CI_SB_CARRY_CO_CI_SB_CARRY_CO_CI_SB_CARRY_CO_CI_SB_LUT4_I3_O[1] (9,6) -> (10,7)
Info:                          Sink system.core.feature_SB_DFFE_Q_1_D_SB_LUT4_O_I3_SB_LUT4_O_I2_SB_LUT4_O_I3_SB_CARRY_CO_I0_SB_LUT4_O_I3_SB_LUT4_O_I3_SB_LUT4_O_I1_SB_LUT4_O_I3_SB_LUT4_O_I3_SB_LUT4_O_LC.I3
Info:                          Defined in:
Info:                               /home/researcher/Desktop/￿FFE6￿FF95￿FF99￿FFE6￿FF9D￿FF90/Fall 2026/digital ic/.tools/oss-cad-suite/libexec/../share/yosys/ice40/cells_map.v:6.21-6.22
Info:      logic  0.87  21.59 Source system.core.feature_SB_DFFE_Q_1_D_SB_LUT4_O_I3_SB_LUT4_O_I2_SB_LUT4_O_I3_SB_CARRY_CO_I0_SB_LUT4_O_I3_SB_LUT4_O_I3_SB_LUT4_O_I1_SB_LUT4_O_I3_SB_LUT4_O_I3_SB_LUT4_O_LC.O
Info:    routing  1.76  23.36 Net system.core.feature_SB_DFFE_Q_1_D_SB_LUT4_O_I3_SB_LUT4_O_I2_SB_LUT4_O_I3_SB_CARRY_CO_I0_SB_LUT4_O_I3_SB_LUT4_O_I3_SB_LUT4_O_I1_SB_LUT4_O_I3_SB_LUT4_O_I3[3] (10,7) -> (10,8)
Info:                          Sink system.core.feature_SB_DFFE_Q_1_D_SB_LUT4_O_I3_SB_LUT4_O_I2_SB_LUT4_O_I3_SB_CARRY_CO_I0_SB_LUT4_O_I3_SB_LUT4_O_I3_SB_LUT4_O_I1_SB_LUT4_O_I3_SB_LUT4_O_LC.I3
Info:                          Defined in:
Info:                               /home/researcher/Desktop/￿FFE6￿FF95￿FF99￿FFE6￿FF9D￿FF90/Fall 2026/digital ic/.tools/oss-cad-suite/libexec/../share/yosys/ice40/cells_map.v:6.21-6.22
Info:      logic  0.87  24.23 Source system.core.feature_SB_DFFE_Q_1_D_SB_LUT4_O_I3_SB_LUT4_O_I2_SB_LUT4_O_I3_SB_CARRY_CO_I0_SB_LUT4_O_I3_SB_LUT4_O_I3_SB_LUT4_O_I1_SB_LUT4_O_I3_SB_LUT4_O_LC.O
Info:    routing  2.95  27.18 Net system.core.feature_SB_DFFE_Q_1_D_SB_LUT4_O_I3_SB_LUT4_O_I2_SB_LUT4_O_I3_SB_CARRY_CO_I0_SB_LUT4_O_I3_SB_LUT4_O_I3_SB_LUT4_O_I1_SB_LUT4_O_I3[3] (10,8) -> (8,9)
Info:                          Sink system.core.feature_SB_DFFE_Q_1_D_SB_LUT4_O_I3_SB_LUT4_O_I2_SB_LUT4_O_I3_SB_CARRY_CO_I0_SB_LUT4_O_I3_SB_LUT4_O_I3_SB_LUT4_O_I1_SB_LUT4_O_LC.I3
Info:                          Defined in:
Info:                               /home/researcher/Desktop/￿FFE6￿FF95￿FF99￿FFE6￿FF9D￿FF90/Fall 2026/digital ic/.tools/oss-cad-suite/libexec/../share/yosys/ice40/cells_map.v:6.21-6.22
Info:      logic  0.87  28.06 Source system.core.feature_SB_DFFE_Q_1_D_SB_LUT4_O_I3_SB_LUT4_O_I2_SB_LUT4_O_I3_SB_CARRY_CO_I0_SB_LUT4_O_I3_SB_LUT4_O_I3_SB_LUT4_O_I1_SB_LUT4_O_LC.O
Info:    routing  1.76  29.82 Net system.core.feature_SB_DFFE_Q_1_D_SB_LUT4_O_I3_SB_LUT4_O_I2_SB_LUT4_O_I3_SB_CARRY_CO_I0_SB_LUT4_O_I3_SB_LUT4_O_I3_SB_LUT4_O_I1[0] (8,9) -> (8,9)
Info:                          Sink system.core.feature_SB_DFFE_Q_1_D_SB_LUT4_O_I3_SB_LUT4_O_I2_SB_LUT4_O_I3_SB_CARRY_CO_I0_SB_LUT4_O_I3_SB_LUT4_O_I3_SB_LUT4_O_LC.I1
Info:                          Defined in:
Info:                               /home/researcher/Desktop/￿FFE6￿FF95￿FF99￿FFE6￿FF9D￿FF90/Fall 2026/digital ic/.tools/oss-cad-suite/libexec/../share/yosys/ice40/cells_map.v:6.21-6.22
Info:      logic  1.23  31.05 Source system.core.feature_SB_DFFE_Q_1_D_SB_LUT4_O_I3_SB_LUT4_O_I2_SB_LUT4_O_I3_SB_CARRY_CO_I0_SB_LUT4_O_I3_SB_LUT4_O_I3_SB_LUT4_O_LC.O
Info:    routing  1.76  32.81 Net system.core.feature_SB_DFFE_Q_1_D_SB_LUT4_O_I3_SB_LUT4_O_I2_SB_LUT4_O_I3_SB_CARRY_CO_I0_SB_LUT4_O_I3_SB_LUT4_O_I3[3] (8,9) -> (8,9)
Info:                          Sink system.core.feature_SB_DFFE_Q_1_D_SB_LUT4_O_I3_SB_LUT4_O_I2_SB_LUT4_O_I3_SB_CARRY_CO_I0_SB_LUT4_O_I3_SB_LUT4_O_LC.I3
Info:                          Defined in:
Info:                               /home/researcher/Desktop/￿FFE6￿FF95￿FF99￿FFE6￿FF9D￿FF90/Fall 2026/digital ic/.tools/oss-cad-suite/libexec/../share/yosys/ice40/cells_map.v:6.21-6.22
Info:      logic  0.87  33.68 Source system.core.feature_SB_DFFE_Q_1_D_SB_LUT4_O_I3_SB_LUT4_O_I2_SB_LUT4_O_I3_SB_CARRY_CO_I0_SB_LUT4_O_I3_SB_LUT4_O_LC.O
Info:    routing  1.76  35.44 Net system.core.feature_SB_DFFE_Q_1_D_SB_LUT4_O_I3_SB_LUT4_O_I2_SB_LUT4_O_I3_SB_CARRY_CO_I0_SB_LUT4_O_I3[3] (8,9) -> (8,9)
Info:                          Sink system.core.feature_SB_DFFE_Q_1_D_SB_LUT4_O_I3_SB_LUT4_O_I2_SB_LUT4_O_I3_SB_CARRY_CO_I0_SB_LUT4_O_LC.I3
Info:                          Defined in:
Info:                               /home/researcher/Desktop/￿FFE6￿FF95￿FF99￿FFE6￿FF9D￿FF90/Fall 2026/digital ic/.tools/oss-cad-suite/libexec/../share/yosys/ice40/cells_map.v:6.21-6.22
Info:      logic  0.87  36.32 Source system.core.feature_SB_DFFE_Q_1_D_SB_LUT4_O_I3_SB_LUT4_O_I2_SB_LUT4_O_I3_SB_CARRY_CO_I0_SB_LUT4_O_LC.O
Info:    routing  2.30  38.62 Net system.core.feature_SB_DFFE_Q_1_D_SB_LUT4_O_I3_SB_LUT4_O_I2_SB_LUT4_O_I3_SB_CARRY_CO_I0[1] (8,9) -> (10,9)
Info:                          Sink system.core.feature_SB_DFFE_Q_1_D_SB_LUT4_O_I3_SB_LUT4_O_I2_SB_LUT4_O_I3_SB_CARRY_CO_I0_SB_LUT4_I1_LC.I1
Info:                          Defined in:
Info:                               rtl/core/known_spectral_core.sv:102.35-103.60
Info:                               /home/researcher/Desktop/￿FFE6￿FF95￿FF99￿FFE6￿FF9D￿FF90/Fall 2026/digital ic/.tools/oss-cad-suite/libexec/../share/yosys/ice40/arith_map.v:62.5-70.4
Info:                               /home/researcher/Desktop/￿FFE6￿FF95￿FF99￿FFE6￿FF9D￿FF90/Fall 2026/digital ic/.tools/oss-cad-suite/libexec/../share/yosys/ice40/cells_map.v:6.21-6.22
Info:      logic  0.68  39.30 Source system.core.feature_SB_DFFE_Q_1_D_SB_LUT4_O_I3_SB_LUT4_O_I2_SB_LUT4_O_I3_SB_CARRY_CO_I0_SB_LUT4_I1_LC.COUT
Info:    routing  0.00  39.30 Net system.core.feature_SB_DFFE_Q_1_D_SB_LUT4_O_I3_SB_LUT4_O_I2_SB_LUT4_O_I3 (10,9) -> (10,9)
Info:                          Sink system.core.feature_SB_DFFE_Q_1_D_SB_LUT4_O_I3_SB_LUT4_O_I2_SB_LUT4_O_LC.CIN
Info:                          Defined in:
Info:                               rtl/core/known_spectral_core.sv:102.35-103.60
Info:                               /home/researcher/Desktop/￿FFE6￿FF95￿FF99￿FFE6￿FF9D￿FF90/Fall 2026/digital ic/.tools/oss-cad-suite/libexec/../share/yosys/ice40/arith_map.v:62.5-70.4
Info:                               /home/researcher/Desktop/￿FFE6￿FF95￿FF99￿FFE6￿FF9D￿FF90/Fall 2026/digital ic/.tools/oss-cad-suite/libexec/../share/yosys/ice40/abc9_model.v:4.9-4.11
Info:      logic  0.28  39.58 Source system.core.feature_SB_DFFE_Q_1_D_SB_LUT4_O_I3_SB_LUT4_O_I2_SB_LUT4_O_LC.COUT
Info:    routing  0.00  39.58 Net system.core.feature_SB_DFFE_Q_2_D_SB_LUT4_O_I2_SB_LUT4_O_I2_SB_LUT4_O_I3 (10,9) -> (10,9)
Info:                          Sink system.core.feature_SB_DFFE_Q_2_D_SB_LUT4_O_I2_SB_LUT4_O_I2_SB_LUT4_O_LC.CIN
Info:                          Defined in:
Info:                               rtl/core/known_spectral_core.sv:102.35-103.60
Info:                               /home/researcher/Desktop/￿FFE6￿FF95￿FF99￿FFE6￿FF9D￿FF90/Fall 2026/digital ic/.tools/oss-cad-suite/libexec/../share/yosys/ice40/arith_map.v:62.5-70.4
Info:                               /home/researcher/Desktop/￿FFE6￿FF95￿FF99￿FFE6￿FF9D￿FF90/Fall 2026/digital ic/.tools/oss-cad-suite/libexec/../share/yosys/ice40/cells_map.v:6.21-6.22
Info:      logic  0.28  39.85 Source system.core.feature_SB_DFFE_Q_2_D_SB_LUT4_O_I2_SB_LUT4_O_I2_SB_LUT4_O_LC.COUT
Info:    routing  0.00  39.85 Net system.core.feature_SB_DFFE_Q_3_D_SB_LUT4_O_I2_SB_LUT4_O_I2_SB_LUT4_O_I3 (10,9) -> (10,9)
Info:                          Sink system.core.feature_SB_DFFE_Q_3_D_SB_LUT4_O_I2_SB_LUT4_O_I2_SB_LUT4_O_LC.CIN
Info:                          Defined in:
Info:                               rtl/core/known_spectral_core.sv:102.35-103.60
Info:                               /home/researcher/Desktop/￿FFE6￿FF95￿FF99￿FFE6￿FF9D￿FF90/Fall 2026/digital ic/.tools/oss-cad-suite/libexec/../share/yosys/ice40/arith_map.v:62.5-70.4
Info:                               /home/researcher/Desktop/￿FFE6￿FF95￿FF99￿FFE6￿FF9D￿FF90/Fall 2026/digital ic/.tools/oss-cad-suite/libexec/../share/yosys/ice40/cells_map.v:6.21-6.22
Info:      logic  0.28  40.13 Source system.core.feature_SB_DFFE_Q_3_D_SB_LUT4_O_I2_SB_LUT4_O_I2_SB_LUT4_O_LC.COUT
Info:    routing  0.00  40.13 Net system.core.feature_SB_DFFE_Q_4_D_SB_LUT4_O_I2_SB_LUT4_O_I2_SB_LUT4_O_I3 (10,9) -> (10,9)
Info:                          Sink system.core.feature_SB_DFFE_Q_4_D_SB_LUT4_O_I2_SB_LUT4_O_I2_SB_LUT4_O_LC.CIN
Info:                          Defined in:
Info:                               rtl/core/known_spectral_core.sv:102.35-103.60
Info:                               /home/researcher/Desktop/￿FFE6￿FF95￿FF99￿FFE6￿FF9D￿FF90/Fall 2026/digital ic/.tools/oss-cad-suite/libexec/../share/yosys/ice40/arith_map.v:62.5-70.4
Info:                               /home/researcher/Desktop/￿FFE6￿FF95￿FF99￿FFE6￿FF9D￿FF90/Fall 2026/digital ic/.tools/oss-cad-suite/libexec/../share/yosys/ice40/cells_map.v:6.21-6.22
Info:      logic  0.28  40.41 Source system.core.feature_SB_DFFE_Q_4_D_SB_LUT4_O_I2_SB_LUT4_O_I2_SB_LUT4_O_LC.COUT
Info:    routing  0.00  40.41 Net system.core.feature_SB_DFFE_Q_5_D_SB_LUT4_O_I2_SB_LUT4_O_I2_SB_LUT4_O_I3 (10,9) -> (10,9)
Info:                          Sink system.core.feature_SB_DFFE_Q_5_D_SB_LUT4_O_I2_SB_LUT4_O_I2_SB_LUT4_O_LC.CIN
Info:                          Defined in:
Info:                               rtl/core/known_spectral_core.sv:102.35-103.60
Info:                               /home/researcher/Desktop/￿FFE6￿FF95￿FF99￿FFE6￿FF9D￿FF90/Fall 2026/digital ic/.tools/oss-cad-suite/libexec/../share/yosys/ice40/arith_map.v:62.5-70.4
Info:                               /home/researcher/Desktop/￿FFE6￿FF95￿FF99￿FFE6￿FF9D￿FF90/Fall 2026/digital ic/.tools/oss-cad-suite/libexec/../share/yosys/ice40/cells_map.v:6.21-6.22
Info:      logic  0.28  40.69 Source system.core.feature_SB_DFFE_Q_5_D_SB_LUT4_O_I2_SB_LUT4_O_I2_SB_LUT4_O_LC.COUT
Info:    routing  0.00  40.69 Net system.core.feature_SB_DFFE_Q_6_D_SB_LUT4_O_I2_SB_LUT4_O_I2_SB_LUT4_O_I3 (10,9) -> (10,9)
Info:                          Sink system.core.feature_SB_DFFE_Q_6_D_SB_LUT4_O_I2_SB_LUT4_O_I2_SB_LUT4_O_LC.CIN
Info:                          Defined in:
Info:                               rtl/core/known_spectral_core.sv:102.35-103.60
Info:                               /home/researcher/Desktop/￿FFE6￿FF95￿FF99￿FFE6￿FF9D￿FF90/Fall 2026/digital ic/.tools/oss-cad-suite/libexec/../share/yosys/ice40/arith_map.v:62.5-70.4
Info:                               /home/researcher/Desktop/￿FFE6￿FF95￿FF99￿FFE6￿FF9D￿FF90/Fall 2026/digital ic/.tools/oss-cad-suite/libexec/../share/yosys/ice40/cells_map.v:6.21-6.22
Info:      logic  0.28  40.97 Source system.core.feature_SB_DFFE_Q_6_D_SB_LUT4_O_I2_SB_LUT4_O_I2_SB_LUT4_O_LC.COUT
Info:    routing  0.00  40.97 Net system.core.feature_SB_DFFE_Q_6_D_SB_LUT4_O_I2_SB_LUT4_O_I2_SB_LUT4_O_I3_SB_CARRY_CI_CO (10,9) -> (10,9)
Info:                          Sink system.core.feature_SB_DFFE_Q_1_D_SB_LUT4_O_I3_SB_LUT4_O_I2_SB_CARRY_I0_CO_SB_CARRY_CI_CO_SB_CARRY_CI_CO_SB_CARRY_CI_CO_SB_CARRY_CI_CO_SB_CARRY_CI_CO_SB_CARRY_CI_I0_SB_LUT4_O_LC.CIN
Info:                          Defined in:
Info:                               rtl/core/known_spectral_core.sv:102.35-103.60
Info:                               /home/researcher/Desktop/￿FFE6￿FF95￿FF99￿FFE6￿FF9D￿FF90/Fall 2026/digital ic/.tools/oss-cad-suite/libexec/../share/yosys/ice40/arith_map.v:62.5-70.4
Info:                               /home/researcher/Desktop/￿FFE6￿FF95￿FF99￿FFE6￿FF9D￿FF90/Fall 2026/digital ic/.tools/oss-cad-suite/libexec/../share/yosys/ice40/abc9_model.v:4.9-4.11
Info:      logic  0.28  41.24 Source system.core.feature_SB_DFFE_Q_1_D_SB_LUT4_O_I3_SB_LUT4_O_I2_SB_CARRY_I0_CO_SB_CARRY_CI_CO_SB_CARRY_CI_CO_SB_CARRY_CI_CO_SB_CARRY_CI_CO_SB_CARRY_CI_CO_SB_CARRY_CI_I0_SB_LUT4_O_LC.COUT
Info:    routing  0.56  41.80 Net system.core.feature_SB_DFFE_Q_6_D_SB_LUT4_O_I2_SB_LUT4_O_I2_SB_LUT4_O_I3_SB_CARRY_CI_CO_SB_CARRY_CI_CO (10,9) -> (10,10)
Info:                          Sink system.core.feature_SB_DFFE_Q_1_D_SB_LUT4_O_I3_SB_LUT4_O_I2_SB_CARRY_I0_CO_SB_CARRY_CI_CO_SB_CARRY_CI_CO_SB_CARRY_CI_CO_SB_CARRY_CI_CO_SB_CARRY_CI_CO_SB_CARRY_CI_CO_SB_CARRY_CI_I0_SB_LUT4_O_LC.CIN
Info:                          Defined in:
Info:                               rtl/core/known_spectral_core.sv:102.35-103.60
Info:                               /home/researcher/Desktop/￿FFE6￿FF95￿FF99￿FFE6￿FF9D￿FF90/Fall 2026/digital ic/.tools/oss-cad-suite/libexec/../share/yosys/ice40/arith_map.v:62.5-70.4
Info:                               /home/researcher/Desktop/￿FFE6￿FF95￿FF99￿FFE6￿FF9D￿FF90/Fall 2026/digital ic/.tools/oss-cad-suite/libexec/../share/yosys/ice40/abc9_model.v:4.9-4.11
Info:      logic  0.28  42.08 Source system.core.feature_SB_DFFE_Q_1_D_SB_LUT4_O_I3_SB_LUT4_O_I2_SB_CARRY_I0_CO_SB_CARRY_CI_CO_SB_CARRY_CI_CO_SB_CARRY_CI_CO_SB_CARRY_CI_CO_SB_CARRY_CI_CO_SB_CARRY_CI_CO_SB_CARRY_CI_I0_SB_LUT4_O_LC.COUT
Info:    routing  0.00  42.08 Net system.core.feature_SB_DFFE_Q_6_D_SB_LUT4_O_I2_SB_LUT4_O_I2_SB_LUT4_O_I3_SB_CARRY_CI_CO_SB_CARRY_CI_CO_SB_CARRY_CI_CO (10,10) -> (10,10)
Info:                          Sink system.core.feature_SB_DFFE_Q_1_D_SB_LUT4_O_I3_SB_LUT4_O_I2_SB_CARRY_I0_CO_SB_CARRY_CI_CO_SB_CARRY_CI_CO_SB_CARRY_CI_CO_SB_CARRY_CI_CO_SB_CARRY_CI_CO_SB_CARRY_CI_CO_SB_CARRY_CI_CO_SB_CARRY_CI_I0_SB_LUT4_O_LC.CIN
Info:                          Defined in:
Info:                               rtl/core/known_spectral_core.sv:102.35-103.60
Info:                               /home/researcher/Desktop/￿FFE6￿FF95￿FF99￿FFE6￿FF9D￿FF90/Fall 2026/digital ic/.tools/oss-cad-suite/libexec/../share/yosys/ice40/arith_map.v:62.5-70.4
Info:                               /home/researcher/Desktop/￿FFE6￿FF95￿FF99￿FFE6￿FF9D￿FF90/Fall 2026/digital ic/.tools/oss-cad-suite/libexec/../share/yosys/ice40/abc9_model.v:4.9-4.11
Info:      logic  0.28  42.35 Source system.core.feature_SB_DFFE_Q_1_D_SB_LUT4_O_I3_SB_LUT4_O_I2_SB_CARRY_I0_CO_SB_CARRY_CI_CO_SB_CARRY_CI_CO_SB_CARRY_CI_CO_SB_CARRY_CI_CO_SB_CARRY_CI_CO_SB_CARRY_CI_CO_SB_CARRY_CI_CO_SB_CARRY_CI_I0_SB_LUT4_O_LC.COUT
Info:    routing  0.00  42.35 Net system.core.feature_SB_DFFE_Q_6_D_SB_LUT4_O_I2_SB_LUT4_O_I2_SB_LUT4_O_I3_SB_CARRY_CI_CO_SB_CARRY_CI_CO_SB_CARRY_CI_CO_SB_CARRY_CI_CO (10,10) -> (10,10)
Info:                          Sink system.core.feature_SB_DFFE_Q_1_D_SB_LUT4_O_I3_SB_LUT4_O_I2_SB_CARRY_I0_CO_SB_CARRY_CI_CO_SB_CARRY_CI_CO_SB_CARRY_CI_CO_SB_CARRY_CI_CO_SB_CARRY_CI_CO_SB_CARRY_CI_CO_SB_CARRY_CI_CO_SB_CARRY_CI_CO_SB_CARRY_CI_I0_SB_LUT4_O_LC.CIN
Info:                          Defined in:
Info:                               rtl/core/known_spectral_core.sv:102.35-103.60
Info:                               /home/researcher/Desktop/￿FFE6￿FF95￿FF99￿FFE6￿FF9D￿FF90/Fall 2026/digital ic/.tools/oss-cad-suite/libexec/../share/yosys/ice40/arith_map.v:62.5-70.4
Info:                               /home/researcher/Desktop/￿FFE6￿FF95￿FF99￿FFE6￿FF9D￿FF90/Fall 2026/digital ic/.tools/oss-cad-suite/libexec/../share/yosys/ice40/cells_map.v:6.21-6.22
Info:      logic  0.28  42.63 Source system.core.feature_SB_DFFE_Q_1_D_SB_LUT4_O_I3_SB_LUT4_O_I2_SB_CARRY_I0_CO_SB_CARRY_CI_CO_SB_CARRY_CI_CO_SB_CARRY_CI_CO_SB_CARRY_CI_CO_SB_CARRY_CI_CO_SB_CARRY_CI_CO_SB_CARRY_CI_CO_SB_CARRY_CI_CO_SB_CARRY_CI_I0_SB_LUT4_O_LC.COUT
Info:    routing  0.00  42.63 Net system.core.feature_SB_DFFE_Q_6_D_SB_LUT4_O_I2_SB_LUT4_O_I2_SB_LUT4_O_I3_SB_CARRY_CI_CO_SB_CARRY_CI_CO_SB_CARRY_CI_CO_SB_CARRY_CI_CO_SB_CARRY_CI_CO (10,10) -> (10,10)
Info:                          Sink system.core.feature_SB_DFFE_Q_1_D_SB_LUT4_O_I3_SB_LUT4_O_I2_SB_CARRY_I0_CO_SB_CARRY_CI_CO_SB_CARRY_CI_CO_SB_CARRY_CI_CO_SB_CARRY_CI_CO_SB_CARRY_CI_CO_SB_CARRY_CI_CO_SB_CARRY_CI_CO_SB_CARRY_CI_CO_SB_CARRY_CI_CO_SB_CARRY_CI_I0_SB_LUT4_O_LC.CIN
Info:                          Defined in:
Info:                               rtl/core/known_spectral_core.sv:102.35-103.60
Info:                               /home/researcher/Desktop/￿FFE6￿FF95￿FF99￿FFE6￿FF9D￿FF90/Fall 2026/digital ic/.tools/oss-cad-suite/libexec/../share/yosys/ice40/arith_map.v:62.5-70.4
Info:                               /home/researcher/Desktop/￿FFE6￿FF95￿FF99￿FFE6￿FF9D￿FF90/Fall 2026/digital ic/.tools/oss-cad-suite/libexec/../share/yosys/ice40/abc9_model.v:4.9-4.11
Info:      logic  0.28  42.91 Source system.core.feature_SB_DFFE_Q_1_D_SB_LUT4_O_I3_SB_LUT4_O_I2_SB_CARRY_I0_CO_SB_CARRY_CI_CO_SB_CARRY_CI_CO_SB_CARRY_CI_CO_SB_CARRY_CI_CO_SB_CARRY_CI_CO_SB_CARRY_CI_CO_SB_CARRY_CI_CO_SB_CARRY_CI_CO_SB_CARRY_CI_CO_SB_CARRY_CI_I0_SB_LUT4_O_LC.COUT
Info:    routing  0.00  42.91 Net system.core.feature_SB_DFFE_Q_6_D_SB_LUT4_O_I2_SB_LUT4_O_I2_SB_LUT4_O_I3_SB_CARRY_CI_CO_SB_CARRY_CI_CO_SB_CARRY_CI_CO_SB_CARRY_CI_CO_SB_CARRY_CI_CO_SB_CARRY_CI_CO (10,10) -> (10,10)
Info:                          Sink system.core.feature_SB_DFFE_Q_1_D_SB_LUT4_O_I3_SB_LUT4_O_I2_SB_CARRY_I0_CO_SB_CARRY_CI_CO_SB_CARRY_CI_CO_SB_CARRY_CI_CO_SB_CARRY_CI_CO_SB_CARRY_CI_CO_SB_CARRY_CI_CO_SB_CARRY_CI_CO_SB_CARRY_CI_CO_SB_CARRY_CI_CO_SB_CARRY_CI_CO_SB_CARRY_CI_I0_SB_LUT4_O_LC.CIN
Info:                          Defined in:
Info:                               rtl/core/known_spectral_core.sv:102.35-103.60
Info:                               /home/researcher/Desktop/￿FFE6￿FF95￿FF99￿FFE6￿FF9D￿FF90/Fall 2026/digital ic/.tools/oss-cad-suite/libexec/../share/yosys/ice40/arith_map.v:62.5-70.4
Info:                               /home/researcher/Desktop/￿FFE6￿FF95￿FF99￿FFE6￿FF9D￿FF90/Fall 2026/digital ic/.tools/oss-cad-suite/libexec/../share/yosys/ice40/abc9_model.v:4.9-4.11
Info:      logic  0.28  43.19 Source system.core.feature_SB_DFFE_Q_1_D_SB_LUT4_O_I3_SB_LUT4_O_I2_SB_CARRY_I0_CO_SB_CARRY_CI_CO_SB_CARRY_CI_CO_SB_CARRY_CI_CO_SB_CARRY_CI_CO_SB_CARRY_CI_CO_SB_CARRY_CI_CO_SB_CARRY_CI_CO_SB_CARRY_CI_CO_SB_CARRY_CI_CO_SB_CARRY_CI_CO_SB_CARRY_CI_I0_SB_LUT4_O_LC.COUT
Info:    routing  0.00  43.19 Net system.core.feature_SB_DFFE_Q_6_D_SB_LUT4_O_I2_SB_LUT4_O_I2_SB_LUT4_O_I3_SB_CARRY_CI_CO_SB_CARRY_CI_CO_SB_CARRY_CI_CO_SB_CARRY_CI_CO_SB_CARRY_CI_CO_SB_CARRY_CI_CO_SB_CARRY_CI_CO (10,10) -> (10,10)
Info:                          Sink system.core.feature_SB_DFFE_Q_1_D_SB_LUT4_O_I3_SB_LUT4_O_I2_SB_CARRY_I0_CO_SB_CARRY_CI_CO_SB_CARRY_CI_CO_SB_CARRY_CI_CO_SB_CARRY_CI_CO_SB_CARRY_CI_CO_SB_CARRY_CI_CO_SB_CARRY_CI_CO_SB_CARRY_CI_CO_SB_CARRY_CI_CO_SB_CARRY_CI_CO_SB_CARRY_CI_CO_SB_CARRY_CI_I0_SB_LUT4_O_LC.CIN
Info:                          Defined in:
Info:                               rtl/core/known_spectral_core.sv:102.35-103.60
Info:                               /home/researcher/Desktop/￿FFE6￿FF95￿FF99￿FFE6￿FF9D￿FF90/Fall 2026/digital ic/.tools/oss-cad-suite/libexec/../share/yosys/ice40/arith_map.v:62.5-70.4
Info:                               /home/researcher/Desktop/￿FFE6￿FF95￿FF99￿FFE6￿FF9D￿FF90/Fall 2026/digital ic/.tools/oss-cad-suite/libexec/../share/yosys/ice40/abc9_model.v:4.9-4.11
Info:      logic  0.28  43.47 Source system.core.feature_SB_DFFE_Q_1_D_SB_LUT4_O_I3_SB_LUT4_O_I2_SB_CARRY_I0_CO_SB_CARRY_CI_CO_SB_CARRY_CI_CO_SB_CARRY_CI_CO_SB_CARRY_CI_CO_SB_CARRY_CI_CO_SB_CARRY_CI_CO_SB_CARRY_CI_CO_SB_CARRY_CI_CO_SB_CARRY_CI_CO_SB_CARRY_CI_CO_SB_CARRY_CI_CO_SB_CARRY_CI_I0_SB_LUT4_O_LC.COUT
Info:    routing  0.00  43.47 Net system.core.feature_SB_DFFE_Q_6_D_SB_LUT4_O_I2_SB_LUT4_O_I2_SB_LUT4_O_I3_SB_CARRY_CI_CO_SB_CARRY_CI_CO_SB_CARRY_CI_CO_SB_CARRY_CI_CO_SB_CARRY_CI_CO_SB_CARRY_CI_CO_SB_CARRY_CI_CO_SB_CARRY_CI_CO (10,10) -> (10,10)
Info:                          Sink system.core.feature_SB_DFFE_Q_1_D_SB_LUT4_O_I3_SB_LUT4_O_I2_SB_CARRY_I0_CO_SB_CARRY_CI_CO_SB_CARRY_CI_CO_SB_CARRY_CI_CO_SB_CARRY_CI_CO_SB_CARRY_CI_CO_SB_CARRY_CI_CO_SB_CARRY_CI_CO_SB_CARRY_CI_CO_SB_CARRY_CI_CO_SB_CARRY_CI_CO_SB_CARRY_CI_CO_SB_CARRY_CI_CO_SB_CARRY_CI_I0_SB_LUT4_O_LC.CIN
Info:                          Defined in:
Info:                               rtl/core/known_spectral_core.sv:102.35-103.60
Info:                               /home/researcher/Desktop/￿FFE6￿FF95￿FF99￿FFE6￿FF9D￿FF90/Fall 2026/digital ic/.tools/oss-cad-suite/libexec/../share/yosys/ice40/arith_map.v:62.5-70.4
Info:                               /home/researcher/Desktop/￿FFE6￿FF95￿FF99￿FFE6￿FF9D￿FF90/Fall 2026/digital ic/.tools/oss-cad-suite/libexec/../share/yosys/ice40/abc9_model.v:4.9-4.11
Info:      logic  0.28  43.74 Source system.core.feature_SB_DFFE_Q_1_D_SB_LUT4_O_I3_SB_LUT4_O_I2_SB_CARRY_I0_CO_SB_CARRY_CI_CO_SB_CARRY_CI_CO_SB_CARRY_CI_CO_SB_CARRY_CI_CO_SB_CARRY_CI_CO_SB_CARRY_CI_CO_SB_CARRY_CI_CO_SB_CARRY_CI_CO_SB_CARRY_CI_CO_SB_CARRY_CI_CO_SB_CARRY_CI_CO_SB_CARRY_CI_CO_SB_CARRY_CI_I0_SB_LUT4_O_LC.COUT
Info:    routing  0.00  43.74 Net system.core.feature_SB_DFFE_Q_6_D_SB_LUT4_O_I2_SB_LUT4_O_I2_SB_LUT4_O_I3_SB_CARRY_CI_CO_SB_CARRY_CI_CO_SB_CARRY_CI_CO_SB_CARRY_CI_CO_SB_CARRY_CI_CO_SB_CARRY_CI_CO_SB_CARRY_CI_CO_SB_CARRY_CI_CO_SB_CARRY_CI_CO (10,10) -> (10,10)
Info:                          Sink system.core.feature_SB_DFFE_Q_1_D_SB_LUT4_O_I3_SB_LUT4_O_I2_SB_CARRY_I0_CO_SB_CARRY_CI_CO_SB_CARRY_CI_CO_SB_CARRY_CI_CO_SB_CARRY_CI_CO_SB_CARRY_CI_CO_SB_CARRY_CI_CO_SB_CARRY_CI_CO_SB_CARRY_CI_CO_SB_CARRY_CI_CO_SB_CARRY_CI_CO_SB_CARRY_CI_CO_SB_CARRY_CI_CO_SB_CARRY_CI_CO_SB_CARRY_CI_I0_SB_LUT4_O_LC.CIN
Info:                          Defined in:
Info:                               rtl/core/known_spectral_core.sv:102.35-103.60
Info:                               /home/researcher/Desktop/￿FFE6￿FF95￿FF99￿FFE6￿FF9D￿FF90/Fall 2026/digital ic/.tools/oss-cad-suite/libexec/../share/yosys/ice40/arith_map.v:62.5-70.4
Info:                               /home/researcher/Desktop/￿FFE6￿FF95￿FF99￿FFE6￿FF9D￿FF90/Fall 2026/digital ic/.tools/oss-cad-suite/libexec/../share/yosys/ice40/abc9_model.v:4.9-4.11
Info:      logic  0.28  44.02 Source system.core.feature_SB_DFFE_Q_1_D_SB_LUT4_O_I3_SB_LUT4_O_I2_SB_CARRY_I0_CO_SB_CARRY_CI_CO_SB_CARRY_CI_CO_SB_CARRY_CI_CO_SB_CARRY_CI_CO_SB_CARRY_CI_CO_SB_CARRY_CI_CO_SB_CARRY_CI_CO_SB_CARRY_CI_CO_SB_CARRY_CI_CO_SB_CARRY_CI_CO_SB_CARRY_CI_CO_SB_CARRY_CI_CO_SB_CARRY_CI_CO_SB_CARRY_CI_I0_SB_LUT4_O_LC.COUT
Info:    routing  0.56  44.58 Net system.core.feature_SB_DFFE_Q_6_D_SB_LUT4_O_I2_SB_LUT4_O_I2_SB_LUT4_O_I3_SB_CARRY_CI_CO_SB_CARRY_CI_CO_SB_CARRY_CI_CO_SB_CARRY_CI_CO_SB_CARRY_CI_CO_SB_CARRY_CI_CO_SB_CARRY_CI_CO_SB_CARRY_CI_CO_SB_CARRY_CI_CO_SB_CARRY_CI_CO (10,10) -> (10,11)
Info:                          Sink system.core.feature_SB_DFFE_Q_1_D_SB_LUT4_O_I3_SB_LUT4_O_I2_SB_CARRY_I0_CO_SB_CARRY_CI_CO_SB_CARRY_CI_CO_SB_CARRY_CI_CO_SB_CARRY_CI_CO_SB_CARRY_CI_CO_SB_CARRY_CI_CO_SB_CARRY_CI_CO_SB_CARRY_CI_CO_SB_CARRY_CI_CO_SB_CARRY_CI_CO_SB_CARRY_CI_CO_SB_CARRY_CI_CO_SB_CARRY_CI_CO_SB_CARRY_CI_CO_SB_CARRY_CI_I0_SB_LUT4_O_LC.CIN
Info:                          Defined in:
Info:                               rtl/core/known_spectral_core.sv:102.35-103.60
Info:                               /home/researcher/Desktop/￿FFE6￿FF95￿FF99￿FFE6￿FF9D￿FF90/Fall 2026/digital ic/.tools/oss-cad-suite/libexec/../share/yosys/ice40/arith_map.v:62.5-70.4
Info:                               /home/researcher/Desktop/￿FFE6￿FF95￿FF99￿FFE6￿FF9D￿FF90/Fall 2026/digital ic/.tools/oss-cad-suite/libexec/../share/yosys/ice40/abc9_model.v:4.9-4.11
Info:      logic  0.28  44.86 Source system.core.feature_SB_DFFE_Q_1_D_SB_LUT4_O_I3_SB_LUT4_O_I2_SB_CARRY_I0_CO_SB_CARRY_CI_CO_SB_CARRY_CI_CO_SB_CARRY_CI_CO_SB_CARRY_CI_CO_SB_CARRY_CI_CO_SB_CARRY_CI_CO_SB_CARRY_CI_CO_SB_CARRY_CI_CO_SB_CARRY_CI_CO_SB_CARRY_CI_CO_SB_CARRY_CI_CO_SB_CARRY_CI_CO_SB_CARRY_CI_CO_SB_CARRY_CI_CO_SB_CARRY_CI_I0_SB_LUT4_O_LC.COUT
Info:    routing  0.00  44.86 Net system.core.feature_SB_DFFE_Q_6_D_SB_LUT4_O_I2_SB_LUT4_O_I2_SB_LUT4_O_I3_SB_CARRY_CI_CO_SB_CARRY_CI_CO_SB_CARRY_CI_CO_SB_CARRY_CI_CO_SB_CARRY_CI_CO_SB_CARRY_CI_CO_SB_CARRY_CI_CO_SB_CARRY_CI_CO_SB_CARRY_CI_CO_SB_CARRY_CI_CO_SB_CARRY_CI_CO (10,11) -> (10,11)
Info:                          Sink system.core.feature_SB_DFFE_Q_1_D_SB_LUT4_O_I3_SB_LUT4_O_I2_SB_CARRY_I0_CO_SB_CARRY_CI_CO_SB_CARRY_CI_CO_SB_CARRY_CI_CO_SB_CARRY_CI_CO_SB_CARRY_CI_CO_SB_CARRY_CI_CO_SB_CARRY_CI_CO_SB_CARRY_CI_CO_SB_CARRY_CI_CO_SB_CARRY_CI_CO_SB_CARRY_CI_CO_SB_CARRY_CI_CO_SB_CARRY_CI_CO_SB_CARRY_CI_CO_SB_CARRY_CI_CO_SB_CARRY_CI_I0_SB_LUT4_O_LC.CIN
Info:                          Defined in:
Info:                               rtl/core/known_spectral_core.sv:102.35-103.60
Info:                               /home/researcher/Desktop/￿FFE6￿FF95￿FF99￿FFE6￿FF9D￿FF90/Fall 2026/digital ic/.tools/oss-cad-suite/libexec/../share/yosys/ice40/arith_map.v:62.5-70.4
Info:                               /home/researcher/Desktop/￿FFE6￿FF95￿FF99￿FFE6￿FF9D￿FF90/Fall 2026/digital ic/.tools/oss-cad-suite/libexec/../share/yosys/ice40/abc9_model.v:4.9-4.11
Info:      logic  0.28  45.13 Source system.core.feature_SB_DFFE_Q_1_D_SB_LUT4_O_I3_SB_LUT4_O_I2_SB_CARRY_I0_CO_SB_CARRY_CI_CO_SB_CARRY_CI_CO_SB_CARRY_CI_CO_SB_CARRY_CI_CO_SB_CARRY_CI_CO_SB_CARRY_CI_CO_SB_CARRY_CI_CO_SB_CARRY_CI_CO_SB_CARRY_CI_CO_SB_CARRY_CI_CO_SB_CARRY_CI_CO_SB_CARRY_CI_CO_SB_CARRY_CI_CO_SB_CARRY_CI_CO_SB_CARRY_CI_CO_SB_CARRY_CI_I0_SB_LUT4_O_LC.COUT
Info:    routing  0.00  45.13 Net system.core.feature_SB_DFFE_Q_6_D_SB_LUT4_O_I2_SB_LUT4_O_I2_SB_LUT4_O_I3_SB_CARRY_CI_CO_SB_CARRY_CI_CO_SB_CARRY_CI_CO_SB_CARRY_CI_CO_SB_CARRY_CI_CO_SB_CARRY_CI_CO_SB_CARRY_CI_CO_SB_CARRY_CI_CO_SB_CARRY_CI_CO_SB_CARRY_CI_CO_SB_CARRY_CI_CO_SB_CARRY_CI_CO (10,11) -> (10,11)
Info:                          Sink system.core.feature_SB_DFFE_Q_1_D_SB_LUT4_O_I3_SB_LUT4_O_I2_SB_CARRY_I0_CO_SB_CARRY_CI_CO_SB_CARRY_CI_CO_SB_CARRY_CI_CO_SB_CARRY_CI_CO_SB_CARRY_CI_CO_SB_CARRY_CI_CO_SB_CARRY_CI_CO_SB_CARRY_CI_CO_SB_CARRY_CI_CO_SB_CARRY_CI_CO_SB_CARRY_CI_CO_SB_CARRY_CI_CO_SB_CARRY_CI_CO_SB_CARRY_CI_CO_SB_CARRY_CI_CO_SB_CARRY_CI_CO_SB_CARRY_CI_I0_SB_LUT4_O_LC.CIN
Info:                          Defined in:
Info:                               rtl/core/known_spectral_core.sv:102.35-103.60
Info:                               /home/researcher/Desktop/￿FFE6￿FF95￿FF99￿FFE6￿FF9D￿FF90/Fall 2026/digital ic/.tools/oss-cad-suite/libexec/../share/yosys/ice40/arith_map.v:62.5-70.4
Info:                               /home/researcher/Desktop/￿FFE6￿FF95￿FF99￿FFE6￿FF9D￿FF90/Fall 2026/digital ic/.tools/oss-cad-suite/libexec/../share/yosys/ice40/abc9_model.v:4.9-4.11
Info:      logic  0.28  45.41 Source system.core.feature_SB_DFFE_Q_1_D_SB_LUT4_O_I3_SB_LUT4_O_I2_SB_CARRY_I0_CO_SB_CARRY_CI_CO_SB_CARRY_CI_CO_SB_CARRY_CI_CO_SB_CARRY_CI_CO_SB_CARRY_CI_CO_SB_CARRY_CI_CO_SB_CARRY_CI_CO_SB_CARRY_CI_CO_SB_CARRY_CI_CO_SB_CARRY_CI_CO_SB_CARRY_CI_CO_SB_CARRY_CI_CO_SB_CARRY_CI_CO_SB_CARRY_CI_CO_SB_CARRY_CI_CO_SB_CARRY_CI_CO_SB_CARRY_CI_I0_SB_LUT4_O_LC.COUT
Info:    routing  0.00  45.41 Net system.core.feature_SB_DFFE_Q_6_D_SB_LUT4_O_I2_SB_LUT4_O_I2_SB_LUT4_O_I3_SB_CARRY_CI_CO_SB_CARRY_CI_CO_SB_CARRY_CI_CO_SB_CARRY_CI_CO_SB_CARRY_CI_CO_SB_CARRY_CI_CO_SB_CARRY_CI_CO_SB_CARRY_CI_CO_SB_CARRY_CI_CO_SB_CARRY_CI_CO_SB_CARRY_CI_CO_SB_CARRY_CI_CO_SB_CARRY_CI_CO (10,11) -> (10,11)
Info:                          Sink system.core.feature_SB_DFFE_Q_1_D_SB_LUT4_O_I3_SB_LUT4_O_I2_SB_CARRY_I0_CO_SB_CARRY_CI_CO_SB_CARRY_CI_CO_SB_CARRY_CI_CO_SB_CARRY_CI_CO_SB_CARRY_CI_CO_SB_CARRY_CI_CO_SB_CARRY_CI_CO_SB_CARRY_CI_CO_SB_CARRY_CI_CO_SB_CARRY_CI_CO_SB_CARRY_CI_CO_SB_CARRY_CI_CO_SB_CARRY_CI_CO_SB_CARRY_CI_CO_SB_CARRY_CI_CO_SB_CARRY_CI_CO_SB_CARRY_CI_CO_SB_CARRY_CI_I0_SB_LUT4_O_LC.CIN
Info:                          Defined in:
Info:                               rtl/core/known_spectral_core.sv:102.35-103.60
Info:                               /home/researcher/Desktop/￿FFE6￿FF95￿FF99￿FFE6￿FF9D￿FF90/Fall 2026/digital ic/.tools/oss-cad-suite/libexec/../share/yosys/ice40/arith_map.v:62.5-70.4
Info:                               /home/researcher/Desktop/￿FFE6￿FF95￿FF99￿FFE6￿FF9D￿FF90/Fall 2026/digital ic/.tools/oss-cad-suite/libexec/../share/yosys/ice40/abc9_model.v:4.9-4.11
Info:      logic  0.28  45.69 Source system.core.feature_SB_DFFE_Q_1_D_SB_LUT4_O_I3_SB_LUT4_O_I2_SB_CARRY_I0_CO_SB_CARRY_CI_CO_SB_CARRY_CI_CO_SB_CARRY_CI_CO_SB_CARRY_CI_CO_SB_CARRY_CI_CO_SB_CARRY_CI_CO_SB_CARRY_CI_CO_SB_CARRY_CI_CO_SB_CARRY_CI_CO_SB_CARRY_CI_CO_SB_CARRY_CI_CO_SB_CARRY_CI_CO_SB_CARRY_CI_CO_SB_CARRY_CI_CO_SB_CARRY_CI_CO_SB_CARRY_CI_CO_SB_CARRY_CI_CO_SB_CARRY_CI_I0_SB_LUT4_O_LC.COUT
Info:    routing  0.00  45.69 Net system.core.feature_SB_DFFE_Q_6_D_SB_LUT4_O_I2_SB_LUT4_O_I2_SB_LUT4_O_I3_SB_CARRY_CI_CO_SB_CARRY_CI_CO_SB_CARRY_CI_CO_SB_CARRY_CI_CO_SB_CARRY_CI_CO_SB_CARRY_CI_CO_SB_CARRY_CI_CO_SB_CARRY_CI_CO_SB_CARRY_CI_CO_SB_CARRY_CI_CO_SB_CARRY_CI_CO_SB_CARRY_CI_CO_SB_CARRY_CI_CO_SB_CARRY_CI_CO (10,11) -> (10,11)
Info:                          Sink system.core.feature_SB_DFFE_Q_1_D_SB_LUT4_O_I3_SB_LUT4_O_I2_SB_CARRY_I0_CO_SB_CARRY_CI_CO_SB_CARRY_CI_CO_SB_CARRY_CI_CO_SB_CARRY_CI_CO_SB_CARRY_CI_CO_SB_CARRY_CI_CO_SB_CARRY_CI_CO_SB_CARRY_CI_CO_SB_CARRY_CI_CO_SB_CARRY_CI_CO_SB_CARRY_CI_CO_SB_CARRY_CI_CO_SB_CARRY_CI_CO_SB_CARRY_CI_CO_SB_CARRY_CI_CO_SB_CARRY_CI_CO_SB_CARRY_CI_CO_SB_CARRY_CI_CO_SB_CARRY_CI_I0_SB_LUT4_O_LC.CIN
Info:                          Defined in:
Info:                               rtl/core/known_spectral_core.sv:102.35-103.60
Info:                               /home/researcher/Desktop/￿FFE6￿FF95￿FF99￿FFE6￿FF9D￿FF90/Fall 2026/digital ic/.tools/oss-cad-suite/libexec/../share/yosys/ice40/arith_map.v:62.5-70.4
Info:                               /home/researcher/Desktop/￿FFE6￿FF95￿FF99￿FFE6￿FF9D￿FF90/Fall 2026/digital ic/.tools/oss-cad-suite/libexec/../share/yosys/ice40/abc9_model.v:4.9-4.11
Info:      logic  0.28  45.97 Source system.core.feature_SB_DFFE_Q_1_D_SB_LUT4_O_I3_SB_LUT4_O_I2_SB_CARRY_I0_CO_SB_CARRY_CI_CO_SB_CARRY_CI_CO_SB_CARRY_CI_CO_SB_CARRY_CI_CO_SB_CARRY_CI_CO_SB_CARRY_CI_CO_SB_CARRY_CI_CO_SB_CARRY_CI_CO_SB_CARRY_CI_CO_SB_CARRY_CI_CO_SB_CARRY_CI_CO_SB_CARRY_CI_CO_SB_CARRY_CI_CO_SB_CARRY_CI_CO_SB_CARRY_CI_CO_SB_CARRY_CI_CO_SB_CARRY_CI_CO_SB_CARRY_CI_CO_SB_CARRY_CI_I0_SB_LUT4_O_LC.COUT
Info:    routing  0.00  45.97 Net system.core.feature_SB_DFFE_Q_6_D_SB_LUT4_O_I2_SB_LUT4_O_I2_SB_LUT4_O_I3_SB_CARRY_CI_CO_SB_CARRY_CI_CO_SB_CARRY_CI_CO_SB_CARRY_CI_CO_SB_CARRY_CI_CO_SB_CARRY_CI_CO_SB_CARRY_CI_CO_SB_CARRY_CI_CO_SB_CARRY_CI_CO_SB_CARRY_CI_CO_SB_CARRY_CI_CO_SB_CARRY_CI_CO_SB_CARRY_CI_CO_SB_CARRY_CI_CO_SB_CARRY_CI_CO (10,11) -> (10,11)
Info:                          Sink system.core.feature_SB_DFFE_Q_1_D_SB_LUT4_O_I3_SB_LUT4_O_I2_SB_CARRY_I0_CO_SB_CARRY_CI_CO_SB_CARRY_CI_CO_SB_CARRY_CI_CO_SB_CARRY_CI_CO_SB_CARRY_CI_CO_SB_CARRY_CI_CO_SB_CARRY_CI_CO_SB_CARRY_CI_CO_SB_CARRY_CI_CO_SB_CARRY_CI_CO_SB_CARRY_CI_CO_SB_CARRY_CI_CO_SB_CARRY_CI_CO_SB_CARRY_CI_CO_SB_CARRY_CI_CO_SB_CARRY_CI_CO_SB_CARRY_CI_CO_SB_CARRY_CI_CO_SB_CARRY_CI_CO_SB_CARRY_CI_I0_SB_LUT4_O_LC.CIN
Info:                          Defined in:
Info:                               rtl/core/known_spectral_core.sv:102.35-103.60
Info:                               /home/researcher/Desktop/￿FFE6￿FF95￿FF99￿FFE6￿FF9D￿FF90/Fall 2026/digital ic/.tools/oss-cad-suite/libexec/../share/yosys/ice40/arith_map.v:62.5-70.4
Info:                               /home/researcher/Desktop/￿FFE6￿FF95￿FF99￿FFE6￿FF9D￿FF90/Fall 2026/digital ic/.tools/oss-cad-suite/libexec/../share/yosys/ice40/abc9_model.v:4.9-4.11
Info:      logic  0.28  46.25 Source system.core.feature_SB_DFFE_Q_1_D_SB_LUT4_O_I3_SB_LUT4_O_I2_SB_CARRY_I0_CO_SB_CARRY_CI_CO_SB_CARRY_CI_CO_SB_CARRY_CI_CO_SB_CARRY_CI_CO_SB_CARRY_CI_CO_SB_CARRY_CI_CO_SB_CARRY_CI_CO_SB_CARRY_CI_CO_SB_CARRY_CI_CO_SB_CARRY_CI_CO_SB_CARRY_CI_CO_SB_CARRY_CI_CO_SB_CARRY_CI_CO_SB_CARRY_CI_CO_SB_CARRY_CI_CO_SB_CARRY_CI_CO_SB_CARRY_CI_CO_SB_CARRY_CI_CO_SB_CARRY_CI_CO_SB_CARRY_CI_I0_SB_LUT4_O_LC.COUT
Info:    routing  0.00  46.25 Net system.core.feature_SB_DFFE_Q_6_D_SB_LUT4_O_I2_SB_LUT4_O_I2_SB_LUT4_O_I3_SB_CARRY_CI_CO_SB_CARRY_CI_CO_SB_CARRY_CI_CO_SB_CARRY_CI_CO_SB_CARRY_CI_CO_SB_CARRY_CI_CO_SB_CARRY_CI_CO_SB_CARRY_CI_CO_SB_CARRY_CI_CO_SB_CARRY_CI_CO_SB_CARRY_CI_CO_SB_CARRY_CI_CO_SB_CARRY_CI_CO_SB_CARRY_CI_CO_SB_CARRY_CI_CO_SB_CARRY_CI_CO (10,11) -> (10,11)
Info:                          Sink system.core.feature_SB_DFFE_Q_1_D_SB_LUT4_O_I3_SB_LUT4_O_I2_SB_CARRY_I0_CO_SB_CARRY_CI_CO_SB_CARRY_CI_CO_SB_CARRY_CI_CO_SB_CARRY_CI_CO_SB_CARRY_CI_CO_SB_CARRY_CI_CO_SB_CARRY_CI_CO_SB_CARRY_CI_CO_SB_CARRY_CI_CO_SB_CARRY_CI_CO_SB_CARRY_CI_CO_SB_CARRY_CI_CO_SB_CARRY_CI_CO_SB_CARRY_CI_CO_SB_CARRY_CI_CO_SB_CARRY_CI_CO_SB_CARRY_CI_CO_SB_CARRY_CI_CO_SB_CARRY_CI_CO_SB_CARRY_CI_CO_SB_CARRY_CI_I0_SB_LUT4_O_LC.CIN
Info:                          Defined in:
Info:                               rtl/core/known_spectral_core.sv:102.35-103.60
Info:                               /home/researcher/Desktop/￿FFE6￿FF95￿FF99￿FFE6￿FF9D￿FF90/Fall 2026/digital ic/.tools/oss-cad-suite/libexec/../share/yosys/ice40/arith_map.v:62.5-70.4
Info:                               /home/researcher/Desktop/￿FFE6￿FF95￿FF99￿FFE6￿FF9D￿FF90/Fall 2026/digital ic/.tools/oss-cad-suite/libexec/../share/yosys/ice40/abc9_model.v:4.9-4.11
Info:      logic  0.28  46.53 Source system.core.feature_SB_DFFE_Q_1_D_SB_LUT4_O_I3_SB_LUT4_O_I2_SB_CARRY_I0_CO_SB_CARRY_CI_CO_SB_CARRY_CI_CO_SB_CARRY_CI_CO_SB_CARRY_CI_CO_SB_CARRY_CI_CO_SB_CARRY_CI_CO_SB_CARRY_CI_CO_SB_CARRY_CI_CO_SB_CARRY_CI_CO_SB_CARRY_CI_CO_SB_CARRY_CI_CO_SB_CARRY_CI_CO_SB_CARRY_CI_CO_SB_CARRY_CI_CO_SB_CARRY_CI_CO_SB_CARRY_CI_CO_SB_CARRY_CI_CO_SB_CARRY_CI_CO_SB_CARRY_CI_CO_SB_CARRY_CI_CO_SB_CARRY_CI_I0_SB_LUT4_O_LC.COUT
Info:    routing  0.00  46.53 Net system.core.feature_SB_DFFE_Q_6_D_SB_LUT4_O_I2_SB_LUT4_O_I2_SB_LUT4_O_I3_SB_CARRY_CI_CO_SB_CARRY_CI_CO_SB_CARRY_CI_CO_SB_CARRY_CI_CO_SB_CARRY_CI_CO_SB_CARRY_CI_CO_SB_CARRY_CI_CO_SB_CARRY_CI_CO_SB_CARRY_CI_CO_SB_CARRY_CI_CO_SB_CARRY_CI_CO_SB_CARRY_CI_CO_SB_CARRY_CI_CO_SB_CARRY_CI_CO_SB_CARRY_CI_CO_SB_CARRY_CI_CO_SB_CARRY_CI_CO (10,11) -> (10,11)
Info:                          Sink system.core.feature_SB_DFFE_Q_1_D_SB_LUT4_O_I3_SB_LUT4_O_I2_SB_CARRY_I0_CO_SB_CARRY_CI_CO_SB_CARRY_CI_CO_SB_CARRY_CI_CO_SB_CARRY_CI_CO_SB_CARRY_CI_CO_SB_CARRY_CI_CO_SB_CARRY_CI_CO_SB_CARRY_CI_CO_SB_CARRY_CI_CO_SB_CARRY_CI_CO_SB_CARRY_CI_CO_SB_CARRY_CI_CO_SB_CARRY_CI_CO_SB_CARRY_CI_CO_SB_CARRY_CI_CO_SB_CARRY_CI_CO_SB_CARRY_CI_CO_SB_CARRY_CI_CO_SB_CARRY_CI_CO_SB_CARRY_CI_CO_SB_CARRY_CI_CO_SB_CARRY_CI_I0_SB_LUT4_O_LC.CIN
Info:                          Defined in:
Info:                               rtl/core/known_spectral_core.sv:102.35-103.60
Info:                               /home/researcher/Desktop/￿FFE6￿FF95￿FF99￿FFE6￿FF9D￿FF90/Fall 2026/digital ic/.tools/oss-cad-suite/libexec/../share/yosys/ice40/arith_map.v:62.5-70.4
Info:                               /home/researcher/Desktop/￿FFE6￿FF95￿FF99￿FFE6￿FF9D￿FF90/Fall 2026/digital ic/.tools/oss-cad-suite/libexec/../share/yosys/ice40/abc9_model.v:4.9-4.11
Info:      logic  0.28  46.80 Source system.core.feature_SB_DFFE_Q_1_D_SB_LUT4_O_I3_SB_LUT4_O_I2_SB_CARRY_I0_CO_SB_CARRY_CI_CO_SB_CARRY_CI_CO_SB_CARRY_CI_CO_SB_CARRY_CI_CO_SB_CARRY_CI_CO_SB_CARRY_CI_CO_SB_CARRY_CI_CO_SB_CARRY_CI_CO_SB_CARRY_CI_CO_SB_CARRY_CI_CO_SB_CARRY_CI_CO_SB_CARRY_CI_CO_SB_CARRY_CI_CO_SB_CARRY_CI_CO_SB_CARRY_CI_CO_SB_CARRY_CI_CO_SB_CARRY_CI_CO_SB_CARRY_CI_CO_SB_CARRY_CI_CO_SB_CARRY_CI_CO_SB_CARRY_CI_CO_SB_CARRY_CI_I0_SB_LUT4_O_LC.COUT
Info:    routing  0.56  47.36 Net system.core.feature_SB_DFFE_Q_6_D_SB_LUT4_O_I2_SB_LUT4_O_I2_SB_LUT4_O_I3_SB_CARRY_CI_CO_SB_CARRY_CI_CO_SB_CARRY_CI_CO_SB_CARRY_CI_CO_SB_CARRY_CI_CO_SB_CARRY_CI_CO_SB_CARRY_CI_CO_SB_CARRY_CI_CO_SB_CARRY_CI_CO_SB_CARRY_CI_CO_SB_CARRY_CI_CO_SB_CARRY_CI_CO_SB_CARRY_CI_CO_SB_CARRY_CI_CO_SB_CARRY_CI_CO_SB_CARRY_CI_CO_SB_CARRY_CI_CO_SB_CARRY_CI_CO (10,11) -> (10,12)
Info:                          Sink system.core.feature_SB_DFFE_Q_1_D_SB_LUT4_O_I3_SB_LUT4_O_I2_SB_CARRY_I0_CO_SB_CARRY_CI_CO_SB_CARRY_CI_CO_SB_CARRY_CI_CO_SB_CARRY_CI_CO_SB_CARRY_CI_CO_SB_CARRY_CI_CO_SB_CARRY_CI_CO_SB_CARRY_CI_CO_SB_CARRY_CI_CO_SB_CARRY_CI_CO_SB_CARRY_CI_CO_SB_CARRY_CI_CO_SB_CARRY_CI_CO_SB_CARRY_CI_CO_SB_CARRY_CI_CO_SB_CARRY_CI_CO_SB_CARRY_CI_CO_SB_CARRY_CI_CO_SB_CARRY_CI_CO_SB_CARRY_CI_CO_SB_CARRY_CI_CO_SB_CARRY_CI_CO_SB_CARRY_CI_I0_SB_LUT4_O_LC.CIN
Info:                          Defined in:
Info:                               rtl/core/known_spectral_core.sv:102.35-103.60
Info:                               /home/researcher/Desktop/￿FFE6￿FF95￿FF99￿FFE6￿FF9D￿FF90/Fall 2026/digital ic/.tools/oss-cad-suite/libexec/../share/yosys/ice40/arith_map.v:62.5-70.4
Info:                               /home/researcher/Desktop/￿FFE6￿FF95￿FF99￿FFE6￿FF9D￿FF90/Fall 2026/digital ic/.tools/oss-cad-suite/libexec/../share/yosys/ice40/abc9_model.v:4.9-4.11
Info:      logic  0.28  47.64 Source system.core.feature_SB_DFFE_Q_1_D_SB_LUT4_O_I3_SB_LUT4_O_I2_SB_CARRY_I0_CO_SB_CARRY_CI_CO_SB_CARRY_CI_CO_SB_CARRY_CI_CO_SB_CARRY_CI_CO_SB_CARRY_CI_CO_SB_CARRY_CI_CO_SB_CARRY_CI_CO_SB_CARRY_CI_CO_SB_CARRY_CI_CO_SB_CARRY_CI_CO_SB_CARRY_CI_CO_SB_CARRY_CI_CO_SB_CARRY_CI_CO_SB_CARRY_CI_CO_SB_CARRY_CI_CO_SB_CARRY_CI_CO_SB_CARRY_CI_CO_SB_CARRY_CI_CO_SB_CARRY_CI_CO_SB_CARRY_CI_CO_SB_CARRY_CI_CO_SB_CARRY_CI_CO_SB_CARRY_CI_I0_SB_LUT4_O_LC.COUT
Info:    routing  0.00  47.64 Net system.core.feature_SB_DFFE_Q_6_D_SB_LUT4_O_I2_SB_LUT4_O_I2_SB_LUT4_O_I3_SB_CARRY_CI_CO_SB_CARRY_CI_CO_SB_CARRY_CI_CO_SB_CARRY_CI_CO_SB_CARRY_CI_CO_SB_CARRY_CI_CO_SB_CARRY_CI_CO_SB_CARRY_CI_CO_SB_CARRY_CI_CO_SB_CARRY_CI_CO_SB_CARRY_CI_CO_SB_CARRY_CI_CO_SB_CARRY_CI_CO_SB_CARRY_CI_CO_SB_CARRY_CI_CO_SB_CARRY_CI_CO_SB_CARRY_CI_CO_SB_CARRY_CI_CO_SB_CARRY_CI_CO (10,12) -> (10,12)
Info:                          Sink system.core.feature_SB_DFFE_Q_1_D_SB_LUT4_O_I3_SB_LUT4_O_I2_SB_CARRY_I0_CO_SB_CARRY_CI_CO_SB_CARRY_CI_CO_SB_CARRY_CI_CO_SB_CARRY_CI_CO_SB_CARRY_CI_CO_SB_CARRY_CI_CO_SB_CARRY_CI_CO_SB_CARRY_CI_CO_SB_CARRY_CI_CO_SB_CARRY_CI_CO_SB_CARRY_CI_CO_SB_CARRY_CI_CO_SB_CARRY_CI_CO_SB_CARRY_CI_CO_SB_CARRY_CI_CO_SB_CARRY_CI_CO_SB_CARRY_CI_CO_SB_CARRY_CI_CO_SB_CARRY_CI_CO_SB_CARRY_CI_CO_SB_CARRY_CI_CO_SB_CARRY_CI_CO_SB_CARRY_CI_CO_SB_CARRY_CI_I0_SB_LUT4_O_LC.CIN
Info:                          Defined in:
Info:                               rtl/core/known_spectral_core.sv:102.35-103.60
Info:                               /home/researcher/Desktop/￿FFE6￿FF95￿FF99￿FFE6￿FF9D￿FF90/Fall 2026/digital ic/.tools/oss-cad-suite/libexec/../share/yosys/ice40/arith_map.v:62.5-70.4
Info:                               /home/researcher/Desktop/￿FFE6￿FF95￿FF99￿FFE6￿FF9D￿FF90/Fall 2026/digital ic/.tools/oss-cad-suite/libexec/../share/yosys/ice40/abc9_model.v:4.9-4.11
Info:      logic  0.28  47.92 Source system.core.feature_SB_DFFE_Q_1_D_SB_LUT4_O_I3_SB_LUT4_O_I2_SB_CARRY_I0_CO_SB_CARRY_CI_CO_SB_CARRY_CI_CO_SB_CARRY_CI_CO_SB_CARRY_CI_CO_SB_CARRY_CI_CO_SB_CARRY_CI_CO_SB_CARRY_CI_CO_SB_CARRY_CI_CO_SB_CARRY_CI_CO_SB_CARRY_CI_CO_SB_CARRY_CI_CO_SB_CARRY_CI_CO_SB_CARRY_CI_CO_SB_CARRY_CI_CO_SB_CARRY_CI_CO_SB_CARRY_CI_CO_SB_CARRY_CI_CO_SB_CARRY_CI_CO_SB_CARRY_CI_CO_SB_CARRY_CI_CO_SB_CARRY_CI_CO_SB_CARRY_CI_CO_SB_CARRY_CI_CO_SB_CARRY_CI_I0_SB_LUT4_O_LC.COUT
Info:    routing  0.00  47.92 Net system.core.feature_SB_DFFE_Q_6_D_SB_LUT4_O_I2_SB_LUT4_O_I2_SB_LUT4_O_I3_SB_CARRY_CI_CO_SB_CARRY_CI_CO_SB_CARRY_CI_CO_SB_CARRY_CI_CO_SB_CARRY_CI_CO_SB_CARRY_CI_CO_SB_CARRY_CI_CO_SB_CARRY_CI_CO_SB_CARRY_CI_CO_SB_CARRY_CI_CO_SB_CARRY_CI_CO_SB_CARRY_CI_CO_SB_CARRY_CI_CO_SB_CARRY_CI_CO_SB_CARRY_CI_CO_SB_CARRY_CI_CO_SB_CARRY_CI_CO_SB_CARRY_CI_CO_SB_CARRY_CI_CO_SB_CARRY_CI_CO (10,12) -> (10,12)
Info:                          Sink system.core.feature_SB_DFFE_Q_1_D_SB_LUT4_O_I3_SB_LUT4_O_I2_SB_CARRY_I0_CO_SB_CARRY_CI_CO_SB_CARRY_CI_CO_SB_CARRY_CI_CO_SB_CARRY_CI_CO_SB_CARRY_CI_CO_SB_CARRY_CI_CO_SB_CARRY_CI_CO_SB_CARRY_CI_CO_SB_CARRY_CI_CO_SB_CARRY_CI_CO_SB_CARRY_CI_CO_SB_CARRY_CI_CO_SB_CARRY_CI_CO_SB_CARRY_CI_CO_SB_CARRY_CI_CO_SB_CARRY_CI_CO_SB_CARRY_CI_CO_SB_CARRY_CI_CO_SB_CARRY_CI_CO_SB_CARRY_CI_CO_SB_CARRY_CI_CO_SB_CARRY_CI_CO_SB_CARRY_CI_CO_SB_CARRY_CI_CO_SB_CARRY_CI_I0_SB_LUT4_O_LC.CIN
Info:                          Defined in:
Info:                               rtl/core/known_spectral_core.sv:102.35-103.60
Info:                               /home/researcher/Desktop/￿FFE6￿FF95￿FF99￿FFE6￿FF9D￿FF90/Fall 2026/digital ic/.tools/oss-cad-suite/libexec/../share/yosys/ice40/arith_map.v:62.5-70.4
Info:                               /home/researcher/Desktop/￿FFE6￿FF95￿FF99￿FFE6￿FF9D￿FF90/Fall 2026/digital ic/.tools/oss-cad-suite/libexec/../share/yosys/ice40/abc9_model.v:4.9-4.11
Info:      logic  0.28  48.19 Source system.core.feature_SB_DFFE_Q_1_D_SB_LUT4_O_I3_SB_LUT4_O_I2_SB_CARRY_I0_CO_SB_CARRY_CI_CO_SB_CARRY_CI_CO_SB_CARRY_CI_CO_SB_CARRY_CI_CO_SB_CARRY_CI_CO_SB_CARRY_CI_CO_SB_CARRY_CI_CO_SB_CARRY_CI_CO_SB_CARRY_CI_CO_SB_CARRY_CI_CO_SB_CARRY_CI_CO_SB_CARRY_CI_CO_SB_CARRY_CI_CO_SB_CARRY_CI_CO_SB_CARRY_CI_CO_SB_CARRY_CI_CO_SB_CARRY_CI_CO_SB_CARRY_CI_CO_SB_CARRY_CI_CO_SB_CARRY_CI_CO_SB_CARRY_CI_CO_SB_CARRY_CI_CO_SB_CARRY_CI_CO_SB_CARRY_CI_CO_SB_CARRY_CI_I0_SB_LUT4_O_LC.COUT
Info:    routing  0.00  48.19 Net system.core.feature_SB_DFFE_Q_6_D_SB_LUT4_O_I2_SB_LUT4_O_I2_SB_LUT4_O_I3_SB_CARRY_CI_CO_SB_CARRY_CI_CO_SB_CARRY_CI_CO_SB_CARRY_CI_CO_SB_CARRY_CI_CO_SB_CARRY_CI_CO_SB_CARRY_CI_CO_SB_CARRY_CI_CO_SB_CARRY_CI_CO_SB_CARRY_CI_CO_SB_CARRY_CI_CO_SB_CARRY_CI_CO_SB_CARRY_CI_CO_SB_CARRY_CI_CO_SB_CARRY_CI_CO_SB_CARRY_CI_CO_SB_CARRY_CI_CO_SB_CARRY_CI_CO_SB_CARRY_CI_CO_SB_CARRY_CI_CO_SB_CARRY_CI_CO (10,12) -> (10,12)
Info:                          Sink system.core.feature_SB_DFFE_Q_1_D_SB_LUT4_O_I3_SB_LUT4_O_I2_SB_CARRY_I0_CO_SB_CARRY_CI_CO_SB_CARRY_CI_CO_SB_CARRY_CI_CO_SB_CARRY_CI_CO_SB_CARRY_CI_CO_SB_CARRY_CI_CO_SB_CARRY_CI_CO_SB_CARRY_CI_CO_SB_CARRY_CI_CO_SB_CARRY_CI_CO_SB_CARRY_CI_CO_SB_CARRY_CI_CO_SB_CARRY_CI_CO_SB_CARRY_CI_CO_SB_CARRY_CI_CO_SB_CARRY_CI_CO_SB_CARRY_CI_CO_SB_CARRY_CI_CO_SB_CARRY_CI_CO_SB_CARRY_CI_CO_SB_CARRY_CI_CO_SB_CARRY_CI_CO_SB_CARRY_CI_CO_SB_CARRY_CI_CO_SB_CARRY_CI_CO_SB_CARRY_CI_I0_SB_LUT4_O_LC.CIN
Info:                          Defined in:
Info:                               rtl/core/known_spectral_core.sv:102.35-103.60
Info:                               /home/researcher/Desktop/￿FFE6￿FF95￿FF99￿FFE6￿FF9D￿FF90/Fall 2026/digital ic/.tools/oss-cad-suite/libexec/../share/yosys/ice40/arith_map.v:62.5-70.4
Info:                               /home/researcher/Desktop/￿FFE6￿FF95￿FF99￿FFE6￿FF9D￿FF90/Fall 2026/digital ic/.tools/oss-cad-suite/libexec/../share/yosys/ice40/abc9_model.v:4.9-4.11
Info:      logic  0.28  48.47 Source system.core.feature_SB_DFFE_Q_1_D_SB_LUT4_O_I3_SB_LUT4_O_I2_SB_CARRY_I0_CO_SB_CARRY_CI_CO_SB_CARRY_CI_CO_SB_CARRY_CI_CO_SB_CARRY_CI_CO_SB_CARRY_CI_CO_SB_CARRY_CI_CO_SB_CARRY_CI_CO_SB_CARRY_CI_CO_SB_CARRY_CI_CO_SB_CARRY_CI_CO_SB_CARRY_CI_CO_SB_CARRY_CI_CO_SB_CARRY_CI_CO_SB_CARRY_CI_CO_SB_CARRY_CI_CO_SB_CARRY_CI_CO_SB_CARRY_CI_CO_SB_CARRY_CI_CO_SB_CARRY_CI_CO_SB_CARRY_CI_CO_SB_CARRY_CI_CO_SB_CARRY_CI_CO_SB_CARRY_CI_CO_SB_CARRY_CI_CO_SB_CARRY_CI_CO_SB_CARRY_CI_I0_SB_LUT4_O_LC.COUT
Info:    routing  0.00  48.47 Net system.core.feature_SB_DFFE_Q_6_D_SB_LUT4_O_I2_SB_LUT4_O_I2_SB_LUT4_O_I3_SB_CARRY_CI_CO_SB_CARRY_CI_CO_SB_CARRY_CI_CO_SB_CARRY_CI_CO_SB_CARRY_CI_CO_SB_CARRY_CI_CO_SB_CARRY_CI_CO_SB_CARRY_CI_CO_SB_CARRY_CI_CO_SB_CARRY_CI_CO_SB_CARRY_CI_CO_SB_CARRY_CI_CO_SB_CARRY_CI_CO_SB_CARRY_CI_CO_SB_CARRY_CI_CO_SB_CARRY_CI_CO_SB_CARRY_CI_CO_SB_CARRY_CI_CO_SB_CARRY_CI_CO_SB_CARRY_CI_CO_SB_CARRY_CI_CO_SB_CARRY_CI_CO (10,12) -> (10,12)
Info:                          Sink system.core.feature_SB_DFFE_Q_1_D_SB_LUT4_O_I3_SB_LUT4_O_I2_SB_CARRY_I0_CO_SB_CARRY_CI_CO_SB_CARRY_CI_CO_SB_CARRY_CI_CO_SB_CARRY_CI_CO_SB_CARRY_CI_CO_SB_CARRY_CI_CO_SB_CARRY_CI_CO_SB_CARRY_CI_CO_SB_CARRY_CI_CO_SB_CARRY_CI_CO_SB_CARRY_CI_CO_SB_CARRY_CI_CO_SB_CARRY_CI_CO_SB_CARRY_CI_CO_SB_CARRY_CI_CO_SB_CARRY_CI_CO_SB_CARRY_CI_CO_SB_CARRY_CI_CO_SB_CARRY_CI_CO_SB_CARRY_CI_CO_SB_CARRY_CI_CO_SB_CARRY_CI_CO_SB_CARRY_CI_CO_SB_CARRY_CI_CO_SB_CARRY_CI_CO_SB_CARRY_CI_CO_SB_CARRY_CI_I0_SB_LUT4_O_LC.CIN
Info:                          Defined in:
Info:                               rtl/core/known_spectral_core.sv:102.35-103.60
Info:                               /home/researcher/Desktop/￿FFE6￿FF95￿FF99￿FFE6￿FF9D￿FF90/Fall 2026/digital ic/.tools/oss-cad-suite/libexec/../share/yosys/ice40/arith_map.v:62.5-70.4
Info:                               /home/researcher/Desktop/￿FFE6￿FF95￿FF99￿FFE6￿FF9D￿FF90/Fall 2026/digital ic/.tools/oss-cad-suite/libexec/../share/yosys/ice40/abc9_model.v:4.9-4.11
Info:      logic  0.28  48.75 Source system.core.feature_SB_DFFE_Q_1_D_SB_LUT4_O_I3_SB_LUT4_O_I2_SB_CARRY_I0_CO_SB_CARRY_CI_CO_SB_CARRY_CI_CO_SB_CARRY_CI_CO_SB_CARRY_CI_CO_SB_CARRY_CI_CO_SB_CARRY_CI_CO_SB_CARRY_CI_CO_SB_CARRY_CI_CO_SB_CARRY_CI_CO_SB_CARRY_CI_CO_SB_CARRY_CI_CO_SB_CARRY_CI_CO_SB_CARRY_CI_CO_SB_CARRY_CI_CO_SB_CARRY_CI_CO_SB_CARRY_CI_CO_SB_CARRY_CI_CO_SB_CARRY_CI_CO_SB_CARRY_CI_CO_SB_CARRY_CI_CO_SB_CARRY_CI_CO_SB_CARRY_CI_CO_SB_CARRY_CI_CO_SB_CARRY_CI_CO_SB_CARRY_CI_CO_SB_CARRY_CI_CO_SB_CARRY_CI_I0_SB_LUT4_O_LC.COUT
Info:    routing  0.00  48.75 Net system.core.feature_SB_DFFE_Q_6_D_SB_LUT4_O_I2_SB_LUT4_O_I2_SB_LUT4_O_I3_SB_CARRY_CI_CO_SB_CARRY_CI_CO_SB_CARRY_CI_CO_SB_CARRY_CI_CO_SB_CARRY_CI_CO_SB_CARRY_CI_CO_SB_CARRY_CI_CO_SB_CARRY_CI_CO_SB_CARRY_CI_CO_SB_CARRY_CI_CO_SB_CARRY_CI_CO_SB_CARRY_CI_CO_SB_CARRY_CI_CO_SB_CARRY_CI_CO_SB_CARRY_CI_CO_SB_CARRY_CI_CO_SB_CARRY_CI_CO_SB_CARRY_CI_CO_SB_CARRY_CI_CO_SB_CARRY_CI_CO_SB_CARRY_CI_CO_SB_CARRY_CI_CO_SB_CARRY_CI_CO (10,12) -> (10,12)
Info:                          Sink system.core.feature_SB_DFFE_Q_1_D_SB_LUT4_O_I3_SB_LUT4_O_I2_SB_CARRY_I0_CO_SB_CARRY_CI_CO_SB_CARRY_CI_CO_SB_CARRY_CI_CO_SB_CARRY_CI_CO_SB_CARRY_CI_CO_SB_CARRY_CI_CO_SB_CARRY_CI_CO_SB_CARRY_CI_CO_SB_CARRY_CI_CO_SB_CARRY_CI_CO_SB_CARRY_CI_CO_SB_CARRY_CI_CO_SB_CARRY_CI_CO_SB_CARRY_CI_CO_SB_CARRY_CI_CO_SB_CARRY_CI_CO_SB_CARRY_CI_CO_SB_CARRY_CI_CO_SB_CARRY_CI_CO_SB_CARRY_CI_CO_SB_CARRY_CI_CO_SB_CARRY_CI_CO_SB_CARRY_CI_CO_SB_CARRY_CI_CO_SB_CARRY_CI_CO_SB_CARRY_CI_CO_SB_CARRY_CI_CO_SB_CARRY_CI_I0_SB_LUT4_O_LC.CIN
Info:                          Defined in:
Info:                               rtl/core/known_spectral_core.sv:102.35-103.60
Info:                               /home/researcher/Desktop/￿FFE6￿FF95￿FF99￿FFE6￿FF9D￿FF90/Fall 2026/digital ic/.tools/oss-cad-suite/libexec/../share/yosys/ice40/arith_map.v:62.5-70.4
Info:                               /home/researcher/Desktop/￿FFE6￿FF95￿FF99￿FFE6￿FF9D￿FF90/Fall 2026/digital ic/.tools/oss-cad-suite/libexec/../share/yosys/ice40/abc9_model.v:4.9-4.11
Info:      logic  0.28  49.03 Source system.core.feature_SB_DFFE_Q_1_D_SB_LUT4_O_I3_SB_LUT4_O_I2_SB_CARRY_I0_CO_SB_CARRY_CI_CO_SB_CARRY_CI_CO_SB_CARRY_CI_CO_SB_CARRY_CI_CO_SB_CARRY_CI_CO_SB_CARRY_CI_CO_SB_CARRY_CI_CO_SB_CARRY_CI_CO_SB_CARRY_CI_CO_SB_CARRY_CI_CO_SB_CARRY_CI_CO_SB_CARRY_CI_CO_SB_CARRY_CI_CO_SB_CARRY_CI_CO_SB_CARRY_CI_CO_SB_CARRY_CI_CO_SB_CARRY_CI_CO_SB_CARRY_CI_CO_SB_CARRY_CI_CO_SB_CARRY_CI_CO_SB_CARRY_CI_CO_SB_CARRY_CI_CO_SB_CARRY_CI_CO_SB_CARRY_CI_CO_SB_CARRY_CI_CO_SB_CARRY_CI_CO_SB_CARRY_CI_CO_SB_CARRY_CI_I0_SB_LUT4_O_LC.COUT
Info:    routing  0.00  49.03 Net system.core.feature_SB_DFFE_Q_6_D_SB_LUT4_O_I2_SB_LUT4_O_I2_SB_LUT4_O_I3_SB_CARRY_CI_CO_SB_CARRY_CI_CO_SB_CARRY_CI_CO_SB_CARRY_CI_CO_SB_CARRY_CI_CO_SB_CARRY_CI_CO_SB_CARRY_CI_CO_SB_CARRY_CI_CO_SB_CARRY_CI_CO_SB_CARRY_CI_CO_SB_CARRY_CI_CO_SB_CARRY_CI_CO_SB_CARRY_CI_CO_SB_CARRY_CI_CO_SB_CARRY_CI_CO_SB_CARRY_CI_CO_SB_CARRY_CI_CO_SB_CARRY_CI_CO_SB_CARRY_CI_CO_SB_CARRY_CI_CO_SB_CARRY_CI_CO_SB_CARRY_CI_CO_SB_CARRY_CI_CO_SB_CARRY_CI_CO (10,12) -> (10,12)
Info:                          Sink system.core.feature_SB_DFFE_Q_1_D_SB_LUT4_O_I3_SB_LUT4_O_I2_SB_CARRY_I0_CO_SB_CARRY_CI_CO_SB_CARRY_CI_CO_SB_CARRY_CI_CO_SB_CARRY_CI_CO_SB_CARRY_CI_CO_SB_CARRY_CI_CO_SB_CARRY_CI_CO_SB_CARRY_CI_CO_SB_CARRY_CI_CO_SB_CARRY_CI_CO_SB_CARRY_CI_CO_SB_CARRY_CI_CO_SB_CARRY_CI_CO_SB_CARRY_CI_CO_SB_CARRY_CI_CO_SB_CARRY_CI_CO_SB_CARRY_CI_CO_SB_CARRY_CI_CO_SB_CARRY_CI_CO_SB_CARRY_CI_CO_SB_CARRY_CI_CO_SB_CARRY_CI_CO_SB_CARRY_CI_CO_SB_CARRY_CI_CO_SB_CARRY_CI_CO_SB_CARRY_CI_CO_SB_CARRY_CI_CO_SB_CARRY_CI_CO_SB_CARRY_CI_I0_SB_LUT4_O_LC.CIN
Info:                          Defined in:
Info:                               rtl/core/known_spectral_core.sv:102.35-103.60
Info:                               /home/researcher/Desktop/￿FFE6￿FF95￿FF99￿FFE6￿FF9D￿FF90/Fall 2026/digital ic/.tools/oss-cad-suite/libexec/../share/yosys/ice40/arith_map.v:62.5-70.4
Info:                               /home/researcher/Desktop/￿FFE6￿FF95￿FF99￿FFE6￿FF9D￿FF90/Fall 2026/digital ic/.tools/oss-cad-suite/libexec/../share/yosys/ice40/abc9_model.v:4.9-4.11
Info:      logic  0.28  49.31 Source system.core.feature_SB_DFFE_Q_1_D_SB_LUT4_O_I3_SB_LUT4_O_I2_SB_CARRY_I0_CO_SB_CARRY_CI_CO_SB_CARRY_CI_CO_SB_CARRY_CI_CO_SB_CARRY_CI_CO_SB_CARRY_CI_CO_SB_CARRY_CI_CO_SB_CARRY_CI_CO_SB_CARRY_CI_CO_SB_CARRY_CI_CO_SB_CARRY_CI_CO_SB_CARRY_CI_CO_SB_CARRY_CI_CO_SB_CARRY_CI_CO_SB_CARRY_CI_CO_SB_CARRY_CI_CO_SB_CARRY_CI_CO_SB_CARRY_CI_CO_SB_CARRY_CI_CO_SB_CARRY_CI_CO_SB_CARRY_CI_CO_SB_CARRY_CI_CO_SB_CARRY_CI_CO_SB_CARRY_CI_CO_SB_CARRY_CI_CO_SB_CARRY_CI_CO_SB_CARRY_CI_CO_SB_CARRY_CI_CO_SB_CARRY_CI_CO_SB_CARRY_CI_I0_SB_LUT4_O_LC.COUT
Info:    routing  0.00  49.31 Net system.core.feature_SB_DFFE_Q_6_D_SB_LUT4_O_I2_SB_LUT4_O_I2_SB_LUT4_O_I3_SB_CARRY_CI_CO_SB_CARRY_CI_CO_SB_CARRY_CI_CO_SB_CARRY_CI_CO_SB_CARRY_CI_CO_SB_CARRY_CI_CO_SB_CARRY_CI_CO_SB_CARRY_CI_CO_SB_CARRY_CI_CO_SB_CARRY_CI_CO_SB_CARRY_CI_CO_SB_CARRY_CI_CO_SB_CARRY_CI_CO_SB_CARRY_CI_CO_SB_CARRY_CI_CO_SB_CARRY_CI_CO_SB_CARRY_CI_CO_SB_CARRY_CI_CO_SB_CARRY_CI_CO_SB_CARRY_CI_CO_SB_CARRY_CI_CO_SB_CARRY_CI_CO_SB_CARRY_CI_CO_SB_CARRY_CI_CO_SB_CARRY_CI_CO (10,12) -> (10,12)
Info:                          Sink system.core.feature_SB_DFFE_Q_1_D_SB_LUT4_O_I3_SB_LUT4_O_I2_SB_CARRY_I0_CO_SB_CARRY_CI_CO_SB_CARRY_CI_CO_SB_CARRY_CI_CO_SB_CARRY_CI_CO_SB_CARRY_CI_CO_SB_CARRY_CI_CO_SB_CARRY_CI_CO_SB_CARRY_CI_CO_SB_CARRY_CI_CO_SB_CARRY_CI_CO_SB_CARRY_CI_CO_SB_CARRY_CI_CO_SB_CARRY_CI_CO_SB_CARRY_CI_CO_SB_CARRY_CI_CO_SB_CARRY_CI_CO_SB_CARRY_CI_CO_SB_CARRY_CI_CO_SB_CARRY_CI_CO_SB_CARRY_CI_CO_SB_CARRY_CI_CO_SB_CARRY_CI_CO_SB_CARRY_CI_CO_SB_CARRY_CI_CO_SB_CARRY_CI_CO_SB_CARRY_CI_CO_SB_CARRY_CI_CO_SB_CARRY_CI_CO_SB_CARRY_CI_CO_SB_CARRY_CI_I0_SB_LUT4_O_LC.CIN
Info:                          Defined in:
Info:                               rtl/core/known_spectral_core.sv:102.35-103.60
Info:                               /home/researcher/Desktop/￿FFE6￿FF95￿FF99￿FFE6￿FF9D￿FF90/Fall 2026/digital ic/.tools/oss-cad-suite/libexec/../share/yosys/ice40/arith_map.v:62.5-70.4
Info:                               /home/researcher/Desktop/￿FFE6￿FF95￿FF99￿FFE6￿FF9D￿FF90/Fall 2026/digital ic/.tools/oss-cad-suite/libexec/../share/yosys/ice40/abc9_model.v:4.9-4.11
Info:      logic  0.28  49.58 Source system.core.feature_SB_DFFE_Q_1_D_SB_LUT4_O_I3_SB_LUT4_O_I2_SB_CARRY_I0_CO_SB_CARRY_CI_CO_SB_CARRY_CI_CO_SB_CARRY_CI_CO_SB_CARRY_CI_CO_SB_CARRY_CI_CO_SB_CARRY_CI_CO_SB_CARRY_CI_CO_SB_CARRY_CI_CO_SB_CARRY_CI_CO_SB_CARRY_CI_CO_SB_CARRY_CI_CO_SB_CARRY_CI_CO_SB_CARRY_CI_CO_SB_CARRY_CI_CO_SB_CARRY_CI_CO_SB_CARRY_CI_CO_SB_CARRY_CI_CO_SB_CARRY_CI_CO_SB_CARRY_CI_CO_SB_CARRY_CI_CO_SB_CARRY_CI_CO_SB_CARRY_CI_CO_SB_CARRY_CI_CO_SB_CARRY_CI_CO_SB_CARRY_CI_CO_SB_CARRY_CI_CO_SB_CARRY_CI_CO_SB_CARRY_CI_CO_SB_CARRY_CI_CO_SB_CARRY_CI_I0_SB_LUT4_O_LC.COUT
Info:    routing  0.56  50.14 Net system.core.feature_SB_DFFE_Q_6_D_SB_LUT4_O_I2_SB_LUT4_O_I2_SB_LUT4_O_I3_SB_CARRY_CI_CO_SB_CARRY_CI_CO_SB_CARRY_CI_CO_SB_CARRY_CI_CO_SB_CARRY_CI_CO_SB_CARRY_CI_CO_SB_CARRY_CI_CO_SB_CARRY_CI_CO_SB_CARRY_CI_CO_SB_CARRY_CI_CO_SB_CARRY_CI_CO_SB_CARRY_CI_CO_SB_CARRY_CI_CO_SB_CARRY_CI_CO_SB_CARRY_CI_CO_SB_CARRY_CI_CO_SB_CARRY_CI_CO_SB_CARRY_CI_CO_SB_CARRY_CI_CO_SB_CARRY_CI_CO_SB_CARRY_CI_CO_SB_CARRY_CI_CO_SB_CARRY_CI_CO_SB_CARRY_CI_CO_SB_CARRY_CI_CO_SB_CARRY_CI_CO (10,12) -> (10,13)
Info:                          Sink system.core.feature_SB_DFFE_Q_1_D_SB_LUT4_O_I3_SB_LUT4_O_I2_SB_CARRY_I0_CO_SB_CARRY_CI_CO_SB_CARRY_CI_CO_SB_CARRY_CI_CO_SB_CARRY_CI_CO_SB_CARRY_CI_CO_SB_CARRY_CI_CO_SB_CARRY_CI_CO_SB_CARRY_CI_CO_SB_CARRY_CI_CO_SB_CARRY_CI_CO_SB_CARRY_CI_CO_SB_CARRY_CI_CO_SB_CARRY_CI_CO_SB_CARRY_CI_CO_SB_CARRY_CI_CO_SB_CARRY_CI_CO_SB_CARRY_CI_CO_SB_CARRY_CI_CO_SB_CARRY_CI_CO_SB_CARRY_CI_CO_SB_CARRY_CI_CO_SB_CARRY_CI_CO_SB_CARRY_CI_CO_SB_CARRY_CI_CO_SB_CARRY_CI_CO_SB_CARRY_CI_CO_SB_CARRY_CI_CO_SB_CARRY_CI_CO_SB_CARRY_CI_CO_SB_CARRY_CI_CO_SB_CARRY_CI_I0_SB_LUT4_O_LC.CIN
Info:                          Defined in:
Info:                               rtl/core/known_spectral_core.sv:102.35-103.60
Info:                               /home/researcher/Desktop/￿FFE6￿FF95￿FF99￿FFE6￿FF9D￿FF90/Fall 2026/digital ic/.tools/oss-cad-suite/libexec/../share/yosys/ice40/arith_map.v:62.5-70.4
Info:                               /home/researcher/Desktop/￿FFE6￿FF95￿FF99￿FFE6￿FF9D￿FF90/Fall 2026/digital ic/.tools/oss-cad-suite/libexec/../share/yosys/ice40/abc9_model.v:4.9-4.11
Info:      logic  0.28  50.42 Source system.core.feature_SB_DFFE_Q_1_D_SB_LUT4_O_I3_SB_LUT4_O_I2_SB_CARRY_I0_CO_SB_CARRY_CI_CO_SB_CARRY_CI_CO_SB_CARRY_CI_CO_SB_CARRY_CI_CO_SB_CARRY_CI_CO_SB_CARRY_CI_CO_SB_CARRY_CI_CO_SB_CARRY_CI_CO_SB_CARRY_CI_CO_SB_CARRY_CI_CO_SB_CARRY_CI_CO_SB_CARRY_CI_CO_SB_CARRY_CI_CO_SB_CARRY_CI_CO_SB_CARRY_CI_CO_SB_CARRY_CI_CO_SB_CARRY_CI_CO_SB_CARRY_CI_CO_SB_CARRY_CI_CO_SB_CARRY_CI_CO_SB_CARRY_CI_CO_SB_CARRY_CI_CO_SB_CARRY_CI_CO_SB_CARRY_CI_CO_SB_CARRY_CI_CO_SB_CARRY_CI_CO_SB_CARRY_CI_CO_SB_CARRY_CI_CO_SB_CARRY_CI_CO_SB_CARRY_CI_CO_SB_CARRY_CI_I0_SB_LUT4_O_LC.COUT
Info:    routing  0.00  50.42 Net system.core.feature_SB_DFFE_Q_6_D_SB_LUT4_O_I2_SB_LUT4_O_I2_SB_LUT4_O_I3_SB_CARRY_CI_CO_SB_CARRY_CI_CO_SB_CARRY_CI_CO_SB_CARRY_CI_CO_SB_CARRY_CI_CO_SB_CARRY_CI_CO_SB_CARRY_CI_CO_SB_CARRY_CI_CO_SB_CARRY_CI_CO_SB_CARRY_CI_CO_SB_CARRY_CI_CO_SB_CARRY_CI_CO_SB_CARRY_CI_CO_SB_CARRY_CI_CO_SB_CARRY_CI_CO_SB_CARRY_CI_CO_SB_CARRY_CI_CO_SB_CARRY_CI_CO_SB_CARRY_CI_CO_SB_CARRY_CI_CO_SB_CARRY_CI_CO_SB_CARRY_CI_CO_SB_CARRY_CI_CO_SB_CARRY_CI_CO_SB_CARRY_CI_CO_SB_CARRY_CI_CO_SB_CARRY_CI_CO (10,13) -> (10,13)
Info:                          Sink system.core.feature_SB_DFFE_Q_1_D_SB_LUT4_O_I3_SB_LUT4_O_I2_SB_CARRY_I0_CO_SB_CARRY_CI_CO_SB_CARRY_CI_CO_SB_CARRY_CI_CO_SB_CARRY_CI_CO_SB_CARRY_CI_CO_SB_CARRY_CI_CO_SB_CARRY_CI_CO_SB_CARRY_CI_CO_SB_CARRY_CI_CO_SB_CARRY_CI_CO_SB_CARRY_CI_CO_SB_CARRY_CI_CO_SB_CARRY_CI_CO_SB_CARRY_CI_CO_SB_CARRY_CI_CO_SB_CARRY_CI_CO_SB_CARRY_CI_CO_SB_CARRY_CI_CO_SB_CARRY_CI_CO_SB_CARRY_CI_CO_SB_CARRY_CI_CO_SB_CARRY_CI_CO_SB_CARRY_CI_CO_SB_CARRY_CI_CO_SB_CARRY_CI_CO_SB_CARRY_CI_CO_SB_CARRY_CI_CO_SB_CARRY_CI_CO_SB_CARRY_CI_CO_SB_CARRY_CI_CO_SB_CARRY_CI_CO_SB_CARRY_CI_I0_SB_LUT4_O_LC.CIN
Info:                          Defined in:
Info:                               rtl/core/known_spectral_core.sv:102.35-103.60
Info:                               /home/researcher/Desktop/￿FFE6￿FF95￿FF99￿FFE6￿FF9D￿FF90/Fall 2026/digital ic/.tools/oss-cad-suite/libexec/../share/yosys/ice40/arith_map.v:62.5-70.4
Info:                               /home/researcher/Desktop/￿FFE6￿FF95￿FF99￿FFE6￿FF9D￿FF90/Fall 2026/digital ic/.tools/oss-cad-suite/libexec/../share/yosys/ice40/abc9_model.v:4.9-4.11
Info:      logic  0.28  50.69 Source system.core.feature_SB_DFFE_Q_1_D_SB_LUT4_O_I3_SB_LUT4_O_I2_SB_CARRY_I0_CO_SB_CARRY_CI_CO_SB_CARRY_CI_CO_SB_CARRY_CI_CO_SB_CARRY_CI_CO_SB_CARRY_CI_CO_SB_CARRY_CI_CO_SB_CARRY_CI_CO_SB_CARRY_CI_CO_SB_CARRY_CI_CO_SB_CARRY_CI_CO_SB_CARRY_CI_CO_SB_CARRY_CI_CO_SB_CARRY_CI_CO_SB_CARRY_CI_CO_SB_CARRY_CI_CO_SB_CARRY_CI_CO_SB_CARRY_CI_CO_SB_CARRY_CI_CO_SB_CARRY_CI_CO_SB_CARRY_CI_CO_SB_CARRY_CI_CO_SB_CARRY_CI_CO_SB_CARRY_CI_CO_SB_CARRY_CI_CO_SB_CARRY_CI_CO_SB_CARRY_CI_CO_SB_CARRY_CI_CO_SB_CARRY_CI_CO_SB_CARRY_CI_CO_SB_CARRY_CI_CO_SB_CARRY_CI_CO_SB_CARRY_CI_I0_SB_LUT4_O_LC.COUT
Info:    routing  0.00  50.69 Net system.core.feature_SB_DFFE_Q_6_D_SB_LUT4_O_I2_SB_LUT4_O_I2_SB_LUT4_O_I3_SB_CARRY_CI_CO_SB_CARRY_CI_CO_SB_CARRY_CI_CO_SB_CARRY_CI_CO_SB_CARRY_CI_CO_SB_CARRY_CI_CO_SB_CARRY_CI_CO_SB_CARRY_CI_CO_SB_CARRY_CI_CO_SB_CARRY_CI_CO_SB_CARRY_CI_CO_SB_CARRY_CI_CO_SB_CARRY_CI_CO_SB_CARRY_CI_CO_SB_CARRY_CI_CO_SB_CARRY_CI_CO_SB_CARRY_CI_CO_SB_CARRY_CI_CO_SB_CARRY_CI_CO_SB_CARRY_CI_CO_SB_CARRY_CI_CO_SB_CARRY_CI_CO_SB_CARRY_CI_CO_SB_CARRY_CI_CO_SB_CARRY_CI_CO_SB_CARRY_CI_CO_SB_CARRY_CI_CO_SB_CARRY_CI_CO (10,13) -> (10,13)
Info:                          Sink system.core.feature_SB_DFFE_Q_1_D_SB_LUT4_O_I3_SB_LUT4_O_I2_SB_CARRY_I0_CO_SB_CARRY_CI_CO_SB_CARRY_CI_CO_SB_CARRY_CI_CO_SB_CARRY_CI_CO_SB_CARRY_CI_CO_SB_CARRY_CI_CO_SB_CARRY_CI_CO_SB_CARRY_CI_CO_SB_CARRY_CI_CO_SB_CARRY_CI_CO_SB_CARRY_CI_CO_SB_CARRY_CI_CO_SB_CARRY_CI_CO_SB_CARRY_CI_CO_SB_CARRY_CI_CO_SB_CARRY_CI_CO_SB_CARRY_CI_CO_SB_CARRY_CI_CO_SB_CARRY_CI_CO_SB_CARRY_CI_CO_SB_CARRY_CI_CO_SB_CARRY_CI_CO_SB_CARRY_CI_CO_SB_CARRY_CI_CO_SB_CARRY_CI_CO_SB_CARRY_CI_CO_SB_CARRY_CI_CO_SB_CARRY_CI_CO_SB_CARRY_CI_CO_SB_CARRY_CI_CO_SB_CARRY_CI_CO_SB_CARRY_CI_CO_SB_CARRY_CI_I0_SB_LUT4_O_LC.CIN
Info:                          Defined in:
Info:                               rtl/core/known_spectral_core.sv:102.35-103.60
Info:                               /home/researcher/Desktop/￿FFE6￿FF95￿FF99￿FFE6￿FF9D￿FF90/Fall 2026/digital ic/.tools/oss-cad-suite/libexec/../share/yosys/ice40/arith_map.v:62.5-70.4
Info:                               /home/researcher/Desktop/￿FFE6￿FF95￿FF99￿FFE6￿FF9D￿FF90/Fall 2026/digital ic/.tools/oss-cad-suite/libexec/../share/yosys/ice40/abc9_model.v:4.9-4.11
Info:      logic  0.28  50.97 Source system.core.feature_SB_DFFE_Q_1_D_SB_LUT4_O_I3_SB_LUT4_O_I2_SB_CARRY_I0_CO_SB_CARRY_CI_CO_SB_CARRY_CI_CO_SB_CARRY_CI_CO_SB_CARRY_CI_CO_SB_CARRY_CI_CO_SB_CARRY_CI_CO_SB_CARRY_CI_CO_SB_CARRY_CI_CO_SB_CARRY_CI_CO_SB_CARRY_CI_CO_SB_CARRY_CI_CO_SB_CARRY_CI_CO_SB_CARRY_CI_CO_SB_CARRY_CI_CO_SB_CARRY_CI_CO_SB_CARRY_CI_CO_SB_CARRY_CI_CO_SB_CARRY_CI_CO_SB_CARRY_CI_CO_SB_CARRY_CI_CO_SB_CARRY_CI_CO_SB_CARRY_CI_CO_SB_CARRY_CI_CO_SB_CARRY_CI_CO_SB_CARRY_CI_CO_SB_CARRY_CI_CO_SB_CARRY_CI_CO_SB_CARRY_CI_CO_SB_CARRY_CI_CO_SB_CARRY_CI_CO_SB_CARRY_CI_CO_SB_CARRY_CI_CO_SB_CARRY_CI_I0_SB_LUT4_O_LC.COUT
Info:    routing  0.00  50.97 Net system.core.feature_SB_DFFE_Q_6_D_SB_LUT4_O_I2_SB_LUT4_O_I2_SB_LUT4_O_I3_SB_CARRY_CI_CO_SB_CARRY_CI_CO_SB_CARRY_CI_CO_SB_CARRY_CI_CO_SB_CARRY_CI_CO_SB_CARRY_CI_CO_SB_CARRY_CI_CO_SB_CARRY_CI_CO_SB_CARRY_CI_CO_SB_CARRY_CI_CO_SB_CARRY_CI_CO_SB_CARRY_CI_CO_SB_CARRY_CI_CO_SB_CARRY_CI_CO_SB_CARRY_CI_CO_SB_CARRY_CI_CO_SB_CARRY_CI_CO_SB_CARRY_CI_CO_SB_CARRY_CI_CO_SB_CARRY_CI_CO_SB_CARRY_CI_CO_SB_CARRY_CI_CO_SB_CARRY_CI_CO_SB_CARRY_CI_CO_SB_CARRY_CI_CO_SB_CARRY_CI_CO_SB_CARRY_CI_CO_SB_CARRY_CI_CO_SB_CARRY_CI_CO (10,13) -> (10,13)
Info:                          Sink system.core.feature_SB_DFFE_Q_1_D_SB_LUT4_O_I3_SB_LUT4_O_I2_SB_CARRY_I0_CO_SB_CARRY_CI_CO_SB_CARRY_CI_CO_SB_CARRY_CI_CO_SB_CARRY_CI_CO_SB_CARRY_CI_CO_SB_CARRY_CI_CO_SB_CARRY_CI_CO_SB_CARRY_CI_CO_SB_CARRY_CI_CO_SB_CARRY_CI_CO_SB_CARRY_CI_CO_SB_CARRY_CI_CO_SB_CARRY_CI_CO_SB_CARRY_CI_CO_SB_CARRY_CI_CO_SB_CARRY_CI_CO_SB_CARRY_CI_CO_SB_CARRY_CI_CO_SB_CARRY_CI_CO_SB_CARRY_CI_CO_SB_CARRY_CI_CO_SB_CARRY_CI_CO_SB_CARRY_CI_CO_SB_CARRY_CI_CO_SB_CARRY_CI_CO_SB_CARRY_CI_CO_SB_CARRY_CI_CO_SB_CARRY_CI_CO_SB_CARRY_CI_CO_SB_CARRY_CI_CO_SB_CARRY_CI_CO_SB_CARRY_CI_CO_SB_CARRY_CI_CO_SB_CARRY_CI_I0_SB_LUT4_O_LC.CIN
Info:                          Defined in:
Info:                               rtl/core/known_spectral_core.sv:102.35-103.60
Info:                               /home/researcher/Desktop/￿FFE6￿FF95￿FF99￿FFE6￿FF9D￿FF90/Fall 2026/digital ic/.tools/oss-cad-suite/libexec/../share/yosys/ice40/arith_map.v:62.5-70.4
Info:                               /home/researcher/Desktop/￿FFE6￿FF95￿FF99￿FFE6￿FF9D￿FF90/Fall 2026/digital ic/.tools/oss-cad-suite/libexec/../share/yosys/ice40/abc9_model.v:4.9-4.11
Info:      logic  0.28  51.25 Source system.core.feature_SB_DFFE_Q_1_D_SB_LUT4_O_I3_SB_LUT4_O_I2_SB_CARRY_I0_CO_SB_CARRY_CI_CO_SB_CARRY_CI_CO_SB_CARRY_CI_CO_SB_CARRY_CI_CO_SB_CARRY_CI_CO_SB_CARRY_CI_CO_SB_CARRY_CI_CO_SB_CARRY_CI_CO_SB_CARRY_CI_CO_SB_CARRY_CI_CO_SB_CARRY_CI_CO_SB_CARRY_CI_CO_SB_CARRY_CI_CO_SB_CARRY_CI_CO_SB_CARRY_CI_CO_SB_CARRY_CI_CO_SB_CARRY_CI_CO_SB_CARRY_CI_CO_SB_CARRY_CI_CO_SB_CARRY_CI_CO_SB_CARRY_CI_CO_SB_CARRY_CI_CO_SB_CARRY_CI_CO_SB_CARRY_CI_CO_SB_CARRY_CI_CO_SB_CARRY_CI_CO_SB_CARRY_CI_CO_SB_CARRY_CI_CO_SB_CARRY_CI_CO_SB_CARRY_CI_CO_SB_CARRY_CI_CO_SB_CARRY_CI_CO_SB_CARRY_CI_CO_SB_CARRY_CI_I0_SB_LUT4_O_LC.COUT
Info:    routing  0.00  51.25 Net system.core.feature_SB_DFFE_Q_6_D_SB_LUT4_O_I2_SB_LUT4_O_I2_SB_LUT4_O_I3_SB_CARRY_CI_CO_SB_CARRY_CI_CO_SB_CARRY_CI_CO_SB_CARRY_CI_CO_SB_CARRY_CI_CO_SB_CARRY_CI_CO_SB_CARRY_CI_CO_SB_CARRY_CI_CO_SB_CARRY_CI_CO_SB_CARRY_CI_CO_SB_CARRY_CI_CO_SB_CARRY_CI_CO_SB_CARRY_CI_CO_SB_CARRY_CI_CO_SB_CARRY_CI_CO_SB_CARRY_CI_CO_SB_CARRY_CI_CO_SB_CARRY_CI_CO_SB_CARRY_CI_CO_SB_CARRY_CI_CO_SB_CARRY_CI_CO_SB_CARRY_CI_CO_SB_CARRY_CI_CO_SB_CARRY_CI_CO_SB_CARRY_CI_CO_SB_CARRY_CI_CO_SB_CARRY_CI_CO_SB_CARRY_CI_CO_SB_CARRY_CI_CO_SB_CARRY_CI_CO (10,13) -> (10,13)
Info:                          Sink system.core.feature_SB_DFFE_Q_1_D_SB_LUT4_O_I3_SB_LUT4_O_I2_SB_CARRY_I0_CO_SB_CARRY_CI_CO_SB_CARRY_CI_CO_SB_CARRY_CI_CO_SB_CARRY_CI_CO_SB_CARRY_CI_CO_SB_CARRY_CI_CO_SB_CARRY_CI_CO_SB_CARRY_CI_CO_SB_CARRY_CI_CO_SB_CARRY_CI_CO_SB_CARRY_CI_CO_SB_CARRY_CI_CO_SB_CARRY_CI_CO_SB_CARRY_CI_CO_SB_CARRY_CI_CO_SB_CARRY_CI_CO_SB_CARRY_CI_CO_SB_CARRY_CI_CO_SB_CARRY_CI_CO_SB_CARRY_CI_CO_SB_CARRY_CI_CO_SB_CARRY_CI_CO_SB_CARRY_CI_CO_SB_CARRY_CI_CO_SB_CARRY_CI_CO_SB_CARRY_CI_CO_SB_CARRY_CI_CO_SB_CARRY_CI_CO_SB_CARRY_CI_CO_SB_CARRY_CI_CO_SB_CARRY_CI_CO_SB_CARRY_CI_CO_SB_CARRY_CI_CO_SB_CARRY_CI_CO_SB_CARRY_CI_I0_SB_LUT4_O_LC.CIN
Info:                          Defined in:
Info:                               rtl/core/known_spectral_core.sv:102.35-103.60
Info:                               /home/researcher/Desktop/￿FFE6￿FF95￿FF99￿FFE6￿FF9D￿FF90/Fall 2026/digital ic/.tools/oss-cad-suite/libexec/../share/yosys/ice40/arith_map.v:62.5-70.4
Info:                               /home/researcher/Desktop/￿FFE6￿FF95￿FF99￿FFE6￿FF9D￿FF90/Fall 2026/digital ic/.tools/oss-cad-suite/libexec/../share/yosys/ice40/cells_map.v:6.21-6.22
Info:      logic  0.28  51.53 Source system.core.feature_SB_DFFE_Q_1_D_SB_LUT4_O_I3_SB_LUT4_O_I2_SB_CARRY_I0_CO_SB_CARRY_CI_CO_SB_CARRY_CI_CO_SB_CARRY_CI_CO_SB_CARRY_CI_CO_SB_CARRY_CI_CO_SB_CARRY_CI_CO_SB_CARRY_CI_CO_SB_CARRY_CI_CO_SB_CARRY_CI_CO_SB_CARRY_CI_CO_SB_CARRY_CI_CO_SB_CARRY_CI_CO_SB_CARRY_CI_CO_SB_CARRY_CI_CO_SB_CARRY_CI_CO_SB_CARRY_CI_CO_SB_CARRY_CI_CO_SB_CARRY_CI_CO_SB_CARRY_CI_CO_SB_CARRY_CI_CO_SB_CARRY_CI_CO_SB_CARRY_CI_CO_SB_CARRY_CI_CO_SB_CARRY_CI_CO_SB_CARRY_CI_CO_SB_CARRY_CI_CO_SB_CARRY_CI_CO_SB_CARRY_CI_CO_SB_CARRY_CI_CO_SB_CARRY_CI_CO_SB_CARRY_CI_CO_SB_CARRY_CI_CO_SB_CARRY_CI_CO_SB_CARRY_CI_CO_SB_CARRY_CI_I0_SB_LUT4_O_LC.COUT
Info:    routing  0.00  51.53 Net system.core.feature_SB_DFFE_Q_6_D_SB_LUT4_O_I2_SB_LUT4_O_I2_SB_LUT4_O_I3_SB_CARRY_CI_CO_SB_CARRY_CI_CO_SB_CARRY_CI_CO_SB_CARRY_CI_CO_SB_CARRY_CI_CO_SB_CARRY_CI_CO_SB_CARRY_CI_CO_SB_CARRY_CI_CO_SB_CARRY_CI_CO_SB_CARRY_CI_CO_SB_CARRY_CI_CO_SB_CARRY_CI_CO_SB_CARRY_CI_CO_SB_CARRY_CI_CO_SB_CARRY_CI_CO_SB_CARRY_CI_CO_SB_CARRY_CI_CO_SB_CARRY_CI_CO_SB_CARRY_CI_CO_SB_CARRY_CI_CO_SB_CARRY_CI_CO_SB_CARRY_CI_CO_SB_CARRY_CI_CO_SB_CARRY_CI_CO_SB_CARRY_CI_CO_SB_CARRY_CI_CO_SB_CARRY_CI_CO_SB_CARRY_CI_CO_SB_CARRY_CI_CO_SB_CARRY_CI_CO_SB_CARRY_CI_CO (10,13) -> (10,13)
Info:                          Sink system.core.feature_SB_DFFE_Q_1_D_SB_LUT4_O_I3_SB_LUT4_O_I2_SB_CARRY_I0_CO_SB_CARRY_CI_CO_SB_CARRY_CI_CO_SB_CARRY_CI_CO_SB_CARRY_CI_CO_SB_CARRY_CI_CO_SB_CARRY_CI_CO_SB_CARRY_CI_CO_SB_CARRY_CI_CO_SB_CARRY_CI_CO_SB_CARRY_CI_CO_SB_CARRY_CI_CO_SB_CARRY_CI_CO_SB_CARRY_CI_CO_SB_CARRY_CI_CO_SB_CARRY_CI_CO_SB_CARRY_CI_CO_SB_CARRY_CI_CO_SB_CARRY_CI_CO_SB_CARRY_CI_CO_SB_CARRY_CI_CO_SB_CARRY_CI_CO_SB_CARRY_CI_CO_SB_CARRY_CI_CO_SB_CARRY_CI_CO_SB_CARRY_CI_CO_SB_CARRY_CI_CO_SB_CARRY_CI_CO_SB_CARRY_CI_CO_SB_CARRY_CI_CO_SB_CARRY_CI_CO_SB_CARRY_CI_CO_SB_CARRY_CI_CO_SB_CARRY_CI_CO_SB_CARRY_CI_CO_SB_CARRY_CI_CO_SB_CARRY_CI_I0_SB_LUT4_O_LC.CIN
Info:                          Defined in:
Info:                               rtl/core/known_spectral_core.sv:102.35-103.60
Info:                               /home/researcher/Desktop/￿FFE6￿FF95￿FF99￿FFE6￿FF9D￿FF90/Fall 2026/digital ic/.tools/oss-cad-suite/libexec/../share/yosys/ice40/arith_map.v:62.5-70.4
Info:                               /home/researcher/Desktop/￿FFE6￿FF95￿FF99￿FFE6￿FF9D￿FF90/Fall 2026/digital ic/.tools/oss-cad-suite/libexec/../share/yosys/ice40/abc9_model.v:4.9-4.11
Info:      logic  0.28  51.81 Source system.core.feature_SB_DFFE_Q_1_D_SB_LUT4_O_I3_SB_LUT4_O_I2_SB_CARRY_I0_CO_SB_CARRY_CI_CO_SB_CARRY_CI_CO_SB_CARRY_CI_CO_SB_CARRY_CI_CO_SB_CARRY_CI_CO_SB_CARRY_CI_CO_SB_CARRY_CI_CO_SB_CARRY_CI_CO_SB_CARRY_CI_CO_SB_CARRY_CI_CO_SB_CARRY_CI_CO_SB_CARRY_CI_CO_SB_CARRY_CI_CO_SB_CARRY_CI_CO_SB_CARRY_CI_CO_SB_CARRY_CI_CO_SB_CARRY_CI_CO_SB_CARRY_CI_CO_SB_CARRY_CI_CO_SB_CARRY_CI_CO_SB_CARRY_CI_CO_SB_CARRY_CI_CO_SB_CARRY_CI_CO_SB_CARRY_CI_CO_SB_CARRY_CI_CO_SB_CARRY_CI_CO_SB_CARRY_CI_CO_SB_CARRY_CI_CO_SB_CARRY_CI_CO_SB_CARRY_CI_CO_SB_CARRY_CI_CO_SB_CARRY_CI_CO_SB_CARRY_CI_CO_SB_CARRY_CI_CO_SB_CARRY_CI_CO_SB_CARRY_CI_I0_SB_LUT4_O_LC.COUT
Info:    routing  0.00  51.81 Net system.core.feature_SB_DFFE_Q_6_D_SB_LUT4_O_I2_SB_LUT4_O_I2_SB_LUT4_O_I3_SB_CARRY_CI_CO_SB_CARRY_CI_CO_SB_CARRY_CI_CO_SB_CARRY_CI_CO_SB_CARRY_CI_CO_SB_CARRY_CI_CO_SB_CARRY_CI_CO_SB_CARRY_CI_CO_SB_CARRY_CI_CO_SB_CARRY_CI_CO_SB_CARRY_CI_CO_SB_CARRY_CI_CO_SB_CARRY_CI_CO_SB_CARRY_CI_CO_SB_CARRY_CI_CO_SB_CARRY_CI_CO_SB_CARRY_CI_CO_SB_CARRY_CI_CO_SB_CARRY_CI_CO_SB_CARRY_CI_CO_SB_CARRY_CI_CO_SB_CARRY_CI_CO_SB_CARRY_CI_CO_SB_CARRY_CI_CO_SB_CARRY_CI_CO_SB_CARRY_CI_CO_SB_CARRY_CI_CO_SB_CARRY_CI_CO_SB_CARRY_CI_CO_SB_CARRY_CI_CO_SB_CARRY_CI_CO_SB_CARRY_CI_CO (10,13) -> (10,13)
Info:                          Sink system.core.feature_SB_DFFE_Q_1_D_SB_LUT4_O_I3_SB_LUT4_O_I2_SB_CARRY_I0_CO_SB_CARRY_CI_CO_SB_CARRY_CI_CO_SB_CARRY_CI_CO_SB_CARRY_CI_CO_SB_CARRY_CI_CO_SB_CARRY_CI_CO_SB_CARRY_CI_CO_SB_CARRY_CI_CO_SB_CARRY_CI_CO_SB_CARRY_CI_CO_SB_CARRY_CI_CO_SB_CARRY_CI_CO_SB_CARRY_CI_CO_SB_CARRY_CI_CO_SB_CARRY_CI_CO_SB_CARRY_CI_CO_SB_CARRY_CI_CO_SB_CARRY_CI_CO_SB_CARRY_CI_CO_SB_CARRY_CI_CO_SB_CARRY_CI_CO_SB_CARRY_CI_CO_SB_CARRY_CI_CO_SB_CARRY_CI_CO_SB_CARRY_CI_CO_SB_CARRY_CI_CO_SB_CARRY_CI_CO_SB_CARRY_CI_CO_SB_CARRY_CI_CO_SB_CARRY_CI_CO_SB_CARRY_CI_CO_SB_CARRY_CI_CO_SB_CARRY_CI_CO_SB_CARRY_CI_CO_SB_CARRY_CI_CO_SB_CARRY_CI_CO_SB_CARRY_CI_I0_SB_LUT4_O_LC.CIN
Info:                          Defined in:
Info:                               rtl/core/known_spectral_core.sv:102.35-103.60
Info:                               /home/researcher/Desktop/￿FFE6￿FF95￿FF99￿FFE6￿FF9D￿FF90/Fall 2026/digital ic/.tools/oss-cad-suite/libexec/../share/yosys/ice40/arith_map.v:62.5-70.4
Info:                               /home/researcher/Desktop/￿FFE6￿FF95￿FF99￿FFE6￿FF9D￿FF90/Fall 2026/digital ic/.tools/oss-cad-suite/libexec/../share/yosys/ice40/abc9_model.v:4.9-4.11
Info:      logic  0.28  52.08 Source system.core.feature_SB_DFFE_Q_1_D_SB_LUT4_O_I3_SB_LUT4_O_I2_SB_CARRY_I0_CO_SB_CARRY_CI_CO_SB_CARRY_CI_CO_SB_CARRY_CI_CO_SB_CARRY_CI_CO_SB_CARRY_CI_CO_SB_CARRY_CI_CO_SB_CARRY_CI_CO_SB_CARRY_CI_CO_SB_CARRY_CI_CO_SB_CARRY_CI_CO_SB_CARRY_CI_CO_SB_CARRY_CI_CO_SB_CARRY_CI_CO_SB_CARRY_CI_CO_SB_CARRY_CI_CO_SB_CARRY_CI_CO_SB_CARRY_CI_CO_SB_CARRY_CI_CO_SB_CARRY_CI_CO_SB_CARRY_CI_CO_SB_CARRY_CI_CO_SB_CARRY_CI_CO_SB_CARRY_CI_CO_SB_CARRY_CI_CO_SB_CARRY_CI_CO_SB_CARRY_CI_CO_SB_CARRY_CI_CO_SB_CARRY_CI_CO_SB_CARRY_CI_CO_SB_CARRY_CI_CO_SB_CARRY_CI_CO_SB_CARRY_CI_CO_SB_CARRY_CI_CO_SB_CARRY_CI_CO_SB_CARRY_CI_CO_SB_CARRY_CI_CO_SB_CARRY_CI_I0_SB_LUT4_O_LC.COUT
Info:    routing  0.66  52.75 Net $nextpnr_ICESTORM_LC_77$I3 (10,13) -> (10,13)
Info:                          Sink $nextpnr_ICESTORM_LC_77.I3
Info:      logic  0.87  53.62 Source $nextpnr_ICESTORM_LC_77.O
Info:    routing  1.76  55.38 Net system.core.feature_SB_DFFE_Q_1_D_SB_LUT4_O_I3_SB_LUT4_O_I2_SB_CARRY_I0_CO_SB_CARRY_CI_CO_SB_CARRY_CI_CO_SB_CARRY_CI_CO_SB_CARRY_CI_CO_SB_CARRY_CI_CO_SB_CARRY_CI_CO_SB_CARRY_CI_CO_SB_CARRY_CI_CO_SB_CARRY_CI_CO_SB_CARRY_CI_CO_SB_CARRY_CI_CO_SB_CARRY_CI_CO_SB_CARRY_CI_CO_SB_CARRY_CI_CO_SB_CARRY_CI_CO_SB_CARRY_CI_CO_SB_CARRY_CI_CO_SB_CARRY_CI_CO_SB_CARRY_CI_CO_SB_CARRY_CI_CO_SB_CARRY_CI_CO_SB_CARRY_CI_CO_SB_CARRY_CI_CO_SB_CARRY_CI_CO_SB_CARRY_CI_CO_SB_CARRY_CI_CO_SB_CARRY_CI_CO_SB_CARRY_CI_CO_SB_CARRY_CI_CO_SB_CARRY_CI_CO_SB_CARRY_CI_CO_SB_CARRY_CI_CO_SB_CARRY_CI_CO_SB_CARRY_CI_CO_SB_CARRY_CI_CO_SB_CARRY_CI_CO_SB_CARRY_CI_CO_SB_CARRY_CI_I0_SB_LUT4_O_I3 (10,13) -> (11,13)
Info:                          Sink system.core.feature_SB_DFFE_Q_1_D_SB_LUT4_O_I3_SB_LUT4_O_I2_SB_CARRY_I0_CO_SB_CARRY_CI_CO_SB_CARRY_CI_CO_SB_CARRY_CI_CO_SB_CARRY_CI_CO_SB_CARRY_CI_CO_SB_CARRY_CI_CO_SB_CARRY_CI_CO_SB_CARRY_CI_CO_SB_CARRY_CI_CO_SB_CARRY_CI_CO_SB_CARRY_CI_CO_SB_CARRY_CI_CO_SB_CARRY_CI_CO_SB_CARRY_CI_CO_SB_CARRY_CI_CO_SB_CARRY_CI_CO_SB_CARRY_CI_CO_SB_CARRY_CI_CO_SB_CARRY_CI_CO_SB_CARRY_CI_CO_SB_CARRY_CI_CO_SB_CARRY_CI_CO_SB_CARRY_CI_CO_SB_CARRY_CI_CO_SB_CARRY_CI_CO_SB_CARRY_CI_CO_SB_CARRY_CI_CO_SB_CARRY_CI_CO_SB_CARRY_CI_CO_SB_CARRY_CI_CO_SB_CARRY_CI_CO_SB_CARRY_CI_CO_SB_CARRY_CI_CO_SB_CARRY_CI_CO_SB_CARRY_CI_CO_SB_CARRY_CI_CO_SB_CARRY_CI_CO_SB_CARRY_CI$CARRY.I3
Info:                          Defined in:
Info:                               rtl/core/known_spectral_core.sv:102.35-103.60
Info:                               /home/researcher/Desktop/￿FFE6￿FF95￿FF99￿FFE6￿FF9D￿FF90/Fall 2026/digital ic/.tools/oss-cad-suite/libexec/../share/yosys/ice40/arith_map.v:62.5-70.4
Info:                               /home/researcher/Desktop/￿FFE6￿FF95￿FF99￿FFE6￿FF9D￿FF90/Fall 2026/digital ic/.tools/oss-cad-suite/libexec/../share/yosys/ice40/abc9_model.v:4.9-4.11
Info:      logic  0.87  56.26 Source system.core.feature_SB_DFFE_Q_1_D_SB_LUT4_O_I3_SB_LUT4_O_I2_SB_CARRY_I0_CO_SB_CARRY_CI_CO_SB_CARRY_CI_CO_SB_CARRY_CI_CO_SB_CARRY_CI_CO_SB_CARRY_CI_CO_SB_CARRY_CI_CO_SB_CARRY_CI_CO_SB_CARRY_CI_CO_SB_CARRY_CI_CO_SB_CARRY_CI_CO_SB_CARRY_CI_CO_SB_CARRY_CI_CO_SB_CARRY_CI_CO_SB_CARRY_CI_CO_SB_CARRY_CI_CO_SB_CARRY_CI_CO_SB_CARRY_CI_CO_SB_CARRY_CI_CO_SB_CARRY_CI_CO_SB_CARRY_CI_CO_SB_CARRY_CI_CO_SB_CARRY_CI_CO_SB_CARRY_CI_CO_SB_CARRY_CI_CO_SB_CARRY_CI_CO_SB_CARRY_CI_CO_SB_CARRY_CI_CO_SB_CARRY_CI_CO_SB_CARRY_CI_CO_SB_CARRY_CI_CO_SB_CARRY_CI_CO_SB_CARRY_CI_CO_SB_CARRY_CI_CO_SB_CARRY_CI_CO_SB_CARRY_CI_CO_SB_CARRY_CI_CO_SB_CARRY_CI_CO_SB_CARRY_CI$CARRY.O
Info:    routing  1.76  58.02 Net system.core.feature_SB_DFFE_Q_1_D_SB_LUT4_O_I3_SB_LUT4_O_I2_SB_CARRY_I0_CO_SB_CARRY_CI_CO_SB_CARRY_CI_CO_SB_CARRY_CI_CO_SB_CARRY_CI_CO_SB_CARRY_CI_CO_SB_CARRY_CI_CO_SB_CARRY_CI_CO_SB_CARRY_CI_CO_SB_CARRY_CI_CO_SB_CARRY_CI_CO_SB_CARRY_CI_CO_SB_CARRY_CI_CO_SB_CARRY_CI_CO_SB_CARRY_CI_CO_SB_CARRY_CI_CO_SB_CARRY_CI_CO_SB_CARRY_CI_CO_SB_CARRY_CI_CO_SB_CARRY_CI_CO_SB_CARRY_CI_CO_SB_CARRY_CI_CO_SB_CARRY_CI_CO_SB_CARRY_CI_CO_SB_CARRY_CI_CO_SB_CARRY_CI_CO_SB_CARRY_CI_CO_SB_CARRY_CI_CO_SB_CARRY_CI_CO_SB_CARRY_CI_CO_SB_CARRY_CI_CO_SB_CARRY_CI_CO_SB_CARRY_CI_CO_SB_CARRY_CI_CO_SB_CARRY_CI_CO_SB_CARRY_CI_CO_SB_CARRY_CI_CO_SB_CARRY_CI_CO_SB_CARRY_CI_I0 (11,13) -> (11,13)
Info:                          Sink system.core.feature_SB_DFFE_Q_1_D_SB_LUT4_O_I3_SB_LUT4_O_I2_SB_CARRY_I0_CO_SB_CARRY_CI_CO_SB_CARRY_CI_CO_SB_CARRY_CI_CO_SB_CARRY_CI_CO_SB_CARRY_CI_CO_SB_CARRY_CI_CO_SB_CARRY_CI_CO_SB_CARRY_CI_CO_SB_CARRY_CI_CO_SB_CARRY_CI_CO_SB_CARRY_CI_CO_SB_CARRY_CI_CO_SB_CARRY_CI_CO_SB_CARRY_CI_CO_SB_CARRY_CI_CO_SB_CARRY_CI_CO_SB_CARRY_CI_CO_SB_CARRY_CI_CO_SB_CARRY_CI_CO_SB_CARRY_CI_CO_SB_CARRY_CI_CO_SB_CARRY_CI_CO_SB_CARRY_CI_CO_SB_CARRY_CI_CO_SB_CARRY_CI_CO_SB_CARRY_CI_CO_SB_CARRY_CI_CO_SB_CARRY_CI_CO_SB_CARRY_CI_CO_SB_CARRY_CI_CO_SB_CARRY_CI_CO_SB_CARRY_CI_CO_SB_CARRY_CI_CO_SB_CARRY_CI_CO_SB_CARRY_CI_CO_SB_CARRY_CI_CO_SB_CARRY_CI_CO_SB_CARRY_CI$CARRY.I1
Info:      logic  0.68  58.69 Source system.core.feature_SB_DFFE_Q_1_D_SB_LUT4_O_I3_SB_LUT4_O_I2_SB_CARRY_I0_CO_SB_CARRY_CI_CO_SB_CARRY_CI_CO_SB_CARRY_CI_CO_SB_CARRY_CI_CO_SB_CARRY_CI_CO_SB_CARRY_CI_CO_SB_CARRY_CI_CO_SB_CARRY_CI_CO_SB_CARRY_CI_CO_SB_CARRY_CI_CO_SB_CARRY_CI_CO_SB_CARRY_CI_CO_SB_CARRY_CI_CO_SB_CARRY_CI_CO_SB_CARRY_CI_CO_SB_CARRY_CI_CO_SB_CARRY_CI_CO_SB_CARRY_CI_CO_SB_CARRY_CI_CO_SB_CARRY_CI_CO_SB_CARRY_CI_CO_SB_CARRY_CI_CO_SB_CARRY_CI_CO_SB_CARRY_CI_CO_SB_CARRY_CI_CO_SB_CARRY_CI_CO_SB_CARRY_CI_CO_SB_CARRY_CI_CO_SB_CARRY_CI_CO_SB_CARRY_CI_CO_SB_CARRY_CI_CO_SB_CARRY_CI_CO_SB_CARRY_CI_CO_SB_CARRY_CI_CO_SB_CARRY_CI_CO_SB_CARRY_CI_CO_SB_CARRY_CI_CO_SB_CARRY_CI$CARRY.COUT
Info:    routing  1.22  59.91 Net $nextpnr_ICESTORM_LC_16$I3 (11,13) -> (11,14)
Info:                          Sink $nextpnr_ICESTORM_LC_16.I3
Info:      logic  0.87  60.78 Source $nextpnr_ICESTORM_LC_16.O
Info:    routing  2.41  63.19 Net system.core.feature_SB_DFFE_Q_1_D_SB_LUT4_O_I3_SB_LUT4_O_I2[1] (11,14) -> (12,12)
Info:                          Sink system.core.feature_SB_DFFE_Q_2_D_SB_LUT4_O_I3_SB_CARRY_CO$CARRY.I3
Info:                          Defined in:
Info:                               /home/researcher/Desktop/￿FFE6￿FF95￿FF99￿FFE6￿FF9D￿FF90/Fall 2026/digital ic/.tools/oss-cad-suite/libexec/../share/yosys/ice40/cells_map.v:6.21-6.22
Info:      logic  0.87  64.07 Source system.core.feature_SB_DFFE_Q_2_D_SB_LUT4_O_I3_SB_CARRY_CO$CARRY.O
Info:    routing  1.76  65.83 Net system.core.feature_SB_DFFE_Q_1_D_SB_LUT4_O_I3[2] (12,12) -> (12,12)
Info:                          Sink system.core.feature_SB_DFFE_Q_2_D_SB_LUT4_O_I3_SB_CARRY_CO$CARRY.I2
Info:                          Defined in:
Info:                               /home/researcher/Desktop/￿FFE6￿FF95￿FF99￿FFE6￿FF9D￿FF90/Fall 2026/digital ic/.tools/oss-cad-suite/libexec/../share/yosys/ice40/cells_map.v:6.21-6.22
Info:      logic  0.61  66.44 Source system.core.feature_SB_DFFE_Q_2_D_SB_LUT4_O_I3_SB_CARRY_CO$CARRY.COUT
Info:    routing  0.00  66.44 Net system.core.feature_SB_DFFE_Q_2_D_SB_LUT4_O_I2[3] (12,12) -> (12,12)
Info:                          Sink system.core.feature_SB_DFFE_Q_2_D_SB_LUT4_O_LC.CIN
Info:                          Defined in:
Info:                               rtl/core/known_spectral_core.sv:105.55-105.89
Info:                               /home/researcher/Desktop/￿FFE6￿FF95￿FF99￿FFE6￿FF9D￿FF90/Fall 2026/digital ic/.tools/oss-cad-suite/libexec/../share/yosys/ice40/arith_map.v:62.5-70.4
Info:                               /home/researcher/Desktop/￿FFE6￿FF95￿FF99￿FFE6￿FF9D￿FF90/Fall 2026/digital ic/.tools/oss-cad-suite/libexec/../share/yosys/ice40/abc9_model.v:4.9-4.11
Info:      logic  0.28  66.71 Source system.core.feature_SB_DFFE_Q_2_D_SB_LUT4_O_LC.COUT
Info:    routing  0.00  66.71 Net system.core.feature_SB_DFFE_Q_3_D_SB_LUT4_O_I2[3] (12,12) -> (12,12)
Info:                          Sink system.core.feature_SB_DFFE_Q_3_D_SB_LUT4_O_LC.CIN
Info:                          Defined in:
Info:                               rtl/core/known_spectral_core.sv:105.55-105.89
Info:                               /home/researcher/Desktop/￿FFE6￿FF95￿FF99￿FFE6￿FF9D￿FF90/Fall 2026/digital ic/.tools/oss-cad-suite/libexec/../share/yosys/ice40/arith_map.v:62.5-70.4
Info:                               /home/researcher/Desktop/￿FFE6￿FF95￿FF99￿FFE6￿FF9D￿FF90/Fall 2026/digital ic/.tools/oss-cad-suite/libexec/../share/yosys/ice40/abc9_model.v:4.9-4.11
Info:      logic  0.28  66.99 Source system.core.feature_SB_DFFE_Q_3_D_SB_LUT4_O_LC.COUT
Info:    routing  0.00  66.99 Net system.core.feature_SB_DFFE_Q_4_D_SB_LUT4_O_I2[3] (12,12) -> (12,12)
Info:                          Sink system.core.feature_SB_DFFE_Q_4_D_SB_LUT4_O_LC.CIN
Info:                          Defined in:
Info:                               rtl/core/known_spectral_core.sv:105.55-105.89
Info:                               /home/researcher/Desktop/￿FFE6￿FF95￿FF99￿FFE6￿FF9D￿FF90/Fall 2026/digital ic/.tools/oss-cad-suite/libexec/../share/yosys/ice40/arith_map.v:62.5-70.4
Info:                               /home/researcher/Desktop/￿FFE6￿FF95￿FF99￿FFE6￿FF9D￿FF90/Fall 2026/digital ic/.tools/oss-cad-suite/libexec/../share/yosys/ice40/abc9_model.v:4.9-4.11
Info:      logic  0.28  67.27 Source system.core.feature_SB_DFFE_Q_4_D_SB_LUT4_O_LC.COUT
Info:    routing  0.00  67.27 Net system.core.feature_SB_DFFE_Q_5_D_SB_LUT4_O_I2[3] (12,12) -> (12,12)
Info:                          Sink system.core.feature_SB_DFFE_Q_5_D_SB_LUT4_O_LC.CIN
Info:                          Defined in:
Info:                               rtl/core/known_spectral_core.sv:105.55-105.89
Info:                               /home/researcher/Desktop/￿FFE6￿FF95￿FF99￿FFE6￿FF9D￿FF90/Fall 2026/digital ic/.tools/oss-cad-suite/libexec/../share/yosys/ice40/arith_map.v:62.5-70.4
Info:                               /home/researcher/Desktop/￿FFE6￿FF95￿FF99￿FFE6￿FF9D￿FF90/Fall 2026/digital ic/.tools/oss-cad-suite/libexec/../share/yosys/ice40/abc9_model.v:4.9-4.11
Info:      logic  0.28  67.55 Source system.core.feature_SB_DFFE_Q_5_D_SB_LUT4_O_LC.COUT
Info:    routing  0.00  67.55 Net system.core.feature_SB_DFFE_Q_6_D_SB_LUT4_O_I2[3] (12,12) -> (12,12)
Info:                          Sink system.core.feature_SB_DFFE_Q_6_D_SB_LUT4_O_LC.CIN
Info:                          Defined in:
Info:                               rtl/core/known_spectral_core.sv:105.55-105.89
Info:                               /home/researcher/Desktop/￿FFE6￿FF95￿FF99￿FFE6￿FF9D￿FF90/Fall 2026/digital ic/.tools/oss-cad-suite/libexec/../share/yosys/ice40/arith_map.v:62.5-70.4
Info:                               /home/researcher/Desktop/￿FFE6￿FF95￿FF99￿FFE6￿FF9D￿FF90/Fall 2026/digital ic/.tools/oss-cad-suite/libexec/../share/yosys/ice40/abc9_model.v:4.9-4.11
Info:      logic  0.28  67.83 Source system.core.feature_SB_DFFE_Q_6_D_SB_LUT4_O_LC.COUT
Info:    routing  0.66  68.49 Net $nextpnr_ICESTORM_LC_13$I3 (12,12) -> (12,12)
Info:                          Sink $nextpnr_ICESTORM_LC_13.I3
Info:      logic  0.87  69.36 Source $nextpnr_ICESTORM_LC_13.O
Info:    routing  1.76  71.12 Net system.core.feature_SB_DFFESR_Q_D_SB_LUT4_O_I3 (12,12) -> (12,11)
Info:                          Sink system.core.feature_SB_DFFESR_Q_D_SB_LUT4_O_LC.I3
Info:                          Defined in:
Info:                               /home/researcher/Desktop/￿FFE6￿FF95￿FF99￿FFE6￿FF9D￿FF90/Fall 2026/digital ic/.tools/oss-cad-suite/libexec/../share/yosys/ice40/cells_map.v:6.21-6.22
Info:      setup  0.82  71.95 Source system.core.feature_SB_DFFESR_Q_D_SB_LUT4_O_LC.I3
Info: 31.74 ns logic, 40.21 ns routing

Info: Critical path report for cross-domain path '<async>' -> 'posedge clk':
Info:       type curr  total name
Info:     source  0.00  0.00 Source flash_miso$sb_io.D_IN_0
Info:    routing  2.95  2.95 Net flash_miso$SB_IO_IN (23,0) -> (24,2)
Info:                          Sink system.transport.spi.rx_shift_SB_DFFESR_Q_DFFLC.I0
Info:                          Defined in:
Info:                               rtl/io/spi_master.sv:18.16-18.20
Info:      setup  1.23  4.19 Source system.transport.spi.rx_shift_SB_DFFESR_Q_DFFLC.I0
Info: 1.23 ns logic, 2.95 ns routing

Info: Critical path report for cross-domain path 'posedge clk' -> '<async>':
Info:       type curr  total name
Info:   clk-to-q  1.39  1.39 Source system.controller.errors_SB_DFFESR_Q_6_DFFLC.O
Info:    routing  3.49  4.89 Net system.controller.errors[4] (14,12) -> (20,11)
Info:                          Sink status_error_SB_LUT4_O_I3_SB_LUT4_O_LC.I0
Info:                          Defined in:
Info:                               rtl/io/known_replay_controller.sv:27.15-27.21
Info:      logic  1.28  6.17 Source status_error_SB_LUT4_O_I3_SB_LUT4_O_LC.O
Info:    routing  1.76  7.93 Net status_error_SB_LUT4_O_I3[3] (20,11) -> (20,11)
Info:                          Sink status_error_SB_LUT4_O_LC.I3
Info:                          Defined in:
Info:                               /home/researcher/Desktop/￿FFE6￿FF95￿FF99￿FFE6￿FF9D￿FF90/Fall 2026/digital ic/.tools/oss-cad-suite/libexec/../share/yosys/ice40/cells_map.v:6.21-6.22
Info:      logic  0.87  8.80 Source status_error_SB_LUT4_O_LC.O
Info:    routing  4.25  13.05 Net status_error$SB_IO_OUT (20,11) -> (18,0)
Info:                          Sink status_error$sb_io.D_OUT_0
Info:                          Defined in:
Info:                               /home/researcher/Desktop/￿FFE6￿FF95￿FF99￿FFE6￿FF9D￿FF90/Fall 2026/digital ic/.tools/oss-cad-suite/libexec/../share/yosys/ice40/cells_map.v:6.21-6.22
Info: 3.55 ns logic, 9.50 ns routing

Info: Max frequency for clock 'clk': 13.90 MHz (PASS at 13.20 MHz)

Info: Clock '$PACKER_GND_NET' has no interior paths

Info: Max delay <async>     -> posedge clk: 4.19 ns
Info: Max delay posedge clk -> <async>    : 13.05 ns

Info: Slack histogram:
Info:  legend: * represents 24 endpoint(s)
Info:          + represents [1,24) endpoint(s)
Info: [  3809,   7244) |+
Info: [  7244,  10679) |+
Info: [ 10679,  14114) |*+
Info: [ 14114,  17549) |+
Info: [ 17549,  20984) |+
Info: [ 20984,  24419) |+
Info: [ 24419,  27854) |*+
Info: [ 27854,  31289) |**+
Info: [ 31289,  34724) |***+
Info: [ 34724,  38159) |***+
Info: [ 38159,  41594) |*****+
Info: [ 41594,  45029) |********+
Info: [ 45029,  48464) |***************+
Info: [ 48464,  51899) |**************+
Info: [ 51899,  55334) |*****************+
Info: [ 55334,  58769) |******************************+
Info: [ 58769,  62204) |************************************************************ 
Info: [ 62204,  65639) |*****************+
Info: [ 65639,  69074) |********************+
Info: [ 69074,  72509) |********************************************************+
1 warning, 0 errors

Info: Program finished normally.
