
-- Running command `read_verilog -defer -sv ./rtl/core/vib_coeff_rom.sv ./rtl/core/vibration_core.sv; chparam -set N 1024 -set LANES 4 -set HIDDEN_SHIFT 5 -set MODEL_DIR "./artifacts/fixtures/model" vibration_core; synth_ice40 -dsp -top vibration_core -json ./build/core_l4_fixtures/core.json; stat' --

1. Executing Verilog-2005 frontend: ./rtl/core/vib_coeff_rom.sv
Parsing SystemVerilog input from `./rtl/core/vib_coeff_rom.sv' to AST representation.
Storing AST representation for module `$abstract\vib_coeff_rom'.
Successfully finished Verilog frontend.

2. Executing Verilog-2005 frontend: ./rtl/core/vibration_core.sv
Parsing SystemVerilog input from `./rtl/core/vibration_core.sv' to AST representation.
Storing AST representation for module `$abstract\vibration_core'.
Successfully finished Verilog frontend.
Parameter \N = 1024
Parameter \LANES = 4
Parameter \MODEL_DIR = 952'0010111101010101011100110110010101110010011100110010111101110011011101000110000101101110011011000110010101111001001011110010111001100011011011110110010001100101011110000010111100101110011000110110100001100001011101000110011101110000011101000010110101110000011100100110111101101010011001010110001101110100011100110010111101100111001011010111000000101101001101100110000100110101011001000011100101100001011000110110001001100001001100110011000101100011001110000011000100111001001100010110000101100001001110010011001000110111001101110110001100110101001100000110010000110111001101010011100000111000011000010011100100101111011101010111000001100100011101010110100101101110011011110010110101110110011010010110001001110010011000010111010001101001011011110110111000101111011000010111001001110100011010010110011001100001011000110111010001110011001011110110011001101001011110000111010001110101011100100110010101110011001011110110110101101111011001000110010101101100
Parameter \HIDDEN_SHIFT = 5

3. Executing AST frontend in derive mode using pre-parsed AST for module `\vibration_core'.
Parameter \N = 1024
Parameter \LANES = 4
Parameter \MODEL_DIR = 952'0010111101010101011100110110010101110010011100110010111101110011011101000110000101101110011011000110010101111001001011110010111001100011011011110110010001100101011110000010111100101110011000110110100001100001011101000110011101110000011101000010110101110000011100100110111101101010011001010110001101110100011100110010111101100111001011010111000000101101001101100110000100110101011001000011100101100001011000110110001001100001001100110011000101100011001110000011000100111001001100010110000101100001001110010011001000110111001101110110001100110101001100000110010000110111001101010011100000111000011000010011100100101111011101010111000001100100011101010110100101101110011011110010110101110110011010010110001001110010011000010111010001101001011011110110111000101111011000010111001001110100011010010110011001100001011000110111010001110011001011110110011001101001011110000111010001110101011100100110010101110011001011110110110101101111011001000110010101101100
Parameter \HIDDEN_SHIFT = 5
Generating RTLIL representation for module `$paramod$d020b7fc2e43f1e4c67d442d2a1d903d0a0567a1\vibration_core'.
Warning: Replacing memory \product with list of registers. See ./rtl/core/vibration_core.sv:187
Warning: Replacing memory \phase with list of registers. See ./rtl/core/vibration_core.sv:242
Warning: Replacing memory \accumulator with list of registers. See ./rtl/core/vibration_core.sv:242
Warning: Replacing memory \operand_b with list of registers. See ./rtl/core/vibration_core.sv:195
Warning: Replacing memory \operand_a with list of registers. See ./rtl/core/vibration_core.sv:195

4. Executing SYNTH_ICE40 pass.

4.1. Executing Verilog-2005 frontend: ./.tools/oss-cad-suite/libexec/../share/yosys/ice40/cells_sim.v
Parsing Verilog input from `./.tools/oss-cad-suite/libexec/../share/yosys/ice40/cells_sim.v' to AST representation.
Generating RTLIL representation for module `\SB_IO'.
Generating RTLIL representation for module `\SB_GB_IO'.
Generating RTLIL representation for module `\SB_GB'.
Generating RTLIL representation for module `\SB_LUT4'.
Generating RTLIL representation for module `\SB_CARRY'.
Generating RTLIL representation for module `\SB_DFF'.
Generating RTLIL representation for module `\SB_DFFE'.
Generating RTLIL representation for module `\SB_DFFSR'.
Generating RTLIL representation for module `\SB_DFFR'.
Generating RTLIL representation for module `\SB_DFFSS'.
Generating RTLIL representation for module `\SB_DFFS'.
Generating RTLIL representation for module `\SB_DFFESR'.
Generating RTLIL representation for module `\SB_DFFER'.
Generating RTLIL representation for module `\SB_DFFESS'.
Generating RTLIL representation for module `\SB_DFFES'.
Generating RTLIL representation for module `\SB_DFFN'.
Generating RTLIL representation for module `\SB_DFFNE'.
Generating RTLIL representation for module `\SB_DFFNSR'.
Generating RTLIL representation for module `\SB_DFFNR'.
Generating RTLIL representation for module `\SB_DFFNSS'.
Generating RTLIL representation for module `\SB_DFFNS'.
Generating RTLIL representation for module `\SB_DFFNESR'.
Generating RTLIL representation for module `\SB_DFFNER'.
Generating RTLIL representation for module `\SB_DFFNESS'.
Generating RTLIL representation for module `\SB_DFFNES'.
Generating RTLIL representation for module `\SB_RAM40_4K'.
Generating RTLIL representation for module `\SB_RAM40_4KNR'.
Generating RTLIL representation for module `\SB_RAM40_4KNW'.
Generating RTLIL representation for module `\SB_RAM40_4KNRNW'.
Generating RTLIL representation for module `\ICESTORM_LC'.
Generating RTLIL representation for module `\SB_PLL40_CORE'.
Generating RTLIL representation for module `\SB_PLL40_PAD'.
Generating RTLIL representation for module `\SB_PLL40_2_PAD'.
Generating RTLIL representation for module `\SB_PLL40_2F_CORE'.
Generating RTLIL representation for module `\SB_PLL40_2F_PAD'.
Generating RTLIL representation for module `\SB_WARMBOOT'.
Generating RTLIL representation for module `\SB_SPRAM256KA'.
Generating RTLIL representation for module `\SB_HFOSC'.
Generating RTLIL representation for module `\SB_LFOSC'.
Generating RTLIL representation for module `\SB_RGBA_DRV'.
Generating RTLIL representation for module `\SB_LED_DRV_CUR'.
Generating RTLIL representation for module `\SB_RGB_DRV'.
Generating RTLIL representation for module `\SB_I2C'.
Generating RTLIL representation for module `\SB_SPI'.
Generating RTLIL representation for module `\SB_LEDDA_IP'.
Generating RTLIL representation for module `\SB_FILTER_50NS'.
Generating RTLIL representation for module `\SB_IO_I3C'.
Generating RTLIL representation for module `\SB_IO_OD'.
Generating RTLIL representation for module `\SB_MAC16'.
Generating RTLIL representation for module `\ICESTORM_RAM'.
Successfully finished Verilog frontend.

4.2. Executing HIERARCHY pass (managing design hierarchy).

4.3. Executing AST frontend in derive mode using pre-parsed AST for module `\vibration_core'.
Generating RTLIL representation for module `\vibration_core'.
Warning: Replacing memory \product with list of registers. See ./rtl/core/vibration_core.sv:187
Warning: Replacing memory \phase with list of registers. See ./rtl/core/vibration_core.sv:242
Warning: Replacing memory \accumulator with list of registers. See ./rtl/core/vibration_core.sv:242
Warning: Replacing memory \operand_b with list of registers. See ./rtl/core/vibration_core.sv:195
Warning: Replacing memory \operand_a with list of registers. See ./rtl/core/vibration_core.sv:195

4.3.1. Analyzing design hierarchy..
Top module:  \vibration_core
Parameter \N = 1024
Parameter \MODEL_DIR = 952'0010111101010101011100110110010101110010011100110010111101110011011101000110000101101110011011000110010101111001001011110010111001100011011011110110010001100101011110000010111100101110011000110110100001100001011101000110011101110000011101000010110101110000011100100110111101101010011001010110001101110100011100110010111101100111001011010111000000101101001101100110000100110101011001000011100101100001011000110110001001100001001100110011000101100011001110000011000100111001001100010110000101100001001110010011001000110111001101110110001100110101001100000110010000110111001101010011100000111000011000010011100100101111011101010111000001100100011101010110100101101110011011110010110101110110011010010110001001110010011000010111010001101001011011110110111000101111011000010111001001110100011010010110011001100001011000110111010001110011001011110110011001101001011110000111010001110101011100100110010101110011001011110110110101101111011001000110010101101100

4.3.2. Executing AST frontend in derive mode using pre-parsed AST for module `\vib_coeff_rom'.
Parameter \N = 1024
Parameter \MODEL_DIR = 952'0010111101010101011100110110010101110010011100110010111101110011011101000110000101101110011011000110010101111001001011110010111001100011011011110110010001100101011110000010111100101110011000110110100001100001011101000110011101110000011101000010110101110000011100100110111101101010011001010110001101110100011100110010111101100111001011010111000000101101001101100110000100110101011001000011100101100001011000110110001001100001001100110011000101100011001110000011000100111001001100010110000101100001001110010011001000110111001101110110001100110101001100000110010000110111001101010011100000111000011000010011100100101111011101010111000001100100011101010110100101101110011011110010110101110110011010010110001001110010011000010111010001101001011011110110111000101111011000010111001001110100011010010110011001100001011000110111010001110011001011110110011001101001011110000111010001110101011100100110010101110011001011110110110101101111011001000110010101101100
Generating RTLIL representation for module `$paramod$491cb2a41e978ebfd6f1c12df852b1b539f705dc\vib_coeff_rom'.
Parameter \N = 1024
Parameter \MODEL_DIR = 952'0010111101010101011100110110010101110010011100110010111101110011011101000110000101101110011011000110010101111001001011110010111001100011011011110110010001100101011110000010111100101110011000110110100001100001011101000110011101110000011101000010110101110000011100100110111101101010011001010110001101110100011100110010111101100111001011010111000000101101001101100110000100110101011001000011100101100001011000110110001001100001001100110011000101100011001110000011000100111001001100010110000101100001001110010011001000110111001101110110001100110101001100000110010000110111001101010011100000111000011000010011100100101111011101010111000001100100011101010110100101101110011011110010110101110110011010010110001001110010011000010111010001101001011011110110111000101111011000010111001001110100011010010110011001100001011000110111010001110011001011110110011001101001011110000111010001110101011100100110010101110011001011110110110101101111011001000110010101101100
Found cached RTLIL representation for module `$paramod$491cb2a41e978ebfd6f1c12df852b1b539f705dc\vib_coeff_rom'.
Parameter \N = 1024
Parameter \MODEL_DIR = 952'0010111101010101011100110110010101110010011100110010111101110011011101000110000101101110011011000110010101111001001011110010111001100011011011110110010001100101011110000010111100101110011000110110100001100001011101000110011101110000011101000010110101110000011100100110111101101010011001010110001101110100011100110010111101100111001011010111000000101101001101100110000100110101011001000011100101100001011000110110001001100001001100110011000101100011001110000011000100111001001100010110000101100001001110010011001000110111001101110110001100110101001100000110010000110111001101010011100000111000011000010011100100101111011101010111000001100100011101010110100101101110011011110010110101110110011010010110001001110010011000010111010001101001011011110110111000101111011000010111001001110100011010010110011001100001011000110111010001110011001011110110011001101001011110000111010001110101011100100110010101110011001011110110110101101111011001000110010101101100
Found cached RTLIL representation for module `$paramod$491cb2a41e978ebfd6f1c12df852b1b539f705dc\vib_coeff_rom'.
Parameter \N = 1024
Parameter \MODEL_DIR = 952'0010111101010101011100110110010101110010011100110010111101110011011101000110000101101110011011000110010101111001001011110010111001100011011011110110010001100101011110000010111100101110011000110110100001100001011101000110011101110000011101000010110101110000011100100110111101101010011001010110001101110100011100110010111101100111001011010111000000101101001101100110000100110101011001000011100101100001011000110110001001100001001100110011000101100011001110000011000100111001001100010110000101100001001110010011001000110111001101110110001100110101001100000110010000110111001101010011100000111000011000010011100100101111011101010111000001100100011101010110100101101110011011110010110101110110011010010110001001110010011000010111010001101001011011110110111000101111011000010111001001110100011010010110011001100001011000110111010001110011001011110110011001101001011110000111010001110101011100100110010101110011001011110110110101101111011001000110010101101100
Found cached RTLIL representation for module `$paramod$491cb2a41e978ebfd6f1c12df852b1b539f705dc\vib_coeff_rom'.
Reprocessing module vibration_core because instantiated module $paramod$491cb2a41e978ebfd6f1c12df852b1b539f705dc\vib_coeff_rom has become available.
Generating RTLIL representation for module `\vibration_core'.
Warning: Replacing memory \product with list of registers. See ./rtl/core/vibration_core.sv:187
Warning: Replacing memory \phase with list of registers. See ./rtl/core/vibration_core.sv:242
Warning: Replacing memory \accumulator with list of registers. See ./rtl/core/vibration_core.sv:242
Warning: Replacing memory \operand_b with list of registers. See ./rtl/core/vibration_core.sv:195
Warning: Replacing memory \operand_a with list of registers. See ./rtl/core/vibration_core.sv:195

4.3.3. Analyzing design hierarchy..
Top module:  \vibration_core
Parameter \N = 1024
Parameter \MODEL_DIR = 952'0010111101010101011100110110010101110010011100110010111101110011011101000110000101101110011011000110010101111001001011110010111001100011011011110110010001100101011110000010111100101110011000110110100001100001011101000110011101110000011101000010110101110000011100100110111101101010011001010110001101110100011100110010111101100111001011010111000000101101001101100110000100110101011001000011100101100001011000110110001001100001001100110011000101100011001110000011000100111001001100010110000101100001001110010011001000110111001101110110001100110101001100000110010000110111001101010011100000111000011000010011100100101111011101010111000001100100011101010110100101101110011011110010110101110110011010010110001001110010011000010111010001101001011011110110111000101111011000010111001001110100011010010110011001100001011000110111010001110011001011110110011001101001011110000111010001110101011100100110010101110011001011110110110101101111011001000110010101101100
Found cached RTLIL representation for module `$paramod$491cb2a41e978ebfd6f1c12df852b1b539f705dc\vib_coeff_rom'.
Parameter \N = 1024
Parameter \MODEL_DIR = 952'0010111101010101011100110110010101110010011100110010111101110011011101000110000101101110011011000110010101111001001011110010111001100011011011110110010001100101011110000010111100101110011000110110100001100001011101000110011101110000011101000010110101110000011100100110111101101010011001010110001101110100011100110010111101100111001011010111000000101101001101100110000100110101011001000011100101100001011000110110001001100001001100110011000101100011001110000011000100111001001100010110000101100001001110010011001000110111001101110110001100110101001100000110010000110111001101010011100000111000011000010011100100101111011101010111000001100100011101010110100101101110011011110010110101110110011010010110001001110010011000010111010001101001011011110110111000101111011000010111001001110100011010010110011001100001011000110111010001110011001011110110011001101001011110000111010001110101011100100110010101110011001011110110110101101111011001000110010101101100
Found cached RTLIL representation for module `$paramod$491cb2a41e978ebfd6f1c12df852b1b539f705dc\vib_coeff_rom'.
Parameter \N = 1024
Parameter \MODEL_DIR = 952'0010111101010101011100110110010101110010011100110010111101110011011101000110000101101110011011000110010101111001001011110010111001100011011011110110010001100101011110000010111100101110011000110110100001100001011101000110011101110000011101000010110101110000011100100110111101101010011001010110001101110100011100110010111101100111001011010111000000101101001101100110000100110101011001000011100101100001011000110110001001100001001100110011000101100011001110000011000100111001001100010110000101100001001110010011001000110111001101110110001100110101001100000110010000110111001101010011100000111000011000010011100100101111011101010111000001100100011101010110100101101110011011110010110101110110011010010110001001110010011000010111010001101001011011110110111000101111011000010111001001110100011010010110011001100001011000110111010001110011001011110110011001101001011110000111010001110101011100100110010101110011001011110110110101101111011001000110010101101100
Found cached RTLIL representation for module `$paramod$491cb2a41e978ebfd6f1c12df852b1b539f705dc\vib_coeff_rom'.
Parameter \N = 1024
Parameter \MODEL_DIR = 952'0010111101010101011100110110010101110010011100110010111101110011011101000110000101101110011011000110010101111001001011110010111001100011011011110110010001100101011110000010111100101110011000110110100001100001011101000110011101110000011101000010110101110000011100100110111101101010011001010110001101110100011100110010111101100111001011010111000000101101001101100110000100110101011001000011100101100001011000110110001001100001001100110011000101100011001110000011000100111001001100010110000101100001001110010011001000110111001101110110001100110101001100000110010000110111001101010011100000111000011000010011100100101111011101010111000001100100011101010110100101101110011011110010110101110110011010010110001001110010011000010111010001101001011011110110111000101111011000010111001001110100011010010110011001100001011000110111010001110011001011110110011001101001011110000111010001110101011100100110010101110011001011110110110101101111011001000110010101101100
Found cached RTLIL representation for module `$paramod$491cb2a41e978ebfd6f1c12df852b1b539f705dc\vib_coeff_rom'.

4.3.4. Analyzing design hierarchy..
Top module:  \vibration_core
Used module:     $paramod$491cb2a41e978ebfd6f1c12df852b1b539f705dc\vib_coeff_rom

4.3.5. Analyzing design hierarchy..
Top module:  \vibration_core
Used module:     $paramod$491cb2a41e978ebfd6f1c12df852b1b539f705dc\vib_coeff_rom
Removing unused module `$abstract\vibration_core'.
Removing unused module `$abstract\vib_coeff_rom'.
Removed 2 unused modules.

4.4. Executing PROC pass (convert processes to netlists).

4.4.1. Executing PROC_CLEAN pass (remove empty switches from decision trees).
Found and cleaned up 16 empty switches in `\vibration_core.$proc$./rtl/core/vibration_core.sv:172$8329'.
Found and cleaned up 16 empty switches in `\vibration_core.$proc$./rtl/core/vibration_core.sv:172$8056'.
Found and cleaned up 16 empty switches in `\vibration_core.$proc$./rtl/core/vibration_core.sv:172$7783'.
Found and cleaned up 16 empty switches in `\vibration_core.$proc$./rtl/core/vibration_core.sv:172$7510'.
Removing empty process `vibration_core.$proc$./rtl/core/vibration_core.sv:58$7509'.
Found and cleaned up 3 empty switches in `\vibration_core.$proc$./rtl/core/vibration_core.sv:231$6334'.
Found and cleaned up 1 empty switch in `\vibration_core.$proc$./rtl/core/vibration_core.sv:217$6260'.
Found and cleaned up 1 empty switch in `\vibration_core.$proc$./rtl/core/vibration_core.sv:193$6225'.
Removing empty process `$paramod$491cb2a41e978ebfd6f1c12df852b1b539f705dc\vib_coeff_rom.$proc$./rtl/core/vib_coeff_rom.sv:20$5827'.
Cleaned up 69 empty switches.

4.4.2. Executing PROC_RMDEAD pass (remove dead branches from decision trees).
Removed 9 dead cases from process $proc$./rtl/core/vibration_core.sv:231$6334 in module vibration_core.
Marked 62 switch rules as full_case in process $proc$./rtl/core/vibration_core.sv:231$6334 in module vibration_core.
Marked 5 switch rules as full_case in process $proc$./rtl/core/vibration_core.sv:217$6260 in module vibration_core.
Marked 3 switch rules as full_case in process $proc$./rtl/core/vibration_core.sv:193$6225 in module vibration_core.
Removed a total of 9 dead cases.

4.4.3. Executing PROC_PRUNE pass (remove redundant assignments in processes).
Removed 1 redundant assignment.
Promoted 904 assignments to connections.

4.4.4. Executing PROC_INIT pass (extract init attributes).

4.4.5. Executing PROC_ARST pass (detect async resets in processes).

4.4.6. Executing PROC_ROM pass (convert switches to ROMs).
Converted 0 switches.
<suppressed ~90 debug messages>

4.4.7. Executing PROC_MUX pass (convert decision trees to multiplexers).
Creating decoders for process `\vibration_core.$proc$./rtl/core/vibration_core.sv:172$8056'.
Creating decoders for process `\vibration_core.$proc$./rtl/core/vibration_core.sv:172$7783'.
Creating decoders for process `\vibration_core.$proc$./rtl/core/vibration_core.sv:172$7510'.
Creating decoders for process `\vibration_core.$proc$./rtl/core/vibration_core.sv:172$8329'.
Creating decoders for process `\vibration_core.$proc$./rtl/core/vibration_core.sv:189$7188'.
Creating decoders for process `\vibration_core.$proc$./rtl/core/vibration_core.sv:164$7187'.
Creating decoders for process `\vibration_core.$proc$./rtl/core/vibration_core.sv:189$7186'.
Creating decoders for process `\vibration_core.$proc$./rtl/core/vibration_core.sv:164$7185'.
Creating decoders for process `\vibration_core.$proc$./rtl/core/vibration_core.sv:189$7184'.
Creating decoders for process `\vibration_core.$proc$./rtl/core/vibration_core.sv:164$7183'.
Creating decoders for process `\vibration_core.$proc$./rtl/core/vibration_core.sv:189$7182'.
Creating decoders for process `\vibration_core.$proc$./rtl/core/vibration_core.sv:164$7181'.
Creating decoders for process `\vibration_core.$proc$./rtl/core/vibration_core.sv:184$7177'.
     1/2: $0\product[3][31:0]
     2/2: $0\g_lane[3].selected_weight[7:0]
Creating decoders for process `\vibration_core.$proc$./rtl/core/vibration_core.sv:184$7170'.
     1/2: $0\product[2][31:0]
     2/2: $0\g_lane[2].selected_weight[7:0]
Creating decoders for process `\vibration_core.$proc$./rtl/core/vibration_core.sv:184$7163'.
     1/2: $0\product[1][31:0]
     2/2: $0\g_lane[1].selected_weight[7:0]
Creating decoders for process `\vibration_core.$proc$./rtl/core/vibration_core.sv:184$7156'.
     1/2: $0\product[0][31:0]
     2/2: $0\g_lane[0].selected_weight[7:0]
Creating decoders for process `\vibration_core.$proc$./rtl/core/vibration_core.sv:231$6334'.
     1/450: $5$mem2reg_rd$\accumulator$./rtl/core/vibration_core.sv:360$5872_DATA[39:0]$7123
     2/450: $5$mem2reg_rd$\accumulator$./rtl/core/vibration_core.sv:359$5871_DATA[39:0]$7120
     3/450: $4$mem2reg_rd$\accumulator$./rtl/core/vibration_core.sv:360$5872_DATA[39:0]$7116
     4/450: $4$mem2reg_rd$\accumulator$./rtl/core/vibration_core.sv:360$5872_ADDR[1:0]$7115
     5/450: $4$memwr$\logits$./rtl/core/vibration_core.sv:359$5885_EN[31:0]$7119
     6/450: $4$memwr$\logits$./rtl/core/vibration_core.sv:359$5885_DATA[31:0]$7118
     7/450: $4$memwr$\logits$./rtl/core/vibration_core.sv:359$5885_ADDR[4:0]$7117
     8/450: $4$mem2reg_rd$\accumulator$./rtl/core/vibration_core.sv:359$5871_DATA[39:0]$7114
     9/450: $4$mem2reg_rd$\accumulator$./rtl/core/vibration_core.sv:359$5871_ADDR[1:0]$7113
    10/450: $5\relu_quant$func$./rtl/core/vibration_core.sv:357$5862.$result[7:0]$7110
    11/450: $4\relu_quant$func$./rtl/core/vibration_core.sv:357$5862.$result[7:0]$7108
    12/450: $4\rne$func$./rtl/core/vibration_core.sv:137$5863.$result[63:0]$7096
    13/450: $4\rne$func$./rtl/core/vibration_core.sv:137$5863.halfway[63:0]$7099
    14/450: $4\rne$func$./rtl/core/vibration_core.sv:137$5863.remainder[63:0]$7098
    15/450: $4\rne$func$./rtl/core/vibration_core.sv:137$5863.quotient[63:0]$7097
    16/450: $4$mem2reg_rd$\accumulator$./rtl/core/vibration_core.sv:357$5870_DATA[39:0]$7095
    17/450: $5\relu_quant$func$./rtl/core/vibration_core.sv:355$5860.$result[7:0]$7092
    18/450: $4\relu_quant$func$./rtl/core/vibration_core.sv:355$5860.$result[7:0]$7090
    19/450: $4\rne$func$./rtl/core/vibration_core.sv:137$5861.$result[63:0]$7078
    20/450: $4\rne$func$./rtl/core/vibration_core.sv:137$5861.halfway[63:0]$7081
    21/450: $4\rne$func$./rtl/core/vibration_core.sv:137$5861.remainder[63:0]$7080
    22/450: $4\rne$func$./rtl/core/vibration_core.sv:137$5861.quotient[63:0]$7079
    23/450: $4$mem2reg_rd$\accumulator$./rtl/core/vibration_core.sv:355$5869_DATA[39:0]$7077
    24/450: $3\relu_quant$func$./rtl/core/vibration_core.sv:357$5862.$result[7:0]$7055
    25/450: $3\relu_quant$func$./rtl/core/vibration_core.sv:357$5862.rounded[63:0]$7057
    26/450: $3\rne$func$./rtl/core/vibration_core.sv:137$5863.halfway[63:0]$7062
    27/450: $3\rne$func$./rtl/core/vibration_core.sv:137$5863.remainder[63:0]$7061
    28/450: $3\rne$func$./rtl/core/vibration_core.sv:137$5863.quotient[63:0]$7060
    29/450: $3\rne$func$./rtl/core/vibration_core.sv:137$5863.$result[63:0]$7058
    30/450: $3\rne$func$./rtl/core/vibration_core.sv:137$5863.value[63:0]$7059
    31/450: $3\relu_quant$func$./rtl/core/vibration_core.sv:357$5862.value[39:0]$7056
    32/450: $3$mem2reg_rd$\accumulator$./rtl/core/vibration_core.sv:357$5870_DATA[39:0]$7066
    33/450: $3$mem2reg_rd$\accumulator$./rtl/core/vibration_core.sv:357$5870_ADDR[1:0]$7065
    34/450: $3$memwr$\hidden$./rtl/core/vibration_core.sv:355$5884_EN[7:0]$7073
    35/450: $3$memwr$\hidden$./rtl/core/vibration_core.sv:355$5884_DATA[7:0]$7072
    36/450: $3$memwr$\hidden$./rtl/core/vibration_core.sv:355$5884_ADDR[4:0]$7071
    37/450: $3\relu_quant$func$./rtl/core/vibration_core.sv:355$5860.$result[7:0]$7047
    38/450: $3\relu_quant$func$./rtl/core/vibration_core.sv:355$5860.rounded[63:0]$7049
    39/450: $3\rne$func$./rtl/core/vibration_core.sv:137$5861.halfway[63:0]$7054
    40/450: $3\rne$func$./rtl/core/vibration_core.sv:137$5861.remainder[63:0]$7053
    41/450: $3\rne$func$./rtl/core/vibration_core.sv:137$5861.quotient[63:0]$7052
    42/450: $3\rne$func$./rtl/core/vibration_core.sv:137$5861.$result[63:0]$7050
    43/450: $3\rne$func$./rtl/core/vibration_core.sv:137$5861.value[63:0]$7051
    44/450: $3\relu_quant$func$./rtl/core/vibration_core.sv:355$5860.value[39:0]$7048
    45/450: $3$mem2reg_rd$\accumulator$./rtl/core/vibration_core.sv:355$5869_DATA[39:0]$7064
    46/450: $3$mem2reg_rd$\accumulator$./rtl/core/vibration_core.sv:355$5869_ADDR[1:0]$7063
    47/450: $3$memwr$\logits$./rtl/core/vibration_core.sv:359$5885_EN[31:0]$7076
    48/450: $3$memwr$\logits$./rtl/core/vibration_core.sv:359$5885_DATA[31:0]$7075
    49/450: $3$memwr$\logits$./rtl/core/vibration_core.sv:359$5885_ADDR[4:0]$7074
    50/450: $3$mem2reg_rd$\accumulator$./rtl/core/vibration_core.sv:360$5872_DATA[39:0]$7070
    51/450: $3$mem2reg_rd$\accumulator$./rtl/core/vibration_core.sv:360$5872_ADDR[1:0]$7069
    52/450: $3$mem2reg_rd$\accumulator$./rtl/core/vibration_core.sv:359$5871_DATA[39:0]$7068
    53/450: $3$mem2reg_rd$\accumulator$./rtl/core/vibration_core.sv:359$5871_ADDR[1:0]$7067
    54/450: $0\arithmetic_errors[7:0] [7:1]
    55/450: $0\arithmetic_errors[7:0] [0]
    56/450: $3$mem2reg_rd$\accumulator$./rtl/core/vibration_core.sv:353$5867_DATA[39:0]$7041
    57/450: $4\power_quant$func$./rtl/core/vibration_core.sv:332$5859.rounded[33:0]$6988
    58/450: $4\power_quant$func$./rtl/core/vibration_core.sv:332$5859.halfway[32:0]$6987
    59/450: $4\power_quant$func$./rtl/core/vibration_core.sv:332$5859.remainder[32:0]$6986
    60/450: $4\power_quant$func$./rtl/core/vibration_core.sv:332$5859.quotient[32:0]$6985
    61/450: $3\power_quant$func$./rtl/core/vibration_core.sv:332$5859.rounded[33:0]$6983
    62/450: $3\power_quant$func$./rtl/core/vibration_core.sv:332$5859.halfway[32:0]$6982
    63/450: $3\power_quant$func$./rtl/core/vibration_core.sv:332$5859.remainder[32:0]$6981
    64/450: $3\power_quant$func$./rtl/core/vibration_core.sv:332$5859.quotient[32:0]$6980
    65/450: $4\power_quant$func$./rtl/core/vibration_core.sv:331$5858.rounded[33:0]$6964
    66/450: $4\power_quant$func$./rtl/core/vibration_core.sv:331$5858.halfway[32:0]$6963
    67/450: $4\power_quant$func$./rtl/core/vibration_core.sv:331$5858.remainder[32:0]$6962
    68/450: $4\power_quant$func$./rtl/core/vibration_core.sv:331$5858.quotient[32:0]$6961
    69/450: $3\power_quant$func$./rtl/core/vibration_core.sv:331$5858.rounded[33:0]$6959
    70/450: $3\power_quant$func$./rtl/core/vibration_core.sv:331$5858.halfway[32:0]$6958
    71/450: $3\power_quant$func$./rtl/core/vibration_core.sv:331$5858.remainder[32:0]$6957
    72/450: $3\power_quant$func$./rtl/core/vibration_core.sv:331$5858.quotient[32:0]$6956
    73/450: $4\sat16$func$./rtl/core/vibration_core.sv:316$5857.$result[15:0]$6946
    74/450: $3\sat16$func$./rtl/core/vibration_core.sv:316$5857.$result[15:0]$6944
    75/450: $3\rne$func$./rtl/core/vibration_core.sv:316$5856.$result[63:0]$6932
    76/450: $3\rne$func$./rtl/core/vibration_core.sv:316$5856.halfway[63:0]$6935
    77/450: $3\rne$func$./rtl/core/vibration_core.sv:316$5856.remainder[63:0]$6934
    78/450: $3\rne$func$./rtl/core/vibration_core.sv:316$5856.quotient[63:0]$6933
    79/450: $3$mem2reg_rd$\accumulator$./rtl/core/vibration_core.sv:316$5866_DATA[39:0]$6931
    80/450: $5\sat16$func$./rtl/core/vibration_core.sv:314$5855.$result[15:0]$6922
    81/450: $4\sat16$func$./rtl/core/vibration_core.sv:314$5855.$result[15:0]$6920
    82/450: $4\rne$func$./rtl/core/vibration_core.sv:314$5854.$result[63:0]$6908
    83/450: $4\rne$func$./rtl/core/vibration_core.sv:314$5854.halfway[63:0]$6911
    84/450: $4\rne$func$./rtl/core/vibration_core.sv:314$5854.remainder[63:0]$6910
    85/450: $4\rne$func$./rtl/core/vibration_core.sv:314$5854.quotient[63:0]$6909
    86/450: $4$mem2reg_rd$\accumulator$./rtl/core/vibration_core.sv:314$5865_DATA[39:0]$6907
    87/450: $5\sat16$func$./rtl/core/vibration_core.sv:313$5853.$result[15:0]$6904
    88/450: $4\sat16$func$./rtl/core/vibration_core.sv:313$5853.$result[15:0]$6902
    89/450: $4\rne$func$./rtl/core/vibration_core.sv:313$5852.$result[63:0]$6890
    90/450: $4\rne$func$./rtl/core/vibration_core.sv:313$5852.halfway[63:0]$6893
    91/450: $4\rne$func$./rtl/core/vibration_core.sv:313$5852.remainder[63:0]$6892
    92/450: $4\rne$func$./rtl/core/vibration_core.sv:313$5852.quotient[63:0]$6891
    93/450: $4$mem2reg_rd$\accumulator$./rtl/core/vibration_core.sv:313$5864_DATA[39:0]$6889
    94/450: $3$memwr$\imag_part$./rtl/core/vibration_core.sv:313$5881_EN[15:0]$6885
    95/450: $3$memwr$\imag_part$./rtl/core/vibration_core.sv:313$5881_DATA[15:0]$6884
    96/450: $3$memwr$\imag_part$./rtl/core/vibration_core.sv:313$5881_ADDR[5:0]$6883
    97/450: $3\sat16$func$./rtl/core/vibration_core.sv:313$5853.$result[15:0]$6870
    98/450: $3\sat16$func$./rtl/core/vibration_core.sv:313$5853.value[63:0]$6871
    99/450: $3\rne$func$./rtl/core/vibration_core.sv:313$5852.halfway[63:0]$6869
   100/450: $3\rne$func$./rtl/core/vibration_core.sv:313$5852.remainder[63:0]$6868
   101/450: $3\rne$func$./rtl/core/vibration_core.sv:313$5852.quotient[63:0]$6867
   102/450: $3\rne$func$./rtl/core/vibration_core.sv:313$5852.$result[63:0]$6865
   103/450: $3\rne$func$./rtl/core/vibration_core.sv:313$5852.value[63:0]$6866
   104/450: $3$mem2reg_rd$\accumulator$./rtl/core/vibration_core.sv:313$5864_DATA[39:0]$6880
   105/450: $3$mem2reg_rd$\accumulator$./rtl/core/vibration_core.sv:313$5864_ADDR[1:0]$6879
   106/450: $3$memwr$\real_part$./rtl/core/vibration_core.sv:314$5882_EN[15:0]$6888
   107/450: $3$memwr$\real_part$./rtl/core/vibration_core.sv:314$5882_DATA[15:0]$6887
   108/450: $3$memwr$\real_part$./rtl/core/vibration_core.sv:314$5882_ADDR[5:0]$6886
   109/450: $3$mem2reg_rd$\accumulator$./rtl/core/vibration_core.sv:314$5865_DATA[39:0]$6882
   110/450: $3$mem2reg_rd$\accumulator$./rtl/core/vibration_core.sv:314$5865_ADDR[1:0]$6881
   111/450: $3\sat16$func$./rtl/core/vibration_core.sv:314$5855.value[63:0]$6878
   112/450: $3\sat16$func$./rtl/core/vibration_core.sv:314$5855.$result[15:0]$6877
   113/450: $3\rne$func$./rtl/core/vibration_core.sv:314$5854.halfway[63:0]$6876
   114/450: $3\rne$func$./rtl/core/vibration_core.sv:314$5854.remainder[63:0]$6875
   115/450: $3\rne$func$./rtl/core/vibration_core.sv:314$5854.quotient[63:0]$6874
   116/450: $3\rne$func$./rtl/core/vibration_core.sv:314$5854.value[63:0]$6873
   117/450: $3\rne$func$./rtl/core/vibration_core.sv:314$5854.$result[63:0]$6872
   118/450: $4$lookahead\busy$6333[1:0]$6815
   119/450: $3$bitselwrite$pos$./rtl/core/vibration_core.sv:294$5851[0:0]$6814
   120/450: $4\sat12$func$./rtl/core/vibration_core.sv:293$5850.$result[15:0]$6812
   121/450: $3\sat12$func$./rtl/core/vibration_core.sv:293$5850.$result[15:0]$6810
   122/450: $3\rne$func$./rtl/core/vibration_core.sv:293$5849.$result[63:0]$6798
   123/450: $3\rne$func$./rtl/core/vibration_core.sv:293$5849.halfway[63:0]$6801
   124/450: $3\rne$func$./rtl/core/vibration_core.sv:293$5849.remainder[63:0]$6800
   125/450: $3\rne$func$./rtl/core/vibration_core.sv:293$5849.quotient[63:0]$6799
   126/450: $3\rne$func$./rtl/core/vibration_core.sv:287$5848.$result[63:0]$6787
   127/450: $3\rne$func$./rtl/core/vibration_core.sv:287$5848.halfway[63:0]$6790
   128/450: $3\rne$func$./rtl/core/vibration_core.sv:287$5848.remainder[63:0]$6789
   129/450: $3\rne$func$./rtl/core/vibration_core.sv:287$5848.quotient[63:0]$6788
   130/450: $3\rne$func$./rtl/core/vibration_core.sv:286$5847.$result[63:0]$6775
   131/450: $3\rne$func$./rtl/core/vibration_core.sv:286$5847.halfway[63:0]$6778
   132/450: $3\rne$func$./rtl/core/vibration_core.sv:286$5847.remainder[63:0]$6777
   133/450: $3\rne$func$./rtl/core/vibration_core.sv:286$5847.quotient[63:0]$6776
   134/450: $3$lookahead\busy$6333[1:0]$6757
   135/450: $3$bitselwrite$pos$./rtl/core/vibration_core.sv:280$5846[0:0]$6755
   136/450: $8$lookahead\full$6332[1:0]$6756
   137/450: $3$bitselwrite$pos$./rtl/core/vibration_core.sv:280$5845[0:0]$6754
   138/450: $2$lookahead\busy$6333[1:0]$6752
   139/450: $7$lookahead\full$6332[1:0]$6751
   140/450: $2$bitselwrite$pos$./rtl/core/vibration_core.sv:280$5846[0:0]$6648
   141/450: $2$bitselwrite$pos$./rtl/core/vibration_core.sv:280$5845[0:0]$6647
   142/450: $2$memwr$\logits$./rtl/core/vibration_core.sv:359$5885_EN[31:0]$6750
   143/450: $2$memwr$\logits$./rtl/core/vibration_core.sv:359$5885_DATA[31:0]$6749
   144/450: $2$memwr$\logits$./rtl/core/vibration_core.sv:359$5885_ADDR[4:0]$6748
   145/450: $2$memwr$\hidden$./rtl/core/vibration_core.sv:355$5884_EN[7:0]$6747
   146/450: $2$memwr$\hidden$./rtl/core/vibration_core.sv:355$5884_DATA[7:0]$6746
   147/450: $2$memwr$\hidden$./rtl/core/vibration_core.sv:355$5884_ADDR[4:0]$6745
   148/450: $2$memwr$\features$./rtl/core/vibration_core.sv:331$5883_EN[7:0]$6744
   149/450: $2$memwr$\features$./rtl/core/vibration_core.sv:331$5883_DATA[7:0]$6743
   150/450: $2$memwr$\features$./rtl/core/vibration_core.sv:331$5883_ADDR[3:0]$6742
   151/450: $2$memwr$\real_part$./rtl/core/vibration_core.sv:314$5882_EN[15:0]$6741
   152/450: $2$memwr$\real_part$./rtl/core/vibration_core.sv:314$5882_DATA[15:0]$6740
   153/450: $2$memwr$\real_part$./rtl/core/vibration_core.sv:314$5882_ADDR[5:0]$6739
   154/450: $2$memwr$\imag_part$./rtl/core/vibration_core.sv:313$5881_EN[15:0]$6738
   155/450: $2$memwr$\imag_part$./rtl/core/vibration_core.sv:313$5881_DATA[15:0]$6737
   156/450: $2$memwr$\imag_part$./rtl/core/vibration_core.sv:313$5881_ADDR[5:0]$6736
   157/450: $2$mem2reg_rd$\accumulator$./rtl/core/vibration_core.sv:360$5872_DATA[39:0]$6735
   158/450: $2$mem2reg_rd$\accumulator$./rtl/core/vibration_core.sv:360$5872_ADDR[1:0]$6734
   159/450: $2$mem2reg_rd$\accumulator$./rtl/core/vibration_core.sv:359$5871_DATA[39:0]$6733
   160/450: $2$mem2reg_rd$\accumulator$./rtl/core/vibration_core.sv:359$5871_ADDR[1:0]$6732
   161/450: $2$mem2reg_rd$\accumulator$./rtl/core/vibration_core.sv:357$5870_DATA[39:0]$6731
   162/450: $2$mem2reg_rd$\accumulator$./rtl/core/vibration_core.sv:357$5870_ADDR[1:0]$6730
   163/450: $2$mem2reg_rd$\accumulator$./rtl/core/vibration_core.sv:355$5869_DATA[39:0]$6729
   164/450: $2$mem2reg_rd$\accumulator$./rtl/core/vibration_core.sv:355$5869_ADDR[1:0]$6728
   165/450: $2$mem2reg_rd$\accumulator$./rtl/core/vibration_core.sv:353$5868_DATA[39:0]$6727
   166/450: $2$mem2reg_rd$\accumulator$./rtl/core/vibration_core.sv:353$5868_ADDR[1:0]$6726
   167/450: $2$mem2reg_rd$\accumulator$./rtl/core/vibration_core.sv:353$5867_DATA[39:0]$6725
   168/450: $2$mem2reg_rd$\accumulator$./rtl/core/vibration_core.sv:353$5867_ADDR[1:0]$6724
   169/450: $2$mem2reg_rd$\accumulator$./rtl/core/vibration_core.sv:316$5866_DATA[39:0]$6723
   170/450: $2$mem2reg_rd$\accumulator$./rtl/core/vibration_core.sv:316$5866_ADDR[1:0]$6722
   171/450: $2$mem2reg_rd$\accumulator$./rtl/core/vibration_core.sv:314$5865_DATA[39:0]$6721
   172/450: $2$mem2reg_rd$\accumulator$./rtl/core/vibration_core.sv:314$5865_ADDR[1:0]$6720
   173/450: $2$mem2reg_rd$\accumulator$./rtl/core/vibration_core.sv:313$5864_DATA[39:0]$6719
   174/450: $2$mem2reg_rd$\accumulator$./rtl/core/vibration_core.sv:313$5864_ADDR[1:0]$6718
   175/450: $2\rne$func$./rtl/core/vibration_core.sv:137$5863.halfway[63:0]$6717
   176/450: $2\rne$func$./rtl/core/vibration_core.sv:137$5863.remainder[63:0]$6716
   177/450: $2\rne$func$./rtl/core/vibration_core.sv:137$5863.quotient[63:0]$6715
   178/450: $2\rne$func$./rtl/core/vibration_core.sv:137$5863.value[63:0]$6714
   179/450: $2\rne$func$./rtl/core/vibration_core.sv:137$5863.$result[63:0]$6713
   180/450: $2\relu_quant$func$./rtl/core/vibration_core.sv:357$5862.rounded[63:0]$6712
   181/450: $2\relu_quant$func$./rtl/core/vibration_core.sv:357$5862.value[39:0]$6711
   182/450: $2\relu_quant$func$./rtl/core/vibration_core.sv:357$5862.$result[7:0]$6710
   183/450: $2\rne$func$./rtl/core/vibration_core.sv:137$5861.halfway[63:0]$6709
   184/450: $2\rne$func$./rtl/core/vibration_core.sv:137$5861.remainder[63:0]$6708
   185/450: $2\rne$func$./rtl/core/vibration_core.sv:137$5861.quotient[63:0]$6707
   186/450: $2\rne$func$./rtl/core/vibration_core.sv:137$5861.value[63:0]$6706
   187/450: $2\rne$func$./rtl/core/vibration_core.sv:137$5861.$result[63:0]$6705
   188/450: $2\relu_quant$func$./rtl/core/vibration_core.sv:355$5860.rounded[63:0]$6704
   189/450: $2\relu_quant$func$./rtl/core/vibration_core.sv:355$5860.value[39:0]$6703
   190/450: $2\relu_quant$func$./rtl/core/vibration_core.sv:355$5860.$result[7:0]$6702
   191/450: $2\power_quant$func$./rtl/core/vibration_core.sv:332$5859.rounded[33:0]$6701
   192/450: $2\power_quant$func$./rtl/core/vibration_core.sv:332$5859.halfway[32:0]$6700
   193/450: $2\power_quant$func$./rtl/core/vibration_core.sv:332$5859.remainder[32:0]$6699
   194/450: $2\power_quant$func$./rtl/core/vibration_core.sv:332$5859.quotient[32:0]$6698
   195/450: $2\power_quant$func$./rtl/core/vibration_core.sv:332$5859.shift[7:0]$6697
   196/450: $2\power_quant$func$./rtl/core/vibration_core.sv:332$5859.value[32:0]$6696
   197/450: $2\power_quant$func$./rtl/core/vibration_core.sv:332$5859.$result[7:0]$6695
   198/450: $2\power_quant$func$./rtl/core/vibration_core.sv:331$5858.rounded[33:0]$6694
   199/450: $2\power_quant$func$./rtl/core/vibration_core.sv:331$5858.halfway[32:0]$6693
   200/450: $2\power_quant$func$./rtl/core/vibration_core.sv:331$5858.remainder[32:0]$6692
   201/450: $2\power_quant$func$./rtl/core/vibration_core.sv:331$5858.quotient[32:0]$6691
   202/450: $2\power_quant$func$./rtl/core/vibration_core.sv:331$5858.shift[7:0]$6690
   203/450: $2\power_quant$func$./rtl/core/vibration_core.sv:331$5858.value[32:0]$6689
   204/450: $2\power_quant$func$./rtl/core/vibration_core.sv:331$5858.$result[7:0]$6688
   205/450: $2\sat16$func$./rtl/core/vibration_core.sv:316$5857.value[63:0]$6687
   206/450: $2\sat16$func$./rtl/core/vibration_core.sv:316$5857.$result[15:0]$6686
   207/450: $2\rne$func$./rtl/core/vibration_core.sv:316$5856.halfway[63:0]$6685
   208/450: $2\rne$func$./rtl/core/vibration_core.sv:316$5856.remainder[63:0]$6684
   209/450: $2\rne$func$./rtl/core/vibration_core.sv:316$5856.quotient[63:0]$6683
   210/450: $2\rne$func$./rtl/core/vibration_core.sv:316$5856.value[63:0]$6682
   211/450: $2\rne$func$./rtl/core/vibration_core.sv:316$5856.$result[63:0]$6681
   212/450: $2\sat16$func$./rtl/core/vibration_core.sv:314$5855.value[63:0]$6680
   213/450: $2\sat16$func$./rtl/core/vibration_core.sv:314$5855.$result[15:0]$6679
   214/450: $2\rne$func$./rtl/core/vibration_core.sv:314$5854.halfway[63:0]$6678
   215/450: $2\rne$func$./rtl/core/vibration_core.sv:314$5854.remainder[63:0]$6677
   216/450: $2\rne$func$./rtl/core/vibration_core.sv:314$5854.quotient[63:0]$6676
   217/450: $2\rne$func$./rtl/core/vibration_core.sv:314$5854.value[63:0]$6675
   218/450: $2\rne$func$./rtl/core/vibration_core.sv:314$5854.$result[63:0]$6674
   219/450: $2\sat16$func$./rtl/core/vibration_core.sv:313$5853.value[63:0]$6673
   220/450: $2\sat16$func$./rtl/core/vibration_core.sv:313$5853.$result[15:0]$6672
   221/450: $2\rne$func$./rtl/core/vibration_core.sv:313$5852.halfway[63:0]$6671
   222/450: $2\rne$func$./rtl/core/vibration_core.sv:313$5852.remainder[63:0]$6670
   223/450: $2\rne$func$./rtl/core/vibration_core.sv:313$5852.quotient[63:0]$6669
   224/450: $2\rne$func$./rtl/core/vibration_core.sv:313$5852.value[63:0]$6668
   225/450: $2\rne$func$./rtl/core/vibration_core.sv:313$5852.$result[63:0]$6667
   226/450: $2$bitselwrite$pos$./rtl/core/vibration_core.sv:294$5851[0:0]$6666
   227/450: $2\sat12$func$./rtl/core/vibration_core.sv:293$5850.value[63:0]$6665
   228/450: $2\sat12$func$./rtl/core/vibration_core.sv:293$5850.$result[15:0]$6664
   229/450: $2\rne$func$./rtl/core/vibration_core.sv:293$5849.halfway[63:0]$6663
   230/450: $2\rne$func$./rtl/core/vibration_core.sv:293$5849.remainder[63:0]$6662
   231/450: $2\rne$func$./rtl/core/vibration_core.sv:293$5849.quotient[63:0]$6661
   232/450: $2\rne$func$./rtl/core/vibration_core.sv:293$5849.value[63:0]$6660
   233/450: $2\rne$func$./rtl/core/vibration_core.sv:293$5849.$result[63:0]$6659
   234/450: $2\rne$func$./rtl/core/vibration_core.sv:287$5848.halfway[63:0]$6658
   235/450: $2\rne$func$./rtl/core/vibration_core.sv:287$5848.remainder[63:0]$6657
   236/450: $2\rne$func$./rtl/core/vibration_core.sv:287$5848.quotient[63:0]$6656
   237/450: $2\rne$func$./rtl/core/vibration_core.sv:287$5848.value[63:0]$6655
   238/450: $2\rne$func$./rtl/core/vibration_core.sv:287$5848.$result[63:0]$6654
   239/450: $2\rne$func$./rtl/core/vibration_core.sv:286$5847.halfway[63:0]$6653
   240/450: $2\rne$func$./rtl/core/vibration_core.sv:286$5847.remainder[63:0]$6652
   241/450: $2\rne$func$./rtl/core/vibration_core.sv:286$5847.quotient[63:0]$6651
   242/450: $2\rne$func$./rtl/core/vibration_core.sv:286$5847.value[63:0]$6650
   243/450: $2\rne$func$./rtl/core/vibration_core.sv:286$5847.$result[63:0]$6649
   244/450: $2\k[31:0]
   245/450: $6$memwr$\frame_sums$./rtl/core/vibration_core.sv:262$5880_EN[25:0]$6610
   246/450: $6$memwr$\frame_sums$./rtl/core/vibration_core.sv:262$5880_DATA[25:0]$6609
   247/450: $6$memwr$\frame_sums$./rtl/core/vibration_core.sv:262$5880_ADDR[0:0]$6608
   248/450: $6$memwr$\frame_ids$./rtl/core/vibration_core.sv:261$5879_EN[31:0]$6607
   249/450: $6$memwr$\frame_ids$./rtl/core/vibration_core.sv:261$5879_DATA[31:0]$6606
   250/450: $6$memwr$\frame_ids$./rtl/core/vibration_core.sv:261$5879_ADDR[0:0]$6605
   251/450: $6$lookahead\full$6332[1:0]$6611
   252/450: $6$bitselwrite$pos$./rtl/core/vibration_core.sv:261$5844[0:0]$6604
   253/450: $5$lookahead\full$6332[1:0]$6602
   254/450: $5$memwr$\frame_sums$./rtl/core/vibration_core.sv:262$5880_EN[25:0]$6601
   255/450: $5$memwr$\frame_sums$./rtl/core/vibration_core.sv:262$5880_DATA[25:0]$6600
   256/450: $5$memwr$\frame_sums$./rtl/core/vibration_core.sv:262$5880_ADDR[0:0]$6599
   257/450: $5$memwr$\frame_ids$./rtl/core/vibration_core.sv:261$5879_EN[31:0]$6598
   258/450: $5$memwr$\frame_ids$./rtl/core/vibration_core.sv:261$5879_DATA[31:0]$6597
   259/450: $5$memwr$\frame_ids$./rtl/core/vibration_core.sv:261$5879_ADDR[0:0]$6596
   260/450: $5$bitselwrite$pos$./rtl/core/vibration_core.sv:261$5844[0:0]$6595
   261/450: $4$lookahead\full$6332[1:0]$6593
   262/450: $4$memwr$\frame_sums$./rtl/core/vibration_core.sv:262$5880_EN[25:0]$6592
   263/450: $4$memwr$\frame_sums$./rtl/core/vibration_core.sv:262$5880_DATA[25:0]$6591
   264/450: $4$memwr$\frame_sums$./rtl/core/vibration_core.sv:262$5880_ADDR[0:0]$6590
   265/450: $4$memwr$\frame_ids$./rtl/core/vibration_core.sv:261$5879_EN[31:0]$6589
   266/450: $4$memwr$\frame_ids$./rtl/core/vibration_core.sv:261$5879_DATA[31:0]$6588
   267/450: $4$memwr$\frame_ids$./rtl/core/vibration_core.sv:261$5879_ADDR[0:0]$6587
   268/450: $4$bitselwrite$pos$./rtl/core/vibration_core.sv:261$5844[0:0]$6586
   269/450: $3$lookahead\full$6332[1:0]$6583
   270/450: $3$memwr$\frame_sums$./rtl/core/vibration_core.sv:262$5880_EN[25:0]$6582
   271/450: $3$memwr$\frame_sums$./rtl/core/vibration_core.sv:262$5880_DATA[25:0]$6581
   272/450: $3$memwr$\frame_sums$./rtl/core/vibration_core.sv:262$5880_ADDR[0:0]$6580
   273/450: $3$memwr$\frame_ids$./rtl/core/vibration_core.sv:261$5879_EN[31:0]$6579
   274/450: $3$memwr$\frame_ids$./rtl/core/vibration_core.sv:261$5879_DATA[31:0]$6578
   275/450: $3$memwr$\frame_ids$./rtl/core/vibration_core.sv:261$5879_ADDR[0:0]$6577
   276/450: $3$bitselwrite$pos$./rtl/core/vibration_core.sv:261$5844[0:0]$6576
   277/450: $2$lookahead\full$6332[1:0]$6575
   278/450: $2$memwr$\frame_sums$./rtl/core/vibration_core.sv:262$5880_EN[25:0]$6574
   279/450: $2$memwr$\frame_sums$./rtl/core/vibration_core.sv:262$5880_DATA[25:0]$6573
   280/450: $2$memwr$\frame_sums$./rtl/core/vibration_core.sv:262$5880_ADDR[0:0]$6572
   281/450: $2$memwr$\frame_ids$./rtl/core/vibration_core.sv:261$5879_EN[31:0]$6571
   282/450: $2$memwr$\frame_ids$./rtl/core/vibration_core.sv:261$5879_DATA[31:0]$6570
   283/450: $2$memwr$\frame_ids$./rtl/core/vibration_core.sv:261$5879_ADDR[0:0]$6569
   284/450: $2$bitselwrite$pos$./rtl/core/vibration_core.sv:261$5844[0:0]$6568
   285/450: $1\k[31:0]
   286/450: $1$memwr$\logits$./rtl/core/vibration_core.sv:243$5878_EN[31:0]$6543
   287/450: $1$memwr$\logits$./rtl/core/vibration_core.sv:243$5877_EN[31:0]$6542
   288/450: $1$memwr$\logits$./rtl/core/vibration_core.sv:243$5876_EN[31:0]$6541
   289/450: $0\dbg_valid[0:0]
   290/450: $1$lookahead\busy$6333[1:0]$6566
   291/450: $1$lookahead\full$6332[1:0]$6565
   292/450: $1$memwr$\logits$./rtl/core/vibration_core.sv:359$5885_EN[31:0]$6564
   293/450: $1$memwr$\logits$./rtl/core/vibration_core.sv:359$5885_DATA[31:0]$6563
   294/450: $1$memwr$\logits$./rtl/core/vibration_core.sv:359$5885_ADDR[4:0]$6562
   295/450: $1$memwr$\hidden$./rtl/core/vibration_core.sv:355$5884_EN[7:0]$6561
   296/450: $1$memwr$\hidden$./rtl/core/vibration_core.sv:355$5884_DATA[7:0]$6560
   297/450: $1$memwr$\hidden$./rtl/core/vibration_core.sv:355$5884_ADDR[4:0]$6559
   298/450: $1$memwr$\features$./rtl/core/vibration_core.sv:331$5883_EN[7:0]$6558
   299/450: $1$memwr$\features$./rtl/core/vibration_core.sv:331$5883_DATA[7:0]$6557
   300/450: $1$memwr$\features$./rtl/core/vibration_core.sv:331$5883_ADDR[3:0]$6556
   301/450: $1$memwr$\real_part$./rtl/core/vibration_core.sv:314$5882_EN[15:0]$6555
   302/450: $1$memwr$\real_part$./rtl/core/vibration_core.sv:314$5882_DATA[15:0]$6554
   303/450: $1$memwr$\real_part$./rtl/core/vibration_core.sv:314$5882_ADDR[5:0]$6553
   304/450: $1$memwr$\imag_part$./rtl/core/vibration_core.sv:313$5881_EN[15:0]$6552
   305/450: $1$memwr$\imag_part$./rtl/core/vibration_core.sv:313$5881_DATA[15:0]$6551
   306/450: $1$memwr$\imag_part$./rtl/core/vibration_core.sv:313$5881_ADDR[5:0]$6550
   307/450: $1$memwr$\frame_sums$./rtl/core/vibration_core.sv:262$5880_EN[25:0]$6549
   308/450: $1$memwr$\frame_sums$./rtl/core/vibration_core.sv:262$5880_DATA[25:0]$6548
   309/450: $1$memwr$\frame_sums$./rtl/core/vibration_core.sv:262$5880_ADDR[0:0]$6547
   310/450: $1$memwr$\frame_ids$./rtl/core/vibration_core.sv:261$5879_EN[31:0]$6546
   311/450: $1$memwr$\frame_ids$./rtl/core/vibration_core.sv:261$5879_DATA[31:0]$6545
   312/450: $1$memwr$\frame_ids$./rtl/core/vibration_core.sv:261$5879_ADDR[0:0]$6544
   313/450: $1$mem2reg_rd$\accumulator$./rtl/core/vibration_core.sv:360$5872_DATA[39:0]$6540
   314/450: $1$mem2reg_rd$\accumulator$./rtl/core/vibration_core.sv:360$5872_ADDR[1:0]$6539
   315/450: $1$mem2reg_rd$\accumulator$./rtl/core/vibration_core.sv:359$5871_DATA[39:0]$6538
   316/450: $1$mem2reg_rd$\accumulator$./rtl/core/vibration_core.sv:359$5871_ADDR[1:0]$6537
   317/450: $1$mem2reg_rd$\accumulator$./rtl/core/vibration_core.sv:357$5870_DATA[39:0]$6536
   318/450: $1$mem2reg_rd$\accumulator$./rtl/core/vibration_core.sv:357$5870_ADDR[1:0]$6535
   319/450: $1$mem2reg_rd$\accumulator$./rtl/core/vibration_core.sv:355$5869_DATA[39:0]$6534
   320/450: $1$mem2reg_rd$\accumulator$./rtl/core/vibration_core.sv:355$5869_ADDR[1:0]$6533
   321/450: $1$mem2reg_rd$\accumulator$./rtl/core/vibration_core.sv:353$5868_DATA[39:0]$6532
   322/450: $1$mem2reg_rd$\accumulator$./rtl/core/vibration_core.sv:353$5868_ADDR[1:0]$6531
   323/450: $1$mem2reg_rd$\accumulator$./rtl/core/vibration_core.sv:353$5867_DATA[39:0]$6530
   324/450: $1$mem2reg_rd$\accumulator$./rtl/core/vibration_core.sv:353$5867_ADDR[1:0]$6529
   325/450: $1$mem2reg_rd$\accumulator$./rtl/core/vibration_core.sv:316$5866_DATA[39:0]$6528
   326/450: $1$mem2reg_rd$\accumulator$./rtl/core/vibration_core.sv:316$5866_ADDR[1:0]$6527
   327/450: $1$mem2reg_rd$\accumulator$./rtl/core/vibration_core.sv:314$5865_DATA[39:0]$6526
   328/450: $1$mem2reg_rd$\accumulator$./rtl/core/vibration_core.sv:314$5865_ADDR[1:0]$6525
   329/450: $1$mem2reg_rd$\accumulator$./rtl/core/vibration_core.sv:313$5864_DATA[39:0]$6524
   330/450: $1$mem2reg_rd$\accumulator$./rtl/core/vibration_core.sv:313$5864_ADDR[1:0]$6523
   331/450: $1\rne$func$./rtl/core/vibration_core.sv:137$5863.halfway[63:0]$6522
   332/450: $1\rne$func$./rtl/core/vibration_core.sv:137$5863.remainder[63:0]$6521
   333/450: $1\rne$func$./rtl/core/vibration_core.sv:137$5863.quotient[63:0]$6520
   334/450: $1\rne$func$./rtl/core/vibration_core.sv:137$5863.value[63:0]$6519
   335/450: $1\rne$func$./rtl/core/vibration_core.sv:137$5863.$result[63:0]$6518
   336/450: $1\relu_quant$func$./rtl/core/vibration_core.sv:357$5862.rounded[63:0]$6517
   337/450: $1\relu_quant$func$./rtl/core/vibration_core.sv:357$5862.value[39:0]$6516
   338/450: $1\relu_quant$func$./rtl/core/vibration_core.sv:357$5862.$result[7:0]$6515
   339/450: $1\rne$func$./rtl/core/vibration_core.sv:137$5861.halfway[63:0]$6514
   340/450: $1\rne$func$./rtl/core/vibration_core.sv:137$5861.remainder[63:0]$6513
   341/450: $1\rne$func$./rtl/core/vibration_core.sv:137$5861.quotient[63:0]$6512
   342/450: $1\rne$func$./rtl/core/vibration_core.sv:137$5861.value[63:0]$6511
   343/450: $1\rne$func$./rtl/core/vibration_core.sv:137$5861.$result[63:0]$6510
   344/450: $1\relu_quant$func$./rtl/core/vibration_core.sv:355$5860.rounded[63:0]$6509
   345/450: $1\relu_quant$func$./rtl/core/vibration_core.sv:355$5860.value[39:0]$6508
   346/450: $1\relu_quant$func$./rtl/core/vibration_core.sv:355$5860.$result[7:0]$6507
   347/450: $1\power_quant$func$./rtl/core/vibration_core.sv:332$5859.rounded[33:0]$6506
   348/450: $1\power_quant$func$./rtl/core/vibration_core.sv:332$5859.halfway[32:0]$6505
   349/450: $1\power_quant$func$./rtl/core/vibration_core.sv:332$5859.remainder[32:0]$6504
   350/450: $1\power_quant$func$./rtl/core/vibration_core.sv:332$5859.quotient[32:0]$6503
   351/450: $1\power_quant$func$./rtl/core/vibration_core.sv:332$5859.shift[7:0]$6502
   352/450: $1\power_quant$func$./rtl/core/vibration_core.sv:332$5859.value[32:0]$6501
   353/450: $1\power_quant$func$./rtl/core/vibration_core.sv:332$5859.$result[7:0]$6500
   354/450: $1\power_quant$func$./rtl/core/vibration_core.sv:331$5858.rounded[33:0]$6499
   355/450: $1\power_quant$func$./rtl/core/vibration_core.sv:331$5858.halfway[32:0]$6498
   356/450: $1\power_quant$func$./rtl/core/vibration_core.sv:331$5858.remainder[32:0]$6497
   357/450: $1\power_quant$func$./rtl/core/vibration_core.sv:331$5858.quotient[32:0]$6496
   358/450: $1\power_quant$func$./rtl/core/vibration_core.sv:331$5858.shift[7:0]$6495
   359/450: $1\power_quant$func$./rtl/core/vibration_core.sv:331$5858.value[32:0]$6494
   360/450: $1\power_quant$func$./rtl/core/vibration_core.sv:331$5858.$result[7:0]$6493
   361/450: $1\sat16$func$./rtl/core/vibration_core.sv:316$5857.value[63:0]$6492
   362/450: $1\sat16$func$./rtl/core/vibration_core.sv:316$5857.$result[15:0]$6491
   363/450: $1\rne$func$./rtl/core/vibration_core.sv:316$5856.halfway[63:0]$6490
   364/450: $1\rne$func$./rtl/core/vibration_core.sv:316$5856.remainder[63:0]$6489
   365/450: $1\rne$func$./rtl/core/vibration_core.sv:316$5856.quotient[63:0]$6488
   366/450: $1\rne$func$./rtl/core/vibration_core.sv:316$5856.value[63:0]$6487
   367/450: $1\rne$func$./rtl/core/vibration_core.sv:316$5856.$result[63:0]$6486
   368/450: $1\sat16$func$./rtl/core/vibration_core.sv:314$5855.value[63:0]$6485
   369/450: $1\sat16$func$./rtl/core/vibration_core.sv:314$5855.$result[15:0]$6484
   370/450: $1\rne$func$./rtl/core/vibration_core.sv:314$5854.halfway[63:0]$6483
   371/450: $1\rne$func$./rtl/core/vibration_core.sv:314$5854.remainder[63:0]$6482
   372/450: $1\rne$func$./rtl/core/vibration_core.sv:314$5854.quotient[63:0]$6481
   373/450: $1\rne$func$./rtl/core/vibration_core.sv:314$5854.value[63:0]$6480
   374/450: $1\rne$func$./rtl/core/vibration_core.sv:314$5854.$result[63:0]$6479
   375/450: $1\sat16$func$./rtl/core/vibration_core.sv:313$5853.value[63:0]$6478
   376/450: $1\sat16$func$./rtl/core/vibration_core.sv:313$5853.$result[15:0]$6477
   377/450: $1\rne$func$./rtl/core/vibration_core.sv:313$5852.halfway[63:0]$6476
   378/450: $1\rne$func$./rtl/core/vibration_core.sv:313$5852.remainder[63:0]$6475
   379/450: $1\rne$func$./rtl/core/vibration_core.sv:313$5852.quotient[63:0]$6474
   380/450: $1\rne$func$./rtl/core/vibration_core.sv:313$5852.value[63:0]$6473
   381/450: $1\rne$func$./rtl/core/vibration_core.sv:313$5852.$result[63:0]$6472
   382/450: $1$bitselwrite$pos$./rtl/core/vibration_core.sv:294$5851[0:0]$6471
   383/450: $1\sat12$func$./rtl/core/vibration_core.sv:293$5850.value[63:0]$6470
   384/450: $1\sat12$func$./rtl/core/vibration_core.sv:293$5850.$result[15:0]$6469
   385/450: $1\rne$func$./rtl/core/vibration_core.sv:293$5849.halfway[63:0]$6468
   386/450: $1\rne$func$./rtl/core/vibration_core.sv:293$5849.remainder[63:0]$6467
   387/450: $1\rne$func$./rtl/core/vibration_core.sv:293$5849.quotient[63:0]$6466
   388/450: $1\rne$func$./rtl/core/vibration_core.sv:293$5849.value[63:0]$6465
   389/450: $1\rne$func$./rtl/core/vibration_core.sv:293$5849.$result[63:0]$6464
   390/450: $1\rne$func$./rtl/core/vibration_core.sv:287$5848.halfway[63:0]$6463
   391/450: $1\rne$func$./rtl/core/vibration_core.sv:287$5848.remainder[63:0]$6462
   392/450: $1\rne$func$./rtl/core/vibration_core.sv:287$5848.quotient[63:0]$6461
   393/450: $1\rne$func$./rtl/core/vibration_core.sv:287$5848.value[63:0]$6460
   394/450: $1\rne$func$./rtl/core/vibration_core.sv:287$5848.$result[63:0]$6459
   395/450: $1\rne$func$./rtl/core/vibration_core.sv:286$5847.halfway[63:0]$6458
   396/450: $1\rne$func$./rtl/core/vibration_core.sv:286$5847.remainder[63:0]$6457
   397/450: $1\rne$func$./rtl/core/vibration_core.sv:286$5847.quotient[63:0]$6456
   398/450: $1\rne$func$./rtl/core/vibration_core.sv:286$5847.value[63:0]$6455
   399/450: $1\rne$func$./rtl/core/vibration_core.sv:286$5847.$result[63:0]$6454
   400/450: $1$bitselwrite$pos$./rtl/core/vibration_core.sv:280$5846[0:0]$6453
   401/450: $1$bitselwrite$pos$./rtl/core/vibration_core.sv:280$5845[0:0]$6452
   402/450: $1$bitselwrite$pos$./rtl/core/vibration_core.sv:261$5844[0:0]$6451
   403/450: $0\phase[3][9:0]
   404/450: $0\phase[2][9:0]
   405/450: $0\phase[1][9:0]
   406/450: $0\phase[0][9:0]
   407/450: $0\accumulator[3][39:0]
   408/450: $0\accumulator[2][39:0]
   409/450: $0\accumulator[1][39:0]
   410/450: $0\accumulator[0][39:0]
   411/450: $0\count_total[31:0]
   412/450: $0\count_nn[31:0]
   413/450: $0\count_power[31:0]
   414/450: $0\count_dft[31:0]
   415/450: $0\count_pre[31:0]
   416/450: $3$mem2reg_rd$\accumulator$./rtl/core/vibration_core.sv:353$5868_DATA[39:0]$7042
   417/450: $0\activation_q[7:0]
   418/450: $0\nn_input[3:0]
   419/450: $0\nn_group[4:0]
   420/450: $0\nn_layer[0:0]
   421/450: $0\power_sum[32:0]
   422/450: $0\feature_index[3:0]
   423/450: $0\store_lane[2:0]
   424/450: $0\dft_group[5:0]
   425/450: $0\mean[15:0]
   426/450: $0\point[9:0]
   427/450: $0\active_id[31:0]
   428/450: $0\input_sum[25:0]
   429/450: $0\receiving_id[31:0]
   430/450: $0\input_index[9:0]
   431/450: $0\draining[0:0]
   432/450: $0\receiving[0:0]
   433/450: $0\active_bank[0:0]
   434/450: $0\read_bank[0:0]
   435/450: $0\write_bank[0:0]
   436/450: $0\state[4:0]
   437/450: $0\dbg_value[39:0]
   438/450: $0\dbg_index[15:0]
   439/450: $0\dbg_kind[3:0]
   440/450: $0\protocol_errors[31:0]
   441/450: $0\cycles_total[31:0]
   442/450: $0\cycles_nn[31:0]
   443/450: $0\cycles_power[31:0]
   444/450: $0\cycles_dft[31:0]
   445/450: $0\cycles_pre[31:0]
   446/450: $0\out_error[7:0]
   447/450: $0\out_class[1:0]
   448/450: $0\out_logits[95:0]
   449/450: $0\out_frame_id[31:0]
   450/450: $0\out_valid[0:0]
Creating decoders for process `\vibration_core.$proc$./rtl/core/vibration_core.sv:217$6260'.
     1/31: $3\sat12$func$./rtl/core/vibration_core.sv:226$5843.$result[15:0]$6329
     2/31: $2\sat12$func$./rtl/core/vibration_core.sv:226$5843.$result[15:0]$6327
     3/31: $2\rne$func$./rtl/core/vibration_core.sv:226$5842.$result[63:0]$6315
     4/31: $2\rne$func$./rtl/core/vibration_core.sv:226$5842.halfway[63:0]$6318
     5/31: $2\rne$func$./rtl/core/vibration_core.sv:226$5842.remainder[63:0]$6317
     6/31: $2\rne$func$./rtl/core/vibration_core.sv:226$5842.quotient[63:0]$6316
     7/31: $1$memwr$\windowed$./rtl/core/vibration_core.sv:226$5875_EN[15:0]$6314
     8/31: $1$memwr$\windowed$./rtl/core/vibration_core.sv:226$5875_DATA[15:0]$6313
     9/31: $1$memwr$\windowed$./rtl/core/vibration_core.sv:226$5875_ADDR[9:0]$6312
    10/31: $1\sat12$func$./rtl/core/vibration_core.sv:226$5843.$result[15:0]$6310
    11/31: $1\sat12$func$./rtl/core/vibration_core.sv:226$5843.value[63:0]$6311
    12/31: $1\rne$func$./rtl/core/vibration_core.sv:226$5842.halfway[63:0]$6309
    13/31: $1\rne$func$./rtl/core/vibration_core.sv:226$5842.remainder[63:0]$6308
    14/31: $1\rne$func$./rtl/core/vibration_core.sv:226$5842.quotient[63:0]$6307
    15/31: $1\rne$func$./rtl/core/vibration_core.sv:226$5842.$result[63:0]$6305
    16/31: $1\rne$func$./rtl/core/vibration_core.sv:226$5842.value[63:0]$6306
    17/31: $2$memwr$\raw1$./rtl/core/vibration_core.sv:219$5873_EN[15:0]$6291
    18/31: $2$memwr$\raw1$./rtl/core/vibration_core.sv:219$5873_DATA[15:0]$6290
    19/31: $2$memwr$\raw1$./rtl/core/vibration_core.sv:219$5873_ADDR[31:0]$6289
    20/31: $2$memwr$\raw0$./rtl/core/vibration_core.sv:220$5874_EN[15:0]$6294
    21/31: $2$memwr$\raw0$./rtl/core/vibration_core.sv:220$5874_DATA[15:0]$6293
    22/31: $2$memwr$\raw0$./rtl/core/vibration_core.sv:220$5874_ADDR[31:0]$6292
    23/31: $1$memwr$\raw0$./rtl/core/vibration_core.sv:220$5874_EN[15:0]$6288
    24/31: $1$memwr$\raw0$./rtl/core/vibration_core.sv:220$5874_DATA[15:0]$6287
    25/31: $1$memwr$\raw0$./rtl/core/vibration_core.sv:220$5874_ADDR[31:0]$6286
    26/31: $1$memwr$\raw1$./rtl/core/vibration_core.sv:219$5873_EN[15:0]$6285
    27/31: $1$memwr$\raw1$./rtl/core/vibration_core.sv:219$5873_DATA[15:0]$6284
    28/31: $1$memwr$\raw1$./rtl/core/vibration_core.sv:219$5873_ADDR[31:0]$6283
    29/31: $0\sample_q[15:0]
    30/31: $0\hann_q[15:0]
    31/31: $0\raw_q[15:0]
Creating decoders for process `\vibration_core.$proc$./rtl/core/vibration_core.sv:193$6225'.
     1/23: $3\sat12$func$./rtl/core/vibration_core.sv:199$5841.$result[15:0]$6255
     2/23: $2\sat12$func$./rtl/core/vibration_core.sv:199$5841.$result[15:0]$6253
     3/23: $2\rne$func$./rtl/core/vibration_core.sv:199$5840.$result[63:0]$6241
     4/23: $2\rne$func$./rtl/core/vibration_core.sv:199$5840.halfway[63:0]$6244
     5/23: $2\rne$func$./rtl/core/vibration_core.sv:199$5840.remainder[63:0]$6243
     6/23: $2\rne$func$./rtl/core/vibration_core.sv:199$5840.quotient[63:0]$6242
     7/23: $1\operand_b[0][15:0]
     8/23: $1\operand_a[0][15:0]
     9/23: $1\sat12$func$./rtl/core/vibration_core.sv:199$5841.$result[15:0]$6238
    10/23: $1\sat12$func$./rtl/core/vibration_core.sv:199$5841.value[63:0]$6239
    11/23: $1\rne$func$./rtl/core/vibration_core.sv:199$5840.halfway[63:0]$6237
    12/23: $1\rne$func$./rtl/core/vibration_core.sv:199$5840.remainder[63:0]$6236
    13/23: $1\rne$func$./rtl/core/vibration_core.sv:199$5840.quotient[63:0]$6235
    14/23: $1\rne$func$./rtl/core/vibration_core.sv:199$5840.$result[63:0]$6233
    15/23: $1\rne$func$./rtl/core/vibration_core.sv:199$5840.value[63:0]$6234
    16/23: $1\multiply_enable[0:0]
    17/23: $1\operand_b[3][15:0]
    18/23: $1\operand_b[2][15:0]
    19/23: $1\operand_b[1][15:0]
    20/23: $1\operand_a[3][15:0]
    21/23: $1\operand_a[2][15:0]
    22/23: $1\operand_a[1][15:0]
    23/23: $1\m[31:0]
Creating decoders for process `$paramod$491cb2a41e978ebfd6f1c12df852b1b539f705dc\vib_coeff_rom.$proc$./rtl/core/vib_coeff_rom.sv:21$5816'.
     1/3: $0\is_zero[0:0]
     2/3: $0\negative[0:0]
     3/3: $0\magnitude[15:0]

4.4.8. Executing PROC_DLATCH pass (convert process syncs to latches).
No latch inferred for signal `\vibration_core.\g_lane[2].row' from process `\vibration_core.$proc$./rtl/core/vibration_core.sv:172$8056'.
No latch inferred for signal `\vibration_core.\g_lane[2].column' from process `\vibration_core.$proc$./rtl/core/vibration_core.sv:172$8056'.
No latch inferred for signal `\vibration_core.$memwr$\g_lane[2].weights$./rtl/core/vibration_core.sv:177$6046_DATA' from process `\vibration_core.$proc$./rtl/core/vibration_core.sv:172$8056'.
No latch inferred for signal `\vibration_core.$memwr$\g_lane[2].weights$./rtl/core/vibration_core.sv:177$6046_EN' from process `\vibration_core.$proc$./rtl/core/vibration_core.sv:172$8056'.
No latch inferred for signal `\vibration_core.$memwr$\g_lane[2].weights$./rtl/core/vibration_core.sv:177$6047_DATA' from process `\vibration_core.$proc$./rtl/core/vibration_core.sv:172$8056'.
No latch inferred for signal `\vibration_core.$memwr$\g_lane[2].weights$./rtl/core/vibration_core.sv:177$6047_EN' from process `\vibration_core.$proc$./rtl/core/vibration_core.sv:172$8056'.
No latch inferred for signal `\vibration_core.$memwr$\g_lane[2].weights$./rtl/core/vibration_core.sv:177$6048_DATA' from process `\vibration_core.$proc$./rtl/core/vibration_core.sv:172$8056'.
No latch inferred for signal `\vibration_core.$memwr$\g_lane[2].weights$./rtl/core/vibration_core.sv:177$6048_EN' from process `\vibration_core.$proc$./rtl/core/vibration_core.sv:172$8056'.
No latch inferred for signal `\vibration_core.$memwr$\g_lane[2].weights$./rtl/core/vibration_core.sv:177$6049_DATA' from process `\vibration_core.$proc$./rtl/core/vibration_core.sv:172$8056'.
No latch inferred for signal `\vibration_core.$memwr$\g_lane[2].weights$./rtl/core/vibration_core.sv:177$6049_EN' from process `\vibration_core.$proc$./rtl/core/vibration_core.sv:172$8056'.
No latch inferred for signal `\vibration_core.$memwr$\g_lane[2].weights$./rtl/core/vibration_core.sv:177$6050_DATA' from process `\vibration_core.$proc$./rtl/core/vibration_core.sv:172$8056'.
No latch inferred for signal `\vibration_core.$memwr$\g_lane[2].weights$./rtl/core/vibration_core.sv:177$6050_EN' from process `\vibration_core.$proc$./rtl/core/vibration_core.sv:172$8056'.
No latch inferred for signal `\vibration_core.$memwr$\g_lane[2].weights$./rtl/core/vibration_core.sv:177$6051_DATA' from process `\vibration_core.$proc$./rtl/core/vibration_core.sv:172$8056'.
No latch inferred for signal `\vibration_core.$memwr$\g_lane[2].weights$./rtl/core/vibration_core.sv:177$6051_EN' from process `\vibration_core.$proc$./rtl/core/vibration_core.sv:172$8056'.
No latch inferred for signal `\vibration_core.$memwr$\g_lane[2].weights$./rtl/core/vibration_core.sv:177$6052_DATA' from process `\vibration_core.$proc$./rtl/core/vibration_core.sv:172$8056'.
No latch inferred for signal `\vibration_core.$memwr$\g_lane[2].weights$./rtl/core/vibration_core.sv:177$6052_EN' from process `\vibration_core.$proc$./rtl/core/vibration_core.sv:172$8056'.
No latch inferred for signal `\vibration_core.$memwr$\g_lane[2].weights$./rtl/core/vibration_core.sv:177$6053_DATA' from process `\vibration_core.$proc$./rtl/core/vibration_core.sv:172$8056'.
No latch inferred for signal `\vibration_core.$memwr$\g_lane[2].weights$./rtl/core/vibration_core.sv:177$6053_EN' from process `\vibration_core.$proc$./rtl/core/vibration_core.sv:172$8056'.
No latch inferred for signal `\vibration_core.$memwr$\g_lane[2].weights$./rtl/core/vibration_core.sv:177$6054_DATA' from process `\vibration_core.$proc$./rtl/core/vibration_core.sv:172$8056'.
No latch inferred for signal `\vibration_core.$memwr$\g_lane[2].weights$./rtl/core/vibration_core.sv:177$6054_EN' from process `\vibration_core.$proc$./rtl/core/vibration_core.sv:172$8056'.
No latch inferred for signal `\vibration_core.$memwr$\g_lane[2].weights$./rtl/core/vibration_core.sv:177$6055_DATA' from process `\vibration_core.$proc$./rtl/core/vibration_core.sv:172$8056'.
No latch inferred for signal `\vibration_core.$memwr$\g_lane[2].weights$./rtl/core/vibration_core.sv:177$6055_EN' from process `\vibration_core.$proc$./rtl/core/vibration_core.sv:172$8056'.
No latch inferred for signal `\vibration_core.$memwr$\g_lane[2].weights$./rtl/core/vibration_core.sv:177$6056_DATA' from process `\vibration_core.$proc$./rtl/core/vibration_core.sv:172$8056'.
No latch inferred for signal `\vibration_core.$memwr$\g_lane[2].weights$./rtl/core/vibration_core.sv:177$6056_EN' from process `\vibration_core.$proc$./rtl/core/vibration_core.sv:172$8056'.
No latch inferred for signal `\vibration_core.$memwr$\g_lane[2].weights$./rtl/core/vibration_core.sv:177$6057_DATA' from process `\vibration_core.$proc$./rtl/core/vibration_core.sv:172$8056'.
No latch inferred for signal `\vibration_core.$memwr$\g_lane[2].weights$./rtl/core/vibration_core.sv:177$6057_EN' from process `\vibration_core.$proc$./rtl/core/vibration_core.sv:172$8056'.
No latch inferred for signal `\vibration_core.$memwr$\g_lane[2].weights$./rtl/core/vibration_core.sv:177$6058_DATA' from process `\vibration_core.$proc$./rtl/core/vibration_core.sv:172$8056'.
No latch inferred for signal `\vibration_core.$memwr$\g_lane[2].weights$./rtl/core/vibration_core.sv:177$6058_EN' from process `\vibration_core.$proc$./rtl/core/vibration_core.sv:172$8056'.
No latch inferred for signal `\vibration_core.$memwr$\g_lane[2].weights$./rtl/core/vibration_core.sv:177$6059_DATA' from process `\vibration_core.$proc$./rtl/core/vibration_core.sv:172$8056'.
No latch inferred for signal `\vibration_core.$memwr$\g_lane[2].weights$./rtl/core/vibration_core.sv:177$6059_EN' from process `\vibration_core.$proc$./rtl/core/vibration_core.sv:172$8056'.
No latch inferred for signal `\vibration_core.$memwr$\g_lane[2].weights$./rtl/core/vibration_core.sv:177$6060_DATA' from process `\vibration_core.$proc$./rtl/core/vibration_core.sv:172$8056'.
No latch inferred for signal `\vibration_core.$memwr$\g_lane[2].weights$./rtl/core/vibration_core.sv:177$6060_EN' from process `\vibration_core.$proc$./rtl/core/vibration_core.sv:172$8056'.
No latch inferred for signal `\vibration_core.$memwr$\g_lane[2].weights$./rtl/core/vibration_core.sv:177$6061_DATA' from process `\vibration_core.$proc$./rtl/core/vibration_core.sv:172$8056'.
No latch inferred for signal `\vibration_core.$memwr$\g_lane[2].weights$./rtl/core/vibration_core.sv:177$6061_EN' from process `\vibration_core.$proc$./rtl/core/vibration_core.sv:172$8056'.
No latch inferred for signal `\vibration_core.$memwr$\g_lane[2].weights$./rtl/core/vibration_core.sv:177$6062_DATA' from process `\vibration_core.$proc$./rtl/core/vibration_core.sv:172$8056'.
No latch inferred for signal `\vibration_core.$memwr$\g_lane[2].weights$./rtl/core/vibration_core.sv:177$6062_EN' from process `\vibration_core.$proc$./rtl/core/vibration_core.sv:172$8056'.
No latch inferred for signal `\vibration_core.$memwr$\g_lane[2].weights$./rtl/core/vibration_core.sv:177$6063_DATA' from process `\vibration_core.$proc$./rtl/core/vibration_core.sv:172$8056'.
No latch inferred for signal `\vibration_core.$memwr$\g_lane[2].weights$./rtl/core/vibration_core.sv:177$6063_EN' from process `\vibration_core.$proc$./rtl/core/vibration_core.sv:172$8056'.
No latch inferred for signal `\vibration_core.$memwr$\g_lane[2].weights$./rtl/core/vibration_core.sv:177$6064_DATA' from process `\vibration_core.$proc$./rtl/core/vibration_core.sv:172$8056'.
No latch inferred for signal `\vibration_core.$memwr$\g_lane[2].weights$./rtl/core/vibration_core.sv:177$6064_EN' from process `\vibration_core.$proc$./rtl/core/vibration_core.sv:172$8056'.
No latch inferred for signal `\vibration_core.$memwr$\g_lane[2].weights$./rtl/core/vibration_core.sv:177$6065_DATA' from process `\vibration_core.$proc$./rtl/core/vibration_core.sv:172$8056'.
No latch inferred for signal `\vibration_core.$memwr$\g_lane[2].weights$./rtl/core/vibration_core.sv:177$6065_EN' from process `\vibration_core.$proc$./rtl/core/vibration_core.sv:172$8056'.
No latch inferred for signal `\vibration_core.$memwr$\g_lane[2].weights$./rtl/core/vibration_core.sv:177$6066_DATA' from process `\vibration_core.$proc$./rtl/core/vibration_core.sv:172$8056'.
No latch inferred for signal `\vibration_core.$memwr$\g_lane[2].weights$./rtl/core/vibration_core.sv:177$6066_EN' from process `\vibration_core.$proc$./rtl/core/vibration_core.sv:172$8056'.
No latch inferred for signal `\vibration_core.$memwr$\g_lane[2].weights$./rtl/core/vibration_core.sv:177$6067_DATA' from process `\vibration_core.$proc$./rtl/core/vibration_core.sv:172$8056'.
No latch inferred for signal `\vibration_core.$memwr$\g_lane[2].weights$./rtl/core/vibration_core.sv:177$6067_EN' from process `\vibration_core.$proc$./rtl/core/vibration_core.sv:172$8056'.
No latch inferred for signal `\vibration_core.$memwr$\g_lane[2].weights$./rtl/core/vibration_core.sv:177$6068_DATA' from process `\vibration_core.$proc$./rtl/core/vibration_core.sv:172$8056'.
No latch inferred for signal `\vibration_core.$memwr$\g_lane[2].weights$./rtl/core/vibration_core.sv:177$6068_EN' from process `\vibration_core.$proc$./rtl/core/vibration_core.sv:172$8056'.
No latch inferred for signal `\vibration_core.$memwr$\g_lane[2].weights$./rtl/core/vibration_core.sv:177$6069_DATA' from process `\vibration_core.$proc$./rtl/core/vibration_core.sv:172$8056'.
No latch inferred for signal `\vibration_core.$memwr$\g_lane[2].weights$./rtl/core/vibration_core.sv:177$6069_EN' from process `\vibration_core.$proc$./rtl/core/vibration_core.sv:172$8056'.
No latch inferred for signal `\vibration_core.$memwr$\g_lane[2].weights$./rtl/core/vibration_core.sv:177$6070_DATA' from process `\vibration_core.$proc$./rtl/core/vibration_core.sv:172$8056'.
No latch inferred for signal `\vibration_core.$memwr$\g_lane[2].weights$./rtl/core/vibration_core.sv:177$6070_EN' from process `\vibration_core.$proc$./rtl/core/vibration_core.sv:172$8056'.
No latch inferred for signal `\vibration_core.$memwr$\g_lane[2].weights$./rtl/core/vibration_core.sv:177$6071_DATA' from process `\vibration_core.$proc$./rtl/core/vibration_core.sv:172$8056'.
No latch inferred for signal `\vibration_core.$memwr$\g_lane[2].weights$./rtl/core/vibration_core.sv:177$6071_EN' from process `\vibration_core.$proc$./rtl/core/vibration_core.sv:172$8056'.
No latch inferred for signal `\vibration_core.$memwr$\g_lane[2].weights$./rtl/core/vibration_core.sv:177$6072_DATA' from process `\vibration_core.$proc$./rtl/core/vibration_core.sv:172$8056'.
No latch inferred for signal `\vibration_core.$memwr$\g_lane[2].weights$./rtl/core/vibration_core.sv:177$6072_EN' from process `\vibration_core.$proc$./rtl/core/vibration_core.sv:172$8056'.
No latch inferred for signal `\vibration_core.$memwr$\g_lane[2].weights$./rtl/core/vibration_core.sv:177$6073_DATA' from process `\vibration_core.$proc$./rtl/core/vibration_core.sv:172$8056'.
No latch inferred for signal `\vibration_core.$memwr$\g_lane[2].weights$./rtl/core/vibration_core.sv:177$6073_EN' from process `\vibration_core.$proc$./rtl/core/vibration_core.sv:172$8056'.
No latch inferred for signal `\vibration_core.$memwr$\g_lane[2].weights$./rtl/core/vibration_core.sv:177$6074_DATA' from process `\vibration_core.$proc$./rtl/core/vibration_core.sv:172$8056'.
No latch inferred for signal `\vibration_core.$memwr$\g_lane[2].weights$./rtl/core/vibration_core.sv:177$6074_EN' from process `\vibration_core.$proc$./rtl/core/vibration_core.sv:172$8056'.
No latch inferred for signal `\vibration_core.$memwr$\g_lane[2].weights$./rtl/core/vibration_core.sv:177$6075_DATA' from process `\vibration_core.$proc$./rtl/core/vibration_core.sv:172$8056'.
No latch inferred for signal `\vibration_core.$memwr$\g_lane[2].weights$./rtl/core/vibration_core.sv:177$6075_EN' from process `\vibration_core.$proc$./rtl/core/vibration_core.sv:172$8056'.
No latch inferred for signal `\vibration_core.$memwr$\g_lane[2].weights$./rtl/core/vibration_core.sv:177$6076_DATA' from process `\vibration_core.$proc$./rtl/core/vibration_core.sv:172$8056'.
No latch inferred for signal `\vibration_core.$memwr$\g_lane[2].weights$./rtl/core/vibration_core.sv:177$6076_EN' from process `\vibration_core.$proc$./rtl/core/vibration_core.sv:172$8056'.
No latch inferred for signal `\vibration_core.$memwr$\g_lane[2].weights$./rtl/core/vibration_core.sv:177$6077_DATA' from process `\vibration_core.$proc$./rtl/core/vibration_core.sv:172$8056'.
No latch inferred for signal `\vibration_core.$memwr$\g_lane[2].weights$./rtl/core/vibration_core.sv:177$6077_EN' from process `\vibration_core.$proc$./rtl/core/vibration_core.sv:172$8056'.
No latch inferred for signal `\vibration_core.$memwr$\g_lane[2].weights$./rtl/core/vibration_core.sv:177$6078_DATA' from process `\vibration_core.$proc$./rtl/core/vibration_core.sv:172$8056'.
No latch inferred for signal `\vibration_core.$memwr$\g_lane[2].weights$./rtl/core/vibration_core.sv:177$6078_EN' from process `\vibration_core.$proc$./rtl/core/vibration_core.sv:172$8056'.
No latch inferred for signal `\vibration_core.$memwr$\g_lane[2].weights$./rtl/core/vibration_core.sv:177$6079_DATA' from process `\vibration_core.$proc$./rtl/core/vibration_core.sv:172$8056'.
No latch inferred for signal `\vibration_core.$memwr$\g_lane[2].weights$./rtl/core/vibration_core.sv:177$6079_EN' from process `\vibration_core.$proc$./rtl/core/vibration_core.sv:172$8056'.
No latch inferred for signal `\vibration_core.$memwr$\g_lane[2].weights$./rtl/core/vibration_core.sv:177$6080_DATA' from process `\vibration_core.$proc$./rtl/core/vibration_core.sv:172$8056'.
No latch inferred for signal `\vibration_core.$memwr$\g_lane[2].weights$./rtl/core/vibration_core.sv:177$6080_EN' from process `\vibration_core.$proc$./rtl/core/vibration_core.sv:172$8056'.
No latch inferred for signal `\vibration_core.$memwr$\g_lane[2].weights$./rtl/core/vibration_core.sv:177$6081_DATA' from process `\vibration_core.$proc$./rtl/core/vibration_core.sv:172$8056'.
No latch inferred for signal `\vibration_core.$memwr$\g_lane[2].weights$./rtl/core/vibration_core.sv:177$6081_EN' from process `\vibration_core.$proc$./rtl/core/vibration_core.sv:172$8056'.
No latch inferred for signal `\vibration_core.$memwr$\g_lane[2].weights$./rtl/core/vibration_core.sv:177$6082_DATA' from process `\vibration_core.$proc$./rtl/core/vibration_core.sv:172$8056'.
No latch inferred for signal `\vibration_core.$memwr$\g_lane[2].weights$./rtl/core/vibration_core.sv:177$6082_EN' from process `\vibration_core.$proc$./rtl/core/vibration_core.sv:172$8056'.
No latch inferred for signal `\vibration_core.$memwr$\g_lane[2].weights$./rtl/core/vibration_core.sv:177$6083_DATA' from process `\vibration_core.$proc$./rtl/core/vibration_core.sv:172$8056'.
No latch inferred for signal `\vibration_core.$memwr$\g_lane[2].weights$./rtl/core/vibration_core.sv:177$6083_EN' from process `\vibration_core.$proc$./rtl/core/vibration_core.sv:172$8056'.
No latch inferred for signal `\vibration_core.$memwr$\g_lane[2].weights$./rtl/core/vibration_core.sv:177$6084_DATA' from process `\vibration_core.$proc$./rtl/core/vibration_core.sv:172$8056'.
No latch inferred for signal `\vibration_core.$memwr$\g_lane[2].weights$./rtl/core/vibration_core.sv:177$6084_EN' from process `\vibration_core.$proc$./rtl/core/vibration_core.sv:172$8056'.
No latch inferred for signal `\vibration_core.$memwr$\g_lane[2].weights$./rtl/core/vibration_core.sv:177$6085_DATA' from process `\vibration_core.$proc$./rtl/core/vibration_core.sv:172$8056'.
No latch inferred for signal `\vibration_core.$memwr$\g_lane[2].weights$./rtl/core/vibration_core.sv:177$6085_EN' from process `\vibration_core.$proc$./rtl/core/vibration_core.sv:172$8056'.
No latch inferred for signal `\vibration_core.$memwr$\g_lane[2].weights$./rtl/core/vibration_core.sv:177$6086_DATA' from process `\vibration_core.$proc$./rtl/core/vibration_core.sv:172$8056'.
No latch inferred for signal `\vibration_core.$memwr$\g_lane[2].weights$./rtl/core/vibration_core.sv:177$6086_EN' from process `\vibration_core.$proc$./rtl/core/vibration_core.sv:172$8056'.
No latch inferred for signal `\vibration_core.$memwr$\g_lane[2].weights$./rtl/core/vibration_core.sv:177$6087_DATA' from process `\vibration_core.$proc$./rtl/core/vibration_core.sv:172$8056'.
No latch inferred for signal `\vibration_core.$memwr$\g_lane[2].weights$./rtl/core/vibration_core.sv:177$6087_EN' from process `\vibration_core.$proc$./rtl/core/vibration_core.sv:172$8056'.
No latch inferred for signal `\vibration_core.$memwr$\g_lane[2].weights$./rtl/core/vibration_core.sv:177$6088_DATA' from process `\vibration_core.$proc$./rtl/core/vibration_core.sv:172$8056'.
No latch inferred for signal `\vibration_core.$memwr$\g_lane[2].weights$./rtl/core/vibration_core.sv:177$6088_EN' from process `\vibration_core.$proc$./rtl/core/vibration_core.sv:172$8056'.
No latch inferred for signal `\vibration_core.$memwr$\g_lane[2].weights$./rtl/core/vibration_core.sv:177$6089_DATA' from process `\vibration_core.$proc$./rtl/core/vibration_core.sv:172$8056'.
No latch inferred for signal `\vibration_core.$memwr$\g_lane[2].weights$./rtl/core/vibration_core.sv:177$6089_EN' from process `\vibration_core.$proc$./rtl/core/vibration_core.sv:172$8056'.
No latch inferred for signal `\vibration_core.$memwr$\g_lane[2].weights$./rtl/core/vibration_core.sv:177$6090_DATA' from process `\vibration_core.$proc$./rtl/core/vibration_core.sv:172$8056'.
No latch inferred for signal `\vibration_core.$memwr$\g_lane[2].weights$./rtl/core/vibration_core.sv:177$6090_EN' from process `\vibration_core.$proc$./rtl/core/vibration_core.sv:172$8056'.
No latch inferred for signal `\vibration_core.$memwr$\g_lane[2].weights$./rtl/core/vibration_core.sv:177$6091_DATA' from process `\vibration_core.$proc$./rtl/core/vibration_core.sv:172$8056'.
No latch inferred for signal `\vibration_core.$memwr$\g_lane[2].weights$./rtl/core/vibration_core.sv:177$6091_EN' from process `\vibration_core.$proc$./rtl/core/vibration_core.sv:172$8056'.
No latch inferred for signal `\vibration_core.$memwr$\g_lane[2].weights$./rtl/core/vibration_core.sv:177$6092_DATA' from process `\vibration_core.$proc$./rtl/core/vibration_core.sv:172$8056'.
No latch inferred for signal `\vibration_core.$memwr$\g_lane[2].weights$./rtl/core/vibration_core.sv:177$6092_EN' from process `\vibration_core.$proc$./rtl/core/vibration_core.sv:172$8056'.
No latch inferred for signal `\vibration_core.$memwr$\g_lane[2].weights$./rtl/core/vibration_core.sv:177$6093_DATA' from process `\vibration_core.$proc$./rtl/core/vibration_core.sv:172$8056'.
No latch inferred for signal `\vibration_core.$memwr$\g_lane[2].weights$./rtl/core/vibration_core.sv:177$6093_EN' from process `\vibration_core.$proc$./rtl/core/vibration_core.sv:172$8056'.
No latch inferred for signal `\vibration_core.$memwr$\g_lane[2].weights$./rtl/core/vibration_core.sv:177$6094_DATA' from process `\vibration_core.$proc$./rtl/core/vibration_core.sv:172$8056'.
No latch inferred for signal `\vibration_core.$memwr$\g_lane[2].weights$./rtl/core/vibration_core.sv:177$6094_EN' from process `\vibration_core.$proc$./rtl/core/vibration_core.sv:172$8056'.
No latch inferred for signal `\vibration_core.$memwr$\g_lane[2].weights$./rtl/core/vibration_core.sv:177$6095_DATA' from process `\vibration_core.$proc$./rtl/core/vibration_core.sv:172$8056'.
No latch inferred for signal `\vibration_core.$memwr$\g_lane[2].weights$./rtl/core/vibration_core.sv:177$6095_EN' from process `\vibration_core.$proc$./rtl/core/vibration_core.sv:172$8056'.
No latch inferred for signal `\vibration_core.$memwr$\g_lane[2].weights$./rtl/core/vibration_core.sv:177$6096_DATA' from process `\vibration_core.$proc$./rtl/core/vibration_core.sv:172$8056'.
No latch inferred for signal `\vibration_core.$memwr$\g_lane[2].weights$./rtl/core/vibration_core.sv:177$6096_EN' from process `\vibration_core.$proc$./rtl/core/vibration_core.sv:172$8056'.
No latch inferred for signal `\vibration_core.$memwr$\g_lane[2].weights$./rtl/core/vibration_core.sv:177$6097_DATA' from process `\vibration_core.$proc$./rtl/core/vibration_core.sv:172$8056'.
No latch inferred for signal `\vibration_core.$memwr$\g_lane[2].weights$./rtl/core/vibration_core.sv:177$6097_EN' from process `\vibration_core.$proc$./rtl/core/vibration_core.sv:172$8056'.
No latch inferred for signal `\vibration_core.$memwr$\g_lane[2].weights$./rtl/core/vibration_core.sv:177$6098_DATA' from process `\vibration_core.$proc$./rtl/core/vibration_core.sv:172$8056'.
No latch inferred for signal `\vibration_core.$memwr$\g_lane[2].weights$./rtl/core/vibration_core.sv:177$6098_EN' from process `\vibration_core.$proc$./rtl/core/vibration_core.sv:172$8056'.
No latch inferred for signal `\vibration_core.$memwr$\g_lane[2].weights$./rtl/core/vibration_core.sv:177$6099_DATA' from process `\vibration_core.$proc$./rtl/core/vibration_core.sv:172$8056'.
No latch inferred for signal `\vibration_core.$memwr$\g_lane[2].weights$./rtl/core/vibration_core.sv:177$6099_EN' from process `\vibration_core.$proc$./rtl/core/vibration_core.sv:172$8056'.
No latch inferred for signal `\vibration_core.$memwr$\g_lane[2].weights$./rtl/core/vibration_core.sv:177$6100_DATA' from process `\vibration_core.$proc$./rtl/core/vibration_core.sv:172$8056'.
No latch inferred for signal `\vibration_core.$memwr$\g_lane[2].weights$./rtl/core/vibration_core.sv:177$6100_EN' from process `\vibration_core.$proc$./rtl/core/vibration_core.sv:172$8056'.
No latch inferred for signal `\vibration_core.$memwr$\g_lane[2].weights$./rtl/core/vibration_core.sv:177$6101_DATA' from process `\vibration_core.$proc$./rtl/core/vibration_core.sv:172$8056'.
No latch inferred for signal `\vibration_core.$memwr$\g_lane[2].weights$./rtl/core/vibration_core.sv:177$6101_EN' from process `\vibration_core.$proc$./rtl/core/vibration_core.sv:172$8056'.
No latch inferred for signal `\vibration_core.$memwr$\g_lane[2].weights$./rtl/core/vibration_core.sv:177$6102_DATA' from process `\vibration_core.$proc$./rtl/core/vibration_core.sv:172$8056'.
No latch inferred for signal `\vibration_core.$memwr$\g_lane[2].weights$./rtl/core/vibration_core.sv:177$6102_EN' from process `\vibration_core.$proc$./rtl/core/vibration_core.sv:172$8056'.
No latch inferred for signal `\vibration_core.$memwr$\g_lane[2].weights$./rtl/core/vibration_core.sv:177$6103_DATA' from process `\vibration_core.$proc$./rtl/core/vibration_core.sv:172$8056'.
No latch inferred for signal `\vibration_core.$memwr$\g_lane[2].weights$./rtl/core/vibration_core.sv:177$6103_EN' from process `\vibration_core.$proc$./rtl/core/vibration_core.sv:172$8056'.
No latch inferred for signal `\vibration_core.$memwr$\g_lane[2].weights$./rtl/core/vibration_core.sv:177$6104_DATA' from process `\vibration_core.$proc$./rtl/core/vibration_core.sv:172$8056'.
No latch inferred for signal `\vibration_core.$memwr$\g_lane[2].weights$./rtl/core/vibration_core.sv:177$6104_EN' from process `\vibration_core.$proc$./rtl/core/vibration_core.sv:172$8056'.
No latch inferred for signal `\vibration_core.$memwr$\g_lane[2].weights$./rtl/core/vibration_core.sv:177$6105_DATA' from process `\vibration_core.$proc$./rtl/core/vibration_core.sv:172$8056'.
No latch inferred for signal `\vibration_core.$memwr$\g_lane[2].weights$./rtl/core/vibration_core.sv:177$6105_EN' from process `\vibration_core.$proc$./rtl/core/vibration_core.sv:172$8056'.
No latch inferred for signal `\vibration_core.$memwr$\g_lane[2].weights$./rtl/core/vibration_core.sv:177$6106_DATA' from process `\vibration_core.$proc$./rtl/core/vibration_core.sv:172$8056'.
No latch inferred for signal `\vibration_core.$memwr$\g_lane[2].weights$./rtl/core/vibration_core.sv:177$6106_EN' from process `\vibration_core.$proc$./rtl/core/vibration_core.sv:172$8056'.
No latch inferred for signal `\vibration_core.$memwr$\g_lane[2].weights$./rtl/core/vibration_core.sv:177$6107_DATA' from process `\vibration_core.$proc$./rtl/core/vibration_core.sv:172$8056'.
No latch inferred for signal `\vibration_core.$memwr$\g_lane[2].weights$./rtl/core/vibration_core.sv:177$6107_EN' from process `\vibration_core.$proc$./rtl/core/vibration_core.sv:172$8056'.
No latch inferred for signal `\vibration_core.$memwr$\g_lane[2].weights$./rtl/core/vibration_core.sv:177$6108_DATA' from process `\vibration_core.$proc$./rtl/core/vibration_core.sv:172$8056'.
No latch inferred for signal `\vibration_core.$memwr$\g_lane[2].weights$./rtl/core/vibration_core.sv:177$6108_EN' from process `\vibration_core.$proc$./rtl/core/vibration_core.sv:172$8056'.
No latch inferred for signal `\vibration_core.$memwr$\g_lane[2].weights$./rtl/core/vibration_core.sv:177$6109_DATA' from process `\vibration_core.$proc$./rtl/core/vibration_core.sv:172$8056'.
No latch inferred for signal `\vibration_core.$memwr$\g_lane[2].weights$./rtl/core/vibration_core.sv:177$6109_EN' from process `\vibration_core.$proc$./rtl/core/vibration_core.sv:172$8056'.
No latch inferred for signal `\vibration_core.$memwr$\g_lane[2].weights$./rtl/core/vibration_core.sv:181$6110_DATA' from process `\vibration_core.$proc$./rtl/core/vibration_core.sv:172$8056'.
No latch inferred for signal `\vibration_core.$memwr$\g_lane[2].weights$./rtl/core/vibration_core.sv:181$6110_EN' from process `\vibration_core.$proc$./rtl/core/vibration_core.sv:172$8056'.
No latch inferred for signal `\vibration_core.$memwr$\g_lane[2].weights$./rtl/core/vibration_core.sv:181$6111_DATA' from process `\vibration_core.$proc$./rtl/core/vibration_core.sv:172$8056'.
No latch inferred for signal `\vibration_core.$memwr$\g_lane[2].weights$./rtl/core/vibration_core.sv:181$6111_EN' from process `\vibration_core.$proc$./rtl/core/vibration_core.sv:172$8056'.
No latch inferred for signal `\vibration_core.$memwr$\g_lane[2].weights$./rtl/core/vibration_core.sv:181$6112_DATA' from process `\vibration_core.$proc$./rtl/core/vibration_core.sv:172$8056'.
No latch inferred for signal `\vibration_core.$memwr$\g_lane[2].weights$./rtl/core/vibration_core.sv:181$6112_EN' from process `\vibration_core.$proc$./rtl/core/vibration_core.sv:172$8056'.
No latch inferred for signal `\vibration_core.$memwr$\g_lane[2].weights$./rtl/core/vibration_core.sv:181$6113_DATA' from process `\vibration_core.$proc$./rtl/core/vibration_core.sv:172$8056'.
No latch inferred for signal `\vibration_core.$memwr$\g_lane[2].weights$./rtl/core/vibration_core.sv:181$6113_EN' from process `\vibration_core.$proc$./rtl/core/vibration_core.sv:172$8056'.
No latch inferred for signal `\vibration_core.$memwr$\g_lane[2].weights$./rtl/core/vibration_core.sv:181$6114_DATA' from process `\vibration_core.$proc$./rtl/core/vibration_core.sv:172$8056'.
No latch inferred for signal `\vibration_core.$memwr$\g_lane[2].weights$./rtl/core/vibration_core.sv:181$6114_EN' from process `\vibration_core.$proc$./rtl/core/vibration_core.sv:172$8056'.
No latch inferred for signal `\vibration_core.$memwr$\g_lane[2].weights$./rtl/core/vibration_core.sv:181$6115_DATA' from process `\vibration_core.$proc$./rtl/core/vibration_core.sv:172$8056'.
No latch inferred for signal `\vibration_core.$memwr$\g_lane[2].weights$./rtl/core/vibration_core.sv:181$6115_EN' from process `\vibration_core.$proc$./rtl/core/vibration_core.sv:172$8056'.
No latch inferred for signal `\vibration_core.$memwr$\g_lane[2].weights$./rtl/core/vibration_core.sv:181$6116_DATA' from process `\vibration_core.$proc$./rtl/core/vibration_core.sv:172$8056'.
No latch inferred for signal `\vibration_core.$memwr$\g_lane[2].weights$./rtl/core/vibration_core.sv:181$6116_EN' from process `\vibration_core.$proc$./rtl/core/vibration_core.sv:172$8056'.
No latch inferred for signal `\vibration_core.$memwr$\g_lane[2].weights$./rtl/core/vibration_core.sv:181$6117_DATA' from process `\vibration_core.$proc$./rtl/core/vibration_core.sv:172$8056'.
No latch inferred for signal `\vibration_core.$memwr$\g_lane[2].weights$./rtl/core/vibration_core.sv:181$6117_EN' from process `\vibration_core.$proc$./rtl/core/vibration_core.sv:172$8056'.
No latch inferred for signal `\vibration_core.$memwr$\g_lane[2].weights$./rtl/core/vibration_core.sv:181$6118_DATA' from process `\vibration_core.$proc$./rtl/core/vibration_core.sv:172$8056'.
No latch inferred for signal `\vibration_core.$memwr$\g_lane[2].weights$./rtl/core/vibration_core.sv:181$6118_EN' from process `\vibration_core.$proc$./rtl/core/vibration_core.sv:172$8056'.
No latch inferred for signal `\vibration_core.$memwr$\g_lane[2].weights$./rtl/core/vibration_core.sv:181$6119_DATA' from process `\vibration_core.$proc$./rtl/core/vibration_core.sv:172$8056'.
No latch inferred for signal `\vibration_core.$memwr$\g_lane[2].weights$./rtl/core/vibration_core.sv:181$6119_EN' from process `\vibration_core.$proc$./rtl/core/vibration_core.sv:172$8056'.
No latch inferred for signal `\vibration_core.$memwr$\g_lane[2].weights$./rtl/core/vibration_core.sv:181$6120_DATA' from process `\vibration_core.$proc$./rtl/core/vibration_core.sv:172$8056'.
No latch inferred for signal `\vibration_core.$memwr$\g_lane[2].weights$./rtl/core/vibration_core.sv:181$6120_EN' from process `\vibration_core.$proc$./rtl/core/vibration_core.sv:172$8056'.
No latch inferred for signal `\vibration_core.$memwr$\g_lane[2].weights$./rtl/core/vibration_core.sv:181$6121_DATA' from process `\vibration_core.$proc$./rtl/core/vibration_core.sv:172$8056'.
No latch inferred for signal `\vibration_core.$memwr$\g_lane[2].weights$./rtl/core/vibration_core.sv:181$6121_EN' from process `\vibration_core.$proc$./rtl/core/vibration_core.sv:172$8056'.
No latch inferred for signal `\vibration_core.$memwr$\g_lane[2].weights$./rtl/core/vibration_core.sv:181$6122_DATA' from process `\vibration_core.$proc$./rtl/core/vibration_core.sv:172$8056'.
No latch inferred for signal `\vibration_core.$memwr$\g_lane[2].weights$./rtl/core/vibration_core.sv:181$6122_EN' from process `\vibration_core.$proc$./rtl/core/vibration_core.sv:172$8056'.
No latch inferred for signal `\vibration_core.$memwr$\g_lane[2].weights$./rtl/core/vibration_core.sv:181$6123_DATA' from process `\vibration_core.$proc$./rtl/core/vibration_core.sv:172$8056'.
No latch inferred for signal `\vibration_core.$memwr$\g_lane[2].weights$./rtl/core/vibration_core.sv:181$6123_EN' from process `\vibration_core.$proc$./rtl/core/vibration_core.sv:172$8056'.
No latch inferred for signal `\vibration_core.$memwr$\g_lane[2].weights$./rtl/core/vibration_core.sv:181$6124_DATA' from process `\vibration_core.$proc$./rtl/core/vibration_core.sv:172$8056'.
No latch inferred for signal `\vibration_core.$memwr$\g_lane[2].weights$./rtl/core/vibration_core.sv:181$6124_EN' from process `\vibration_core.$proc$./rtl/core/vibration_core.sv:172$8056'.
No latch inferred for signal `\vibration_core.$memwr$\g_lane[2].weights$./rtl/core/vibration_core.sv:181$6125_DATA' from process `\vibration_core.$proc$./rtl/core/vibration_core.sv:172$8056'.
No latch inferred for signal `\vibration_core.$memwr$\g_lane[2].weights$./rtl/core/vibration_core.sv:181$6125_EN' from process `\vibration_core.$proc$./rtl/core/vibration_core.sv:172$8056'.
No latch inferred for signal `\vibration_core.\g_lane[1].row' from process `\vibration_core.$proc$./rtl/core/vibration_core.sv:172$7783'.
No latch inferred for signal `\vibration_core.\g_lane[1].column' from process `\vibration_core.$proc$./rtl/core/vibration_core.sv:172$7783'.
No latch inferred for signal `\vibration_core.$memwr$\g_lane[1].weights$./rtl/core/vibration_core.sv:177$5966_DATA' from process `\vibration_core.$proc$./rtl/core/vibration_core.sv:172$7783'.
No latch inferred for signal `\vibration_core.$memwr$\g_lane[1].weights$./rtl/core/vibration_core.sv:177$5966_EN' from process `\vibration_core.$proc$./rtl/core/vibration_core.sv:172$7783'.
No latch inferred for signal `\vibration_core.$memwr$\g_lane[1].weights$./rtl/core/vibration_core.sv:177$5967_DATA' from process `\vibration_core.$proc$./rtl/core/vibration_core.sv:172$7783'.
No latch inferred for signal `\vibration_core.$memwr$\g_lane[1].weights$./rtl/core/vibration_core.sv:177$5967_EN' from process `\vibration_core.$proc$./rtl/core/vibration_core.sv:172$7783'.
No latch inferred for signal `\vibration_core.$memwr$\g_lane[1].weights$./rtl/core/vibration_core.sv:177$5968_DATA' from process `\vibration_core.$proc$./rtl/core/vibration_core.sv:172$7783'.
No latch inferred for signal `\vibration_core.$memwr$\g_lane[1].weights$./rtl/core/vibration_core.sv:177$5968_EN' from process `\vibration_core.$proc$./rtl/core/vibration_core.sv:172$7783'.
No latch inferred for signal `\vibration_core.$memwr$\g_lane[1].weights$./rtl/core/vibration_core.sv:177$5969_DATA' from process `\vibration_core.$proc$./rtl/core/vibration_core.sv:172$7783'.
No latch inferred for signal `\vibration_core.$memwr$\g_lane[1].weights$./rtl/core/vibration_core.sv:177$5969_EN' from process `\vibration_core.$proc$./rtl/core/vibration_core.sv:172$7783'.
No latch inferred for signal `\vibration_core.$memwr$\g_lane[1].weights$./rtl/core/vibration_core.sv:177$5970_DATA' from process `\vibration_core.$proc$./rtl/core/vibration_core.sv:172$7783'.
No latch inferred for signal `\vibration_core.$memwr$\g_lane[1].weights$./rtl/core/vibration_core.sv:177$5970_EN' from process `\vibration_core.$proc$./rtl/core/vibration_core.sv:172$7783'.
No latch inferred for signal `\vibration_core.$memwr$\g_lane[1].weights$./rtl/core/vibration_core.sv:177$5971_DATA' from process `\vibration_core.$proc$./rtl/core/vibration_core.sv:172$7783'.
No latch inferred for signal `\vibration_core.$memwr$\g_lane[1].weights$./rtl/core/vibration_core.sv:177$5971_EN' from process `\vibration_core.$proc$./rtl/core/vibration_core.sv:172$7783'.
No latch inferred for signal `\vibration_core.$memwr$\g_lane[1].weights$./rtl/core/vibration_core.sv:177$5972_DATA' from process `\vibration_core.$proc$./rtl/core/vibration_core.sv:172$7783'.
No latch inferred for signal `\vibration_core.$memwr$\g_lane[1].weights$./rtl/core/vibration_core.sv:177$5972_EN' from process `\vibration_core.$proc$./rtl/core/vibration_core.sv:172$7783'.
No latch inferred for signal `\vibration_core.$memwr$\g_lane[1].weights$./rtl/core/vibration_core.sv:177$5973_DATA' from process `\vibration_core.$proc$./rtl/core/vibration_core.sv:172$7783'.
No latch inferred for signal `\vibration_core.$memwr$\g_lane[1].weights$./rtl/core/vibration_core.sv:177$5973_EN' from process `\vibration_core.$proc$./rtl/core/vibration_core.sv:172$7783'.
No latch inferred for signal `\vibration_core.$memwr$\g_lane[1].weights$./rtl/core/vibration_core.sv:177$5974_DATA' from process `\vibration_core.$proc$./rtl/core/vibration_core.sv:172$7783'.
No latch inferred for signal `\vibration_core.$memwr$\g_lane[1].weights$./rtl/core/vibration_core.sv:177$5974_EN' from process `\vibration_core.$proc$./rtl/core/vibration_core.sv:172$7783'.
No latch inferred for signal `\vibration_core.$memwr$\g_lane[1].weights$./rtl/core/vibration_core.sv:177$5975_DATA' from process `\vibration_core.$proc$./rtl/core/vibration_core.sv:172$7783'.
No latch inferred for signal `\vibration_core.$memwr$\g_lane[1].weights$./rtl/core/vibration_core.sv:177$5975_EN' from process `\vibration_core.$proc$./rtl/core/vibration_core.sv:172$7783'.
No latch inferred for signal `\vibration_core.$memwr$\g_lane[1].weights$./rtl/core/vibration_core.sv:177$5976_DATA' from process `\vibration_core.$proc$./rtl/core/vibration_core.sv:172$7783'.
No latch inferred for signal `\vibration_core.$memwr$\g_lane[1].weights$./rtl/core/vibration_core.sv:177$5976_EN' from process `\vibration_core.$proc$./rtl/core/vibration_core.sv:172$7783'.
No latch inferred for signal `\vibration_core.$memwr$\g_lane[1].weights$./rtl/core/vibration_core.sv:177$5977_DATA' from process `\vibration_core.$proc$./rtl/core/vibration_core.sv:172$7783'.
No latch inferred for signal `\vibration_core.$memwr$\g_lane[1].weights$./rtl/core/vibration_core.sv:177$5977_EN' from process `\vibration_core.$proc$./rtl/core/vibration_core.sv:172$7783'.
No latch inferred for signal `\vibration_core.$memwr$\g_lane[1].weights$./rtl/core/vibration_core.sv:177$5978_DATA' from process `\vibration_core.$proc$./rtl/core/vibration_core.sv:172$7783'.
No latch inferred for signal `\vibration_core.$memwr$\g_lane[1].weights$./rtl/core/vibration_core.sv:177$5978_EN' from process `\vibration_core.$proc$./rtl/core/vibration_core.sv:172$7783'.
No latch inferred for signal `\vibration_core.$memwr$\g_lane[1].weights$./rtl/core/vibration_core.sv:177$5979_DATA' from process `\vibration_core.$proc$./rtl/core/vibration_core.sv:172$7783'.
No latch inferred for signal `\vibration_core.$memwr$\g_lane[1].weights$./rtl/core/vibration_core.sv:177$5979_EN' from process `\vibration_core.$proc$./rtl/core/vibration_core.sv:172$7783'.
No latch inferred for signal `\vibration_core.$memwr$\g_lane[1].weights$./rtl/core/vibration_core.sv:177$5980_DATA' from process `\vibration_core.$proc$./rtl/core/vibration_core.sv:172$7783'.
No latch inferred for signal `\vibration_core.$memwr$\g_lane[1].weights$./rtl/core/vibration_core.sv:177$5980_EN' from process `\vibration_core.$proc$./rtl/core/vibration_core.sv:172$7783'.
No latch inferred for signal `\vibration_core.$memwr$\g_lane[1].weights$./rtl/core/vibration_core.sv:177$5981_DATA' from process `\vibration_core.$proc$./rtl/core/vibration_core.sv:172$7783'.
No latch inferred for signal `\vibration_core.$memwr$\g_lane[1].weights$./rtl/core/vibration_core.sv:177$5981_EN' from process `\vibration_core.$proc$./rtl/core/vibration_core.sv:172$7783'.
No latch inferred for signal `\vibration_core.$memwr$\g_lane[1].weights$./rtl/core/vibration_core.sv:177$5982_DATA' from process `\vibration_core.$proc$./rtl/core/vibration_core.sv:172$7783'.
No latch inferred for signal `\vibration_core.$memwr$\g_lane[1].weights$./rtl/core/vibration_core.sv:177$5982_EN' from process `\vibration_core.$proc$./rtl/core/vibration_core.sv:172$7783'.
No latch inferred for signal `\vibration_core.$memwr$\g_lane[1].weights$./rtl/core/vibration_core.sv:177$5983_DATA' from process `\vibration_core.$proc$./rtl/core/vibration_core.sv:172$7783'.
No latch inferred for signal `\vibration_core.$memwr$\g_lane[1].weights$./rtl/core/vibration_core.sv:177$5983_EN' from process `\vibration_core.$proc$./rtl/core/vibration_core.sv:172$7783'.
No latch inferred for signal `\vibration_core.$memwr$\g_lane[1].weights$./rtl/core/vibration_core.sv:177$5984_DATA' from process `\vibration_core.$proc$./rtl/core/vibration_core.sv:172$7783'.
No latch inferred for signal `\vibration_core.$memwr$\g_lane[1].weights$./rtl/core/vibration_core.sv:177$5984_EN' from process `\vibration_core.$proc$./rtl/core/vibration_core.sv:172$7783'.
No latch inferred for signal `\vibration_core.$memwr$\g_lane[1].weights$./rtl/core/vibration_core.sv:177$5985_DATA' from process `\vibration_core.$proc$./rtl/core/vibration_core.sv:172$7783'.
No latch inferred for signal `\vibration_core.$memwr$\g_lane[1].weights$./rtl/core/vibration_core.sv:177$5985_EN' from process `\vibration_core.$proc$./rtl/core/vibration_core.sv:172$7783'.
No latch inferred for signal `\vibration_core.$memwr$\g_lane[1].weights$./rtl/core/vibration_core.sv:177$5986_DATA' from process `\vibration_core.$proc$./rtl/core/vibration_core.sv:172$7783'.
No latch inferred for signal `\vibration_core.$memwr$\g_lane[1].weights$./rtl/core/vibration_core.sv:177$5986_EN' from process `\vibration_core.$proc$./rtl/core/vibration_core.sv:172$7783'.
No latch inferred for signal `\vibration_core.$memwr$\g_lane[1].weights$./rtl/core/vibration_core.sv:177$5987_DATA' from process `\vibration_core.$proc$./rtl/core/vibration_core.sv:172$7783'.
No latch inferred for signal `\vibration_core.$memwr$\g_lane[1].weights$./rtl/core/vibration_core.sv:177$5987_EN' from process `\vibration_core.$proc$./rtl/core/vibration_core.sv:172$7783'.
No latch inferred for signal `\vibration_core.$memwr$\g_lane[1].weights$./rtl/core/vibration_core.sv:177$5988_DATA' from process `\vibration_core.$proc$./rtl/core/vibration_core.sv:172$7783'.
No latch inferred for signal `\vibration_core.$memwr$\g_lane[1].weights$./rtl/core/vibration_core.sv:177$5988_EN' from process `\vibration_core.$proc$./rtl/core/vibration_core.sv:172$7783'.
No latch inferred for signal `\vibration_core.$memwr$\g_lane[1].weights$./rtl/core/vibration_core.sv:177$5989_DATA' from process `\vibration_core.$proc$./rtl/core/vibration_core.sv:172$7783'.
No latch inferred for signal `\vibration_core.$memwr$\g_lane[1].weights$./rtl/core/vibration_core.sv:177$5989_EN' from process `\vibration_core.$proc$./rtl/core/vibration_core.sv:172$7783'.
No latch inferred for signal `\vibration_core.$memwr$\g_lane[1].weights$./rtl/core/vibration_core.sv:177$5990_DATA' from process `\vibration_core.$proc$./rtl/core/vibration_core.sv:172$7783'.
No latch inferred for signal `\vibration_core.$memwr$\g_lane[1].weights$./rtl/core/vibration_core.sv:177$5990_EN' from process `\vibration_core.$proc$./rtl/core/vibration_core.sv:172$7783'.
No latch inferred for signal `\vibration_core.$memwr$\g_lane[1].weights$./rtl/core/vibration_core.sv:177$5991_DATA' from process `\vibration_core.$proc$./rtl/core/vibration_core.sv:172$7783'.
No latch inferred for signal `\vibration_core.$memwr$\g_lane[1].weights$./rtl/core/vibration_core.sv:177$5991_EN' from process `\vibration_core.$proc$./rtl/core/vibration_core.sv:172$7783'.
No latch inferred for signal `\vibration_core.$memwr$\g_lane[1].weights$./rtl/core/vibration_core.sv:177$5992_DATA' from process `\vibration_core.$proc$./rtl/core/vibration_core.sv:172$7783'.
No latch inferred for signal `\vibration_core.$memwr$\g_lane[1].weights$./rtl/core/vibration_core.sv:177$5992_EN' from process `\vibration_core.$proc$./rtl/core/vibration_core.sv:172$7783'.
No latch inferred for signal `\vibration_core.$memwr$\g_lane[1].weights$./rtl/core/vibration_core.sv:177$5993_DATA' from process `\vibration_core.$proc$./rtl/core/vibration_core.sv:172$7783'.
No latch inferred for signal `\vibration_core.$memwr$\g_lane[1].weights$./rtl/core/vibration_core.sv:177$5993_EN' from process `\vibration_core.$proc$./rtl/core/vibration_core.sv:172$7783'.
No latch inferred for signal `\vibration_core.$memwr$\g_lane[1].weights$./rtl/core/vibration_core.sv:177$5994_DATA' from process `\vibration_core.$proc$./rtl/core/vibration_core.sv:172$7783'.
No latch inferred for signal `\vibration_core.$memwr$\g_lane[1].weights$./rtl/core/vibration_core.sv:177$5994_EN' from process `\vibration_core.$proc$./rtl/core/vibration_core.sv:172$7783'.
No latch inferred for signal `\vibration_core.$memwr$\g_lane[1].weights$./rtl/core/vibration_core.sv:177$5995_DATA' from process `\vibration_core.$proc$./rtl/core/vibration_core.sv:172$7783'.
No latch inferred for signal `\vibration_core.$memwr$\g_lane[1].weights$./rtl/core/vibration_core.sv:177$5995_EN' from process `\vibration_core.$proc$./rtl/core/vibration_core.sv:172$7783'.
No latch inferred for signal `\vibration_core.$memwr$\g_lane[1].weights$./rtl/core/vibration_core.sv:177$5996_DATA' from process `\vibration_core.$proc$./rtl/core/vibration_core.sv:172$7783'.
No latch inferred for signal `\vibration_core.$memwr$\g_lane[1].weights$./rtl/core/vibration_core.sv:177$5996_EN' from process `\vibration_core.$proc$./rtl/core/vibration_core.sv:172$7783'.
No latch inferred for signal `\vibration_core.$memwr$\g_lane[1].weights$./rtl/core/vibration_core.sv:177$5997_DATA' from process `\vibration_core.$proc$./rtl/core/vibration_core.sv:172$7783'.
No latch inferred for signal `\vibration_core.$memwr$\g_lane[1].weights$./rtl/core/vibration_core.sv:177$5997_EN' from process `\vibration_core.$proc$./rtl/core/vibration_core.sv:172$7783'.
No latch inferred for signal `\vibration_core.$memwr$\g_lane[1].weights$./rtl/core/vibration_core.sv:177$5998_DATA' from process `\vibration_core.$proc$./rtl/core/vibration_core.sv:172$7783'.
No latch inferred for signal `\vibration_core.$memwr$\g_lane[1].weights$./rtl/core/vibration_core.sv:177$5998_EN' from process `\vibration_core.$proc$./rtl/core/vibration_core.sv:172$7783'.
No latch inferred for signal `\vibration_core.$memwr$\g_lane[1].weights$./rtl/core/vibration_core.sv:177$5999_DATA' from process `\vibration_core.$proc$./rtl/core/vibration_core.sv:172$7783'.
No latch inferred for signal `\vibration_core.$memwr$\g_lane[1].weights$./rtl/core/vibration_core.sv:177$5999_EN' from process `\vibration_core.$proc$./rtl/core/vibration_core.sv:172$7783'.
No latch inferred for signal `\vibration_core.$memwr$\g_lane[1].weights$./rtl/core/vibration_core.sv:177$6000_DATA' from process `\vibration_core.$proc$./rtl/core/vibration_core.sv:172$7783'.
No latch inferred for signal `\vibration_core.$memwr$\g_lane[1].weights$./rtl/core/vibration_core.sv:177$6000_EN' from process `\vibration_core.$proc$./rtl/core/vibration_core.sv:172$7783'.
No latch inferred for signal `\vibration_core.$memwr$\g_lane[1].weights$./rtl/core/vibration_core.sv:177$6001_DATA' from process `\vibration_core.$proc$./rtl/core/vibration_core.sv:172$7783'.
No latch inferred for signal `\vibration_core.$memwr$\g_lane[1].weights$./rtl/core/vibration_core.sv:177$6001_EN' from process `\vibration_core.$proc$./rtl/core/vibration_core.sv:172$7783'.
No latch inferred for signal `\vibration_core.$memwr$\g_lane[1].weights$./rtl/core/vibration_core.sv:177$6002_DATA' from process `\vibration_core.$proc$./rtl/core/vibration_core.sv:172$7783'.
No latch inferred for signal `\vibration_core.$memwr$\g_lane[1].weights$./rtl/core/vibration_core.sv:177$6002_EN' from process `\vibration_core.$proc$./rtl/core/vibration_core.sv:172$7783'.
No latch inferred for signal `\vibration_core.$memwr$\g_lane[1].weights$./rtl/core/vibration_core.sv:177$6003_DATA' from process `\vibration_core.$proc$./rtl/core/vibration_core.sv:172$7783'.
No latch inferred for signal `\vibration_core.$memwr$\g_lane[1].weights$./rtl/core/vibration_core.sv:177$6003_EN' from process `\vibration_core.$proc$./rtl/core/vibration_core.sv:172$7783'.
No latch inferred for signal `\vibration_core.$memwr$\g_lane[1].weights$./rtl/core/vibration_core.sv:177$6004_DATA' from process `\vibration_core.$proc$./rtl/core/vibration_core.sv:172$7783'.
No latch inferred for signal `\vibration_core.$memwr$\g_lane[1].weights$./rtl/core/vibration_core.sv:177$6004_EN' from process `\vibration_core.$proc$./rtl/core/vibration_core.sv:172$7783'.
No latch inferred for signal `\vibration_core.$memwr$\g_lane[1].weights$./rtl/core/vibration_core.sv:177$6005_DATA' from process `\vibration_core.$proc$./rtl/core/vibration_core.sv:172$7783'.
No latch inferred for signal `\vibration_core.$memwr$\g_lane[1].weights$./rtl/core/vibration_core.sv:177$6005_EN' from process `\vibration_core.$proc$./rtl/core/vibration_core.sv:172$7783'.
No latch inferred for signal `\vibration_core.$memwr$\g_lane[1].weights$./rtl/core/vibration_core.sv:177$6006_DATA' from process `\vibration_core.$proc$./rtl/core/vibration_core.sv:172$7783'.
No latch inferred for signal `\vibration_core.$memwr$\g_lane[1].weights$./rtl/core/vibration_core.sv:177$6006_EN' from process `\vibration_core.$proc$./rtl/core/vibration_core.sv:172$7783'.
No latch inferred for signal `\vibration_core.$memwr$\g_lane[1].weights$./rtl/core/vibration_core.sv:177$6007_DATA' from process `\vibration_core.$proc$./rtl/core/vibration_core.sv:172$7783'.
No latch inferred for signal `\vibration_core.$memwr$\g_lane[1].weights$./rtl/core/vibration_core.sv:177$6007_EN' from process `\vibration_core.$proc$./rtl/core/vibration_core.sv:172$7783'.
No latch inferred for signal `\vibration_core.$memwr$\g_lane[1].weights$./rtl/core/vibration_core.sv:177$6008_DATA' from process `\vibration_core.$proc$./rtl/core/vibration_core.sv:172$7783'.
No latch inferred for signal `\vibration_core.$memwr$\g_lane[1].weights$./rtl/core/vibration_core.sv:177$6008_EN' from process `\vibration_core.$proc$./rtl/core/vibration_core.sv:172$7783'.
No latch inferred for signal `\vibration_core.$memwr$\g_lane[1].weights$./rtl/core/vibration_core.sv:177$6009_DATA' from process `\vibration_core.$proc$./rtl/core/vibration_core.sv:172$7783'.
No latch inferred for signal `\vibration_core.$memwr$\g_lane[1].weights$./rtl/core/vibration_core.sv:177$6009_EN' from process `\vibration_core.$proc$./rtl/core/vibration_core.sv:172$7783'.
No latch inferred for signal `\vibration_core.$memwr$\g_lane[1].weights$./rtl/core/vibration_core.sv:177$6010_DATA' from process `\vibration_core.$proc$./rtl/core/vibration_core.sv:172$7783'.
No latch inferred for signal `\vibration_core.$memwr$\g_lane[1].weights$./rtl/core/vibration_core.sv:177$6010_EN' from process `\vibration_core.$proc$./rtl/core/vibration_core.sv:172$7783'.
No latch inferred for signal `\vibration_core.$memwr$\g_lane[1].weights$./rtl/core/vibration_core.sv:177$6011_DATA' from process `\vibration_core.$proc$./rtl/core/vibration_core.sv:172$7783'.
No latch inferred for signal `\vibration_core.$memwr$\g_lane[1].weights$./rtl/core/vibration_core.sv:177$6011_EN' from process `\vibration_core.$proc$./rtl/core/vibration_core.sv:172$7783'.
No latch inferred for signal `\vibration_core.$memwr$\g_lane[1].weights$./rtl/core/vibration_core.sv:177$6012_DATA' from process `\vibration_core.$proc$./rtl/core/vibration_core.sv:172$7783'.
No latch inferred for signal `\vibration_core.$memwr$\g_lane[1].weights$./rtl/core/vibration_core.sv:177$6012_EN' from process `\vibration_core.$proc$./rtl/core/vibration_core.sv:172$7783'.
No latch inferred for signal `\vibration_core.$memwr$\g_lane[1].weights$./rtl/core/vibration_core.sv:177$6013_DATA' from process `\vibration_core.$proc$./rtl/core/vibration_core.sv:172$7783'.
No latch inferred for signal `\vibration_core.$memwr$\g_lane[1].weights$./rtl/core/vibration_core.sv:177$6013_EN' from process `\vibration_core.$proc$./rtl/core/vibration_core.sv:172$7783'.
No latch inferred for signal `\vibration_core.$memwr$\g_lane[1].weights$./rtl/core/vibration_core.sv:177$6014_DATA' from process `\vibration_core.$proc$./rtl/core/vibration_core.sv:172$7783'.
No latch inferred for signal `\vibration_core.$memwr$\g_lane[1].weights$./rtl/core/vibration_core.sv:177$6014_EN' from process `\vibration_core.$proc$./rtl/core/vibration_core.sv:172$7783'.
No latch inferred for signal `\vibration_core.$memwr$\g_lane[1].weights$./rtl/core/vibration_core.sv:177$6015_DATA' from process `\vibration_core.$proc$./rtl/core/vibration_core.sv:172$7783'.
No latch inferred for signal `\vibration_core.$memwr$\g_lane[1].weights$./rtl/core/vibration_core.sv:177$6015_EN' from process `\vibration_core.$proc$./rtl/core/vibration_core.sv:172$7783'.
No latch inferred for signal `\vibration_core.$memwr$\g_lane[1].weights$./rtl/core/vibration_core.sv:177$6016_DATA' from process `\vibration_core.$proc$./rtl/core/vibration_core.sv:172$7783'.
No latch inferred for signal `\vibration_core.$memwr$\g_lane[1].weights$./rtl/core/vibration_core.sv:177$6016_EN' from process `\vibration_core.$proc$./rtl/core/vibration_core.sv:172$7783'.
No latch inferred for signal `\vibration_core.$memwr$\g_lane[1].weights$./rtl/core/vibration_core.sv:177$6017_DATA' from process `\vibration_core.$proc$./rtl/core/vibration_core.sv:172$7783'.
No latch inferred for signal `\vibration_core.$memwr$\g_lane[1].weights$./rtl/core/vibration_core.sv:177$6017_EN' from process `\vibration_core.$proc$./rtl/core/vibration_core.sv:172$7783'.
No latch inferred for signal `\vibration_core.$memwr$\g_lane[1].weights$./rtl/core/vibration_core.sv:177$6018_DATA' from process `\vibration_core.$proc$./rtl/core/vibration_core.sv:172$7783'.
No latch inferred for signal `\vibration_core.$memwr$\g_lane[1].weights$./rtl/core/vibration_core.sv:177$6018_EN' from process `\vibration_core.$proc$./rtl/core/vibration_core.sv:172$7783'.
No latch inferred for signal `\vibration_core.$memwr$\g_lane[1].weights$./rtl/core/vibration_core.sv:177$6019_DATA' from process `\vibration_core.$proc$./rtl/core/vibration_core.sv:172$7783'.
No latch inferred for signal `\vibration_core.$memwr$\g_lane[1].weights$./rtl/core/vibration_core.sv:177$6019_EN' from process `\vibration_core.$proc$./rtl/core/vibration_core.sv:172$7783'.
No latch inferred for signal `\vibration_core.$memwr$\g_lane[1].weights$./rtl/core/vibration_core.sv:177$6020_DATA' from process `\vibration_core.$proc$./rtl/core/vibration_core.sv:172$7783'.
No latch inferred for signal `\vibration_core.$memwr$\g_lane[1].weights$./rtl/core/vibration_core.sv:177$6020_EN' from process `\vibration_core.$proc$./rtl/core/vibration_core.sv:172$7783'.
No latch inferred for signal `\vibration_core.$memwr$\g_lane[1].weights$./rtl/core/vibration_core.sv:177$6021_DATA' from process `\vibration_core.$proc$./rtl/core/vibration_core.sv:172$7783'.
No latch inferred for signal `\vibration_core.$memwr$\g_lane[1].weights$./rtl/core/vibration_core.sv:177$6021_EN' from process `\vibration_core.$proc$./rtl/core/vibration_core.sv:172$7783'.
No latch inferred for signal `\vibration_core.$memwr$\g_lane[1].weights$./rtl/core/vibration_core.sv:177$6022_DATA' from process `\vibration_core.$proc$./rtl/core/vibration_core.sv:172$7783'.
No latch inferred for signal `\vibration_core.$memwr$\g_lane[1].weights$./rtl/core/vibration_core.sv:177$6022_EN' from process `\vibration_core.$proc$./rtl/core/vibration_core.sv:172$7783'.
No latch inferred for signal `\vibration_core.$memwr$\g_lane[1].weights$./rtl/core/vibration_core.sv:177$6023_DATA' from process `\vibration_core.$proc$./rtl/core/vibration_core.sv:172$7783'.
No latch inferred for signal `\vibration_core.$memwr$\g_lane[1].weights$./rtl/core/vibration_core.sv:177$6023_EN' from process `\vibration_core.$proc$./rtl/core/vibration_core.sv:172$7783'.
No latch inferred for signal `\vibration_core.$memwr$\g_lane[1].weights$./rtl/core/vibration_core.sv:177$6024_DATA' from process `\vibration_core.$proc$./rtl/core/vibration_core.sv:172$7783'.
No latch inferred for signal `\vibration_core.$memwr$\g_lane[1].weights$./rtl/core/vibration_core.sv:177$6024_EN' from process `\vibration_core.$proc$./rtl/core/vibration_core.sv:172$7783'.
No latch inferred for signal `\vibration_core.$memwr$\g_lane[1].weights$./rtl/core/vibration_core.sv:177$6025_DATA' from process `\vibration_core.$proc$./rtl/core/vibration_core.sv:172$7783'.
No latch inferred for signal `\vibration_core.$memwr$\g_lane[1].weights$./rtl/core/vibration_core.sv:177$6025_EN' from process `\vibration_core.$proc$./rtl/core/vibration_core.sv:172$7783'.
No latch inferred for signal `\vibration_core.$memwr$\g_lane[1].weights$./rtl/core/vibration_core.sv:177$6026_DATA' from process `\vibration_core.$proc$./rtl/core/vibration_core.sv:172$7783'.
No latch inferred for signal `\vibration_core.$memwr$\g_lane[1].weights$./rtl/core/vibration_core.sv:177$6026_EN' from process `\vibration_core.$proc$./rtl/core/vibration_core.sv:172$7783'.
No latch inferred for signal `\vibration_core.$memwr$\g_lane[1].weights$./rtl/core/vibration_core.sv:177$6027_DATA' from process `\vibration_core.$proc$./rtl/core/vibration_core.sv:172$7783'.
No latch inferred for signal `\vibration_core.$memwr$\g_lane[1].weights$./rtl/core/vibration_core.sv:177$6027_EN' from process `\vibration_core.$proc$./rtl/core/vibration_core.sv:172$7783'.
No latch inferred for signal `\vibration_core.$memwr$\g_lane[1].weights$./rtl/core/vibration_core.sv:177$6028_DATA' from process `\vibration_core.$proc$./rtl/core/vibration_core.sv:172$7783'.
No latch inferred for signal `\vibration_core.$memwr$\g_lane[1].weights$./rtl/core/vibration_core.sv:177$6028_EN' from process `\vibration_core.$proc$./rtl/core/vibration_core.sv:172$7783'.
No latch inferred for signal `\vibration_core.$memwr$\g_lane[1].weights$./rtl/core/vibration_core.sv:177$6029_DATA' from process `\vibration_core.$proc$./rtl/core/vibration_core.sv:172$7783'.
No latch inferred for signal `\vibration_core.$memwr$\g_lane[1].weights$./rtl/core/vibration_core.sv:177$6029_EN' from process `\vibration_core.$proc$./rtl/core/vibration_core.sv:172$7783'.
No latch inferred for signal `\vibration_core.$memwr$\g_lane[1].weights$./rtl/core/vibration_core.sv:181$6030_DATA' from process `\vibration_core.$proc$./rtl/core/vibration_core.sv:172$7783'.
No latch inferred for signal `\vibration_core.$memwr$\g_lane[1].weights$./rtl/core/vibration_core.sv:181$6030_EN' from process `\vibration_core.$proc$./rtl/core/vibration_core.sv:172$7783'.
No latch inferred for signal `\vibration_core.$memwr$\g_lane[1].weights$./rtl/core/vibration_core.sv:181$6031_DATA' from process `\vibration_core.$proc$./rtl/core/vibration_core.sv:172$7783'.
No latch inferred for signal `\vibration_core.$memwr$\g_lane[1].weights$./rtl/core/vibration_core.sv:181$6031_EN' from process `\vibration_core.$proc$./rtl/core/vibration_core.sv:172$7783'.
No latch inferred for signal `\vibration_core.$memwr$\g_lane[1].weights$./rtl/core/vibration_core.sv:181$6032_DATA' from process `\vibration_core.$proc$./rtl/core/vibration_core.sv:172$7783'.
No latch inferred for signal `\vibration_core.$memwr$\g_lane[1].weights$./rtl/core/vibration_core.sv:181$6032_EN' from process `\vibration_core.$proc$./rtl/core/vibration_core.sv:172$7783'.
No latch inferred for signal `\vibration_core.$memwr$\g_lane[1].weights$./rtl/core/vibration_core.sv:181$6033_DATA' from process `\vibration_core.$proc$./rtl/core/vibration_core.sv:172$7783'.
No latch inferred for signal `\vibration_core.$memwr$\g_lane[1].weights$./rtl/core/vibration_core.sv:181$6033_EN' from process `\vibration_core.$proc$./rtl/core/vibration_core.sv:172$7783'.
No latch inferred for signal `\vibration_core.$memwr$\g_lane[1].weights$./rtl/core/vibration_core.sv:181$6034_DATA' from process `\vibration_core.$proc$./rtl/core/vibration_core.sv:172$7783'.
No latch inferred for signal `\vibration_core.$memwr$\g_lane[1].weights$./rtl/core/vibration_core.sv:181$6034_EN' from process `\vibration_core.$proc$./rtl/core/vibration_core.sv:172$7783'.
No latch inferred for signal `\vibration_core.$memwr$\g_lane[1].weights$./rtl/core/vibration_core.sv:181$6035_DATA' from process `\vibration_core.$proc$./rtl/core/vibration_core.sv:172$7783'.
No latch inferred for signal `\vibration_core.$memwr$\g_lane[1].weights$./rtl/core/vibration_core.sv:181$6035_EN' from process `\vibration_core.$proc$./rtl/core/vibration_core.sv:172$7783'.
No latch inferred for signal `\vibration_core.$memwr$\g_lane[1].weights$./rtl/core/vibration_core.sv:181$6036_DATA' from process `\vibration_core.$proc$./rtl/core/vibration_core.sv:172$7783'.
No latch inferred for signal `\vibration_core.$memwr$\g_lane[1].weights$./rtl/core/vibration_core.sv:181$6036_EN' from process `\vibration_core.$proc$./rtl/core/vibration_core.sv:172$7783'.
No latch inferred for signal `\vibration_core.$memwr$\g_lane[1].weights$./rtl/core/vibration_core.sv:181$6037_DATA' from process `\vibration_core.$proc$./rtl/core/vibration_core.sv:172$7783'.
No latch inferred for signal `\vibration_core.$memwr$\g_lane[1].weights$./rtl/core/vibration_core.sv:181$6037_EN' from process `\vibration_core.$proc$./rtl/core/vibration_core.sv:172$7783'.
No latch inferred for signal `\vibration_core.$memwr$\g_lane[1].weights$./rtl/core/vibration_core.sv:181$6038_DATA' from process `\vibration_core.$proc$./rtl/core/vibration_core.sv:172$7783'.
No latch inferred for signal `\vibration_core.$memwr$\g_lane[1].weights$./rtl/core/vibration_core.sv:181$6038_EN' from process `\vibration_core.$proc$./rtl/core/vibration_core.sv:172$7783'.
No latch inferred for signal `\vibration_core.$memwr$\g_lane[1].weights$./rtl/core/vibration_core.sv:181$6039_DATA' from process `\vibration_core.$proc$./rtl/core/vibration_core.sv:172$7783'.
No latch inferred for signal `\vibration_core.$memwr$\g_lane[1].weights$./rtl/core/vibration_core.sv:181$6039_EN' from process `\vibration_core.$proc$./rtl/core/vibration_core.sv:172$7783'.
No latch inferred for signal `\vibration_core.$memwr$\g_lane[1].weights$./rtl/core/vibration_core.sv:181$6040_DATA' from process `\vibration_core.$proc$./rtl/core/vibration_core.sv:172$7783'.
No latch inferred for signal `\vibration_core.$memwr$\g_lane[1].weights$./rtl/core/vibration_core.sv:181$6040_EN' from process `\vibration_core.$proc$./rtl/core/vibration_core.sv:172$7783'.
No latch inferred for signal `\vibration_core.$memwr$\g_lane[1].weights$./rtl/core/vibration_core.sv:181$6041_DATA' from process `\vibration_core.$proc$./rtl/core/vibration_core.sv:172$7783'.
No latch inferred for signal `\vibration_core.$memwr$\g_lane[1].weights$./rtl/core/vibration_core.sv:181$6041_EN' from process `\vibration_core.$proc$./rtl/core/vibration_core.sv:172$7783'.
No latch inferred for signal `\vibration_core.$memwr$\g_lane[1].weights$./rtl/core/vibration_core.sv:181$6042_DATA' from process `\vibration_core.$proc$./rtl/core/vibration_core.sv:172$7783'.
No latch inferred for signal `\vibration_core.$memwr$\g_lane[1].weights$./rtl/core/vibration_core.sv:181$6042_EN' from process `\vibration_core.$proc$./rtl/core/vibration_core.sv:172$7783'.
No latch inferred for signal `\vibration_core.$memwr$\g_lane[1].weights$./rtl/core/vibration_core.sv:181$6043_DATA' from process `\vibration_core.$proc$./rtl/core/vibration_core.sv:172$7783'.
No latch inferred for signal `\vibration_core.$memwr$\g_lane[1].weights$./rtl/core/vibration_core.sv:181$6043_EN' from process `\vibration_core.$proc$./rtl/core/vibration_core.sv:172$7783'.
No latch inferred for signal `\vibration_core.$memwr$\g_lane[1].weights$./rtl/core/vibration_core.sv:181$6044_DATA' from process `\vibration_core.$proc$./rtl/core/vibration_core.sv:172$7783'.
No latch inferred for signal `\vibration_core.$memwr$\g_lane[1].weights$./rtl/core/vibration_core.sv:181$6044_EN' from process `\vibration_core.$proc$./rtl/core/vibration_core.sv:172$7783'.
No latch inferred for signal `\vibration_core.$memwr$\g_lane[1].weights$./rtl/core/vibration_core.sv:181$6045_DATA' from process `\vibration_core.$proc$./rtl/core/vibration_core.sv:172$7783'.
No latch inferred for signal `\vibration_core.$memwr$\g_lane[1].weights$./rtl/core/vibration_core.sv:181$6045_EN' from process `\vibration_core.$proc$./rtl/core/vibration_core.sv:172$7783'.
No latch inferred for signal `\vibration_core.\g_lane[0].row' from process `\vibration_core.$proc$./rtl/core/vibration_core.sv:172$7510'.
No latch inferred for signal `\vibration_core.\g_lane[0].column' from process `\vibration_core.$proc$./rtl/core/vibration_core.sv:172$7510'.
No latch inferred for signal `\vibration_core.$memwr$\g_lane[0].weights$./rtl/core/vibration_core.sv:177$5886_DATA' from process `\vibration_core.$proc$./rtl/core/vibration_core.sv:172$7510'.
No latch inferred for signal `\vibration_core.$memwr$\g_lane[0].weights$./rtl/core/vibration_core.sv:177$5886_EN' from process `\vibration_core.$proc$./rtl/core/vibration_core.sv:172$7510'.
No latch inferred for signal `\vibration_core.$memwr$\g_lane[0].weights$./rtl/core/vibration_core.sv:177$5887_DATA' from process `\vibration_core.$proc$./rtl/core/vibration_core.sv:172$7510'.
No latch inferred for signal `\vibration_core.$memwr$\g_lane[0].weights$./rtl/core/vibration_core.sv:177$5887_EN' from process `\vibration_core.$proc$./rtl/core/vibration_core.sv:172$7510'.
No latch inferred for signal `\vibration_core.$memwr$\g_lane[0].weights$./rtl/core/vibration_core.sv:177$5888_DATA' from process `\vibration_core.$proc$./rtl/core/vibration_core.sv:172$7510'.
No latch inferred for signal `\vibration_core.$memwr$\g_lane[0].weights$./rtl/core/vibration_core.sv:177$5888_EN' from process `\vibration_core.$proc$./rtl/core/vibration_core.sv:172$7510'.
No latch inferred for signal `\vibration_core.$memwr$\g_lane[0].weights$./rtl/core/vibration_core.sv:177$5889_DATA' from process `\vibration_core.$proc$./rtl/core/vibration_core.sv:172$7510'.
No latch inferred for signal `\vibration_core.$memwr$\g_lane[0].weights$./rtl/core/vibration_core.sv:177$5889_EN' from process `\vibration_core.$proc$./rtl/core/vibration_core.sv:172$7510'.
No latch inferred for signal `\vibration_core.$memwr$\g_lane[0].weights$./rtl/core/vibration_core.sv:177$5890_DATA' from process `\vibration_core.$proc$./rtl/core/vibration_core.sv:172$7510'.
No latch inferred for signal `\vibration_core.$memwr$\g_lane[0].weights$./rtl/core/vibration_core.sv:177$5890_EN' from process `\vibration_core.$proc$./rtl/core/vibration_core.sv:172$7510'.
No latch inferred for signal `\vibration_core.$memwr$\g_lane[0].weights$./rtl/core/vibration_core.sv:177$5891_DATA' from process `\vibration_core.$proc$./rtl/core/vibration_core.sv:172$7510'.
No latch inferred for signal `\vibration_core.$memwr$\g_lane[0].weights$./rtl/core/vibration_core.sv:177$5891_EN' from process `\vibration_core.$proc$./rtl/core/vibration_core.sv:172$7510'.
No latch inferred for signal `\vibration_core.$memwr$\g_lane[0].weights$./rtl/core/vibration_core.sv:177$5892_DATA' from process `\vibration_core.$proc$./rtl/core/vibration_core.sv:172$7510'.
No latch inferred for signal `\vibration_core.$memwr$\g_lane[0].weights$./rtl/core/vibration_core.sv:177$5892_EN' from process `\vibration_core.$proc$./rtl/core/vibration_core.sv:172$7510'.
No latch inferred for signal `\vibration_core.$memwr$\g_lane[0].weights$./rtl/core/vibration_core.sv:177$5893_DATA' from process `\vibration_core.$proc$./rtl/core/vibration_core.sv:172$7510'.
No latch inferred for signal `\vibration_core.$memwr$\g_lane[0].weights$./rtl/core/vibration_core.sv:177$5893_EN' from process `\vibration_core.$proc$./rtl/core/vibration_core.sv:172$7510'.
No latch inferred for signal `\vibration_core.$memwr$\g_lane[0].weights$./rtl/core/vibration_core.sv:177$5894_DATA' from process `\vibration_core.$proc$./rtl/core/vibration_core.sv:172$7510'.
No latch inferred for signal `\vibration_core.$memwr$\g_lane[0].weights$./rtl/core/vibration_core.sv:177$5894_EN' from process `\vibration_core.$proc$./rtl/core/vibration_core.sv:172$7510'.
No latch inferred for signal `\vibration_core.$memwr$\g_lane[0].weights$./rtl/core/vibration_core.sv:177$5895_DATA' from process `\vibration_core.$proc$./rtl/core/vibration_core.sv:172$7510'.
No latch inferred for signal `\vibration_core.$memwr$\g_lane[0].weights$./rtl/core/vibration_core.sv:177$5895_EN' from process `\vibration_core.$proc$./rtl/core/vibration_core.sv:172$7510'.
No latch inferred for signal `\vibration_core.$memwr$\g_lane[0].weights$./rtl/core/vibration_core.sv:177$5896_DATA' from process `\vibration_core.$proc$./rtl/core/vibration_core.sv:172$7510'.
No latch inferred for signal `\vibration_core.$memwr$\g_lane[0].weights$./rtl/core/vibration_core.sv:177$5896_EN' from process `\vibration_core.$proc$./rtl/core/vibration_core.sv:172$7510'.
No latch inferred for signal `\vibration_core.$memwr$\g_lane[0].weights$./rtl/core/vibration_core.sv:177$5897_DATA' from process `\vibration_core.$proc$./rtl/core/vibration_core.sv:172$7510'.
No latch inferred for signal `\vibration_core.$memwr$\g_lane[0].weights$./rtl/core/vibration_core.sv:177$5897_EN' from process `\vibration_core.$proc$./rtl/core/vibration_core.sv:172$7510'.
No latch inferred for signal `\vibration_core.$memwr$\g_lane[0].weights$./rtl/core/vibration_core.sv:177$5898_DATA' from process `\vibration_core.$proc$./rtl/core/vibration_core.sv:172$7510'.
No latch inferred for signal `\vibration_core.$memwr$\g_lane[0].weights$./rtl/core/vibration_core.sv:177$5898_EN' from process `\vibration_core.$proc$./rtl/core/vibration_core.sv:172$7510'.
No latch inferred for signal `\vibration_core.$memwr$\g_lane[0].weights$./rtl/core/vibration_core.sv:177$5899_DATA' from process `\vibration_core.$proc$./rtl/core/vibration_core.sv:172$7510'.
No latch inferred for signal `\vibration_core.$memwr$\g_lane[0].weights$./rtl/core/vibration_core.sv:177$5899_EN' from process `\vibration_core.$proc$./rtl/core/vibration_core.sv:172$7510'.
No latch inferred for signal `\vibration_core.$memwr$\g_lane[0].weights$./rtl/core/vibration_core.sv:177$5900_DATA' from process `\vibration_core.$proc$./rtl/core/vibration_core.sv:172$7510'.
No latch inferred for signal `\vibration_core.$memwr$\g_lane[0].weights$./rtl/core/vibration_core.sv:177$5900_EN' from process `\vibration_core.$proc$./rtl/core/vibration_core.sv:172$7510'.
No latch inferred for signal `\vibration_core.$memwr$\g_lane[0].weights$./rtl/core/vibration_core.sv:177$5901_DATA' from process `\vibration_core.$proc$./rtl/core/vibration_core.sv:172$7510'.
No latch inferred for signal `\vibration_core.$memwr$\g_lane[0].weights$./rtl/core/vibration_core.sv:177$5901_EN' from process `\vibration_core.$proc$./rtl/core/vibration_core.sv:172$7510'.
No latch inferred for signal `\vibration_core.$memwr$\g_lane[0].weights$./rtl/core/vibration_core.sv:177$5902_DATA' from process `\vibration_core.$proc$./rtl/core/vibration_core.sv:172$7510'.
No latch inferred for signal `\vibration_core.$memwr$\g_lane[0].weights$./rtl/core/vibration_core.sv:177$5902_EN' from process `\vibration_core.$proc$./rtl/core/vibration_core.sv:172$7510'.
No latch inferred for signal `\vibration_core.$memwr$\g_lane[0].weights$./rtl/core/vibration_core.sv:177$5903_DATA' from process `\vibration_core.$proc$./rtl/core/vibration_core.sv:172$7510'.
No latch inferred for signal `\vibration_core.$memwr$\g_lane[0].weights$./rtl/core/vibration_core.sv:177$5903_EN' from process `\vibration_core.$proc$./rtl/core/vibration_core.sv:172$7510'.
No latch inferred for signal `\vibration_core.$memwr$\g_lane[0].weights$./rtl/core/vibration_core.sv:177$5904_DATA' from process `\vibration_core.$proc$./rtl/core/vibration_core.sv:172$7510'.
No latch inferred for signal `\vibration_core.$memwr$\g_lane[0].weights$./rtl/core/vibration_core.sv:177$5904_EN' from process `\vibration_core.$proc$./rtl/core/vibration_core.sv:172$7510'.
No latch inferred for signal `\vibration_core.$memwr$\g_lane[0].weights$./rtl/core/vibration_core.sv:177$5905_DATA' from process `\vibration_core.$proc$./rtl/core/vibration_core.sv:172$7510'.
No latch inferred for signal `\vibration_core.$memwr$\g_lane[0].weights$./rtl/core/vibration_core.sv:177$5905_EN' from process `\vibration_core.$proc$./rtl/core/vibration_core.sv:172$7510'.
No latch inferred for signal `\vibration_core.$memwr$\g_lane[0].weights$./rtl/core/vibration_core.sv:177$5906_DATA' from process `\vibration_core.$proc$./rtl/core/vibration_core.sv:172$7510'.
No latch inferred for signal `\vibration_core.$memwr$\g_lane[0].weights$./rtl/core/vibration_core.sv:177$5906_EN' from process `\vibration_core.$proc$./rtl/core/vibration_core.sv:172$7510'.
No latch inferred for signal `\vibration_core.$memwr$\g_lane[0].weights$./rtl/core/vibration_core.sv:177$5907_DATA' from process `\vibration_core.$proc$./rtl/core/vibration_core.sv:172$7510'.
No latch inferred for signal `\vibration_core.$memwr$\g_lane[0].weights$./rtl/core/vibration_core.sv:177$5907_EN' from process `\vibration_core.$proc$./rtl/core/vibration_core.sv:172$7510'.
No latch inferred for signal `\vibration_core.$memwr$\g_lane[0].weights$./rtl/core/vibration_core.sv:177$5908_DATA' from process `\vibration_core.$proc$./rtl/core/vibration_core.sv:172$7510'.
No latch inferred for signal `\vibration_core.$memwr$\g_lane[0].weights$./rtl/core/vibration_core.sv:177$5908_EN' from process `\vibration_core.$proc$./rtl/core/vibration_core.sv:172$7510'.
No latch inferred for signal `\vibration_core.$memwr$\g_lane[0].weights$./rtl/core/vibration_core.sv:177$5909_DATA' from process `\vibration_core.$proc$./rtl/core/vibration_core.sv:172$7510'.
No latch inferred for signal `\vibration_core.$memwr$\g_lane[0].weights$./rtl/core/vibration_core.sv:177$5909_EN' from process `\vibration_core.$proc$./rtl/core/vibration_core.sv:172$7510'.
No latch inferred for signal `\vibration_core.$memwr$\g_lane[0].weights$./rtl/core/vibration_core.sv:177$5910_DATA' from process `\vibration_core.$proc$./rtl/core/vibration_core.sv:172$7510'.
No latch inferred for signal `\vibration_core.$memwr$\g_lane[0].weights$./rtl/core/vibration_core.sv:177$5910_EN' from process `\vibration_core.$proc$./rtl/core/vibration_core.sv:172$7510'.
No latch inferred for signal `\vibration_core.$memwr$\g_lane[0].weights$./rtl/core/vibration_core.sv:177$5911_DATA' from process `\vibration_core.$proc$./rtl/core/vibration_core.sv:172$7510'.
No latch inferred for signal `\vibration_core.$memwr$\g_lane[0].weights$./rtl/core/vibration_core.sv:177$5911_EN' from process `\vibration_core.$proc$./rtl/core/vibration_core.sv:172$7510'.
No latch inferred for signal `\vibration_core.$memwr$\g_lane[0].weights$./rtl/core/vibration_core.sv:177$5912_DATA' from process `\vibration_core.$proc$./rtl/core/vibration_core.sv:172$7510'.
No latch inferred for signal `\vibration_core.$memwr$\g_lane[0].weights$./rtl/core/vibration_core.sv:177$5912_EN' from process `\vibration_core.$proc$./rtl/core/vibration_core.sv:172$7510'.
No latch inferred for signal `\vibration_core.$memwr$\g_lane[0].weights$./rtl/core/vibration_core.sv:177$5913_DATA' from process `\vibration_core.$proc$./rtl/core/vibration_core.sv:172$7510'.
No latch inferred for signal `\vibration_core.$memwr$\g_lane[0].weights$./rtl/core/vibration_core.sv:177$5913_EN' from process `\vibration_core.$proc$./rtl/core/vibration_core.sv:172$7510'.
No latch inferred for signal `\vibration_core.$memwr$\g_lane[0].weights$./rtl/core/vibration_core.sv:177$5914_DATA' from process `\vibration_core.$proc$./rtl/core/vibration_core.sv:172$7510'.
No latch inferred for signal `\vibration_core.$memwr$\g_lane[0].weights$./rtl/core/vibration_core.sv:177$5914_EN' from process `\vibration_core.$proc$./rtl/core/vibration_core.sv:172$7510'.
No latch inferred for signal `\vibration_core.$memwr$\g_lane[0].weights$./rtl/core/vibration_core.sv:177$5915_DATA' from process `\vibration_core.$proc$./rtl/core/vibration_core.sv:172$7510'.
No latch inferred for signal `\vibration_core.$memwr$\g_lane[0].weights$./rtl/core/vibration_core.sv:177$5915_EN' from process `\vibration_core.$proc$./rtl/core/vibration_core.sv:172$7510'.
No latch inferred for signal `\vibration_core.$memwr$\g_lane[0].weights$./rtl/core/vibration_core.sv:177$5916_DATA' from process `\vibration_core.$proc$./rtl/core/vibration_core.sv:172$7510'.
No latch inferred for signal `\vibration_core.$memwr$\g_lane[0].weights$./rtl/core/vibration_core.sv:177$5916_EN' from process `\vibration_core.$proc$./rtl/core/vibration_core.sv:172$7510'.
No latch inferred for signal `\vibration_core.$memwr$\g_lane[0].weights$./rtl/core/vibration_core.sv:177$5917_DATA' from process `\vibration_core.$proc$./rtl/core/vibration_core.sv:172$7510'.
No latch inferred for signal `\vibration_core.$memwr$\g_lane[0].weights$./rtl/core/vibration_core.sv:177$5917_EN' from process `\vibration_core.$proc$./rtl/core/vibration_core.sv:172$7510'.
No latch inferred for signal `\vibration_core.$memwr$\g_lane[0].weights$./rtl/core/vibration_core.sv:177$5918_DATA' from process `\vibration_core.$proc$./rtl/core/vibration_core.sv:172$7510'.
No latch inferred for signal `\vibration_core.$memwr$\g_lane[0].weights$./rtl/core/vibration_core.sv:177$5918_EN' from process `\vibration_core.$proc$./rtl/core/vibration_core.sv:172$7510'.
No latch inferred for signal `\vibration_core.$memwr$\g_lane[0].weights$./rtl/core/vibration_core.sv:177$5919_DATA' from process `\vibration_core.$proc$./rtl/core/vibration_core.sv:172$7510'.
No latch inferred for signal `\vibration_core.$memwr$\g_lane[0].weights$./rtl/core/vibration_core.sv:177$5919_EN' from process `\vibration_core.$proc$./rtl/core/vibration_core.sv:172$7510'.
No latch inferred for signal `\vibration_core.$memwr$\g_lane[0].weights$./rtl/core/vibration_core.sv:177$5920_DATA' from process `\vibration_core.$proc$./rtl/core/vibration_core.sv:172$7510'.
No latch inferred for signal `\vibration_core.$memwr$\g_lane[0].weights$./rtl/core/vibration_core.sv:177$5920_EN' from process `\vibration_core.$proc$./rtl/core/vibration_core.sv:172$7510'.
No latch inferred for signal `\vibration_core.$memwr$\g_lane[0].weights$./rtl/core/vibration_core.sv:177$5921_DATA' from process `\vibration_core.$proc$./rtl/core/vibration_core.sv:172$7510'.
No latch inferred for signal `\vibration_core.$memwr$\g_lane[0].weights$./rtl/core/vibration_core.sv:177$5921_EN' from process `\vibration_core.$proc$./rtl/core/vibration_core.sv:172$7510'.
No latch inferred for signal `\vibration_core.$memwr$\g_lane[0].weights$./rtl/core/vibration_core.sv:177$5922_DATA' from process `\vibration_core.$proc$./rtl/core/vibration_core.sv:172$7510'.
No latch inferred for signal `\vibration_core.$memwr$\g_lane[0].weights$./rtl/core/vibration_core.sv:177$5922_EN' from process `\vibration_core.$proc$./rtl/core/vibration_core.sv:172$7510'.
No latch inferred for signal `\vibration_core.$memwr$\g_lane[0].weights$./rtl/core/vibration_core.sv:177$5923_DATA' from process `\vibration_core.$proc$./rtl/core/vibration_core.sv:172$7510'.
No latch inferred for signal `\vibration_core.$memwr$\g_lane[0].weights$./rtl/core/vibration_core.sv:177$5923_EN' from process `\vibration_core.$proc$./rtl/core/vibration_core.sv:172$7510'.
No latch inferred for signal `\vibration_core.$memwr$\g_lane[0].weights$./rtl/core/vibration_core.sv:177$5924_DATA' from process `\vibration_core.$proc$./rtl/core/vibration_core.sv:172$7510'.
No latch inferred for signal `\vibration_core.$memwr$\g_lane[0].weights$./rtl/core/vibration_core.sv:177$5924_EN' from process `\vibration_core.$proc$./rtl/core/vibration_core.sv:172$7510'.
No latch inferred for signal `\vibration_core.$memwr$\g_lane[0].weights$./rtl/core/vibration_core.sv:177$5925_DATA' from process `\vibration_core.$proc$./rtl/core/vibration_core.sv:172$7510'.
No latch inferred for signal `\vibration_core.$memwr$\g_lane[0].weights$./rtl/core/vibration_core.sv:177$5925_EN' from process `\vibration_core.$proc$./rtl/core/vibration_core.sv:172$7510'.
No latch inferred for signal `\vibration_core.$memwr$\g_lane[0].weights$./rtl/core/vibration_core.sv:177$5926_DATA' from process `\vibration_core.$proc$./rtl/core/vibration_core.sv:172$7510'.
No latch inferred for signal `\vibration_core.$memwr$\g_lane[0].weights$./rtl/core/vibration_core.sv:177$5926_EN' from process `\vibration_core.$proc$./rtl/core/vibration_core.sv:172$7510'.
No latch inferred for signal `\vibration_core.$memwr$\g_lane[0].weights$./rtl/core/vibration_core.sv:177$5927_DATA' from process `\vibration_core.$proc$./rtl/core/vibration_core.sv:172$7510'.
No latch inferred for signal `\vibration_core.$memwr$\g_lane[0].weights$./rtl/core/vibration_core.sv:177$5927_EN' from process `\vibration_core.$proc$./rtl/core/vibration_core.sv:172$7510'.
No latch inferred for signal `\vibration_core.$memwr$\g_lane[0].weights$./rtl/core/vibration_core.sv:177$5928_DATA' from process `\vibration_core.$proc$./rtl/core/vibration_core.sv:172$7510'.
No latch inferred for signal `\vibration_core.$memwr$\g_lane[0].weights$./rtl/core/vibration_core.sv:177$5928_EN' from process `\vibration_core.$proc$./rtl/core/vibration_core.sv:172$7510'.
No latch inferred for signal `\vibration_core.$memwr$\g_lane[0].weights$./rtl/core/vibration_core.sv:177$5929_DATA' from process `\vibration_core.$proc$./rtl/core/vibration_core.sv:172$7510'.
No latch inferred for signal `\vibration_core.$memwr$\g_lane[0].weights$./rtl/core/vibration_core.sv:177$5929_EN' from process `\vibration_core.$proc$./rtl/core/vibration_core.sv:172$7510'.
No latch inferred for signal `\vibration_core.$memwr$\g_lane[0].weights$./rtl/core/vibration_core.sv:177$5930_DATA' from process `\vibration_core.$proc$./rtl/core/vibration_core.sv:172$7510'.
No latch inferred for signal `\vibration_core.$memwr$\g_lane[0].weights$./rtl/core/vibration_core.sv:177$5930_EN' from process `\vibration_core.$proc$./rtl/core/vibration_core.sv:172$7510'.
No latch inferred for signal `\vibration_core.$memwr$\g_lane[0].weights$./rtl/core/vibration_core.sv:177$5931_DATA' from process `\vibration_core.$proc$./rtl/core/vibration_core.sv:172$7510'.
No latch inferred for signal `\vibration_core.$memwr$\g_lane[0].weights$./rtl/core/vibration_core.sv:177$5931_EN' from process `\vibration_core.$proc$./rtl/core/vibration_core.sv:172$7510'.
No latch inferred for signal `\vibration_core.$memwr$\g_lane[0].weights$./rtl/core/vibration_core.sv:177$5932_DATA' from process `\vibration_core.$proc$./rtl/core/vibration_core.sv:172$7510'.
No latch inferred for signal `\vibration_core.$memwr$\g_lane[0].weights$./rtl/core/vibration_core.sv:177$5932_EN' from process `\vibration_core.$proc$./rtl/core/vibration_core.sv:172$7510'.
No latch inferred for signal `\vibration_core.$memwr$\g_lane[0].weights$./rtl/core/vibration_core.sv:177$5933_DATA' from process `\vibration_core.$proc$./rtl/core/vibration_core.sv:172$7510'.
No latch inferred for signal `\vibration_core.$memwr$\g_lane[0].weights$./rtl/core/vibration_core.sv:177$5933_EN' from process `\vibration_core.$proc$./rtl/core/vibration_core.sv:172$7510'.
No latch inferred for signal `\vibration_core.$memwr$\g_lane[0].weights$./rtl/core/vibration_core.sv:177$5934_DATA' from process `\vibration_core.$proc$./rtl/core/vibration_core.sv:172$7510'.
No latch inferred for signal `\vibration_core.$memwr$\g_lane[0].weights$./rtl/core/vibration_core.sv:177$5934_EN' from process `\vibration_core.$proc$./rtl/core/vibration_core.sv:172$7510'.
No latch inferred for signal `\vibration_core.$memwr$\g_lane[0].weights$./rtl/core/vibration_core.sv:177$5935_DATA' from process `\vibration_core.$proc$./rtl/core/vibration_core.sv:172$7510'.
No latch inferred for signal `\vibration_core.$memwr$\g_lane[0].weights$./rtl/core/vibration_core.sv:177$5935_EN' from process `\vibration_core.$proc$./rtl/core/vibration_core.sv:172$7510'.
No latch inferred for signal `\vibration_core.$memwr$\g_lane[0].weights$./rtl/core/vibration_core.sv:177$5936_DATA' from process `\vibration_core.$proc$./rtl/core/vibration_core.sv:172$7510'.
No latch inferred for signal `\vibration_core.$memwr$\g_lane[0].weights$./rtl/core/vibration_core.sv:177$5936_EN' from process `\vibration_core.$proc$./rtl/core/vibration_core.sv:172$7510'.
No latch inferred for signal `\vibration_core.$memwr$\g_lane[0].weights$./rtl/core/vibration_core.sv:177$5937_DATA' from process `\vibration_core.$proc$./rtl/core/vibration_core.sv:172$7510'.
No latch inferred for signal `\vibration_core.$memwr$\g_lane[0].weights$./rtl/core/vibration_core.sv:177$5937_EN' from process `\vibration_core.$proc$./rtl/core/vibration_core.sv:172$7510'.
No latch inferred for signal `\vibration_core.$memwr$\g_lane[0].weights$./rtl/core/vibration_core.sv:177$5938_DATA' from process `\vibration_core.$proc$./rtl/core/vibration_core.sv:172$7510'.
No latch inferred for signal `\vibration_core.$memwr$\g_lane[0].weights$./rtl/core/vibration_core.sv:177$5938_EN' from process `\vibration_core.$proc$./rtl/core/vibration_core.sv:172$7510'.
No latch inferred for signal `\vibration_core.$memwr$\g_lane[0].weights$./rtl/core/vibration_core.sv:177$5939_DATA' from process `\vibration_core.$proc$./rtl/core/vibration_core.sv:172$7510'.
No latch inferred for signal `\vibration_core.$memwr$\g_lane[0].weights$./rtl/core/vibration_core.sv:177$5939_EN' from process `\vibration_core.$proc$./rtl/core/vibration_core.sv:172$7510'.
No latch inferred for signal `\vibration_core.$memwr$\g_lane[0].weights$./rtl/core/vibration_core.sv:177$5940_DATA' from process `\vibration_core.$proc$./rtl/core/vibration_core.sv:172$7510'.
No latch inferred for signal `\vibration_core.$memwr$\g_lane[0].weights$./rtl/core/vibration_core.sv:177$5940_EN' from process `\vibration_core.$proc$./rtl/core/vibration_core.sv:172$7510'.
No latch inferred for signal `\vibration_core.$memwr$\g_lane[0].weights$./rtl/core/vibration_core.sv:177$5941_DATA' from process `\vibration_core.$proc$./rtl/core/vibration_core.sv:172$7510'.
No latch inferred for signal `\vibration_core.$memwr$\g_lane[0].weights$./rtl/core/vibration_core.sv:177$5941_EN' from process `\vibration_core.$proc$./rtl/core/vibration_core.sv:172$7510'.
No latch inferred for signal `\vibration_core.$memwr$\g_lane[0].weights$./rtl/core/vibration_core.sv:177$5942_DATA' from process `\vibration_core.$proc$./rtl/core/vibration_core.sv:172$7510'.
No latch inferred for signal `\vibration_core.$memwr$\g_lane[0].weights$./rtl/core/vibration_core.sv:177$5942_EN' from process `\vibration_core.$proc$./rtl/core/vibration_core.sv:172$7510'.
No latch inferred for signal `\vibration_core.$memwr$\g_lane[0].weights$./rtl/core/vibration_core.sv:177$5943_DATA' from process `\vibration_core.$proc$./rtl/core/vibration_core.sv:172$7510'.
No latch inferred for signal `\vibration_core.$memwr$\g_lane[0].weights$./rtl/core/vibration_core.sv:177$5943_EN' from process `\vibration_core.$proc$./rtl/core/vibration_core.sv:172$7510'.
No latch inferred for signal `\vibration_core.$memwr$\g_lane[0].weights$./rtl/core/vibration_core.sv:177$5944_DATA' from process `\vibration_core.$proc$./rtl/core/vibration_core.sv:172$7510'.
No latch inferred for signal `\vibration_core.$memwr$\g_lane[0].weights$./rtl/core/vibration_core.sv:177$5944_EN' from process `\vibration_core.$proc$./rtl/core/vibration_core.sv:172$7510'.
No latch inferred for signal `\vibration_core.$memwr$\g_lane[0].weights$./rtl/core/vibration_core.sv:177$5945_DATA' from process `\vibration_core.$proc$./rtl/core/vibration_core.sv:172$7510'.
No latch inferred for signal `\vibration_core.$memwr$\g_lane[0].weights$./rtl/core/vibration_core.sv:177$5945_EN' from process `\vibration_core.$proc$./rtl/core/vibration_core.sv:172$7510'.
No latch inferred for signal `\vibration_core.$memwr$\g_lane[0].weights$./rtl/core/vibration_core.sv:177$5946_DATA' from process `\vibration_core.$proc$./rtl/core/vibration_core.sv:172$7510'.
No latch inferred for signal `\vibration_core.$memwr$\g_lane[0].weights$./rtl/core/vibration_core.sv:177$5946_EN' from process `\vibration_core.$proc$./rtl/core/vibration_core.sv:172$7510'.
No latch inferred for signal `\vibration_core.$memwr$\g_lane[0].weights$./rtl/core/vibration_core.sv:177$5947_DATA' from process `\vibration_core.$proc$./rtl/core/vibration_core.sv:172$7510'.
No latch inferred for signal `\vibration_core.$memwr$\g_lane[0].weights$./rtl/core/vibration_core.sv:177$5947_EN' from process `\vibration_core.$proc$./rtl/core/vibration_core.sv:172$7510'.
No latch inferred for signal `\vibration_core.$memwr$\g_lane[0].weights$./rtl/core/vibration_core.sv:177$5948_DATA' from process `\vibration_core.$proc$./rtl/core/vibration_core.sv:172$7510'.
No latch inferred for signal `\vibration_core.$memwr$\g_lane[0].weights$./rtl/core/vibration_core.sv:177$5948_EN' from process `\vibration_core.$proc$./rtl/core/vibration_core.sv:172$7510'.
No latch inferred for signal `\vibration_core.$memwr$\g_lane[0].weights$./rtl/core/vibration_core.sv:177$5949_DATA' from process `\vibration_core.$proc$./rtl/core/vibration_core.sv:172$7510'.
No latch inferred for signal `\vibration_core.$memwr$\g_lane[0].weights$./rtl/core/vibration_core.sv:177$5949_EN' from process `\vibration_core.$proc$./rtl/core/vibration_core.sv:172$7510'.
No latch inferred for signal `\vibration_core.$memwr$\g_lane[0].weights$./rtl/core/vibration_core.sv:181$5950_DATA' from process `\vibration_core.$proc$./rtl/core/vibration_core.sv:172$7510'.
No latch inferred for signal `\vibration_core.$memwr$\g_lane[0].weights$./rtl/core/vibration_core.sv:181$5950_EN' from process `\vibration_core.$proc$./rtl/core/vibration_core.sv:172$7510'.
No latch inferred for signal `\vibration_core.$memwr$\g_lane[0].weights$./rtl/core/vibration_core.sv:181$5951_DATA' from process `\vibration_core.$proc$./rtl/core/vibration_core.sv:172$7510'.
No latch inferred for signal `\vibration_core.$memwr$\g_lane[0].weights$./rtl/core/vibration_core.sv:181$5951_EN' from process `\vibration_core.$proc$./rtl/core/vibration_core.sv:172$7510'.
No latch inferred for signal `\vibration_core.$memwr$\g_lane[0].weights$./rtl/core/vibration_core.sv:181$5952_DATA' from process `\vibration_core.$proc$./rtl/core/vibration_core.sv:172$7510'.
No latch inferred for signal `\vibration_core.$memwr$\g_lane[0].weights$./rtl/core/vibration_core.sv:181$5952_EN' from process `\vibration_core.$proc$./rtl/core/vibration_core.sv:172$7510'.
No latch inferred for signal `\vibration_core.$memwr$\g_lane[0].weights$./rtl/core/vibration_core.sv:181$5953_DATA' from process `\vibration_core.$proc$./rtl/core/vibration_core.sv:172$7510'.
No latch inferred for signal `\vibration_core.$memwr$\g_lane[0].weights$./rtl/core/vibration_core.sv:181$5953_EN' from process `\vibration_core.$proc$./rtl/core/vibration_core.sv:172$7510'.
No latch inferred for signal `\vibration_core.$memwr$\g_lane[0].weights$./rtl/core/vibration_core.sv:181$5954_DATA' from process `\vibration_core.$proc$./rtl/core/vibration_core.sv:172$7510'.
No latch inferred for signal `\vibration_core.$memwr$\g_lane[0].weights$./rtl/core/vibration_core.sv:181$5954_EN' from process `\vibration_core.$proc$./rtl/core/vibration_core.sv:172$7510'.
No latch inferred for signal `\vibration_core.$memwr$\g_lane[0].weights$./rtl/core/vibration_core.sv:181$5955_DATA' from process `\vibration_core.$proc$./rtl/core/vibration_core.sv:172$7510'.
No latch inferred for signal `\vibration_core.$memwr$\g_lane[0].weights$./rtl/core/vibration_core.sv:181$5955_EN' from process `\vibration_core.$proc$./rtl/core/vibration_core.sv:172$7510'.
No latch inferred for signal `\vibration_core.$memwr$\g_lane[0].weights$./rtl/core/vibration_core.sv:181$5956_DATA' from process `\vibration_core.$proc$./rtl/core/vibration_core.sv:172$7510'.
No latch inferred for signal `\vibration_core.$memwr$\g_lane[0].weights$./rtl/core/vibration_core.sv:181$5956_EN' from process `\vibration_core.$proc$./rtl/core/vibration_core.sv:172$7510'.
No latch inferred for signal `\vibration_core.$memwr$\g_lane[0].weights$./rtl/core/vibration_core.sv:181$5957_DATA' from process `\vibration_core.$proc$./rtl/core/vibration_core.sv:172$7510'.
No latch inferred for signal `\vibration_core.$memwr$\g_lane[0].weights$./rtl/core/vibration_core.sv:181$5957_EN' from process `\vibration_core.$proc$./rtl/core/vibration_core.sv:172$7510'.
No latch inferred for signal `\vibration_core.$memwr$\g_lane[0].weights$./rtl/core/vibration_core.sv:181$5958_DATA' from process `\vibration_core.$proc$./rtl/core/vibration_core.sv:172$7510'.
No latch inferred for signal `\vibration_core.$memwr$\g_lane[0].weights$./rtl/core/vibration_core.sv:181$5958_EN' from process `\vibration_core.$proc$./rtl/core/vibration_core.sv:172$7510'.
No latch inferred for signal `\vibration_core.$memwr$\g_lane[0].weights$./rtl/core/vibration_core.sv:181$5959_DATA' from process `\vibration_core.$proc$./rtl/core/vibration_core.sv:172$7510'.
No latch inferred for signal `\vibration_core.$memwr$\g_lane[0].weights$./rtl/core/vibration_core.sv:181$5959_EN' from process `\vibration_core.$proc$./rtl/core/vibration_core.sv:172$7510'.
No latch inferred for signal `\vibration_core.$memwr$\g_lane[0].weights$./rtl/core/vibration_core.sv:181$5960_DATA' from process `\vibration_core.$proc$./rtl/core/vibration_core.sv:172$7510'.
No latch inferred for signal `\vibration_core.$memwr$\g_lane[0].weights$./rtl/core/vibration_core.sv:181$5960_EN' from process `\vibration_core.$proc$./rtl/core/vibration_core.sv:172$7510'.
No latch inferred for signal `\vibration_core.$memwr$\g_lane[0].weights$./rtl/core/vibration_core.sv:181$5961_DATA' from process `\vibration_core.$proc$./rtl/core/vibration_core.sv:172$7510'.
No latch inferred for signal `\vibration_core.$memwr$\g_lane[0].weights$./rtl/core/vibration_core.sv:181$5961_EN' from process `\vibration_core.$proc$./rtl/core/vibration_core.sv:172$7510'.
No latch inferred for signal `\vibration_core.$memwr$\g_lane[0].weights$./rtl/core/vibration_core.sv:181$5962_DATA' from process `\vibration_core.$proc$./rtl/core/vibration_core.sv:172$7510'.
No latch inferred for signal `\vibration_core.$memwr$\g_lane[0].weights$./rtl/core/vibration_core.sv:181$5962_EN' from process `\vibration_core.$proc$./rtl/core/vibration_core.sv:172$7510'.
No latch inferred for signal `\vibration_core.$memwr$\g_lane[0].weights$./rtl/core/vibration_core.sv:181$5963_DATA' from process `\vibration_core.$proc$./rtl/core/vibration_core.sv:172$7510'.
No latch inferred for signal `\vibration_core.$memwr$\g_lane[0].weights$./rtl/core/vibration_core.sv:181$5963_EN' from process `\vibration_core.$proc$./rtl/core/vibration_core.sv:172$7510'.
No latch inferred for signal `\vibration_core.$memwr$\g_lane[0].weights$./rtl/core/vibration_core.sv:181$5964_DATA' from process `\vibration_core.$proc$./rtl/core/vibration_core.sv:172$7510'.
No latch inferred for signal `\vibration_core.$memwr$\g_lane[0].weights$./rtl/core/vibration_core.sv:181$5964_EN' from process `\vibration_core.$proc$./rtl/core/vibration_core.sv:172$7510'.
No latch inferred for signal `\vibration_core.$memwr$\g_lane[0].weights$./rtl/core/vibration_core.sv:181$5965_DATA' from process `\vibration_core.$proc$./rtl/core/vibration_core.sv:172$7510'.
No latch inferred for signal `\vibration_core.$memwr$\g_lane[0].weights$./rtl/core/vibration_core.sv:181$5965_EN' from process `\vibration_core.$proc$./rtl/core/vibration_core.sv:172$7510'.
No latch inferred for signal `\vibration_core.\g_lane[3].row' from process `\vibration_core.$proc$./rtl/core/vibration_core.sv:172$8329'.
No latch inferred for signal `\vibration_core.\g_lane[3].column' from process `\vibration_core.$proc$./rtl/core/vibration_core.sv:172$8329'.
No latch inferred for signal `\vibration_core.$memwr$\g_lane[3].weights$./rtl/core/vibration_core.sv:177$6126_DATA' from process `\vibration_core.$proc$./rtl/core/vibration_core.sv:172$8329'.
No latch inferred for signal `\vibration_core.$memwr$\g_lane[3].weights$./rtl/core/vibration_core.sv:177$6126_EN' from process `\vibration_core.$proc$./rtl/core/vibration_core.sv:172$8329'.
No latch inferred for signal `\vibration_core.$memwr$\g_lane[3].weights$./rtl/core/vibration_core.sv:177$6127_DATA' from process `\vibration_core.$proc$./rtl/core/vibration_core.sv:172$8329'.
No latch inferred for signal `\vibration_core.$memwr$\g_lane[3].weights$./rtl/core/vibration_core.sv:177$6127_EN' from process `\vibration_core.$proc$./rtl/core/vibration_core.sv:172$8329'.
No latch inferred for signal `\vibration_core.$memwr$\g_lane[3].weights$./rtl/core/vibration_core.sv:177$6128_DATA' from process `\vibration_core.$proc$./rtl/core/vibration_core.sv:172$8329'.
No latch inferred for signal `\vibration_core.$memwr$\g_lane[3].weights$./rtl/core/vibration_core.sv:177$6128_EN' from process `\vibration_core.$proc$./rtl/core/vibration_core.sv:172$8329'.
No latch inferred for signal `\vibration_core.$memwr$\g_lane[3].weights$./rtl/core/vibration_core.sv:177$6129_DATA' from process `\vibration_core.$proc$./rtl/core/vibration_core.sv:172$8329'.
No latch inferred for signal `\vibration_core.$memwr$\g_lane[3].weights$./rtl/core/vibration_core.sv:177$6129_EN' from process `\vibration_core.$proc$./rtl/core/vibration_core.sv:172$8329'.
No latch inferred for signal `\vibration_core.$memwr$\g_lane[3].weights$./rtl/core/vibration_core.sv:177$6130_DATA' from process `\vibration_core.$proc$./rtl/core/vibration_core.sv:172$8329'.
No latch inferred for signal `\vibration_core.$memwr$\g_lane[3].weights$./rtl/core/vibration_core.sv:177$6130_EN' from process `\vibration_core.$proc$./rtl/core/vibration_core.sv:172$8329'.
No latch inferred for signal `\vibration_core.$memwr$\g_lane[3].weights$./rtl/core/vibration_core.sv:177$6131_DATA' from process `\vibration_core.$proc$./rtl/core/vibration_core.sv:172$8329'.
No latch inferred for signal `\vibration_core.$memwr$\g_lane[3].weights$./rtl/core/vibration_core.sv:177$6131_EN' from process `\vibration_core.$proc$./rtl/core/vibration_core.sv:172$8329'.
No latch inferred for signal `\vibration_core.$memwr$\g_lane[3].weights$./rtl/core/vibration_core.sv:177$6132_DATA' from process `\vibration_core.$proc$./rtl/core/vibration_core.sv:172$8329'.
No latch inferred for signal `\vibration_core.$memwr$\g_lane[3].weights$./rtl/core/vibration_core.sv:177$6132_EN' from process `\vibration_core.$proc$./rtl/core/vibration_core.sv:172$8329'.
No latch inferred for signal `\vibration_core.$memwr$\g_lane[3].weights$./rtl/core/vibration_core.sv:177$6133_DATA' from process `\vibration_core.$proc$./rtl/core/vibration_core.sv:172$8329'.
No latch inferred for signal `\vibration_core.$memwr$\g_lane[3].weights$./rtl/core/vibration_core.sv:177$6133_EN' from process `\vibration_core.$proc$./rtl/core/vibration_core.sv:172$8329'.
No latch inferred for signal `\vibration_core.$memwr$\g_lane[3].weights$./rtl/core/vibration_core.sv:177$6134_DATA' from process `\vibration_core.$proc$./rtl/core/vibration_core.sv:172$8329'.
No latch inferred for signal `\vibration_core.$memwr$\g_lane[3].weights$./rtl/core/vibration_core.sv:177$6134_EN' from process `\vibration_core.$proc$./rtl/core/vibration_core.sv:172$8329'.
No latch inferred for signal `\vibration_core.$memwr$\g_lane[3].weights$./rtl/core/vibration_core.sv:177$6135_DATA' from process `\vibration_core.$proc$./rtl/core/vibration_core.sv:172$8329'.
No latch inferred for signal `\vibration_core.$memwr$\g_lane[3].weights$./rtl/core/vibration_core.sv:177$6135_EN' from process `\vibration_core.$proc$./rtl/core/vibration_core.sv:172$8329'.
No latch inferred for signal `\vibration_core.$memwr$\g_lane[3].weights$./rtl/core/vibration_core.sv:177$6136_DATA' from process `\vibration_core.$proc$./rtl/core/vibration_core.sv:172$8329'.
No latch inferred for signal `\vibration_core.$memwr$\g_lane[3].weights$./rtl/core/vibration_core.sv:177$6136_EN' from process `\vibration_core.$proc$./rtl/core/vibration_core.sv:172$8329'.
No latch inferred for signal `\vibration_core.$memwr$\g_lane[3].weights$./rtl/core/vibration_core.sv:177$6137_DATA' from process `\vibration_core.$proc$./rtl/core/vibration_core.sv:172$8329'.
No latch inferred for signal `\vibration_core.$memwr$\g_lane[3].weights$./rtl/core/vibration_core.sv:177$6137_EN' from process `\vibration_core.$proc$./rtl/core/vibration_core.sv:172$8329'.
No latch inferred for signal `\vibration_core.$memwr$\g_lane[3].weights$./rtl/core/vibration_core.sv:177$6138_DATA' from process `\vibration_core.$proc$./rtl/core/vibration_core.sv:172$8329'.
No latch inferred for signal `\vibration_core.$memwr$\g_lane[3].weights$./rtl/core/vibration_core.sv:177$6138_EN' from process `\vibration_core.$proc$./rtl/core/vibration_core.sv:172$8329'.
No latch inferred for signal `\vibration_core.$memwr$\g_lane[3].weights$./rtl/core/vibration_core.sv:177$6139_DATA' from process `\vibration_core.$proc$./rtl/core/vibration_core.sv:172$8329'.
No latch inferred for signal `\vibration_core.$memwr$\g_lane[3].weights$./rtl/core/vibration_core.sv:177$6139_EN' from process `\vibration_core.$proc$./rtl/core/vibration_core.sv:172$8329'.
No latch inferred for signal `\vibration_core.$memwr$\g_lane[3].weights$./rtl/core/vibration_core.sv:177$6140_DATA' from process `\vibration_core.$proc$./rtl/core/vibration_core.sv:172$8329'.
No latch inferred for signal `\vibration_core.$memwr$\g_lane[3].weights$./rtl/core/vibration_core.sv:177$6140_EN' from process `\vibration_core.$proc$./rtl/core/vibration_core.sv:172$8329'.
No latch inferred for signal `\vibration_core.$memwr$\g_lane[3].weights$./rtl/core/vibration_core.sv:177$6141_DATA' from process `\vibration_core.$proc$./rtl/core/vibration_core.sv:172$8329'.
No latch inferred for signal `\vibration_core.$memwr$\g_lane[3].weights$./rtl/core/vibration_core.sv:177$6141_EN' from process `\vibration_core.$proc$./rtl/core/vibration_core.sv:172$8329'.
No latch inferred for signal `\vibration_core.$memwr$\g_lane[3].weights$./rtl/core/vibration_core.sv:177$6142_DATA' from process `\vibration_core.$proc$./rtl/core/vibration_core.sv:172$8329'.
No latch inferred for signal `\vibration_core.$memwr$\g_lane[3].weights$./rtl/core/vibration_core.sv:177$6142_EN' from process `\vibration_core.$proc$./rtl/core/vibration_core.sv:172$8329'.
No latch inferred for signal `\vibration_core.$memwr$\g_lane[3].weights$./rtl/core/vibration_core.sv:177$6143_DATA' from process `\vibration_core.$proc$./rtl/core/vibration_core.sv:172$8329'.
No latch inferred for signal `\vibration_core.$memwr$\g_lane[3].weights$./rtl/core/vibration_core.sv:177$6143_EN' from process `\vibration_core.$proc$./rtl/core/vibration_core.sv:172$8329'.
No latch inferred for signal `\vibration_core.$memwr$\g_lane[3].weights$./rtl/core/vibration_core.sv:177$6144_DATA' from process `\vibration_core.$proc$./rtl/core/vibration_core.sv:172$8329'.
No latch inferred for signal `\vibration_core.$memwr$\g_lane[3].weights$./rtl/core/vibration_core.sv:177$6144_EN' from process `\vibration_core.$proc$./rtl/core/vibration_core.sv:172$8329'.
No latch inferred for signal `\vibration_core.$memwr$\g_lane[3].weights$./rtl/core/vibration_core.sv:177$6145_DATA' from process `\vibration_core.$proc$./rtl/core/vibration_core.sv:172$8329'.
No latch inferred for signal `\vibration_core.$memwr$\g_lane[3].weights$./rtl/core/vibration_core.sv:177$6145_EN' from process `\vibration_core.$proc$./rtl/core/vibration_core.sv:172$8329'.
No latch inferred for signal `\vibration_core.$memwr$\g_lane[3].weights$./rtl/core/vibration_core.sv:177$6146_DATA' from process `\vibration_core.$proc$./rtl/core/vibration_core.sv:172$8329'.
No latch inferred for signal `\vibration_core.$memwr$\g_lane[3].weights$./rtl/core/vibration_core.sv:177$6146_EN' from process `\vibration_core.$proc$./rtl/core/vibration_core.sv:172$8329'.
No latch inferred for signal `\vibration_core.$memwr$\g_lane[3].weights$./rtl/core/vibration_core.sv:177$6147_DATA' from process `\vibration_core.$proc$./rtl/core/vibration_core.sv:172$8329'.
No latch inferred for signal `\vibration_core.$memwr$\g_lane[3].weights$./rtl/core/vibration_core.sv:177$6147_EN' from process `\vibration_core.$proc$./rtl/core/vibration_core.sv:172$8329'.
No latch inferred for signal `\vibration_core.$memwr$\g_lane[3].weights$./rtl/core/vibration_core.sv:177$6148_DATA' from process `\vibration_core.$proc$./rtl/core/vibration_core.sv:172$8329'.
No latch inferred for signal `\vibration_core.$memwr$\g_lane[3].weights$./rtl/core/vibration_core.sv:177$6148_EN' from process `\vibration_core.$proc$./rtl/core/vibration_core.sv:172$8329'.
No latch inferred for signal `\vibration_core.$memwr$\g_lane[3].weights$./rtl/core/vibration_core.sv:177$6149_DATA' from process `\vibration_core.$proc$./rtl/core/vibration_core.sv:172$8329'.
No latch inferred for signal `\vibration_core.$memwr$\g_lane[3].weights$./rtl/core/vibration_core.sv:177$6149_EN' from process `\vibration_core.$proc$./rtl/core/vibration_core.sv:172$8329'.
No latch inferred for signal `\vibration_core.$memwr$\g_lane[3].weights$./rtl/core/vibration_core.sv:177$6150_DATA' from process `\vibration_core.$proc$./rtl/core/vibration_core.sv:172$8329'.
No latch inferred for signal `\vibration_core.$memwr$\g_lane[3].weights$./rtl/core/vibration_core.sv:177$6150_EN' from process `\vibration_core.$proc$./rtl/core/vibration_core.sv:172$8329'.
No latch inferred for signal `\vibration_core.$memwr$\g_lane[3].weights$./rtl/core/vibration_core.sv:177$6151_DATA' from process `\vibration_core.$proc$./rtl/core/vibration_core.sv:172$8329'.
No latch inferred for signal `\vibration_core.$memwr$\g_lane[3].weights$./rtl/core/vibration_core.sv:177$6151_EN' from process `\vibration_core.$proc$./rtl/core/vibration_core.sv:172$8329'.
No latch inferred for signal `\vibration_core.$memwr$\g_lane[3].weights$./rtl/core/vibration_core.sv:177$6152_DATA' from process `\vibration_core.$proc$./rtl/core/vibration_core.sv:172$8329'.
No latch inferred for signal `\vibration_core.$memwr$\g_lane[3].weights$./rtl/core/vibration_core.sv:177$6152_EN' from process `\vibration_core.$proc$./rtl/core/vibration_core.sv:172$8329'.
No latch inferred for signal `\vibration_core.$memwr$\g_lane[3].weights$./rtl/core/vibration_core.sv:177$6153_DATA' from process `\vibration_core.$proc$./rtl/core/vibration_core.sv:172$8329'.
No latch inferred for signal `\vibration_core.$memwr$\g_lane[3].weights$./rtl/core/vibration_core.sv:177$6153_EN' from process `\vibration_core.$proc$./rtl/core/vibration_core.sv:172$8329'.
No latch inferred for signal `\vibration_core.$memwr$\g_lane[3].weights$./rtl/core/vibration_core.sv:177$6154_DATA' from process `\vibration_core.$proc$./rtl/core/vibration_core.sv:172$8329'.
No latch inferred for signal `\vibration_core.$memwr$\g_lane[3].weights$./rtl/core/vibration_core.sv:177$6154_EN' from process `\vibration_core.$proc$./rtl/core/vibration_core.sv:172$8329'.
No latch inferred for signal `\vibration_core.$memwr$\g_lane[3].weights$./rtl/core/vibration_core.sv:177$6155_DATA' from process `\vibration_core.$proc$./rtl/core/vibration_core.sv:172$8329'.
No latch inferred for signal `\vibration_core.$memwr$\g_lane[3].weights$./rtl/core/vibration_core.sv:177$6155_EN' from process `\vibration_core.$proc$./rtl/core/vibration_core.sv:172$8329'.
No latch inferred for signal `\vibration_core.$memwr$\g_lane[3].weights$./rtl/core/vibration_core.sv:177$6156_DATA' from process `\vibration_core.$proc$./rtl/core/vibration_core.sv:172$8329'.
No latch inferred for signal `\vibration_core.$memwr$\g_lane[3].weights$./rtl/core/vibration_core.sv:177$6156_EN' from process `\vibration_core.$proc$./rtl/core/vibration_core.sv:172$8329'.
No latch inferred for signal `\vibration_core.$memwr$\g_lane[3].weights$./rtl/core/vibration_core.sv:177$6157_DATA' from process `\vibration_core.$proc$./rtl/core/vibration_core.sv:172$8329'.
No latch inferred for signal `\vibration_core.$memwr$\g_lane[3].weights$./rtl/core/vibration_core.sv:177$6157_EN' from process `\vibration_core.$proc$./rtl/core/vibration_core.sv:172$8329'.
No latch inferred for signal `\vibration_core.$memwr$\g_lane[3].weights$./rtl/core/vibration_core.sv:177$6158_DATA' from process `\vibration_core.$proc$./rtl/core/vibration_core.sv:172$8329'.
No latch inferred for signal `\vibration_core.$memwr$\g_lane[3].weights$./rtl/core/vibration_core.sv:177$6158_EN' from process `\vibration_core.$proc$./rtl/core/vibration_core.sv:172$8329'.
No latch inferred for signal `\vibration_core.$memwr$\g_lane[3].weights$./rtl/core/vibration_core.sv:177$6159_DATA' from process `\vibration_core.$proc$./rtl/core/vibration_core.sv:172$8329'.
No latch inferred for signal `\vibration_core.$memwr$\g_lane[3].weights$./rtl/core/vibration_core.sv:177$6159_EN' from process `\vibration_core.$proc$./rtl/core/vibration_core.sv:172$8329'.
No latch inferred for signal `\vibration_core.$memwr$\g_lane[3].weights$./rtl/core/vibration_core.sv:177$6160_DATA' from process `\vibration_core.$proc$./rtl/core/vibration_core.sv:172$8329'.
No latch inferred for signal `\vibration_core.$memwr$\g_lane[3].weights$./rtl/core/vibration_core.sv:177$6160_EN' from process `\vibration_core.$proc$./rtl/core/vibration_core.sv:172$8329'.
No latch inferred for signal `\vibration_core.$memwr$\g_lane[3].weights$./rtl/core/vibration_core.sv:177$6161_DATA' from process `\vibration_core.$proc$./rtl/core/vibration_core.sv:172$8329'.
No latch inferred for signal `\vibration_core.$memwr$\g_lane[3].weights$./rtl/core/vibration_core.sv:177$6161_EN' from process `\vibration_core.$proc$./rtl/core/vibration_core.sv:172$8329'.
No latch inferred for signal `\vibration_core.$memwr$\g_lane[3].weights$./rtl/core/vibration_core.sv:177$6162_DATA' from process `\vibration_core.$proc$./rtl/core/vibration_core.sv:172$8329'.
No latch inferred for signal `\vibration_core.$memwr$\g_lane[3].weights$./rtl/core/vibration_core.sv:177$6162_EN' from process `\vibration_core.$proc$./rtl/core/vibration_core.sv:172$8329'.
No latch inferred for signal `\vibration_core.$memwr$\g_lane[3].weights$./rtl/core/vibration_core.sv:177$6163_DATA' from process `\vibration_core.$proc$./rtl/core/vibration_core.sv:172$8329'.
No latch inferred for signal `\vibration_core.$memwr$\g_lane[3].weights$./rtl/core/vibration_core.sv:177$6163_EN' from process `\vibration_core.$proc$./rtl/core/vibration_core.sv:172$8329'.
No latch inferred for signal `\vibration_core.$memwr$\g_lane[3].weights$./rtl/core/vibration_core.sv:177$6164_DATA' from process `\vibration_core.$proc$./rtl/core/vibration_core.sv:172$8329'.
No latch inferred for signal `\vibration_core.$memwr$\g_lane[3].weights$./rtl/core/vibration_core.sv:177$6164_EN' from process `\vibration_core.$proc$./rtl/core/vibration_core.sv:172$8329'.
No latch inferred for signal `\vibration_core.$memwr$\g_lane[3].weights$./rtl/core/vibration_core.sv:177$6165_DATA' from process `\vibration_core.$proc$./rtl/core/vibration_core.sv:172$8329'.
No latch inferred for signal `\vibration_core.$memwr$\g_lane[3].weights$./rtl/core/vibration_core.sv:177$6165_EN' from process `\vibration_core.$proc$./rtl/core/vibration_core.sv:172$8329'.
No latch inferred for signal `\vibration_core.$memwr$\g_lane[3].weights$./rtl/core/vibration_core.sv:177$6166_DATA' from process `\vibration_core.$proc$./rtl/core/vibration_core.sv:172$8329'.
No latch inferred for signal `\vibration_core.$memwr$\g_lane[3].weights$./rtl/core/vibration_core.sv:177$6166_EN' from process `\vibration_core.$proc$./rtl/core/vibration_core.sv:172$8329'.
No latch inferred for signal `\vibration_core.$memwr$\g_lane[3].weights$./rtl/core/vibration_core.sv:177$6167_DATA' from process `\vibration_core.$proc$./rtl/core/vibration_core.sv:172$8329'.
No latch inferred for signal `\vibration_core.$memwr$\g_lane[3].weights$./rtl/core/vibration_core.sv:177$6167_EN' from process `\vibration_core.$proc$./rtl/core/vibration_core.sv:172$8329'.
No latch inferred for signal `\vibration_core.$memwr$\g_lane[3].weights$./rtl/core/vibration_core.sv:177$6168_DATA' from process `\vibration_core.$proc$./rtl/core/vibration_core.sv:172$8329'.
No latch inferred for signal `\vibration_core.$memwr$\g_lane[3].weights$./rtl/core/vibration_core.sv:177$6168_EN' from process `\vibration_core.$proc$./rtl/core/vibration_core.sv:172$8329'.
No latch inferred for signal `\vibration_core.$memwr$\g_lane[3].weights$./rtl/core/vibration_core.sv:177$6169_DATA' from process `\vibration_core.$proc$./rtl/core/vibration_core.sv:172$8329'.
No latch inferred for signal `\vibration_core.$memwr$\g_lane[3].weights$./rtl/core/vibration_core.sv:177$6169_EN' from process `\vibration_core.$proc$./rtl/core/vibration_core.sv:172$8329'.
No latch inferred for signal `\vibration_core.$memwr$\g_lane[3].weights$./rtl/core/vibration_core.sv:177$6170_DATA' from process `\vibration_core.$proc$./rtl/core/vibration_core.sv:172$8329'.
No latch inferred for signal `\vibration_core.$memwr$\g_lane[3].weights$./rtl/core/vibration_core.sv:177$6170_EN' from process `\vibration_core.$proc$./rtl/core/vibration_core.sv:172$8329'.
No latch inferred for signal `\vibration_core.$memwr$\g_lane[3].weights$./rtl/core/vibration_core.sv:177$6171_DATA' from process `\vibration_core.$proc$./rtl/core/vibration_core.sv:172$8329'.
No latch inferred for signal `\vibration_core.$memwr$\g_lane[3].weights$./rtl/core/vibration_core.sv:177$6171_EN' from process `\vibration_core.$proc$./rtl/core/vibration_core.sv:172$8329'.
No latch inferred for signal `\vibration_core.$memwr$\g_lane[3].weights$./rtl/core/vibration_core.sv:177$6172_DATA' from process `\vibration_core.$proc$./rtl/core/vibration_core.sv:172$8329'.
No latch inferred for signal `\vibration_core.$memwr$\g_lane[3].weights$./rtl/core/vibration_core.sv:177$6172_EN' from process `\vibration_core.$proc$./rtl/core/vibration_core.sv:172$8329'.
No latch inferred for signal `\vibration_core.$memwr$\g_lane[3].weights$./rtl/core/vibration_core.sv:177$6173_DATA' from process `\vibration_core.$proc$./rtl/core/vibration_core.sv:172$8329'.
No latch inferred for signal `\vibration_core.$memwr$\g_lane[3].weights$./rtl/core/vibration_core.sv:177$6173_EN' from process `\vibration_core.$proc$./rtl/core/vibration_core.sv:172$8329'.
No latch inferred for signal `\vibration_core.$memwr$\g_lane[3].weights$./rtl/core/vibration_core.sv:177$6174_DATA' from process `\vibration_core.$proc$./rtl/core/vibration_core.sv:172$8329'.
No latch inferred for signal `\vibration_core.$memwr$\g_lane[3].weights$./rtl/core/vibration_core.sv:177$6174_EN' from process `\vibration_core.$proc$./rtl/core/vibration_core.sv:172$8329'.
No latch inferred for signal `\vibration_core.$memwr$\g_lane[3].weights$./rtl/core/vibration_core.sv:177$6175_DATA' from process `\vibration_core.$proc$./rtl/core/vibration_core.sv:172$8329'.
No latch inferred for signal `\vibration_core.$memwr$\g_lane[3].weights$./rtl/core/vibration_core.sv:177$6175_EN' from process `\vibration_core.$proc$./rtl/core/vibration_core.sv:172$8329'.
No latch inferred for signal `\vibration_core.$memwr$\g_lane[3].weights$./rtl/core/vibration_core.sv:177$6176_DATA' from process `\vibration_core.$proc$./rtl/core/vibration_core.sv:172$8329'.
No latch inferred for signal `\vibration_core.$memwr$\g_lane[3].weights$./rtl/core/vibration_core.sv:177$6176_EN' from process `\vibration_core.$proc$./rtl/core/vibration_core.sv:172$8329'.
No latch inferred for signal `\vibration_core.$memwr$\g_lane[3].weights$./rtl/core/vibration_core.sv:177$6177_DATA' from process `\vibration_core.$proc$./rtl/core/vibration_core.sv:172$8329'.
No latch inferred for signal `\vibration_core.$memwr$\g_lane[3].weights$./rtl/core/vibration_core.sv:177$6177_EN' from process `\vibration_core.$proc$./rtl/core/vibration_core.sv:172$8329'.
No latch inferred for signal `\vibration_core.$memwr$\g_lane[3].weights$./rtl/core/vibration_core.sv:177$6178_DATA' from process `\vibration_core.$proc$./rtl/core/vibration_core.sv:172$8329'.
No latch inferred for signal `\vibration_core.$memwr$\g_lane[3].weights$./rtl/core/vibration_core.sv:177$6178_EN' from process `\vibration_core.$proc$./rtl/core/vibration_core.sv:172$8329'.
No latch inferred for signal `\vibration_core.$memwr$\g_lane[3].weights$./rtl/core/vibration_core.sv:177$6179_DATA' from process `\vibration_core.$proc$./rtl/core/vibration_core.sv:172$8329'.
No latch inferred for signal `\vibration_core.$memwr$\g_lane[3].weights$./rtl/core/vibration_core.sv:177$6179_EN' from process `\vibration_core.$proc$./rtl/core/vibration_core.sv:172$8329'.
No latch inferred for signal `\vibration_core.$memwr$\g_lane[3].weights$./rtl/core/vibration_core.sv:177$6180_DATA' from process `\vibration_core.$proc$./rtl/core/vibration_core.sv:172$8329'.
No latch inferred for signal `\vibration_core.$memwr$\g_lane[3].weights$./rtl/core/vibration_core.sv:177$6180_EN' from process `\vibration_core.$proc$./rtl/core/vibration_core.sv:172$8329'.
No latch inferred for signal `\vibration_core.$memwr$\g_lane[3].weights$./rtl/core/vibration_core.sv:177$6181_DATA' from process `\vibration_core.$proc$./rtl/core/vibration_core.sv:172$8329'.
No latch inferred for signal `\vibration_core.$memwr$\g_lane[3].weights$./rtl/core/vibration_core.sv:177$6181_EN' from process `\vibration_core.$proc$./rtl/core/vibration_core.sv:172$8329'.
No latch inferred for signal `\vibration_core.$memwr$\g_lane[3].weights$./rtl/core/vibration_core.sv:177$6182_DATA' from process `\vibration_core.$proc$./rtl/core/vibration_core.sv:172$8329'.
No latch inferred for signal `\vibration_core.$memwr$\g_lane[3].weights$./rtl/core/vibration_core.sv:177$6182_EN' from process `\vibration_core.$proc$./rtl/core/vibration_core.sv:172$8329'.
No latch inferred for signal `\vibration_core.$memwr$\g_lane[3].weights$./rtl/core/vibration_core.sv:177$6183_DATA' from process `\vibration_core.$proc$./rtl/core/vibration_core.sv:172$8329'.
No latch inferred for signal `\vibration_core.$memwr$\g_lane[3].weights$./rtl/core/vibration_core.sv:177$6183_EN' from process `\vibration_core.$proc$./rtl/core/vibration_core.sv:172$8329'.
No latch inferred for signal `\vibration_core.$memwr$\g_lane[3].weights$./rtl/core/vibration_core.sv:177$6184_DATA' from process `\vibration_core.$proc$./rtl/core/vibration_core.sv:172$8329'.
No latch inferred for signal `\vibration_core.$memwr$\g_lane[3].weights$./rtl/core/vibration_core.sv:177$6184_EN' from process `\vibration_core.$proc$./rtl/core/vibration_core.sv:172$8329'.
No latch inferred for signal `\vibration_core.$memwr$\g_lane[3].weights$./rtl/core/vibration_core.sv:177$6185_DATA' from process `\vibration_core.$proc$./rtl/core/vibration_core.sv:172$8329'.
No latch inferred for signal `\vibration_core.$memwr$\g_lane[3].weights$./rtl/core/vibration_core.sv:177$6185_EN' from process `\vibration_core.$proc$./rtl/core/vibration_core.sv:172$8329'.
No latch inferred for signal `\vibration_core.$memwr$\g_lane[3].weights$./rtl/core/vibration_core.sv:177$6186_DATA' from process `\vibration_core.$proc$./rtl/core/vibration_core.sv:172$8329'.
No latch inferred for signal `\vibration_core.$memwr$\g_lane[3].weights$./rtl/core/vibration_core.sv:177$6186_EN' from process `\vibration_core.$proc$./rtl/core/vibration_core.sv:172$8329'.
No latch inferred for signal `\vibration_core.$memwr$\g_lane[3].weights$./rtl/core/vibration_core.sv:177$6187_DATA' from process `\vibration_core.$proc$./rtl/core/vibration_core.sv:172$8329'.
No latch inferred for signal `\vibration_core.$memwr$\g_lane[3].weights$./rtl/core/vibration_core.sv:177$6187_EN' from process `\vibration_core.$proc$./rtl/core/vibration_core.sv:172$8329'.
No latch inferred for signal `\vibration_core.$memwr$\g_lane[3].weights$./rtl/core/vibration_core.sv:177$6188_DATA' from process `\vibration_core.$proc$./rtl/core/vibration_core.sv:172$8329'.
No latch inferred for signal `\vibration_core.$memwr$\g_lane[3].weights$./rtl/core/vibration_core.sv:177$6188_EN' from process `\vibration_core.$proc$./rtl/core/vibration_core.sv:172$8329'.
No latch inferred for signal `\vibration_core.$memwr$\g_lane[3].weights$./rtl/core/vibration_core.sv:177$6189_DATA' from process `\vibration_core.$proc$./rtl/core/vibration_core.sv:172$8329'.
No latch inferred for signal `\vibration_core.$memwr$\g_lane[3].weights$./rtl/core/vibration_core.sv:177$6189_EN' from process `\vibration_core.$proc$./rtl/core/vibration_core.sv:172$8329'.
No latch inferred for signal `\vibration_core.$memwr$\g_lane[3].weights$./rtl/core/vibration_core.sv:182$6190_EN' from process `\vibration_core.$proc$./rtl/core/vibration_core.sv:172$8329'.
No latch inferred for signal `\vibration_core.$memwr$\g_lane[3].weights$./rtl/core/vibration_core.sv:182$6191_EN' from process `\vibration_core.$proc$./rtl/core/vibration_core.sv:172$8329'.
No latch inferred for signal `\vibration_core.$memwr$\g_lane[3].weights$./rtl/core/vibration_core.sv:182$6192_EN' from process `\vibration_core.$proc$./rtl/core/vibration_core.sv:172$8329'.
No latch inferred for signal `\vibration_core.$memwr$\g_lane[3].weights$./rtl/core/vibration_core.sv:182$6193_EN' from process `\vibration_core.$proc$./rtl/core/vibration_core.sv:172$8329'.
No latch inferred for signal `\vibration_core.$memwr$\g_lane[3].weights$./rtl/core/vibration_core.sv:182$6194_EN' from process `\vibration_core.$proc$./rtl/core/vibration_core.sv:172$8329'.
No latch inferred for signal `\vibration_core.$memwr$\g_lane[3].weights$./rtl/core/vibration_core.sv:182$6195_EN' from process `\vibration_core.$proc$./rtl/core/vibration_core.sv:172$8329'.
No latch inferred for signal `\vibration_core.$memwr$\g_lane[3].weights$./rtl/core/vibration_core.sv:182$6196_EN' from process `\vibration_core.$proc$./rtl/core/vibration_core.sv:172$8329'.
No latch inferred for signal `\vibration_core.$memwr$\g_lane[3].weights$./rtl/core/vibration_core.sv:182$6197_EN' from process `\vibration_core.$proc$./rtl/core/vibration_core.sv:172$8329'.
No latch inferred for signal `\vibration_core.$memwr$\g_lane[3].weights$./rtl/core/vibration_core.sv:182$6198_EN' from process `\vibration_core.$proc$./rtl/core/vibration_core.sv:172$8329'.
No latch inferred for signal `\vibration_core.$memwr$\g_lane[3].weights$./rtl/core/vibration_core.sv:182$6199_EN' from process `\vibration_core.$proc$./rtl/core/vibration_core.sv:172$8329'.
No latch inferred for signal `\vibration_core.$memwr$\g_lane[3].weights$./rtl/core/vibration_core.sv:182$6200_EN' from process `\vibration_core.$proc$./rtl/core/vibration_core.sv:172$8329'.
No latch inferred for signal `\vibration_core.$memwr$\g_lane[3].weights$./rtl/core/vibration_core.sv:182$6201_EN' from process `\vibration_core.$proc$./rtl/core/vibration_core.sv:172$8329'.
No latch inferred for signal `\vibration_core.$memwr$\g_lane[3].weights$./rtl/core/vibration_core.sv:182$6202_EN' from process `\vibration_core.$proc$./rtl/core/vibration_core.sv:172$8329'.
No latch inferred for signal `\vibration_core.$memwr$\g_lane[3].weights$./rtl/core/vibration_core.sv:182$6203_EN' from process `\vibration_core.$proc$./rtl/core/vibration_core.sv:172$8329'.
No latch inferred for signal `\vibration_core.$memwr$\g_lane[3].weights$./rtl/core/vibration_core.sv:182$6204_EN' from process `\vibration_core.$proc$./rtl/core/vibration_core.sv:172$8329'.
No latch inferred for signal `\vibration_core.$memwr$\g_lane[3].weights$./rtl/core/vibration_core.sv:182$6205_EN' from process `\vibration_core.$proc$./rtl/core/vibration_core.sv:172$8329'.
No latch inferred for signal `\vibration_core.\weight_q[3]' from process `\vibration_core.$proc$./rtl/core/vibration_core.sv:189$7188'.
No latch inferred for signal `\vibration_core.\coefficient[3]' from process `\vibration_core.$proc$./rtl/core/vibration_core.sv:164$7187'.
No latch inferred for signal `\vibration_core.\weight_q[2]' from process `\vibration_core.$proc$./rtl/core/vibration_core.sv:189$7186'.
No latch inferred for signal `\vibration_core.\coefficient[2]' from process `\vibration_core.$proc$./rtl/core/vibration_core.sv:164$7185'.
No latch inferred for signal `\vibration_core.\weight_q[1]' from process `\vibration_core.$proc$./rtl/core/vibration_core.sv:189$7184'.
No latch inferred for signal `\vibration_core.\coefficient[1]' from process `\vibration_core.$proc$./rtl/core/vibration_core.sv:164$7183'.
No latch inferred for signal `\vibration_core.\weight_q[0]' from process `\vibration_core.$proc$./rtl/core/vibration_core.sv:189$7182'.
No latch inferred for signal `\vibration_core.\coefficient[0]' from process `\vibration_core.$proc$./rtl/core/vibration_core.sv:164$7181'.
No latch inferred for signal `\vibration_core.\multiply_enable' from process `\vibration_core.$proc$./rtl/core/vibration_core.sv:193$6225'.
No latch inferred for signal `\vibration_core.\m' from process `\vibration_core.$proc$./rtl/core/vibration_core.sv:193$6225'.
No latch inferred for signal `\vibration_core.\operand_a[0]' from process `\vibration_core.$proc$./rtl/core/vibration_core.sv:193$6225'.
No latch inferred for signal `\vibration_core.\operand_a[1]' from process `\vibration_core.$proc$./rtl/core/vibration_core.sv:193$6225'.
No latch inferred for signal `\vibration_core.\operand_a[2]' from process `\vibration_core.$proc$./rtl/core/vibration_core.sv:193$6225'.
No latch inferred for signal `\vibration_core.\operand_a[3]' from process `\vibration_core.$proc$./rtl/core/vibration_core.sv:193$6225'.
No latch inferred for signal `\vibration_core.\operand_b[0]' from process `\vibration_core.$proc$./rtl/core/vibration_core.sv:193$6225'.
No latch inferred for signal `\vibration_core.\operand_b[1]' from process `\vibration_core.$proc$./rtl/core/vibration_core.sv:193$6225'.
No latch inferred for signal `\vibration_core.\operand_b[2]' from process `\vibration_core.$proc$./rtl/core/vibration_core.sv:193$6225'.
No latch inferred for signal `\vibration_core.\operand_b[3]' from process `\vibration_core.$proc$./rtl/core/vibration_core.sv:193$6225'.

4.4.9. Executing PROC_DFF pass (convert process syncs to FFs).
Creating register for signal `\vibration_core.\g_lane[3].selected_weight' using process `\vibration_core.$proc$./rtl/core/vibration_core.sv:184$7177'.
  created $dff cell `$procdff$14781' with positive edge clock.
Creating register for signal `\vibration_core.\product[3]' using process `\vibration_core.$proc$./rtl/core/vibration_core.sv:184$7177'.
  created $dff cell `$procdff$14782' with positive edge clock.
Creating register for signal `\vibration_core.\g_lane[2].selected_weight' using process `\vibration_core.$proc$./rtl/core/vibration_core.sv:184$7170'.
  created $dff cell `$procdff$14783' with positive edge clock.
Creating register for signal `\vibration_core.\product[2]' using process `\vibration_core.$proc$./rtl/core/vibration_core.sv:184$7170'.
  created $dff cell `$procdff$14784' with positive edge clock.
Creating register for signal `\vibration_core.\g_lane[1].selected_weight' using process `\vibration_core.$proc$./rtl/core/vibration_core.sv:184$7163'.
  created $dff cell `$procdff$14785' with positive edge clock.
Creating register for signal `\vibration_core.\product[1]' using process `\vibration_core.$proc$./rtl/core/vibration_core.sv:184$7163'.
  created $dff cell `$procdff$14786' with positive edge clock.
Creating register for signal `\vibration_core.\g_lane[0].selected_weight' using process `\vibration_core.$proc$./rtl/core/vibration_core.sv:184$7156'.
  created $dff cell `$procdff$14787' with positive edge clock.
Creating register for signal `\vibration_core.\product[0]' using process `\vibration_core.$proc$./rtl/core/vibration_core.sv:184$7156'.
  created $dff cell `$procdff$14788' with positive edge clock.
Creating register for signal `\vibration_core.\out_valid' using process `\vibration_core.$proc$./rtl/core/vibration_core.sv:231$6334'.
  created $dff cell `$procdff$14789' with positive edge clock.
Creating register for signal `\vibration_core.\out_frame_id' using process `\vibration_core.$proc$./rtl/core/vibration_core.sv:231$6334'.
  created $dff cell `$procdff$14790' with positive edge clock.
Creating register for signal `\vibration_core.\out_logits' using process `\vibration_core.$proc$./rtl/core/vibration_core.sv:231$6334'.
  created $dff cell `$procdff$14791' with positive edge clock.
Creating register for signal `\vibration_core.\out_class' using process `\vibration_core.$proc$./rtl/core/vibration_core.sv:231$6334'.
  created $dff cell `$procdff$14792' with positive edge clock.
Creating register for signal `\vibration_core.\out_error' using process `\vibration_core.$proc$./rtl/core/vibration_core.sv:231$6334'.
  created $dff cell `$procdff$14793' with positive edge clock.
Creating register for signal `\vibration_core.\cycles_pre' using process `\vibration_core.$proc$./rtl/core/vibration_core.sv:231$6334'.
  created $dff cell `$procdff$14794' with positive edge clock.
Creating register for signal `\vibration_core.\cycles_dft' using process `\vibration_core.$proc$./rtl/core/vibration_core.sv:231$6334'.
  created $dff cell `$procdff$14795' with positive edge clock.
Creating register for signal `\vibration_core.\cycles_power' using process `\vibration_core.$proc$./rtl/core/vibration_core.sv:231$6334'.
  created $dff cell `$procdff$14796' with positive edge clock.
Creating register for signal `\vibration_core.\cycles_nn' using process `\vibration_core.$proc$./rtl/core/vibration_core.sv:231$6334'.
  created $dff cell `$procdff$14797' with positive edge clock.
Creating register for signal `\vibration_core.\cycles_total' using process `\vibration_core.$proc$./rtl/core/vibration_core.sv:231$6334'.
  created $dff cell `$procdff$14798' with positive edge clock.
Creating register for signal `\vibration_core.\protocol_errors' using process `\vibration_core.$proc$./rtl/core/vibration_core.sv:231$6334'.
  created $dff cell `$procdff$14799' with positive edge clock.
Creating register for signal `\vibration_core.\dbg_valid' using process `\vibration_core.$proc$./rtl/core/vibration_core.sv:231$6334'.
  created $dff cell `$procdff$14800' with positive edge clock.
Creating register for signal `\vibration_core.\dbg_kind' using process `\vibration_core.$proc$./rtl/core/vibration_core.sv:231$6334'.
  created $dff cell `$procdff$14801' with positive edge clock.
Creating register for signal `\vibration_core.\dbg_index' using process `\vibration_core.$proc$./rtl/core/vibration_core.sv:231$6334'.
  created $dff cell `$procdff$14802' with positive edge clock.
Creating register for signal `\vibration_core.\dbg_value' using process `\vibration_core.$proc$./rtl/core/vibration_core.sv:231$6334'.
  created $dff cell `$procdff$14803' with positive edge clock.
Creating register for signal `\vibration_core.\state' using process `\vibration_core.$proc$./rtl/core/vibration_core.sv:231$6334'.
  created $dff cell `$procdff$14804' with positive edge clock.
Creating register for signal `\vibration_core.\full' using process `\vibration_core.$proc$./rtl/core/vibration_core.sv:231$6334'.
  created $dff cell `$procdff$14805' with positive edge clock.
Creating register for signal `\vibration_core.\busy' using process `\vibration_core.$proc$./rtl/core/vibration_core.sv:231$6334'.
  created $dff cell `$procdff$14806' with positive edge clock.
Creating register for signal `\vibration_core.\write_bank' using process `\vibration_core.$proc$./rtl/core/vibration_core.sv:231$6334'.
  created $dff cell `$procdff$14807' with positive edge clock.
Creating register for signal `\vibration_core.\read_bank' using process `\vibration_core.$proc$./rtl/core/vibration_core.sv:231$6334'.
  created $dff cell `$procdff$14808' with positive edge clock.
Creating register for signal `\vibration_core.\active_bank' using process `\vibration_core.$proc$./rtl/core/vibration_core.sv:231$6334'.
  created $dff cell `$procdff$14809' with positive edge clock.
Creating register for signal `\vibration_core.\receiving' using process `\vibration_core.$proc$./rtl/core/vibration_core.sv:231$6334'.
  created $dff cell `$procdff$14810' with positive edge clock.
Creating register for signal `\vibration_core.\draining' using process `\vibration_core.$proc$./rtl/core/vibration_core.sv:231$6334'.
  created $dff cell `$procdff$14811' with positive edge clock.
Creating register for signal `\vibration_core.\input_index' using process `\vibration_core.$proc$./rtl/core/vibration_core.sv:231$6334'.
  created $dff cell `$procdff$14812' with positive edge clock.
Creating register for signal `\vibration_core.\receiving_id' using process `\vibration_core.$proc$./rtl/core/vibration_core.sv:231$6334'.
  created $dff cell `$procdff$14813' with positive edge clock.
Creating register for signal `\vibration_core.\input_sum' using process `\vibration_core.$proc$./rtl/core/vibration_core.sv:231$6334'.
  created $dff cell `$procdff$14814' with positive edge clock.
Creating register for signal `\vibration_core.\active_id' using process `\vibration_core.$proc$./rtl/core/vibration_core.sv:231$6334'.
  created $dff cell `$procdff$14815' with positive edge clock.
Creating register for signal `\vibration_core.\point' using process `\vibration_core.$proc$./rtl/core/vibration_core.sv:231$6334'.
  created $dff cell `$procdff$14816' with positive edge clock.
Creating register for signal `\vibration_core.\mean' using process `\vibration_core.$proc$./rtl/core/vibration_core.sv:231$6334'.
  created $dff cell `$procdff$14817' with positive edge clock.
Creating register for signal `\vibration_core.\dft_group' using process `\vibration_core.$proc$./rtl/core/vibration_core.sv:231$6334'.
  created $dff cell `$procdff$14818' with positive edge clock.
Creating register for signal `\vibration_core.\store_lane' using process `\vibration_core.$proc$./rtl/core/vibration_core.sv:231$6334'.
  created $dff cell `$procdff$14819' with positive edge clock.
Creating register for signal `\vibration_core.\feature_index' using process `\vibration_core.$proc$./rtl/core/vibration_core.sv:231$6334'.
  created $dff cell `$procdff$14820' with positive edge clock.
Creating register for signal `\vibration_core.\power_sum' using process `\vibration_core.$proc$./rtl/core/vibration_core.sv:231$6334'.
  created $dff cell `$procdff$14821' with positive edge clock.
Creating register for signal `\vibration_core.\nn_layer' using process `\vibration_core.$proc$./rtl/core/vibration_core.sv:231$6334'.
  created $dff cell `$procdff$14822' with positive edge clock.
Creating register for signal `\vibration_core.\nn_group' using process `\vibration_core.$proc$./rtl/core/vibration_core.sv:231$6334'.
  created $dff cell `$procdff$14823' with positive edge clock.
Creating register for signal `\vibration_core.\nn_input' using process `\vibration_core.$proc$./rtl/core/vibration_core.sv:231$6334'.
  created $dff cell `$procdff$14824' with positive edge clock.
Creating register for signal `\vibration_core.\activation_q' using process `\vibration_core.$proc$./rtl/core/vibration_core.sv:231$6334'.
  created $dff cell `$procdff$14825' with positive edge clock.
Creating register for signal `\vibration_core.\arithmetic_errors' using process `\vibration_core.$proc$./rtl/core/vibration_core.sv:231$6334'.
  created $dff cell `$procdff$14826' with positive edge clock.
Creating register for signal `\vibration_core.\count_pre' using process `\vibration_core.$proc$./rtl/core/vibration_core.sv:231$6334'.
  created $dff cell `$procdff$14827' with positive edge clock.
Creating register for signal `\vibration_core.\count_dft' using process `\vibration_core.$proc$./rtl/core/vibration_core.sv:231$6334'.
  created $dff cell `$procdff$14828' with positive edge clock.
Creating register for signal `\vibration_core.\count_power' using process `\vibration_core.$proc$./rtl/core/vibration_core.sv:231$6334'.
  created $dff cell `$procdff$14829' with positive edge clock.
Creating register for signal `\vibration_core.\count_nn' using process `\vibration_core.$proc$./rtl/core/vibration_core.sv:231$6334'.
  created $dff cell `$procdff$14830' with positive edge clock.
Creating register for signal `\vibration_core.\count_total' using process `\vibration_core.$proc$./rtl/core/vibration_core.sv:231$6334'.
  created $dff cell `$procdff$14831' with positive edge clock.
Creating register for signal `\vibration_core.\k' using process `\vibration_core.$proc$./rtl/core/vibration_core.sv:231$6334'.
  created $dff cell `$procdff$14832' with positive edge clock.
Creating register for signal `\vibration_core.\accumulator[0]' using process `\vibration_core.$proc$./rtl/core/vibration_core.sv:231$6334'.
  created $dff cell `$procdff$14833' with positive edge clock.
Creating register for signal `\vibration_core.\accumulator[1]' using process `\vibration_core.$proc$./rtl/core/vibration_core.sv:231$6334'.
  created $dff cell `$procdff$14834' with positive edge clock.
Creating register for signal `\vibration_core.\accumulator[2]' using process `\vibration_core.$proc$./rtl/core/vibration_core.sv:231$6334'.
  created $dff cell `$procdff$14835' with positive edge clock.
Creating register for signal `\vibration_core.\accumulator[3]' using process `\vibration_core.$proc$./rtl/core/vibration_core.sv:231$6334'.
  created $dff cell `$procdff$14836' with positive edge clock.
Creating register for signal `\vibration_core.\phase[0]' using process `\vibration_core.$proc$./rtl/core/vibration_core.sv:231$6334'.
  created $dff cell `$procdff$14837' with positive edge clock.
Creating register for signal `\vibration_core.\phase[1]' using process `\vibration_core.$proc$./rtl/core/vibration_core.sv:231$6334'.
  created $dff cell `$procdff$14838' with positive edge clock.
Creating register for signal `\vibration_core.\phase[2]' using process `\vibration_core.$proc$./rtl/core/vibration_core.sv:231$6334'.
  created $dff cell `$procdff$14839' with positive edge clock.
Creating register for signal `\vibration_core.\phase[3]' using process `\vibration_core.$proc$./rtl/core/vibration_core.sv:231$6334'.
  created $dff cell `$procdff$14840' with positive edge clock.
Creating register for signal `\vibration_core.$bitselwrite$pos$./rtl/core/vibration_core.sv:261$5844' using process `\vibration_core.$proc$./rtl/core/vibration_core.sv:231$6334'.
  created $dff cell `$procdff$14841' with positive edge clock.
Creating register for signal `\vibration_core.$bitselwrite$pos$./rtl/core/vibration_core.sv:280$5845' using process `\vibration_core.$proc$./rtl/core/vibration_core.sv:231$6334'.
  created $dff cell `$procdff$14842' with positive edge clock.
Creating register for signal `\vibration_core.$bitselwrite$pos$./rtl/core/vibration_core.sv:280$5846' using process `\vibration_core.$proc$./rtl/core/vibration_core.sv:231$6334'.
  created $dff cell `$procdff$14843' with positive edge clock.
Creating register for signal `\vibration_core.\rne$func$./rtl/core/vibration_core.sv:286$5847.$result' using process `\vibration_core.$proc$./rtl/core/vibration_core.sv:231$6334'.
  created $dff cell `$procdff$14844' with positive edge clock.
Creating register for signal `\vibration_core.\rne$func$./rtl/core/vibration_core.sv:286$5847.value' using process `\vibration_core.$proc$./rtl/core/vibration_core.sv:231$6334'.
  created $dff cell `$procdff$14845' with positive edge clock.
Creating register for signal `\vibration_core.\rne$func$./rtl/core/vibration_core.sv:286$5847.quotient' using process `\vibration_core.$proc$./rtl/core/vibration_core.sv:231$6334'.
  created $dff cell `$procdff$14846' with positive edge clock.
Creating register for signal `\vibration_core.\rne$func$./rtl/core/vibration_core.sv:286$5847.remainder' using process `\vibration_core.$proc$./rtl/core/vibration_core.sv:231$6334'.
  created $dff cell `$procdff$14847' with positive edge clock.
Creating register for signal `\vibration_core.\rne$func$./rtl/core/vibration_core.sv:286$5847.halfway' using process `\vibration_core.$proc$./rtl/core/vibration_core.sv:231$6334'.
  created $dff cell `$procdff$14848' with positive edge clock.
Creating register for signal `\vibration_core.\rne$func$./rtl/core/vibration_core.sv:287$5848.$result' using process `\vibration_core.$proc$./rtl/core/vibration_core.sv:231$6334'.
  created $dff cell `$procdff$14849' with positive edge clock.
Creating register for signal `\vibration_core.\rne$func$./rtl/core/vibration_core.sv:287$5848.value' using process `\vibration_core.$proc$./rtl/core/vibration_core.sv:231$6334'.
  created $dff cell `$procdff$14850' with positive edge clock.
Creating register for signal `\vibration_core.\rne$func$./rtl/core/vibration_core.sv:287$5848.quotient' using process `\vibration_core.$proc$./rtl/core/vibration_core.sv:231$6334'.
  created $dff cell `$procdff$14851' with positive edge clock.
Creating register for signal `\vibration_core.\rne$func$./rtl/core/vibration_core.sv:287$5848.remainder' using process `\vibration_core.$proc$./rtl/core/vibration_core.sv:231$6334'.
  created $dff cell `$procdff$14852' with positive edge clock.
Creating register for signal `\vibration_core.\rne$func$./rtl/core/vibration_core.sv:287$5848.halfway' using process `\vibration_core.$proc$./rtl/core/vibration_core.sv:231$6334'.
  created $dff cell `$procdff$14853' with positive edge clock.
Creating register for signal `\vibration_core.\rne$func$./rtl/core/vibration_core.sv:293$5849.$result' using process `\vibration_core.$proc$./rtl/core/vibration_core.sv:231$6334'.
  created $dff cell `$procdff$14854' with positive edge clock.
Creating register for signal `\vibration_core.\rne$func$./rtl/core/vibration_core.sv:293$5849.value' using process `\vibration_core.$proc$./rtl/core/vibration_core.sv:231$6334'.
  created $dff cell `$procdff$14855' with positive edge clock.
Creating register for signal `\vibration_core.\rne$func$./rtl/core/vibration_core.sv:293$5849.quotient' using process `\vibration_core.$proc$./rtl/core/vibration_core.sv:231$6334'.
  created $dff cell `$procdff$14856' with positive edge clock.
Creating register for signal `\vibration_core.\rne$func$./rtl/core/vibration_core.sv:293$5849.remainder' using process `\vibration_core.$proc$./rtl/core/vibration_core.sv:231$6334'.
  created $dff cell `$procdff$14857' with positive edge clock.
Creating register for signal `\vibration_core.\rne$func$./rtl/core/vibration_core.sv:293$5849.halfway' using process `\vibration_core.$proc$./rtl/core/vibration_core.sv:231$6334'.
  created $dff cell `$procdff$14858' with positive edge clock.
Creating register for signal `\vibration_core.\sat12$func$./rtl/core/vibration_core.sv:293$5850.$result' using process `\vibration_core.$proc$./rtl/core/vibration_core.sv:231$6334'.
  created $dff cell `$procdff$14859' with positive edge clock.
Creating register for signal `\vibration_core.\sat12$func$./rtl/core/vibration_core.sv:293$5850.value' using process `\vibration_core.$proc$./rtl/core/vibration_core.sv:231$6334'.
  created $dff cell `$procdff$14860' with positive edge clock.
Creating register for signal `\vibration_core.$bitselwrite$pos$./rtl/core/vibration_core.sv:294$5851' using process `\vibration_core.$proc$./rtl/core/vibration_core.sv:231$6334'.
  created $dff cell `$procdff$14861' with positive edge clock.
Creating register for signal `\vibration_core.\rne$func$./rtl/core/vibration_core.sv:313$5852.$result' using process `\vibration_core.$proc$./rtl/core/vibration_core.sv:231$6334'.
  created $dff cell `$procdff$14862' with positive edge clock.
Creating register for signal `\vibration_core.\rne$func$./rtl/core/vibration_core.sv:313$5852.value' using process `\vibration_core.$proc$./rtl/core/vibration_core.sv:231$6334'.
  created $dff cell `$procdff$14863' with positive edge clock.
Creating register for signal `\vibration_core.\rne$func$./rtl/core/vibration_core.sv:313$5852.quotient' using process `\vibration_core.$proc$./rtl/core/vibration_core.sv:231$6334'.
  created $dff cell `$procdff$14864' with positive edge clock.
Creating register for signal `\vibration_core.\rne$func$./rtl/core/vibration_core.sv:313$5852.remainder' using process `\vibration_core.$proc$./rtl/core/vibration_core.sv:231$6334'.
  created $dff cell `$procdff$14865' with positive edge clock.
Creating register for signal `\vibration_core.\rne$func$./rtl/core/vibration_core.sv:313$5852.halfway' using process `\vibration_core.$proc$./rtl/core/vibration_core.sv:231$6334'.
  created $dff cell `$procdff$14866' with positive edge clock.
Creating register for signal `\vibration_core.\sat16$func$./rtl/core/vibration_core.sv:313$5853.$result' using process `\vibration_core.$proc$./rtl/core/vibration_core.sv:231$6334'.
  created $dff cell `$procdff$14867' with positive edge clock.
Creating register for signal `\vibration_core.\sat16$func$./rtl/core/vibration_core.sv:313$5853.value' using process `\vibration_core.$proc$./rtl/core/vibration_core.sv:231$6334'.
  created $dff cell `$procdff$14868' with positive edge clock.
Creating register for signal `\vibration_core.\rne$func$./rtl/core/vibration_core.sv:314$5854.$result' using process `\vibration_core.$proc$./rtl/core/vibration_core.sv:231$6334'.
  created $dff cell `$procdff$14869' with positive edge clock.
Creating register for signal `\vibration_core.\rne$func$./rtl/core/vibration_core.sv:314$5854.value' using process `\vibration_core.$proc$./rtl/core/vibration_core.sv:231$6334'.
  created $dff cell `$procdff$14870' with positive edge clock.
Creating register for signal `\vibration_core.\rne$func$./rtl/core/vibration_core.sv:314$5854.quotient' using process `\vibration_core.$proc$./rtl/core/vibration_core.sv:231$6334'.
  created $dff cell `$procdff$14871' with positive edge clock.
Creating register for signal `\vibration_core.\rne$func$./rtl/core/vibration_core.sv:314$5854.remainder' using process `\vibration_core.$proc$./rtl/core/vibration_core.sv:231$6334'.
  created $dff cell `$procdff$14872' with positive edge clock.
Creating register for signal `\vibration_core.\rne$func$./rtl/core/vibration_core.sv:314$5854.halfway' using process `\vibration_core.$proc$./rtl/core/vibration_core.sv:231$6334'.
  created $dff cell `$procdff$14873' with positive edge clock.
Creating register for signal `\vibration_core.\sat16$func$./rtl/core/vibration_core.sv:314$5855.$result' using process `\vibration_core.$proc$./rtl/core/vibration_core.sv:231$6334'.
  created $dff cell `$procdff$14874' with positive edge clock.
Creating register for signal `\vibration_core.\sat16$func$./rtl/core/vibration_core.sv:314$5855.value' using process `\vibration_core.$proc$./rtl/core/vibration_core.sv:231$6334'.
  created $dff cell `$procdff$14875' with positive edge clock.
Creating register for signal `\vibration_core.\rne$func$./rtl/core/vibration_core.sv:316$5856.$result' using process `\vibration_core.$proc$./rtl/core/vibration_core.sv:231$6334'.
  created $dff cell `$procdff$14876' with positive edge clock.
Creating register for signal `\vibration_core.\rne$func$./rtl/core/vibration_core.sv:316$5856.value' using process `\vibration_core.$proc$./rtl/core/vibration_core.sv:231$6334'.
  created $dff cell `$procdff$14877' with positive edge clock.
Creating register for signal `\vibration_core.\rne$func$./rtl/core/vibration_core.sv:316$5856.quotient' using process `\vibration_core.$proc$./rtl/core/vibration_core.sv:231$6334'.
  created $dff cell `$procdff$14878' with positive edge clock.
Creating register for signal `\vibration_core.\rne$func$./rtl/core/vibration_core.sv:316$5856.remainder' using process `\vibration_core.$proc$./rtl/core/vibration_core.sv:231$6334'.
  created $dff cell `$procdff$14879' with positive edge clock.
Creating register for signal `\vibration_core.\rne$func$./rtl/core/vibration_core.sv:316$5856.halfway' using process `\vibration_core.$proc$./rtl/core/vibration_core.sv:231$6334'.
  created $dff cell `$procdff$14880' with positive edge clock.
Creating register for signal `\vibration_core.\sat16$func$./rtl/core/vibration_core.sv:316$5857.$result' using process `\vibration_core.$proc$./rtl/core/vibration_core.sv:231$6334'.
  created $dff cell `$procdff$14881' with positive edge clock.
Creating register for signal `\vibration_core.\sat16$func$./rtl/core/vibration_core.sv:316$5857.value' using process `\vibration_core.$proc$./rtl/core/vibration_core.sv:231$6334'.
  created $dff cell `$procdff$14882' with positive edge clock.
Creating register for signal `\vibration_core.\power_quant$func$./rtl/core/vibration_core.sv:331$5858.$result' using process `\vibration_core.$proc$./rtl/core/vibration_core.sv:231$6334'.
  created $dff cell `$procdff$14883' with positive edge clock.
Creating register for signal `\vibration_core.\power_quant$func$./rtl/core/vibration_core.sv:331$5858.value' using process `\vibration_core.$proc$./rtl/core/vibration_core.sv:231$6334'.
  created $dff cell `$procdff$14884' with positive edge clock.
Creating register for signal `\vibration_core.\power_quant$func$./rtl/core/vibration_core.sv:331$5858.shift' using process `\vibration_core.$proc$./rtl/core/vibration_core.sv:231$6334'.
  created $dff cell `$procdff$14885' with positive edge clock.
Creating register for signal `\vibration_core.\power_quant$func$./rtl/core/vibration_core.sv:331$5858.quotient' using process `\vibration_core.$proc$./rtl/core/vibration_core.sv:231$6334'.
  created $dff cell `$procdff$14886' with positive edge clock.
Creating register for signal `\vibration_core.\power_quant$func$./rtl/core/vibration_core.sv:331$5858.remainder' using process `\vibration_core.$proc$./rtl/core/vibration_core.sv:231$6334'.
  created $dff cell `$procdff$14887' with positive edge clock.
Creating register for signal `\vibration_core.\power_quant$func$./rtl/core/vibration_core.sv:331$5858.halfway' using process `\vibration_core.$proc$./rtl/core/vibration_core.sv:231$6334'.
  created $dff cell `$procdff$14888' with positive edge clock.
Creating register for signal `\vibration_core.\power_quant$func$./rtl/core/vibration_core.sv:331$5858.rounded' using process `\vibration_core.$proc$./rtl/core/vibration_core.sv:231$6334'.
  created $dff cell `$procdff$14889' with positive edge clock.
Creating register for signal `\vibration_core.\power_quant$func$./rtl/core/vibration_core.sv:332$5859.$result' using process `\vibration_core.$proc$./rtl/core/vibration_core.sv:231$6334'.
  created $dff cell `$procdff$14890' with positive edge clock.
Creating register for signal `\vibration_core.\power_quant$func$./rtl/core/vibration_core.sv:332$5859.value' using process `\vibration_core.$proc$./rtl/core/vibration_core.sv:231$6334'.
  created $dff cell `$procdff$14891' with positive edge clock.
Creating register for signal `\vibration_core.\power_quant$func$./rtl/core/vibration_core.sv:332$5859.shift' using process `\vibration_core.$proc$./rtl/core/vibration_core.sv:231$6334'.
  created $dff cell `$procdff$14892' with positive edge clock.
Creating register for signal `\vibration_core.\power_quant$func$./rtl/core/vibration_core.sv:332$5859.quotient' using process `\vibration_core.$proc$./rtl/core/vibration_core.sv:231$6334'.
  created $dff cell `$procdff$14893' with positive edge clock.
Creating register for signal `\vibration_core.\power_quant$func$./rtl/core/vibration_core.sv:332$5859.remainder' using process `\vibration_core.$proc$./rtl/core/vibration_core.sv:231$6334'.
  created $dff cell `$procdff$14894' with positive edge clock.
Creating register for signal `\vibration_core.\power_quant$func$./rtl/core/vibration_core.sv:332$5859.halfway' using process `\vibration_core.$proc$./rtl/core/vibration_core.sv:231$6334'.
  created $dff cell `$procdff$14895' with positive edge clock.
Creating register for signal `\vibration_core.\power_quant$func$./rtl/core/vibration_core.sv:332$5859.rounded' using process `\vibration_core.$proc$./rtl/core/vibration_core.sv:231$6334'.
  created $dff cell `$procdff$14896' with positive edge clock.
Creating register for signal `\vibration_core.\relu_quant$func$./rtl/core/vibration_core.sv:355$5860.$result' using process `\vibration_core.$proc$./rtl/core/vibration_core.sv:231$6334'.
  created $dff cell `$procdff$14897' with positive edge clock.
Creating register for signal `\vibration_core.\relu_quant$func$./rtl/core/vibration_core.sv:355$5860.value' using process `\vibration_core.$proc$./rtl/core/vibration_core.sv:231$6334'.
  created $dff cell `$procdff$14898' with positive edge clock.
Creating register for signal `\vibration_core.\relu_quant$func$./rtl/core/vibration_core.sv:355$5860.rounded' using process `\vibration_core.$proc$./rtl/core/vibration_core.sv:231$6334'.
  created $dff cell `$procdff$14899' with positive edge clock.
Creating register for signal `\vibration_core.\rne$func$./rtl/core/vibration_core.sv:137$5861.$result' using process `\vibration_core.$proc$./rtl/core/vibration_core.sv:231$6334'.
  created $dff cell `$procdff$14900' with positive edge clock.
Creating register for signal `\vibration_core.\rne$func$./rtl/core/vibration_core.sv:137$5861.value' using process `\vibration_core.$proc$./rtl/core/vibration_core.sv:231$6334'.
  created $dff cell `$procdff$14901' with positive edge clock.
Creating register for signal `\vibration_core.\rne$func$./rtl/core/vibration_core.sv:137$5861.quotient' using process `\vibration_core.$proc$./rtl/core/vibration_core.sv:231$6334'.
  created $dff cell `$procdff$14902' with positive edge clock.
Creating register for signal `\vibration_core.\rne$func$./rtl/core/vibration_core.sv:137$5861.remainder' using process `\vibration_core.$proc$./rtl/core/vibration_core.sv:231$6334'.
  created $dff cell `$procdff$14903' with positive edge clock.
Creating register for signal `\vibration_core.\rne$func$./rtl/core/vibration_core.sv:137$5861.halfway' using process `\vibration_core.$proc$./rtl/core/vibration_core.sv:231$6334'.
  created $dff cell `$procdff$14904' with positive edge clock.
Creating register for signal `\vibration_core.\relu_quant$func$./rtl/core/vibration_core.sv:357$5862.$result' using process `\vibration_core.$proc$./rtl/core/vibration_core.sv:231$6334'.
  created $dff cell `$procdff$14905' with positive edge clock.
Creating register for signal `\vibration_core.\relu_quant$func$./rtl/core/vibration_core.sv:357$5862.value' using process `\vibration_core.$proc$./rtl/core/vibration_core.sv:231$6334'.
  created $dff cell `$procdff$14906' with positive edge clock.
Creating register for signal `\vibration_core.\relu_quant$func$./rtl/core/vibration_core.sv:357$5862.rounded' using process `\vibration_core.$proc$./rtl/core/vibration_core.sv:231$6334'.
  created $dff cell `$procdff$14907' with positive edge clock.
Creating register for signal `\vibration_core.\rne$func$./rtl/core/vibration_core.sv:137$5863.$result' using process `\vibration_core.$proc$./rtl/core/vibration_core.sv:231$6334'.
  created $dff cell `$procdff$14908' with positive edge clock.
Creating register for signal `\vibration_core.\rne$func$./rtl/core/vibration_core.sv:137$5863.value' using process `\vibration_core.$proc$./rtl/core/vibration_core.sv:231$6334'.
  created $dff cell `$procdff$14909' with positive edge clock.
Creating register for signal `\vibration_core.\rne$func$./rtl/core/vibration_core.sv:137$5863.quotient' using process `\vibration_core.$proc$./rtl/core/vibration_core.sv:231$6334'.
  created $dff cell `$procdff$14910' with positive edge clock.
Creating register for signal `\vibration_core.\rne$func$./rtl/core/vibration_core.sv:137$5863.remainder' using process `\vibration_core.$proc$./rtl/core/vibration_core.sv:231$6334'.
  created $dff cell `$procdff$14911' with positive edge clock.
Creating register for signal `\vibration_core.\rne$func$./rtl/core/vibration_core.sv:137$5863.halfway' using process `\vibration_core.$proc$./rtl/core/vibration_core.sv:231$6334'.
  created $dff cell `$procdff$14912' with positive edge clock.
Creating register for signal `\vibration_core.$mem2reg_rd$\accumulator$./rtl/core/vibration_core.sv:313$5864_ADDR' using process `\vibration_core.$proc$./rtl/core/vibration_core.sv:231$6334'.
  created $dff cell `$procdff$14913' with positive edge clock.
Creating register for signal `\vibration_core.$mem2reg_rd$\accumulator$./rtl/core/vibration_core.sv:313$5864_DATA' using process `\vibration_core.$proc$./rtl/core/vibration_core.sv:231$6334'.
  created $dff cell `$procdff$14914' with positive edge clock.
Creating register for signal `\vibration_core.$mem2reg_rd$\accumulator$./rtl/core/vibration_core.sv:314$5865_ADDR' using process `\vibration_core.$proc$./rtl/core/vibration_core.sv:231$6334'.
  created $dff cell `$procdff$14915' with positive edge clock.
Creating register for signal `\vibration_core.$mem2reg_rd$\accumulator$./rtl/core/vibration_core.sv:314$5865_DATA' using process `\vibration_core.$proc$./rtl/core/vibration_core.sv:231$6334'.
  created $dff cell `$procdff$14916' with positive edge clock.
Creating register for signal `\vibration_core.$mem2reg_rd$\accumulator$./rtl/core/vibration_core.sv:316$5866_ADDR' using process `\vibration_core.$proc$./rtl/core/vibration_core.sv:231$6334'.
  created $dff cell `$procdff$14917' with positive edge clock.
Creating register for signal `\vibration_core.$mem2reg_rd$\accumulator$./rtl/core/vibration_core.sv:316$5866_DATA' using process `\vibration_core.$proc$./rtl/core/vibration_core.sv:231$6334'.
  created $dff cell `$procdff$14918' with positive edge clock.
Creating register for signal `\vibration_core.$mem2reg_rd$\accumulator$./rtl/core/vibration_core.sv:353$5867_ADDR' using process `\vibration_core.$proc$./rtl/core/vibration_core.sv:231$6334'.
  created $dff cell `$procdff$14919' with positive edge clock.
Creating register for signal `\vibration_core.$mem2reg_rd$\accumulator$./rtl/core/vibration_core.sv:353$5867_DATA' using process `\vibration_core.$proc$./rtl/core/vibration_core.sv:231$6334'.
  created $dff cell `$procdff$14920' with positive edge clock.
Creating register for signal `\vibration_core.$mem2reg_rd$\accumulator$./rtl/core/vibration_core.sv:353$5868_ADDR' using process `\vibration_core.$proc$./rtl/core/vibration_core.sv:231$6334'.
  created $dff cell `$procdff$14921' with positive edge clock.
Creating register for signal `\vibration_core.$mem2reg_rd$\accumulator$./rtl/core/vibration_core.sv:353$5868_DATA' using process `\vibration_core.$proc$./rtl/core/vibration_core.sv:231$6334'.
  created $dff cell `$procdff$14922' with positive edge clock.
Creating register for signal `\vibration_core.$mem2reg_rd$\accumulator$./rtl/core/vibration_core.sv:355$5869_ADDR' using process `\vibration_core.$proc$./rtl/core/vibration_core.sv:231$6334'.
  created $dff cell `$procdff$14923' with positive edge clock.
Creating register for signal `\vibration_core.$mem2reg_rd$\accumulator$./rtl/core/vibration_core.sv:355$5869_DATA' using process `\vibration_core.$proc$./rtl/core/vibration_core.sv:231$6334'.
  created $dff cell `$procdff$14924' with positive edge clock.
Creating register for signal `\vibration_core.$mem2reg_rd$\accumulator$./rtl/core/vibration_core.sv:357$5870_ADDR' using process `\vibration_core.$proc$./rtl/core/vibration_core.sv:231$6334'.
  created $dff cell `$procdff$14925' with positive edge clock.
Creating register for signal `\vibration_core.$mem2reg_rd$\accumulator$./rtl/core/vibration_core.sv:357$5870_DATA' using process `\vibration_core.$proc$./rtl/core/vibration_core.sv:231$6334'.
  created $dff cell `$procdff$14926' with positive edge clock.
Creating register for signal `\vibration_core.$mem2reg_rd$\accumulator$./rtl/core/vibration_core.sv:359$5871_ADDR' using process `\vibration_core.$proc$./rtl/core/vibration_core.sv:231$6334'.
  created $dff cell `$procdff$14927' with positive edge clock.
Creating register for signal `\vibration_core.$mem2reg_rd$\accumulator$./rtl/core/vibration_core.sv:359$5871_DATA' using process `\vibration_core.$proc$./rtl/core/vibration_core.sv:231$6334'.
  created $dff cell `$procdff$14928' with positive edge clock.
Creating register for signal `\vibration_core.$mem2reg_rd$\accumulator$./rtl/core/vibration_core.sv:360$5872_ADDR' using process `\vibration_core.$proc$./rtl/core/vibration_core.sv:231$6334'.
  created $dff cell `$procdff$14929' with positive edge clock.
Creating register for signal `\vibration_core.$mem2reg_rd$\accumulator$./rtl/core/vibration_core.sv:360$5872_DATA' using process `\vibration_core.$proc$./rtl/core/vibration_core.sv:231$6334'.
  created $dff cell `$procdff$14930' with positive edge clock.
Creating register for signal `\vibration_core.$memwr$\logits$./rtl/core/vibration_core.sv:243$5876_EN' using process `\vibration_core.$proc$./rtl/core/vibration_core.sv:231$6334'.
  created $dff cell `$procdff$14931' with positive edge clock.
Creating register for signal `\vibration_core.$memwr$\logits$./rtl/core/vibration_core.sv:243$5877_EN' using process `\vibration_core.$proc$./rtl/core/vibration_core.sv:231$6334'.
  created $dff cell `$procdff$14932' with positive edge clock.
Creating register for signal `\vibration_core.$memwr$\logits$./rtl/core/vibration_core.sv:243$5878_EN' using process `\vibration_core.$proc$./rtl/core/vibration_core.sv:231$6334'.
  created $dff cell `$procdff$14933' with positive edge clock.
Creating register for signal `\vibration_core.$memwr$\frame_ids$./rtl/core/vibration_core.sv:261$5879_ADDR' using process `\vibration_core.$proc$./rtl/core/vibration_core.sv:231$6334'.
  created $dff cell `$procdff$14934' with positive edge clock.
Creating register for signal `\vibration_core.$memwr$\frame_ids$./rtl/core/vibration_core.sv:261$5879_DATA' using process `\vibration_core.$proc$./rtl/core/vibration_core.sv:231$6334'.
  created $dff cell `$procdff$14935' with positive edge clock.
Creating register for signal `\vibration_core.$memwr$\frame_ids$./rtl/core/vibration_core.sv:261$5879_EN' using process `\vibration_core.$proc$./rtl/core/vibration_core.sv:231$6334'.
  created $dff cell `$procdff$14936' with positive edge clock.
Creating register for signal `\vibration_core.$memwr$\frame_sums$./rtl/core/vibration_core.sv:262$5880_ADDR' using process `\vibration_core.$proc$./rtl/core/vibration_core.sv:231$6334'.
  created $dff cell `$procdff$14937' with positive edge clock.
Creating register for signal `\vibration_core.$memwr$\frame_sums$./rtl/core/vibration_core.sv:262$5880_DATA' using process `\vibration_core.$proc$./rtl/core/vibration_core.sv:231$6334'.
  created $dff cell `$procdff$14938' with positive edge clock.
Creating register for signal `\vibration_core.$memwr$\frame_sums$./rtl/core/vibration_core.sv:262$5880_EN' using process `\vibration_core.$proc$./rtl/core/vibration_core.sv:231$6334'.
  created $dff cell `$procdff$14939' with positive edge clock.
Creating register for signal `\vibration_core.$memwr$\imag_part$./rtl/core/vibration_core.sv:313$5881_ADDR' using process `\vibration_core.$proc$./rtl/core/vibration_core.sv:231$6334'.
  created $dff cell `$procdff$14940' with positive edge clock.
Creating register for signal `\vibration_core.$memwr$\imag_part$./rtl/core/vibration_core.sv:313$5881_DATA' using process `\vibration_core.$proc$./rtl/core/vibration_core.sv:231$6334'.
  created $dff cell `$procdff$14941' with positive edge clock.
Creating register for signal `\vibration_core.$memwr$\imag_part$./rtl/core/vibration_core.sv:313$5881_EN' using process `\vibration_core.$proc$./rtl/core/vibration_core.sv:231$6334'.
  created $dff cell `$procdff$14942' with positive edge clock.
Creating register for signal `\vibration_core.$memwr$\real_part$./rtl/core/vibration_core.sv:314$5882_ADDR' using process `\vibration_core.$proc$./rtl/core/vibration_core.sv:231$6334'.
  created $dff cell `$procdff$14943' with positive edge clock.
Creating register for signal `\vibration_core.$memwr$\real_part$./rtl/core/vibration_core.sv:314$5882_DATA' using process `\vibration_core.$proc$./rtl/core/vibration_core.sv:231$6334'.
  created $dff cell `$procdff$14944' with positive edge clock.
Creating register for signal `\vibration_core.$memwr$\real_part$./rtl/core/vibration_core.sv:314$5882_EN' using process `\vibration_core.$proc$./rtl/core/vibration_core.sv:231$6334'.
  created $dff cell `$procdff$14945' with positive edge clock.
Creating register for signal `\vibration_core.$memwr$\features$./rtl/core/vibration_core.sv:331$5883_ADDR' using process `\vibration_core.$proc$./rtl/core/vibration_core.sv:231$6334'.
  created $dff cell `$procdff$14946' with positive edge clock.
Creating register for signal `\vibration_core.$memwr$\features$./rtl/core/vibration_core.sv:331$5883_DATA' using process `\vibration_core.$proc$./rtl/core/vibration_core.sv:231$6334'.
  created $dff cell `$procdff$14947' with positive edge clock.
Creating register for signal `\vibration_core.$memwr$\features$./rtl/core/vibration_core.sv:331$5883_EN' using process `\vibration_core.$proc$./rtl/core/vibration_core.sv:231$6334'.
  created $dff cell `$procdff$14948' with positive edge clock.
Creating register for signal `\vibration_core.$memwr$\hidden$./rtl/core/vibration_core.sv:355$5884_ADDR' using process `\vibration_core.$proc$./rtl/core/vibration_core.sv:231$6334'.
  created $dff cell `$procdff$14949' with positive edge clock.
Creating register for signal `\vibration_core.$memwr$\hidden$./rtl/core/vibration_core.sv:355$5884_DATA' using process `\vibration_core.$proc$./rtl/core/vibration_core.sv:231$6334'.
  created $dff cell `$procdff$14950' with positive edge clock.
Creating register for signal `\vibration_core.$memwr$\hidden$./rtl/core/vibration_core.sv:355$5884_EN' using process `\vibration_core.$proc$./rtl/core/vibration_core.sv:231$6334'.
  created $dff cell `$procdff$14951' with positive edge clock.
Creating register for signal `\vibration_core.$memwr$\logits$./rtl/core/vibration_core.sv:359$5885_ADDR' using process `\vibration_core.$proc$./rtl/core/vibration_core.sv:231$6334'.
  created $dff cell `$procdff$14952' with positive edge clock.
Creating register for signal `\vibration_core.$memwr$\logits$./rtl/core/vibration_core.sv:359$5885_DATA' using process `\vibration_core.$proc$./rtl/core/vibration_core.sv:231$6334'.
  created $dff cell `$procdff$14953' with positive edge clock.
Creating register for signal `\vibration_core.$memwr$\logits$./rtl/core/vibration_core.sv:359$5885_EN' using process `\vibration_core.$proc$./rtl/core/vibration_core.sv:231$6334'.
  created $dff cell `$procdff$14954' with positive edge clock.
Creating register for signal `\vibration_core.$lookahead\full$6332' using process `\vibration_core.$proc$./rtl/core/vibration_core.sv:231$6334'.
  created $dff cell `$procdff$14955' with positive edge clock.
Creating register for signal `\vibration_core.$lookahead\busy$6333' using process `\vibration_core.$proc$./rtl/core/vibration_core.sv:231$6334'.
  created $dff cell `$procdff$14956' with positive edge clock.
Creating register for signal `\vibration_core.\raw_q' using process `\vibration_core.$proc$./rtl/core/vibration_core.sv:217$6260'.
  created $dff cell `$procdff$14957' with positive edge clock.
Creating register for signal `\vibration_core.\hann_q' using process `\vibration_core.$proc$./rtl/core/vibration_core.sv:217$6260'.
  created $dff cell `$procdff$14958' with positive edge clock.
Creating register for signal `\vibration_core.\sample_q' using process `\vibration_core.$proc$./rtl/core/vibration_core.sv:217$6260'.
  created $dff cell `$procdff$14959' with positive edge clock.
Creating register for signal `\vibration_core.\rne$func$./rtl/core/vibration_core.sv:226$5842.$result' using process `\vibration_core.$proc$./rtl/core/vibration_core.sv:217$6260'.
  created $dff cell `$procdff$14960' with positive edge clock.
Creating register for signal `\vibration_core.\rne$func$./rtl/core/vibration_core.sv:226$5842.value' using process `\vibration_core.$proc$./rtl/core/vibration_core.sv:217$6260'.
  created $dff cell `$procdff$14961' with positive edge clock.
Creating register for signal `\vibration_core.\rne$func$./rtl/core/vibration_core.sv:226$5842.quotient' using process `\vibration_core.$proc$./rtl/core/vibration_core.sv:217$6260'.
  created $dff cell `$procdff$14962' with positive edge clock.
Creating register for signal `\vibration_core.\rne$func$./rtl/core/vibration_core.sv:226$5842.remainder' using process `\vibration_core.$proc$./rtl/core/vibration_core.sv:217$6260'.
  created $dff cell `$procdff$14963' with positive edge clock.
Creating register for signal `\vibration_core.\rne$func$./rtl/core/vibration_core.sv:226$5842.halfway' using process `\vibration_core.$proc$./rtl/core/vibration_core.sv:217$6260'.
  created $dff cell `$procdff$14964' with positive edge clock.
Creating register for signal `\vibration_core.\sat12$func$./rtl/core/vibration_core.sv:226$5843.$result' using process `\vibration_core.$proc$./rtl/core/vibration_core.sv:217$6260'.
  created $dff cell `$procdff$14965' with positive edge clock.
Creating register for signal `\vibration_core.\sat12$func$./rtl/core/vibration_core.sv:226$5843.value' using process `\vibration_core.$proc$./rtl/core/vibration_core.sv:217$6260'.
  created $dff cell `$procdff$14966' with positive edge clock.
Creating register for signal `\vibration_core.$memwr$\raw1$./rtl/core/vibration_core.sv:219$5873_ADDR' using process `\vibration_core.$proc$./rtl/core/vibration_core.sv:217$6260'.
  created $dff cell `$procdff$14967' with positive edge clock.
Creating register for signal `\vibration_core.$memwr$\raw1$./rtl/core/vibration_core.sv:219$5873_DATA' using process `\vibration_core.$proc$./rtl/core/vibration_core.sv:217$6260'.
  created $dff cell `$procdff$14968' with positive edge clock.
Creating register for signal `\vibration_core.$memwr$\raw1$./rtl/core/vibration_core.sv:219$5873_EN' using process `\vibration_core.$proc$./rtl/core/vibration_core.sv:217$6260'.
  created $dff cell `$procdff$14969' with positive edge clock.
Creating register for signal `\vibration_core.$memwr$\raw0$./rtl/core/vibration_core.sv:220$5874_ADDR' using process `\vibration_core.$proc$./rtl/core/vibration_core.sv:217$6260'.
  created $dff cell `$procdff$14970' with positive edge clock.
Creating register for signal `\vibration_core.$memwr$\raw0$./rtl/core/vibration_core.sv:220$5874_DATA' using process `\vibration_core.$proc$./rtl/core/vibration_core.sv:217$6260'.
  created $dff cell `$procdff$14971' with positive edge clock.
Creating register for signal `\vibration_core.$memwr$\raw0$./rtl/core/vibration_core.sv:220$5874_EN' using process `\vibration_core.$proc$./rtl/core/vibration_core.sv:217$6260'.
  created $dff cell `$procdff$14972' with positive edge clock.
Creating register for signal `\vibration_core.$memwr$\windowed$./rtl/core/vibration_core.sv:226$5875_ADDR' using process `\vibration_core.$proc$./rtl/core/vibration_core.sv:217$6260'.
  created $dff cell `$procdff$14973' with positive edge clock.
Creating register for signal `\vibration_core.$memwr$\windowed$./rtl/core/vibration_core.sv:226$5875_DATA' using process `\vibration_core.$proc$./rtl/core/vibration_core.sv:217$6260'.
  created $dff cell `$procdff$14974' with positive edge clock.
Creating register for signal `\vibration_core.$memwr$\windowed$./rtl/core/vibration_core.sv:226$5875_EN' using process `\vibration_core.$proc$./rtl/core/vibration_core.sv:217$6260'.
  created $dff cell `$procdff$14975' with positive edge clock.
Creating register for signal `$paramod$491cb2a41e978ebfd6f1c12df852b1b539f705dc\vib_coeff_rom.\magnitude' using process `$paramod$491cb2a41e978ebfd6f1c12df852b1b539f705dc\vib_coeff_rom.$proc$./rtl/core/vib_coeff_rom.sv:21$5816'.
  created $dff cell `$procdff$14976' with positive edge clock.
Creating register for signal `$paramod$491cb2a41e978ebfd6f1c12df852b1b539f705dc\vib_coeff_rom.\negative' using process `$paramod$491cb2a41e978ebfd6f1c12df852b1b539f705dc\vib_coeff_rom.$proc$./rtl/core/vib_coeff_rom.sv:21$5816'.
  created $dff cell `$procdff$14977' with positive edge clock.
Creating register for signal `$paramod$491cb2a41e978ebfd6f1c12df852b1b539f705dc\vib_coeff_rom.\is_zero' using process `$paramod$491cb2a41e978ebfd6f1c12df852b1b539f705dc\vib_coeff_rom.$proc$./rtl/core/vib_coeff_rom.sv:21$5816'.
  created $dff cell `$procdff$14978' with positive edge clock.

4.4.10. Executing PROC_MEMWR pass (convert process memory writes to cells).

4.4.11. Executing PROC_CLEAN pass (remove empty switches from decision trees).
Removing empty process `vibration_core.$proc$./rtl/core/vibration_core.sv:172$8056'.
Removing empty process `vibration_core.$proc$./rtl/core/vibration_core.sv:172$7783'.
Removing empty process `vibration_core.$proc$./rtl/core/vibration_core.sv:172$7510'.
Removing empty process `vibration_core.$proc$./rtl/core/vibration_core.sv:172$8329'.
Removing empty process `vibration_core.$proc$./rtl/core/vibration_core.sv:189$7188'.
Removing empty process `vibration_core.$proc$./rtl/core/vibration_core.sv:164$7187'.
Removing empty process `vibration_core.$proc$./rtl/core/vibration_core.sv:189$7186'.
Removing empty process `vibration_core.$proc$./rtl/core/vibration_core.sv:164$7185'.
Removing empty process `vibration_core.$proc$./rtl/core/vibration_core.sv:189$7184'.
Removing empty process `vibration_core.$proc$./rtl/core/vibration_core.sv:164$7183'.
Removing empty process `vibration_core.$proc$./rtl/core/vibration_core.sv:189$7182'.
Removing empty process `vibration_core.$proc$./rtl/core/vibration_core.sv:164$7181'.
Found and cleaned up 2 empty switches in `\vibration_core.$proc$./rtl/core/vibration_core.sv:184$7177'.
Removing empty process `vibration_core.$proc$./rtl/core/vibration_core.sv:184$7177'.
Found and cleaned up 2 empty switches in `\vibration_core.$proc$./rtl/core/vibration_core.sv:184$7170'.
Removing empty process `vibration_core.$proc$./rtl/core/vibration_core.sv:184$7170'.
Found and cleaned up 2 empty switches in `\vibration_core.$proc$./rtl/core/vibration_core.sv:184$7163'.
Removing empty process `vibration_core.$proc$./rtl/core/vibration_core.sv:184$7163'.
Found and cleaned up 2 empty switches in `\vibration_core.$proc$./rtl/core/vibration_core.sv:184$7156'.
Removing empty process `vibration_core.$proc$./rtl/core/vibration_core.sv:184$7156'.
Found and cleaned up 71 empty switches in `\vibration_core.$proc$./rtl/core/vibration_core.sv:231$6334'.
Removing empty process `vibration_core.$proc$./rtl/core/vibration_core.sv:231$6334'.
Found and cleaned up 7 empty switches in `\vibration_core.$proc$./rtl/core/vibration_core.sv:217$6260'.
Removing empty process `vibration_core.$proc$./rtl/core/vibration_core.sv:217$6260'.
Found and cleaned up 3 empty switches in `\vibration_core.$proc$./rtl/core/vibration_core.sv:193$6225'.
Removing empty process `vibration_core.$proc$./rtl/core/vibration_core.sv:193$6225'.
Found and cleaned up 1 empty switch in `$paramod$491cb2a41e978ebfd6f1c12df852b1b539f705dc\vib_coeff_rom.$proc$./rtl/core/vib_coeff_rom.sv:21$5816'.
Removing empty process `$paramod$491cb2a41e978ebfd6f1c12df852b1b539f705dc\vib_coeff_rom.$proc$./rtl/core/vib_coeff_rom.sv:21$5816'.
Cleaned up 90 empty switches.

4.4.12. Executing OPT_EXPR pass (perform const folding).
Optimizing module vibration_core.
<suppressed ~132 debug messages>
Optimizing module $paramod$491cb2a41e978ebfd6f1c12df852b1b539f705dc\vib_coeff_rom.
<suppressed ~1 debug messages>

4.5. Executing CHECK pass (checking for obvious problems).
Checking module vibration_core...
Checking module $paramod$491cb2a41e978ebfd6f1c12df852b1b539f705dc\vib_coeff_rom...
Found and reported 0 problems.

4.6. Executing FLATTEN pass (flatten design).
Deleting now unused module $paramod$491cb2a41e978ebfd6f1c12df852b1b539f705dc\vib_coeff_rom.
<suppressed ~4 debug messages>

4.7. Executing TRIBUF pass.

4.8. Executing DEMINOUT pass (demote inout ports to input or output).

4.9. Executing OPT_EXPR pass (perform const folding).
Optimizing module vibration_core.
<suppressed ~13 debug messages>

4.10. Executing OPT_CLEAN pass (remove unused cells and wires).
Finding unused cells or wires in module \vibration_core..
Removed 891 unused cells and 3909 unused wires.
<suppressed ~958 debug messages>

4.11. Executing CHECK pass (checking for obvious problems).
Checking module vibration_core...
Found and reported 0 problems.

4.12. Executing OPT pass (performing simple optimizations).

4.12.1. Executing OPT_EXPR pass (perform const folding).
Optimizing module vibration_core.

4.12.2. Executing OPT_MERGE pass (detect identical cells).
Finding identical cells in module `\vibration_core'.
Computing hashes of 1980 cells of `\vibration_core'.
Finding duplicate cells in `\vibration_core'.
Computing hashes of 1698 cells of `\vibration_core'.
Finding duplicate cells in `\vibration_core'.
Computing hashes of 1687 cells of `\vibration_core'.
Finding duplicate cells in `\vibration_core'.
Computing hashes of 1682 cells of `\vibration_core'.
Finding duplicate cells in `\vibration_core'.
Computing hashes of 1679 cells of `\vibration_core'.
Finding duplicate cells in `\vibration_core'.
Computing hashes of 1676 cells of `\vibration_core'.
Finding duplicate cells in `\vibration_core'.
Computing hashes of 1675 cells of `\vibration_core'.
Finding duplicate cells in `\vibration_core'.
Computing hashes of 1674 cells of `\vibration_core'.
Finding duplicate cells in `\vibration_core'.
Computing hashes of 1673 cells of `\vibration_core'.
Finding duplicate cells in `\vibration_core'.
<suppressed ~921 debug messages>
Removed a total of 307 cells.

4.12.3. Executing OPT_MUXTREE pass (detect dead branches in mux trees).
Running muxtree optimizer on module \vibration_core..
  Creating internal representation of mux trees.
  Evaluating internal representation of mux trees.
      Replacing known input bits on port A of cell $procmux$14177: \draining -> 1'1
      Replacing known input bits on port B of cell $procmux$14174: \draining -> 1'0
      Replacing known input bits on port A of cell $procmux$14171: \draining -> 1'0
  Analyzing evaluation results.
    dead port 1/2 on $mux $procmux$11294.
    dead port 1/2 on $mux $procmux$11276.
    dead port 1/2 on $mux $procmux$11258.
    dead port 1/2 on $mux $procmux$11245.
    dead port 2/2 on $mux $procmux$12757.
    dead port 1/2 on $mux $procmux$11232.
    dead port 1/2 on $mux $procmux$11219.
    dead port 1/2 on $mux $procmux$11211.
    dead port 1/2 on $mux $procmux$11203.
    dead port 1/2 on $mux $procmux$11195.
    dead port 1/2 on $mux $procmux$11187.
    dead port 1/2 on $mux $procmux$11179.
    dead port 1/2 on $mux $procmux$11117.
    dead port 1/2 on $mux $procmux$11090.
    dead port 1/2 on $mux $procmux$11036.
    dead port 2/2 on $mux $procmux$11033.
    dead port 1/2 on $mux $procmux$10976.
    dead port 2/2 on $mux $procmux$10973.
    dead port 1/2 on $mux $procmux$14512.
    dead port 2/2 on $mux $procmux$14514.
    dead port 2/2 on $mux $procmux$14520.
    dead port 1/2 on $mux $procmux$10868.
    dead port 2/2 on $mux $procmux$10865.
    dead port 1/2 on $mux $procmux$10764.
    dead port 2/2 on $mux $procmux$10761.
    dead port 2/2 on $mux $procmux$14568.
    dead port 2/2 on $mux $procmux$14574.
    dead port 2/2 on $mux $procmux$14580.
    dead port 1/2 on $mux $procmux$12750.
    dead port 1/2 on $mux $procmux$10646.
    dead port 2/2 on $mux $procmux$10643.
    dead port 1/2 on $mux $procmux$10620.
    dead port 2/2 on $mux $procmux$10617.
    dead port 2/2 on $mux $procmux$12747.
    dead port 1/2 on $mux $procmux$10615.
    dead port 2/2 on $mux $procmux$14586.
    dead port 2/2 on $mux $procmux$14592.
    dead port 1/2 on $mux $procmux$10565.
    dead port 2/2 on $mux $procmux$10562.
    dead port 2/2 on $mux $procmux$14598.
    dead port 1/2 on $mux $procmux$14633.
    dead port 2/2 on $mux $procmux$14635.
    dead port 2/2 on $mux $procmux$14645.
    dead port 1/2 on $mux $procmux$12745.
    dead port 1/2 on $mux $procmux$12742.
    dead port 1/2 on $mux $procmux$10350.
    dead port 2/2 on $mux $procmux$10347.
    dead port 1/2 on $mux $procmux$10329.
    dead port 2/2 on $mux $procmux$10326.
    dead port 2/2 on $mux $procmux$12739.
    dead port 1/2 on $mux $procmux$10308.
    dead port 2/2 on $mux $procmux$10305.
    dead port 1/2 on $mux $procmux$12732.
    dead port 2/2 on $mux $procmux$12729.
    dead port 1/2 on $mux $procmux$12727.
    dead port 1/2 on $mux $procmux$12724.
    dead port 1/2 on $mux $procmux$10098.
    dead port 2/2 on $mux $procmux$10095.
    dead port 1/2 on $mux $procmux$10077.
    dead port 2/2 on $mux $procmux$10074.
    dead port 2/2 on $mux $procmux$12721.
    dead port 1/2 on $mux $procmux$10056.
    dead port 2/2 on $mux $procmux$10053.
    dead port 1/2 on $mux $procmux$9921.
    dead port 2/2 on $mux $procmux$9918.
    dead port 2/2 on $mux $procmux$9916.
    dead port 1/2 on $mux $procmux$9897.
    dead port 2/2 on $mux $procmux$9894.
    dead port 2/2 on $mux $procmux$9892.
    dead port 1/2 on $mux $procmux$9890.
    dead port 1/2 on $mux $procmux$9756.
    dead port 2/2 on $mux $procmux$9753.
    dead port 1/2 on $mux $procmux$9751.
    dead port 1/2 on $mux $procmux$9732.
    dead port 2/2 on $mux $procmux$9729.
    dead port 1/2 on $mux $procmux$9727.
    dead port 1/2 on $mux $procmux$9724.
    dead port 1/2 on $mux $procmux$9606.
    dead port 2/2 on $mux $procmux$9603.
    dead port 1/2 on $mux $procmux$9585.
    dead port 2/2 on $mux $procmux$9582.
    dead port 1/2 on $mux $procmux$9580.
    dead port 1/2 on $mux $procmux$9440.
    dead port 2/2 on $mux $procmux$9437.
    dead port 1/2 on $mux $procmux$9435.
    dead port 1/2 on $mux $procmux$13188.
    dead port 1/2 on $mux $procmux$13182.
    dead port 1/2 on $mux $procmux$13176.
    dead port 1/2 on $mux $procmux$13170.
    dead port 1/2 on $mux $procmux$13164.
    dead port 1/2 on $mux $procmux$13158.
    dead port 1/2 on $mux $procmux$13137.
    dead port 2/2 on $mux $procmux$13134.
    dead port 1/2 on $mux $procmux$13128.
    dead port 2/2 on $mux $procmux$13125.
    dead port 1/2 on $mux $procmux$9300.
    dead port 2/2 on $mux $procmux$9297.
    dead port 1/2 on $mux $procmux$9295.
    dead port 1/2 on $mux $procmux$13119.
    dead port 2/2 on $mux $procmux$13116.
    dead port 1/2 on $mux $procmux$13110.
    dead port 2/2 on $mux $procmux$13107.
    dead port 1/2 on $mux $procmux$13101.
    dead port 2/2 on $mux $procmux$13098.
    dead port 1/2 on $mux $procmux$13092.
    dead port 2/2 on $mux $procmux$13089.
    dead port 1/2 on $mux $procmux$13083.
    dead port 2/2 on $mux $procmux$13080.
    dead port 1/2 on $mux $procmux$9180.
    dead port 2/2 on $mux $procmux$9177.
    dead port 1/2 on $mux $procmux$9169.
    dead port 2/2 on $mux $procmux$9166.
    dead port 1/2 on $mux $procmux$9158.
    dead port 2/2 on $mux $procmux$9155.
    dead port 1/2 on $mux $procmux$13062.
    dead port 2/2 on $mux $procmux$13059.
    dead port 1/2 on $mux $procmux$13057.
    dead port 1/2 on $mux $procmux$13050.
    dead port 2/2 on $mux $procmux$13047.
    dead port 1/2 on $mux $procmux$13045.
    dead port 1/2 on $mux $procmux$13038.
    dead port 2/2 on $mux $procmux$13035.
    dead port 1/2 on $mux $procmux$13033.
    dead port 1/2 on $mux $procmux$13026.
    dead port 2/2 on $mux $procmux$13023.
    dead port 1/2 on $mux $procmux$13021.
    dead port 1/2 on $mux $procmux$13014.
    dead port 2/2 on $mux $procmux$13011.
    dead port 1/2 on $mux $procmux$13009.
    dead port 1/2 on $mux $procmux$13002.
    dead port 2/2 on $mux $procmux$12999.
    dead port 1/2 on $mux $procmux$12997.
    dead port 1/2 on $mux $procmux$12990.
    dead port 2/2 on $mux $procmux$12987.
    dead port 1/2 on $mux $procmux$12985.
    dead port 1/2 on $mux $procmux$12963.
    dead port 2/2 on $mux $procmux$12960.
    dead port 1/2 on $mux $procmux$12958.
    dead port 1/2 on $mux $procmux$9037.
    dead port 2/2 on $mux $procmux$9034.
    dead port 1/2 on $mux $procmux$9026.
    dead port 2/2 on $mux $procmux$9023.
    dead port 1/2 on $mux $procmux$9015.
    dead port 2/2 on $mux $procmux$9012.
    dead port 1/2 on $mux $procmux$12955.
    dead port 1/2 on $mux $procmux$12948.
    dead port 2/2 on $mux $procmux$12945.
    dead port 1/2 on $mux $procmux$12943.
    dead port 1/2 on $mux $procmux$12940.
    dead port 1/2 on $mux $procmux$12933.
    dead port 2/2 on $mux $procmux$12930.
    dead port 1/2 on $mux $procmux$12928.
    dead port 1/2 on $mux $procmux$12925.
    dead port 1/2 on $mux $procmux$12918.
    dead port 2/2 on $mux $procmux$12915.
    dead port 1/2 on $mux $procmux$12913.
    dead port 1/2 on $mux $procmux$12910.
    dead port 1/2 on $mux $procmux$12903.
    dead port 2/2 on $mux $procmux$12900.
    dead port 1/2 on $mux $procmux$12898.
    dead port 1/2 on $mux $procmux$12895.
    dead port 1/2 on $mux $procmux$12888.
    dead port 2/2 on $mux $procmux$12885.
    dead port 1/2 on $mux $procmux$12883.
    dead port 1/2 on $mux $procmux$12880.
    dead port 1/2 on $mux $procmux$12873.
    dead port 2/2 on $mux $procmux$12870.
    dead port 1/2 on $mux $procmux$8830.
    dead port 2/2 on $mux $procmux$8827.
    dead port 1/2 on $mux $procmux$8825.
    dead port 1/2 on $mux $procmux$8816.
    dead port 2/2 on $mux $procmux$8813.
    dead port 1/2 on $mux $procmux$8811.
    dead port 1/2 on $mux $procmux$8809.
    dead port 1/2 on $mux $procmux$8735.
    dead port 2/2 on $mux $procmux$8732.
    dead port 1/2 on $mux $procmux$8730.
    dead port 1/2 on $mux $procmux$8721.
    dead port 2/2 on $mux $procmux$8718.
    dead port 1/2 on $mux $procmux$8716.
    dead port 1/2 on $mux $procmux$8714.
    dead port 1/2 on $mux $procmux$8676.
    dead port 2/2 on $mux $procmux$8673.
    dead port 2/2 on $mux $procmux$8671.
    dead port 1/2 on $mux $procmux$8662.
    dead port 2/2 on $mux $procmux$8659.
    dead port 2/2 on $mux $procmux$8657.
    dead port 1/2 on $mux $procmux$8648.
    dead port 2/2 on $mux $procmux$8645.
    dead port 2/2 on $mux $procmux$8643.
    dead port 1/2 on $mux $procmux$8606.
    dead port 2/2 on $mux $procmux$8603.
    dead port 2/2 on $mux $procmux$8601.
    dead port 2/2 on $mux $procmux$8598.
    dead port 1/2 on $mux $procmux$12799.
    dead port 1/2 on $mux $procmux$8587.
    dead port 2/2 on $mux $procmux$8584.
    dead port 2/2 on $mux $procmux$8582.
    dead port 2/2 on $mux $procmux$8579.
    dead port 1/2 on $mux $procmux$12796.
    dead port 2/2 on $mux $procmux$12793.
    dead port 1/2 on $mux $procmux$12786.
    dead port 1/2 on $mux $procmux$12868.
    dead port 1/2 on $mux $procmux$12865.
    dead port 2/2 on $mux $procmux$12783.
    dead port 1/2 on $mux $procmux$12781.
    dead port 1/2 on $mux $procmux$11312.
    dead port 1/2 on $mux $procmux$11330.
    dead port 1/2 on $mux $procmux$11348.
    dead port 1/2 on $mux $procmux$12763.
    dead port 1/2 on $mux $procmux$12778.
    dead port 2/2 on $mux $procmux$12775.
    dead port 1/2 on $mux $procmux$12840.
    dead port 2/2 on $mux $procmux$12837.
    dead port 1/2 on $mux $procmux$12835.
    dead port 1/2 on $mux $procmux$12832.
    dead port 2/2 on $mux $procmux$12829.
    dead port 1/2 on $mux $procmux$12822.
    dead port 1/2 on $mux $procmux$12768.
    dead port 2/2 on $mux $procmux$12819.
    dead port 1/2 on $mux $procmux$12817.
    dead port 1/2 on $mux $procmux$12814.
    dead port 2/2 on $mux $procmux$12811.
    dead port 1/2 on $mux $procmux$12804.
    dead port 2/2 on $mux $procmux$12765.
    dead port 2/2 on $mux $procmux$12801.
    dead port 1/2 on $mux $procmux$12760.
    dead port 1/2 on $mux $procmux$11366.
Removed 228 multiplexer ports.
<suppressed ~815 debug messages>

4.12.4. Executing OPT_REDUCE pass (consolidate $*mux and $reduce_* inputs).
  Optimizing cells in module \vibration_core.
    Consolidated identical input bits for $mux cell $procmux$12719:
      Old ports: A=26'00000000000000000000000000, B=26'11111111111111111111111111, Y=$procmux$12719_Y
      New ports: A=1'0, B=1'1, Y=$procmux$12719_Y [0]
      New connections: $procmux$12719_Y [25:1] = { $procmux$12719_Y [0] $procmux$12719_Y [0] $procmux$12719_Y [0] $procmux$12719_Y [0] $procmux$12719_Y [0] $procmux$12719_Y [0] $procmux$12719_Y [0] $procmux$12719_Y [0] $procmux$12719_Y [0] $procmux$12719_Y [0] $procmux$12719_Y [0] $procmux$12719_Y [0] $procmux$12719_Y [0] $procmux$12719_Y [0] $procmux$12719_Y [0] $procmux$12719_Y [0] $procmux$12719_Y [0] $procmux$12719_Y [0] $procmux$12719_Y [0] $procmux$12719_Y [0] $procmux$12719_Y [0] $procmux$12719_Y [0] $procmux$12719_Y [0] $procmux$12719_Y [0] $procmux$12719_Y [0] }
    New ctrl vector for $pmux cell $procmux$13650: { $auto$opt_reduce.cc:137:opt_pmux$14997 $procmux$13658_CMP $procmux$13660_CMP }
    Consolidated identical input bits for $mux cell $procmux$14535:
      Old ports: A=16'0000000000000000, B=16'1111111111111111, Y=$0$memwr$\windowed$./rtl/core/vibration_core.sv:226$5875_EN[15:0]$6276
      New ports: A=1'0, B=1'1, Y=$0$memwr$\windowed$./rtl/core/vibration_core.sv:226$5875_EN[15:0]$6276 [0]
      New connections: $0$memwr$\windowed$./rtl/core/vibration_core.sv:226$5875_EN[15:0]$6276 [15:1] = { $0$memwr$\windowed$./rtl/core/vibration_core.sv:226$5875_EN[15:0]$6276 [0] $0$memwr$\windowed$./rtl/core/vibration_core.sv:226$5875_EN[15:0]$6276 [0] $0$memwr$\windowed$./rtl/core/vibration_core.sv:226$5875_EN[15:0]$6276 [0] $0$memwr$\windowed$./rtl/core/vibration_core.sv:226$5875_EN[15:0]$6276 [0] $0$memwr$\windowed$./rtl/core/vibration_core.sv:226$5875_EN[15:0]$6276 [0] $0$memwr$\windowed$./rtl/core/vibration_core.sv:226$5875_EN[15:0]$6276 [0] $0$memwr$\windowed$./rtl/core/vibration_core.sv:226$5875_EN[15:0]$6276 [0] $0$memwr$\windowed$./rtl/core/vibration_core.sv:226$5875_EN[15:0]$6276 [0] $0$memwr$\windowed$./rtl/core/vibration_core.sv:226$5875_EN[15:0]$6276 [0] $0$memwr$\windowed$./rtl/core/vibration_core.sv:226$5875_EN[15:0]$6276 [0] $0$memwr$\windowed$./rtl/core/vibration_core.sv:226$5875_EN[15:0]$6276 [0] $0$memwr$\windowed$./rtl/core/vibration_core.sv:226$5875_EN[15:0]$6276 [0] $0$memwr$\windowed$./rtl/core/vibration_core.sv:226$5875_EN[15:0]$6276 [0] $0$memwr$\windowed$./rtl/core/vibration_core.sv:226$5875_EN[15:0]$6276 [0] $0$memwr$\windowed$./rtl/core/vibration_core.sv:226$5875_EN[15:0]$6276 [0] }
    Consolidated identical input bits for $mux cell $procmux$14566:
      Old ports: A=16'0000000000000000, B=16'1111111111111111, Y=$procmux$14566_Y
      New ports: A=1'0, B=1'1, Y=$procmux$14566_Y [0]
      New connections: $procmux$14566_Y [15:1] = { $procmux$14566_Y [0] $procmux$14566_Y [0] $procmux$14566_Y [0] $procmux$14566_Y [0] $procmux$14566_Y [0] $procmux$14566_Y [0] $procmux$14566_Y [0] $procmux$14566_Y [0] $procmux$14566_Y [0] $procmux$14566_Y [0] $procmux$14566_Y [0] $procmux$14566_Y [0] $procmux$14566_Y [0] $procmux$14566_Y [0] $procmux$14566_Y [0] }
    Consolidated identical input bits for $mux cell $procmux$14584:
      Old ports: A=16'1111111111111111, B=16'0000000000000000, Y=$procmux$14584_Y
      New ports: A=1'1, B=1'0, Y=$procmux$14584_Y [0]
      New connections: $procmux$14584_Y [15:1] = { $procmux$14584_Y [0] $procmux$14584_Y [0] $procmux$14584_Y [0] $procmux$14584_Y [0] $procmux$14584_Y [0] $procmux$14584_Y [0] $procmux$14584_Y [0] $procmux$14584_Y [0] $procmux$14584_Y [0] $procmux$14584_Y [0] $procmux$14584_Y [0] $procmux$14584_Y [0] $procmux$14584_Y [0] $procmux$14584_Y [0] $procmux$14584_Y [0] }
    Consolidated identical input bits for $mux cell $procmux$11229:
      Old ports: A=8'00000000, B=8'11111111, Y=$procmux$11229_Y
      New ports: A=1'0, B=1'1, Y=$procmux$11229_Y [0]
      New connections: $procmux$11229_Y [7:1] = { $procmux$11229_Y [0] $procmux$11229_Y [0] $procmux$11229_Y [0] $procmux$11229_Y [0] $procmux$11229_Y [0] $procmux$11229_Y [0] $procmux$11229_Y [0] }
    Consolidated identical input bits for $mux cell $procmux$9010:
      Old ports: A=8'11111111, B=8'00000000, Y=$procmux$9010_Y
      New ports: A=1'1, B=1'0, Y=$procmux$9010_Y [0]
      New connections: $procmux$9010_Y [7:1] = { $procmux$9010_Y [0] $procmux$9010_Y [0] $procmux$9010_Y [0] $procmux$9010_Y [0] $procmux$9010_Y [0] $procmux$9010_Y [0] $procmux$9010_Y [0] }
    Consolidated identical input bits for $mux cell $procmux$10303:
      Old ports: A=16'1111111111111111, B=16'0000000000000000, Y=$procmux$10303_Y
      New ports: A=1'1, B=1'0, Y=$procmux$10303_Y [0]
      New connections: $procmux$10303_Y [15:1] = { $procmux$10303_Y [0] $procmux$10303_Y [0] $procmux$10303_Y [0] $procmux$10303_Y [0] $procmux$10303_Y [0] $procmux$10303_Y [0] $procmux$10303_Y [0] $procmux$10303_Y [0] $procmux$10303_Y [0] $procmux$10303_Y [0] $procmux$10303_Y [0] $procmux$10303_Y [0] $procmux$10303_Y [0] $procmux$10303_Y [0] $procmux$10303_Y [0] }
    New ctrl vector for $pmux cell $procmux$13217: { $procmux$13887_CMP $auto$opt_reduce.cc:137:opt_pmux$14999 }
    Consolidated identical input bits for $mux cell $procmux$13206:
      Old ports: A=0, B=32'11111111111111111111111111111111, Y=$0$memwr$\logits$./rtl/core/vibration_core.sv:243$5876_EN[31:0]$6425
      New ports: A=1'0, B=1'1, Y=$0$memwr$\logits$./rtl/core/vibration_core.sv:243$5876_EN[31:0]$6425 [0]
      New connections: $0$memwr$\logits$./rtl/core/vibration_core.sv:243$5876_EN[31:0]$6425 [31:1] = { $0$memwr$\logits$./rtl/core/vibration_core.sv:243$5876_EN[31:0]$6425 [0] $0$memwr$\logits$./rtl/core/vibration_core.sv:243$5876_EN[31:0]$6425 [0] $0$memwr$\logits$./rtl/core/vibration_core.sv:243$5876_EN[31:0]$6425 [0] $0$memwr$\logits$./rtl/core/vibration_core.sv:243$5876_EN[31:0]$6425 [0] $0$memwr$\logits$./rtl/core/vibration_core.sv:243$5876_EN[31:0]$6425 [0] $0$memwr$\logits$./rtl/core/vibration_core.sv:243$5876_EN[31:0]$6425 [0] $0$memwr$\logits$./rtl/core/vibration_core.sv:243$5876_EN[31:0]$6425 [0] $0$memwr$\logits$./rtl/core/vibration_core.sv:243$5876_EN[31:0]$6425 [0] $0$memwr$\logits$./rtl/core/vibration_core.sv:243$5876_EN[31:0]$6425 [0] $0$memwr$\logits$./rtl/core/vibration_core.sv:243$5876_EN[31:0]$6425 [0] $0$memwr$\logits$./rtl/core/vibration_core.sv:243$5876_EN[31:0]$6425 [0] $0$memwr$\logits$./rtl/core/vibration_core.sv:243$5876_EN[31:0]$6425 [0] $0$memwr$\logits$./rtl/core/vibration_core.sv:243$5876_EN[31:0]$6425 [0] $0$memwr$\logits$./rtl/core/vibration_core.sv:243$5876_EN[31:0]$6425 [0] $0$memwr$\logits$./rtl/core/vibration_core.sv:243$5876_EN[31:0]$6425 [0] $0$memwr$\logits$./rtl/core/vibration_core.sv:243$5876_EN[31:0]$6425 [0] $0$memwr$\logits$./rtl/core/vibration_core.sv:243$5876_EN[31:0]$6425 [0] $0$memwr$\logits$./rtl/core/vibration_core.sv:243$5876_EN[31:0]$6425 [0] $0$memwr$\logits$./rtl/core/vibration_core.sv:243$5876_EN[31:0]$6425 [0] $0$memwr$\logits$./rtl/core/vibration_core.sv:243$5876_EN[31:0]$6425 [0] $0$memwr$\logits$./rtl/core/vibration_core.sv:243$5876_EN[31:0]$6425 [0] $0$memwr$\logits$./rtl/core/vibration_core.sv:243$5876_EN[31:0]$6425 [0] $0$memwr$\logits$./rtl/core/vibration_core.sv:243$5876_EN[31:0]$6425 [0] $0$memwr$\logits$./rtl/core/vibration_core.sv:243$5876_EN[31:0]$6425 [0] $0$memwr$\logits$./rtl/core/vibration_core.sv:243$5876_EN[31:0]$6425 [0] $0$memwr$\logits$./rtl/core/vibration_core.sv:243$5876_EN[31:0]$6425 [0] $0$memwr$\logits$./rtl/core/vibration_core.sv:243$5876_EN[31:0]$6425 [0] $0$memwr$\logits$./rtl/core/vibration_core.sv:243$5876_EN[31:0]$6425 [0] $0$memwr$\logits$./rtl/core/vibration_core.sv:243$5876_EN[31:0]$6425 [0] $0$memwr$\logits$./rtl/core/vibration_core.sv:243$5876_EN[31:0]$6425 [0] $0$memwr$\logits$./rtl/core/vibration_core.sv:243$5876_EN[31:0]$6425 [0] }
    Consolidated identical input bits for $mux cell $procmux$13203:
      Old ports: A=0, B=32'11111111111111111111111111111111, Y=$0$memwr$\logits$./rtl/core/vibration_core.sv:243$5877_EN[31:0]$6426
      New ports: A=1'0, B=1'1, Y=$0$memwr$\logits$./rtl/core/vibration_core.sv:243$5877_EN[31:0]$6426 [0]
      New connections: $0$memwr$\logits$./rtl/core/vibration_core.sv:243$5877_EN[31:0]$6426 [31:1] = { $0$memwr$\logits$./rtl/core/vibration_core.sv:243$5877_EN[31:0]$6426 [0] $0$memwr$\logits$./rtl/core/vibration_core.sv:243$5877_EN[31:0]$6426 [0] $0$memwr$\logits$./rtl/core/vibration_core.sv:243$5877_EN[31:0]$6426 [0] $0$memwr$\logits$./rtl/core/vibration_core.sv:243$5877_EN[31:0]$6426 [0] $0$memwr$\logits$./rtl/core/vibration_core.sv:243$5877_EN[31:0]$6426 [0] $0$memwr$\logits$./rtl/core/vibration_core.sv:243$5877_EN[31:0]$6426 [0] $0$memwr$\logits$./rtl/core/vibration_core.sv:243$5877_EN[31:0]$6426 [0] $0$memwr$\logits$./rtl/core/vibration_core.sv:243$5877_EN[31:0]$6426 [0] $0$memwr$\logits$./rtl/core/vibration_core.sv:243$5877_EN[31:0]$6426 [0] $0$memwr$\logits$./rtl/core/vibration_core.sv:243$5877_EN[31:0]$6426 [0] $0$memwr$\logits$./rtl/core/vibration_core.sv:243$5877_EN[31:0]$6426 [0] $0$memwr$\logits$./rtl/core/vibration_core.sv:243$5877_EN[31:0]$6426 [0] $0$memwr$\logits$./rtl/core/vibration_core.sv:243$5877_EN[31:0]$6426 [0] $0$memwr$\logits$./rtl/core/vibration_core.sv:243$5877_EN[31:0]$6426 [0] $0$memwr$\logits$./rtl/core/vibration_core.sv:243$5877_EN[31:0]$6426 [0] $0$memwr$\logits$./rtl/core/vibration_core.sv:243$5877_EN[31:0]$6426 [0] $0$memwr$\logits$./rtl/core/vibration_core.sv:243$5877_EN[31:0]$6426 [0] $0$memwr$\logits$./rtl/core/vibration_core.sv:243$5877_EN[31:0]$6426 [0] $0$memwr$\logits$./rtl/core/vibration_core.sv:243$5877_EN[31:0]$6426 [0] $0$memwr$\logits$./rtl/core/vibration_core.sv:243$5877_EN[31:0]$6426 [0] $0$memwr$\logits$./rtl/core/vibration_core.sv:243$5877_EN[31:0]$6426 [0] $0$memwr$\logits$./rtl/core/vibration_core.sv:243$5877_EN[31:0]$6426 [0] $0$memwr$\logits$./rtl/core/vibration_core.sv:243$5877_EN[31:0]$6426 [0] $0$memwr$\logits$./rtl/core/vibration_core.sv:243$5877_EN[31:0]$6426 [0] $0$memwr$\logits$./rtl/core/vibration_core.sv:243$5877_EN[31:0]$6426 [0] $0$memwr$\logits$./rtl/core/vibration_core.sv:243$5877_EN[31:0]$6426 [0] $0$memwr$\logits$./rtl/core/vibration_core.sv:243$5877_EN[31:0]$6426 [0] $0$memwr$\logits$./rtl/core/vibration_core.sv:243$5877_EN[31:0]$6426 [0] $0$memwr$\logits$./rtl/core/vibration_core.sv:243$5877_EN[31:0]$6426 [0] $0$memwr$\logits$./rtl/core/vibration_core.sv:243$5877_EN[31:0]$6426 [0] $0$memwr$\logits$./rtl/core/vibration_core.sv:243$5877_EN[31:0]$6426 [0] }
    Consolidated identical input bits for $mux cell $procmux$13200:
      Old ports: A=0, B=32'11111111111111111111111111111111, Y=$0$memwr$\logits$./rtl/core/vibration_core.sv:243$5878_EN[31:0]$6427
      New ports: A=1'0, B=1'1, Y=$0$memwr$\logits$./rtl/core/vibration_core.sv:243$5878_EN[31:0]$6427 [0]
      New connections: $0$memwr$\logits$./rtl/core/vibration_core.sv:243$5878_EN[31:0]$6427 [31:1] = { $0$memwr$\logits$./rtl/core/vibration_core.sv:243$5878_EN[31:0]$6427 [0] $0$memwr$\logits$./rtl/core/vibration_core.sv:243$5878_EN[31:0]$6427 [0] $0$memwr$\logits$./rtl/core/vibration_core.sv:243$5878_EN[31:0]$6427 [0] $0$memwr$\logits$./rtl/core/vibration_core.sv:243$5878_EN[31:0]$6427 [0] $0$memwr$\logits$./rtl/core/vibration_core.sv:243$5878_EN[31:0]$6427 [0] $0$memwr$\logits$./rtl/core/vibration_core.sv:243$5878_EN[31:0]$6427 [0] $0$memwr$\logits$./rtl/core/vibration_core.sv:243$5878_EN[31:0]$6427 [0] $0$memwr$\logits$./rtl/core/vibration_core.sv:243$5878_EN[31:0]$6427 [0] $0$memwr$\logits$./rtl/core/vibration_core.sv:243$5878_EN[31:0]$6427 [0] $0$memwr$\logits$./rtl/core/vibration_core.sv:243$5878_EN[31:0]$6427 [0] $0$memwr$\logits$./rtl/core/vibration_core.sv:243$5878_EN[31:0]$6427 [0] $0$memwr$\logits$./rtl/core/vibration_core.sv:243$5878_EN[31:0]$6427 [0] $0$memwr$\logits$./rtl/core/vibration_core.sv:243$5878_EN[31:0]$6427 [0] $0$memwr$\logits$./rtl/core/vibration_core.sv:243$5878_EN[31:0]$6427 [0] $0$memwr$\logits$./rtl/core/vibration_core.sv:243$5878_EN[31:0]$6427 [0] $0$memwr$\logits$./rtl/core/vibration_core.sv:243$5878_EN[31:0]$6427 [0] $0$memwr$\logits$./rtl/core/vibration_core.sv:243$5878_EN[31:0]$6427 [0] $0$memwr$\logits$./rtl/core/vibration_core.sv:243$5878_EN[31:0]$6427 [0] $0$memwr$\logits$./rtl/core/vibration_core.sv:243$5878_EN[31:0]$6427 [0] $0$memwr$\logits$./rtl/core/vibration_core.sv:243$5878_EN[31:0]$6427 [0] $0$memwr$\logits$./rtl/core/vibration_core.sv:243$5878_EN[31:0]$6427 [0] $0$memwr$\logits$./rtl/core/vibration_core.sv:243$5878_EN[31:0]$6427 [0] $0$memwr$\logits$./rtl/core/vibration_core.sv:243$5878_EN[31:0]$6427 [0] $0$memwr$\logits$./rtl/core/vibration_core.sv:243$5878_EN[31:0]$6427 [0] $0$memwr$\logits$./rtl/core/vibration_core.sv:243$5878_EN[31:0]$6427 [0] $0$memwr$\logits$./rtl/core/vibration_core.sv:243$5878_EN[31:0]$6427 [0] $0$memwr$\logits$./rtl/core/vibration_core.sv:243$5878_EN[31:0]$6427 [0] $0$memwr$\logits$./rtl/core/vibration_core.sv:243$5878_EN[31:0]$6427 [0] $0$memwr$\logits$./rtl/core/vibration_core.sv:243$5878_EN[31:0]$6427 [0] $0$memwr$\logits$./rtl/core/vibration_core.sv:243$5878_EN[31:0]$6427 [0] $0$memwr$\logits$./rtl/core/vibration_core.sv:243$5878_EN[31:0]$6427 [0] }
    New ctrl vector for $pmux cell $procmux$14739: $auto$opt_reduce.cc:137:opt_pmux$15001
    Consolidated identical input bits for $mux cell $procmux$8640:
      Old ports: A=0, B=32'11111111111111111111111111111111, Y=$procmux$8640_Y
      New ports: A=1'0, B=1'1, Y=$procmux$8640_Y [0]
      New connections: $procmux$8640_Y [31:1] = { $procmux$8640_Y [0] $procmux$8640_Y [0] $procmux$8640_Y [0] $procmux$8640_Y [0] $procmux$8640_Y [0] $procmux$8640_Y [0] $procmux$8640_Y [0] $procmux$8640_Y [0] $procmux$8640_Y [0] $procmux$8640_Y [0] $procmux$8640_Y [0] $procmux$8640_Y [0] $procmux$8640_Y [0] $procmux$8640_Y [0] $procmux$8640_Y [0] $procmux$8640_Y [0] $procmux$8640_Y [0] $procmux$8640_Y [0] $procmux$8640_Y [0] $procmux$8640_Y [0] $procmux$8640_Y [0] $procmux$8640_Y [0] $procmux$8640_Y [0] $procmux$8640_Y [0] $procmux$8640_Y [0] $procmux$8640_Y [0] $procmux$8640_Y [0] $procmux$8640_Y [0] $procmux$8640_Y [0] $procmux$8640_Y [0] $procmux$8640_Y [0] }
    New ctrl vector for $pmux cell $procmux$13668: { $auto$opt_reduce.cc:137:opt_pmux$15003 $procmux$13658_CMP $procmux$13660_CMP }
    New ctrl vector for $pmux cell $procmux$13686: { $auto$opt_reduce.cc:137:opt_pmux$15005 $procmux$13658_CMP $procmux$13660_CMP }
    Consolidated identical input bits for $mux cell $procmux$10051:
      Old ports: A=16'0000000000000000, B=16'1111111111111111, Y=$procmux$10051_Y
      New ports: A=1'0, B=1'1, Y=$procmux$10051_Y [0]
      New connections: $procmux$10051_Y [15:1] = { $procmux$10051_Y [0] $procmux$10051_Y [0] $procmux$10051_Y [0] $procmux$10051_Y [0] $procmux$10051_Y [0] $procmux$10051_Y [0] $procmux$10051_Y [0] $procmux$10051_Y [0] $procmux$10051_Y [0] $procmux$10051_Y [0] $procmux$10051_Y [0] $procmux$10051_Y [0] $procmux$10051_Y [0] $procmux$10051_Y [0] $procmux$10051_Y [0] }
    New ctrl vector for $pmux cell $procmux$14374: { $procmux$13887_CMP $auto$opt_reduce.cc:137:opt_pmux$15007 $procmux$13988_CMP $procmux$14039_CMP $procmux$14065_CMP }
    New ctrl vector for $pmux cell $procmux$13704: { $auto$opt_reduce.cc:137:opt_pmux$15009 $procmux$13658_CMP $procmux$13660_CMP }
    Consolidated identical input bits for $mux cell $procmux$12773:
      Old ports: A=0, B=32'11111111111111111111111111111111, Y=$procmux$12773_Y
      New ports: A=1'0, B=1'1, Y=$procmux$12773_Y [0]
      New connections: $procmux$12773_Y [31:1] = { $procmux$12773_Y [0] $procmux$12773_Y [0] $procmux$12773_Y [0] $procmux$12773_Y [0] $procmux$12773_Y [0] $procmux$12773_Y [0] $procmux$12773_Y [0] $procmux$12773_Y [0] $procmux$12773_Y [0] $procmux$12773_Y [0] $procmux$12773_Y [0] $procmux$12773_Y [0] $procmux$12773_Y [0] $procmux$12773_Y [0] $procmux$12773_Y [0] $procmux$12773_Y [0] $procmux$12773_Y [0] $procmux$12773_Y [0] $procmux$12773_Y [0] $procmux$12773_Y [0] $procmux$12773_Y [0] $procmux$12773_Y [0] $procmux$12773_Y [0] $procmux$12773_Y [0] $procmux$12773_Y [0] $procmux$12773_Y [0] $procmux$12773_Y [0] $procmux$12773_Y [0] $procmux$12773_Y [0] $procmux$12773_Y [0] $procmux$12773_Y [0] }
  Optimizing cells in module \vibration_core.
    Consolidated identical input bits for $mux cell $procmux$11200:
      Old ports: A=8'00000000, B=$3$memwr$\hidden$./rtl/core/vibration_core.sv:355$5884_EN[7:0]$7073, Y=$procmux$11200_Y
      New ports: A=1'0, B=$procmux$9010_Y [0], Y=$procmux$11200_Y [0]
      New connections: $procmux$11200_Y [7:1] = { $procmux$11200_Y [0] $procmux$11200_Y [0] $procmux$11200_Y [0] $procmux$11200_Y [0] $procmux$11200_Y [0] $procmux$11200_Y [0] $procmux$11200_Y [0] }
    Consolidated identical input bits for $mux cell $procmux$13252:
      Old ports: A=$2$memwr$\features$./rtl/core/vibration_core.sv:331$5883_EN[7:0]$6744, B=8'00000000, Y=$0$memwr$\features$./rtl/core/vibration_core.sv:331$5883_EN[7:0]$6442
      New ports: A=$procmux$11229_Y [0], B=1'0, Y=$0$memwr$\features$./rtl/core/vibration_core.sv:331$5883_EN[7:0]$6442 [0]
      New connections: $0$memwr$\features$./rtl/core/vibration_core.sv:331$5883_EN[7:0]$6442 [7:1] = { $0$memwr$\features$./rtl/core/vibration_core.sv:331$5883_EN[7:0]$6442 [0] $0$memwr$\features$./rtl/core/vibration_core.sv:331$5883_EN[7:0]$6442 [0] $0$memwr$\features$./rtl/core/vibration_core.sv:331$5883_EN[7:0]$6442 [0] $0$memwr$\features$./rtl/core/vibration_core.sv:331$5883_EN[7:0]$6442 [0] $0$memwr$\features$./rtl/core/vibration_core.sv:331$5883_EN[7:0]$6442 [0] $0$memwr$\features$./rtl/core/vibration_core.sv:331$5883_EN[7:0]$6442 [0] $0$memwr$\features$./rtl/core/vibration_core.sv:331$5883_EN[7:0]$6442 [0] }
    Consolidated identical input bits for $mux cell $procmux$11273:
      Old ports: A=16'0000000000000000, B=$3$memwr$\real_part$./rtl/core/vibration_core.sv:314$5882_EN[15:0]$6888, Y=$procmux$11273_Y
      New ports: A=1'0, B=$procmux$10303_Y [0], Y=$procmux$11273_Y [0]
      New connections: $procmux$11273_Y [15:1] = { $procmux$11273_Y [0] $procmux$11273_Y [0] $procmux$11273_Y [0] $procmux$11273_Y [0] $procmux$11273_Y [0] $procmux$11273_Y [0] $procmux$11273_Y [0] $procmux$11273_Y [0] $procmux$11273_Y [0] $procmux$11273_Y [0] $procmux$11273_Y [0] $procmux$11273_Y [0] $procmux$11273_Y [0] $procmux$11273_Y [0] $procmux$11273_Y [0] }
    Consolidated identical input bits for $mux cell $procmux$9153:
      Old ports: A=0, B=$4$memwr$\logits$./rtl/core/vibration_core.sv:359$5885_EN[31:0]$7119, Y=$procmux$9153_Y
      New ports: A=1'0, B=$procmux$8640_Y [0], Y=$procmux$9153_Y [0]
      New connections: $procmux$9153_Y [31:1] = { $procmux$9153_Y [0] $procmux$9153_Y [0] $procmux$9153_Y [0] $procmux$9153_Y [0] $procmux$9153_Y [0] $procmux$9153_Y [0] $procmux$9153_Y [0] $procmux$9153_Y [0] $procmux$9153_Y [0] $procmux$9153_Y [0] $procmux$9153_Y [0] $procmux$9153_Y [0] $procmux$9153_Y [0] $procmux$9153_Y [0] $procmux$9153_Y [0] $procmux$9153_Y [0] $procmux$9153_Y [0] $procmux$9153_Y [0] $procmux$9153_Y [0] $procmux$9153_Y [0] $procmux$9153_Y [0] $procmux$9153_Y [0] $procmux$9153_Y [0] $procmux$9153_Y [0] $procmux$9153_Y [0] $procmux$9153_Y [0] $procmux$9153_Y [0] $procmux$9153_Y [0] $procmux$9153_Y [0] $procmux$9153_Y [0] $procmux$9153_Y [0] }
    Consolidated identical input bits for $mux cell $procmux$14601:
      Old ports: A=16'0000000000000000, B=$2$memwr$\raw0$./rtl/core/vibration_core.sv:220$5874_EN[15:0]$6294, Y=$0$memwr$\raw0$./rtl/core/vibration_core.sv:220$5874_EN[15:0]$6273
      New ports: A=1'0, B=$procmux$14584_Y [0], Y=$0$memwr$\raw0$./rtl/core/vibration_core.sv:220$5874_EN[15:0]$6273 [0]
      New connections: $0$memwr$\raw0$./rtl/core/vibration_core.sv:220$5874_EN[15:0]$6273 [15:1] = { $0$memwr$\raw0$./rtl/core/vibration_core.sv:220$5874_EN[15:0]$6273 [0] $0$memwr$\raw0$./rtl/core/vibration_core.sv:220$5874_EN[15:0]$6273 [0] $0$memwr$\raw0$./rtl/core/vibration_core.sv:220$5874_EN[15:0]$6273 [0] $0$memwr$\raw0$./rtl/core/vibration_core.sv:220$5874_EN[15:0]$6273 [0] $0$memwr$\raw0$./rtl/core/vibration_core.sv:220$5874_EN[15:0]$6273 [0] $0$memwr$\raw0$./rtl/core/vibration_core.sv:220$5874_EN[15:0]$6273 [0] $0$memwr$\raw0$./rtl/core/vibration_core.sv:220$5874_EN[15:0]$6273 [0] $0$memwr$\raw0$./rtl/core/vibration_core.sv:220$5874_EN[15:0]$6273 [0] $0$memwr$\raw0$./rtl/core/vibration_core.sv:220$5874_EN[15:0]$6273 [0] $0$memwr$\raw0$./rtl/core/vibration_core.sv:220$5874_EN[15:0]$6273 [0] $0$memwr$\raw0$./rtl/core/vibration_core.sv:220$5874_EN[15:0]$6273 [0] $0$memwr$\raw0$./rtl/core/vibration_core.sv:220$5874_EN[15:0]$6273 [0] $0$memwr$\raw0$./rtl/core/vibration_core.sv:220$5874_EN[15:0]$6273 [0] $0$memwr$\raw0$./rtl/core/vibration_core.sv:220$5874_EN[15:0]$6273 [0] $0$memwr$\raw0$./rtl/core/vibration_core.sv:220$5874_EN[15:0]$6273 [0] }
    Consolidated identical input bits for $mux cell $procmux$14610:
      Old ports: A=16'0000000000000000, B=$2$memwr$\raw1$./rtl/core/vibration_core.sv:219$5873_EN[15:0]$6291, Y=$0$memwr$\raw1$./rtl/core/vibration_core.sv:219$5873_EN[15:0]$6270
      New ports: A=1'0, B=$procmux$14566_Y [0], Y=$0$memwr$\raw1$./rtl/core/vibration_core.sv:219$5873_EN[15:0]$6270 [0]
      New connections: $0$memwr$\raw1$./rtl/core/vibration_core.sv:219$5873_EN[15:0]$6270 [15:1] = { $0$memwr$\raw1$./rtl/core/vibration_core.sv:219$5873_EN[15:0]$6270 [0] $0$memwr$\raw1$./rtl/core/vibration_core.sv:219$5873_EN[15:0]$6270 [0] $0$memwr$\raw1$./rtl/core/vibration_core.sv:219$5873_EN[15:0]$6270 [0] $0$memwr$\raw1$./rtl/core/vibration_core.sv:219$5873_EN[15:0]$6270 [0] $0$memwr$\raw1$./rtl/core/vibration_core.sv:219$5873_EN[15:0]$6270 [0] $0$memwr$\raw1$./rtl/core/vibration_core.sv:219$5873_EN[15:0]$6270 [0] $0$memwr$\raw1$./rtl/core/vibration_core.sv:219$5873_EN[15:0]$6270 [0] $0$memwr$\raw1$./rtl/core/vibration_core.sv:219$5873_EN[15:0]$6270 [0] $0$memwr$\raw1$./rtl/core/vibration_core.sv:219$5873_EN[15:0]$6270 [0] $0$memwr$\raw1$./rtl/core/vibration_core.sv:219$5873_EN[15:0]$6270 [0] $0$memwr$\raw1$./rtl/core/vibration_core.sv:219$5873_EN[15:0]$6270 [0] $0$memwr$\raw1$./rtl/core/vibration_core.sv:219$5873_EN[15:0]$6270 [0] $0$memwr$\raw1$./rtl/core/vibration_core.sv:219$5873_EN[15:0]$6270 [0] $0$memwr$\raw1$./rtl/core/vibration_core.sv:219$5873_EN[15:0]$6270 [0] $0$memwr$\raw1$./rtl/core/vibration_core.sv:219$5873_EN[15:0]$6270 [0] }
    Consolidated identical input bits for $mux cell $procmux$12922:
      Old ports: A=0, B=$6$memwr$\frame_ids$./rtl/core/vibration_core.sv:261$5879_EN[31:0]$6607, Y=$procmux$12922_Y
      New ports: A=1'0, B=$procmux$12773_Y [0], Y=$procmux$12922_Y [0]
      New connections: $procmux$12922_Y [31:1] = { $procmux$12922_Y [0] $procmux$12922_Y [0] $procmux$12922_Y [0] $procmux$12922_Y [0] $procmux$12922_Y [0] $procmux$12922_Y [0] $procmux$12922_Y [0] $procmux$12922_Y [0] $procmux$12922_Y [0] $procmux$12922_Y [0] $procmux$12922_Y [0] $procmux$12922_Y [0] $procmux$12922_Y [0] $procmux$12922_Y [0] $procmux$12922_Y [0] $procmux$12922_Y [0] $procmux$12922_Y [0] $procmux$12922_Y [0] $procmux$12922_Y [0] $procmux$12922_Y [0] $procmux$12922_Y [0] $procmux$12922_Y [0] $procmux$12922_Y [0] $procmux$12922_Y [0] $procmux$12922_Y [0] $procmux$12922_Y [0] $procmux$12922_Y [0] $procmux$12922_Y [0] $procmux$12922_Y [0] $procmux$12922_Y [0] $procmux$12922_Y [0] }
    Consolidated identical input bits for $mux cell $procmux$12877:
      Old ports: A=26'00000000000000000000000000, B=$6$memwr$\frame_sums$./rtl/core/vibration_core.sv:262$5880_EN[25:0]$6610, Y=$procmux$12877_Y
      New ports: A=1'0, B=$procmux$12719_Y [0], Y=$procmux$12877_Y [0]
      New connections: $procmux$12877_Y [25:1] = { $procmux$12877_Y [0] $procmux$12877_Y [0] $procmux$12877_Y [0] $procmux$12877_Y [0] $procmux$12877_Y [0] $procmux$12877_Y [0] $procmux$12877_Y [0] $procmux$12877_Y [0] $procmux$12877_Y [0] $procmux$12877_Y [0] $procmux$12877_Y [0] $procmux$12877_Y [0] $procmux$12877_Y [0] $procmux$12877_Y [0] $procmux$12877_Y [0] $procmux$12877_Y [0] $procmux$12877_Y [0] $procmux$12877_Y [0] $procmux$12877_Y [0] $procmux$12877_Y [0] $procmux$12877_Y [0] $procmux$12877_Y [0] $procmux$12877_Y [0] $procmux$12877_Y [0] $procmux$12877_Y [0] }
    Consolidated identical input bits for $mux cell $procmux$11327:
      Old ports: A=16'0000000000000000, B=$3$memwr$\imag_part$./rtl/core/vibration_core.sv:313$5881_EN[15:0]$6885, Y=$procmux$11327_Y
      New ports: A=1'0, B=$procmux$10051_Y [0], Y=$procmux$11327_Y [0]
      New connections: $procmux$11327_Y [15:1] = { $procmux$11327_Y [0] $procmux$11327_Y [0] $procmux$11327_Y [0] $procmux$11327_Y [0] $procmux$11327_Y [0] $procmux$11327_Y [0] $procmux$11327_Y [0] $procmux$11327_Y [0] $procmux$11327_Y [0] $procmux$11327_Y [0] $procmux$11327_Y [0] $procmux$11327_Y [0] $procmux$11327_Y [0] $procmux$11327_Y [0] $procmux$11327_Y [0] }
  Optimizing cells in module \vibration_core.
    Consolidated identical input bits for $mux cell $procmux$13270:
      Old ports: A=$2$memwr$\imag_part$./rtl/core/vibration_core.sv:313$5881_EN[15:0]$6738, B=16'0000000000000000, Y=$0$memwr$\imag_part$./rtl/core/vibration_core.sv:313$5881_EN[15:0]$6436
      New ports: A=$procmux$11327_Y [0], B=1'0, Y=$0$memwr$\imag_part$./rtl/core/vibration_core.sv:313$5881_EN[15:0]$6436 [0]
      New connections: $0$memwr$\imag_part$./rtl/core/vibration_core.sv:313$5881_EN[15:0]$6436 [15:1] = { $0$memwr$\imag_part$./rtl/core/vibration_core.sv:313$5881_EN[15:0]$6436 [0] $0$memwr$\imag_part$./rtl/core/vibration_core.sv:313$5881_EN[15:0]$6436 [0] $0$memwr$\imag_part$./rtl/core/vibration_core.sv:313$5881_EN[15:0]$6436 [0] $0$memwr$\imag_part$./rtl/core/vibration_core.sv:313$5881_EN[15:0]$6436 [0] $0$memwr$\imag_part$./rtl/core/vibration_core.sv:313$5881_EN[15:0]$6436 [0] $0$memwr$\imag_part$./rtl/core/vibration_core.sv:313$5881_EN[15:0]$6436 [0] $0$memwr$\imag_part$./rtl/core/vibration_core.sv:313$5881_EN[15:0]$6436 [0] $0$memwr$\imag_part$./rtl/core/vibration_core.sv:313$5881_EN[15:0]$6436 [0] $0$memwr$\imag_part$./rtl/core/vibration_core.sv:313$5881_EN[15:0]$6436 [0] $0$memwr$\imag_part$./rtl/core/vibration_core.sv:313$5881_EN[15:0]$6436 [0] $0$memwr$\imag_part$./rtl/core/vibration_core.sv:313$5881_EN[15:0]$6436 [0] $0$memwr$\imag_part$./rtl/core/vibration_core.sv:313$5881_EN[15:0]$6436 [0] $0$memwr$\imag_part$./rtl/core/vibration_core.sv:313$5881_EN[15:0]$6436 [0] $0$memwr$\imag_part$./rtl/core/vibration_core.sv:313$5881_EN[15:0]$6436 [0] $0$memwr$\imag_part$./rtl/core/vibration_core.sv:313$5881_EN[15:0]$6436 [0] }
    Consolidated identical input bits for $mux cell $procmux$13261:
      Old ports: A=$2$memwr$\real_part$./rtl/core/vibration_core.sv:314$5882_EN[15:0]$6741, B=16'0000000000000000, Y=$0$memwr$\real_part$./rtl/core/vibration_core.sv:314$5882_EN[15:0]$6439
      New ports: A=$procmux$11273_Y [0], B=1'0, Y=$0$memwr$\real_part$./rtl/core/vibration_core.sv:314$5882_EN[15:0]$6439 [0]
      New connections: $0$memwr$\real_part$./rtl/core/vibration_core.sv:314$5882_EN[15:0]$6439 [15:1] = { $0$memwr$\real_part$./rtl/core/vibration_core.sv:314$5882_EN[15:0]$6439 [0] $0$memwr$\real_part$./rtl/core/vibration_core.sv:314$5882_EN[15:0]$6439 [0] $0$memwr$\real_part$./rtl/core/vibration_core.sv:314$5882_EN[15:0]$6439 [0] $0$memwr$\real_part$./rtl/core/vibration_core.sv:314$5882_EN[15:0]$6439 [0] $0$memwr$\real_part$./rtl/core/vibration_core.sv:314$5882_EN[15:0]$6439 [0] $0$memwr$\real_part$./rtl/core/vibration_core.sv:314$5882_EN[15:0]$6439 [0] $0$memwr$\real_part$./rtl/core/vibration_core.sv:314$5882_EN[15:0]$6439 [0] $0$memwr$\real_part$./rtl/core/vibration_core.sv:314$5882_EN[15:0]$6439 [0] $0$memwr$\real_part$./rtl/core/vibration_core.sv:314$5882_EN[15:0]$6439 [0] $0$memwr$\real_part$./rtl/core/vibration_core.sv:314$5882_EN[15:0]$6439 [0] $0$memwr$\real_part$./rtl/core/vibration_core.sv:314$5882_EN[15:0]$6439 [0] $0$memwr$\real_part$./rtl/core/vibration_core.sv:314$5882_EN[15:0]$6439 [0] $0$memwr$\real_part$./rtl/core/vibration_core.sv:314$5882_EN[15:0]$6439 [0] $0$memwr$\real_part$./rtl/core/vibration_core.sv:314$5882_EN[15:0]$6439 [0] $0$memwr$\real_part$./rtl/core/vibration_core.sv:314$5882_EN[15:0]$6439 [0] }
    Consolidated identical input bits for $mux cell $procmux$11176:
      Old ports: A=0, B=$3$memwr$\logits$./rtl/core/vibration_core.sv:359$5885_EN[31:0]$7076, Y=$procmux$11176_Y
      New ports: A=1'0, B=$procmux$9153_Y [0], Y=$procmux$11176_Y [0]
      New connections: $procmux$11176_Y [31:1] = { $procmux$11176_Y [0] $procmux$11176_Y [0] $procmux$11176_Y [0] $procmux$11176_Y [0] $procmux$11176_Y [0] $procmux$11176_Y [0] $procmux$11176_Y [0] $procmux$11176_Y [0] $procmux$11176_Y [0] $procmux$11176_Y [0] $procmux$11176_Y [0] $procmux$11176_Y [0] $procmux$11176_Y [0] $procmux$11176_Y [0] $procmux$11176_Y [0] $procmux$11176_Y [0] $procmux$11176_Y [0] $procmux$11176_Y [0] $procmux$11176_Y [0] $procmux$11176_Y [0] $procmux$11176_Y [0] $procmux$11176_Y [0] $procmux$11176_Y [0] $procmux$11176_Y [0] $procmux$11176_Y [0] $procmux$11176_Y [0] $procmux$11176_Y [0] $procmux$11176_Y [0] $procmux$11176_Y [0] $procmux$11176_Y [0] $procmux$11176_Y [0] }
    Consolidated identical input bits for $mux cell $procmux$13030:
      Old ports: A=$5$memwr$\frame_ids$./rtl/core/vibration_core.sv:261$5879_EN[31:0]$6598, B=0, Y=$procmux$13030_Y
      New ports: A=$procmux$12922_Y [0], B=1'0, Y=$procmux$13030_Y [0]
      New connections: $procmux$13030_Y [31:1] = { $procmux$13030_Y [0] $procmux$13030_Y [0] $procmux$13030_Y [0] $procmux$13030_Y [0] $procmux$13030_Y [0] $procmux$13030_Y [0] $procmux$13030_Y [0] $procmux$13030_Y [0] $procmux$13030_Y [0] $procmux$13030_Y [0] $procmux$13030_Y [0] $procmux$13030_Y [0] $procmux$13030_Y [0] $procmux$13030_Y [0] $procmux$13030_Y [0] $procmux$13030_Y [0] $procmux$13030_Y [0] $procmux$13030_Y [0] $procmux$13030_Y [0] $procmux$13030_Y [0] $procmux$13030_Y [0] $procmux$13030_Y [0] $procmux$13030_Y [0] $procmux$13030_Y [0] $procmux$13030_Y [0] $procmux$13030_Y [0] $procmux$13030_Y [0] $procmux$13030_Y [0] $procmux$13030_Y [0] $procmux$13030_Y [0] $procmux$13030_Y [0] }
    Consolidated identical input bits for $mux cell $procmux$12994:
      Old ports: A=$5$memwr$\frame_sums$./rtl/core/vibration_core.sv:262$5880_EN[25:0]$6601, B=26'00000000000000000000000000, Y=$procmux$12994_Y
      New ports: A=$procmux$12877_Y [0], B=1'0, Y=$procmux$12994_Y [0]
      New connections: $procmux$12994_Y [25:1] = { $procmux$12994_Y [0] $procmux$12994_Y [0] $procmux$12994_Y [0] $procmux$12994_Y [0] $procmux$12994_Y [0] $procmux$12994_Y [0] $procmux$12994_Y [0] $procmux$12994_Y [0] $procmux$12994_Y [0] $procmux$12994_Y [0] $procmux$12994_Y [0] $procmux$12994_Y [0] $procmux$12994_Y [0] $procmux$12994_Y [0] $procmux$12994_Y [0] $procmux$12994_Y [0] $procmux$12994_Y [0] $procmux$12994_Y [0] $procmux$12994_Y [0] $procmux$12994_Y [0] $procmux$12994_Y [0] $procmux$12994_Y [0] $procmux$12994_Y [0] $procmux$12994_Y [0] $procmux$12994_Y [0] }
    Consolidated identical input bits for $mux cell $procmux$13243:
      Old ports: A=$2$memwr$\hidden$./rtl/core/vibration_core.sv:355$5884_EN[7:0]$6747, B=8'00000000, Y=$0$memwr$\hidden$./rtl/core/vibration_core.sv:355$5884_EN[7:0]$6445
      New ports: A=$procmux$11200_Y [0], B=1'0, Y=$0$memwr$\hidden$./rtl/core/vibration_core.sv:355$5884_EN[7:0]$6445 [0]
      New connections: $0$memwr$\hidden$./rtl/core/vibration_core.sv:355$5884_EN[7:0]$6445 [7:1] = { $0$memwr$\hidden$./rtl/core/vibration_core.sv:355$5884_EN[7:0]$6445 [0] $0$memwr$\hidden$./rtl/core/vibration_core.sv:355$5884_EN[7:0]$6445 [0] $0$memwr$\hidden$./rtl/core/vibration_core.sv:355$5884_EN[7:0]$6445 [0] $0$memwr$\hidden$./rtl/core/vibration_core.sv:355$5884_EN[7:0]$6445 [0] $0$memwr$\hidden$./rtl/core/vibration_core.sv:355$5884_EN[7:0]$6445 [0] $0$memwr$\hidden$./rtl/core/vibration_core.sv:355$5884_EN[7:0]$6445 [0] $0$memwr$\hidden$./rtl/core/vibration_core.sv:355$5884_EN[7:0]$6445 [0] }
  Optimizing cells in module \vibration_core.
    Consolidated identical input bits for $mux cell $procmux$13114:
      Old ports: A=$4$memwr$\frame_ids$./rtl/core/vibration_core.sv:261$5879_EN[31:0]$6589, B=0, Y=$procmux$13114_Y
      New ports: A=$procmux$13030_Y [0], B=1'0, Y=$procmux$13114_Y [0]
      New connections: $procmux$13114_Y [31:1] = { $procmux$13114_Y [0] $procmux$13114_Y [0] $procmux$13114_Y [0] $procmux$13114_Y [0] $procmux$13114_Y [0] $procmux$13114_Y [0] $procmux$13114_Y [0] $procmux$13114_Y [0] $procmux$13114_Y [0] $procmux$13114_Y [0] $procmux$13114_Y [0] $procmux$13114_Y [0] $procmux$13114_Y [0] $procmux$13114_Y [0] $procmux$13114_Y [0] $procmux$13114_Y [0] $procmux$13114_Y [0] $procmux$13114_Y [0] $procmux$13114_Y [0] $procmux$13114_Y [0] $procmux$13114_Y [0] $procmux$13114_Y [0] $procmux$13114_Y [0] $procmux$13114_Y [0] $procmux$13114_Y [0] $procmux$13114_Y [0] $procmux$13114_Y [0] $procmux$13114_Y [0] $procmux$13114_Y [0] $procmux$13114_Y [0] $procmux$13114_Y [0] }
    Consolidated identical input bits for $mux cell $procmux$13087:
      Old ports: A=$4$memwr$\frame_sums$./rtl/core/vibration_core.sv:262$5880_EN[25:0]$6592, B=26'00000000000000000000000000, Y=$procmux$13087_Y
      New ports: A=$procmux$12994_Y [0], B=1'0, Y=$procmux$13087_Y [0]
      New connections: $procmux$13087_Y [25:1] = { $procmux$13087_Y [0] $procmux$13087_Y [0] $procmux$13087_Y [0] $procmux$13087_Y [0] $procmux$13087_Y [0] $procmux$13087_Y [0] $procmux$13087_Y [0] $procmux$13087_Y [0] $procmux$13087_Y [0] $procmux$13087_Y [0] $procmux$13087_Y [0] $procmux$13087_Y [0] $procmux$13087_Y [0] $procmux$13087_Y [0] $procmux$13087_Y [0] $procmux$13087_Y [0] $procmux$13087_Y [0] $procmux$13087_Y [0] $procmux$13087_Y [0] $procmux$13087_Y [0] $procmux$13087_Y [0] $procmux$13087_Y [0] $procmux$13087_Y [0] $procmux$13087_Y [0] $procmux$13087_Y [0] }
    Consolidated identical input bits for $mux cell $procmux$13234:
      Old ports: A=$2$memwr$\logits$./rtl/core/vibration_core.sv:359$5885_EN[31:0]$6750, B=0, Y=$0$memwr$\logits$./rtl/core/vibration_core.sv:359$5885_EN[31:0]$6448
      New ports: A=$procmux$11176_Y [0], B=1'0, Y=$0$memwr$\logits$./rtl/core/vibration_core.sv:359$5885_EN[31:0]$6448 [0]
      New connections: $0$memwr$\logits$./rtl/core/vibration_core.sv:359$5885_EN[31:0]$6448 [31:1] = { $0$memwr$\logits$./rtl/core/vibration_core.sv:359$5885_EN[31:0]$6448 [0] $0$memwr$\logits$./rtl/core/vibration_core.sv:359$5885_EN[31:0]$6448 [0] $0$memwr$\logits$./rtl/core/vibration_core.sv:359$5885_EN[31:0]$6448 [0] $0$memwr$\logits$./rtl/core/vibration_core.sv:359$5885_EN[31:0]$6448 [0] $0$memwr$\logits$./rtl/core/vibration_core.sv:359$5885_EN[31:0]$6448 [0] $0$memwr$\logits$./rtl/core/vibration_core.sv:359$5885_EN[31:0]$6448 [0] $0$memwr$\logits$./rtl/core/vibration_core.sv:359$5885_EN[31:0]$6448 [0] $0$memwr$\logits$./rtl/core/vibration_core.sv:359$5885_EN[31:0]$6448 [0] $0$memwr$\logits$./rtl/core/vibration_core.sv:359$5885_EN[31:0]$6448 [0] $0$memwr$\logits$./rtl/core/vibration_core.sv:359$5885_EN[31:0]$6448 [0] $0$memwr$\logits$./rtl/core/vibration_core.sv:359$5885_EN[31:0]$6448 [0] $0$memwr$\logits$./rtl/core/vibration_core.sv:359$5885_EN[31:0]$6448 [0] $0$memwr$\logits$./rtl/core/vibration_core.sv:359$5885_EN[31:0]$6448 [0] $0$memwr$\logits$./rtl/core/vibration_core.sv:359$5885_EN[31:0]$6448 [0] $0$memwr$\logits$./rtl/core/vibration_core.sv:359$5885_EN[31:0]$6448 [0] $0$memwr$\logits$./rtl/core/vibration_core.sv:359$5885_EN[31:0]$6448 [0] $0$memwr$\logits$./rtl/core/vibration_core.sv:359$5885_EN[31:0]$6448 [0] $0$memwr$\logits$./rtl/core/vibration_core.sv:359$5885_EN[31:0]$6448 [0] $0$memwr$\logits$./rtl/core/vibration_core.sv:359$5885_EN[31:0]$6448 [0] $0$memwr$\logits$./rtl/core/vibration_core.sv:359$5885_EN[31:0]$6448 [0] $0$memwr$\logits$./rtl/core/vibration_core.sv:359$5885_EN[31:0]$6448 [0] $0$memwr$\logits$./rtl/core/vibration_core.sv:359$5885_EN[31:0]$6448 [0] $0$memwr$\logits$./rtl/core/vibration_core.sv:359$5885_EN[31:0]$6448 [0] $0$memwr$\logits$./rtl/core/vibration_core.sv:359$5885_EN[31:0]$6448 [0] $0$memwr$\logits$./rtl/core/vibration_core.sv:359$5885_EN[31:0]$6448 [0] $0$memwr$\logits$./rtl/core/vibration_core.sv:359$5885_EN[31:0]$6448 [0] $0$memwr$\logits$./rtl/core/vibration_core.sv:359$5885_EN[31:0]$6448 [0] $0$memwr$\logits$./rtl/core/vibration_core.sv:359$5885_EN[31:0]$6448 [0] $0$memwr$\logits$./rtl/core/vibration_core.sv:359$5885_EN[31:0]$6448 [0] $0$memwr$\logits$./rtl/core/vibration_core.sv:359$5885_EN[31:0]$6448 [0] $0$memwr$\logits$./rtl/core/vibration_core.sv:359$5885_EN[31:0]$6448 [0] }
  Optimizing cells in module \vibration_core.
    Consolidated identical input bits for $mux cell $procmux$13173:
      Old ports: A=0, B=$3$memwr$\frame_ids$./rtl/core/vibration_core.sv:261$5879_EN[31:0]$6579, Y=$procmux$13173_Y
      New ports: A=1'0, B=$procmux$13114_Y [0], Y=$procmux$13173_Y [0]
      New connections: $procmux$13173_Y [31:1] = { $procmux$13173_Y [0] $procmux$13173_Y [0] $procmux$13173_Y [0] $procmux$13173_Y [0] $procmux$13173_Y [0] $procmux$13173_Y [0] $procmux$13173_Y [0] $procmux$13173_Y [0] $procmux$13173_Y [0] $procmux$13173_Y [0] $procmux$13173_Y [0] $procmux$13173_Y [0] $procmux$13173_Y [0] $procmux$13173_Y [0] $procmux$13173_Y [0] $procmux$13173_Y [0] $procmux$13173_Y [0] $procmux$13173_Y [0] $procmux$13173_Y [0] $procmux$13173_Y [0] $procmux$13173_Y [0] $procmux$13173_Y [0] $procmux$13173_Y [0] $procmux$13173_Y [0] $procmux$13173_Y [0] $procmux$13173_Y [0] $procmux$13173_Y [0] $procmux$13173_Y [0] $procmux$13173_Y [0] $procmux$13173_Y [0] $procmux$13173_Y [0] }
    Consolidated identical input bits for $mux cell $procmux$13155:
      Old ports: A=26'00000000000000000000000000, B=$3$memwr$\frame_sums$./rtl/core/vibration_core.sv:262$5880_EN[25:0]$6582, Y=$procmux$13155_Y
      New ports: A=1'0, B=$procmux$13087_Y [0], Y=$procmux$13155_Y [0]
      New connections: $procmux$13155_Y [25:1] = { $procmux$13155_Y [0] $procmux$13155_Y [0] $procmux$13155_Y [0] $procmux$13155_Y [0] $procmux$13155_Y [0] $procmux$13155_Y [0] $procmux$13155_Y [0] $procmux$13155_Y [0] $procmux$13155_Y [0] $procmux$13155_Y [0] $procmux$13155_Y [0] $procmux$13155_Y [0] $procmux$13155_Y [0] $procmux$13155_Y [0] $procmux$13155_Y [0] $procmux$13155_Y [0] $procmux$13155_Y [0] $procmux$13155_Y [0] $procmux$13155_Y [0] $procmux$13155_Y [0] $procmux$13155_Y [0] $procmux$13155_Y [0] $procmux$13155_Y [0] $procmux$13155_Y [0] $procmux$13155_Y [0] }
  Optimizing cells in module \vibration_core.
    Consolidated identical input bits for $mux cell $procmux$13288:
      Old ports: A=$2$memwr$\frame_ids$./rtl/core/vibration_core.sv:261$5879_EN[31:0]$6571, B=0, Y=$0$memwr$\frame_ids$./rtl/core/vibration_core.sv:261$5879_EN[31:0]$6430
      New ports: A=$procmux$13173_Y [0], B=1'0, Y=$0$memwr$\frame_ids$./rtl/core/vibration_core.sv:261$5879_EN[31:0]$6430 [0]
      New connections: $0$memwr$\frame_ids$./rtl/core/vibration_core.sv:261$5879_EN[31:0]$6430 [31:1] = { $0$memwr$\frame_ids$./rtl/core/vibration_core.sv:261$5879_EN[31:0]$6430 [0] $0$memwr$\frame_ids$./rtl/core/vibration_core.sv:261$5879_EN[31:0]$6430 [0] $0$memwr$\frame_ids$./rtl/core/vibration_core.sv:261$5879_EN[31:0]$6430 [0] $0$memwr$\frame_ids$./rtl/core/vibration_core.sv:261$5879_EN[31:0]$6430 [0] $0$memwr$\frame_ids$./rtl/core/vibration_core.sv:261$5879_EN[31:0]$6430 [0] $0$memwr$\frame_ids$./rtl/core/vibration_core.sv:261$5879_EN[31:0]$6430 [0] $0$memwr$\frame_ids$./rtl/core/vibration_core.sv:261$5879_EN[31:0]$6430 [0] $0$memwr$\frame_ids$./rtl/core/vibration_core.sv:261$5879_EN[31:0]$6430 [0] $0$memwr$\frame_ids$./rtl/core/vibration_core.sv:261$5879_EN[31:0]$6430 [0] $0$memwr$\frame_ids$./rtl/core/vibration_core.sv:261$5879_EN[31:0]$6430 [0] $0$memwr$\frame_ids$./rtl/core/vibration_core.sv:261$5879_EN[31:0]$6430 [0] $0$memwr$\frame_ids$./rtl/core/vibration_core.sv:261$5879_EN[31:0]$6430 [0] $0$memwr$\frame_ids$./rtl/core/vibration_core.sv:261$5879_EN[31:0]$6430 [0] $0$memwr$\frame_ids$./rtl/core/vibration_core.sv:261$5879_EN[31:0]$6430 [0] $0$memwr$\frame_ids$./rtl/core/vibration_core.sv:261$5879_EN[31:0]$6430 [0] $0$memwr$\frame_ids$./rtl/core/vibration_core.sv:261$5879_EN[31:0]$6430 [0] $0$memwr$\frame_ids$./rtl/core/vibration_core.sv:261$5879_EN[31:0]$6430 [0] $0$memwr$\frame_ids$./rtl/core/vibration_core.sv:261$5879_EN[31:0]$6430 [0] $0$memwr$\frame_ids$./rtl/core/vibration_core.sv:261$5879_EN[31:0]$6430 [0] $0$memwr$\frame_ids$./rtl/core/vibration_core.sv:261$5879_EN[31:0]$6430 [0] $0$memwr$\frame_ids$./rtl/core/vibration_core.sv:261$5879_EN[31:0]$6430 [0] $0$memwr$\frame_ids$./rtl/core/vibration_core.sv:261$5879_EN[31:0]$6430 [0] $0$memwr$\frame_ids$./rtl/core/vibration_core.sv:261$5879_EN[31:0]$6430 [0] $0$memwr$\frame_ids$./rtl/core/vibration_core.sv:261$5879_EN[31:0]$6430 [0] $0$memwr$\frame_ids$./rtl/core/vibration_core.sv:261$5879_EN[31:0]$6430 [0] $0$memwr$\frame_ids$./rtl/core/vibration_core.sv:261$5879_EN[31:0]$6430 [0] $0$memwr$\frame_ids$./rtl/core/vibration_core.sv:261$5879_EN[31:0]$6430 [0] $0$memwr$\frame_ids$./rtl/core/vibration_core.sv:261$5879_EN[31:0]$6430 [0] $0$memwr$\frame_ids$./rtl/core/vibration_core.sv:261$5879_EN[31:0]$6430 [0] $0$memwr$\frame_ids$./rtl/core/vibration_core.sv:261$5879_EN[31:0]$6430 [0] $0$memwr$\frame_ids$./rtl/core/vibration_core.sv:261$5879_EN[31:0]$6430 [0] }
    Consolidated identical input bits for $mux cell $procmux$13279:
      Old ports: A=$2$memwr$\frame_sums$./rtl/core/vibration_core.sv:262$5880_EN[25:0]$6574, B=26'00000000000000000000000000, Y=$0$memwr$\frame_sums$./rtl/core/vibration_core.sv:262$5880_EN[25:0]$6433
      New ports: A=$procmux$13155_Y [0], B=1'0, Y=$0$memwr$\frame_sums$./rtl/core/vibration_core.sv:262$5880_EN[25:0]$6433 [0]
      New connections: $0$memwr$\frame_sums$./rtl/core/vibration_core.sv:262$5880_EN[25:0]$6433 [25:1] = { $0$memwr$\frame_sums$./rtl/core/vibration_core.sv:262$5880_EN[25:0]$6433 [0] $0$memwr$\frame_sums$./rtl/core/vibration_core.sv:262$5880_EN[25:0]$6433 [0] $0$memwr$\frame_sums$./rtl/core/vibration_core.sv:262$5880_EN[25:0]$6433 [0] $0$memwr$\frame_sums$./rtl/core/vibration_core.sv:262$5880_EN[25:0]$6433 [0] $0$memwr$\frame_sums$./rtl/core/vibration_core.sv:262$5880_EN[25:0]$6433 [0] $0$memwr$\frame_sums$./rtl/core/vibration_core.sv:262$5880_EN[25:0]$6433 [0] $0$memwr$\frame_sums$./rtl/core/vibration_core.sv:262$5880_EN[25:0]$6433 [0] $0$memwr$\frame_sums$./rtl/core/vibration_core.sv:262$5880_EN[25:0]$6433 [0] $0$memwr$\frame_sums$./rtl/core/vibration_core.sv:262$5880_EN[25:0]$6433 [0] $0$memwr$\frame_sums$./rtl/core/vibration_core.sv:262$5880_EN[25:0]$6433 [0] $0$memwr$\frame_sums$./rtl/core/vibration_core.sv:262$5880_EN[25:0]$6433 [0] $0$memwr$\frame_sums$./rtl/core/vibration_core.sv:262$5880_EN[25:0]$6433 [0] $0$memwr$\frame_sums$./rtl/core/vibration_core.sv:262$5880_EN[25:0]$6433 [0] $0$memwr$\frame_sums$./rtl/core/vibration_core.sv:262$5880_EN[25:0]$6433 [0] $0$memwr$\frame_sums$./rtl/core/vibration_core.sv:262$5880_EN[25:0]$6433 [0] $0$memwr$\frame_sums$./rtl/core/vibration_core.sv:262$5880_EN[25:0]$6433 [0] $0$memwr$\frame_sums$./rtl/core/vibration_core.sv:262$5880_EN[25:0]$6433 [0] $0$memwr$\frame_sums$./rtl/core/vibration_core.sv:262$5880_EN[25:0]$6433 [0] $0$memwr$\frame_sums$./rtl/core/vibration_core.sv:262$5880_EN[25:0]$6433 [0] $0$memwr$\frame_sums$./rtl/core/vibration_core.sv:262$5880_EN[25:0]$6433 [0] $0$memwr$\frame_sums$./rtl/core/vibration_core.sv:262$5880_EN[25:0]$6433 [0] $0$memwr$\frame_sums$./rtl/core/vibration_core.sv:262$5880_EN[25:0]$6433 [0] $0$memwr$\frame_sums$./rtl/core/vibration_core.sv:262$5880_EN[25:0]$6433 [0] $0$memwr$\frame_sums$./rtl/core/vibration_core.sv:262$5880_EN[25:0]$6433 [0] $0$memwr$\frame_sums$./rtl/core/vibration_core.sv:262$5880_EN[25:0]$6433 [0] }
  Optimizing cells in module \vibration_core.
Performed a total of 42 changes.

4.12.5. Executing OPT_MERGE pass (detect identical cells).
Finding identical cells in module `\vibration_core'.
Computing hashes of 1452 cells of `\vibration_core'.
Finding duplicate cells in `\vibration_core'.
Computing hashes of 1427 cells of `\vibration_core'.
Finding duplicate cells in `\vibration_core'.
Computing hashes of 1422 cells of `\vibration_core'.
Finding duplicate cells in `\vibration_core'.
Computing hashes of 1417 cells of `\vibration_core'.
Finding duplicate cells in `\vibration_core'.
Computing hashes of 1413 cells of `\vibration_core'.
Finding duplicate cells in `\vibration_core'.
Computing hashes of 1408 cells of `\vibration_core'.
Finding duplicate cells in `\vibration_core'.
Computing hashes of 1404 cells of `\vibration_core'.
Finding duplicate cells in `\vibration_core'.
Computing hashes of 1403 cells of `\vibration_core'.
Finding duplicate cells in `\vibration_core'.
Computing hashes of 1402 cells of `\vibration_core'.
Finding duplicate cells in `\vibration_core'.
Computing hashes of 1401 cells of `\vibration_core'.
Finding duplicate cells in `\vibration_core'.
Computing hashes of 1400 cells of `\vibration_core'.
Finding duplicate cells in `\vibration_core'.
Computing hashes of 1399 cells of `\vibration_core'.
Finding duplicate cells in `\vibration_core'.
Computing hashes of 1397 cells of `\vibration_core'.
Finding duplicate cells in `\vibration_core'.
Computing hashes of 1396 cells of `\vibration_core'.
Finding duplicate cells in `\vibration_core'.
Computing hashes of 1395 cells of `\vibration_core'.
Finding duplicate cells in `\vibration_core'.
<suppressed ~171 debug messages>
Removed a total of 57 cells.

4.12.6. Executing OPT_DFF pass (perform DFF optimizations).

4.12.7. Executing OPT_CLEAN pass (remove unused cells and wires).
Finding unused cells or wires in module \vibration_core..
Removed 0 unused cells and 588 unused wires.
<suppressed ~1 debug messages>

4.12.8. Executing OPT_EXPR pass (perform const folding).
Optimizing module vibration_core.
<suppressed ~1 debug messages>

4.12.9. Rerunning OPT passes. (Maybe there is more to do..)

4.12.10. Executing OPT_MUXTREE pass (detect dead branches in mux trees).
Running muxtree optimizer on module \vibration_core..
  Creating internal representation of mux trees.
  Evaluating internal representation of mux trees.
  Analyzing evaluation results.
Removed 0 multiplexer ports.
<suppressed ~561 debug messages>

4.12.11. Executing OPT_REDUCE pass (consolidate $*mux and $reduce_* inputs).
  Optimizing cells in module \vibration_core.
    New ctrl vector for $pmux cell $procmux$13998: { $auto$opt_reduce.cc:137:opt_pmux$15011 $procmux$13651_CMP $procmux$13581_CMP }
  Optimizing cells in module \vibration_core.
Performed a total of 1 changes.

4.12.12. Executing OPT_MERGE pass (detect identical cells).
Finding identical cells in module `\vibration_core'.
Computing hashes of 1395 cells of `\vibration_core'.
Finding duplicate cells in `\vibration_core'.
Removed a total of 0 cells.

4.12.13. Executing OPT_DFF pass (perform DFF optimizations).

4.12.14. Executing OPT_CLEAN pass (remove unused cells and wires).
Finding unused cells or wires in module \vibration_core..
Removed 0 unused cells and 1 unused wires.
<suppressed ~1 debug messages>

4.12.15. Executing OPT_EXPR pass (perform const folding).
Optimizing module vibration_core.

4.12.16. Rerunning OPT passes. (Maybe there is more to do..)

4.12.17. Executing OPT_MUXTREE pass (detect dead branches in mux trees).
Running muxtree optimizer on module \vibration_core..
  Creating internal representation of mux trees.
  Evaluating internal representation of mux trees.
  Analyzing evaluation results.
Removed 0 multiplexer ports.
<suppressed ~558 debug messages>

4.12.18. Executing OPT_REDUCE pass (consolidate $*mux and $reduce_* inputs).
  Optimizing cells in module \vibration_core.
Performed a total of 0 changes.

4.12.19. Executing OPT_MERGE pass (detect identical cells).
Finding identical cells in module `\vibration_core'.
Computing hashes of 1395 cells of `\vibration_core'.
Finding duplicate cells in `\vibration_core'.
Removed a total of 0 cells.

4.12.20. Executing OPT_DFF pass (perform DFF optimizations).

4.12.21. Executing OPT_CLEAN pass (remove unused cells and wires).
Finding unused cells or wires in module \vibration_core..

4.12.22. Executing OPT_EXPR pass (perform const folding).
Optimizing module vibration_core.

4.12.23. Finished fast OPT passes. (There is nothing left to do.)

4.13. Executing FSM pass (extract and optimize FSM).

4.13.1. Executing FSM_DETECT pass (finding FSMs in design).
Not marking vibration_core.state as FSM state register:
    Users of register don't seem to benefit from recoding.
Not marking vibration_core.dbg_kind as FSM state register:
    Register is connected to module port.
    Users of register don't seem to benefit from recoding.
Not marking vibration_core.out_class as FSM state register:
    Register is connected to module port.
    Users of register don't seem to benefit from recoding.

4.13.2. Executing FSM_EXTRACT pass (extracting FSM from design).

4.13.3. Executing FSM_OPT pass (simple optimizations of FSMs).

4.13.4. Executing OPT_CLEAN pass (remove unused cells and wires).
Finding unused cells or wires in module \vibration_core..

4.13.5. Executing FSM_OPT pass (simple optimizations of FSMs).

4.13.6. Executing FSM_RECODE pass (re-assigning FSM state encoding).

4.13.7. Executing FSM_INFO pass (dumping all available information on FSM cells).

4.13.8. Executing FSM_MAP pass (mapping FSMs to basic logic).

4.14. Executing OPT pass (performing simple optimizations).

4.14.1. Executing OPT_EXPR pass (perform const folding).
Optimizing module vibration_core.

4.14.2. Executing OPT_MERGE pass (detect identical cells).
Finding identical cells in module `\vibration_core'.
Computing hashes of 1395 cells of `\vibration_core'.
Finding duplicate cells in `\vibration_core'.
Removed a total of 0 cells.

4.14.3. Executing OPT_MUXTREE pass (detect dead branches in mux trees).
Running muxtree optimizer on module \vibration_core..
  Creating internal representation of mux trees.
  Evaluating internal representation of mux trees.
  Analyzing evaluation results.
Removed 0 multiplexer ports.
<suppressed ~558 debug messages>

4.14.4. Executing OPT_REDUCE pass (consolidate $*mux and $reduce_* inputs).
  Optimizing cells in module \vibration_core.
Performed a total of 0 changes.

4.14.5. Executing OPT_MERGE pass (detect identical cells).
Finding identical cells in module `\vibration_core'.
Computing hashes of 1395 cells of `\vibration_core'.
Finding duplicate cells in `\vibration_core'.
Removed a total of 0 cells.

4.14.6. Executing OPT_DFF pass (perform DFF optimizations).
Adding EN signal on $procdff$14785 ($dff) from module vibration_core (D = $memrd$\g_lane[1].weights$./rtl/core/vibration_core.sv:185$7165_DATA, Q = \g_lane[1].selected_weight).
Adding EN signal on $procdff$14784 ($dff) from module vibration_core (D = $mul$./rtl/core/vibration_core.sv:187$7173_Y, Q = \product[2]).
Adding EN signal on $procdff$14783 ($dff) from module vibration_core (D = $memrd$\g_lane[2].weights$./rtl/core/vibration_core.sv:185$7172_DATA, Q = \g_lane[2].selected_weight).
Adding EN signal on $procdff$14782 ($dff) from module vibration_core (D = $mul$./rtl/core/vibration_core.sv:187$7180_Y, Q = \product[3]).
Adding EN signal on $procdff$14781 ($dff) from module vibration_core (D = $memrd$\g_lane[3].weights$./rtl/core/vibration_core.sv:185$7179_DATA, Q = \g_lane[3].selected_weight).
Adding EN signal on $procdff$14959 ($dff) from module vibration_core (D = $memrd$\windowed$./rtl/core/vibration_core.sv:227$6331_DATA, Q = \sample_q).
Adding EN signal on $procdff$14958 ($dff) from module vibration_core (D = $memrd$\hann$./rtl/core/vibration_core.sv:224$6303_DATA, Q = \hann_q).
Adding EN signal on $procdff$14957 ($dff) from module vibration_core (D = $ternary$./rtl/core/vibration_core.sv:223$6302_Y, Q = \raw_q).
Adding SRST signal on $procdff$14798 ($dff) from module vibration_core (D = $procmux$14431_Y, Q = \cycles_total, rval = 0).
Adding EN signal on $auto$ff.cc:337:slice$15020 ($sdff) from module vibration_core (D = \count_total, Q = \cycles_total).
Adding EN signal on $flatten\g_lane[3].coeff_rom.$procdff$14976 ($dff) from module vibration_core (D = $flatten\g_lane[3].coeff_rom.$memrd$\quarter$./rtl/core/vib_coeff_rom.sv:23$5817_DATA, Q = \g_lane[3].coeff_rom.magnitude).
Adding SRST signal on $procdff$14797 ($dff) from module vibration_core (D = $procmux$14438_Y, Q = \cycles_nn, rval = 0).
Adding EN signal on $auto$ff.cc:337:slice$15023 ($sdff) from module vibration_core (D = \count_nn, Q = \cycles_nn).
Adding SRST signal on $procdff$14796 ($dff) from module vibration_core (D = $procmux$14445_Y, Q = \cycles_power, rval = 0).
Adding EN signal on $auto$ff.cc:337:slice$15025 ($sdff) from module vibration_core (D = \count_power, Q = \cycles_power).
Adding SRST signal on $procdff$14801 ($dff) from module vibration_core (D = $procmux$14393_Y, Q = \dbg_kind, rval = 4'0000).
Adding EN signal on $auto$ff.cc:337:slice$15027 ($sdff) from module vibration_core (D = $procmux$14393_Y, Q = \dbg_kind).
Adding EN signal on $flatten\g_lane[3].coeff_rom.$procdff$14977 ($dff) from module vibration_core (D = $flatten\g_lane[3].coeff_rom.$logic_or$./rtl/core/vib_coeff_rom.sv:24$5820_Y, Q = \g_lane[3].coeff_rom.negative).
Adding EN signal on $flatten\g_lane[3].coeff_rom.$procdff$14978 ($dff) from module vibration_core (D = $flatten\g_lane[3].coeff_rom.$logic_and$./rtl/core/vib_coeff_rom.sv:25$5822_Y, Q = \g_lane[3].coeff_rom.is_zero).
Adding EN signal on $flatten\g_lane[2].coeff_rom.$procdff$14976 ($dff) from module vibration_core (D = $flatten\g_lane[2].coeff_rom.$memrd$\quarter$./rtl/core/vib_coeff_rom.sv:23$5817_DATA, Q = \g_lane[2].coeff_rom.magnitude).
Adding EN signal on $flatten\g_lane[2].coeff_rom.$procdff$14977 ($dff) from module vibration_core (D = $flatten\g_lane[2].coeff_rom.$logic_or$./rtl/core/vib_coeff_rom.sv:24$5820_Y, Q = \g_lane[2].coeff_rom.negative).
Adding EN signal on $flatten\g_lane[2].coeff_rom.$procdff$14978 ($dff) from module vibration_core (D = $flatten\g_lane[2].coeff_rom.$logic_and$./rtl/core/vib_coeff_rom.sv:25$5822_Y, Q = \g_lane[2].coeff_rom.is_zero).
Adding SRST signal on $procdff$14793 ($dff) from module vibration_core (D = $procmux$14466_Y, Q = \out_error, rval = 8'00000000).
Adding EN signal on $auto$ff.cc:337:slice$15040 ($sdff) from module vibration_core (D = \arithmetic_errors, Q = \out_error).
Adding EN signal on $flatten\g_lane[1].coeff_rom.$procdff$14976 ($dff) from module vibration_core (D = $flatten\g_lane[1].coeff_rom.$memrd$\quarter$./rtl/core/vib_coeff_rom.sv:23$5817_DATA, Q = \g_lane[1].coeff_rom.magnitude).
Adding EN signal on $flatten\g_lane[1].coeff_rom.$procdff$14977 ($dff) from module vibration_core (D = $flatten\g_lane[1].coeff_rom.$logic_or$./rtl/core/vib_coeff_rom.sv:24$5820_Y, Q = \g_lane[1].coeff_rom.negative).
Adding EN signal on $flatten\g_lane[1].coeff_rom.$procdff$14978 ($dff) from module vibration_core (D = $flatten\g_lane[1].coeff_rom.$logic_and$./rtl/core/vib_coeff_rom.sv:25$5822_Y, Q = \g_lane[1].coeff_rom.is_zero).
Adding EN signal on $flatten\g_lane[0].coeff_rom.$procdff$14976 ($dff) from module vibration_core (D = $flatten\g_lane[0].coeff_rom.$memrd$\quarter$./rtl/core/vib_coeff_rom.sv:23$5817_DATA, Q = \g_lane[0].coeff_rom.magnitude).
Adding EN signal on $flatten\g_lane[0].coeff_rom.$procdff$14977 ($dff) from module vibration_core (D = $flatten\g_lane[0].coeff_rom.$logic_or$./rtl/core/vib_coeff_rom.sv:24$5820_Y, Q = \g_lane[0].coeff_rom.negative).
Adding EN signal on $flatten\g_lane[0].coeff_rom.$procdff$14978 ($dff) from module vibration_core (D = $flatten\g_lane[0].coeff_rom.$logic_and$./rtl/core/vib_coeff_rom.sv:25$5822_Y, Q = \g_lane[0].coeff_rom.is_zero).
Adding SRST signal on $procdff$14789 ($dff) from module vibration_core (D = $procmux$14501_Y, Q = \out_valid, rval = 1'0).
Adding EN signal on $auto$ff.cc:337:slice$15048 ($sdff) from module vibration_core (D = $procmux$14501_Y, Q = \out_valid).
Adding EN signal on $procdff$14788 ($dff) from module vibration_core (D = $mul$./rtl/core/vibration_core.sv:187$7159_Y, Q = \product[0]).
Adding EN signal on $procdff$14787 ($dff) from module vibration_core (D = $memrd$\g_lane[0].weights$./rtl/core/vibration_core.sv:185$7158_DATA, Q = \g_lane[0].selected_weight).
Adding SRST signal on $procdff$14792 ($dff) from module vibration_core (D = $procmux$14479_Y, Q = \out_class, rval = 2'00).
Adding EN signal on $auto$ff.cc:337:slice$15058 ($sdff) from module vibration_core (D = $procmux$14477_Y, Q = \out_class).
Adding SRST signal on $procdff$14791 ($dff) from module vibration_core (D = $procmux$14486_Y, Q = \out_logits, rval = 96'000000000000000000000000000000000000000000000000000000000000000000000000000000000000000000000000).
Adding EN signal on $auto$ff.cc:337:slice$15060 ($sdff) from module vibration_core (D = { $memrd$\logits$./rtl/core/vibration_core.sv:369$7136_DATA $memrd$\logits$./rtl/core/vibration_core.sv:369$7135_DATA $memrd$\logits$./rtl/core/vibration_core.sv:369$7134_DATA }, Q = \out_logits).
Adding EN signal on $procdff$14786 ($dff) from module vibration_core (D = $mul$./rtl/core/vibration_core.sv:187$7166_Y, Q = \product[1]).
Adding SRST signal on $procdff$14800 ($dff) from module vibration_core (D = $procmux$13217_Y, Q = \dbg_valid, rval = 1'0).
Adding SRST signal on $procdff$14799 ($dff) from module vibration_core (D = $procmux$14424_Y, Q = \protocol_errors, rval = 0).
Adding EN signal on $auto$ff.cc:337:slice$15064 ($sdff) from module vibration_core (D = $procmux$14422_Y, Q = \protocol_errors).
Adding SRST signal on $procdff$14795 ($dff) from module vibration_core (D = $procmux$14452_Y, Q = \cycles_dft, rval = 0).
Adding EN signal on $auto$ff.cc:337:slice$15076 ($sdff) from module vibration_core (D = \count_dft, Q = \cycles_dft).
Adding SRST signal on $procdff$14794 ($dff) from module vibration_core (D = $procmux$14459_Y, Q = \cycles_pre, rval = 0).
Adding EN signal on $auto$ff.cc:337:slice$15078 ($sdff) from module vibration_core (D = \count_pre, Q = \cycles_pre).
Adding SRST signal on $procdff$14790 ($dff) from module vibration_core (D = $procmux$14493_Y, Q = \out_frame_id, rval = 0).
Adding EN signal on $auto$ff.cc:337:slice$15080 ($sdff) from module vibration_core (D = \active_id, Q = \out_frame_id).
Adding SRST signal on $procdff$14840 ($dff) from module vibration_core (D = $procmux$13580_Y, Q = \phase[3], rval = 10'0000000000).
Adding EN signal on $auto$ff.cc:337:slice$15082 ($sdff) from module vibration_core (D = $procmux$13580_Y, Q = \phase[3]).
Adding SRST signal on $procdff$14839 ($dff) from module vibration_core (D = $procmux$13600_Y, Q = \phase[2], rval = 10'0000000000).
Adding EN signal on $auto$ff.cc:337:slice$15086 ($sdff) from module vibration_core (D = $procmux$13600_Y, Q = \phase[2]).
Adding SRST signal on $procdff$14838 ($dff) from module vibration_core (D = $procmux$13620_Y, Q = \phase[1], rval = 10'0000000000).
Adding EN signal on $auto$ff.cc:337:slice$15090 ($sdff) from module vibration_core (D = $procmux$13620_Y, Q = \phase[1]).
Adding SRST signal on $procdff$14837 ($dff) from module vibration_core (D = $procmux$13640_Y, Q = \phase[0], rval = 10'0000000000).
Adding EN signal on $auto$ff.cc:337:slice$15094 ($sdff) from module vibration_core (D = $procmux$13640_Y, Q = \phase[0]).
Adding SRST signal on $procdff$14836 ($dff) from module vibration_core (D = $procmux$13650_Y, Q = \accumulator[3], rval = 40'0000000000000000000000000000000000000000).
Adding EN signal on $auto$ff.cc:337:slice$15098 ($sdff) from module vibration_core (D = $procmux$13650_Y, Q = \accumulator[3]).
Adding SRST signal on $procdff$14835 ($dff) from module vibration_core (D = $procmux$13668_Y, Q = \accumulator[2], rval = 40'0000000000000000000000000000000000000000).
Adding EN signal on $auto$ff.cc:337:slice$15102 ($sdff) from module vibration_core (D = $procmux$13668_Y, Q = \accumulator[2]).
Adding SRST signal on $procdff$14834 ($dff) from module vibration_core (D = $procmux$13686_Y, Q = \accumulator[1], rval = 40'0000000000000000000000000000000000000000).
Adding EN signal on $auto$ff.cc:337:slice$15106 ($sdff) from module vibration_core (D = $procmux$13686_Y, Q = \accumulator[1]).
Adding SRST signal on $procdff$14833 ($dff) from module vibration_core (D = $procmux$13704_Y, Q = \accumulator[0], rval = 40'0000000000000000000000000000000000000000).
Adding EN signal on $auto$ff.cc:337:slice$15110 ($sdff) from module vibration_core (D = $procmux$13704_Y, Q = \accumulator[0]).
Adding SRST signal on $procdff$14831 ($dff) from module vibration_core (D = $procmux$13745_Y, Q = \count_total, rval = 0).
Adding SRST signal on $procdff$14830 ($dff) from module vibration_core (D = $procmux$13777_Y, Q = \count_nn, rval = 0).
Adding SRST signal on $procdff$14829 ($dff) from module vibration_core (D = $procmux$13809_Y, Q = \count_power, rval = 0).
Adding SRST signal on $procdff$14828 ($dff) from module vibration_core (D = $procmux$13841_Y, Q = \count_dft, rval = 0).
Adding SRST signal on $procdff$14827 ($dff) from module vibration_core (D = $procmux$13873_Y, Q = \count_pre, rval = 0).
Adding SRST signal on $procdff$14826 ($dff) from module vibration_core (D = { $procmux$9251_Y $procmux$9261_Y }, Q = \arithmetic_errors, rval = 8'00000000).
Adding EN signal on $auto$ff.cc:337:slice$15119 ($sdff) from module vibration_core (D = 7'0000000, Q = \arithmetic_errors [7:1]).
Adding EN signal on $auto$ff.cc:337:slice$15119 ($sdff) from module vibration_core (D = $procmux$9261_Y, Q = \arithmetic_errors [0]).
Adding SRST signal on $procdff$14825 ($dff) from module vibration_core (D = $procmux$13897_Y, Q = \activation_q, rval = 8'00000000).
Adding EN signal on $auto$ff.cc:337:slice$15132 ($sdff) from module vibration_core (D = $ternary$./rtl/core/vibration_core.sv:345$7034_Y, Q = \activation_q).
Adding SRST signal on $procdff$14824 ($dff) from module vibration_core (D = $procmux$13909_Y, Q = \nn_input, rval = 4'0000).
Adding EN signal on $auto$ff.cc:337:slice$15134 ($sdff) from module vibration_core (D = $procmux$13909_Y, Q = \nn_input).
Adding SRST signal on $procdff$14823 ($dff) from module vibration_core (D = $procmux$13927_Y, Q = \nn_group, rval = 5'00000).
Adding EN signal on $auto$ff.cc:337:slice$15142 ($sdff) from module vibration_core (D = $procmux$13927_Y, Q = \nn_group).
Adding SRST signal on $procdff$14822 ($dff) from module vibration_core (D = $procmux$13945_Y, Q = \nn_layer, rval = 1'0).
Adding EN signal on $auto$ff.cc:337:slice$15154 ($sdff) from module vibration_core (D = $procmux$13945_Y, Q = \nn_layer).
Adding SRST signal on $procdff$14821 ($dff) from module vibration_core (D = $procmux$13963_Y, Q = \power_sum, rval = 33'000000000000000000000000000000000).
Adding EN signal on $auto$ff.cc:337:slice$15166 ($sdff) from module vibration_core (D = $procmux$13963_Y, Q = \power_sum).
Adding SRST signal on $procdff$14820 ($dff) from module vibration_core (D = $procmux$13980_Y, Q = \feature_index, rval = 4'0000).
Adding EN signal on $auto$ff.cc:337:slice$15170 ($sdff) from module vibration_core (D = $procmux$13980_Y, Q = \feature_index).
Adding SRST signal on $procdff$14819 ($dff) from module vibration_core (D = $procmux$13998_Y, Q = \store_lane, rval = 3'000).
Adding EN signal on $auto$ff.cc:337:slice$15182 ($sdff) from module vibration_core (D = $procmux$13998_Y, Q = \store_lane).
Adding SRST signal on $procdff$14818 ($dff) from module vibration_core (D = $procmux$14034_Y, Q = \dft_group, rval = 6'000000).
Adding EN signal on $auto$ff.cc:337:slice$15194 ($sdff) from module vibration_core (D = $procmux$14034_Y, Q = \dft_group).
Adding SRST signal on $procdff$14817 ($dff) from module vibration_core (D = $procmux$14064_Y, Q = \mean, rval = 16'0000000000000000).
Adding EN signal on $auto$ff.cc:337:slice$15206 ($sdff) from module vibration_core (D = $3\rne$func$./rtl/core/vibration_core.sv:286$5847.$result[63:0]$6775 [15:0], Q = \mean).
Adding SRST signal on $procdff$14816 ($dff) from module vibration_core (D = $procmux$14086_Y, Q = \point, rval = 10'0000000000).
Adding EN signal on $auto$ff.cc:337:slice$15208 ($sdff) from module vibration_core (D = $procmux$14086_Y, Q = \point).
Adding SRST signal on $procdff$14815 ($dff) from module vibration_core (D = $procmux$14125_Y, Q = \active_id, rval = 0).
Adding EN signal on $auto$ff.cc:337:slice$15218 ($sdff) from module vibration_core (D = $memrd$\frame_ids$./rtl/core/vibration_core.sv:279$6758_DATA, Q = \active_id).
Adding SRST signal on $procdff$14814 ($dff) from module vibration_core (D = $procmux$14137_Y, Q = \input_sum, rval = 26'00000000000000000000000000).
Adding EN signal on $auto$ff.cc:337:slice$15222 ($sdff) from module vibration_core (D = $procmux$14135_Y, Q = \input_sum).
Adding SRST signal on $procdff$14813 ($dff) from module vibration_core (D = $procmux$14146_Y, Q = \receiving_id, rval = 0).
Adding EN signal on $auto$ff.cc:337:slice$15228 ($sdff) from module vibration_core (D = \in_frame_id, Q = \receiving_id).
Adding SRST signal on $procdff$14812 ($dff) from module vibration_core (D = $procmux$14164_Y, Q = \input_index, rval = 10'0000000000).
Adding EN signal on $auto$ff.cc:337:slice$15232 ($sdff) from module vibration_core (D = $procmux$14162_Y, Q = \input_index).
Adding SRST signal on $procdff$14811 ($dff) from module vibration_core (D = $procmux$14184_Y, Q = \draining, rval = 1'0).
Adding EN signal on $auto$ff.cc:337:slice$15242 ($sdff) from module vibration_core (D = $procmux$14182_Y, Q = \draining).
Adding SRST signal on $procdff$14810 ($dff) from module vibration_core (D = $procmux$14204_Y, Q = \receiving, rval = 1'0).
Adding EN signal on $auto$ff.cc:337:slice$15244 ($sdff) from module vibration_core (D = $procmux$14202_Y, Q = \receiving).
Adding SRST signal on $procdff$14809 ($dff) from module vibration_core (D = $procmux$14234_Y, Q = \active_bank, rval = 1'0).
Adding EN signal on $auto$ff.cc:337:slice$15250 ($sdff) from module vibration_core (D = \read_bank, Q = \active_bank).
Adding SRST signal on $procdff$14808 ($dff) from module vibration_core (D = $procmux$14264_Y, Q = \read_bank, rval = 1'0).
Adding EN signal on $auto$ff.cc:337:slice$15254 ($sdff) from module vibration_core (D = $logic_not$./rtl/core/vibration_core.sv:280$6773_Y, Q = \read_bank).
Adding SRST signal on $procdff$14807 ($dff) from module vibration_core (D = $procmux$14282_Y, Q = \write_bank, rval = 1'0).
Adding EN signal on $auto$ff.cc:337:slice$15258 ($sdff) from module vibration_core (D = $logic_not$./rtl/core/vibration_core.sv:263$6620_Y, Q = \write_bank).
Adding SRST signal on $procdff$14806 ($dff) from module vibration_core (D = $2$lookahead\busy$6333[1:0]$6752, Q = \busy, rval = 2'00).
Adding EN signal on $auto$ff.cc:337:slice$15266 ($sdff) from module vibration_core (D = $2$lookahead\busy$6333[1:0]$6752, Q = \busy).
Adding SRST signal on $procdff$14805 ($dff) from module vibration_core (D = $7$lookahead\full$6332[1:0]$6751, Q = \full, rval = 2'00).
Adding SRST signal on $procdff$14804 ($dff) from module vibration_core (D = $procmux$14290_Y, Q = \state, rval = 5'00000).
Adding EN signal on $auto$ff.cc:337:slice$15277 ($sdff) from module vibration_core (D = $procmux$14290_Y, Q = \state).
Adding SRST signal on $procdff$14803 ($dff) from module vibration_core (D = $procmux$14355_Y, Q = \dbg_value, rval = 40'0000000000000000000000000000000000000000).
Adding EN signal on $auto$ff.cc:337:slice$15289 ($sdff) from module vibration_core (D = $procmux$14355_Y, Q = \dbg_value).
Adding SRST signal on $procdff$14802 ($dff) from module vibration_core (D = $procmux$14374_Y, Q = \dbg_index, rval = 16'0000000000000000).
Adding EN signal on $auto$ff.cc:337:slice$15297 ($sdff) from module vibration_core (D = $procmux$14374_Y, Q = \dbg_index).
Setting constant 0-bit at position 0 on $auto$ff.cc:337:slice$15120 ($sdffe) from module vibration_core.
Setting constant 0-bit at position 1 on $auto$ff.cc:337:slice$15120 ($sdffe) from module vibration_core.
Setting constant 0-bit at position 2 on $auto$ff.cc:337:slice$15120 ($sdffe) from module vibration_core.
Setting constant 0-bit at position 3 on $auto$ff.cc:337:slice$15120 ($sdffe) from module vibration_core.
Setting constant 0-bit at position 4 on $auto$ff.cc:337:slice$15120 ($sdffe) from module vibration_core.
Setting constant 0-bit at position 5 on $auto$ff.cc:337:slice$15120 ($sdffe) from module vibration_core.
Setting constant 0-bit at position 6 on $auto$ff.cc:337:slice$15120 ($sdffe) from module vibration_core.

4.14.7. Executing OPT_CLEAN pass (remove unused cells and wires).
Finding unused cells or wires in module \vibration_core..
Removed 107 unused cells and 106 unused wires.
<suppressed ~108 debug messages>

4.14.8. Executing OPT_EXPR pass (perform const folding).
Optimizing module vibration_core.
<suppressed ~24 debug messages>

4.14.9. Rerunning OPT passes. (Maybe there is more to do..)

4.14.10. Executing OPT_MUXTREE pass (detect dead branches in mux trees).
Running muxtree optimizer on module \vibration_core..
  Creating internal representation of mux trees.
  Evaluating internal representation of mux trees.
  Analyzing evaluation results.
Removed 0 multiplexer ports.
<suppressed ~415 debug messages>

4.14.11. Executing OPT_REDUCE pass (consolidate $*mux and $reduce_* inputs).
  Optimizing cells in module \vibration_core.
Performed a total of 0 changes.

4.14.12. Executing OPT_MERGE pass (detect identical cells).
Finding identical cells in module `\vibration_core'.
Computing hashes of 1375 cells of `\vibration_core'.
Finding duplicate cells in `\vibration_core'.
Computing hashes of 1351 cells of `\vibration_core'.
Finding duplicate cells in `\vibration_core'.
Computing hashes of 1350 cells of `\vibration_core'.
Finding duplicate cells in `\vibration_core'.
<suppressed ~75 debug messages>
Removed a total of 25 cells.

4.14.13. Executing OPT_DFF pass (perform DFF optimizations).
Setting constant 0-bit at position 1 on $auto$ff.cc:337:slice$15041 ($sdffe) from module vibration_core.
Setting constant 0-bit at position 2 on $auto$ff.cc:337:slice$15041 ($sdffe) from module vibration_core.
Setting constant 0-bit at position 3 on $auto$ff.cc:337:slice$15041 ($sdffe) from module vibration_core.
Setting constant 0-bit at position 4 on $auto$ff.cc:337:slice$15041 ($sdffe) from module vibration_core.
Setting constant 0-bit at position 5 on $auto$ff.cc:337:slice$15041 ($sdffe) from module vibration_core.
Setting constant 0-bit at position 6 on $auto$ff.cc:337:slice$15041 ($sdffe) from module vibration_core.
Setting constant 0-bit at position 7 on $auto$ff.cc:337:slice$15041 ($sdffe) from module vibration_core.

4.14.14. Executing OPT_CLEAN pass (remove unused cells and wires).
Finding unused cells or wires in module \vibration_core..
Removed 0 unused cells and 25 unused wires.
<suppressed ~1 debug messages>

4.14.15. Executing OPT_EXPR pass (perform const folding).
Optimizing module vibration_core.

4.14.16. Rerunning OPT passes. (Maybe there is more to do..)

4.14.17. Executing OPT_MUXTREE pass (detect dead branches in mux trees).
Running muxtree optimizer on module \vibration_core..
  Creating internal representation of mux trees.
  Evaluating internal representation of mux trees.
  Analyzing evaluation results.
Removed 0 multiplexer ports.
<suppressed ~415 debug messages>

4.14.18. Executing OPT_REDUCE pass (consolidate $*mux and $reduce_* inputs).
  Optimizing cells in module \vibration_core.
Performed a total of 0 changes.

4.14.19. Executing OPT_MERGE pass (detect identical cells).
Finding identical cells in module `\vibration_core'.
Computing hashes of 1350 cells of `\vibration_core'.
Finding duplicate cells in `\vibration_core'.
Removed a total of 0 cells.

4.14.20. Executing OPT_DFF pass (perform DFF optimizations).

4.14.21. Executing OPT_CLEAN pass (remove unused cells and wires).
Finding unused cells or wires in module \vibration_core..

4.14.22. Executing OPT_EXPR pass (perform const folding).
Optimizing module vibration_core.

4.14.23. Finished fast OPT passes. (There is nothing left to do.)

4.15. Executing WREDUCE pass (reducing word size of cells).
Removed top 24 address bits (of 32) from memory init port vibration_core.$flatten\g_lane[0].coeff_rom.$meminit$\quarter$./rtl/core/vib_coeff_rom.sv:20$5826 (g_lane[0].coeff_rom.quarter).
Removed top 24 address bits (of 32) from memory init port vibration_core.$flatten\g_lane[1].coeff_rom.$meminit$\quarter$./rtl/core/vib_coeff_rom.sv:20$5826 (g_lane[1].coeff_rom.quarter).
Removed top 24 address bits (of 32) from memory init port vibration_core.$flatten\g_lane[2].coeff_rom.$meminit$\quarter$./rtl/core/vib_coeff_rom.sv:20$5826 (g_lane[2].coeff_rom.quarter).
Removed top 24 address bits (of 32) from memory read port vibration_core.$memrd$\g_lane[3].w1_init$./rtl/core/vibration_core.sv:177$8537 (g_lane[3].w1_init).
Removed top 24 address bits (of 32) from memory read port vibration_core.$memrd$\g_lane[3].w1_init$./rtl/core/vibration_core.sv:177$8536 (g_lane[3].w1_init).
Removed top 24 address bits (of 32) from memory read port vibration_core.$memrd$\g_lane[3].w1_init$./rtl/core/vibration_core.sv:177$8535 (g_lane[3].w1_init).
Removed top 24 address bits (of 32) from memory read port vibration_core.$memrd$\g_lane[3].w1_init$./rtl/core/vibration_core.sv:177$8534 (g_lane[3].w1_init).
Removed top 24 address bits (of 32) from memory read port vibration_core.$memrd$\g_lane[3].w1_init$./rtl/core/vibration_core.sv:177$8533 (g_lane[3].w1_init).
Removed top 24 address bits (of 32) from memory read port vibration_core.$memrd$\g_lane[3].w1_init$./rtl/core/vibration_core.sv:177$8532 (g_lane[3].w1_init).
Removed top 24 address bits (of 32) from memory read port vibration_core.$memrd$\g_lane[3].w1_init$./rtl/core/vibration_core.sv:177$8531 (g_lane[3].w1_init).
Removed top 24 address bits (of 32) from memory read port vibration_core.$memrd$\g_lane[3].w1_init$./rtl/core/vibration_core.sv:177$8530 (g_lane[3].w1_init).
Removed top 24 address bits (of 32) from memory read port vibration_core.$memrd$\g_lane[3].w1_init$./rtl/core/vibration_core.sv:177$8529 (g_lane[3].w1_init).
Removed top 24 address bits (of 32) from memory read port vibration_core.$memrd$\g_lane[3].w1_init$./rtl/core/vibration_core.sv:177$8528 (g_lane[3].w1_init).
Removed top 24 address bits (of 32) from memory read port vibration_core.$memrd$\g_lane[3].w1_init$./rtl/core/vibration_core.sv:177$8527 (g_lane[3].w1_init).
Removed top 24 address bits (of 32) from memory read port vibration_core.$memrd$\g_lane[3].w1_init$./rtl/core/vibration_core.sv:177$8526 (g_lane[3].w1_init).
Removed top 24 address bits (of 32) from memory read port vibration_core.$memrd$\g_lane[3].w1_init$./rtl/core/vibration_core.sv:177$8525 (g_lane[3].w1_init).
Removed top 24 address bits (of 32) from memory read port vibration_core.$memrd$\g_lane[3].w1_init$./rtl/core/vibration_core.sv:177$8524 (g_lane[3].w1_init).
Removed top 24 address bits (of 32) from memory read port vibration_core.$memrd$\g_lane[3].w1_init$./rtl/core/vibration_core.sv:177$8523 (g_lane[3].w1_init).
Removed top 24 address bits (of 32) from memory read port vibration_core.$memrd$\g_lane[3].w1_init$./rtl/core/vibration_core.sv:177$8522 (g_lane[3].w1_init).
Removed top 24 address bits (of 32) from memory read port vibration_core.$memrd$\g_lane[3].w1_init$./rtl/core/vibration_core.sv:177$8521 (g_lane[3].w1_init).
Removed top 24 address bits (of 32) from memory read port vibration_core.$memrd$\g_lane[3].w1_init$./rtl/core/vibration_core.sv:177$8520 (g_lane[3].w1_init).
Removed top 24 address bits (of 32) from memory read port vibration_core.$memrd$\g_lane[3].w1_init$./rtl/core/vibration_core.sv:177$8519 (g_lane[3].w1_init).
Removed top 24 address bits (of 32) from memory read port vibration_core.$memrd$\g_lane[3].w1_init$./rtl/core/vibration_core.sv:177$8518 (g_lane[3].w1_init).
Removed top 24 address bits (of 32) from memory read port vibration_core.$memrd$\g_lane[3].w1_init$./rtl/core/vibration_core.sv:177$8517 (g_lane[3].w1_init).
Removed top 24 address bits (of 32) from memory read port vibration_core.$memrd$\g_lane[3].w1_init$./rtl/core/vibration_core.sv:177$8516 (g_lane[3].w1_init).
Removed top 24 address bits (of 32) from memory read port vibration_core.$memrd$\g_lane[3].w1_init$./rtl/core/vibration_core.sv:177$8515 (g_lane[3].w1_init).
Removed top 24 address bits (of 32) from memory read port vibration_core.$memrd$\g_lane[3].w1_init$./rtl/core/vibration_core.sv:177$8514 (g_lane[3].w1_init).
Removed top 24 address bits (of 32) from memory read port vibration_core.$memrd$\g_lane[3].w1_init$./rtl/core/vibration_core.sv:177$8513 (g_lane[3].w1_init).
Removed top 24 address bits (of 32) from memory read port vibration_core.$memrd$\g_lane[3].w1_init$./rtl/core/vibration_core.sv:177$8512 (g_lane[3].w1_init).
Removed top 24 address bits (of 32) from memory read port vibration_core.$memrd$\g_lane[3].w1_init$./rtl/core/vibration_core.sv:177$8511 (g_lane[3].w1_init).
Removed top 24 address bits (of 32) from memory read port vibration_core.$memrd$\g_lane[3].w1_init$./rtl/core/vibration_core.sv:177$8510 (g_lane[3].w1_init).
Removed top 24 address bits (of 32) from memory read port vibration_core.$memrd$\g_lane[3].w1_init$./rtl/core/vibration_core.sv:177$8509 (g_lane[3].w1_init).
Removed top 24 address bits (of 32) from memory read port vibration_core.$memrd$\g_lane[3].w1_init$./rtl/core/vibration_core.sv:177$8508 (g_lane[3].w1_init).
Removed top 24 address bits (of 32) from memory read port vibration_core.$memrd$\g_lane[3].w1_init$./rtl/core/vibration_core.sv:177$8507 (g_lane[3].w1_init).
Removed top 24 address bits (of 32) from memory read port vibration_core.$memrd$\g_lane[3].w1_init$./rtl/core/vibration_core.sv:177$8506 (g_lane[3].w1_init).
Removed top 24 address bits (of 32) from memory read port vibration_core.$memrd$\g_lane[3].w1_init$./rtl/core/vibration_core.sv:177$8505 (g_lane[3].w1_init).
Removed top 24 address bits (of 32) from memory read port vibration_core.$memrd$\g_lane[3].w1_init$./rtl/core/vibration_core.sv:177$8504 (g_lane[3].w1_init).
Removed top 24 address bits (of 32) from memory read port vibration_core.$memrd$\g_lane[3].w1_init$./rtl/core/vibration_core.sv:177$8503 (g_lane[3].w1_init).
Removed top 24 address bits (of 32) from memory read port vibration_core.$memrd$\g_lane[3].w1_init$./rtl/core/vibration_core.sv:177$8502 (g_lane[3].w1_init).
Removed top 24 address bits (of 32) from memory read port vibration_core.$memrd$\g_lane[3].w1_init$./rtl/core/vibration_core.sv:177$8501 (g_lane[3].w1_init).
Removed top 24 address bits (of 32) from memory read port vibration_core.$memrd$\g_lane[3].w1_init$./rtl/core/vibration_core.sv:177$8500 (g_lane[3].w1_init).
Removed top 24 address bits (of 32) from memory read port vibration_core.$memrd$\g_lane[3].w1_init$./rtl/core/vibration_core.sv:177$8499 (g_lane[3].w1_init).
Removed top 24 address bits (of 32) from memory read port vibration_core.$memrd$\g_lane[3].w1_init$./rtl/core/vibration_core.sv:177$8498 (g_lane[3].w1_init).
Removed top 24 address bits (of 32) from memory read port vibration_core.$memrd$\g_lane[3].w1_init$./rtl/core/vibration_core.sv:177$8497 (g_lane[3].w1_init).
Removed top 24 address bits (of 32) from memory read port vibration_core.$memrd$\g_lane[3].w1_init$./rtl/core/vibration_core.sv:177$8496 (g_lane[3].w1_init).
Removed top 24 address bits (of 32) from memory read port vibration_core.$memrd$\g_lane[3].w1_init$./rtl/core/vibration_core.sv:177$8495 (g_lane[3].w1_init).
Removed top 24 address bits (of 32) from memory read port vibration_core.$memrd$\g_lane[3].w1_init$./rtl/core/vibration_core.sv:177$8494 (g_lane[3].w1_init).
Removed top 24 address bits (of 32) from memory read port vibration_core.$memrd$\g_lane[3].w1_init$./rtl/core/vibration_core.sv:177$8493 (g_lane[3].w1_init).
Removed top 24 address bits (of 32) from memory read port vibration_core.$memrd$\g_lane[3].w1_init$./rtl/core/vibration_core.sv:177$8492 (g_lane[3].w1_init).
Removed top 24 address bits (of 32) from memory read port vibration_core.$memrd$\g_lane[3].w1_init$./rtl/core/vibration_core.sv:177$8491 (g_lane[3].w1_init).
Removed top 24 address bits (of 32) from memory read port vibration_core.$memrd$\g_lane[3].w1_init$./rtl/core/vibration_core.sv:177$8490 (g_lane[3].w1_init).
Removed top 24 address bits (of 32) from memory read port vibration_core.$memrd$\g_lane[3].w1_init$./rtl/core/vibration_core.sv:177$8489 (g_lane[3].w1_init).
Removed top 24 address bits (of 32) from memory read port vibration_core.$memrd$\g_lane[3].w1_init$./rtl/core/vibration_core.sv:177$8488 (g_lane[3].w1_init).
Removed top 24 address bits (of 32) from memory read port vibration_core.$memrd$\g_lane[3].w1_init$./rtl/core/vibration_core.sv:177$8487 (g_lane[3].w1_init).
Removed top 24 address bits (of 32) from memory read port vibration_core.$memrd$\g_lane[3].w1_init$./rtl/core/vibration_core.sv:177$8486 (g_lane[3].w1_init).
Removed top 24 address bits (of 32) from memory read port vibration_core.$memrd$\g_lane[3].w1_init$./rtl/core/vibration_core.sv:177$8485 (g_lane[3].w1_init).
Removed top 24 address bits (of 32) from memory read port vibration_core.$memrd$\g_lane[3].w1_init$./rtl/core/vibration_core.sv:177$8484 (g_lane[3].w1_init).
Removed top 24 address bits (of 32) from memory read port vibration_core.$memrd$\g_lane[3].w1_init$./rtl/core/vibration_core.sv:177$8483 (g_lane[3].w1_init).
Removed top 24 address bits (of 32) from memory read port vibration_core.$memrd$\g_lane[3].w1_init$./rtl/core/vibration_core.sv:177$8482 (g_lane[3].w1_init).
Removed top 24 address bits (of 32) from memory read port vibration_core.$memrd$\g_lane[3].w1_init$./rtl/core/vibration_core.sv:177$8481 (g_lane[3].w1_init).
Removed top 24 address bits (of 32) from memory read port vibration_core.$memrd$\g_lane[3].w1_init$./rtl/core/vibration_core.sv:177$8480 (g_lane[3].w1_init).
Removed top 24 address bits (of 32) from memory read port vibration_core.$memrd$\g_lane[3].w1_init$./rtl/core/vibration_core.sv:177$8479 (g_lane[3].w1_init).
Removed top 24 address bits (of 32) from memory read port vibration_core.$memrd$\g_lane[3].w1_init$./rtl/core/vibration_core.sv:177$8478 (g_lane[3].w1_init).
Removed top 24 address bits (of 32) from memory read port vibration_core.$memrd$\g_lane[3].w1_init$./rtl/core/vibration_core.sv:177$8477 (g_lane[3].w1_init).
Removed top 24 address bits (of 32) from memory read port vibration_core.$memrd$\g_lane[3].w1_init$./rtl/core/vibration_core.sv:177$8476 (g_lane[3].w1_init).
Removed top 24 address bits (of 32) from memory read port vibration_core.$memrd$\g_lane[3].w1_init$./rtl/core/vibration_core.sv:177$8475 (g_lane[3].w1_init).
Removed top 24 address bits (of 32) from memory read port vibration_core.$memrd$\g_lane[3].w1_init$./rtl/core/vibration_core.sv:177$8474 (g_lane[3].w1_init).
Removed top 26 address bits (of 32) from memory read port vibration_core.$memrd$\g_lane[2].w2_init$./rtl/core/vibration_core.sv:181$8328 (g_lane[2].w2_init).
Removed top 26 address bits (of 32) from memory read port vibration_core.$memrd$\g_lane[2].w2_init$./rtl/core/vibration_core.sv:181$8325 (g_lane[2].w2_init).
Removed top 26 address bits (of 32) from memory read port vibration_core.$memrd$\g_lane[2].w2_init$./rtl/core/vibration_core.sv:181$8322 (g_lane[2].w2_init).
Removed top 26 address bits (of 32) from memory read port vibration_core.$memrd$\g_lane[2].w2_init$./rtl/core/vibration_core.sv:181$8319 (g_lane[2].w2_init).
Removed top 26 address bits (of 32) from memory read port vibration_core.$memrd$\g_lane[2].w2_init$./rtl/core/vibration_core.sv:181$8316 (g_lane[2].w2_init).
Removed top 26 address bits (of 32) from memory read port vibration_core.$memrd$\g_lane[2].w2_init$./rtl/core/vibration_core.sv:181$8313 (g_lane[2].w2_init).
Removed top 26 address bits (of 32) from memory read port vibration_core.$memrd$\g_lane[2].w2_init$./rtl/core/vibration_core.sv:181$8310 (g_lane[2].w2_init).
Removed top 26 address bits (of 32) from memory read port vibration_core.$memrd$\g_lane[2].w2_init$./rtl/core/vibration_core.sv:181$8307 (g_lane[2].w2_init).
Removed top 26 address bits (of 32) from memory read port vibration_core.$memrd$\g_lane[2].w2_init$./rtl/core/vibration_core.sv:181$8304 (g_lane[2].w2_init).
Removed top 26 address bits (of 32) from memory read port vibration_core.$memrd$\g_lane[2].w2_init$./rtl/core/vibration_core.sv:181$8301 (g_lane[2].w2_init).
Removed top 26 address bits (of 32) from memory read port vibration_core.$memrd$\g_lane[2].w2_init$./rtl/core/vibration_core.sv:181$8298 (g_lane[2].w2_init).
Removed top 26 address bits (of 32) from memory read port vibration_core.$memrd$\g_lane[2].w2_init$./rtl/core/vibration_core.sv:181$8295 (g_lane[2].w2_init).
Removed top 26 address bits (of 32) from memory read port vibration_core.$memrd$\g_lane[2].w2_init$./rtl/core/vibration_core.sv:181$8292 (g_lane[2].w2_init).
Removed top 26 address bits (of 32) from memory read port vibration_core.$memrd$\g_lane[2].w2_init$./rtl/core/vibration_core.sv:181$8289 (g_lane[2].w2_init).
Removed top 26 address bits (of 32) from memory read port vibration_core.$memrd$\g_lane[2].w2_init$./rtl/core/vibration_core.sv:181$8286 (g_lane[2].w2_init).
Removed top 26 address bits (of 32) from memory read port vibration_core.$memrd$\g_lane[2].w2_init$./rtl/core/vibration_core.sv:181$8283 (g_lane[2].w2_init).
Removed top 24 address bits (of 32) from memory read port vibration_core.$memrd$\g_lane[2].w1_init$./rtl/core/vibration_core.sv:177$8280 (g_lane[2].w1_init).
Removed top 24 address bits (of 32) from memory read port vibration_core.$memrd$\g_lane[2].w1_init$./rtl/core/vibration_core.sv:177$8279 (g_lane[2].w1_init).
Removed top 24 address bits (of 32) from memory read port vibration_core.$memrd$\g_lane[2].w1_init$./rtl/core/vibration_core.sv:177$8278 (g_lane[2].w1_init).
Removed top 24 address bits (of 32) from memory read port vibration_core.$memrd$\g_lane[2].w1_init$./rtl/core/vibration_core.sv:177$8277 (g_lane[2].w1_init).
Removed top 24 address bits (of 32) from memory read port vibration_core.$memrd$\g_lane[2].w1_init$./rtl/core/vibration_core.sv:177$8276 (g_lane[2].w1_init).
Removed top 24 address bits (of 32) from memory read port vibration_core.$memrd$\g_lane[2].w1_init$./rtl/core/vibration_core.sv:177$8275 (g_lane[2].w1_init).
Removed top 24 address bits (of 32) from memory read port vibration_core.$memrd$\g_lane[2].w1_init$./rtl/core/vibration_core.sv:177$8274 (g_lane[2].w1_init).
Removed top 24 address bits (of 32) from memory read port vibration_core.$memrd$\g_lane[2].w1_init$./rtl/core/vibration_core.sv:177$8273 (g_lane[2].w1_init).
Removed top 24 address bits (of 32) from memory read port vibration_core.$memrd$\g_lane[2].w1_init$./rtl/core/vibration_core.sv:177$8272 (g_lane[2].w1_init).
Removed top 24 address bits (of 32) from memory read port vibration_core.$memrd$\g_lane[2].w1_init$./rtl/core/vibration_core.sv:177$8271 (g_lane[2].w1_init).
Removed top 24 address bits (of 32) from memory read port vibration_core.$memrd$\g_lane[2].w1_init$./rtl/core/vibration_core.sv:177$8270 (g_lane[2].w1_init).
Removed top 24 address bits (of 32) from memory read port vibration_core.$memrd$\g_lane[2].w1_init$./rtl/core/vibration_core.sv:177$8269 (g_lane[2].w1_init).
Removed top 24 address bits (of 32) from memory read port vibration_core.$memrd$\g_lane[2].w1_init$./rtl/core/vibration_core.sv:177$8268 (g_lane[2].w1_init).
Removed top 24 address bits (of 32) from memory read port vibration_core.$memrd$\g_lane[2].w1_init$./rtl/core/vibration_core.sv:177$8267 (g_lane[2].w1_init).
Removed top 24 address bits (of 32) from memory read port vibration_core.$memrd$\g_lane[2].w1_init$./rtl/core/vibration_core.sv:177$8266 (g_lane[2].w1_init).
Removed top 24 address bits (of 32) from memory read port vibration_core.$memrd$\g_lane[2].w1_init$./rtl/core/vibration_core.sv:177$8265 (g_lane[2].w1_init).
Removed top 24 address bits (of 32) from memory read port vibration_core.$memrd$\g_lane[2].w1_init$./rtl/core/vibration_core.sv:177$8264 (g_lane[2].w1_init).
Removed top 24 address bits (of 32) from memory read port vibration_core.$memrd$\g_lane[2].w1_init$./rtl/core/vibration_core.sv:177$8263 (g_lane[2].w1_init).
Removed top 24 address bits (of 32) from memory read port vibration_core.$memrd$\g_lane[2].w1_init$./rtl/core/vibration_core.sv:177$8262 (g_lane[2].w1_init).
Removed top 24 address bits (of 32) from memory read port vibration_core.$memrd$\g_lane[2].w1_init$./rtl/core/vibration_core.sv:177$8261 (g_lane[2].w1_init).
Removed top 24 address bits (of 32) from memory read port vibration_core.$memrd$\g_lane[2].w1_init$./rtl/core/vibration_core.sv:177$8260 (g_lane[2].w1_init).
Removed top 24 address bits (of 32) from memory read port vibration_core.$memrd$\g_lane[2].w1_init$./rtl/core/vibration_core.sv:177$8259 (g_lane[2].w1_init).
Removed top 24 address bits (of 32) from memory read port vibration_core.$memrd$\g_lane[2].w1_init$./rtl/core/vibration_core.sv:177$8258 (g_lane[2].w1_init).
Removed top 24 address bits (of 32) from memory read port vibration_core.$memrd$\g_lane[2].w1_init$./rtl/core/vibration_core.sv:177$8257 (g_lane[2].w1_init).
Removed top 24 address bits (of 32) from memory read port vibration_core.$memrd$\g_lane[2].w1_init$./rtl/core/vibration_core.sv:177$8256 (g_lane[2].w1_init).
Removed top 24 address bits (of 32) from memory read port vibration_core.$memrd$\g_lane[2].w1_init$./rtl/core/vibration_core.sv:177$8255 (g_lane[2].w1_init).
Removed top 24 address bits (of 32) from memory read port vibration_core.$memrd$\g_lane[2].w1_init$./rtl/core/vibration_core.sv:177$8254 (g_lane[2].w1_init).
Removed top 24 address bits (of 32) from memory read port vibration_core.$memrd$\g_lane[2].w1_init$./rtl/core/vibration_core.sv:177$8253 (g_lane[2].w1_init).
Removed top 24 address bits (of 32) from memory read port vibration_core.$memrd$\g_lane[2].w1_init$./rtl/core/vibration_core.sv:177$8252 (g_lane[2].w1_init).
Removed top 24 address bits (of 32) from memory read port vibration_core.$memrd$\g_lane[2].w1_init$./rtl/core/vibration_core.sv:177$8251 (g_lane[2].w1_init).
Removed top 24 address bits (of 32) from memory read port vibration_core.$memrd$\g_lane[2].w1_init$./rtl/core/vibration_core.sv:177$8250 (g_lane[2].w1_init).
Removed top 24 address bits (of 32) from memory read port vibration_core.$memrd$\g_lane[2].w1_init$./rtl/core/vibration_core.sv:177$8249 (g_lane[2].w1_init).
Removed top 24 address bits (of 32) from memory read port vibration_core.$memrd$\g_lane[2].w1_init$./rtl/core/vibration_core.sv:177$8248 (g_lane[2].w1_init).
Removed top 24 address bits (of 32) from memory read port vibration_core.$memrd$\g_lane[2].w1_init$./rtl/core/vibration_core.sv:177$8247 (g_lane[2].w1_init).
Removed top 24 address bits (of 32) from memory read port vibration_core.$memrd$\g_lane[2].w1_init$./rtl/core/vibration_core.sv:177$8246 (g_lane[2].w1_init).
Removed top 24 address bits (of 32) from memory read port vibration_core.$memrd$\g_lane[2].w1_init$./rtl/core/vibration_core.sv:177$8245 (g_lane[2].w1_init).
Removed top 24 address bits (of 32) from memory read port vibration_core.$memrd$\g_lane[2].w1_init$./rtl/core/vibration_core.sv:177$8244 (g_lane[2].w1_init).
Removed top 24 address bits (of 32) from memory read port vibration_core.$memrd$\g_lane[2].w1_init$./rtl/core/vibration_core.sv:177$8243 (g_lane[2].w1_init).
Removed top 24 address bits (of 32) from memory read port vibration_core.$memrd$\g_lane[2].w1_init$./rtl/core/vibration_core.sv:177$8242 (g_lane[2].w1_init).
Removed top 24 address bits (of 32) from memory read port vibration_core.$memrd$\g_lane[2].w1_init$./rtl/core/vibration_core.sv:177$8241 (g_lane[2].w1_init).
Removed top 24 address bits (of 32) from memory read port vibration_core.$memrd$\g_lane[2].w1_init$./rtl/core/vibration_core.sv:177$8240 (g_lane[2].w1_init).
Removed top 24 address bits (of 32) from memory read port vibration_core.$memrd$\g_lane[2].w1_init$./rtl/core/vibration_core.sv:177$8239 (g_lane[2].w1_init).
Removed top 24 address bits (of 32) from memory read port vibration_core.$memrd$\g_lane[2].w1_init$./rtl/core/vibration_core.sv:177$8238 (g_lane[2].w1_init).
Removed top 24 address bits (of 32) from memory read port vibration_core.$memrd$\g_lane[2].w1_init$./rtl/core/vibration_core.sv:177$8237 (g_lane[2].w1_init).
Removed top 24 address bits (of 32) from memory read port vibration_core.$memrd$\g_lane[2].w1_init$./rtl/core/vibration_core.sv:177$8236 (g_lane[2].w1_init).
Removed top 24 address bits (of 32) from memory read port vibration_core.$memrd$\g_lane[2].w1_init$./rtl/core/vibration_core.sv:177$8235 (g_lane[2].w1_init).
Removed top 24 address bits (of 32) from memory read port vibration_core.$memrd$\g_lane[2].w1_init$./rtl/core/vibration_core.sv:177$8234 (g_lane[2].w1_init).
Removed top 24 address bits (of 32) from memory read port vibration_core.$memrd$\g_lane[2].w1_init$./rtl/core/vibration_core.sv:177$8233 (g_lane[2].w1_init).
Removed top 24 address bits (of 32) from memory read port vibration_core.$memrd$\g_lane[2].w1_init$./rtl/core/vibration_core.sv:177$8232 (g_lane[2].w1_init).
Removed top 24 address bits (of 32) from memory read port vibration_core.$memrd$\g_lane[2].w1_init$./rtl/core/vibration_core.sv:177$8231 (g_lane[2].w1_init).
Removed top 24 address bits (of 32) from memory read port vibration_core.$memrd$\g_lane[2].w1_init$./rtl/core/vibration_core.sv:177$8230 (g_lane[2].w1_init).
Removed top 24 address bits (of 32) from memory read port vibration_core.$memrd$\g_lane[2].w1_init$./rtl/core/vibration_core.sv:177$8229 (g_lane[2].w1_init).
Removed top 24 address bits (of 32) from memory read port vibration_core.$memrd$\g_lane[2].w1_init$./rtl/core/vibration_core.sv:177$8228 (g_lane[2].w1_init).
Removed top 24 address bits (of 32) from memory read port vibration_core.$memrd$\g_lane[2].w1_init$./rtl/core/vibration_core.sv:177$8227 (g_lane[2].w1_init).
Removed top 24 address bits (of 32) from memory read port vibration_core.$memrd$\g_lane[2].w1_init$./rtl/core/vibration_core.sv:177$8226 (g_lane[2].w1_init).
Removed top 24 address bits (of 32) from memory read port vibration_core.$memrd$\g_lane[2].w1_init$./rtl/core/vibration_core.sv:177$8225 (g_lane[2].w1_init).
Removed top 24 address bits (of 32) from memory read port vibration_core.$memrd$\g_lane[2].w1_init$./rtl/core/vibration_core.sv:177$8224 (g_lane[2].w1_init).
Removed top 24 address bits (of 32) from memory read port vibration_core.$memrd$\g_lane[2].w1_init$./rtl/core/vibration_core.sv:177$8223 (g_lane[2].w1_init).
Removed top 24 address bits (of 32) from memory read port vibration_core.$memrd$\g_lane[2].w1_init$./rtl/core/vibration_core.sv:177$8222 (g_lane[2].w1_init).
Removed top 24 address bits (of 32) from memory read port vibration_core.$memrd$\g_lane[2].w1_init$./rtl/core/vibration_core.sv:177$8221 (g_lane[2].w1_init).
Removed top 24 address bits (of 32) from memory read port vibration_core.$memrd$\g_lane[2].w1_init$./rtl/core/vibration_core.sv:177$8220 (g_lane[2].w1_init).
Removed top 24 address bits (of 32) from memory read port vibration_core.$memrd$\g_lane[2].w1_init$./rtl/core/vibration_core.sv:177$8219 (g_lane[2].w1_init).
Removed top 24 address bits (of 32) from memory read port vibration_core.$memrd$\g_lane[2].w1_init$./rtl/core/vibration_core.sv:177$8218 (g_lane[2].w1_init).
Removed top 24 address bits (of 32) from memory read port vibration_core.$memrd$\g_lane[2].w1_init$./rtl/core/vibration_core.sv:177$8217 (g_lane[2].w1_init).
Removed top 26 address bits (of 32) from memory read port vibration_core.$memrd$\g_lane[1].w2_init$./rtl/core/vibration_core.sv:181$8055 (g_lane[1].w2_init).
Removed top 26 address bits (of 32) from memory read port vibration_core.$memrd$\g_lane[1].w2_init$./rtl/core/vibration_core.sv:181$8052 (g_lane[1].w2_init).
Removed top 26 address bits (of 32) from memory read port vibration_core.$memrd$\g_lane[1].w2_init$./rtl/core/vibration_core.sv:181$8049 (g_lane[1].w2_init).
Removed top 26 address bits (of 32) from memory read port vibration_core.$memrd$\g_lane[1].w2_init$./rtl/core/vibration_core.sv:181$8046 (g_lane[1].w2_init).
Removed top 26 address bits (of 32) from memory read port vibration_core.$memrd$\g_lane[1].w2_init$./rtl/core/vibration_core.sv:181$8043 (g_lane[1].w2_init).
Removed top 26 address bits (of 32) from memory read port vibration_core.$memrd$\g_lane[1].w2_init$./rtl/core/vibration_core.sv:181$8040 (g_lane[1].w2_init).
Removed top 26 address bits (of 32) from memory read port vibration_core.$memrd$\g_lane[1].w2_init$./rtl/core/vibration_core.sv:181$8037 (g_lane[1].w2_init).
Removed top 26 address bits (of 32) from memory read port vibration_core.$memrd$\g_lane[1].w2_init$./rtl/core/vibration_core.sv:181$8034 (g_lane[1].w2_init).
Removed top 26 address bits (of 32) from memory read port vibration_core.$memrd$\g_lane[1].w2_init$./rtl/core/vibration_core.sv:181$8031 (g_lane[1].w2_init).
Removed top 26 address bits (of 32) from memory read port vibration_core.$memrd$\g_lane[1].w2_init$./rtl/core/vibration_core.sv:181$8028 (g_lane[1].w2_init).
Removed top 26 address bits (of 32) from memory read port vibration_core.$memrd$\g_lane[1].w2_init$./rtl/core/vibration_core.sv:181$8025 (g_lane[1].w2_init).
Removed top 26 address bits (of 32) from memory read port vibration_core.$memrd$\g_lane[1].w2_init$./rtl/core/vibration_core.sv:181$8022 (g_lane[1].w2_init).
Removed top 26 address bits (of 32) from memory read port vibration_core.$memrd$\g_lane[1].w2_init$./rtl/core/vibration_core.sv:181$8019 (g_lane[1].w2_init).
Removed top 26 address bits (of 32) from memory read port vibration_core.$memrd$\g_lane[1].w2_init$./rtl/core/vibration_core.sv:181$8016 (g_lane[1].w2_init).
Removed top 26 address bits (of 32) from memory read port vibration_core.$memrd$\g_lane[1].w2_init$./rtl/core/vibration_core.sv:181$8013 (g_lane[1].w2_init).
Removed top 26 address bits (of 32) from memory read port vibration_core.$memrd$\g_lane[1].w2_init$./rtl/core/vibration_core.sv:181$8010 (g_lane[1].w2_init).
Removed top 24 address bits (of 32) from memory read port vibration_core.$memrd$\g_lane[1].w1_init$./rtl/core/vibration_core.sv:177$8007 (g_lane[1].w1_init).
Removed top 24 address bits (of 32) from memory read port vibration_core.$memrd$\g_lane[1].w1_init$./rtl/core/vibration_core.sv:177$8006 (g_lane[1].w1_init).
Removed top 24 address bits (of 32) from memory read port vibration_core.$memrd$\g_lane[1].w1_init$./rtl/core/vibration_core.sv:177$8005 (g_lane[1].w1_init).
Removed top 24 address bits (of 32) from memory read port vibration_core.$memrd$\g_lane[1].w1_init$./rtl/core/vibration_core.sv:177$8004 (g_lane[1].w1_init).
Removed top 24 address bits (of 32) from memory read port vibration_core.$memrd$\g_lane[1].w1_init$./rtl/core/vibration_core.sv:177$8003 (g_lane[1].w1_init).
Removed top 24 address bits (of 32) from memory read port vibration_core.$memrd$\g_lane[1].w1_init$./rtl/core/vibration_core.sv:177$8002 (g_lane[1].w1_init).
Removed top 24 address bits (of 32) from memory read port vibration_core.$memrd$\g_lane[1].w1_init$./rtl/core/vibration_core.sv:177$8001 (g_lane[1].w1_init).
Removed top 24 address bits (of 32) from memory read port vibration_core.$memrd$\g_lane[1].w1_init$./rtl/core/vibration_core.sv:177$8000 (g_lane[1].w1_init).
Removed top 24 address bits (of 32) from memory read port vibration_core.$memrd$\g_lane[1].w1_init$./rtl/core/vibration_core.sv:177$7999 (g_lane[1].w1_init).
Removed top 24 address bits (of 32) from memory read port vibration_core.$memrd$\g_lane[1].w1_init$./rtl/core/vibration_core.sv:177$7998 (g_lane[1].w1_init).
Removed top 24 address bits (of 32) from memory read port vibration_core.$memrd$\g_lane[1].w1_init$./rtl/core/vibration_core.sv:177$7997 (g_lane[1].w1_init).
Removed top 24 address bits (of 32) from memory read port vibration_core.$memrd$\g_lane[1].w1_init$./rtl/core/vibration_core.sv:177$7996 (g_lane[1].w1_init).
Removed top 24 address bits (of 32) from memory read port vibration_core.$memrd$\g_lane[1].w1_init$./rtl/core/vibration_core.sv:177$7995 (g_lane[1].w1_init).
Removed top 24 address bits (of 32) from memory read port vibration_core.$memrd$\g_lane[1].w1_init$./rtl/core/vibration_core.sv:177$7994 (g_lane[1].w1_init).
Removed top 24 address bits (of 32) from memory read port vibration_core.$memrd$\g_lane[1].w1_init$./rtl/core/vibration_core.sv:177$7993 (g_lane[1].w1_init).
Removed top 24 address bits (of 32) from memory read port vibration_core.$memrd$\g_lane[1].w1_init$./rtl/core/vibration_core.sv:177$7992 (g_lane[1].w1_init).
Removed top 24 address bits (of 32) from memory read port vibration_core.$memrd$\g_lane[1].w1_init$./rtl/core/vibration_core.sv:177$7991 (g_lane[1].w1_init).
Removed top 24 address bits (of 32) from memory read port vibration_core.$memrd$\g_lane[1].w1_init$./rtl/core/vibration_core.sv:177$7990 (g_lane[1].w1_init).
Removed top 24 address bits (of 32) from memory read port vibration_core.$memrd$\g_lane[1].w1_init$./rtl/core/vibration_core.sv:177$7989 (g_lane[1].w1_init).
Removed top 24 address bits (of 32) from memory read port vibration_core.$memrd$\g_lane[1].w1_init$./rtl/core/vibration_core.sv:177$7988 (g_lane[1].w1_init).
Removed top 24 address bits (of 32) from memory read port vibration_core.$memrd$\g_lane[1].w1_init$./rtl/core/vibration_core.sv:177$7987 (g_lane[1].w1_init).
Removed top 24 address bits (of 32) from memory read port vibration_core.$memrd$\g_lane[1].w1_init$./rtl/core/vibration_core.sv:177$7986 (g_lane[1].w1_init).
Removed top 24 address bits (of 32) from memory read port vibration_core.$memrd$\g_lane[1].w1_init$./rtl/core/vibration_core.sv:177$7985 (g_lane[1].w1_init).
Removed top 24 address bits (of 32) from memory read port vibration_core.$memrd$\g_lane[1].w1_init$./rtl/core/vibration_core.sv:177$7984 (g_lane[1].w1_init).
Removed top 24 address bits (of 32) from memory read port vibration_core.$memrd$\g_lane[1].w1_init$./rtl/core/vibration_core.sv:177$7983 (g_lane[1].w1_init).
Removed top 24 address bits (of 32) from memory read port vibration_core.$memrd$\g_lane[1].w1_init$./rtl/core/vibration_core.sv:177$7982 (g_lane[1].w1_init).
Removed top 24 address bits (of 32) from memory read port vibration_core.$memrd$\g_lane[1].w1_init$./rtl/core/vibration_core.sv:177$7981 (g_lane[1].w1_init).
Removed top 24 address bits (of 32) from memory read port vibration_core.$memrd$\g_lane[1].w1_init$./rtl/core/vibration_core.sv:177$7980 (g_lane[1].w1_init).
Removed top 24 address bits (of 32) from memory read port vibration_core.$memrd$\g_lane[1].w1_init$./rtl/core/vibration_core.sv:177$7979 (g_lane[1].w1_init).
Removed top 24 address bits (of 32) from memory read port vibration_core.$memrd$\g_lane[1].w1_init$./rtl/core/vibration_core.sv:177$7978 (g_lane[1].w1_init).
Removed top 24 address bits (of 32) from memory read port vibration_core.$memrd$\g_lane[1].w1_init$./rtl/core/vibration_core.sv:177$7977 (g_lane[1].w1_init).
Removed top 24 address bits (of 32) from memory read port vibration_core.$memrd$\g_lane[1].w1_init$./rtl/core/vibration_core.sv:177$7976 (g_lane[1].w1_init).
Removed top 24 address bits (of 32) from memory read port vibration_core.$memrd$\g_lane[1].w1_init$./rtl/core/vibration_core.sv:177$7975 (g_lane[1].w1_init).
Removed top 24 address bits (of 32) from memory read port vibration_core.$memrd$\g_lane[1].w1_init$./rtl/core/vibration_core.sv:177$7974 (g_lane[1].w1_init).
Removed top 24 address bits (of 32) from memory read port vibration_core.$memrd$\g_lane[1].w1_init$./rtl/core/vibration_core.sv:177$7973 (g_lane[1].w1_init).
Removed top 24 address bits (of 32) from memory read port vibration_core.$memrd$\g_lane[1].w1_init$./rtl/core/vibration_core.sv:177$7972 (g_lane[1].w1_init).
Removed top 24 address bits (of 32) from memory read port vibration_core.$memrd$\g_lane[1].w1_init$./rtl/core/vibration_core.sv:177$7971 (g_lane[1].w1_init).
Removed top 24 address bits (of 32) from memory read port vibration_core.$memrd$\g_lane[1].w1_init$./rtl/core/vibration_core.sv:177$7970 (g_lane[1].w1_init).
Removed top 24 address bits (of 32) from memory read port vibration_core.$memrd$\g_lane[1].w1_init$./rtl/core/vibration_core.sv:177$7969 (g_lane[1].w1_init).
Removed top 24 address bits (of 32) from memory read port vibration_core.$memrd$\g_lane[1].w1_init$./rtl/core/vibration_core.sv:177$7968 (g_lane[1].w1_init).
Removed top 24 address bits (of 32) from memory read port vibration_core.$memrd$\g_lane[1].w1_init$./rtl/core/vibration_core.sv:177$7967 (g_lane[1].w1_init).
Removed top 24 address bits (of 32) from memory read port vibration_core.$memrd$\g_lane[1].w1_init$./rtl/core/vibration_core.sv:177$7966 (g_lane[1].w1_init).
Removed top 24 address bits (of 32) from memory read port vibration_core.$memrd$\g_lane[1].w1_init$./rtl/core/vibration_core.sv:177$7965 (g_lane[1].w1_init).
Removed top 24 address bits (of 32) from memory read port vibration_core.$memrd$\g_lane[1].w1_init$./rtl/core/vibration_core.sv:177$7964 (g_lane[1].w1_init).
Removed top 24 address bits (of 32) from memory read port vibration_core.$memrd$\g_lane[1].w1_init$./rtl/core/vibration_core.sv:177$7963 (g_lane[1].w1_init).
Removed top 24 address bits (of 32) from memory read port vibration_core.$memrd$\g_lane[1].w1_init$./rtl/core/vibration_core.sv:177$7962 (g_lane[1].w1_init).
Removed top 24 address bits (of 32) from memory read port vibration_core.$memrd$\g_lane[1].w1_init$./rtl/core/vibration_core.sv:177$7961 (g_lane[1].w1_init).
Removed top 24 address bits (of 32) from memory read port vibration_core.$memrd$\g_lane[1].w1_init$./rtl/core/vibration_core.sv:177$7960 (g_lane[1].w1_init).
Removed top 24 address bits (of 32) from memory read port vibration_core.$memrd$\g_lane[1].w1_init$./rtl/core/vibration_core.sv:177$7959 (g_lane[1].w1_init).
Removed top 24 address bits (of 32) from memory read port vibration_core.$memrd$\g_lane[1].w1_init$./rtl/core/vibration_core.sv:177$7958 (g_lane[1].w1_init).
Removed top 24 address bits (of 32) from memory read port vibration_core.$memrd$\g_lane[1].w1_init$./rtl/core/vibration_core.sv:177$7957 (g_lane[1].w1_init).
Removed top 24 address bits (of 32) from memory read port vibration_core.$memrd$\g_lane[1].w1_init$./rtl/core/vibration_core.sv:177$7956 (g_lane[1].w1_init).
Removed top 24 address bits (of 32) from memory read port vibration_core.$memrd$\g_lane[1].w1_init$./rtl/core/vibration_core.sv:177$7955 (g_lane[1].w1_init).
Removed top 24 address bits (of 32) from memory read port vibration_core.$memrd$\g_lane[1].w1_init$./rtl/core/vibration_core.sv:177$7954 (g_lane[1].w1_init).
Removed top 24 address bits (of 32) from memory read port vibration_core.$memrd$\g_lane[1].w1_init$./rtl/core/vibration_core.sv:177$7953 (g_lane[1].w1_init).
Removed top 24 address bits (of 32) from memory read port vibration_core.$memrd$\g_lane[1].w1_init$./rtl/core/vibration_core.sv:177$7952 (g_lane[1].w1_init).
Removed top 24 address bits (of 32) from memory read port vibration_core.$memrd$\g_lane[1].w1_init$./rtl/core/vibration_core.sv:177$7951 (g_lane[1].w1_init).
Removed top 24 address bits (of 32) from memory read port vibration_core.$memrd$\g_lane[1].w1_init$./rtl/core/vibration_core.sv:177$7950 (g_lane[1].w1_init).
Removed top 24 address bits (of 32) from memory read port vibration_core.$memrd$\g_lane[1].w1_init$./rtl/core/vibration_core.sv:177$7949 (g_lane[1].w1_init).
Removed top 24 address bits (of 32) from memory read port vibration_core.$memrd$\g_lane[1].w1_init$./rtl/core/vibration_core.sv:177$7948 (g_lane[1].w1_init).
Removed top 24 address bits (of 32) from memory read port vibration_core.$memrd$\g_lane[1].w1_init$./rtl/core/vibration_core.sv:177$7947 (g_lane[1].w1_init).
Removed top 24 address bits (of 32) from memory read port vibration_core.$memrd$\g_lane[1].w1_init$./rtl/core/vibration_core.sv:177$7946 (g_lane[1].w1_init).
Removed top 24 address bits (of 32) from memory read port vibration_core.$memrd$\g_lane[1].w1_init$./rtl/core/vibration_core.sv:177$7945 (g_lane[1].w1_init).
Removed top 24 address bits (of 32) from memory read port vibration_core.$memrd$\g_lane[1].w1_init$./rtl/core/vibration_core.sv:177$7944 (g_lane[1].w1_init).
Removed top 26 address bits (of 32) from memory read port vibration_core.$memrd$\g_lane[0].w2_init$./rtl/core/vibration_core.sv:181$7782 (g_lane[0].w2_init).
Removed top 26 address bits (of 32) from memory read port vibration_core.$memrd$\g_lane[0].w2_init$./rtl/core/vibration_core.sv:181$7779 (g_lane[0].w2_init).
Removed top 26 address bits (of 32) from memory read port vibration_core.$memrd$\g_lane[0].w2_init$./rtl/core/vibration_core.sv:181$7776 (g_lane[0].w2_init).
Removed top 26 address bits (of 32) from memory read port vibration_core.$memrd$\g_lane[0].w2_init$./rtl/core/vibration_core.sv:181$7773 (g_lane[0].w2_init).
Removed top 26 address bits (of 32) from memory read port vibration_core.$memrd$\g_lane[0].w2_init$./rtl/core/vibration_core.sv:181$7770 (g_lane[0].w2_init).
Removed top 26 address bits (of 32) from memory read port vibration_core.$memrd$\g_lane[0].w2_init$./rtl/core/vibration_core.sv:181$7767 (g_lane[0].w2_init).
Removed top 26 address bits (of 32) from memory read port vibration_core.$memrd$\g_lane[0].w2_init$./rtl/core/vibration_core.sv:181$7764 (g_lane[0].w2_init).
Removed top 26 address bits (of 32) from memory read port vibration_core.$memrd$\g_lane[0].w2_init$./rtl/core/vibration_core.sv:181$7761 (g_lane[0].w2_init).
Removed top 26 address bits (of 32) from memory read port vibration_core.$memrd$\g_lane[0].w2_init$./rtl/core/vibration_core.sv:181$7758 (g_lane[0].w2_init).
Removed top 26 address bits (of 32) from memory read port vibration_core.$memrd$\g_lane[0].w2_init$./rtl/core/vibration_core.sv:181$7755 (g_lane[0].w2_init).
Removed top 26 address bits (of 32) from memory read port vibration_core.$memrd$\g_lane[0].w2_init$./rtl/core/vibration_core.sv:181$7752 (g_lane[0].w2_init).
Removed top 26 address bits (of 32) from memory read port vibration_core.$memrd$\g_lane[0].w2_init$./rtl/core/vibration_core.sv:181$7749 (g_lane[0].w2_init).
Removed top 26 address bits (of 32) from memory read port vibration_core.$memrd$\g_lane[0].w2_init$./rtl/core/vibration_core.sv:181$7746 (g_lane[0].w2_init).
Removed top 26 address bits (of 32) from memory read port vibration_core.$memrd$\g_lane[0].w2_init$./rtl/core/vibration_core.sv:181$7743 (g_lane[0].w2_init).
Removed top 26 address bits (of 32) from memory read port vibration_core.$memrd$\g_lane[0].w2_init$./rtl/core/vibration_core.sv:181$7740 (g_lane[0].w2_init).
Removed top 26 address bits (of 32) from memory read port vibration_core.$memrd$\g_lane[0].w2_init$./rtl/core/vibration_core.sv:181$7737 (g_lane[0].w2_init).
Removed top 24 address bits (of 32) from memory read port vibration_core.$memrd$\g_lane[0].w1_init$./rtl/core/vibration_core.sv:177$7734 (g_lane[0].w1_init).
Removed top 24 address bits (of 32) from memory read port vibration_core.$memrd$\g_lane[0].w1_init$./rtl/core/vibration_core.sv:177$7733 (g_lane[0].w1_init).
Removed top 24 address bits (of 32) from memory read port vibration_core.$memrd$\g_lane[0].w1_init$./rtl/core/vibration_core.sv:177$7732 (g_lane[0].w1_init).
Removed top 24 address bits (of 32) from memory read port vibration_core.$memrd$\g_lane[0].w1_init$./rtl/core/vibration_core.sv:177$7731 (g_lane[0].w1_init).
Removed top 24 address bits (of 32) from memory read port vibration_core.$memrd$\g_lane[0].w1_init$./rtl/core/vibration_core.sv:177$7730 (g_lane[0].w1_init).
Removed top 24 address bits (of 32) from memory read port vibration_core.$memrd$\g_lane[0].w1_init$./rtl/core/vibration_core.sv:177$7729 (g_lane[0].w1_init).
Removed top 24 address bits (of 32) from memory read port vibration_core.$memrd$\g_lane[0].w1_init$./rtl/core/vibration_core.sv:177$7728 (g_lane[0].w1_init).
Removed top 24 address bits (of 32) from memory read port vibration_core.$memrd$\g_lane[0].w1_init$./rtl/core/vibration_core.sv:177$7727 (g_lane[0].w1_init).
Removed top 24 address bits (of 32) from memory read port vibration_core.$memrd$\g_lane[0].w1_init$./rtl/core/vibration_core.sv:177$7726 (g_lane[0].w1_init).
Removed top 24 address bits (of 32) from memory read port vibration_core.$memrd$\g_lane[0].w1_init$./rtl/core/vibration_core.sv:177$7725 (g_lane[0].w1_init).
Removed top 24 address bits (of 32) from memory read port vibration_core.$memrd$\g_lane[0].w1_init$./rtl/core/vibration_core.sv:177$7724 (g_lane[0].w1_init).
Removed top 24 address bits (of 32) from memory read port vibration_core.$memrd$\g_lane[0].w1_init$./rtl/core/vibration_core.sv:177$7723 (g_lane[0].w1_init).
Removed top 24 address bits (of 32) from memory read port vibration_core.$memrd$\g_lane[0].w1_init$./rtl/core/vibration_core.sv:177$7722 (g_lane[0].w1_init).
Removed top 24 address bits (of 32) from memory read port vibration_core.$memrd$\g_lane[0].w1_init$./rtl/core/vibration_core.sv:177$7721 (g_lane[0].w1_init).
Removed top 24 address bits (of 32) from memory read port vibration_core.$memrd$\g_lane[0].w1_init$./rtl/core/vibration_core.sv:177$7720 (g_lane[0].w1_init).
Removed top 24 address bits (of 32) from memory read port vibration_core.$memrd$\g_lane[0].w1_init$./rtl/core/vibration_core.sv:177$7719 (g_lane[0].w1_init).
Removed top 24 address bits (of 32) from memory read port vibration_core.$memrd$\g_lane[0].w1_init$./rtl/core/vibration_core.sv:177$7718 (g_lane[0].w1_init).
Removed top 24 address bits (of 32) from memory read port vibration_core.$memrd$\g_lane[0].w1_init$./rtl/core/vibration_core.sv:177$7717 (g_lane[0].w1_init).
Removed top 24 address bits (of 32) from memory read port vibration_core.$memrd$\g_lane[0].w1_init$./rtl/core/vibration_core.sv:177$7716 (g_lane[0].w1_init).
Removed top 24 address bits (of 32) from memory read port vibration_core.$memrd$\g_lane[0].w1_init$./rtl/core/vibration_core.sv:177$7715 (g_lane[0].w1_init).
Removed top 24 address bits (of 32) from memory read port vibration_core.$memrd$\g_lane[0].w1_init$./rtl/core/vibration_core.sv:177$7714 (g_lane[0].w1_init).
Removed top 24 address bits (of 32) from memory read port vibration_core.$memrd$\g_lane[0].w1_init$./rtl/core/vibration_core.sv:177$7713 (g_lane[0].w1_init).
Removed top 24 address bits (of 32) from memory read port vibration_core.$memrd$\g_lane[0].w1_init$./rtl/core/vibration_core.sv:177$7712 (g_lane[0].w1_init).
Removed top 24 address bits (of 32) from memory read port vibration_core.$memrd$\g_lane[0].w1_init$./rtl/core/vibration_core.sv:177$7711 (g_lane[0].w1_init).
Removed top 24 address bits (of 32) from memory read port vibration_core.$memrd$\g_lane[0].w1_init$./rtl/core/vibration_core.sv:177$7710 (g_lane[0].w1_init).
Removed top 24 address bits (of 32) from memory read port vibration_core.$memrd$\g_lane[0].w1_init$./rtl/core/vibration_core.sv:177$7709 (g_lane[0].w1_init).
Removed top 24 address bits (of 32) from memory read port vibration_core.$memrd$\g_lane[0].w1_init$./rtl/core/vibration_core.sv:177$7708 (g_lane[0].w1_init).
Removed top 24 address bits (of 32) from memory read port vibration_core.$memrd$\g_lane[0].w1_init$./rtl/core/vibration_core.sv:177$7707 (g_lane[0].w1_init).
Removed top 24 address bits (of 32) from memory read port vibration_core.$memrd$\g_lane[0].w1_init$./rtl/core/vibration_core.sv:177$7706 (g_lane[0].w1_init).
Removed top 24 address bits (of 32) from memory read port vibration_core.$memrd$\g_lane[0].w1_init$./rtl/core/vibration_core.sv:177$7705 (g_lane[0].w1_init).
Removed top 24 address bits (of 32) from memory read port vibration_core.$memrd$\g_lane[0].w1_init$./rtl/core/vibration_core.sv:177$7704 (g_lane[0].w1_init).
Removed top 24 address bits (of 32) from memory read port vibration_core.$memrd$\g_lane[0].w1_init$./rtl/core/vibration_core.sv:177$7703 (g_lane[0].w1_init).
Removed top 24 address bits (of 32) from memory read port vibration_core.$memrd$\g_lane[0].w1_init$./rtl/core/vibration_core.sv:177$7702 (g_lane[0].w1_init).
Removed top 24 address bits (of 32) from memory read port vibration_core.$memrd$\g_lane[0].w1_init$./rtl/core/vibration_core.sv:177$7701 (g_lane[0].w1_init).
Removed top 24 address bits (of 32) from memory read port vibration_core.$memrd$\g_lane[0].w1_init$./rtl/core/vibration_core.sv:177$7700 (g_lane[0].w1_init).
Removed top 24 address bits (of 32) from memory read port vibration_core.$memrd$\g_lane[0].w1_init$./rtl/core/vibration_core.sv:177$7699 (g_lane[0].w1_init).
Removed top 24 address bits (of 32) from memory read port vibration_core.$memrd$\g_lane[0].w1_init$./rtl/core/vibration_core.sv:177$7698 (g_lane[0].w1_init).
Removed top 24 address bits (of 32) from memory read port vibration_core.$memrd$\g_lane[0].w1_init$./rtl/core/vibration_core.sv:177$7697 (g_lane[0].w1_init).
Removed top 24 address bits (of 32) from memory read port vibration_core.$memrd$\g_lane[0].w1_init$./rtl/core/vibration_core.sv:177$7696 (g_lane[0].w1_init).
Removed top 24 address bits (of 32) from memory read port vibration_core.$memrd$\g_lane[0].w1_init$./rtl/core/vibration_core.sv:177$7695 (g_lane[0].w1_init).
Removed top 24 address bits (of 32) from memory read port vibration_core.$memrd$\g_lane[0].w1_init$./rtl/core/vibration_core.sv:177$7694 (g_lane[0].w1_init).
Removed top 24 address bits (of 32) from memory read port vibration_core.$memrd$\g_lane[0].w1_init$./rtl/core/vibration_core.sv:177$7693 (g_lane[0].w1_init).
Removed top 24 address bits (of 32) from memory read port vibration_core.$memrd$\g_lane[0].w1_init$./rtl/core/vibration_core.sv:177$7692 (g_lane[0].w1_init).
Removed top 24 address bits (of 32) from memory read port vibration_core.$memrd$\g_lane[0].w1_init$./rtl/core/vibration_core.sv:177$7691 (g_lane[0].w1_init).
Removed top 24 address bits (of 32) from memory read port vibration_core.$memrd$\g_lane[0].w1_init$./rtl/core/vibration_core.sv:177$7690 (g_lane[0].w1_init).
Removed top 24 address bits (of 32) from memory read port vibration_core.$memrd$\g_lane[0].w1_init$./rtl/core/vibration_core.sv:177$7689 (g_lane[0].w1_init).
Removed top 24 address bits (of 32) from memory read port vibration_core.$memrd$\g_lane[0].w1_init$./rtl/core/vibration_core.sv:177$7688 (g_lane[0].w1_init).
Removed top 24 address bits (of 32) from memory read port vibration_core.$memrd$\g_lane[0].w1_init$./rtl/core/vibration_core.sv:177$7687 (g_lane[0].w1_init).
Removed top 24 address bits (of 32) from memory read port vibration_core.$memrd$\g_lane[0].w1_init$./rtl/core/vibration_core.sv:177$7686 (g_lane[0].w1_init).
Removed top 24 address bits (of 32) from memory read port vibration_core.$memrd$\g_lane[0].w1_init$./rtl/core/vibration_core.sv:177$7685 (g_lane[0].w1_init).
Removed top 24 address bits (of 32) from memory read port vibration_core.$memrd$\g_lane[0].w1_init$./rtl/core/vibration_core.sv:177$7684 (g_lane[0].w1_init).
Removed top 24 address bits (of 32) from memory read port vibration_core.$memrd$\g_lane[0].w1_init$./rtl/core/vibration_core.sv:177$7683 (g_lane[0].w1_init).
Removed top 24 address bits (of 32) from memory read port vibration_core.$memrd$\g_lane[0].w1_init$./rtl/core/vibration_core.sv:177$7682 (g_lane[0].w1_init).
Removed top 24 address bits (of 32) from memory read port vibration_core.$memrd$\g_lane[0].w1_init$./rtl/core/vibration_core.sv:177$7681 (g_lane[0].w1_init).
Removed top 24 address bits (of 32) from memory read port vibration_core.$memrd$\g_lane[0].w1_init$./rtl/core/vibration_core.sv:177$7680 (g_lane[0].w1_init).
Removed top 24 address bits (of 32) from memory read port vibration_core.$memrd$\g_lane[0].w1_init$./rtl/core/vibration_core.sv:177$7679 (g_lane[0].w1_init).
Removed top 24 address bits (of 32) from memory read port vibration_core.$memrd$\g_lane[0].w1_init$./rtl/core/vibration_core.sv:177$7678 (g_lane[0].w1_init).
Removed top 24 address bits (of 32) from memory read port vibration_core.$memrd$\g_lane[0].w1_init$./rtl/core/vibration_core.sv:177$7677 (g_lane[0].w1_init).
Removed top 24 address bits (of 32) from memory read port vibration_core.$memrd$\g_lane[0].w1_init$./rtl/core/vibration_core.sv:177$7676 (g_lane[0].w1_init).
Removed top 24 address bits (of 32) from memory read port vibration_core.$memrd$\g_lane[0].w1_init$./rtl/core/vibration_core.sv:177$7675 (g_lane[0].w1_init).
Removed top 24 address bits (of 32) from memory read port vibration_core.$memrd$\g_lane[0].w1_init$./rtl/core/vibration_core.sv:177$7674 (g_lane[0].w1_init).
Removed top 24 address bits (of 32) from memory read port vibration_core.$memrd$\g_lane[0].w1_init$./rtl/core/vibration_core.sv:177$7673 (g_lane[0].w1_init).
Removed top 24 address bits (of 32) from memory read port vibration_core.$memrd$\g_lane[0].w1_init$./rtl/core/vibration_core.sv:177$7672 (g_lane[0].w1_init).
Removed top 24 address bits (of 32) from memory read port vibration_core.$memrd$\g_lane[0].w1_init$./rtl/core/vibration_core.sv:177$7671 (g_lane[0].w1_init).
Removed top 25 address bits (of 32) from memory init port vibration_core.$meminit$\g_lane[3].weights$./rtl/core/vibration_core.sv:182$7508 (g_lane[3].weights).
Removed top 25 address bits (of 32) from memory init port vibration_core.$meminit$\g_lane[3].weights$./rtl/core/vibration_core.sv:182$7507 (g_lane[3].weights).
Removed top 25 address bits (of 32) from memory init port vibration_core.$meminit$\g_lane[3].weights$./rtl/core/vibration_core.sv:182$7506 (g_lane[3].weights).
Removed top 25 address bits (of 32) from memory init port vibration_core.$meminit$\g_lane[3].weights$./rtl/core/vibration_core.sv:182$7505 (g_lane[3].weights).
Removed top 25 address bits (of 32) from memory init port vibration_core.$meminit$\g_lane[3].weights$./rtl/core/vibration_core.sv:182$7504 (g_lane[3].weights).
Removed top 25 address bits (of 32) from memory init port vibration_core.$meminit$\g_lane[3].weights$./rtl/core/vibration_core.sv:182$7503 (g_lane[3].weights).
Removed top 25 address bits (of 32) from memory init port vibration_core.$meminit$\g_lane[3].weights$./rtl/core/vibration_core.sv:182$7502 (g_lane[3].weights).
Removed top 25 address bits (of 32) from memory init port vibration_core.$meminit$\g_lane[3].weights$./rtl/core/vibration_core.sv:182$7501 (g_lane[3].weights).
Removed top 25 address bits (of 32) from memory init port vibration_core.$meminit$\g_lane[3].weights$./rtl/core/vibration_core.sv:182$7500 (g_lane[3].weights).
Removed top 25 address bits (of 32) from memory init port vibration_core.$meminit$\g_lane[3].weights$./rtl/core/vibration_core.sv:182$7499 (g_lane[3].weights).
Removed top 25 address bits (of 32) from memory init port vibration_core.$meminit$\g_lane[3].weights$./rtl/core/vibration_core.sv:182$7498 (g_lane[3].weights).
Removed top 25 address bits (of 32) from memory init port vibration_core.$meminit$\g_lane[3].weights$./rtl/core/vibration_core.sv:182$7497 (g_lane[3].weights).
Removed top 25 address bits (of 32) from memory init port vibration_core.$meminit$\g_lane[3].weights$./rtl/core/vibration_core.sv:182$7496 (g_lane[3].weights).
Removed top 25 address bits (of 32) from memory init port vibration_core.$meminit$\g_lane[3].weights$./rtl/core/vibration_core.sv:182$7495 (g_lane[3].weights).
Removed top 25 address bits (of 32) from memory init port vibration_core.$meminit$\g_lane[3].weights$./rtl/core/vibration_core.sv:182$7494 (g_lane[3].weights).
Removed top 25 address bits (of 32) from memory init port vibration_core.$meminit$\g_lane[3].weights$./rtl/core/vibration_core.sv:182$7493 (g_lane[3].weights).
Removed top 25 address bits (of 32) from memory init port vibration_core.$meminit$\g_lane[3].weights$./rtl/core/vibration_core.sv:177$7492 (g_lane[3].weights).
Removed top 25 address bits (of 32) from memory init port vibration_core.$meminit$\g_lane[3].weights$./rtl/core/vibration_core.sv:177$7491 (g_lane[3].weights).
Removed top 25 address bits (of 32) from memory init port vibration_core.$meminit$\g_lane[3].weights$./rtl/core/vibration_core.sv:177$7490 (g_lane[3].weights).
Removed top 25 address bits (of 32) from memory init port vibration_core.$meminit$\g_lane[3].weights$./rtl/core/vibration_core.sv:177$7489 (g_lane[3].weights).
Removed top 25 address bits (of 32) from memory init port vibration_core.$meminit$\g_lane[3].weights$./rtl/core/vibration_core.sv:177$7488 (g_lane[3].weights).
Removed top 25 address bits (of 32) from memory init port vibration_core.$meminit$\g_lane[3].weights$./rtl/core/vibration_core.sv:177$7487 (g_lane[3].weights).
Removed top 25 address bits (of 32) from memory init port vibration_core.$meminit$\g_lane[3].weights$./rtl/core/vibration_core.sv:177$7486 (g_lane[3].weights).
Removed top 25 address bits (of 32) from memory init port vibration_core.$meminit$\g_lane[3].weights$./rtl/core/vibration_core.sv:177$7485 (g_lane[3].weights).
Removed top 25 address bits (of 32) from memory init port vibration_core.$meminit$\g_lane[3].weights$./rtl/core/vibration_core.sv:177$7484 (g_lane[3].weights).
Removed top 25 address bits (of 32) from memory init port vibration_core.$meminit$\g_lane[3].weights$./rtl/core/vibration_core.sv:177$7483 (g_lane[3].weights).
Removed top 25 address bits (of 32) from memory init port vibration_core.$meminit$\g_lane[3].weights$./rtl/core/vibration_core.sv:177$7482 (g_lane[3].weights).
Removed top 25 address bits (of 32) from memory init port vibration_core.$meminit$\g_lane[3].weights$./rtl/core/vibration_core.sv:177$7481 (g_lane[3].weights).
Removed top 25 address bits (of 32) from memory init port vibration_core.$meminit$\g_lane[3].weights$./rtl/core/vibration_core.sv:177$7480 (g_lane[3].weights).
Removed top 25 address bits (of 32) from memory init port vibration_core.$meminit$\g_lane[3].weights$./rtl/core/vibration_core.sv:177$7479 (g_lane[3].weights).
Removed top 25 address bits (of 32) from memory init port vibration_core.$meminit$\g_lane[3].weights$./rtl/core/vibration_core.sv:177$7478 (g_lane[3].weights).
Removed top 25 address bits (of 32) from memory init port vibration_core.$meminit$\g_lane[3].weights$./rtl/core/vibration_core.sv:177$7477 (g_lane[3].weights).
Removed top 25 address bits (of 32) from memory init port vibration_core.$meminit$\g_lane[3].weights$./rtl/core/vibration_core.sv:177$7476 (g_lane[3].weights).
Removed top 25 address bits (of 32) from memory init port vibration_core.$meminit$\g_lane[3].weights$./rtl/core/vibration_core.sv:177$7475 (g_lane[3].weights).
Removed top 25 address bits (of 32) from memory init port vibration_core.$meminit$\g_lane[3].weights$./rtl/core/vibration_core.sv:177$7474 (g_lane[3].weights).
Removed top 25 address bits (of 32) from memory init port vibration_core.$meminit$\g_lane[3].weights$./rtl/core/vibration_core.sv:177$7473 (g_lane[3].weights).
Removed top 25 address bits (of 32) from memory init port vibration_core.$meminit$\g_lane[3].weights$./rtl/core/vibration_core.sv:177$7472 (g_lane[3].weights).
Removed top 25 address bits (of 32) from memory init port vibration_core.$meminit$\g_lane[3].weights$./rtl/core/vibration_core.sv:177$7471 (g_lane[3].weights).
Removed top 25 address bits (of 32) from memory init port vibration_core.$meminit$\g_lane[3].weights$./rtl/core/vibration_core.sv:177$7470 (g_lane[3].weights).
Removed top 25 address bits (of 32) from memory init port vibration_core.$meminit$\g_lane[3].weights$./rtl/core/vibration_core.sv:177$7469 (g_lane[3].weights).
Removed top 25 address bits (of 32) from memory init port vibration_core.$meminit$\g_lane[3].weights$./rtl/core/vibration_core.sv:177$7468 (g_lane[3].weights).
Removed top 25 address bits (of 32) from memory init port vibration_core.$meminit$\g_lane[3].weights$./rtl/core/vibration_core.sv:177$7467 (g_lane[3].weights).
Removed top 25 address bits (of 32) from memory init port vibration_core.$meminit$\g_lane[3].weights$./rtl/core/vibration_core.sv:177$7466 (g_lane[3].weights).
Removed top 25 address bits (of 32) from memory init port vibration_core.$meminit$\g_lane[3].weights$./rtl/core/vibration_core.sv:177$7465 (g_lane[3].weights).
Removed top 25 address bits (of 32) from memory init port vibration_core.$meminit$\g_lane[3].weights$./rtl/core/vibration_core.sv:177$7464 (g_lane[3].weights).
Removed top 25 address bits (of 32) from memory init port vibration_core.$meminit$\g_lane[3].weights$./rtl/core/vibration_core.sv:177$7463 (g_lane[3].weights).
Removed top 25 address bits (of 32) from memory init port vibration_core.$meminit$\g_lane[3].weights$./rtl/core/vibration_core.sv:177$7462 (g_lane[3].weights).
Removed top 25 address bits (of 32) from memory init port vibration_core.$meminit$\g_lane[3].weights$./rtl/core/vibration_core.sv:177$7461 (g_lane[3].weights).
Removed top 25 address bits (of 32) from memory init port vibration_core.$meminit$\g_lane[3].weights$./rtl/core/vibration_core.sv:177$7460 (g_lane[3].weights).
Removed top 25 address bits (of 32) from memory init port vibration_core.$meminit$\g_lane[3].weights$./rtl/core/vibration_core.sv:177$7459 (g_lane[3].weights).
Removed top 25 address bits (of 32) from memory init port vibration_core.$meminit$\g_lane[3].weights$./rtl/core/vibration_core.sv:177$7458 (g_lane[3].weights).
Removed top 25 address bits (of 32) from memory init port vibration_core.$meminit$\g_lane[3].weights$./rtl/core/vibration_core.sv:177$7457 (g_lane[3].weights).
Removed top 25 address bits (of 32) from memory init port vibration_core.$meminit$\g_lane[3].weights$./rtl/core/vibration_core.sv:177$7456 (g_lane[3].weights).
Removed top 25 address bits (of 32) from memory init port vibration_core.$meminit$\g_lane[3].weights$./rtl/core/vibration_core.sv:177$7455 (g_lane[3].weights).
Removed top 25 address bits (of 32) from memory init port vibration_core.$meminit$\g_lane[3].weights$./rtl/core/vibration_core.sv:177$7454 (g_lane[3].weights).
Removed top 25 address bits (of 32) from memory init port vibration_core.$meminit$\g_lane[3].weights$./rtl/core/vibration_core.sv:177$7453 (g_lane[3].weights).
Removed top 25 address bits (of 32) from memory init port vibration_core.$meminit$\g_lane[3].weights$./rtl/core/vibration_core.sv:177$7452 (g_lane[3].weights).
Removed top 25 address bits (of 32) from memory init port vibration_core.$meminit$\g_lane[3].weights$./rtl/core/vibration_core.sv:177$7451 (g_lane[3].weights).
Removed top 25 address bits (of 32) from memory init port vibration_core.$meminit$\g_lane[3].weights$./rtl/core/vibration_core.sv:177$7450 (g_lane[3].weights).
Removed top 25 address bits (of 32) from memory init port vibration_core.$meminit$\g_lane[3].weights$./rtl/core/vibration_core.sv:177$7449 (g_lane[3].weights).
Removed top 25 address bits (of 32) from memory init port vibration_core.$meminit$\g_lane[3].weights$./rtl/core/vibration_core.sv:177$7448 (g_lane[3].weights).
Removed top 25 address bits (of 32) from memory init port vibration_core.$meminit$\g_lane[3].weights$./rtl/core/vibration_core.sv:177$7447 (g_lane[3].weights).
Removed top 25 address bits (of 32) from memory init port vibration_core.$meminit$\g_lane[3].weights$./rtl/core/vibration_core.sv:177$7446 (g_lane[3].weights).
Removed top 25 address bits (of 32) from memory init port vibration_core.$meminit$\g_lane[3].weights$./rtl/core/vibration_core.sv:177$7445 (g_lane[3].weights).
Removed top 25 address bits (of 32) from memory init port vibration_core.$meminit$\g_lane[3].weights$./rtl/core/vibration_core.sv:177$7444 (g_lane[3].weights).
Removed top 25 address bits (of 32) from memory init port vibration_core.$meminit$\g_lane[3].weights$./rtl/core/vibration_core.sv:177$7443 (g_lane[3].weights).
Removed top 25 address bits (of 32) from memory init port vibration_core.$meminit$\g_lane[3].weights$./rtl/core/vibration_core.sv:177$7442 (g_lane[3].weights).
Removed top 25 address bits (of 32) from memory init port vibration_core.$meminit$\g_lane[3].weights$./rtl/core/vibration_core.sv:177$7441 (g_lane[3].weights).
Removed top 25 address bits (of 32) from memory init port vibration_core.$meminit$\g_lane[3].weights$./rtl/core/vibration_core.sv:177$7440 (g_lane[3].weights).
Removed top 25 address bits (of 32) from memory init port vibration_core.$meminit$\g_lane[3].weights$./rtl/core/vibration_core.sv:177$7439 (g_lane[3].weights).
Removed top 25 address bits (of 32) from memory init port vibration_core.$meminit$\g_lane[3].weights$./rtl/core/vibration_core.sv:177$7438 (g_lane[3].weights).
Removed top 25 address bits (of 32) from memory init port vibration_core.$meminit$\g_lane[3].weights$./rtl/core/vibration_core.sv:177$7437 (g_lane[3].weights).
Removed top 25 address bits (of 32) from memory init port vibration_core.$meminit$\g_lane[3].weights$./rtl/core/vibration_core.sv:177$7436 (g_lane[3].weights).
Removed top 25 address bits (of 32) from memory init port vibration_core.$meminit$\g_lane[3].weights$./rtl/core/vibration_core.sv:177$7435 (g_lane[3].weights).
Removed top 25 address bits (of 32) from memory init port vibration_core.$meminit$\g_lane[3].weights$./rtl/core/vibration_core.sv:177$7434 (g_lane[3].weights).
Removed top 25 address bits (of 32) from memory init port vibration_core.$meminit$\g_lane[3].weights$./rtl/core/vibration_core.sv:177$7433 (g_lane[3].weights).
Removed top 25 address bits (of 32) from memory init port vibration_core.$meminit$\g_lane[3].weights$./rtl/core/vibration_core.sv:177$7432 (g_lane[3].weights).
Removed top 25 address bits (of 32) from memory init port vibration_core.$meminit$\g_lane[3].weights$./rtl/core/vibration_core.sv:177$7431 (g_lane[3].weights).
Removed top 25 address bits (of 32) from memory init port vibration_core.$meminit$\g_lane[3].weights$./rtl/core/vibration_core.sv:177$7430 (g_lane[3].weights).
Removed top 25 address bits (of 32) from memory init port vibration_core.$meminit$\g_lane[3].weights$./rtl/core/vibration_core.sv:177$7429 (g_lane[3].weights).
Removed top 25 address bits (of 32) from memory init port vibration_core.$meminit$\g_lane[2].weights$./rtl/core/vibration_core.sv:181$7428 (g_lane[2].weights).
Removed top 25 address bits (of 32) from memory init port vibration_core.$meminit$\g_lane[2].weights$./rtl/core/vibration_core.sv:181$7427 (g_lane[2].weights).
Removed top 25 address bits (of 32) from memory init port vibration_core.$meminit$\g_lane[2].weights$./rtl/core/vibration_core.sv:181$7426 (g_lane[2].weights).
Removed top 25 address bits (of 32) from memory init port vibration_core.$meminit$\g_lane[2].weights$./rtl/core/vibration_core.sv:181$7425 (g_lane[2].weights).
Removed top 25 address bits (of 32) from memory init port vibration_core.$meminit$\g_lane[2].weights$./rtl/core/vibration_core.sv:181$7424 (g_lane[2].weights).
Removed top 25 address bits (of 32) from memory init port vibration_core.$meminit$\g_lane[2].weights$./rtl/core/vibration_core.sv:181$7423 (g_lane[2].weights).
Removed top 25 address bits (of 32) from memory init port vibration_core.$meminit$\g_lane[2].weights$./rtl/core/vibration_core.sv:181$7422 (g_lane[2].weights).
Removed top 25 address bits (of 32) from memory init port vibration_core.$meminit$\g_lane[2].weights$./rtl/core/vibration_core.sv:181$7421 (g_lane[2].weights).
Removed top 25 address bits (of 32) from memory init port vibration_core.$meminit$\g_lane[2].weights$./rtl/core/vibration_core.sv:181$7420 (g_lane[2].weights).
Removed top 25 address bits (of 32) from memory init port vibration_core.$meminit$\g_lane[2].weights$./rtl/core/vibration_core.sv:181$7419 (g_lane[2].weights).
Removed top 25 address bits (of 32) from memory init port vibration_core.$meminit$\g_lane[2].weights$./rtl/core/vibration_core.sv:181$7418 (g_lane[2].weights).
Removed top 25 address bits (of 32) from memory init port vibration_core.$meminit$\g_lane[2].weights$./rtl/core/vibration_core.sv:181$7417 (g_lane[2].weights).
Removed top 25 address bits (of 32) from memory init port vibration_core.$meminit$\g_lane[2].weights$./rtl/core/vibration_core.sv:181$7416 (g_lane[2].weights).
Removed top 25 address bits (of 32) from memory init port vibration_core.$meminit$\g_lane[2].weights$./rtl/core/vibration_core.sv:181$7415 (g_lane[2].weights).
Removed top 25 address bits (of 32) from memory init port vibration_core.$meminit$\g_lane[2].weights$./rtl/core/vibration_core.sv:181$7414 (g_lane[2].weights).
Removed top 25 address bits (of 32) from memory init port vibration_core.$meminit$\g_lane[2].weights$./rtl/core/vibration_core.sv:181$7413 (g_lane[2].weights).
Removed top 25 address bits (of 32) from memory init port vibration_core.$meminit$\g_lane[2].weights$./rtl/core/vibration_core.sv:177$7412 (g_lane[2].weights).
Removed top 25 address bits (of 32) from memory init port vibration_core.$meminit$\g_lane[2].weights$./rtl/core/vibration_core.sv:177$7411 (g_lane[2].weights).
Removed top 25 address bits (of 32) from memory init port vibration_core.$meminit$\g_lane[2].weights$./rtl/core/vibration_core.sv:177$7410 (g_lane[2].weights).
Removed top 25 address bits (of 32) from memory init port vibration_core.$meminit$\g_lane[2].weights$./rtl/core/vibration_core.sv:177$7409 (g_lane[2].weights).
Removed top 25 address bits (of 32) from memory init port vibration_core.$meminit$\g_lane[2].weights$./rtl/core/vibration_core.sv:177$7408 (g_lane[2].weights).
Removed top 25 address bits (of 32) from memory init port vibration_core.$meminit$\g_lane[2].weights$./rtl/core/vibration_core.sv:177$7407 (g_lane[2].weights).
Removed top 25 address bits (of 32) from memory init port vibration_core.$meminit$\g_lane[2].weights$./rtl/core/vibration_core.sv:177$7406 (g_lane[2].weights).
Removed top 25 address bits (of 32) from memory init port vibration_core.$meminit$\g_lane[2].weights$./rtl/core/vibration_core.sv:177$7405 (g_lane[2].weights).
Removed top 25 address bits (of 32) from memory init port vibration_core.$meminit$\g_lane[2].weights$./rtl/core/vibration_core.sv:177$7404 (g_lane[2].weights).
Removed top 25 address bits (of 32) from memory init port vibration_core.$meminit$\g_lane[2].weights$./rtl/core/vibration_core.sv:177$7403 (g_lane[2].weights).
Removed top 25 address bits (of 32) from memory init port vibration_core.$meminit$\g_lane[2].weights$./rtl/core/vibration_core.sv:177$7402 (g_lane[2].weights).
Removed top 25 address bits (of 32) from memory init port vibration_core.$meminit$\g_lane[2].weights$./rtl/core/vibration_core.sv:177$7401 (g_lane[2].weights).
Removed top 25 address bits (of 32) from memory init port vibration_core.$meminit$\g_lane[2].weights$./rtl/core/vibration_core.sv:177$7400 (g_lane[2].weights).
Removed top 25 address bits (of 32) from memory init port vibration_core.$meminit$\g_lane[2].weights$./rtl/core/vibration_core.sv:177$7399 (g_lane[2].weights).
Removed top 25 address bits (of 32) from memory init port vibration_core.$meminit$\g_lane[2].weights$./rtl/core/vibration_core.sv:177$7398 (g_lane[2].weights).
Removed top 25 address bits (of 32) from memory init port vibration_core.$meminit$\g_lane[2].weights$./rtl/core/vibration_core.sv:177$7397 (g_lane[2].weights).
Removed top 25 address bits (of 32) from memory init port vibration_core.$meminit$\g_lane[2].weights$./rtl/core/vibration_core.sv:177$7396 (g_lane[2].weights).
Removed top 25 address bits (of 32) from memory init port vibration_core.$meminit$\g_lane[2].weights$./rtl/core/vibration_core.sv:177$7395 (g_lane[2].weights).
Removed top 25 address bits (of 32) from memory init port vibration_core.$meminit$\g_lane[2].weights$./rtl/core/vibration_core.sv:177$7394 (g_lane[2].weights).
Removed top 25 address bits (of 32) from memory init port vibration_core.$meminit$\g_lane[2].weights$./rtl/core/vibration_core.sv:177$7393 (g_lane[2].weights).
Removed top 25 address bits (of 32) from memory init port vibration_core.$meminit$\g_lane[2].weights$./rtl/core/vibration_core.sv:177$7392 (g_lane[2].weights).
Removed top 25 address bits (of 32) from memory init port vibration_core.$meminit$\g_lane[2].weights$./rtl/core/vibration_core.sv:177$7391 (g_lane[2].weights).
Removed top 25 address bits (of 32) from memory init port vibration_core.$meminit$\g_lane[2].weights$./rtl/core/vibration_core.sv:177$7390 (g_lane[2].weights).
Removed top 25 address bits (of 32) from memory init port vibration_core.$meminit$\g_lane[2].weights$./rtl/core/vibration_core.sv:177$7389 (g_lane[2].weights).
Removed top 25 address bits (of 32) from memory init port vibration_core.$meminit$\g_lane[2].weights$./rtl/core/vibration_core.sv:177$7388 (g_lane[2].weights).
Removed top 25 address bits (of 32) from memory init port vibration_core.$meminit$\g_lane[2].weights$./rtl/core/vibration_core.sv:177$7387 (g_lane[2].weights).
Removed top 25 address bits (of 32) from memory init port vibration_core.$meminit$\g_lane[2].weights$./rtl/core/vibration_core.sv:177$7386 (g_lane[2].weights).
Removed top 25 address bits (of 32) from memory init port vibration_core.$meminit$\g_lane[2].weights$./rtl/core/vibration_core.sv:177$7385 (g_lane[2].weights).
Removed top 25 address bits (of 32) from memory init port vibration_core.$meminit$\g_lane[2].weights$./rtl/core/vibration_core.sv:177$7384 (g_lane[2].weights).
Removed top 25 address bits (of 32) from memory init port vibration_core.$meminit$\g_lane[2].weights$./rtl/core/vibration_core.sv:177$7383 (g_lane[2].weights).
Removed top 25 address bits (of 32) from memory init port vibration_core.$meminit$\g_lane[2].weights$./rtl/core/vibration_core.sv:177$7382 (g_lane[2].weights).
Removed top 25 address bits (of 32) from memory init port vibration_core.$meminit$\g_lane[2].weights$./rtl/core/vibration_core.sv:177$7381 (g_lane[2].weights).
Removed top 25 address bits (of 32) from memory init port vibration_core.$meminit$\g_lane[2].weights$./rtl/core/vibration_core.sv:177$7380 (g_lane[2].weights).
Removed top 25 address bits (of 32) from memory init port vibration_core.$meminit$\g_lane[2].weights$./rtl/core/vibration_core.sv:177$7379 (g_lane[2].weights).
Removed top 25 address bits (of 32) from memory init port vibration_core.$meminit$\g_lane[2].weights$./rtl/core/vibration_core.sv:177$7378 (g_lane[2].weights).
Removed top 25 address bits (of 32) from memory init port vibration_core.$meminit$\g_lane[2].weights$./rtl/core/vibration_core.sv:177$7377 (g_lane[2].weights).
Removed top 25 address bits (of 32) from memory init port vibration_core.$meminit$\g_lane[2].weights$./rtl/core/vibration_core.sv:177$7376 (g_lane[2].weights).
Removed top 25 address bits (of 32) from memory init port vibration_core.$meminit$\g_lane[2].weights$./rtl/core/vibration_core.sv:177$7375 (g_lane[2].weights).
Removed top 25 address bits (of 32) from memory init port vibration_core.$meminit$\g_lane[2].weights$./rtl/core/vibration_core.sv:177$7374 (g_lane[2].weights).
Removed top 25 address bits (of 32) from memory init port vibration_core.$meminit$\g_lane[2].weights$./rtl/core/vibration_core.sv:177$7373 (g_lane[2].weights).
Removed top 25 address bits (of 32) from memory init port vibration_core.$meminit$\g_lane[2].weights$./rtl/core/vibration_core.sv:177$7372 (g_lane[2].weights).
Removed top 25 address bits (of 32) from memory init port vibration_core.$meminit$\g_lane[2].weights$./rtl/core/vibration_core.sv:177$7371 (g_lane[2].weights).
Removed top 25 address bits (of 32) from memory init port vibration_core.$meminit$\g_lane[2].weights$./rtl/core/vibration_core.sv:177$7370 (g_lane[2].weights).
Removed top 25 address bits (of 32) from memory init port vibration_core.$meminit$\g_lane[2].weights$./rtl/core/vibration_core.sv:177$7369 (g_lane[2].weights).
Removed top 25 address bits (of 32) from memory init port vibration_core.$meminit$\g_lane[2].weights$./rtl/core/vibration_core.sv:177$7368 (g_lane[2].weights).
Removed top 25 address bits (of 32) from memory init port vibration_core.$meminit$\g_lane[2].weights$./rtl/core/vibration_core.sv:177$7367 (g_lane[2].weights).
Removed top 25 address bits (of 32) from memory init port vibration_core.$meminit$\g_lane[2].weights$./rtl/core/vibration_core.sv:177$7366 (g_lane[2].weights).
Removed top 25 address bits (of 32) from memory init port vibration_core.$meminit$\g_lane[2].weights$./rtl/core/vibration_core.sv:177$7365 (g_lane[2].weights).
Removed top 25 address bits (of 32) from memory init port vibration_core.$meminit$\g_lane[2].weights$./rtl/core/vibration_core.sv:177$7364 (g_lane[2].weights).
Removed top 25 address bits (of 32) from memory init port vibration_core.$meminit$\g_lane[2].weights$./rtl/core/vibration_core.sv:177$7363 (g_lane[2].weights).
Removed top 25 address bits (of 32) from memory init port vibration_core.$meminit$\g_lane[2].weights$./rtl/core/vibration_core.sv:177$7362 (g_lane[2].weights).
Removed top 25 address bits (of 32) from memory init port vibration_core.$meminit$\g_lane[2].weights$./rtl/core/vibration_core.sv:177$7361 (g_lane[2].weights).
Removed top 25 address bits (of 32) from memory init port vibration_core.$meminit$\g_lane[2].weights$./rtl/core/vibration_core.sv:177$7360 (g_lane[2].weights).
Removed top 25 address bits (of 32) from memory init port vibration_core.$meminit$\g_lane[2].weights$./rtl/core/vibration_core.sv:177$7359 (g_lane[2].weights).
Removed top 25 address bits (of 32) from memory init port vibration_core.$meminit$\g_lane[2].weights$./rtl/core/vibration_core.sv:177$7358 (g_lane[2].weights).
Removed top 25 address bits (of 32) from memory init port vibration_core.$meminit$\g_lane[2].weights$./rtl/core/vibration_core.sv:177$7357 (g_lane[2].weights).
Removed top 25 address bits (of 32) from memory init port vibration_core.$meminit$\g_lane[2].weights$./rtl/core/vibration_core.sv:177$7356 (g_lane[2].weights).
Removed top 25 address bits (of 32) from memory init port vibration_core.$meminit$\g_lane[2].weights$./rtl/core/vibration_core.sv:177$7355 (g_lane[2].weights).
Removed top 25 address bits (of 32) from memory init port vibration_core.$meminit$\g_lane[2].weights$./rtl/core/vibration_core.sv:177$7354 (g_lane[2].weights).
Removed top 25 address bits (of 32) from memory init port vibration_core.$meminit$\g_lane[2].weights$./rtl/core/vibration_core.sv:177$7353 (g_lane[2].weights).
Removed top 25 address bits (of 32) from memory init port vibration_core.$meminit$\g_lane[2].weights$./rtl/core/vibration_core.sv:177$7352 (g_lane[2].weights).
Removed top 25 address bits (of 32) from memory init port vibration_core.$meminit$\g_lane[2].weights$./rtl/core/vibration_core.sv:177$7351 (g_lane[2].weights).
Removed top 25 address bits (of 32) from memory init port vibration_core.$meminit$\g_lane[2].weights$./rtl/core/vibration_core.sv:177$7350 (g_lane[2].weights).
Removed top 25 address bits (of 32) from memory init port vibration_core.$meminit$\g_lane[2].weights$./rtl/core/vibration_core.sv:177$7349 (g_lane[2].weights).
Removed top 25 address bits (of 32) from memory init port vibration_core.$meminit$\g_lane[1].weights$./rtl/core/vibration_core.sv:181$7348 (g_lane[1].weights).
Removed top 25 address bits (of 32) from memory init port vibration_core.$meminit$\g_lane[1].weights$./rtl/core/vibration_core.sv:181$7347 (g_lane[1].weights).
Removed top 25 address bits (of 32) from memory init port vibration_core.$meminit$\g_lane[1].weights$./rtl/core/vibration_core.sv:181$7346 (g_lane[1].weights).
Removed top 25 address bits (of 32) from memory init port vibration_core.$meminit$\g_lane[1].weights$./rtl/core/vibration_core.sv:181$7345 (g_lane[1].weights).
Removed top 25 address bits (of 32) from memory init port vibration_core.$meminit$\g_lane[1].weights$./rtl/core/vibration_core.sv:181$7344 (g_lane[1].weights).
Removed top 25 address bits (of 32) from memory init port vibration_core.$meminit$\g_lane[1].weights$./rtl/core/vibration_core.sv:181$7343 (g_lane[1].weights).
Removed top 25 address bits (of 32) from memory init port vibration_core.$meminit$\g_lane[1].weights$./rtl/core/vibration_core.sv:181$7342 (g_lane[1].weights).
Removed top 25 address bits (of 32) from memory init port vibration_core.$meminit$\g_lane[1].weights$./rtl/core/vibration_core.sv:181$7341 (g_lane[1].weights).
Removed top 25 address bits (of 32) from memory init port vibration_core.$meminit$\g_lane[1].weights$./rtl/core/vibration_core.sv:181$7340 (g_lane[1].weights).
Removed top 25 address bits (of 32) from memory init port vibration_core.$meminit$\g_lane[1].weights$./rtl/core/vibration_core.sv:181$7339 (g_lane[1].weights).
Removed top 25 address bits (of 32) from memory init port vibration_core.$meminit$\g_lane[1].weights$./rtl/core/vibration_core.sv:181$7338 (g_lane[1].weights).
Removed top 25 address bits (of 32) from memory init port vibration_core.$meminit$\g_lane[1].weights$./rtl/core/vibration_core.sv:181$7337 (g_lane[1].weights).
Removed top 25 address bits (of 32) from memory init port vibration_core.$meminit$\g_lane[1].weights$./rtl/core/vibration_core.sv:181$7336 (g_lane[1].weights).
Removed top 25 address bits (of 32) from memory init port vibration_core.$meminit$\g_lane[1].weights$./rtl/core/vibration_core.sv:181$7335 (g_lane[1].weights).
Removed top 25 address bits (of 32) from memory init port vibration_core.$meminit$\g_lane[1].weights$./rtl/core/vibration_core.sv:181$7334 (g_lane[1].weights).
Removed top 25 address bits (of 32) from memory init port vibration_core.$meminit$\g_lane[1].weights$./rtl/core/vibration_core.sv:181$7333 (g_lane[1].weights).
Removed top 25 address bits (of 32) from memory init port vibration_core.$meminit$\g_lane[1].weights$./rtl/core/vibration_core.sv:177$7332 (g_lane[1].weights).
Removed top 25 address bits (of 32) from memory init port vibration_core.$meminit$\g_lane[1].weights$./rtl/core/vibration_core.sv:177$7331 (g_lane[1].weights).
Removed top 25 address bits (of 32) from memory init port vibration_core.$meminit$\g_lane[1].weights$./rtl/core/vibration_core.sv:177$7330 (g_lane[1].weights).
Removed top 25 address bits (of 32) from memory init port vibration_core.$meminit$\g_lane[1].weights$./rtl/core/vibration_core.sv:177$7329 (g_lane[1].weights).
Removed top 25 address bits (of 32) from memory init port vibration_core.$meminit$\g_lane[1].weights$./rtl/core/vibration_core.sv:177$7328 (g_lane[1].weights).
Removed top 25 address bits (of 32) from memory init port vibration_core.$meminit$\g_lane[1].weights$./rtl/core/vibration_core.sv:177$7327 (g_lane[1].weights).
Removed top 25 address bits (of 32) from memory init port vibration_core.$meminit$\g_lane[1].weights$./rtl/core/vibration_core.sv:177$7326 (g_lane[1].weights).
Removed top 25 address bits (of 32) from memory init port vibration_core.$meminit$\g_lane[1].weights$./rtl/core/vibration_core.sv:177$7325 (g_lane[1].weights).
Removed top 25 address bits (of 32) from memory init port vibration_core.$meminit$\g_lane[1].weights$./rtl/core/vibration_core.sv:177$7324 (g_lane[1].weights).
Removed top 25 address bits (of 32) from memory init port vibration_core.$meminit$\g_lane[1].weights$./rtl/core/vibration_core.sv:177$7323 (g_lane[1].weights).
Removed top 25 address bits (of 32) from memory init port vibration_core.$meminit$\g_lane[1].weights$./rtl/core/vibration_core.sv:177$7322 (g_lane[1].weights).
Removed top 25 address bits (of 32) from memory init port vibration_core.$meminit$\g_lane[1].weights$./rtl/core/vibration_core.sv:177$7321 (g_lane[1].weights).
Removed top 25 address bits (of 32) from memory init port vibration_core.$meminit$\g_lane[1].weights$./rtl/core/vibration_core.sv:177$7320 (g_lane[1].weights).
Removed top 25 address bits (of 32) from memory init port vibration_core.$meminit$\g_lane[1].weights$./rtl/core/vibration_core.sv:177$7319 (g_lane[1].weights).
Removed top 25 address bits (of 32) from memory init port vibration_core.$meminit$\g_lane[1].weights$./rtl/core/vibration_core.sv:177$7318 (g_lane[1].weights).
Removed top 25 address bits (of 32) from memory init port vibration_core.$meminit$\g_lane[1].weights$./rtl/core/vibration_core.sv:177$7317 (g_lane[1].weights).
Removed top 25 address bits (of 32) from memory init port vibration_core.$meminit$\g_lane[1].weights$./rtl/core/vibration_core.sv:177$7316 (g_lane[1].weights).
Removed top 25 address bits (of 32) from memory init port vibration_core.$meminit$\g_lane[1].weights$./rtl/core/vibration_core.sv:177$7315 (g_lane[1].weights).
Removed top 25 address bits (of 32) from memory init port vibration_core.$meminit$\g_lane[1].weights$./rtl/core/vibration_core.sv:177$7314 (g_lane[1].weights).
Removed top 25 address bits (of 32) from memory init port vibration_core.$meminit$\g_lane[1].weights$./rtl/core/vibration_core.sv:177$7313 (g_lane[1].weights).
Removed top 25 address bits (of 32) from memory init port vibration_core.$meminit$\g_lane[1].weights$./rtl/core/vibration_core.sv:177$7312 (g_lane[1].weights).
Removed top 25 address bits (of 32) from memory init port vibration_core.$meminit$\g_lane[1].weights$./rtl/core/vibration_core.sv:177$7311 (g_lane[1].weights).
Removed top 25 address bits (of 32) from memory init port vibration_core.$meminit$\g_lane[1].weights$./rtl/core/vibration_core.sv:177$7310 (g_lane[1].weights).
Removed top 25 address bits (of 32) from memory init port vibration_core.$meminit$\g_lane[1].weights$./rtl/core/vibration_core.sv:177$7309 (g_lane[1].weights).
Removed top 25 address bits (of 32) from memory init port vibration_core.$meminit$\g_lane[1].weights$./rtl/core/vibration_core.sv:177$7308 (g_lane[1].weights).
Removed top 25 address bits (of 32) from memory init port vibration_core.$meminit$\g_lane[1].weights$./rtl/core/vibration_core.sv:177$7307 (g_lane[1].weights).
Removed top 25 address bits (of 32) from memory init port vibration_core.$meminit$\g_lane[1].weights$./rtl/core/vibration_core.sv:177$7306 (g_lane[1].weights).
Removed top 25 address bits (of 32) from memory init port vibration_core.$meminit$\g_lane[1].weights$./rtl/core/vibration_core.sv:177$7305 (g_lane[1].weights).
Removed top 25 address bits (of 32) from memory init port vibration_core.$meminit$\g_lane[1].weights$./rtl/core/vibration_core.sv:177$7304 (g_lane[1].weights).
Removed top 25 address bits (of 32) from memory init port vibration_core.$meminit$\g_lane[1].weights$./rtl/core/vibration_core.sv:177$7303 (g_lane[1].weights).
Removed top 25 address bits (of 32) from memory init port vibration_core.$meminit$\g_lane[1].weights$./rtl/core/vibration_core.sv:177$7302 (g_lane[1].weights).
Removed top 25 address bits (of 32) from memory init port vibration_core.$meminit$\g_lane[1].weights$./rtl/core/vibration_core.sv:177$7301 (g_lane[1].weights).
Removed top 25 address bits (of 32) from memory init port vibration_core.$meminit$\g_lane[1].weights$./rtl/core/vibration_core.sv:177$7300 (g_lane[1].weights).
Removed top 25 address bits (of 32) from memory init port vibration_core.$meminit$\g_lane[1].weights$./rtl/core/vibration_core.sv:177$7299 (g_lane[1].weights).
Removed top 25 address bits (of 32) from memory init port vibration_core.$meminit$\g_lane[1].weights$./rtl/core/vibration_core.sv:177$7298 (g_lane[1].weights).
Removed top 25 address bits (of 32) from memory init port vibration_core.$meminit$\g_lane[1].weights$./rtl/core/vibration_core.sv:177$7297 (g_lane[1].weights).
Removed top 25 address bits (of 32) from memory init port vibration_core.$meminit$\g_lane[1].weights$./rtl/core/vibration_core.sv:177$7296 (g_lane[1].weights).
Removed top 25 address bits (of 32) from memory init port vibration_core.$meminit$\g_lane[1].weights$./rtl/core/vibration_core.sv:177$7295 (g_lane[1].weights).
Removed top 25 address bits (of 32) from memory init port vibration_core.$meminit$\g_lane[1].weights$./rtl/core/vibration_core.sv:177$7294 (g_lane[1].weights).
Removed top 25 address bits (of 32) from memory init port vibration_core.$meminit$\g_lane[1].weights$./rtl/core/vibration_core.sv:177$7293 (g_lane[1].weights).
Removed top 25 address bits (of 32) from memory init port vibration_core.$meminit$\g_lane[1].weights$./rtl/core/vibration_core.sv:177$7292 (g_lane[1].weights).
Removed top 25 address bits (of 32) from memory init port vibration_core.$meminit$\g_lane[1].weights$./rtl/core/vibration_core.sv:177$7291 (g_lane[1].weights).
Removed top 25 address bits (of 32) from memory init port vibration_core.$meminit$\g_lane[1].weights$./rtl/core/vibration_core.sv:177$7290 (g_lane[1].weights).
Removed top 25 address bits (of 32) from memory init port vibration_core.$meminit$\g_lane[1].weights$./rtl/core/vibration_core.sv:177$7289 (g_lane[1].weights).
Removed top 25 address bits (of 32) from memory init port vibration_core.$meminit$\g_lane[1].weights$./rtl/core/vibration_core.sv:177$7288 (g_lane[1].weights).
Removed top 25 address bits (of 32) from memory init port vibration_core.$meminit$\g_lane[1].weights$./rtl/core/vibration_core.sv:177$7287 (g_lane[1].weights).
Removed top 25 address bits (of 32) from memory init port vibration_core.$meminit$\g_lane[1].weights$./rtl/core/vibration_core.sv:177$7286 (g_lane[1].weights).
Removed top 25 address bits (of 32) from memory init port vibration_core.$meminit$\g_lane[1].weights$./rtl/core/vibration_core.sv:177$7285 (g_lane[1].weights).
Removed top 25 address bits (of 32) from memory init port vibration_core.$meminit$\g_lane[1].weights$./rtl/core/vibration_core.sv:177$7284 (g_lane[1].weights).
Removed top 25 address bits (of 32) from memory init port vibration_core.$meminit$\g_lane[1].weights$./rtl/core/vibration_core.sv:177$7283 (g_lane[1].weights).
Removed top 25 address bits (of 32) from memory init port vibration_core.$meminit$\g_lane[1].weights$./rtl/core/vibration_core.sv:177$7282 (g_lane[1].weights).
Removed top 25 address bits (of 32) from memory init port vibration_core.$meminit$\g_lane[1].weights$./rtl/core/vibration_core.sv:177$7281 (g_lane[1].weights).
Removed top 25 address bits (of 32) from memory init port vibration_core.$meminit$\g_lane[1].weights$./rtl/core/vibration_core.sv:177$7280 (g_lane[1].weights).
Removed top 25 address bits (of 32) from memory init port vibration_core.$meminit$\g_lane[1].weights$./rtl/core/vibration_core.sv:177$7279 (g_lane[1].weights).
Removed top 25 address bits (of 32) from memory init port vibration_core.$meminit$\g_lane[1].weights$./rtl/core/vibration_core.sv:177$7278 (g_lane[1].weights).
Removed top 25 address bits (of 32) from memory init port vibration_core.$meminit$\g_lane[1].weights$./rtl/core/vibration_core.sv:177$7277 (g_lane[1].weights).
Removed top 25 address bits (of 32) from memory init port vibration_core.$meminit$\g_lane[1].weights$./rtl/core/vibration_core.sv:177$7276 (g_lane[1].weights).
Removed top 25 address bits (of 32) from memory init port vibration_core.$meminit$\g_lane[1].weights$./rtl/core/vibration_core.sv:177$7275 (g_lane[1].weights).
Removed top 25 address bits (of 32) from memory init port vibration_core.$meminit$\g_lane[1].weights$./rtl/core/vibration_core.sv:177$7274 (g_lane[1].weights).
Removed top 25 address bits (of 32) from memory init port vibration_core.$meminit$\g_lane[1].weights$./rtl/core/vibration_core.sv:177$7273 (g_lane[1].weights).
Removed top 25 address bits (of 32) from memory init port vibration_core.$meminit$\g_lane[1].weights$./rtl/core/vibration_core.sv:177$7272 (g_lane[1].weights).
Removed top 25 address bits (of 32) from memory init port vibration_core.$meminit$\g_lane[1].weights$./rtl/core/vibration_core.sv:177$7271 (g_lane[1].weights).
Removed top 25 address bits (of 32) from memory init port vibration_core.$meminit$\g_lane[1].weights$./rtl/core/vibration_core.sv:177$7270 (g_lane[1].weights).
Removed top 25 address bits (of 32) from memory init port vibration_core.$meminit$\g_lane[1].weights$./rtl/core/vibration_core.sv:177$7269 (g_lane[1].weights).
Removed top 25 address bits (of 32) from memory init port vibration_core.$meminit$\g_lane[0].weights$./rtl/core/vibration_core.sv:181$7268 (g_lane[0].weights).
Removed top 25 address bits (of 32) from memory init port vibration_core.$meminit$\g_lane[0].weights$./rtl/core/vibration_core.sv:181$7267 (g_lane[0].weights).
Removed top 25 address bits (of 32) from memory init port vibration_core.$meminit$\g_lane[0].weights$./rtl/core/vibration_core.sv:181$7266 (g_lane[0].weights).
Removed top 25 address bits (of 32) from memory init port vibration_core.$meminit$\g_lane[0].weights$./rtl/core/vibration_core.sv:181$7265 (g_lane[0].weights).
Removed top 25 address bits (of 32) from memory init port vibration_core.$meminit$\g_lane[0].weights$./rtl/core/vibration_core.sv:181$7264 (g_lane[0].weights).
Removed top 25 address bits (of 32) from memory init port vibration_core.$meminit$\g_lane[0].weights$./rtl/core/vibration_core.sv:181$7263 (g_lane[0].weights).
Removed top 25 address bits (of 32) from memory init port vibration_core.$meminit$\g_lane[0].weights$./rtl/core/vibration_core.sv:181$7262 (g_lane[0].weights).
Removed top 25 address bits (of 32) from memory init port vibration_core.$meminit$\g_lane[0].weights$./rtl/core/vibration_core.sv:181$7261 (g_lane[0].weights).
Removed top 25 address bits (of 32) from memory init port vibration_core.$meminit$\g_lane[0].weights$./rtl/core/vibration_core.sv:181$7260 (g_lane[0].weights).
Removed top 25 address bits (of 32) from memory init port vibration_core.$meminit$\g_lane[0].weights$./rtl/core/vibration_core.sv:181$7259 (g_lane[0].weights).
Removed top 25 address bits (of 32) from memory init port vibration_core.$meminit$\g_lane[0].weights$./rtl/core/vibration_core.sv:181$7258 (g_lane[0].weights).
Removed top 25 address bits (of 32) from memory init port vibration_core.$meminit$\g_lane[0].weights$./rtl/core/vibration_core.sv:181$7257 (g_lane[0].weights).
Removed top 25 address bits (of 32) from memory init port vibration_core.$meminit$\g_lane[0].weights$./rtl/core/vibration_core.sv:181$7256 (g_lane[0].weights).
Removed top 25 address bits (of 32) from memory init port vibration_core.$meminit$\g_lane[0].weights$./rtl/core/vibration_core.sv:181$7255 (g_lane[0].weights).
Removed top 25 address bits (of 32) from memory init port vibration_core.$meminit$\g_lane[0].weights$./rtl/core/vibration_core.sv:181$7254 (g_lane[0].weights).
Removed top 25 address bits (of 32) from memory init port vibration_core.$meminit$\g_lane[0].weights$./rtl/core/vibration_core.sv:181$7253 (g_lane[0].weights).
Removed top 25 address bits (of 32) from memory init port vibration_core.$meminit$\g_lane[0].weights$./rtl/core/vibration_core.sv:177$7252 (g_lane[0].weights).
Removed top 25 address bits (of 32) from memory init port vibration_core.$meminit$\g_lane[0].weights$./rtl/core/vibration_core.sv:177$7251 (g_lane[0].weights).
Removed top 25 address bits (of 32) from memory init port vibration_core.$meminit$\g_lane[0].weights$./rtl/core/vibration_core.sv:177$7250 (g_lane[0].weights).
Removed top 25 address bits (of 32) from memory init port vibration_core.$meminit$\g_lane[0].weights$./rtl/core/vibration_core.sv:177$7249 (g_lane[0].weights).
Removed top 25 address bits (of 32) from memory init port vibration_core.$meminit$\g_lane[0].weights$./rtl/core/vibration_core.sv:177$7248 (g_lane[0].weights).
Removed top 25 address bits (of 32) from memory init port vibration_core.$meminit$\g_lane[0].weights$./rtl/core/vibration_core.sv:177$7247 (g_lane[0].weights).
Removed top 25 address bits (of 32) from memory init port vibration_core.$meminit$\g_lane[0].weights$./rtl/core/vibration_core.sv:177$7246 (g_lane[0].weights).
Removed top 25 address bits (of 32) from memory init port vibration_core.$meminit$\g_lane[0].weights$./rtl/core/vibration_core.sv:177$7245 (g_lane[0].weights).
Removed top 25 address bits (of 32) from memory init port vibration_core.$meminit$\g_lane[0].weights$./rtl/core/vibration_core.sv:177$7244 (g_lane[0].weights).
Removed top 25 address bits (of 32) from memory init port vibration_core.$meminit$\g_lane[0].weights$./rtl/core/vibration_core.sv:177$7243 (g_lane[0].weights).
Removed top 25 address bits (of 32) from memory init port vibration_core.$meminit$\g_lane[0].weights$./rtl/core/vibration_core.sv:177$7242 (g_lane[0].weights).
Removed top 25 address bits (of 32) from memory init port vibration_core.$meminit$\g_lane[0].weights$./rtl/core/vibration_core.sv:177$7241 (g_lane[0].weights).
Removed top 25 address bits (of 32) from memory init port vibration_core.$meminit$\g_lane[0].weights$./rtl/core/vibration_core.sv:177$7240 (g_lane[0].weights).
Removed top 25 address bits (of 32) from memory init port vibration_core.$meminit$\g_lane[0].weights$./rtl/core/vibration_core.sv:177$7239 (g_lane[0].weights).
Removed top 25 address bits (of 32) from memory init port vibration_core.$meminit$\g_lane[0].weights$./rtl/core/vibration_core.sv:177$7238 (g_lane[0].weights).
Removed top 25 address bits (of 32) from memory init port vibration_core.$meminit$\g_lane[0].weights$./rtl/core/vibration_core.sv:177$7237 (g_lane[0].weights).
Removed top 25 address bits (of 32) from memory init port vibration_core.$meminit$\g_lane[0].weights$./rtl/core/vibration_core.sv:177$7236 (g_lane[0].weights).
Removed top 25 address bits (of 32) from memory init port vibration_core.$meminit$\g_lane[0].weights$./rtl/core/vibration_core.sv:177$7235 (g_lane[0].weights).
Removed top 25 address bits (of 32) from memory init port vibration_core.$meminit$\g_lane[0].weights$./rtl/core/vibration_core.sv:177$7234 (g_lane[0].weights).
Removed top 25 address bits (of 32) from memory init port vibration_core.$meminit$\g_lane[0].weights$./rtl/core/vibration_core.sv:177$7233 (g_lane[0].weights).
Removed top 25 address bits (of 32) from memory init port vibration_core.$meminit$\g_lane[0].weights$./rtl/core/vibration_core.sv:177$7232 (g_lane[0].weights).
Removed top 25 address bits (of 32) from memory init port vibration_core.$meminit$\g_lane[0].weights$./rtl/core/vibration_core.sv:177$7231 (g_lane[0].weights).
Removed top 25 address bits (of 32) from memory init port vibration_core.$meminit$\g_lane[0].weights$./rtl/core/vibration_core.sv:177$7230 (g_lane[0].weights).
Removed top 25 address bits (of 32) from memory init port vibration_core.$meminit$\g_lane[0].weights$./rtl/core/vibration_core.sv:177$7229 (g_lane[0].weights).
Removed top 25 address bits (of 32) from memory init port vibration_core.$meminit$\g_lane[0].weights$./rtl/core/vibration_core.sv:177$7228 (g_lane[0].weights).
Removed top 25 address bits (of 32) from memory init port vibration_core.$meminit$\g_lane[0].weights$./rtl/core/vibration_core.sv:177$7227 (g_lane[0].weights).
Removed top 25 address bits (of 32) from memory init port vibration_core.$meminit$\g_lane[0].weights$./rtl/core/vibration_core.sv:177$7226 (g_lane[0].weights).
Removed top 25 address bits (of 32) from memory init port vibration_core.$meminit$\g_lane[0].weights$./rtl/core/vibration_core.sv:177$7225 (g_lane[0].weights).
Removed top 25 address bits (of 32) from memory init port vibration_core.$meminit$\g_lane[0].weights$./rtl/core/vibration_core.sv:177$7224 (g_lane[0].weights).
Removed top 25 address bits (of 32) from memory init port vibration_core.$meminit$\g_lane[0].weights$./rtl/core/vibration_core.sv:177$7223 (g_lane[0].weights).
Removed top 25 address bits (of 32) from memory init port vibration_core.$meminit$\g_lane[0].weights$./rtl/core/vibration_core.sv:177$7222 (g_lane[0].weights).
Removed top 25 address bits (of 32) from memory init port vibration_core.$meminit$\g_lane[0].weights$./rtl/core/vibration_core.sv:177$7221 (g_lane[0].weights).
Removed top 25 address bits (of 32) from memory init port vibration_core.$meminit$\g_lane[0].weights$./rtl/core/vibration_core.sv:177$7220 (g_lane[0].weights).
Removed top 25 address bits (of 32) from memory init port vibration_core.$meminit$\g_lane[0].weights$./rtl/core/vibration_core.sv:177$7219 (g_lane[0].weights).
Removed top 25 address bits (of 32) from memory init port vibration_core.$meminit$\g_lane[0].weights$./rtl/core/vibration_core.sv:177$7218 (g_lane[0].weights).
Removed top 25 address bits (of 32) from memory init port vibration_core.$meminit$\g_lane[0].weights$./rtl/core/vibration_core.sv:177$7217 (g_lane[0].weights).
Removed top 25 address bits (of 32) from memory init port vibration_core.$meminit$\g_lane[0].weights$./rtl/core/vibration_core.sv:177$7216 (g_lane[0].weights).
Removed top 25 address bits (of 32) from memory init port vibration_core.$meminit$\g_lane[0].weights$./rtl/core/vibration_core.sv:177$7215 (g_lane[0].weights).
Removed top 25 address bits (of 32) from memory init port vibration_core.$meminit$\g_lane[0].weights$./rtl/core/vibration_core.sv:177$7214 (g_lane[0].weights).
Removed top 25 address bits (of 32) from memory init port vibration_core.$meminit$\g_lane[0].weights$./rtl/core/vibration_core.sv:177$7213 (g_lane[0].weights).
Removed top 25 address bits (of 32) from memory init port vibration_core.$meminit$\g_lane[0].weights$./rtl/core/vibration_core.sv:177$7212 (g_lane[0].weights).
Removed top 25 address bits (of 32) from memory init port vibration_core.$meminit$\g_lane[0].weights$./rtl/core/vibration_core.sv:177$7211 (g_lane[0].weights).
Removed top 25 address bits (of 32) from memory init port vibration_core.$meminit$\g_lane[0].weights$./rtl/core/vibration_core.sv:177$7210 (g_lane[0].weights).
Removed top 25 address bits (of 32) from memory init port vibration_core.$meminit$\g_lane[0].weights$./rtl/core/vibration_core.sv:177$7209 (g_lane[0].weights).
Removed top 25 address bits (of 32) from memory init port vibration_core.$meminit$\g_lane[0].weights$./rtl/core/vibration_core.sv:177$7208 (g_lane[0].weights).
Removed top 25 address bits (of 32) from memory init port vibration_core.$meminit$\g_lane[0].weights$./rtl/core/vibration_core.sv:177$7207 (g_lane[0].weights).
Removed top 25 address bits (of 32) from memory init port vibration_core.$meminit$\g_lane[0].weights$./rtl/core/vibration_core.sv:177$7206 (g_lane[0].weights).
Removed top 25 address bits (of 32) from memory init port vibration_core.$meminit$\g_lane[0].weights$./rtl/core/vibration_core.sv:177$7205 (g_lane[0].weights).
Removed top 25 address bits (of 32) from memory init port vibration_core.$meminit$\g_lane[0].weights$./rtl/core/vibration_core.sv:177$7204 (g_lane[0].weights).
Removed top 25 address bits (of 32) from memory init port vibration_core.$meminit$\g_lane[0].weights$./rtl/core/vibration_core.sv:177$7203 (g_lane[0].weights).
Removed top 25 address bits (of 32) from memory init port vibration_core.$meminit$\g_lane[0].weights$./rtl/core/vibration_core.sv:177$7202 (g_lane[0].weights).
Removed top 25 address bits (of 32) from memory init port vibration_core.$meminit$\g_lane[0].weights$./rtl/core/vibration_core.sv:177$7201 (g_lane[0].weights).
Removed top 25 address bits (of 32) from memory init port vibration_core.$meminit$\g_lane[0].weights$./rtl/core/vibration_core.sv:177$7200 (g_lane[0].weights).
Removed top 25 address bits (of 32) from memory init port vibration_core.$meminit$\g_lane[0].weights$./rtl/core/vibration_core.sv:177$7199 (g_lane[0].weights).
Removed top 25 address bits (of 32) from memory init port vibration_core.$meminit$\g_lane[0].weights$./rtl/core/vibration_core.sv:177$7198 (g_lane[0].weights).
Removed top 25 address bits (of 32) from memory init port vibration_core.$meminit$\g_lane[0].weights$./rtl/core/vibration_core.sv:177$7197 (g_lane[0].weights).
Removed top 25 address bits (of 32) from memory init port vibration_core.$meminit$\g_lane[0].weights$./rtl/core/vibration_core.sv:177$7196 (g_lane[0].weights).
Removed top 25 address bits (of 32) from memory init port vibration_core.$meminit$\g_lane[0].weights$./rtl/core/vibration_core.sv:177$7195 (g_lane[0].weights).
Removed top 25 address bits (of 32) from memory init port vibration_core.$meminit$\g_lane[0].weights$./rtl/core/vibration_core.sv:177$7194 (g_lane[0].weights).
Removed top 25 address bits (of 32) from memory init port vibration_core.$meminit$\g_lane[0].weights$./rtl/core/vibration_core.sv:177$7193 (g_lane[0].weights).
Removed top 25 address bits (of 32) from memory init port vibration_core.$meminit$\g_lane[0].weights$./rtl/core/vibration_core.sv:177$7192 (g_lane[0].weights).
Removed top 25 address bits (of 32) from memory init port vibration_core.$meminit$\g_lane[0].weights$./rtl/core/vibration_core.sv:177$7191 (g_lane[0].weights).
Removed top 25 address bits (of 32) from memory init port vibration_core.$meminit$\g_lane[0].weights$./rtl/core/vibration_core.sv:177$7190 (g_lane[0].weights).
Removed top 25 address bits (of 32) from memory init port vibration_core.$meminit$\g_lane[0].weights$./rtl/core/vibration_core.sv:177$7189 (g_lane[0].weights).
Removed top 24 address bits (of 32) from memory init port vibration_core.$meminit$\g_lane[3].w1_init$./rtl/core/vibration_core.sv:173$7175 (g_lane[3].w1_init).
Removed top 26 address bits (of 32) from memory init port vibration_core.$meminit$\g_lane[2].w2_init$./rtl/core/vibration_core.sv:174$7169 (g_lane[2].w2_init).
Removed top 24 address bits (of 32) from memory init port vibration_core.$meminit$\g_lane[2].w1_init$./rtl/core/vibration_core.sv:173$7168 (g_lane[2].w1_init).
Removed top 26 address bits (of 32) from memory init port vibration_core.$meminit$\g_lane[1].w2_init$./rtl/core/vibration_core.sv:174$7162 (g_lane[1].w2_init).
Removed top 24 address bits (of 32) from memory init port vibration_core.$meminit$\g_lane[1].w1_init$./rtl/core/vibration_core.sv:173$7161 (g_lane[1].w1_init).
Removed top 26 address bits (of 32) from memory init port vibration_core.$meminit$\g_lane[0].w2_init$./rtl/core/vibration_core.sv:174$7155 (g_lane[0].w2_init).
Removed top 24 address bits (of 32) from memory init port vibration_core.$meminit$\g_lane[0].w1_init$./rtl/core/vibration_core.sv:173$7154 (g_lane[0].w1_init).
Removed top 30 address bits (of 32) from memory init port vibration_core.$meminit$\bias2$./rtl/core/vibration_core.sv:63$7152 (bias2).
Removed top 28 address bits (of 32) from memory init port vibration_core.$meminit$\bias1$./rtl/core/vibration_core.sv:62$7151 (bias1).
Removed top 28 address bits (of 32) from memory init port vibration_core.$meminit$\feature_shifts$./rtl/core/vibration_core.sv:61$7150 (feature_shifts).
Removed top 28 address bits (of 32) from memory init port vibration_core.$meminit$\frequency_bins$./rtl/core/vibration_core.sv:60$7149 (frequency_bins).
Removed top 22 address bits (of 32) from memory init port vibration_core.$meminit$\hann$./rtl/core/vibration_core.sv:59$7148 (hann).
Removed top 30 address bits (of 32) from memory read port vibration_core.$memrd$\logits$./rtl/core/vibration_core.sv:371$7145 (logits).
Removed top 30 address bits (of 32) from memory read port vibration_core.$memrd$\logits$./rtl/core/vibration_core.sv:371$7144 (logits).
Removed top 30 address bits (of 32) from memory read port vibration_core.$memrd$\logits$./rtl/core/vibration_core.sv:370$7140 (logits).
Removed top 30 address bits (of 32) from memory read port vibration_core.$memrd$\bias2$./rtl/core/vibration_core.sv:340$7030 (bias2).
Removed top 28 address bits (of 32) from memory read port vibration_core.$memrd$\bias1$./rtl/core/vibration_core.sv:339$7026 (bias1).
Removed top 30 address bits (of 32) from memory read port vibration_core.$memrd$\bias2$./rtl/core/vibration_core.sv:340$7023 (bias2).
Removed top 28 address bits (of 32) from memory read port vibration_core.$memrd$\bias1$./rtl/core/vibration_core.sv:339$7019 (bias1).
Removed top 30 address bits (of 32) from memory read port vibration_core.$memrd$\bias2$./rtl/core/vibration_core.sv:340$7016 (bias2).
Removed top 28 address bits (of 32) from memory read port vibration_core.$memrd$\bias1$./rtl/core/vibration_core.sv:339$7012 (bias1).
Removed top 30 address bits (of 32) from memory read port vibration_core.$memrd$\bias2$./rtl/core/vibration_core.sv:340$7009 (bias2).
Removed top 28 address bits (of 32) from memory read port vibration_core.$memrd$\bias1$./rtl/core/vibration_core.sv:339$7005 (bias1).
Removed top 24 address bits (of 32) from memory init port vibration_core.$flatten\g_lane[3].coeff_rom.$meminit$\quarter$./rtl/core/vib_coeff_rom.sv:20$5826 (g_lane[3].coeff_rom.quarter).
Removed top 28 address bits (of 32) from memory read port vibration_core.$memrd$\frequency_bins$./rtl/core/vibration_core.sv:307$6856 (frequency_bins).
Removed top 28 address bits (of 32) from memory read port vibration_core.$memrd$\frequency_bins$./rtl/core/vibration_core.sv:307$6851 (frequency_bins).
Removed top 28 address bits (of 32) from memory read port vibration_core.$memrd$\frequency_bins$./rtl/core/vibration_core.sv:307$6846 (frequency_bins).
Removed top 28 address bits (of 32) from memory read port vibration_core.$memrd$\frequency_bins$./rtl/core/vibration_core.sv:307$6841 (frequency_bins).
Removed top 30 address bits (of 32) from memory init port vibration_core.$auto$proc_memwr.cc:45:proc_memwr$14979 (logits).
Removed top 30 address bits (of 32) from memory init port vibration_core.$auto$proc_memwr.cc:45:proc_memwr$14980 (logits).
Removed top 30 address bits (of 32) from memory init port vibration_core.$auto$proc_memwr.cc:45:proc_memwr$14981 (logits).
Removed top 2 address bits (of 6) from memory init port vibration_core.$auto$proc_memwr.cc:45:proc_memwr$14984 (imag_part).
Removed top 2 address bits (of 6) from memory init port vibration_core.$auto$proc_memwr.cc:45:proc_memwr$14985 (real_part).
Removed top 1 address bits (of 5) from memory init port vibration_core.$auto$proc_memwr.cc:45:proc_memwr$14987 (hidden).
Removed top 3 address bits (of 5) from memory init port vibration_core.$auto$proc_memwr.cc:45:proc_memwr$14988 (logits).
Removed top 22 address bits (of 32) from memory init port vibration_core.$auto$proc_memwr.cc:45:proc_memwr$14989 (raw1).
Removed top 22 address bits (of 32) from memory init port vibration_core.$auto$proc_memwr.cc:45:proc_memwr$14990 (raw0).
Removed top 1 bits (of 2) from port B of cell vibration_core.$auto$simple.cc:194:make_patterns_logic$15271 ($ne).
Removed top 1 bits (of 2) from port B of cell vibration_core.$auto$simple.cc:194:make_patterns_logic$15235 ($ne).
Removed top 1 bits (of 2) from port B of cell vibration_core.$auto$simple.cc:194:make_patterns_logic$15225 ($ne).
Removed top 25 bits (of 32) from port A of cell vibration_core.$add$./rtl/core/vibration_core.sv:99$6219 ($add).
Removed top 25 bits (of 32) from port B of cell vibration_core.$add$./rtl/core/vibration_core.sv:99$6219 ($add).
Removed top 24 bits (of 32) from port Y of cell vibration_core.$add$./rtl/core/vibration_core.sv:99$6219 ($add).
Removed top 24 bits (of 32) from port A of cell vibration_core.$add$./rtl/core/vibration_core.sv:99$6220 ($add).
Removed top 23 bits (of 32) from port Y of cell vibration_core.$add$./rtl/core/vibration_core.sv:99$6220 ($add).
Removed top 25 bits (of 32) from port A of cell vibration_core.$add$./rtl/core/vibration_core.sv:99$6223 ($add).
Removed top 24 bits (of 32) from port Y of cell vibration_core.$add$./rtl/core/vibration_core.sv:99$6223 ($add).
Removed top 25 bits (of 32) from mux cell vibration_core.$ternary$./rtl/core/vibration_core.sv:99$6224 ($mux).
Converting cell vibration_core.$sub$./rtl/core/vibration_core.sv:199$6240 ($sub) from unsigned to signed.
Removed top 48 bits (of 64) from port A of cell vibration_core.$sub$./rtl/core/vibration_core.sv:199$6240 ($sub).
Removed top 48 bits (of 64) from port B of cell vibration_core.$sub$./rtl/core/vibration_core.sv:199$6240 ($sub).
Removed top 47 bits (of 64) from port Y of cell vibration_core.$sub$./rtl/core/vibration_core.sv:199$6240 ($sub).
Removed top 59 bits (of 64) from port A of cell vibration_core.$gt$./rtl/core/vibration_core.sv:113$6247 ($gt).
Removed top 59 bits (of 64) from port B of cell vibration_core.$gt$./rtl/core/vibration_core.sv:113$6247 ($gt).
Converting cell vibration_core.$add$./rtl/core/vibration_core.sv:113$6251 ($add) from unsigned to signed.
Removed top 52 bits (of 64) from port A of cell vibration_core.$add$./rtl/core/vibration_core.sv:113$6251 ($add).
Removed top 62 bits (of 64) from port B of cell vibration_core.$add$./rtl/core/vibration_core.sv:113$6251 ($add).
Removed top 51 bits (of 64) from port Y of cell vibration_core.$add$./rtl/core/vibration_core.sv:113$6251 ($add).
Removed top 20 bits (of 32) from port B of cell vibration_core.$gt$./rtl/core/vibration_core.sv:120$6252 ($gt).
Removed top 52 bits (of 64) from port B of cell vibration_core.$lt$./rtl/core/vibration_core.sv:121$6254 ($lt).
Removed top 22 bits (of 32) from mux cell vibration_core.$ternary$./rtl/core/vibration_core.sv:220$6298 ($mux).
Removed top 20 bits (of 32) from port B of cell vibration_core.$gt$./rtl/core/vibration_core.sv:120$6326 ($gt).
Removed top 52 bits (of 64) from port B of cell vibration_core.$lt$./rtl/core/vibration_core.sv:121$6328 ($lt).
Converting cell vibration_core.$neg$./rtl/core/vibration_core.sv:261$6616 ($neg) from signed to unsigned.
Removed top 1 bits (of 2) from port A of cell vibration_core.$neg$./rtl/core/vibration_core.sv:261$6616 ($neg).
Removed top 30 bits (of 32) from port Y of cell vibration_core.$or$./rtl/core/vibration_core.sv:261$6618 ($or).
Removed top 30 bits (of 32) from port A of cell vibration_core.$or$./rtl/core/vibration_core.sv:261$6618 ($or).
Removed top 30 bits (of 32) from port B of cell vibration_core.$or$./rtl/core/vibration_core.sv:261$6618 ($or).
Removed top 10 bits (of 26) from port B of cell vibration_core.$add$./rtl/core/vibration_core.sv:262$6619 ($add).
Removed top 31 bits (of 32) from port B of cell vibration_core.$add$./rtl/core/vibration_core.sv:266$6623 ($add).
Removed top 31 bits (of 32) from port B of cell vibration_core.$add$./rtl/core/vibration_core.sv:267$6624 ($add).
Removed top 22 bits (of 32) from port Y of cell vibration_core.$add$./rtl/core/vibration_core.sv:267$6624 ($add).
Removed top 4 bits (of 5) from port B of cell vibration_core.$ge$./rtl/core/vibration_core.sv:271$6625 ($ge).
Removed top 2 bits (of 5) from port B of cell vibration_core.$le$./rtl/core/vibration_core.sv:271$6626 ($le).
Removed top 31 bits (of 32) from port B of cell vibration_core.$add$./rtl/core/vibration_core.sv:271$6628 ($add).
Removed top 2 bits (of 5) from port B of cell vibration_core.$ge$./rtl/core/vibration_core.sv:272$6629 ($ge).
Removed top 1 bits (of 5) from port B of cell vibration_core.$le$./rtl/core/vibration_core.sv:272$6630 ($le).
Removed top 31 bits (of 32) from port B of cell vibration_core.$add$./rtl/core/vibration_core.sv:272$6632 ($add).
Removed top 1 bits (of 5) from port B of cell vibration_core.$ge$./rtl/core/vibration_core.sv:273$6633 ($ge).
Removed top 1 bits (of 5) from port B of cell vibration_core.$le$./rtl/core/vibration_core.sv:273$6634 ($le).
Removed top 31 bits (of 32) from port B of cell vibration_core.$add$./rtl/core/vibration_core.sv:273$6636 ($add).
Removed top 1 bits (of 5) from port B of cell vibration_core.$ge$./rtl/core/vibration_core.sv:274$6637 ($ge).
Removed top 31 bits (of 32) from port B of cell vibration_core.$add$./rtl/core/vibration_core.sv:274$6640 ($add).
Removed top 31 bits (of 32) from port B of cell vibration_core.$add$./rtl/core/vibration_core.sv:275$6646 ($add).
Removed top 30 bits (of 32) from port Y of cell vibration_core.$or$./rtl/core/vibration_core.sv:280$6765 ($or).
Removed top 30 bits (of 32) from port A of cell vibration_core.$or$./rtl/core/vibration_core.sv:280$6765 ($or).
Removed top 30 bits (of 32) from port B of cell vibration_core.$or$./rtl/core/vibration_core.sv:280$6765 ($or).
Converting cell vibration_core.$neg$./rtl/core/vibration_core.sv:280$6770 ($neg) from signed to unsigned.
Removed top 1 bits (of 2) from port A of cell vibration_core.$neg$./rtl/core/vibration_core.sv:280$6770 ($neg).
Removed top 30 bits (of 32) from port Y of cell vibration_core.$or$./rtl/core/vibration_core.sv:280$6772 ($or).
Removed top 30 bits (of 32) from port A of cell vibration_core.$or$./rtl/core/vibration_core.sv:280$6772 ($or).
Removed top 30 bits (of 32) from port B of cell vibration_core.$or$./rtl/core/vibration_core.sv:280$6772 ($or).
Removed top 54 bits (of 64) from port A of cell vibration_core.$gt$./rtl/core/vibration_core.sv:113$6793 ($gt).
Removed top 54 bits (of 64) from port B of cell vibration_core.$gt$./rtl/core/vibration_core.sv:113$6793 ($gt).
Converting cell vibration_core.$add$./rtl/core/vibration_core.sv:113$6797 ($add) from unsigned to signed.
Removed top 48 bits (of 64) from port A of cell vibration_core.$add$./rtl/core/vibration_core.sv:113$6797 ($add).
Removed top 62 bits (of 64) from port B of cell vibration_core.$add$./rtl/core/vibration_core.sv:113$6797 ($add).
Removed top 47 bits (of 64) from port Y of cell vibration_core.$add$./rtl/core/vibration_core.sv:113$6797 ($add).
Removed top 50 bits (of 64) from port A of cell vibration_core.$gt$./rtl/core/vibration_core.sv:113$6804 ($gt).
Removed top 50 bits (of 64) from port B of cell vibration_core.$gt$./rtl/core/vibration_core.sv:113$6804 ($gt).
Converting cell vibration_core.$add$./rtl/core/vibration_core.sv:113$6808 ($add) from unsigned to signed.
Removed top 46 bits (of 64) from port A of cell vibration_core.$add$./rtl/core/vibration_core.sv:113$6808 ($add).
Removed top 62 bits (of 64) from port B of cell vibration_core.$add$./rtl/core/vibration_core.sv:113$6808 ($add).
Removed top 45 bits (of 64) from port Y of cell vibration_core.$add$./rtl/core/vibration_core.sv:113$6808 ($add).
Removed top 20 bits (of 32) from port B of cell vibration_core.$gt$./rtl/core/vibration_core.sv:120$6809 ($gt).
Removed top 52 bits (of 64) from port B of cell vibration_core.$lt$./rtl/core/vibration_core.sv:121$6811 ($lt).
Converting cell vibration_core.$neg$./rtl/core/vibration_core.sv:294$6820 ($neg) from signed to unsigned.
Removed top 1 bits (of 2) from port A of cell vibration_core.$neg$./rtl/core/vibration_core.sv:294$6820 ($neg).
Removed top 30 bits (of 32) from port Y of cell vibration_core.$or$./rtl/core/vibration_core.sv:294$6822 ($or).
Removed top 30 bits (of 32) from port A of cell vibration_core.$or$./rtl/core/vibration_core.sv:294$6822 ($or).
Removed top 30 bits (of 32) from port B of cell vibration_core.$or$./rtl/core/vibration_core.sv:294$6822 ($or).
Removed top 23 bits (of 32) from mux cell vibration_core.$ternary$./rtl/core/vibration_core.sv:299$6827 ($mux).
Removed top 23 bits (of 32) from mux cell vibration_core.$ternary$./rtl/core/vibration_core.sv:299$6831 ($mux).
Removed top 23 bits (of 32) from mux cell vibration_core.$ternary$./rtl/core/vibration_core.sv:299$6835 ($mux).
Removed top 23 bits (of 32) from mux cell vibration_core.$ternary$./rtl/core/vibration_core.sv:299$6839 ($mux).
Removed top 6 bits (of 16) from port Y of cell vibration_core.$add$./rtl/core/vibration_core.sv:307$6844 ($add).
Removed top 6 bits (of 16) from port B of cell vibration_core.$add$./rtl/core/vibration_core.sv:307$6844 ($add).
Removed top 31 bits (of 32) from port B of cell vibration_core.$add$./rtl/core/vibration_core.sv:307$6847 ($add).
Removed top 27 bits (of 32) from port Y of cell vibration_core.$add$./rtl/core/vibration_core.sv:307$6847 ($add).
Removed top 1 bits (of 6) from port A of cell vibration_core.$add$./rtl/core/vibration_core.sv:307$6847 ($add).
Removed top 6 bits (of 16) from port Y of cell vibration_core.$add$./rtl/core/vibration_core.sv:307$6849 ($add).
Removed top 6 bits (of 16) from port B of cell vibration_core.$add$./rtl/core/vibration_core.sv:307$6849 ($add).
Removed top 30 bits (of 32) from port B of cell vibration_core.$add$./rtl/core/vibration_core.sv:307$6852 ($add).
Removed top 27 bits (of 32) from port Y of cell vibration_core.$add$./rtl/core/vibration_core.sv:307$6852 ($add).
Removed top 1 bits (of 6) from port A of cell vibration_core.$add$./rtl/core/vibration_core.sv:307$6852 ($add).
Removed top 6 bits (of 16) from port Y of cell vibration_core.$add$./rtl/core/vibration_core.sv:307$6854 ($add).
Removed top 6 bits (of 16) from port B of cell vibration_core.$add$./rtl/core/vibration_core.sv:307$6854 ($add).
Removed top 30 bits (of 32) from port B of cell vibration_core.$add$./rtl/core/vibration_core.sv:307$6857 ($add).
Removed top 27 bits (of 32) from port Y of cell vibration_core.$add$./rtl/core/vibration_core.sv:307$6857 ($add).
Removed top 1 bits (of 6) from port A of cell vibration_core.$add$./rtl/core/vibration_core.sv:307$6857 ($add).
Removed top 6 bits (of 16) from port Y of cell vibration_core.$add$./rtl/core/vibration_core.sv:307$6859 ($add).
Removed top 6 bits (of 16) from port B of cell vibration_core.$add$./rtl/core/vibration_core.sv:307$6859 ($add).
Removed top 31 bits (of 32) from port B of cell vibration_core.$add$./rtl/core/vibration_core.sv:310$6861 ($add).
Removed top 22 bits (of 32) from port Y of cell vibration_core.$add$./rtl/core/vibration_core.sv:310$6861 ($add).
Removed top 44 bits (of 64) from port A of cell vibration_core.$gt$./rtl/core/vibration_core.sv:113$6896 ($gt).
Removed top 44 bits (of 64) from port B of cell vibration_core.$gt$./rtl/core/vibration_core.sv:113$6896 ($gt).
Converting cell vibration_core.$add$./rtl/core/vibration_core.sv:113$6900 ($add) from unsigned to signed.
Removed top 44 bits (of 64) from port A of cell vibration_core.$add$./rtl/core/vibration_core.sv:113$6900 ($add).
Removed top 62 bits (of 64) from port B of cell vibration_core.$add$./rtl/core/vibration_core.sv:113$6900 ($add).
Removed top 43 bits (of 64) from port Y of cell vibration_core.$add$./rtl/core/vibration_core.sv:113$6900 ($add).
Removed top 16 bits (of 32) from port B of cell vibration_core.$gt$./rtl/core/vibration_core.sv:128$6901 ($gt).
Removed top 48 bits (of 64) from port B of cell vibration_core.$lt$./rtl/core/vibration_core.sv:129$6903 ($lt).
Removed top 44 bits (of 64) from port A of cell vibration_core.$gt$./rtl/core/vibration_core.sv:113$6914 ($gt).
Removed top 44 bits (of 64) from port B of cell vibration_core.$gt$./rtl/core/vibration_core.sv:113$6914 ($gt).
Converting cell vibration_core.$add$./rtl/core/vibration_core.sv:113$6918 ($add) from unsigned to signed.
Removed top 44 bits (of 64) from port A of cell vibration_core.$add$./rtl/core/vibration_core.sv:113$6918 ($add).
Removed top 62 bits (of 64) from port B of cell vibration_core.$add$./rtl/core/vibration_core.sv:113$6918 ($add).
Removed top 43 bits (of 64) from port Y of cell vibration_core.$add$./rtl/core/vibration_core.sv:113$6918 ($add).
Removed top 16 bits (of 32) from port B of cell vibration_core.$gt$./rtl/core/vibration_core.sv:128$6919 ($gt).
Removed top 48 bits (of 64) from port B of cell vibration_core.$lt$./rtl/core/vibration_core.sv:129$6921 ($lt).
Removed top 31 bits (of 32) from port Y of cell vibration_core.$add$./rtl/core/vibration_core.sv:315$6925 ($add).
Removed top 5 bits (of 6) from port A of cell vibration_core.$add$./rtl/core/vibration_core.sv:315$6925 ($add).
Removed top 2 bits (of 3) from port B of cell vibration_core.$add$./rtl/core/vibration_core.sv:315$6925 ($add).
Removed top 31 bits (of 32) from mux cell vibration_core.$ternary$./rtl/core/vibration_core.sv:315$6928 ($mux).
Removed top 9 bits (of 16) from port Y of cell vibration_core.$add$./rtl/core/vibration_core.sv:316$6929 ($add).
Removed top 44 bits (of 64) from port A of cell vibration_core.$gt$./rtl/core/vibration_core.sv:113$6938 ($gt).
Removed top 44 bits (of 64) from port B of cell vibration_core.$gt$./rtl/core/vibration_core.sv:113$6938 ($gt).
Converting cell vibration_core.$add$./rtl/core/vibration_core.sv:113$6942 ($add) from unsigned to signed.
Removed top 44 bits (of 64) from port A of cell vibration_core.$add$./rtl/core/vibration_core.sv:113$6942 ($add).
Removed top 62 bits (of 64) from port B of cell vibration_core.$add$./rtl/core/vibration_core.sv:113$6942 ($add).
Removed top 43 bits (of 64) from port Y of cell vibration_core.$add$./rtl/core/vibration_core.sv:113$6942 ($add).
Removed top 16 bits (of 32) from port B of cell vibration_core.$gt$./rtl/core/vibration_core.sv:128$6943 ($gt).
Removed top 48 bits (of 64) from port B of cell vibration_core.$lt$./rtl/core/vibration_core.sv:129$6945 ($lt).
Removed top 26 bits (of 32) from port B of cell vibration_core.$eq$./rtl/core/vibration_core.sv:318$6949 ($eq).
Removed top 29 bits (of 32) from port B of cell vibration_core.$add$./rtl/core/vibration_core.sv:319$6950 ($add).
Removed top 25 bits (of 32) from port Y of cell vibration_core.$add$./rtl/core/vibration_core.sv:319$6950 ($add).
Removed top 1 bits (of 33) from port B of cell vibration_core.$add$./rtl/core/vibration_core.sv:327$6953 ($add).
Removed top 26 bits (of 32) from port B of cell vibration_core.$le$./rtl/core/vibration_core.sv:151$6984 ($le).
Removed top 32 bits (of 33) from port A of cell vibration_core.$shl$./rtl/core/vibration_core.sv:153$6990 ($shl).
Removed top 31 bits (of 32) from port B of cell vibration_core.$sub$./rtl/core/vibration_core.sv:153$6991 ($sub).
Removed top 31 bits (of 32) from port B of cell vibration_core.$sub$./rtl/core/vibration_core.sv:154$6993 ($sub).
Removed top 23 bits (of 32) from port Y of cell vibration_core.$sub$./rtl/core/vibration_core.sv:154$6993 ($sub).
Removed top 32 bits (of 33) from port A of cell vibration_core.$shl$./rtl/core/vibration_core.sv:154$6994 ($shl).
Removed top 1 bits (of 34) from port A of cell vibration_core.$add$./rtl/core/vibration_core.sv:155$6999 ($add).
Removed top 33 bits (of 34) from port B of cell vibration_core.$add$./rtl/core/vibration_core.sv:155$6999 ($add).
Removed top 25 bits (of 32) from port B of cell vibration_core.$gt$./rtl/core/vibration_core.sv:157$7000 ($gt).
Removed top 31 bits (of 32) from port B of cell vibration_core.$add$./rtl/core/vibration_core.sv:334$7003 ($add).
Removed top 28 bits (of 32) from port Y of cell vibration_core.$add$./rtl/core/vibration_core.sv:334$7003 ($add).
Removed top 27 bits (of 32) from port A of cell vibration_core.$lt$./rtl/core/vibration_core.sv:340$7008 ($lt).
Removed top 30 bits (of 32) from port B of cell vibration_core.$lt$./rtl/core/vibration_core.sv:340$7008 ($lt).
Removed top 30 bits (of 32) from port B of cell vibration_core.$lt$./rtl/core/vibration_core.sv:340$7015 ($lt).
Removed top 31 bits (of 32) from port B of cell vibration_core.$add$./rtl/core/vibration_core.sv:340$7017 ($add).
Removed top 26 bits (of 32) from port Y of cell vibration_core.$add$./rtl/core/vibration_core.sv:340$7017 ($add).
Removed top 30 bits (of 32) from port B of cell vibration_core.$lt$./rtl/core/vibration_core.sv:340$7022 ($lt).
Removed top 30 bits (of 32) from port B of cell vibration_core.$add$./rtl/core/vibration_core.sv:340$7024 ($add).
Removed top 26 bits (of 32) from port Y of cell vibration_core.$add$./rtl/core/vibration_core.sv:340$7024 ($add).
Removed top 30 bits (of 32) from port B of cell vibration_core.$lt$./rtl/core/vibration_core.sv:340$7029 ($lt).
Removed top 30 bits (of 32) from port B of cell vibration_core.$add$./rtl/core/vibration_core.sv:340$7031 ($add).
Removed top 26 bits (of 32) from port Y of cell vibration_core.$add$./rtl/core/vibration_core.sv:340$7031 ($add).
Removed top 8 bits (of 40) from port B of cell vibration_core.$add$./rtl/core/vibration_core.sv:348$7035 ($add).
Removed top 8 bits (of 40) from port B of cell vibration_core.$add$./rtl/core/vibration_core.sv:348$7036 ($add).
Removed top 8 bits (of 40) from port B of cell vibration_core.$add$./rtl/core/vibration_core.sv:348$7037 ($add).
Removed top 8 bits (of 40) from port B of cell vibration_core.$add$./rtl/core/vibration_core.sv:348$7038 ($add).
Removed top 31 bits (of 32) from port B of cell vibration_core.$add$./rtl/core/vibration_core.sv:350$7040 ($add).
Removed top 28 bits (of 32) from port Y of cell vibration_core.$add$./rtl/core/vibration_core.sv:350$7040 ($add).
Removed top 8 bits (of 40) from port B of cell vibration_core.$gt$./rtl/core/vibration_core.sv:353$7043 ($gt).
Removed top 8 bits (of 40) from port B of cell vibration_core.$lt$./rtl/core/vibration_core.sv:353$7044 ($lt).
Removed top 59 bits (of 64) from port A of cell vibration_core.$gt$./rtl/core/vibration_core.sv:113$7102 ($gt).
Removed top 59 bits (of 64) from port B of cell vibration_core.$gt$./rtl/core/vibration_core.sv:113$7102 ($gt).
Converting cell vibration_core.$add$./rtl/core/vibration_core.sv:113$7106 ($add) from unsigned to signed.
Removed top 29 bits (of 64) from port A of cell vibration_core.$add$./rtl/core/vibration_core.sv:113$7106 ($add).
Removed top 62 bits (of 64) from port B of cell vibration_core.$add$./rtl/core/vibration_core.sv:113$7106 ($add).
Removed top 28 bits (of 64) from port Y of cell vibration_core.$add$./rtl/core/vibration_core.sv:113$7106 ($add).
Removed top 31 bits (of 32) from port B of cell vibration_core.$le$./rtl/core/vibration_core.sv:138$7107 ($le).
Removed top 24 bits (of 32) from port B of cell vibration_core.$gt$./rtl/core/vibration_core.sv:139$7109 ($gt).
Removed top 26 bits (of 32) from port Y of cell vibration_core.$add$./rtl/core/vibration_core.sv:358$7111 ($add).
Removed top 26 bits (of 32) from port A of cell vibration_core.$lt$./rtl/core/vibration_core.sv:358$7112 ($lt).
Removed top 30 bits (of 32) from port B of cell vibration_core.$lt$./rtl/core/vibration_core.sv:358$7112 ($lt).
Removed top 10 bits (of 16) from port Y of cell vibration_core.$add$./rtl/core/vibration_core.sv:360$7122 ($add).
Removed top 1 bits (of 3) from port B of cell vibration_core.$eq$./rtl/core/vibration_core.sv:362$7124 ($eq).
Removed top 27 bits (of 32) from port B of cell vibration_core.$eq$./rtl/core/vibration_core.sv:363$7127 ($eq).
Removed top 30 bits (of 32) from port B of cell vibration_core.$ge$./rtl/core/vibration_core.sv:364$7130 ($ge).
Removed top 29 bits (of 32) from port B of cell vibration_core.$add$./rtl/core/vibration_core.sv:365$7132 ($add).
Removed top 26 bits (of 32) from port Y of cell vibration_core.$add$./rtl/core/vibration_core.sv:365$7132 ($add).
Removed top 31 bits (of 32) from port B of cell vibration_core.$add$./rtl/core/vibration_core.sv:366$7133 ($add).
Removed top 29 bits (of 32) from port Y of cell vibration_core.$add$./rtl/core/vibration_core.sv:366$7133 ($add).
Removed top 3 bits (of 5) from mux cell vibration_core.$procmux$13240 ($mux).
Removed top 1 bits (of 5) from mux cell vibration_core.$procmux$13249 ($mux).
Removed top 2 bits (of 6) from mux cell vibration_core.$procmux$13267 ($mux).
Removed top 2 bits (of 6) from mux cell vibration_core.$procmux$13276 ($mux).
Removed top 1 bits (of 5) from port B of cell vibration_core.$procmux$13658_CMP0 ($eq).
Removed top 1 bits (of 5) from port B of cell vibration_core.$procmux$13659_CMP0 ($eq).
Removed top 2 bits (of 5) from port B of cell vibration_core.$procmux$13660_CMP0 ($eq).
Removed top 1 bits (of 2) from port B of cell vibration_core.$procmux$13884_CMP0 ($eq).
Removed top 1 bits (of 5) from port B of cell vibration_core.$procmux$13932_CMP0 ($eq).
Removed top 1 bits (of 5) from port B of cell vibration_core.$procmux$13964_CMP0 ($eq).
Removed top 1 bits (of 5) from port B of cell vibration_core.$procmux$13965_CMP0 ($eq).
Removed top 1 bits (of 5) from port B of cell vibration_core.$procmux$13988_CMP0 ($eq).
Removed top 2 bits (of 5) from port B of cell vibration_core.$procmux$14039_CMP0 ($eq).
Removed top 4 bits (of 5) from port B of cell vibration_core.$procmux$14065_CMP0 ($eq).
Removed top 3 bits (of 5) from mux cell vibration_core.$procmux$14304 ($mux).
Removed top 2 bits (of 5) from mux cell vibration_core.$procmux$14311 ($mux).
Removed top 1 bits (of 5) from port B of cell vibration_core.$procmux$14315_CMP0 ($eq).
Removed top 1 bits (of 5) from port B of cell vibration_core.$procmux$14317_CMP0 ($eq).
Removed top 1 bits (of 5) from mux cell vibration_core.$procmux$14320 ($mux).
Removed top 1 bits (of 5) from mux cell vibration_core.$procmux$14326 ($mux).
Removed top 2 bits (of 5) from port B of cell vibration_core.$procmux$14329_CMP0 ($eq).
Removed top 2 bits (of 5) from port B of cell vibration_core.$procmux$14330_CMP0 ($eq).
Removed top 2 bits (of 5) from mux cell vibration_core.$procmux$14333 ($mux).
Removed top 3 bits (of 5) from port B of cell vibration_core.$procmux$14336_CMP0 ($eq).
Removed top 3 bits (of 5) from port B of cell vibration_core.$procmux$14337_CMP0 ($eq).
Removed top 22 bits (of 32) from mux cell vibration_core.$procmux$14607 ($mux).
Removed top 22 bits (of 32) from mux cell vibration_core.$procmux$14616 ($mux).
Removed top 1 bits (of 2) from port B of cell vibration_core.$flatten\g_lane[0].coeff_rom.$eq$./rtl/core/vib_coeff_rom.sv:24$5818 ($eq).
Removed top 1 bits (of 2) from port B of cell vibration_core.$flatten\g_lane[1].coeff_rom.$eq$./rtl/core/vib_coeff_rom.sv:24$5818 ($eq).
Removed top 1 bits (of 2) from port B of cell vibration_core.$flatten\g_lane[2].coeff_rom.$eq$./rtl/core/vib_coeff_rom.sv:24$5818 ($eq).
Removed top 1 bits (of 2) from port B of cell vibration_core.$flatten\g_lane[3].coeff_rom.$eq$./rtl/core/vib_coeff_rom.sv:24$5818 ($eq).
Removed top 2 bits (of 9) from port Y of cell vibration_core.$add$./rtl/core/vibration_core.sv:99$6220 ($add).
Removed top 1 bits (of 8) from port A of cell vibration_core.$add$./rtl/core/vibration_core.sv:99$6220 ($add).
Removed top 1 bits (of 8) from port Y of cell vibration_core.$add$./rtl/core/vibration_core.sv:99$6223 ($add).
Removed top 30 bits (of 32) from port Y of cell vibration_core.$and$./rtl/core/vibration_core.sv:261$6615 ($and).
Removed top 30 bits (of 32) from port B of cell vibration_core.$and$./rtl/core/vibration_core.sv:261$6615 ($and).
Removed top 30 bits (of 32) from port Y of cell vibration_core.$and$./rtl/core/vibration_core.sv:280$6762 ($and).
Removed top 30 bits (of 32) from port B of cell vibration_core.$and$./rtl/core/vibration_core.sv:280$6762 ($and).
Removed top 30 bits (of 32) from port Y of cell vibration_core.$shift$./rtl/core/vibration_core.sv:280$6764 ($shift).
Removed top 30 bits (of 32) from port Y of cell vibration_core.$and$./rtl/core/vibration_core.sv:280$6769 ($and).
Removed top 30 bits (of 32) from port B of cell vibration_core.$and$./rtl/core/vibration_core.sv:280$6769 ($and).
Removed top 30 bits (of 32) from port Y of cell vibration_core.$and$./rtl/core/vibration_core.sv:294$6819 ($and).
Removed top 30 bits (of 32) from port B of cell vibration_core.$and$./rtl/core/vibration_core.sv:294$6819 ($and).
Removed top 30 bits (of 32) from port Y of cell vibration_core.$shift$./rtl/core/vibration_core.sv:294$6821 ($shift).
Removed top 3 bits (of 5) from mux cell vibration_core.$procmux$11192 ($mux).
Removed top 1 bits (of 5) from mux cell vibration_core.$procmux$11216 ($mux).
Removed top 2 bits (of 6) from mux cell vibration_core.$procmux$11309 ($mux).
Removed top 2 bits (of 6) from mux cell vibration_core.$procmux$11363 ($mux).
Removed top 22 bits (of 32) from mux cell vibration_core.$procmux$14578 ($mux).
Removed top 22 bits (of 32) from mux cell vibration_core.$procmux$14596 ($mux).
Removed top 1 bits (of 8) from port Y of cell vibration_core.$add$./rtl/core/vibration_core.sv:99$6219 ($add).
Removed top 30 bits (of 32) from port Y of cell vibration_core.$not$./rtl/core/vibration_core.sv:261$6614 ($not).
Removed top 30 bits (of 32) from port A of cell vibration_core.$not$./rtl/core/vibration_core.sv:261$6614 ($not).
Removed top 30 bits (of 32) from port Y of cell vibration_core.$not$./rtl/core/vibration_core.sv:280$6768 ($not).
Removed top 30 bits (of 32) from port A of cell vibration_core.$not$./rtl/core/vibration_core.sv:280$6768 ($not).
Removed top 30 bits (of 32) from port Y of cell vibration_core.$not$./rtl/core/vibration_core.sv:294$6818 ($not).
Removed top 30 bits (of 32) from port A of cell vibration_core.$not$./rtl/core/vibration_core.sv:294$6818 ($not).
Removed top 1 bits (of 5) from mux cell vibration_core.$procmux$9032 ($mux).
Removed top 3 bits (of 5) from mux cell vibration_core.$procmux$9175 ($mux).
Removed top 2 bits (of 6) from mux cell vibration_core.$procmux$10093 ($mux).
Removed top 2 bits (of 6) from mux cell vibration_core.$procmux$10345 ($mux).
Removed top 30 bits (of 32) from port Y of cell vibration_core.$shift$./rtl/core/vibration_core.sv:261$6617 ($shift).
Removed top 30 bits (of 32) from port Y of cell vibration_core.$shift$./rtl/core/vibration_core.sv:280$6771 ($shift).
Removed top 30 bits (of 32) from port Y of cell vibration_core.$shift$./rtl/core/vibration_core.sv:294$6817 ($shift).
Removed top 1 bits (of 6) from port Y of cell vibration_core.$add$./rtl/core/vibration_core.sv:314$6923 ($add).
Removed top 1 bits (of 6) from port A of cell vibration_core.$add$./rtl/core/vibration_core.sv:314$6923 ($add).
Removed top 3 bits (of 5) from mux cell vibration_core.$procmux$8668 ($mux).
Removed top 1 bits (of 5) from port Y of cell vibration_core.$add$./rtl/core/vibration_core.sv:359$7121 ($add).
Removed top 1 bits (of 5) from port A of cell vibration_core.$add$./rtl/core/vibration_core.sv:359$7121 ($add).
Removed top 63 bits (of 64) from wire vibration_core.$logic_or$./rtl/core/vibration_core.sv:113$6324_Y.
Removed top 22 bits (of 32) from wire vibration_core.$ternary$./rtl/core/vibration_core.sv:219$6296_Y.
Removed top 22 bits (of 32) from wire vibration_core.$2$memwr$\raw0$./rtl/core/vibration_core.sv:220$5874_ADDR[31:0]$6292.
Removed top 22 bits (of 32) from wire vibration_core.$2$memwr$\raw1$./rtl/core/vibration_core.sv:219$5873_ADDR[31:0]$6289.
Removed top 22 bits (of 32) from wire vibration_core.$0$memwr$\raw0$./rtl/core/vibration_core.sv:220$5874_ADDR[31:0]$6271.
Removed top 22 bits (of 32) from wire vibration_core.$0$memwr$\raw1$./rtl/core/vibration_core.sv:219$5873_ADDR[31:0]$6268.
Removed top 22 bits (of 32) from wire vibration_core.$add$./rtl/core/vibration_core.sv:267$6624_Y.
Removed top 63 bits (of 64) from wire vibration_core.$logic_or$./rtl/core/vibration_core.sv:113$6250_Y.
Removed top 59 bits (of 64) from wire vibration_core.$and$./rtl/core/vibration_core.sv:111$6246_Y.
Removed top 25 bits (of 32) from wire vibration_core.$add$./rtl/core/vibration_core.sv:99$6223_Y.
Removed top 25 bits (of 32) from wire vibration_core.$add$./rtl/core/vibration_core.sv:99$6220_Y.
Removed top 25 bits (of 32) from wire vibration_core.$add$./rtl/core/vibration_core.sv:99$6219_Y.
Removed top 3 bits (of 5) from wire vibration_core.$0$memwr$\logits$./rtl/core/vibration_core.sv:359$5885_ADDR[4:0]$6446.
Removed top 1 bits (of 5) from wire vibration_core.$0$memwr$\hidden$./rtl/core/vibration_core.sv:355$5884_ADDR[4:0]$6443.
Removed top 2 bits (of 6) from wire vibration_core.$0$memwr$\real_part$./rtl/core/vibration_core.sv:314$5882_ADDR[5:0]$6437.
Removed top 2 bits (of 6) from wire vibration_core.$0$memwr$\imag_part$./rtl/core/vibration_core.sv:313$5881_ADDR[5:0]$6434.
Removed top 2 bits (of 6) from wire vibration_core.$2$memwr$\imag_part$./rtl/core/vibration_core.sv:313$5881_ADDR[5:0]$6736.
Removed top 2 bits (of 6) from wire vibration_core.$2$memwr$\real_part$./rtl/core/vibration_core.sv:314$5882_ADDR[5:0]$6739.
Removed top 1 bits (of 5) from wire vibration_core.$2$memwr$\hidden$./rtl/core/vibration_core.sv:355$5884_ADDR[4:0]$6745.
Removed top 3 bits (of 5) from wire vibration_core.$2$memwr$\logits$./rtl/core/vibration_core.sv:359$5885_ADDR[4:0]$6748.
Removed top 30 bits (of 32) from wire vibration_core.$shift$./rtl/core/vibration_core.sv:280$6760_Y.
Removed top 26 bits (of 32) from wire vibration_core.$add$./rtl/core/vibration_core.sv:363$7126_Y.
Removed top 3 bits (of 5) from wire vibration_core.$procmux$14304_Y.
Removed top 30 bits (of 32) from wire vibration_core.$not$./rtl/core/vibration_core.sv:280$6761_Y.
Removed top 30 bits (of 32) from wire vibration_core.$and$./rtl/core/vibration_core.sv:280$6762_Y.
Removed top 2 bits (of 5) from wire vibration_core.$procmux$14311_Y.
Removed top 30 bits (of 32) from wire vibration_core.$shift$./rtl/core/vibration_core.sv:280$6764_Y.
Removed top 30 bits (of 32) from wire vibration_core.$or$./rtl/core/vibration_core.sv:280$6765_Y.
Removed top 1 bits (of 5) from wire vibration_core.$procmux$14320_Y.
Removed top 30 bits (of 32) from wire vibration_core.$and$./rtl/core/vibration_core.sv:280$6769_Y.
Removed top 1 bits (of 5) from wire vibration_core.$procmux$14326_Y.
Removed top 30 bits (of 32) from wire vibration_core.$or$./rtl/core/vibration_core.sv:280$6772_Y.
Removed top 2 bits (of 5) from wire vibration_core.$procmux$14333_Y.
Removed top 24 bits (of 64) from wire vibration_core.$3\rne$func$./rtl/core/vibration_core.sv:286$5847.$result[63:0]$6775.
Removed top 3 bits (of 5) from wire vibration_core.$4$memwr$\logits$./rtl/core/vibration_core.sv:359$5885_ADDR[4:0]$7117.
Removed top 54 bits (of 64) from wire vibration_core.$and$./rtl/core/vibration_core.sv:111$6780_Y.
Removed top 63 bits (of 64) from wire vibration_core.$logic_or$./rtl/core/vibration_core.sv:113$6784_Y.
Removed top 26 bits (of 32) from wire vibration_core.$add$./rtl/core/vibration_core.sv:358$7111_Y.
Removed top 10 bits (of 16) from wire vibration_core.$add$./rtl/core/vibration_core.sv:356$7094_Y.
Removed top 1 bits (of 5) from wire vibration_core.$add$./rtl/core/vibration_core.sv:355$7093_Y.
Removed top 30 bits (of 32) from wire vibration_core.$shift$./rtl/core/vibration_core.sv:294$6817_Y.
Removed top 30 bits (of 32) from wire vibration_core.$not$./rtl/core/vibration_core.sv:294$6818_Y.
Removed top 30 bits (of 32) from wire vibration_core.$and$./rtl/core/vibration_core.sv:294$6819_Y.
Removed top 63 bits (of 64) from wire vibration_core.$logic_or$./rtl/core/vibration_core.sv:113$7087_Y.
Removed top 30 bits (of 32) from wire vibration_core.$shift$./rtl/core/vibration_core.sv:294$6821_Y.
Removed top 30 bits (of 32) from wire vibration_core.$or$./rtl/core/vibration_core.sv:294$6822_Y.
Removed top 22 bits (of 32) from wire vibration_core.$add$./rtl/core/vibration_core.sv:295$6823_Y.
Removed top 23 bits (of 32) from wire vibration_core.$ternary$./rtl/core/vibration_core.sv:299$6827_Y.
Removed top 27 bits (of 32) from wire vibration_core.$add$./rtl/core/vibration_core.sv:299$6828_Y.
Removed top 3 bits (of 5) from wire vibration_core.$3$memwr$\logits$./rtl/core/vibration_core.sv:359$5885_ADDR[4:0]$7074.
Removed top 1 bits (of 5) from wire vibration_core.$3$memwr$\hidden$./rtl/core/vibration_core.sv:355$5884_ADDR[4:0]$7071.
Removed top 23 bits (of 32) from wire vibration_core.$ternary$./rtl/core/vibration_core.sv:299$6831_Y.
Removed top 27 bits (of 32) from wire vibration_core.$add$./rtl/core/vibration_core.sv:299$6832_Y.
Removed top 23 bits (of 32) from wire vibration_core.$ternary$./rtl/core/vibration_core.sv:299$6835_Y.
Removed top 27 bits (of 32) from wire vibration_core.$add$./rtl/core/vibration_core.sv:299$6836_Y.
Removed top 23 bits (of 32) from wire vibration_core.$ternary$./rtl/core/vibration_core.sv:299$6839_Y.
Removed top 6 bits (of 16) from wire vibration_core.$add$./rtl/core/vibration_core.sv:307$6844_Y.
Removed top 6 bits (of 16) from wire vibration_core.$add$./rtl/core/vibration_core.sv:307$6849_Y.
Removed top 6 bits (of 16) from wire vibration_core.$add$./rtl/core/vibration_core.sv:307$6854_Y.
Removed top 28 bits (of 32) from wire vibration_core.$add$./rtl/core/vibration_core.sv:350$7040_Y.
Removed top 6 bits (of 16) from wire vibration_core.$add$./rtl/core/vibration_core.sv:307$6859_Y.
Removed top 31 bits (of 32) from wire vibration_core.$add$./rtl/core/vibration_core.sv:313$6862_Y.
Removed top 26 bits (of 32) from wire vibration_core.$add$./rtl/core/vibration_core.sv:339$7027_Y.
Removed top 26 bits (of 32) from wire vibration_core.$add$./rtl/core/vibration_core.sv:339$7020_Y.
Removed top 26 bits (of 32) from wire vibration_core.$add$./rtl/core/vibration_core.sv:339$7013_Y.
Removed top 28 bits (of 32) from wire vibration_core.$add$./rtl/core/vibration_core.sv:334$7003_Y.
Removed top 2 bits (of 6) from wire vibration_core.$3$memwr$\imag_part$./rtl/core/vibration_core.sv:313$5881_ADDR[5:0]$6883.
Removed top 2 bits (of 6) from wire vibration_core.$3$memwr$\real_part$./rtl/core/vibration_core.sv:314$5882_ADDR[5:0]$6886.
Removed top 63 bits (of 64) from wire vibration_core.$logic_or$./rtl/core/vibration_core.sv:113$6899_Y.
Removed top 1 bits (of 6) from wire vibration_core.$add$./rtl/core/vibration_core.sv:313$6905_Y.
Removed top 33 bits (of 34) from wire vibration_core.$logic_or$./rtl/core/vibration_core.sv:155$6974_Y.
Removed top 63 bits (of 64) from wire vibration_core.$logic_or$./rtl/core/vibration_core.sv:113$6917_Y.
Removed top 30 bits (of 32) from wire vibration_core.$shift$./rtl/core/vibration_core.sv:261$6613_Y.
Removed top 30 bits (of 32) from wire vibration_core.$not$./rtl/core/vibration_core.sv:261$6614_Y.
Removed top 31 bits (of 32) from wire vibration_core.$ternary$./rtl/core/vibration_core.sv:315$6928_Y.
Removed top 9 bits (of 16) from wire vibration_core.$add$./rtl/core/vibration_core.sv:316$6929_Y.
Removed top 30 bits (of 32) from wire vibration_core.$and$./rtl/core/vibration_core.sv:261$6615_Y.
Removed top 30 bits (of 32) from wire vibration_core.$or$./rtl/core/vibration_core.sv:261$6618_Y.
Removed top 29 bits (of 32) from wire vibration_core.$add$./rtl/core/vibration_core.sv:320$6951_Y.
Removed top 25 bits (of 32) from wire vibration_core.$add$./rtl/core/vibration_core.sv:318$6948_Y.
Removed top 63 bits (of 64) from wire vibration_core.$logic_or$./rtl/core/vibration_core.sv:113$6941_Y.
Removed top 7 bits (of 8) from wire vibration_core.arithmetic_errors.

4.16. Executing PEEPOPT pass (run peephole optimizers).

4.17. Executing OPT_CLEAN pass (remove unused cells and wires).
Finding unused cells or wires in module \vibration_core..
Removed 0 unused cells and 83 unused wires.
<suppressed ~1 debug messages>

4.18. Executing SHARE pass (SAT-based resource sharing).
Found 22 cells in module vibration_core that may be considered for resource sharing.
  Analyzing resource sharing options for $memrd$\real_part$./rtl/core/vibration_core.sv:206$6257 ($memrd):
    Found 1 activation_patterns using ctrl signal $procmux$14317_CMP.
    No candidates found.
  Analyzing resource sharing options for $memrd$\imag_part$./rtl/core/vibration_core.sv:207$6259 ($memrd):
    Found 1 activation_patterns using ctrl signal $procmux$14315_CMP.
    No candidates found.
  Analyzing resource sharing options for $memrd$\raw1$./rtl/core/vibration_core.sv:223$6300 ($memrd):
    Found 1 activation_patterns using ctrl signal \active_bank.
    No candidates found.
  Analyzing resource sharing options for $memrd$\raw0$./rtl/core/vibration_core.sv:223$6301 ($memrd):
    Found 1 activation_patterns using ctrl signal \active_bank.
    No candidates found.
  Analyzing resource sharing options for $memrd$\frequency_bins$./rtl/core/vibration_core.sv:307$6841 ($memrd):
    Found 1 activation_patterns using ctrl signal $procmux$13581_CMP.
    Found 3 candidates: $memrd$\frequency_bins$./rtl/core/vibration_core.sv:307$6846 $memrd$\frequency_bins$./rtl/core/vibration_core.sv:307$6851 $memrd$\frequency_bins$./rtl/core/vibration_core.sv:307$6856
    Analyzing resource sharing with $memrd$\frequency_bins$./rtl/core/vibration_core.sv:307$6846 ($memrd):
      Found 1 activation_patterns using ctrl signal $procmux$13581_CMP.
      Activation pattern for cell $memrd$\frequency_bins$./rtl/core/vibration_core.sv:307$6841: $procmux$13581_CMP = 1'1
      Activation pattern for cell $memrd$\frequency_bins$./rtl/core/vibration_core.sv:307$6846: $procmux$13581_CMP = 1'1
      Size of SAT problem: 1 cells, 24 variables, 55 clauses
      According to the SAT solver this pair of cells can not be shared.
      Model from SAT solver: $procmux$13581_CMP = 1'1
    Analyzing resource sharing with $memrd$\frequency_bins$./rtl/core/vibration_core.sv:307$6851 ($memrd):
      Found 1 activation_patterns using ctrl signal $procmux$13581_CMP.
      Activation pattern for cell $memrd$\frequency_bins$./rtl/core/vibration_core.sv:307$6841: $procmux$13581_CMP = 1'1
      Activation pattern for cell $memrd$\frequency_bins$./rtl/core/vibration_core.sv:307$6851: $procmux$13581_CMP = 1'1
      Size of SAT problem: 1 cells, 24 variables, 55 clauses
      According to the SAT solver this pair of cells can not be shared.
      Model from SAT solver: $procmux$13581_CMP = 1'1
    Analyzing resource sharing with $memrd$\frequency_bins$./rtl/core/vibration_core.sv:307$6856 ($memrd):
      Found 1 activation_patterns using ctrl signal $procmux$13581_CMP.
      Activation pattern for cell $memrd$\frequency_bins$./rtl/core/vibration_core.sv:307$6841: $procmux$13581_CMP = 1'1
      Activation pattern for cell $memrd$\frequency_bins$./rtl/core/vibration_core.sv:307$6856: $procmux$13581_CMP = 1'1
      Size of SAT problem: 1 cells, 24 variables, 55 clauses
      According to the SAT solver this pair of cells can not be shared.
      Model from SAT solver: $procmux$13581_CMP = 1'1
  Analyzing resource sharing options for $memrd$\frequency_bins$./rtl/core/vibration_core.sv:307$6846 ($memrd):
    Found 1 activation_patterns using ctrl signal $procmux$13581_CMP.
    Found 2 candidates: $memrd$\frequency_bins$./rtl/core/vibration_core.sv:307$6851 $memrd$\frequency_bins$./rtl/core/vibration_core.sv:307$6856
    Analyzing resource sharing with $memrd$\frequency_bins$./rtl/core/vibration_core.sv:307$6851 ($memrd):
      Found 1 activation_patterns using ctrl signal $procmux$13581_CMP.
      Activation pattern for cell $memrd$\frequency_bins$./rtl/core/vibration_core.sv:307$6846: $procmux$13581_CMP = 1'1
      Activation pattern for cell $memrd$\frequency_bins$./rtl/core/vibration_core.sv:307$6851: $procmux$13581_CMP = 1'1
      Size of SAT problem: 1 cells, 24 variables, 55 clauses
      According to the SAT solver this pair of cells can not be shared.
      Model from SAT solver: $procmux$13581_CMP = 1'1
    Analyzing resource sharing with $memrd$\frequency_bins$./rtl/core/vibration_core.sv:307$6856 ($memrd):
      Found 1 activation_patterns using ctrl signal $procmux$13581_CMP.
      Activation pattern for cell $memrd$\frequency_bins$./rtl/core/vibration_core.sv:307$6846: $procmux$13581_CMP = 1'1
      Activation pattern for cell $memrd$\frequency_bins$./rtl/core/vibration_core.sv:307$6856: $procmux$13581_CMP = 1'1
      Size of SAT problem: 1 cells, 24 variables, 55 clauses
      According to the SAT solver this pair of cells can not be shared.
      Model from SAT solver: $procmux$13581_CMP = 1'1
  Analyzing resource sharing options for $memrd$\frequency_bins$./rtl/core/vibration_core.sv:307$6851 ($memrd):
    Found 1 activation_patterns using ctrl signal $procmux$13581_CMP.
    Found 1 candidates: $memrd$\frequency_bins$./rtl/core/vibration_core.sv:307$6856
    Analyzing resource sharing with $memrd$\frequency_bins$./rtl/core/vibration_core.sv:307$6856 ($memrd):
      Found 1 activation_patterns using ctrl signal $procmux$13581_CMP.
      Activation pattern for cell $memrd$\frequency_bins$./rtl/core/vibration_core.sv:307$6851: $procmux$13581_CMP = 1'1
      Activation pattern for cell $memrd$\frequency_bins$./rtl/core/vibration_core.sv:307$6856: $procmux$13581_CMP = 1'1
      Size of SAT problem: 1 cells, 24 variables, 55 clauses
      According to the SAT solver this pair of cells can not be shared.
      Model from SAT solver: $procmux$13581_CMP = 1'1
  Analyzing resource sharing options for $memrd$\frequency_bins$./rtl/core/vibration_core.sv:307$6856 ($memrd):
    Found 1 activation_patterns using ctrl signal $procmux$13581_CMP.
    No candidates found.
  Analyzing resource sharing options for $memrd$\feature_shifts$./rtl/core/vibration_core.sv:332$6978 ($memrd):
    Found 6 activation_patterns using ctrl signal { $procmux$11230_CMP $gt$./rtl/core/vibration_core.sv:157$6976_Y $le$./rtl/core/vibration_core.sv:151$6960_Y $eq$./rtl/core/vibration_core.sv:150$6955_Y \rst }.
    No candidates found.
  Analyzing resource sharing options for $shr$./rtl/core/vibration_core.sv:152$6989 ($shr):
    Found 2 activation_patterns using ctrl signal { $procmux$11230_CMP $gt$./rtl/core/vibration_core.sv:157$6976_Y $le$./rtl/core/vibration_core.sv:151$6960_Y $eq$./rtl/core/vibration_core.sv:150$6955_Y \rst }.
    No candidates found.
  Analyzing resource sharing options for $shl$./rtl/core/vibration_core.sv:153$6990 ($shl):
    Found 2 activation_patterns using ctrl signal { $procmux$11230_CMP $gt$./rtl/core/vibration_core.sv:157$6976_Y $le$./rtl/core/vibration_core.sv:151$6960_Y $eq$./rtl/core/vibration_core.sv:150$6955_Y \rst }.
    No candidates found.
  Analyzing resource sharing options for $shl$./rtl/core/vibration_core.sv:154$6994 ($shl):
    Found 2 activation_patterns using ctrl signal { $procmux$11230_CMP $gt$./rtl/core/vibration_core.sv:157$6976_Y $le$./rtl/core/vibration_core.sv:151$6960_Y $eq$./rtl/core/vibration_core.sv:150$6955_Y \rst }.
    No candidates found.
  Analyzing resource sharing options for $memrd$\bias1$./rtl/core/vibration_core.sv:339$7005 ($memrd):
    Found 1 activation_patterns using ctrl signal { $procmux$13658_CMP \nn_layer }.
    Found 3 candidates: $memrd$\bias1$./rtl/core/vibration_core.sv:339$7012 $memrd$\bias1$./rtl/core/vibration_core.sv:339$7019 $memrd$\bias1$./rtl/core/vibration_core.sv:339$7026
    Analyzing resource sharing with $memrd$\bias1$./rtl/core/vibration_core.sv:339$7012 ($memrd):
      Found 1 activation_patterns using ctrl signal { $procmux$13658_CMP \nn_layer }.
      Activation pattern for cell $memrd$\bias1$./rtl/core/vibration_core.sv:339$7005: { $procmux$13658_CMP \nn_layer } = 2'10
      Activation pattern for cell $memrd$\bias1$./rtl/core/vibration_core.sv:339$7012: { $procmux$13658_CMP \nn_layer } = 2'10
      Size of SAT problem: 1 cells, 28 variables, 64 clauses
      According to the SAT solver this pair of cells can not be shared.
      Model from SAT solver: { $procmux$13658_CMP \nn_layer } = 2'10
    Analyzing resource sharing with $memrd$\bias1$./rtl/core/vibration_core.sv:339$7019 ($memrd):
      Found 1 activation_patterns using ctrl signal { $procmux$13658_CMP \nn_layer }.
      Activation pattern for cell $memrd$\bias1$./rtl/core/vibration_core.sv:339$7005: { $procmux$13658_CMP \nn_layer } = 2'10
      Activation pattern for cell $memrd$\bias1$./rtl/core/vibration_core.sv:339$7019: { $procmux$13658_CMP \nn_layer } = 2'10
      Size of SAT problem: 1 cells, 28 variables, 64 clauses
      According to the SAT solver this pair of cells can not be shared.
      Model from SAT solver: { $procmux$13658_CMP \nn_layer } = 2'10
    Analyzing resource sharing with $memrd$\bias1$./rtl/core/vibration_core.sv:339$7026 ($memrd):
      Found 1 activation_patterns using ctrl signal { $procmux$13658_CMP \nn_layer }.
      Activation pattern for cell $memrd$\bias1$./rtl/core/vibration_core.sv:339$7005: { $procmux$13658_CMP \nn_layer } = 2'10
      Activation pattern for cell $memrd$\bias1$./rtl/core/vibration_core.sv:339$7026: { $procmux$13658_CMP \nn_layer } = 2'10
      Size of SAT problem: 1 cells, 28 variables, 64 clauses
      According to the SAT solver this pair of cells can not be shared.
      Model from SAT solver: { $procmux$13658_CMP \nn_layer } = 2'10
  Analyzing resource sharing options for $memrd$\bias2$./rtl/core/vibration_core.sv:340$7009 ($memrd):
    Found 1 activation_patterns using ctrl signal { $procmux$13658_CMP $lt$./rtl/core/vibration_core.sv:340$7008_Y \nn_layer }.
    Found 3 candidates: $memrd$\bias2$./rtl/core/vibration_core.sv:340$7016 $memrd$\bias2$./rtl/core/vibration_core.sv:340$7023 $memrd$\bias2$./rtl/core/vibration_core.sv:340$7030
    Analyzing resource sharing with $memrd$\bias2$./rtl/core/vibration_core.sv:340$7016 ($memrd):
      Found 1 activation_patterns using ctrl signal { $procmux$13658_CMP $lt$./rtl/core/vibration_core.sv:340$7015_Y \nn_layer }.
      Activation pattern for cell $memrd$\bias2$./rtl/core/vibration_core.sv:340$7009: { $procmux$13658_CMP $lt$./rtl/core/vibration_core.sv:340$7008_Y \nn_layer } = 3'111
      Activation pattern for cell $memrd$\bias2$./rtl/core/vibration_core.sv:340$7016: { $procmux$13658_CMP $lt$./rtl/core/vibration_core.sv:340$7015_Y \nn_layer } = 3'111
      Size of SAT problem: 4 cells, 129 variables, 340 clauses
      According to the SAT solver this pair of cells can not be shared.
      Model from SAT solver: { $procmux$13658_CMP $lt$./rtl/core/vibration_core.sv:340$7015_Y $lt$./rtl/core/vibration_core.sv:340$7008_Y \nn_layer } = 4'1111
    Analyzing resource sharing with $memrd$\bias2$./rtl/core/vibration_core.sv:340$7023 ($memrd):
      Found 1 activation_patterns using ctrl signal { $procmux$13658_CMP $lt$./rtl/core/vibration_core.sv:340$7022_Y \nn_layer }.
      Activation pattern for cell $memrd$\bias2$./rtl/core/vibration_core.sv:340$7009: { $procmux$13658_CMP $lt$./rtl/core/vibration_core.sv:340$7008_Y \nn_layer } = 3'111
      Activation pattern for cell $memrd$\bias2$./rtl/core/vibration_core.sv:340$7023: { $procmux$13658_CMP $lt$./rtl/core/vibration_core.sv:340$7022_Y \nn_layer } = 3'111
      Size of SAT problem: 4 cells, 127 variables, 334 clauses
      According to the SAT solver this pair of cells can not be shared.
      Model from SAT solver: { $procmux$13658_CMP $lt$./rtl/core/vibration_core.sv:340$7022_Y $lt$./rtl/core/vibration_core.sv:340$7008_Y \nn_layer } = 4'1111
    Analyzing resource sharing with $memrd$\bias2$./rtl/core/vibration_core.sv:340$7030 ($memrd):
      Found 1 activation_patterns using ctrl signal { $procmux$13658_CMP $lt$./rtl/core/vibration_core.sv:340$7029_Y \nn_layer }.
      Activation pattern for cell $memrd$\bias2$./rtl/core/vibration_core.sv:340$7009: { $procmux$13658_CMP $lt$./rtl/core/vibration_core.sv:340$7008_Y \nn_layer } = 3'111
      Activation pattern for cell $memrd$\bias2$./rtl/core/vibration_core.sv:340$7030: { $procmux$13658_CMP $lt$./rtl/core/vibration_core.sv:340$7029_Y \nn_layer } = 3'111
      According to the SAT solver the cell $memrd$\bias2$./rtl/core/vibration_core.sv:340$7030 is never active. Sharing is pointless, we simply remove it.
  Analyzing resource sharing options for $memrd$\bias2$./rtl/core/vibration_core.sv:340$7016 ($memrd):
    Found 1 activation_patterns using ctrl signal { $procmux$13658_CMP $lt$./rtl/core/vibration_core.sv:340$7015_Y \nn_layer }.
    Found 1 candidates: $memrd$\bias2$./rtl/core/vibration_core.sv:340$7023
    Analyzing resource sharing with $memrd$\bias2$./rtl/core/vibration_core.sv:340$7023 ($memrd):
      Found 1 activation_patterns using ctrl signal { $procmux$13658_CMP $lt$./rtl/core/vibration_core.sv:340$7022_Y \nn_layer }.
      Activation pattern for cell $memrd$\bias2$./rtl/core/vibration_core.sv:340$7016: { $procmux$13658_CMP $lt$./rtl/core/vibration_core.sv:340$7015_Y \nn_layer } = 3'111
      Activation pattern for cell $memrd$\bias2$./rtl/core/vibration_core.sv:340$7023: { $procmux$13658_CMP $lt$./rtl/core/vibration_core.sv:340$7022_Y \nn_layer } = 3'111
      Size of SAT problem: 5 cells, 177 variables, 472 clauses
      According to the SAT solver this pair of cells can not be shared.
      Model from SAT solver: { $procmux$13658_CMP $lt$./rtl/core/vibration_core.sv:340$7022_Y $lt$./rtl/core/vibration_core.sv:340$7015_Y \nn_layer } = 4'1111
  Analyzing resource sharing options for $memrd$\bias1$./rtl/core/vibration_core.sv:339$7019 ($memrd):
    Found 1 activation_patterns using ctrl signal { $procmux$13658_CMP \nn_layer }.
    Found 2 candidates: $memrd$\bias1$./rtl/core/vibration_core.sv:339$7026 $memrd$\bias1$./rtl/core/vibration_core.sv:339$7012
    Analyzing resource sharing with $memrd$\bias1$./rtl/core/vibration_core.sv:339$7026 ($memrd):
      Found 1 activation_patterns using ctrl signal { $procmux$13658_CMP \nn_layer }.
      Activation pattern for cell $memrd$\bias1$./rtl/core/vibration_core.sv:339$7019: { $procmux$13658_CMP \nn_layer } = 2'10
      Activation pattern for cell $memrd$\bias1$./rtl/core/vibration_core.sv:339$7026: { $procmux$13658_CMP \nn_layer } = 2'10
      Size of SAT problem: 1 cells, 28 variables, 64 clauses
      According to the SAT solver this pair of cells can not be shared.
      Model from SAT solver: { $procmux$13658_CMP \nn_layer } = 2'10
    Analyzing resource sharing with $memrd$\bias1$./rtl/core/vibration_core.sv:339$7012 ($memrd):
      Found 1 activation_patterns using ctrl signal { $procmux$13658_CMP \nn_layer }.
      Activation pattern for cell $memrd$\bias1$./rtl/core/vibration_core.sv:339$7019: { $procmux$13658_CMP \nn_layer } = 2'10
      Activation pattern for cell $memrd$\bias1$./rtl/core/vibration_core.sv:339$7012: { $procmux$13658_CMP \nn_layer } = 2'10
      Size of SAT problem: 1 cells, 28 variables, 64 clauses
      According to the SAT solver this pair of cells can not be shared.
      Model from SAT solver: { $procmux$13658_CMP \nn_layer } = 2'10
  Analyzing resource sharing options for $memrd$\bias2$./rtl/core/vibration_core.sv:340$7023 ($memrd):
    Found 1 activation_patterns using ctrl signal { $procmux$13658_CMP $lt$./rtl/core/vibration_core.sv:340$7022_Y \nn_layer }.
    No candidates found.
  Analyzing resource sharing options for $memrd$\bias1$./rtl/core/vibration_core.sv:339$7026 ($memrd):
    Found 1 activation_patterns using ctrl signal { $procmux$13658_CMP \nn_layer }.
    Found 1 candidates: $memrd$\bias1$./rtl/core/vibration_core.sv:339$7012
    Analyzing resource sharing with $memrd$\bias1$./rtl/core/vibration_core.sv:339$7012 ($memrd):
      Found 1 activation_patterns using ctrl signal { $procmux$13658_CMP \nn_layer }.
      Activation pattern for cell $memrd$\bias1$./rtl/core/vibration_core.sv:339$7026: { $procmux$13658_CMP \nn_layer } = 2'10
      Activation pattern for cell $memrd$\bias1$./rtl/core/vibration_core.sv:339$7012: { $procmux$13658_CMP \nn_layer } = 2'10
      Size of SAT problem: 1 cells, 28 variables, 64 clauses
      According to the SAT solver this pair of cells can not be shared.
      Model from SAT solver: { $procmux$13658_CMP \nn_layer } = 2'10
  Analyzing resource sharing options for $memrd$\bias1$./rtl/core/vibration_core.sv:339$7012 ($memrd):
    Found 1 activation_patterns using ctrl signal { $procmux$13658_CMP \nn_layer }.
    No candidates found.
  Analyzing resource sharing options for $memrd$\hidden$./rtl/core/vibration_core.sv:345$7032 ($memrd):
    Found 1 activation_patterns using ctrl signal \nn_layer.
    No candidates found.
  Analyzing resource sharing options for $memrd$\features$./rtl/core/vibration_core.sv:345$7033 ($memrd):
    Found 1 activation_patterns using ctrl signal \nn_layer.
    No candidates found.
Removing 1 cells in module vibration_core:
  Removing cell $memrd$\bias2$./rtl/core/vibration_core.sv:340$7030 ($memrd).

4.19. Executing TECHMAP pass (map to technology primitives).

4.19.1. Executing Verilog-2005 frontend: ./.tools/oss-cad-suite/libexec/../share/yosys/cmp2lut.v
Parsing Verilog input from `./.tools/oss-cad-suite/libexec/../share/yosys/cmp2lut.v' to AST representation.
Generating RTLIL representation for module `\_90_lut_cmp_'.
Successfully finished Verilog frontend.

4.19.2. Continuing TECHMAP pass.
No more expansions possible.
<suppressed ~709 debug messages>

4.20. Executing OPT_EXPR pass (perform const folding).
Optimizing module vibration_core.

4.21. Executing OPT_CLEAN pass (remove unused cells and wires).
Finding unused cells or wires in module \vibration_core..

4.22. Executing MEMORY_DFF pass (merging $dff cells to $memrd).
ERROR: Non-constant data $0$memwr$\g_lane[3].weights$./rtl/core/vibration_core.sv:177$6126_DATA[7:0]$8330 in memory initialization $meminit$\g_lane[3].weights$./rtl/core/vibration_core.sv:177$7429.
