
-- Executing script file `./build/known-probe/l4-r2/synth.ys' --

1. Executing Verilog-2005 frontend: rtl/core/vib_coeff_rom.sv
Parsing SystemVerilog input from `rtl/core/vib_coeff_rom.sv' to AST representation.
Storing AST representation for module `$abstract\vib_coeff_rom'.
Successfully finished Verilog frontend.

2. Executing Verilog-2005 frontend: rtl/platform/spram16k.sv
Parsing SystemVerilog input from `rtl/platform/spram16k.sv' to AST representation.
Storing AST representation for module `$abstract\spram16k'.
Successfully finished Verilog frontend.

3. Executing Verilog-2005 frontend: rtl/core/known_capture.sv
Parsing SystemVerilog input from `rtl/core/known_capture.sv' to AST representation.
Storing AST representation for module `$abstract\known_capture'.
Successfully finished Verilog frontend.

4. Executing Verilog-2005 frontend: rtl/core/known_spectral_core.sv
Parsing SystemVerilog input from `rtl/core/known_spectral_core.sv' to AST representation.
Storing AST representation for module `$abstract\known_spectral_core'.
Successfully finished Verilog frontend.

5. Executing Verilog-2005 frontend: sim/known_pnr_probe.sv
Parsing SystemVerilog input from `sim/known_pnr_probe.sv' to AST representation.
Storing AST representation for module `$abstract\known_pnr_probe'.
Successfully finished Verilog frontend.
Parameter \LANES = 4
Parameter \MODEL_DIR = 728'00101111010101010111001101100101011100100111001100101111011100110111010001100001011011100110110001100101011110010010111101000100011001010111001101101011011101000110111101110000001011111110011010010101100110011110011010011101100100000010111101000110011000010110110001101100001000000011001000110000001100100011011000101111011001000110100101100111011010010111010001100001011011000010000001101001011000110010111101100001011100100111010001101001011001100110000101100011011101000111001100101111011000010110001101101111011101010111001101110100011010010110001100101101011010110110111001101111011101110110111000101101011100100110010101101100011001010110000101110011011001010010110101110110001100010010111101101001011001000011000000110000
Parameter \BIAS = 441
Parameter \THRESHOLD = 32'11111111111111111111101111111011
Parameter \LOG_CONSTANT = 128145

6. Executing AST frontend in derive mode using pre-parsed AST for module `\known_pnr_probe'.
Parameter \LANES = 4
Parameter \MODEL_DIR = 728'00101111010101010111001101100101011100100111001100101111011100110111010001100001011011100110110001100101011110010010111101000100011001010111001101101011011101000110111101110000001011111110011010010101100110011110011010011101100100000010111101000110011000010110110001101100001000000011001000110000001100100011011000101111011001000110100101100111011010010111010001100001011011000010000001101001011000110010111101100001011100100111010001101001011001100110000101100011011101000111001100101111011000010110001101101111011101010111001101110100011010010110001100101101011010110110111001101111011101110110111000101101011100100110010101101100011001010110000101110011011001010010110101110110001100010010111101101001011001000011000000110000
Parameter \BIAS = 441
Parameter \THRESHOLD = 32'11111111111111111111101111111011
Parameter \LOG_CONSTANT = 128145
Generating RTLIL representation for module `$paramod$657c115212006132c6da09d2f72ef571a826d7b5\known_pnr_probe'.

7. Executing SYNTH_ICE40 pass.

7.1. Executing Verilog-2005 frontend: ./.tools/oss-cad-suite/libexec/../share/yosys/ice40/cells_sim.v
Parsing Verilog input from `./.tools/oss-cad-suite/libexec/../share/yosys/ice40/cells_sim.v' to AST representation.
Generating RTLIL representation for module `\SB_IO'.
Generating RTLIL representation for module `\SB_GB_IO'.
Generating RTLIL representation for module `\SB_GB'.
Generating RTLIL representation for module `\SB_LUT4'.
Generating RTLIL representation for module `\SB_CARRY'.
Generating RTLIL representation for module `\SB_DFF'.
Generating RTLIL representation for module `\SB_DFFE'.
Generating RTLIL representation for module `\SB_DFFSR'.
Generating RTLIL representation for module `\SB_DFFR'.
Generating RTLIL representation for module `\SB_DFFSS'.
Generating RTLIL representation for module `\SB_DFFS'.
Generating RTLIL representation for module `\SB_DFFESR'.
Generating RTLIL representation for module `\SB_DFFER'.
Generating RTLIL representation for module `\SB_DFFESS'.
Generating RTLIL representation for module `\SB_DFFES'.
Generating RTLIL representation for module `\SB_DFFN'.
Generating RTLIL representation for module `\SB_DFFNE'.
Generating RTLIL representation for module `\SB_DFFNSR'.
Generating RTLIL representation for module `\SB_DFFNR'.
Generating RTLIL representation for module `\SB_DFFNSS'.
Generating RTLIL representation for module `\SB_DFFNS'.
Generating RTLIL representation for module `\SB_DFFNESR'.
Generating RTLIL representation for module `\SB_DFFNER'.
Generating RTLIL representation for module `\SB_DFFNESS'.
Generating RTLIL representation for module `\SB_DFFNES'.
Generating RTLIL representation for module `\SB_RAM40_4K'.
Generating RTLIL representation for module `\SB_RAM40_4KNR'.
Generating RTLIL representation for module `\SB_RAM40_4KNW'.
Generating RTLIL representation for module `\SB_RAM40_4KNRNW'.
Generating RTLIL representation for module `\ICESTORM_LC'.
Generating RTLIL representation for module `\SB_PLL40_CORE'.
Generating RTLIL representation for module `\SB_PLL40_PAD'.
Generating RTLIL representation for module `\SB_PLL40_2_PAD'.
Generating RTLIL representation for module `\SB_PLL40_2F_CORE'.
Generating RTLIL representation for module `\SB_PLL40_2F_PAD'.
Generating RTLIL representation for module `\SB_WARMBOOT'.
Generating RTLIL representation for module `\SB_SPRAM256KA'.
Generating RTLIL representation for module `\SB_HFOSC'.
Generating RTLIL representation for module `\SB_LFOSC'.
Generating RTLIL representation for module `\SB_RGBA_DRV'.
Generating RTLIL representation for module `\SB_LED_DRV_CUR'.
Generating RTLIL representation for module `\SB_RGB_DRV'.
Generating RTLIL representation for module `\SB_I2C'.
Generating RTLIL representation for module `\SB_SPI'.
Generating RTLIL representation for module `\SB_LEDDA_IP'.
Generating RTLIL representation for module `\SB_FILTER_50NS'.
Generating RTLIL representation for module `\SB_IO_I3C'.
Generating RTLIL representation for module `\SB_IO_OD'.
Generating RTLIL representation for module `\SB_MAC16'.
Generating RTLIL representation for module `\ICESTORM_RAM'.
Successfully finished Verilog frontend.

7.2. Executing HIERARCHY pass (managing design hierarchy).

7.3. Executing AST frontend in derive mode using pre-parsed AST for module `\known_pnr_probe'.
Generating RTLIL representation for module `\known_pnr_probe'.

7.3.1. Analyzing design hierarchy..
Top module:  \known_pnr_probe
Parameter \N = 1024
Parameter \LANES = 4
Parameter \WINDOWS = 156
Parameter \MODEL_DIR = 728'00101111010101010111001101100101011100100111001100101111011100110111010001100001011011100110110001100101011110010010111101000100011001010111001101101011011101000110111101110000001011111110011010010101100110011110011010011101100100000010111101000110011000010110110001101100001000000011001000110000001100100011011000101111011001000110100101100111011010010111010001100001011011000010000001101001011000110010111101100001011100100111010001101001011001100110000101100011011101000111001100101111011000010110001101101111011101010111001101110100011010010110001100101101011010110110111001101111011101110110111000101101011100100110010101101100011001010110000101110011011001010010110101110110001100010010111101101001011001000011000000110000
Parameter \BIAS = 441
Parameter \THRESHOLD = 32'11111111111111111111101111111011
Parameter \LOG_CONSTANT = 128145

7.3.2. Executing AST frontend in derive mode using pre-parsed AST for module `\known_spectral_core'.
Parameter \N = 1024
Parameter \LANES = 4
Parameter \WINDOWS = 156
Parameter \MODEL_DIR = 728'00101111010101010111001101100101011100100111001100101111011100110111010001100001011011100110110001100101011110010010111101000100011001010111001101101011011101000110111101110000001011111110011010010101100110011110011010011101100100000010111101000110011000010110110001101100001000000011001000110000001100100011011000101111011001000110100101100111011010010111010001100001011011000010000001101001011000110010111101100001011100100111010001101001011001100110000101100011011101000111001100101111011000010110001101101111011101010111001101110100011010010110001100101101011010110110111001101111011101110110111000101101011100100110010101101100011001010110000101110011011001010010110101110110001100010010111101101001011001000011000000110000
Parameter \BIAS = 441
Parameter \THRESHOLD = 32'11111111111111111111101111111011
Parameter \LOG_CONSTANT = 128145
Generating RTLIL representation for module `$paramod$9fe2282eb0f9f1d82ea37338c79618d0aeb54037\known_spectral_core'.
Warning: Replacing memory \product with list of registers. See rtl/core/known_spectral_core.sv:106
Warning: Replacing memory \accumulator with list of registers. See rtl/core/known_spectral_core.sv:138
Warning: Replacing memory \phases with list of registers. See rtl/core/known_spectral_core.sv:138
Warning: Replacing memory \operand_b with list of registers. See rtl/core/known_spectral_core.sv:111
Warning: Replacing memory \operand_a with list of registers. See rtl/core/known_spectral_core.sv:111

7.3.3. Analyzing design hierarchy..
Top module:  \known_pnr_probe
Used module:     $paramod$9fe2282eb0f9f1d82ea37338c79618d0aeb54037\known_spectral_core
Parameter \N = 1024
Parameter \MODEL_DIR = 728'00101111010101010111001101100101011100100111001100101111011100110111010001100001011011100110110001100101011110010010111101000100011001010111001101101011011101000110111101110000001011111110011010010101100110011110011010011101100100000010111101000110011000010110110001101100001000000011001000110000001100100011011000101111011001000110100101100111011010010111010001100001011011000010000001101001011000110010111101100001011100100111010001101001011001100110000101100011011101000111001100101111011000010110001101101111011101010111001101110100011010010110001100101101011010110110111001101111011101110110111000101101011100100110010101101100011001010110000101110011011001010010110101110110001100010010111101101001011001000011000000110000

7.3.4. Executing AST frontend in derive mode using pre-parsed AST for module `\vib_coeff_rom'.
Parameter \N = 1024
Parameter \MODEL_DIR = 728'00101111010101010111001101100101011100100111001100101111011100110111010001100001011011100110110001100101011110010010111101000100011001010111001101101011011101000110111101110000001011111110011010010101100110011110011010011101100100000010111101000110011000010110110001101100001000000011001000110000001100100011011000101111011001000110100101100111011010010111010001100001011011000010000001101001011000110010111101100001011100100111010001101001011001100110000101100011011101000111001100101111011000010110001101101111011101010111001101110100011010010110001100101101011010110110111001101111011101110110111000101101011100100110010101101100011001010110000101110011011001010010110101110110001100010010111101101001011001000011000000110000
Generating RTLIL representation for module `$paramod$c5d56b8730780189bb3a1a35d3294d827d7174b0\vib_coeff_rom'.
Parameter \N = 1024
Parameter \MODEL_DIR = 728'00101111010101010111001101100101011100100111001100101111011100110111010001100001011011100110110001100101011110010010111101000100011001010111001101101011011101000110111101110000001011111110011010010101100110011110011010011101100100000010111101000110011000010110110001101100001000000011001000110000001100100011011000101111011001000110100101100111011010010111010001100001011011000010000001101001011000110010111101100001011100100111010001101001011001100110000101100011011101000111001100101111011000010110001101101111011101010111001101110100011010010110001100101101011010110110111001101111011101110110111000101101011100100110010101101100011001010110000101110011011001010010110101110110001100010010111101101001011001000011000000110000
Found cached RTLIL representation for module `$paramod$c5d56b8730780189bb3a1a35d3294d827d7174b0\vib_coeff_rom'.
Parameter \N = 1024
Parameter \MODEL_DIR = 728'00101111010101010111001101100101011100100111001100101111011100110111010001100001011011100110110001100101011110010010111101000100011001010111001101101011011101000110111101110000001011111110011010010101100110011110011010011101100100000010111101000110011000010110110001101100001000000011001000110000001100100011011000101111011001000110100101100111011010010111010001100001011011000010000001101001011000110010111101100001011100100111010001101001011001100110000101100011011101000111001100101111011000010110001101101111011101010111001101110100011010010110001100101101011010110110111001101111011101110110111000101101011100100110010101101100011001010110000101110011011001010010110101110110001100010010111101101001011001000011000000110000
Found cached RTLIL representation for module `$paramod$c5d56b8730780189bb3a1a35d3294d827d7174b0\vib_coeff_rom'.
Parameter \N = 1024
Parameter \MODEL_DIR = 728'00101111010101010111001101100101011100100111001100101111011100110111010001100001011011100110110001100101011110010010111101000100011001010111001101101011011101000110111101110000001011111110011010010101100110011110011010011101100100000010111101000110011000010110110001101100001000000011001000110000001100100011011000101111011001000110100101100111011010010111010001100001011011000010000001101001011000110010111101100001011100100111010001101001011001100110000101100011011101000111001100101111011000010110001101101111011101010111001101110100011010010110001100101101011010110110111001101111011101110110111000101101011100100110010101101100011001010110000101110011011001010010110101110110001100010010111101101001011001000011000000110000
Found cached RTLIL representation for module `$paramod$c5d56b8730780189bb3a1a35d3294d827d7174b0\vib_coeff_rom'.

7.3.5. Executing AST frontend in derive mode using pre-parsed AST for module `\spram16k'.
Generating RTLIL representation for module `\spram16k'.
Parameter \N = 1024

7.3.6. Executing AST frontend in derive mode using pre-parsed AST for module `\known_capture'.
Parameter \N = 1024
Generating RTLIL representation for module `$paramod\known_capture\N=s32'00000000000000000000010000000000'.
Reprocessing module $paramod$9fe2282eb0f9f1d82ea37338c79618d0aeb54037\known_spectral_core because instantiated module $paramod$c5d56b8730780189bb3a1a35d3294d827d7174b0\vib_coeff_rom has become available.
Generating RTLIL representation for module `$paramod$9fe2282eb0f9f1d82ea37338c79618d0aeb54037\known_spectral_core'.
Warning: Replacing memory \product with list of registers. See rtl/core/known_spectral_core.sv:106
Warning: Replacing memory \accumulator with list of registers. See rtl/core/known_spectral_core.sv:138
Warning: Replacing memory \phases with list of registers. See rtl/core/known_spectral_core.sv:138
Warning: Replacing memory \operand_b with list of registers. See rtl/core/known_spectral_core.sv:111
Warning: Replacing memory \operand_a with list of registers. See rtl/core/known_spectral_core.sv:111

7.3.7. Analyzing design hierarchy..
Top module:  \known_pnr_probe
Used module:     $paramod$9fe2282eb0f9f1d82ea37338c79618d0aeb54037\known_spectral_core
Used module:         \spram16k
Parameter \N = 1024
Parameter \MODEL_DIR = 728'00101111010101010111001101100101011100100111001100101111011100110111010001100001011011100110110001100101011110010010111101000100011001010111001101101011011101000110111101110000001011111110011010010101100110011110011010011101100100000010111101000110011000010110110001101100001000000011001000110000001100100011011000101111011001000110100101100111011010010111010001100001011011000010000001101001011000110010111101100001011100100111010001101001011001100110000101100011011101000111001100101111011000010110001101101111011101010111001101110100011010010110001100101101011010110110111001101111011101110110111000101101011100100110010101101100011001010110000101110011011001010010110101110110001100010010111101101001011001000011000000110000
Found cached RTLIL representation for module `$paramod$c5d56b8730780189bb3a1a35d3294d827d7174b0\vib_coeff_rom'.
Parameter \N = 1024
Parameter \MODEL_DIR = 728'00101111010101010111001101100101011100100111001100101111011100110111010001100001011011100110110001100101011110010010111101000100011001010111001101101011011101000110111101110000001011111110011010010101100110011110011010011101100100000010111101000110011000010110110001101100001000000011001000110000001100100011011000101111011001000110100101100111011010010111010001100001011011000010000001101001011000110010111101100001011100100111010001101001011001100110000101100011011101000111001100101111011000010110001101101111011101010111001101110100011010010110001100101101011010110110111001101111011101110110111000101101011100100110010101101100011001010110000101110011011001010010110101110110001100010010111101101001011001000011000000110000
Found cached RTLIL representation for module `$paramod$c5d56b8730780189bb3a1a35d3294d827d7174b0\vib_coeff_rom'.
Parameter \N = 1024
Parameter \MODEL_DIR = 728'00101111010101010111001101100101011100100111001100101111011100110111010001100001011011100110110001100101011110010010111101000100011001010111001101101011011101000110111101110000001011111110011010010101100110011110011010011101100100000010111101000110011000010110110001101100001000000011001000110000001100100011011000101111011001000110100101100111011010010111010001100001011011000010000001101001011000110010111101100001011100100111010001101001011001100110000101100011011101000111001100101111011000010110001101101111011101010111001101110100011010010110001100101101011010110110111001101111011101110110111000101101011100100110010101101100011001010110000101110011011001010010110101110110001100010010111101101001011001000011000000110000
Found cached RTLIL representation for module `$paramod$c5d56b8730780189bb3a1a35d3294d827d7174b0\vib_coeff_rom'.
Parameter \N = 1024
Parameter \MODEL_DIR = 728'00101111010101010111001101100101011100100111001100101111011100110111010001100001011011100110110001100101011110010010111101000100011001010111001101101011011101000110111101110000001011111110011010010101100110011110011010011101100100000010111101000110011000010110110001101100001000000011001000110000001100100011011000101111011001000110100101100111011010010111010001100001011011000010000001101001011000110010111101100001011100100111010001101001011001100110000101100011011101000111001100101111011000010110001101101111011101010111001101110100011010010110001100101101011010110110111001101111011101110110111000101101011100100110010101101100011001010110000101110011011001010010110101110110001100010010111101101001011001000011000000110000
Found cached RTLIL representation for module `$paramod$c5d56b8730780189bb3a1a35d3294d827d7174b0\vib_coeff_rom'.
Parameter \N = 1024
Found cached RTLIL representation for module `$paramod\known_capture\N=s32'00000000000000000000010000000000'.

7.3.8. Analyzing design hierarchy..
Top module:  \known_pnr_probe
Used module:     $paramod$9fe2282eb0f9f1d82ea37338c79618d0aeb54037\known_spectral_core
Used module:         $paramod$c5d56b8730780189bb3a1a35d3294d827d7174b0\vib_coeff_rom
Used module:         \spram16k
Used module:         $paramod\known_capture\N=s32'00000000000000000000010000000000

7.3.9. Analyzing design hierarchy..
Top module:  \known_pnr_probe
Used module:     $paramod$9fe2282eb0f9f1d82ea37338c79618d0aeb54037\known_spectral_core
Used module:         $paramod$c5d56b8730780189bb3a1a35d3294d827d7174b0\vib_coeff_rom
Used module:         \spram16k
Used module:         $paramod\known_capture\N=s32'00000000000000000000010000000000
Removing unused module `$abstract\known_pnr_probe'.
Removing unused module `$abstract\known_spectral_core'.
Removing unused module `$abstract\known_capture'.
Removing unused module `$abstract\spram16k'.
Removing unused module `$abstract\vib_coeff_rom'.
Removed 5 unused modules.

7.4. Executing PROC pass (convert processes to netlists).

7.4.1. Executing PROC_CLEAN pass (remove empty switches from decision trees).
Removing empty process `$paramod$9fe2282eb0f9f1d82ea37338c79618d0aeb54037\known_spectral_core.$proc$rtl/core/known_spectral_core.sv:43$1303'.
Removing empty process `$paramod$c5d56b8730780189bb3a1a35d3294d827d7174b0\vib_coeff_rom.$proc$rtl/core/vib_coeff_rom.sv:24$764'.
Cleaned up 0 empty switches.

7.4.2. Executing PROC_RMDEAD pass (remove dead branches from decision trees).
Removed 2 dead cases from process $proc$rtl/core/known_spectral_core.sv:76$1223 in module $paramod$9fe2282eb0f9f1d82ea37338c79618d0aeb54037\known_spectral_core.
Marked 2 switch rules as full_case in process $proc$rtl/core/known_spectral_core.sv:76$1223 in module $paramod$9fe2282eb0f9f1d82ea37338c79618d0aeb54037\known_spectral_core.
Marked 23 switch rules as full_case in process $proc$rtl/core/known_spectral_core.sv:123$1020 in module $paramod$9fe2282eb0f9f1d82ea37338c79618d0aeb54037\known_spectral_core.
Marked 1 switch rules as full_case in process $proc$rtl/core/known_spectral_core.sv:109$1015 in module $paramod$9fe2282eb0f9f1d82ea37338c79618d0aeb54037\known_spectral_core.
Marked 9 switch rules as full_case in process $proc$rtl/core/known_capture.sv:31$802 in module $paramod\known_capture\N=s32'00000000000000000000010000000000.
Marked 1 switch rules as full_case in process $proc$sim/known_pnr_probe.sv:10$394 in module known_pnr_probe.
Removed a total of 2 dead cases.

7.4.3. Executing PROC_PRUNE pass (remove redundant assignments in processes).
Removed 1 redundant assignment.
Promoted 73 assignments to connections.

7.4.4. Executing PROC_INIT pass (extract init attributes).

7.4.5. Executing PROC_ARST pass (detect async resets in processes).

7.4.6. Executing PROC_ROM pass (convert switches to ROMs).
Converted 0 switches.
<suppressed ~55 debug messages>

7.4.7. Executing PROC_MUX pass (convert decision trees to multiplexers).
Creating decoders for process `$paramod$9fe2282eb0f9f1d82ea37338c79618d0aeb54037\known_spectral_core.$proc$rtl/core/known_spectral_core.sv:105$1302'.
Creating decoders for process `$paramod$9fe2282eb0f9f1d82ea37338c79618d0aeb54037\known_spectral_core.$proc$rtl/core/known_spectral_core.sv:105$1301'.
Creating decoders for process `$paramod$9fe2282eb0f9f1d82ea37338c79618d0aeb54037\known_spectral_core.$proc$rtl/core/known_spectral_core.sv:105$1300'.
Creating decoders for process `$paramod$9fe2282eb0f9f1d82ea37338c79618d0aeb54037\known_spectral_core.$proc$rtl/core/known_spectral_core.sv:105$1299'.
Creating decoders for process `$paramod$9fe2282eb0f9f1d82ea37338c79618d0aeb54037\known_spectral_core.$proc$rtl/core/known_spectral_core.sv:106$1297'.
     1/1: $0\product[3][31:0]
Creating decoders for process `$paramod$9fe2282eb0f9f1d82ea37338c79618d0aeb54037\known_spectral_core.$proc$rtl/core/known_spectral_core.sv:106$1290'.
     1/1: $0\product[2][31:0]
Creating decoders for process `$paramod$9fe2282eb0f9f1d82ea37338c79618d0aeb54037\known_spectral_core.$proc$rtl/core/known_spectral_core.sv:106$1283'.
     1/1: $0\product[1][31:0]
Creating decoders for process `$paramod$9fe2282eb0f9f1d82ea37338c79618d0aeb54037\known_spectral_core.$proc$rtl/core/known_spectral_core.sv:106$1276'.
     1/1: $0\product[0][31:0]
Creating decoders for process `$paramod$9fe2282eb0f9f1d82ea37338c79618d0aeb54037\known_spectral_core.$proc$rtl/core/known_spectral_core.sv:92$1257'.
Creating decoders for process `$paramod$9fe2282eb0f9f1d82ea37338c79618d0aeb54037\known_spectral_core.$proc$rtl/core/known_spectral_core.sv:77$1243'.
Creating decoders for process `$paramod$9fe2282eb0f9f1d82ea37338c79618d0aeb54037\known_spectral_core.$proc$rtl/core/known_spectral_core.sv:76$1223'.
     1/2: $1$mem2reg_rd$\accumulator$rtl/core/known_spectral_core.sv:76$957_DATA[47:0]$1235
     2/2: $1$mem2reg_rd$\accumulator$rtl/core/known_spectral_core.sv:76$956_DATA[47:0]$1234
Creating decoders for process `$paramod$9fe2282eb0f9f1d82ea37338c79618d0aeb54037\known_spectral_core.$proc$rtl/core/known_spectral_core.sv:123$1020'.
     1/95: $6$lookahead\power_buffer$1019[63:0]$1167
     2/95: $0\arithmetic_error[7:0] [7:3]
     3/95: $0\arithmetic_error[7:0] [2]
     4/95: $4$lookahead\power_buffer$1019[63:0]$1159
     5/95: $3$lookahead\power_buffer$1019[63:0]$1156
     6/95: $5$lookahead\power_buffer$1019[63:0]$1165
     7/95: $0\arithmetic_error[7:0] [1]
     8/95: $3\i[31:0]
     9/95: $4\i[31:0]
    10/95: $0\arithmetic_error[7:0] [0]
    11/95: $3\rne$func$rtl/core/known_spectral_core.sv:150$951.half[63:0]$1088
    12/95: $3\rne$func$rtl/core/known_spectral_core.sv:150$951.rem[63:0]$1087
    13/95: $3\rne$func$rtl/core/known_spectral_core.sv:150$951.quotient[63:0]$1086
    14/95: $3\rne$func$rtl/core/known_spectral_core.sv:150$951.value[63:0]$1085
    15/95: $2\rne$func$rtl/core/known_spectral_core.sv:150$951.half[63:0]$1081
    16/95: $2\rne$func$rtl/core/known_spectral_core.sv:150$951.rem[63:0]$1080
    17/95: $2\rne$func$rtl/core/known_spectral_core.sv:150$951.quotient[63:0]$1079
    18/95: $2\rne$func$rtl/core/known_spectral_core.sv:150$951.value[63:0]$1078
    19/95: $2\rne$func$rtl/core/known_spectral_core.sv:150$951.$result[63:0]$1077
    20/95: $2$lookahead\power_buffer$1019[63:0]$1083
    21/95: $2$bitselwrite$pos$rtl/core/known_spectral_core.sv:217$952[31:0]$1082
    22/95: $2\i[31:0]
    23/95: $1\i[31:0]
    24/95: $0\dbg_valid[0:0]
    25/95: $1$lookahead\power_buffer$1019[63:0]$1049
    26/95: $1$bitselwrite$pos$rtl/core/known_spectral_core.sv:217$952[31:0]$1048
    27/95: $1\rne$func$rtl/core/known_spectral_core.sv:150$951.half[63:0]$1047
    28/95: $1\rne$func$rtl/core/known_spectral_core.sv:150$951.rem[63:0]$1046
    29/95: $1\rne$func$rtl/core/known_spectral_core.sv:150$951.quotient[63:0]$1045
    30/95: $1\rne$func$rtl/core/known_spectral_core.sv:150$951.value[63:0]$1044
    31/95: $1\rne$func$rtl/core/known_spectral_core.sv:150$951.$result[63:0]$1043
    32/95: $1$memwr$\windowed$rtl/core/known_spectral_core.sv:125$958_EN[15:0]$1037
    33/95: $1$memwr$\windowed$rtl/core/known_spectral_core.sv:125$958_DATA[15:0]$1036
    34/95: $1$memwr$\windowed$rtl/core/known_spectral_core.sv:125$958_ADDR[9:0]$1035
    35/95: $0\accumulator[3][47:0]
    36/95: $0\accumulator[2][47:0]
    37/95: $0\accumulator[1][47:0]
    38/95: $0\accumulator[0][47:0]
    39/95: $0\phases[3][9:0]
    40/95: $0\phases[2][9:0]
    41/95: $0\phases[1][9:0]
    42/95: $0\phases[0][9:0]
    43/95: $0\exponent[7:0]
    44/95: $0\log_work[63:0]
    45/95: $0\ram_part[1:0]
    46/95: $0\feature[7:0]
    47/95: $0\log_value[31:0]
    48/95: $0\difference[31:0]
    49/95: $0\norm_negative[0:0]
    50/95: $0\window_power[63:0]
    51/95: $0\real_square[63:0]
    52/95: $0\wide_acc[63:0]
    53/95: $0\purpose[1:0]
    54/95: $0\wide_part[1:0]
    55/95: $0\wide_b[31:0]
    56/95: $0\wide_a[31:0]
    57/95: $0\bin_index[8:0]
    58/95: $0\imag_part[31:0]
    59/95: $0\real_part[31:0]
    60/95: $0\valid1[0:0]
    61/95: $0\valid0[0:0]
    62/95: $0\lane_store[1:0]
    63/95: $0\retired[10:0]
    64/95: $0\issued[10:0]
    65/95: $0\component_base[10:0]
    66/95: $3\rne$func$rtl/core/known_spectral_core.sv:150$951.$result[63:0]$1084
    67/95: $0\clip_window[7:0]
    68/95: $0\previous_valid[0:0]
    69/95: $0\previous_id[31:0]
    70/95: $0\clip_id[31:0]
    71/95: $0\active_id[31:0]
    72/95: $0\log_q[11:0]
    73/95: $0\weight_q[7:0]
    74/95: $0\gain_q[31:0]
    75/95: $0\mean_q[31:0]
    76/95: $0\mean[15:0]
    77/95: $0\sample_q[15:0]
    78/95: $0\point[9:0]
    79/95: $0\active_bank[0:0]
    80/95: $0\state[4:0]
    81/95: $0\dbg_value[63:0]
    82/95: $0\dbg_index[15:0]
    83/95: $0\dbg_frame[31:0]
    84/95: $0\dbg_kind[3:0]
    85/95: $0\cycles_total[31:0]
    86/95: $0\cycles_nn[31:0]
    87/95: $0\cycles_power[31:0]
    88/95: $0\cycles_dft[31:0]
    89/95: $0\cycles_pre[31:0]
    90/95: $0\out_frame_id[31:0]
    91/95: $0\out_score[31:0]
    92/95: $0\out_error[7:0]
    93/95: $0\out_class[0:0]
    94/95: $0\score[31:0]
    95/95: $0\out_valid[0:0]
Creating decoders for process `$paramod$9fe2282eb0f9f1d82ea37338c79618d0aeb54037\known_spectral_core.$proc$rtl/core/known_spectral_core.sv:109$1015'.
     1/10: $1\operand_b[0][15:0]
     2/10: $1\operand_a[0][15:0]
     3/10: $1\multiply[0:0]
     4/10: $1\operand_b[3][15:0]
     5/10: $1\operand_b[2][15:0]
     6/10: $1\operand_b[1][15:0]
     7/10: $1\operand_a[3][15:0]
     8/10: $1\operand_a[2][15:0]
     9/10: $1\operand_a[1][15:0]
    10/10: $1$fordecl_block$3.j[31:0]$1018
Creating decoders for process `$paramod$c5d56b8730780189bb3a1a35d3294d827d7174b0\vib_coeff_rom.$proc$rtl/core/vib_coeff_rom.sv:26$753'.
     1/3: $0\is_zero[0:0]
     2/3: $0\negative[0:0]
     3/3: $0\magnitude[15:0]
Creating decoders for process `$paramod\known_capture\N=s32'00000000000000000000010000000000.$proc$rtl/core/known_capture.sv:31$802'.
     1/76: $6$lookahead\full$800[1:0]$928
     2/76: $5$bitselwrite$pos$rtl/core/known_capture.sv:52$768[0:0]$921
     3/76: $5$memwr$\ids$rtl/core/known_capture.sv:51$776_EN[31:0]$927
     4/76: $5$memwr$\ids$rtl/core/known_capture.sv:51$776_DATA[31:0]$926
     5/76: $5$memwr$\ids$rtl/core/known_capture.sv:51$776_ADDR[0:0]$925
     6/76: $5$memwr$\sums$rtl/core/known_capture.sv:51$775_EN[31:0]$924
     7/76: $5$memwr$\sums$rtl/core/known_capture.sv:51$775_DATA[31:0]$923
     8/76: $5$memwr$\sums$rtl/core/known_capture.sv:51$775_ADDR[0:0]$922
     9/76: $5$lookahead\full$800[1:0]$916
    10/76: $4$memwr$\ids$rtl/core/known_capture.sv:51$776_EN[31:0]$915
    11/76: $4$memwr$\ids$rtl/core/known_capture.sv:51$776_DATA[31:0]$914
    12/76: $4$memwr$\ids$rtl/core/known_capture.sv:51$776_ADDR[0:0]$913
    13/76: $4$memwr$\sums$rtl/core/known_capture.sv:51$775_EN[31:0]$912
    14/76: $4$memwr$\sums$rtl/core/known_capture.sv:51$775_DATA[31:0]$911
    15/76: $4$memwr$\sums$rtl/core/known_capture.sv:51$775_ADDR[0:0]$910
    16/76: $4$bitselwrite$pos$rtl/core/known_capture.sv:52$768[0:0]$909
    17/76: $4$lookahead\full$800[1:0]$908
    18/76: $3$memwr$\ids$rtl/core/known_capture.sv:51$776_EN[31:0]$907
    19/76: $3$memwr$\ids$rtl/core/known_capture.sv:51$776_DATA[31:0]$906
    20/76: $3$memwr$\ids$rtl/core/known_capture.sv:51$776_ADDR[0:0]$905
    21/76: $3$memwr$\sums$rtl/core/known_capture.sv:51$775_EN[31:0]$904
    22/76: $3$memwr$\sums$rtl/core/known_capture.sv:51$775_DATA[31:0]$903
    23/76: $3$memwr$\sums$rtl/core/known_capture.sv:51$775_ADDR[0:0]$902
    24/76: $3$bitselwrite$pos$rtl/core/known_capture.sv:52$768[0:0]$901
    25/76: $3$lookahead\full$800[1:0]$899
    26/76: $2$memwr$\ids$rtl/core/known_capture.sv:51$776_EN[31:0]$898
    27/76: $2$memwr$\ids$rtl/core/known_capture.sv:51$776_DATA[31:0]$897
    28/76: $2$memwr$\ids$rtl/core/known_capture.sv:51$776_ADDR[0:0]$896
    29/76: $2$memwr$\sums$rtl/core/known_capture.sv:51$775_EN[31:0]$895
    30/76: $2$memwr$\sums$rtl/core/known_capture.sv:51$775_DATA[31:0]$894
    31/76: $2$memwr$\sums$rtl/core/known_capture.sv:51$775_ADDR[0:0]$893
    32/76: $2$bitselwrite$pos$rtl/core/known_capture.sv:52$768[0:0]$892
    33/76: $3$lookahead\busy$801[1:0]$883
    34/76: $2$bitselwrite$pos$rtl/core/known_capture.sv:42$767[0:0]$882
    35/76: $2$lookahead\busy$801[1:0]$866
    36/76: $2$bitselwrite$pos$rtl/core/known_capture.sv:41$766[0:0]$864
    37/76: $2$lookahead\full$800[1:0]$865
    38/76: $2$bitselwrite$pos$rtl/core/known_capture.sv:41$765[0:0]$863
    39/76: $1$memwr$\sums$rtl/core/known_capture.sv:39$774_EN[31:0]$853
    40/76: $1$memwr$\sums$rtl/core/known_capture.sv:39$773_EN[31:0]$852
    41/76: $1$memwr$\ids$rtl/core/known_capture.sv:39$772_EN[31:0]$851
    42/76: $1$memwr$\ids$rtl/core/known_capture.sv:39$771_EN[31:0]$850
    43/76: $1$lookahead\busy$801[1:0]$861
    44/76: $1$lookahead\full$800[1:0]$860
    45/76: $1$memwr$\ids$rtl/core/known_capture.sv:51$776_EN[31:0]$859
    46/76: $1$memwr$\ids$rtl/core/known_capture.sv:51$776_DATA[31:0]$858
    47/76: $1$memwr$\ids$rtl/core/known_capture.sv:51$776_ADDR[0:0]$857
    48/76: $1$memwr$\sums$rtl/core/known_capture.sv:51$775_EN[31:0]$856
    49/76: $1$memwr$\sums$rtl/core/known_capture.sv:51$775_DATA[31:0]$855
    50/76: $1$memwr$\sums$rtl/core/known_capture.sv:51$775_ADDR[0:0]$854
    51/76: $1$bitselwrite$pos$rtl/core/known_capture.sv:52$768[0:0]$849
    52/76: $1$bitselwrite$pos$rtl/core/known_capture.sv:42$767[0:0]$848
    53/76: $1$bitselwrite$pos$rtl/core/known_capture.sv:41$766[0:0]$847
    54/76: $1$bitselwrite$pos$rtl/core/known_capture.sv:41$765[0:0]$846
    55/76: $2$memwr$\raw1$rtl/core/known_capture.sv:34$769_EN[15:0]$842
    56/76: $2$memwr$\raw1$rtl/core/known_capture.sv:34$769_DATA[15:0]$841
    57/76: $2$memwr$\raw1$rtl/core/known_capture.sv:34$769_ADDR[9:0]$840
    58/76: $2$memwr$\raw0$rtl/core/known_capture.sv:34$770_EN[15:0]$845
    59/76: $2$memwr$\raw0$rtl/core/known_capture.sv:34$770_DATA[15:0]$844
    60/76: $2$memwr$\raw0$rtl/core/known_capture.sv:34$770_ADDR[9:0]$843
    61/76: $1$memwr$\raw0$rtl/core/known_capture.sv:34$770_EN[15:0]$839
    62/76: $1$memwr$\raw0$rtl/core/known_capture.sv:34$770_DATA[15:0]$838
    63/76: $1$memwr$\raw0$rtl/core/known_capture.sv:34$770_ADDR[9:0]$837
    64/76: $1$memwr$\raw1$rtl/core/known_capture.sv:34$769_EN[15:0]$836
    65/76: $1$memwr$\raw1$rtl/core/known_capture.sv:34$769_DATA[15:0]$835
    66/76: $1$memwr$\raw1$rtl/core/known_capture.sv:34$769_ADDR[9:0]$834
    67/76: $0\sum[31:0]
    68/76: $0\current_id[31:0]
    69/76: $0\position[9:0]
    70/76: $0\draining[0:0]
    71/76: $0\head_bank[0:0]
    72/76: $0\wr_bank[0:0]
    73/76: $0\q1[15:0]
    74/76: $0\q0[15:0]
    75/76: $0\accepted_samples[31:0]
    76/76: $0\protocol_errors[31:0]
Creating decoders for process `\known_pnr_probe.$proc$sim/known_pnr_probe.sv:10$394'.
     1/1: $0\frame_id[31:0]

7.4.8. Executing PROC_DLATCH pass (convert process syncs to latches).
No latch inferred for signal `$paramod$9fe2282eb0f9f1d82ea37338c79618d0aeb54037\known_spectral_core.\coefficient[3]' from process `$paramod$9fe2282eb0f9f1d82ea37338c79618d0aeb54037\known_spectral_core.$proc$rtl/core/known_spectral_core.sv:105$1302'.
No latch inferred for signal `$paramod$9fe2282eb0f9f1d82ea37338c79618d0aeb54037\known_spectral_core.\coefficient[2]' from process `$paramod$9fe2282eb0f9f1d82ea37338c79618d0aeb54037\known_spectral_core.$proc$rtl/core/known_spectral_core.sv:105$1301'.
No latch inferred for signal `$paramod$9fe2282eb0f9f1d82ea37338c79618d0aeb54037\known_spectral_core.\coefficient[1]' from process `$paramod$9fe2282eb0f9f1d82ea37338c79618d0aeb54037\known_spectral_core.$proc$rtl/core/known_spectral_core.sv:105$1300'.
No latch inferred for signal `$paramod$9fe2282eb0f9f1d82ea37338c79618d0aeb54037\known_spectral_core.\coefficient[0]' from process `$paramod$9fe2282eb0f9f1d82ea37338c79618d0aeb54037\known_spectral_core.$proc$rtl/core/known_spectral_core.sv:105$1299'.
No latch inferred for signal `$paramod$9fe2282eb0f9f1d82ea37338c79618d0aeb54037\known_spectral_core.\rne$func$rtl/core/known_spectral_core.sv:92$942.$result' from process `$paramod$9fe2282eb0f9f1d82ea37338c79618d0aeb54037\known_spectral_core.$proc$rtl/core/known_spectral_core.sv:92$1257'.
No latch inferred for signal `$paramod$9fe2282eb0f9f1d82ea37338c79618d0aeb54037\known_spectral_core.\rne$func$rtl/core/known_spectral_core.sv:77$941.$result' from process `$paramod$9fe2282eb0f9f1d82ea37338c79618d0aeb54037\known_spectral_core.$proc$rtl/core/known_spectral_core.sv:77$1243'.
No latch inferred for signal `$paramod$9fe2282eb0f9f1d82ea37338c79618d0aeb54037\known_spectral_core.\rne$func$rtl/core/known_spectral_core.sv:76$940.$result' from process `$paramod$9fe2282eb0f9f1d82ea37338c79618d0aeb54037\known_spectral_core.$proc$rtl/core/known_spectral_core.sv:76$1223'.
No latch inferred for signal `$paramod$9fe2282eb0f9f1d82ea37338c79618d0aeb54037\known_spectral_core.\multiply' from process `$paramod$9fe2282eb0f9f1d82ea37338c79618d0aeb54037\known_spectral_core.$proc$rtl/core/known_spectral_core.sv:109$1015'.
No latch inferred for signal `$paramod$9fe2282eb0f9f1d82ea37338c79618d0aeb54037\known_spectral_core.$fordecl_block$1.j' from process `$paramod$9fe2282eb0f9f1d82ea37338c79618d0aeb54037\known_spectral_core.$proc$rtl/core/known_spectral_core.sv:109$1015'.
No latch inferred for signal `$paramod$9fe2282eb0f9f1d82ea37338c79618d0aeb54037\known_spectral_core.\operand_a[0]' from process `$paramod$9fe2282eb0f9f1d82ea37338c79618d0aeb54037\known_spectral_core.$proc$rtl/core/known_spectral_core.sv:109$1015'.
No latch inferred for signal `$paramod$9fe2282eb0f9f1d82ea37338c79618d0aeb54037\known_spectral_core.\operand_a[1]' from process `$paramod$9fe2282eb0f9f1d82ea37338c79618d0aeb54037\known_spectral_core.$proc$rtl/core/known_spectral_core.sv:109$1015'.
No latch inferred for signal `$paramod$9fe2282eb0f9f1d82ea37338c79618d0aeb54037\known_spectral_core.\operand_a[2]' from process `$paramod$9fe2282eb0f9f1d82ea37338c79618d0aeb54037\known_spectral_core.$proc$rtl/core/known_spectral_core.sv:109$1015'.
No latch inferred for signal `$paramod$9fe2282eb0f9f1d82ea37338c79618d0aeb54037\known_spectral_core.\operand_a[3]' from process `$paramod$9fe2282eb0f9f1d82ea37338c79618d0aeb54037\known_spectral_core.$proc$rtl/core/known_spectral_core.sv:109$1015'.
No latch inferred for signal `$paramod$9fe2282eb0f9f1d82ea37338c79618d0aeb54037\known_spectral_core.\operand_b[0]' from process `$paramod$9fe2282eb0f9f1d82ea37338c79618d0aeb54037\known_spectral_core.$proc$rtl/core/known_spectral_core.sv:109$1015'.
No latch inferred for signal `$paramod$9fe2282eb0f9f1d82ea37338c79618d0aeb54037\known_spectral_core.\operand_b[1]' from process `$paramod$9fe2282eb0f9f1d82ea37338c79618d0aeb54037\known_spectral_core.$proc$rtl/core/known_spectral_core.sv:109$1015'.
No latch inferred for signal `$paramod$9fe2282eb0f9f1d82ea37338c79618d0aeb54037\known_spectral_core.\operand_b[2]' from process `$paramod$9fe2282eb0f9f1d82ea37338c79618d0aeb54037\known_spectral_core.$proc$rtl/core/known_spectral_core.sv:109$1015'.
No latch inferred for signal `$paramod$9fe2282eb0f9f1d82ea37338c79618d0aeb54037\known_spectral_core.\operand_b[3]' from process `$paramod$9fe2282eb0f9f1d82ea37338c79618d0aeb54037\known_spectral_core.$proc$rtl/core/known_spectral_core.sv:109$1015'.
Warning: Latch inferred for signal `$paramod$9fe2282eb0f9f1d82ea37338c79618d0aeb54037\known_spectral_core.$fordecl_block$3.j [1:0]' from process `$paramod$9fe2282eb0f9f1d82ea37338c79618d0aeb54037\known_spectral_core.$proc$rtl/core/known_spectral_core.sv:109$1015': $auto$proc_dlatch.cc:543:proc_dlatch$4107
Warning: Latch inferred for signal `$paramod$9fe2282eb0f9f1d82ea37338c79618d0aeb54037\known_spectral_core.$fordecl_block$3.j [2]' from process `$paramod$9fe2282eb0f9f1d82ea37338c79618d0aeb54037\known_spectral_core.$proc$rtl/core/known_spectral_core.sv:109$1015': $auto$proc_dlatch.cc:545:proc_dlatch$4116
Warning: Latch inferred for signal `$paramod$9fe2282eb0f9f1d82ea37338c79618d0aeb54037\known_spectral_core.$fordecl_block$3.j [31:3]' from process `$paramod$9fe2282eb0f9f1d82ea37338c79618d0aeb54037\known_spectral_core.$proc$rtl/core/known_spectral_core.sv:109$1015': $auto$proc_dlatch.cc:543:proc_dlatch$4119

7.4.9. Executing PROC_DFF pass (convert process syncs to FFs).
Creating register for signal `$paramod$9fe2282eb0f9f1d82ea37338c79618d0aeb54037\known_spectral_core.\product[3]' using process `$paramod$9fe2282eb0f9f1d82ea37338c79618d0aeb54037\known_spectral_core.$proc$rtl/core/known_spectral_core.sv:106$1297'.
  created $dff cell `$procdff$4120' with positive edge clock.
Creating register for signal `$paramod$9fe2282eb0f9f1d82ea37338c79618d0aeb54037\known_spectral_core.\product[2]' using process `$paramod$9fe2282eb0f9f1d82ea37338c79618d0aeb54037\known_spectral_core.$proc$rtl/core/known_spectral_core.sv:106$1290'.
  created $dff cell `$procdff$4121' with positive edge clock.
Creating register for signal `$paramod$9fe2282eb0f9f1d82ea37338c79618d0aeb54037\known_spectral_core.\product[1]' using process `$paramod$9fe2282eb0f9f1d82ea37338c79618d0aeb54037\known_spectral_core.$proc$rtl/core/known_spectral_core.sv:106$1283'.
  created $dff cell `$procdff$4122' with positive edge clock.
Creating register for signal `$paramod$9fe2282eb0f9f1d82ea37338c79618d0aeb54037\known_spectral_core.\product[0]' using process `$paramod$9fe2282eb0f9f1d82ea37338c79618d0aeb54037\known_spectral_core.$proc$rtl/core/known_spectral_core.sv:106$1276'.
  created $dff cell `$procdff$4123' with positive edge clock.
Creating register for signal `$paramod$9fe2282eb0f9f1d82ea37338c79618d0aeb54037\known_spectral_core.\i' using process `$paramod$9fe2282eb0f9f1d82ea37338c79618d0aeb54037\known_spectral_core.$proc$rtl/core/known_spectral_core.sv:123$1020'.
  created $dff cell `$procdff$4124' with positive edge clock.
Creating register for signal `$paramod$9fe2282eb0f9f1d82ea37338c79618d0aeb54037\known_spectral_core.\out_valid' using process `$paramod$9fe2282eb0f9f1d82ea37338c79618d0aeb54037\known_spectral_core.$proc$rtl/core/known_spectral_core.sv:123$1020'.
  created $dff cell `$procdff$4125' with positive edge clock.
Creating register for signal `$paramod$9fe2282eb0f9f1d82ea37338c79618d0aeb54037\known_spectral_core.\score' using process `$paramod$9fe2282eb0f9f1d82ea37338c79618d0aeb54037\known_spectral_core.$proc$rtl/core/known_spectral_core.sv:123$1020'.
  created $dff cell `$procdff$4126' with positive edge clock.
Creating register for signal `$paramod$9fe2282eb0f9f1d82ea37338c79618d0aeb54037\known_spectral_core.\out_class' using process `$paramod$9fe2282eb0f9f1d82ea37338c79618d0aeb54037\known_spectral_core.$proc$rtl/core/known_spectral_core.sv:123$1020'.
  created $dff cell `$procdff$4127' with positive edge clock.
Creating register for signal `$paramod$9fe2282eb0f9f1d82ea37338c79618d0aeb54037\known_spectral_core.\out_error' using process `$paramod$9fe2282eb0f9f1d82ea37338c79618d0aeb54037\known_spectral_core.$proc$rtl/core/known_spectral_core.sv:123$1020'.
  created $dff cell `$procdff$4128' with positive edge clock.
Creating register for signal `$paramod$9fe2282eb0f9f1d82ea37338c79618d0aeb54037\known_spectral_core.\out_score' using process `$paramod$9fe2282eb0f9f1d82ea37338c79618d0aeb54037\known_spectral_core.$proc$rtl/core/known_spectral_core.sv:123$1020'.
  created $dff cell `$procdff$4129' with positive edge clock.
Creating register for signal `$paramod$9fe2282eb0f9f1d82ea37338c79618d0aeb54037\known_spectral_core.\out_frame_id' using process `$paramod$9fe2282eb0f9f1d82ea37338c79618d0aeb54037\known_spectral_core.$proc$rtl/core/known_spectral_core.sv:123$1020'.
  created $dff cell `$procdff$4130' with positive edge clock.
Creating register for signal `$paramod$9fe2282eb0f9f1d82ea37338c79618d0aeb54037\known_spectral_core.\cycles_pre' using process `$paramod$9fe2282eb0f9f1d82ea37338c79618d0aeb54037\known_spectral_core.$proc$rtl/core/known_spectral_core.sv:123$1020'.
  created $dff cell `$procdff$4131' with positive edge clock.
Creating register for signal `$paramod$9fe2282eb0f9f1d82ea37338c79618d0aeb54037\known_spectral_core.\cycles_dft' using process `$paramod$9fe2282eb0f9f1d82ea37338c79618d0aeb54037\known_spectral_core.$proc$rtl/core/known_spectral_core.sv:123$1020'.
  created $dff cell `$procdff$4132' with positive edge clock.
Creating register for signal `$paramod$9fe2282eb0f9f1d82ea37338c79618d0aeb54037\known_spectral_core.\cycles_power' using process `$paramod$9fe2282eb0f9f1d82ea37338c79618d0aeb54037\known_spectral_core.$proc$rtl/core/known_spectral_core.sv:123$1020'.
  created $dff cell `$procdff$4133' with positive edge clock.
Creating register for signal `$paramod$9fe2282eb0f9f1d82ea37338c79618d0aeb54037\known_spectral_core.\cycles_nn' using process `$paramod$9fe2282eb0f9f1d82ea37338c79618d0aeb54037\known_spectral_core.$proc$rtl/core/known_spectral_core.sv:123$1020'.
  created $dff cell `$procdff$4134' with positive edge clock.
Creating register for signal `$paramod$9fe2282eb0f9f1d82ea37338c79618d0aeb54037\known_spectral_core.\cycles_total' using process `$paramod$9fe2282eb0f9f1d82ea37338c79618d0aeb54037\known_spectral_core.$proc$rtl/core/known_spectral_core.sv:123$1020'.
  created $dff cell `$procdff$4135' with positive edge clock.
Creating register for signal `$paramod$9fe2282eb0f9f1d82ea37338c79618d0aeb54037\known_spectral_core.\dbg_valid' using process `$paramod$9fe2282eb0f9f1d82ea37338c79618d0aeb54037\known_spectral_core.$proc$rtl/core/known_spectral_core.sv:123$1020'.
  created $dff cell `$procdff$4136' with positive edge clock.
Creating register for signal `$paramod$9fe2282eb0f9f1d82ea37338c79618d0aeb54037\known_spectral_core.\dbg_kind' using process `$paramod$9fe2282eb0f9f1d82ea37338c79618d0aeb54037\known_spectral_core.$proc$rtl/core/known_spectral_core.sv:123$1020'.
  created $dff cell `$procdff$4137' with positive edge clock.
Creating register for signal `$paramod$9fe2282eb0f9f1d82ea37338c79618d0aeb54037\known_spectral_core.\dbg_frame' using process `$paramod$9fe2282eb0f9f1d82ea37338c79618d0aeb54037\known_spectral_core.$proc$rtl/core/known_spectral_core.sv:123$1020'.
  created $dff cell `$procdff$4138' with positive edge clock.
Creating register for signal `$paramod$9fe2282eb0f9f1d82ea37338c79618d0aeb54037\known_spectral_core.\dbg_index' using process `$paramod$9fe2282eb0f9f1d82ea37338c79618d0aeb54037\known_spectral_core.$proc$rtl/core/known_spectral_core.sv:123$1020'.
  created $dff cell `$procdff$4139' with positive edge clock.
Creating register for signal `$paramod$9fe2282eb0f9f1d82ea37338c79618d0aeb54037\known_spectral_core.\dbg_value' using process `$paramod$9fe2282eb0f9f1d82ea37338c79618d0aeb54037\known_spectral_core.$proc$rtl/core/known_spectral_core.sv:123$1020'.
  created $dff cell `$procdff$4140' with positive edge clock.
Creating register for signal `$paramod$9fe2282eb0f9f1d82ea37338c79618d0aeb54037\known_spectral_core.\state' using process `$paramod$9fe2282eb0f9f1d82ea37338c79618d0aeb54037\known_spectral_core.$proc$rtl/core/known_spectral_core.sv:123$1020'.
  created $dff cell `$procdff$4141' with positive edge clock.
Creating register for signal `$paramod$9fe2282eb0f9f1d82ea37338c79618d0aeb54037\known_spectral_core.\active_bank' using process `$paramod$9fe2282eb0f9f1d82ea37338c79618d0aeb54037\known_spectral_core.$proc$rtl/core/known_spectral_core.sv:123$1020'.
  created $dff cell `$procdff$4142' with positive edge clock.
Creating register for signal `$paramod$9fe2282eb0f9f1d82ea37338c79618d0aeb54037\known_spectral_core.\point' using process `$paramod$9fe2282eb0f9f1d82ea37338c79618d0aeb54037\known_spectral_core.$proc$rtl/core/known_spectral_core.sv:123$1020'.
  created $dff cell `$procdff$4143' with positive edge clock.
Creating register for signal `$paramod$9fe2282eb0f9f1d82ea37338c79618d0aeb54037\known_spectral_core.\sample_q' using process `$paramod$9fe2282eb0f9f1d82ea37338c79618d0aeb54037\known_spectral_core.$proc$rtl/core/known_spectral_core.sv:123$1020'.
  created $dff cell `$procdff$4144' with positive edge clock.
Creating register for signal `$paramod$9fe2282eb0f9f1d82ea37338c79618d0aeb54037\known_spectral_core.\mean' using process `$paramod$9fe2282eb0f9f1d82ea37338c79618d0aeb54037\known_spectral_core.$proc$rtl/core/known_spectral_core.sv:123$1020'.
  created $dff cell `$procdff$4145' with positive edge clock.
Creating register for signal `$paramod$9fe2282eb0f9f1d82ea37338c79618d0aeb54037\known_spectral_core.\mean_q' using process `$paramod$9fe2282eb0f9f1d82ea37338c79618d0aeb54037\known_spectral_core.$proc$rtl/core/known_spectral_core.sv:123$1020'.
  created $dff cell `$procdff$4146' with positive edge clock.
Creating register for signal `$paramod$9fe2282eb0f9f1d82ea37338c79618d0aeb54037\known_spectral_core.\gain_q' using process `$paramod$9fe2282eb0f9f1d82ea37338c79618d0aeb54037\known_spectral_core.$proc$rtl/core/known_spectral_core.sv:123$1020'.
  created $dff cell `$procdff$4147' with positive edge clock.
Creating register for signal `$paramod$9fe2282eb0f9f1d82ea37338c79618d0aeb54037\known_spectral_core.\weight_q' using process `$paramod$9fe2282eb0f9f1d82ea37338c79618d0aeb54037\known_spectral_core.$proc$rtl/core/known_spectral_core.sv:123$1020'.
  created $dff cell `$procdff$4148' with positive edge clock.
Creating register for signal `$paramod$9fe2282eb0f9f1d82ea37338c79618d0aeb54037\known_spectral_core.\log_q' using process `$paramod$9fe2282eb0f9f1d82ea37338c79618d0aeb54037\known_spectral_core.$proc$rtl/core/known_spectral_core.sv:123$1020'.
  created $dff cell `$procdff$4149' with positive edge clock.
Creating register for signal `$paramod$9fe2282eb0f9f1d82ea37338c79618d0aeb54037\known_spectral_core.\active_id' using process `$paramod$9fe2282eb0f9f1d82ea37338c79618d0aeb54037\known_spectral_core.$proc$rtl/core/known_spectral_core.sv:123$1020'.
  created $dff cell `$procdff$4150' with positive edge clock.
Creating register for signal `$paramod$9fe2282eb0f9f1d82ea37338c79618d0aeb54037\known_spectral_core.\clip_id' using process `$paramod$9fe2282eb0f9f1d82ea37338c79618d0aeb54037\known_spectral_core.$proc$rtl/core/known_spectral_core.sv:123$1020'.
  created $dff cell `$procdff$4151' with positive edge clock.
Creating register for signal `$paramod$9fe2282eb0f9f1d82ea37338c79618d0aeb54037\known_spectral_core.\previous_id' using process `$paramod$9fe2282eb0f9f1d82ea37338c79618d0aeb54037\known_spectral_core.$proc$rtl/core/known_spectral_core.sv:123$1020'.
  created $dff cell `$procdff$4152' with positive edge clock.
Creating register for signal `$paramod$9fe2282eb0f9f1d82ea37338c79618d0aeb54037\known_spectral_core.\previous_valid' using process `$paramod$9fe2282eb0f9f1d82ea37338c79618d0aeb54037\known_spectral_core.$proc$rtl/core/known_spectral_core.sv:123$1020'.
  created $dff cell `$procdff$4153' with positive edge clock.
Creating register for signal `$paramod$9fe2282eb0f9f1d82ea37338c79618d0aeb54037\known_spectral_core.\clip_window' using process `$paramod$9fe2282eb0f9f1d82ea37338c79618d0aeb54037\known_spectral_core.$proc$rtl/core/known_spectral_core.sv:123$1020'.
  created $dff cell `$procdff$4154' with positive edge clock.
Creating register for signal `$paramod$9fe2282eb0f9f1d82ea37338c79618d0aeb54037\known_spectral_core.\arithmetic_error' using process `$paramod$9fe2282eb0f9f1d82ea37338c79618d0aeb54037\known_spectral_core.$proc$rtl/core/known_spectral_core.sv:123$1020'.
  created $dff cell `$procdff$4155' with positive edge clock.
Creating register for signal `$paramod$9fe2282eb0f9f1d82ea37338c79618d0aeb54037\known_spectral_core.\component_base' using process `$paramod$9fe2282eb0f9f1d82ea37338c79618d0aeb54037\known_spectral_core.$proc$rtl/core/known_spectral_core.sv:123$1020'.
  created $dff cell `$procdff$4156' with positive edge clock.
Creating register for signal `$paramod$9fe2282eb0f9f1d82ea37338c79618d0aeb54037\known_spectral_core.\issued' using process `$paramod$9fe2282eb0f9f1d82ea37338c79618d0aeb54037\known_spectral_core.$proc$rtl/core/known_spectral_core.sv:123$1020'.
  created $dff cell `$procdff$4157' with positive edge clock.
Creating register for signal `$paramod$9fe2282eb0f9f1d82ea37338c79618d0aeb54037\known_spectral_core.\retired' using process `$paramod$9fe2282eb0f9f1d82ea37338c79618d0aeb54037\known_spectral_core.$proc$rtl/core/known_spectral_core.sv:123$1020'.
  created $dff cell `$procdff$4158' with positive edge clock.
Creating register for signal `$paramod$9fe2282eb0f9f1d82ea37338c79618d0aeb54037\known_spectral_core.\lane_store' using process `$paramod$9fe2282eb0f9f1d82ea37338c79618d0aeb54037\known_spectral_core.$proc$rtl/core/known_spectral_core.sv:123$1020'.
  created $dff cell `$procdff$4159' with positive edge clock.
Creating register for signal `$paramod$9fe2282eb0f9f1d82ea37338c79618d0aeb54037\known_spectral_core.\valid0' using process `$paramod$9fe2282eb0f9f1d82ea37338c79618d0aeb54037\known_spectral_core.$proc$rtl/core/known_spectral_core.sv:123$1020'.
  created $dff cell `$procdff$4160' with positive edge clock.
Creating register for signal `$paramod$9fe2282eb0f9f1d82ea37338c79618d0aeb54037\known_spectral_core.\valid1' using process `$paramod$9fe2282eb0f9f1d82ea37338c79618d0aeb54037\known_spectral_core.$proc$rtl/core/known_spectral_core.sv:123$1020'.
  created $dff cell `$procdff$4161' with positive edge clock.
Creating register for signal `$paramod$9fe2282eb0f9f1d82ea37338c79618d0aeb54037\known_spectral_core.\real_part' using process `$paramod$9fe2282eb0f9f1d82ea37338c79618d0aeb54037\known_spectral_core.$proc$rtl/core/known_spectral_core.sv:123$1020'.
  created $dff cell `$procdff$4162' with positive edge clock.
Creating register for signal `$paramod$9fe2282eb0f9f1d82ea37338c79618d0aeb54037\known_spectral_core.\imag_part' using process `$paramod$9fe2282eb0f9f1d82ea37338c79618d0aeb54037\known_spectral_core.$proc$rtl/core/known_spectral_core.sv:123$1020'.
  created $dff cell `$procdff$4163' with positive edge clock.
Creating register for signal `$paramod$9fe2282eb0f9f1d82ea37338c79618d0aeb54037\known_spectral_core.\bin_index' using process `$paramod$9fe2282eb0f9f1d82ea37338c79618d0aeb54037\known_spectral_core.$proc$rtl/core/known_spectral_core.sv:123$1020'.
  created $dff cell `$procdff$4164' with positive edge clock.
Creating register for signal `$paramod$9fe2282eb0f9f1d82ea37338c79618d0aeb54037\known_spectral_core.\wide_a' using process `$paramod$9fe2282eb0f9f1d82ea37338c79618d0aeb54037\known_spectral_core.$proc$rtl/core/known_spectral_core.sv:123$1020'.
  created $dff cell `$procdff$4165' with positive edge clock.
Creating register for signal `$paramod$9fe2282eb0f9f1d82ea37338c79618d0aeb54037\known_spectral_core.\wide_b' using process `$paramod$9fe2282eb0f9f1d82ea37338c79618d0aeb54037\known_spectral_core.$proc$rtl/core/known_spectral_core.sv:123$1020'.
  created $dff cell `$procdff$4166' with positive edge clock.
Creating register for signal `$paramod$9fe2282eb0f9f1d82ea37338c79618d0aeb54037\known_spectral_core.\wide_part' using process `$paramod$9fe2282eb0f9f1d82ea37338c79618d0aeb54037\known_spectral_core.$proc$rtl/core/known_spectral_core.sv:123$1020'.
  created $dff cell `$procdff$4167' with positive edge clock.
Creating register for signal `$paramod$9fe2282eb0f9f1d82ea37338c79618d0aeb54037\known_spectral_core.\purpose' using process `$paramod$9fe2282eb0f9f1d82ea37338c79618d0aeb54037\known_spectral_core.$proc$rtl/core/known_spectral_core.sv:123$1020'.
  created $dff cell `$procdff$4168' with positive edge clock.
Creating register for signal `$paramod$9fe2282eb0f9f1d82ea37338c79618d0aeb54037\known_spectral_core.\wide_acc' using process `$paramod$9fe2282eb0f9f1d82ea37338c79618d0aeb54037\known_spectral_core.$proc$rtl/core/known_spectral_core.sv:123$1020'.
  created $dff cell `$procdff$4169' with positive edge clock.
Creating register for signal `$paramod$9fe2282eb0f9f1d82ea37338c79618d0aeb54037\known_spectral_core.\real_square' using process `$paramod$9fe2282eb0f9f1d82ea37338c79618d0aeb54037\known_spectral_core.$proc$rtl/core/known_spectral_core.sv:123$1020'.
  created $dff cell `$procdff$4170' with positive edge clock.
Creating register for signal `$paramod$9fe2282eb0f9f1d82ea37338c79618d0aeb54037\known_spectral_core.\window_power' using process `$paramod$9fe2282eb0f9f1d82ea37338c79618d0aeb54037\known_spectral_core.$proc$rtl/core/known_spectral_core.sv:123$1020'.
  created $dff cell `$procdff$4171' with positive edge clock.
Creating register for signal `$paramod$9fe2282eb0f9f1d82ea37338c79618d0aeb54037\known_spectral_core.\power_buffer' using process `$paramod$9fe2282eb0f9f1d82ea37338c79618d0aeb54037\known_spectral_core.$proc$rtl/core/known_spectral_core.sv:123$1020'.
  created $dff cell `$procdff$4172' with positive edge clock.
Creating register for signal `$paramod$9fe2282eb0f9f1d82ea37338c79618d0aeb54037\known_spectral_core.\norm_negative' using process `$paramod$9fe2282eb0f9f1d82ea37338c79618d0aeb54037\known_spectral_core.$proc$rtl/core/known_spectral_core.sv:123$1020'.
  created $dff cell `$procdff$4173' with positive edge clock.
Creating register for signal `$paramod$9fe2282eb0f9f1d82ea37338c79618d0aeb54037\known_spectral_core.\difference' using process `$paramod$9fe2282eb0f9f1d82ea37338c79618d0aeb54037\known_spectral_core.$proc$rtl/core/known_spectral_core.sv:123$1020'.
  created $dff cell `$procdff$4174' with positive edge clock.
Creating register for signal `$paramod$9fe2282eb0f9f1d82ea37338c79618d0aeb54037\known_spectral_core.\log_value' using process `$paramod$9fe2282eb0f9f1d82ea37338c79618d0aeb54037\known_spectral_core.$proc$rtl/core/known_spectral_core.sv:123$1020'.
  created $dff cell `$procdff$4175' with positive edge clock.
Creating register for signal `$paramod$9fe2282eb0f9f1d82ea37338c79618d0aeb54037\known_spectral_core.\feature' using process `$paramod$9fe2282eb0f9f1d82ea37338c79618d0aeb54037\known_spectral_core.$proc$rtl/core/known_spectral_core.sv:123$1020'.
  created $dff cell `$procdff$4176' with positive edge clock.
Creating register for signal `$paramod$9fe2282eb0f9f1d82ea37338c79618d0aeb54037\known_spectral_core.\ram_part' using process `$paramod$9fe2282eb0f9f1d82ea37338c79618d0aeb54037\known_spectral_core.$proc$rtl/core/known_spectral_core.sv:123$1020'.
  created $dff cell `$procdff$4177' with positive edge clock.
Creating register for signal `$paramod$9fe2282eb0f9f1d82ea37338c79618d0aeb54037\known_spectral_core.\log_work' using process `$paramod$9fe2282eb0f9f1d82ea37338c79618d0aeb54037\known_spectral_core.$proc$rtl/core/known_spectral_core.sv:123$1020'.
  created $dff cell `$procdff$4178' with positive edge clock.
Creating register for signal `$paramod$9fe2282eb0f9f1d82ea37338c79618d0aeb54037\known_spectral_core.\exponent' using process `$paramod$9fe2282eb0f9f1d82ea37338c79618d0aeb54037\known_spectral_core.$proc$rtl/core/known_spectral_core.sv:123$1020'.
  created $dff cell `$procdff$4179' with positive edge clock.
Creating register for signal `$paramod$9fe2282eb0f9f1d82ea37338c79618d0aeb54037\known_spectral_core.\phases[0]' using process `$paramod$9fe2282eb0f9f1d82ea37338c79618d0aeb54037\known_spectral_core.$proc$rtl/core/known_spectral_core.sv:123$1020'.
  created $dff cell `$procdff$4180' with positive edge clock.
Creating register for signal `$paramod$9fe2282eb0f9f1d82ea37338c79618d0aeb54037\known_spectral_core.\phases[1]' using process `$paramod$9fe2282eb0f9f1d82ea37338c79618d0aeb54037\known_spectral_core.$proc$rtl/core/known_spectral_core.sv:123$1020'.
  created $dff cell `$procdff$4181' with positive edge clock.
Creating register for signal `$paramod$9fe2282eb0f9f1d82ea37338c79618d0aeb54037\known_spectral_core.\phases[2]' using process `$paramod$9fe2282eb0f9f1d82ea37338c79618d0aeb54037\known_spectral_core.$proc$rtl/core/known_spectral_core.sv:123$1020'.
  created $dff cell `$procdff$4182' with positive edge clock.
Creating register for signal `$paramod$9fe2282eb0f9f1d82ea37338c79618d0aeb54037\known_spectral_core.\phases[3]' using process `$paramod$9fe2282eb0f9f1d82ea37338c79618d0aeb54037\known_spectral_core.$proc$rtl/core/known_spectral_core.sv:123$1020'.
  created $dff cell `$procdff$4183' with positive edge clock.
Creating register for signal `$paramod$9fe2282eb0f9f1d82ea37338c79618d0aeb54037\known_spectral_core.\accumulator[0]' using process `$paramod$9fe2282eb0f9f1d82ea37338c79618d0aeb54037\known_spectral_core.$proc$rtl/core/known_spectral_core.sv:123$1020'.
  created $dff cell `$procdff$4184' with positive edge clock.
Creating register for signal `$paramod$9fe2282eb0f9f1d82ea37338c79618d0aeb54037\known_spectral_core.\accumulator[1]' using process `$paramod$9fe2282eb0f9f1d82ea37338c79618d0aeb54037\known_spectral_core.$proc$rtl/core/known_spectral_core.sv:123$1020'.
  created $dff cell `$procdff$4185' with positive edge clock.
Creating register for signal `$paramod$9fe2282eb0f9f1d82ea37338c79618d0aeb54037\known_spectral_core.\accumulator[2]' using process `$paramod$9fe2282eb0f9f1d82ea37338c79618d0aeb54037\known_spectral_core.$proc$rtl/core/known_spectral_core.sv:123$1020'.
  created $dff cell `$procdff$4186' with positive edge clock.
Creating register for signal `$paramod$9fe2282eb0f9f1d82ea37338c79618d0aeb54037\known_spectral_core.\accumulator[3]' using process `$paramod$9fe2282eb0f9f1d82ea37338c79618d0aeb54037\known_spectral_core.$proc$rtl/core/known_spectral_core.sv:123$1020'.
  created $dff cell `$procdff$4187' with positive edge clock.
Creating register for signal `$paramod$9fe2282eb0f9f1d82ea37338c79618d0aeb54037\known_spectral_core.\rne$func$rtl/core/known_spectral_core.sv:150$951.$result' using process `$paramod$9fe2282eb0f9f1d82ea37338c79618d0aeb54037\known_spectral_core.$proc$rtl/core/known_spectral_core.sv:123$1020'.
  created $dff cell `$procdff$4188' with positive edge clock.
Creating register for signal `$paramod$9fe2282eb0f9f1d82ea37338c79618d0aeb54037\known_spectral_core.\rne$func$rtl/core/known_spectral_core.sv:150$951.value' using process `$paramod$9fe2282eb0f9f1d82ea37338c79618d0aeb54037\known_spectral_core.$proc$rtl/core/known_spectral_core.sv:123$1020'.
  created $dff cell `$procdff$4189' with positive edge clock.
Creating register for signal `$paramod$9fe2282eb0f9f1d82ea37338c79618d0aeb54037\known_spectral_core.\rne$func$rtl/core/known_spectral_core.sv:150$951.quotient' using process `$paramod$9fe2282eb0f9f1d82ea37338c79618d0aeb54037\known_spectral_core.$proc$rtl/core/known_spectral_core.sv:123$1020'.
  created $dff cell `$procdff$4190' with positive edge clock.
Creating register for signal `$paramod$9fe2282eb0f9f1d82ea37338c79618d0aeb54037\known_spectral_core.\rne$func$rtl/core/known_spectral_core.sv:150$951.rem' using process `$paramod$9fe2282eb0f9f1d82ea37338c79618d0aeb54037\known_spectral_core.$proc$rtl/core/known_spectral_core.sv:123$1020'.
  created $dff cell `$procdff$4191' with positive edge clock.
Creating register for signal `$paramod$9fe2282eb0f9f1d82ea37338c79618d0aeb54037\known_spectral_core.\rne$func$rtl/core/known_spectral_core.sv:150$951.half' using process `$paramod$9fe2282eb0f9f1d82ea37338c79618d0aeb54037\known_spectral_core.$proc$rtl/core/known_spectral_core.sv:123$1020'.
  created $dff cell `$procdff$4192' with positive edge clock.
Creating register for signal `$paramod$9fe2282eb0f9f1d82ea37338c79618d0aeb54037\known_spectral_core.$bitselwrite$pos$rtl/core/known_spectral_core.sv:217$952' using process `$paramod$9fe2282eb0f9f1d82ea37338c79618d0aeb54037\known_spectral_core.$proc$rtl/core/known_spectral_core.sv:123$1020'.
  created $dff cell `$procdff$4193' with positive edge clock.
Creating register for signal `$paramod$9fe2282eb0f9f1d82ea37338c79618d0aeb54037\known_spectral_core.$memwr$\windowed$rtl/core/known_spectral_core.sv:125$958_ADDR' using process `$paramod$9fe2282eb0f9f1d82ea37338c79618d0aeb54037\known_spectral_core.$proc$rtl/core/known_spectral_core.sv:123$1020'.
  created $dff cell `$procdff$4194' with positive edge clock.
Creating register for signal `$paramod$9fe2282eb0f9f1d82ea37338c79618d0aeb54037\known_spectral_core.$memwr$\windowed$rtl/core/known_spectral_core.sv:125$958_DATA' using process `$paramod$9fe2282eb0f9f1d82ea37338c79618d0aeb54037\known_spectral_core.$proc$rtl/core/known_spectral_core.sv:123$1020'.
  created $dff cell `$procdff$4195' with positive edge clock.
Creating register for signal `$paramod$9fe2282eb0f9f1d82ea37338c79618d0aeb54037\known_spectral_core.$memwr$\windowed$rtl/core/known_spectral_core.sv:125$958_EN' using process `$paramod$9fe2282eb0f9f1d82ea37338c79618d0aeb54037\known_spectral_core.$proc$rtl/core/known_spectral_core.sv:123$1020'.
  created $dff cell `$procdff$4196' with positive edge clock.
Creating register for signal `$paramod$9fe2282eb0f9f1d82ea37338c79618d0aeb54037\known_spectral_core.$lookahead\power_buffer$1019' using process `$paramod$9fe2282eb0f9f1d82ea37338c79618d0aeb54037\known_spectral_core.$proc$rtl/core/known_spectral_core.sv:123$1020'.
  created $dff cell `$procdff$4197' with positive edge clock.
Creating register for signal `$paramod$c5d56b8730780189bb3a1a35d3294d827d7174b0\vib_coeff_rom.\magnitude' using process `$paramod$c5d56b8730780189bb3a1a35d3294d827d7174b0\vib_coeff_rom.$proc$rtl/core/vib_coeff_rom.sv:26$753'.
  created $dff cell `$procdff$4198' with positive edge clock.
Creating register for signal `$paramod$c5d56b8730780189bb3a1a35d3294d827d7174b0\vib_coeff_rom.\negative' using process `$paramod$c5d56b8730780189bb3a1a35d3294d827d7174b0\vib_coeff_rom.$proc$rtl/core/vib_coeff_rom.sv:26$753'.
  created $dff cell `$procdff$4199' with positive edge clock.
Creating register for signal `$paramod$c5d56b8730780189bb3a1a35d3294d827d7174b0\vib_coeff_rom.\is_zero' using process `$paramod$c5d56b8730780189bb3a1a35d3294d827d7174b0\vib_coeff_rom.$proc$rtl/core/vib_coeff_rom.sv:26$753'.
  created $dff cell `$procdff$4200' with positive edge clock.
Creating register for signal `$paramod\known_capture\N=s32'00000000000000000000010000000000.\protocol_errors' using process `$paramod\known_capture\N=s32'00000000000000000000010000000000.$proc$rtl/core/known_capture.sv:31$802'.
  created $dff cell `$procdff$4201' with positive edge clock.
Creating register for signal `$paramod\known_capture\N=s32'00000000000000000000010000000000.\accepted_samples' using process `$paramod\known_capture\N=s32'00000000000000000000010000000000.$proc$rtl/core/known_capture.sv:31$802'.
  created $dff cell `$procdff$4202' with positive edge clock.
Creating register for signal `$paramod\known_capture\N=s32'00000000000000000000010000000000.\q0' using process `$paramod\known_capture\N=s32'00000000000000000000010000000000.$proc$rtl/core/known_capture.sv:31$802'.
  created $dff cell `$procdff$4203' with positive edge clock.
Creating register for signal `$paramod\known_capture\N=s32'00000000000000000000010000000000.\q1' using process `$paramod\known_capture\N=s32'00000000000000000000010000000000.$proc$rtl/core/known_capture.sv:31$802'.
  created $dff cell `$procdff$4204' with positive edge clock.
Creating register for signal `$paramod\known_capture\N=s32'00000000000000000000010000000000.\full' using process `$paramod\known_capture\N=s32'00000000000000000000010000000000.$proc$rtl/core/known_capture.sv:31$802'.
  created $dff cell `$procdff$4205' with positive edge clock.
Creating register for signal `$paramod\known_capture\N=s32'00000000000000000000010000000000.\busy' using process `$paramod\known_capture\N=s32'00000000000000000000010000000000.$proc$rtl/core/known_capture.sv:31$802'.
  created $dff cell `$procdff$4206' with positive edge clock.
Creating register for signal `$paramod\known_capture\N=s32'00000000000000000000010000000000.\wr_bank' using process `$paramod\known_capture\N=s32'00000000000000000000010000000000.$proc$rtl/core/known_capture.sv:31$802'.
  created $dff cell `$procdff$4207' with positive edge clock.
Creating register for signal `$paramod\known_capture\N=s32'00000000000000000000010000000000.\head_bank' using process `$paramod\known_capture\N=s32'00000000000000000000010000000000.$proc$rtl/core/known_capture.sv:31$802'.
  created $dff cell `$procdff$4208' with positive edge clock.
Creating register for signal `$paramod\known_capture\N=s32'00000000000000000000010000000000.\draining' using process `$paramod\known_capture\N=s32'00000000000000000000010000000000.$proc$rtl/core/known_capture.sv:31$802'.
  created $dff cell `$procdff$4209' with positive edge clock.
Creating register for signal `$paramod\known_capture\N=s32'00000000000000000000010000000000.\position' using process `$paramod\known_capture\N=s32'00000000000000000000010000000000.$proc$rtl/core/known_capture.sv:31$802'.
  created $dff cell `$procdff$4210' with positive edge clock.
Creating register for signal `$paramod\known_capture\N=s32'00000000000000000000010000000000.\current_id' using process `$paramod\known_capture\N=s32'00000000000000000000010000000000.$proc$rtl/core/known_capture.sv:31$802'.
  created $dff cell `$procdff$4211' with positive edge clock.
Creating register for signal `$paramod\known_capture\N=s32'00000000000000000000010000000000.\sum' using process `$paramod\known_capture\N=s32'00000000000000000000010000000000.$proc$rtl/core/known_capture.sv:31$802'.
  created $dff cell `$procdff$4212' with positive edge clock.
Creating register for signal `$paramod\known_capture\N=s32'00000000000000000000010000000000.$bitselwrite$pos$rtl/core/known_capture.sv:41$765' using process `$paramod\known_capture\N=s32'00000000000000000000010000000000.$proc$rtl/core/known_capture.sv:31$802'.
  created $dff cell `$procdff$4213' with positive edge clock.
Creating register for signal `$paramod\known_capture\N=s32'00000000000000000000010000000000.$bitselwrite$pos$rtl/core/known_capture.sv:41$766' using process `$paramod\known_capture\N=s32'00000000000000000000010000000000.$proc$rtl/core/known_capture.sv:31$802'.
  created $dff cell `$procdff$4214' with positive edge clock.
Creating register for signal `$paramod\known_capture\N=s32'00000000000000000000010000000000.$bitselwrite$pos$rtl/core/known_capture.sv:42$767' using process `$paramod\known_capture\N=s32'00000000000000000000010000000000.$proc$rtl/core/known_capture.sv:31$802'.
  created $dff cell `$procdff$4215' with positive edge clock.
Creating register for signal `$paramod\known_capture\N=s32'00000000000000000000010000000000.$bitselwrite$pos$rtl/core/known_capture.sv:52$768' using process `$paramod\known_capture\N=s32'00000000000000000000010000000000.$proc$rtl/core/known_capture.sv:31$802'.
  created $dff cell `$procdff$4216' with positive edge clock.
Creating register for signal `$paramod\known_capture\N=s32'00000000000000000000010000000000.$memwr$\raw1$rtl/core/known_capture.sv:34$769_ADDR' using process `$paramod\known_capture\N=s32'00000000000000000000010000000000.$proc$rtl/core/known_capture.sv:31$802'.
  created $dff cell `$procdff$4217' with positive edge clock.
Creating register for signal `$paramod\known_capture\N=s32'00000000000000000000010000000000.$memwr$\raw1$rtl/core/known_capture.sv:34$769_DATA' using process `$paramod\known_capture\N=s32'00000000000000000000010000000000.$proc$rtl/core/known_capture.sv:31$802'.
  created $dff cell `$procdff$4218' with positive edge clock.
Creating register for signal `$paramod\known_capture\N=s32'00000000000000000000010000000000.$memwr$\raw1$rtl/core/known_capture.sv:34$769_EN' using process `$paramod\known_capture\N=s32'00000000000000000000010000000000.$proc$rtl/core/known_capture.sv:31$802'.
  created $dff cell `$procdff$4219' with positive edge clock.
Creating register for signal `$paramod\known_capture\N=s32'00000000000000000000010000000000.$memwr$\raw0$rtl/core/known_capture.sv:34$770_ADDR' using process `$paramod\known_capture\N=s32'00000000000000000000010000000000.$proc$rtl/core/known_capture.sv:31$802'.
  created $dff cell `$procdff$4220' with positive edge clock.
Creating register for signal `$paramod\known_capture\N=s32'00000000000000000000010000000000.$memwr$\raw0$rtl/core/known_capture.sv:34$770_DATA' using process `$paramod\known_capture\N=s32'00000000000000000000010000000000.$proc$rtl/core/known_capture.sv:31$802'.
  created $dff cell `$procdff$4221' with positive edge clock.
Creating register for signal `$paramod\known_capture\N=s32'00000000000000000000010000000000.$memwr$\raw0$rtl/core/known_capture.sv:34$770_EN' using process `$paramod\known_capture\N=s32'00000000000000000000010000000000.$proc$rtl/core/known_capture.sv:31$802'.
  created $dff cell `$procdff$4222' with positive edge clock.
Creating register for signal `$paramod\known_capture\N=s32'00000000000000000000010000000000.$memwr$\ids$rtl/core/known_capture.sv:39$771_EN' using process `$paramod\known_capture\N=s32'00000000000000000000010000000000.$proc$rtl/core/known_capture.sv:31$802'.
  created $dff cell `$procdff$4223' with positive edge clock.
Creating register for signal `$paramod\known_capture\N=s32'00000000000000000000010000000000.$memwr$\ids$rtl/core/known_capture.sv:39$772_EN' using process `$paramod\known_capture\N=s32'00000000000000000000010000000000.$proc$rtl/core/known_capture.sv:31$802'.
  created $dff cell `$procdff$4224' with positive edge clock.
Creating register for signal `$paramod\known_capture\N=s32'00000000000000000000010000000000.$memwr$\sums$rtl/core/known_capture.sv:39$773_EN' using process `$paramod\known_capture\N=s32'00000000000000000000010000000000.$proc$rtl/core/known_capture.sv:31$802'.
  created $dff cell `$procdff$4225' with positive edge clock.
Creating register for signal `$paramod\known_capture\N=s32'00000000000000000000010000000000.$memwr$\sums$rtl/core/known_capture.sv:39$774_EN' using process `$paramod\known_capture\N=s32'00000000000000000000010000000000.$proc$rtl/core/known_capture.sv:31$802'.
  created $dff cell `$procdff$4226' with positive edge clock.
Creating register for signal `$paramod\known_capture\N=s32'00000000000000000000010000000000.$memwr$\sums$rtl/core/known_capture.sv:51$775_ADDR' using process `$paramod\known_capture\N=s32'00000000000000000000010000000000.$proc$rtl/core/known_capture.sv:31$802'.
  created $dff cell `$procdff$4227' with positive edge clock.
Creating register for signal `$paramod\known_capture\N=s32'00000000000000000000010000000000.$memwr$\sums$rtl/core/known_capture.sv:51$775_DATA' using process `$paramod\known_capture\N=s32'00000000000000000000010000000000.$proc$rtl/core/known_capture.sv:31$802'.
  created $dff cell `$procdff$4228' with positive edge clock.
Creating register for signal `$paramod\known_capture\N=s32'00000000000000000000010000000000.$memwr$\sums$rtl/core/known_capture.sv:51$775_EN' using process `$paramod\known_capture\N=s32'00000000000000000000010000000000.$proc$rtl/core/known_capture.sv:31$802'.
  created $dff cell `$procdff$4229' with positive edge clock.
Creating register for signal `$paramod\known_capture\N=s32'00000000000000000000010000000000.$memwr$\ids$rtl/core/known_capture.sv:51$776_ADDR' using process `$paramod\known_capture\N=s32'00000000000000000000010000000000.$proc$rtl/core/known_capture.sv:31$802'.
  created $dff cell `$procdff$4230' with positive edge clock.
Creating register for signal `$paramod\known_capture\N=s32'00000000000000000000010000000000.$memwr$\ids$rtl/core/known_capture.sv:51$776_DATA' using process `$paramod\known_capture\N=s32'00000000000000000000010000000000.$proc$rtl/core/known_capture.sv:31$802'.
  created $dff cell `$procdff$4231' with positive edge clock.
Creating register for signal `$paramod\known_capture\N=s32'00000000000000000000010000000000.$memwr$\ids$rtl/core/known_capture.sv:51$776_EN' using process `$paramod\known_capture\N=s32'00000000000000000000010000000000.$proc$rtl/core/known_capture.sv:31$802'.
  created $dff cell `$procdff$4232' with positive edge clock.
Creating register for signal `$paramod\known_capture\N=s32'00000000000000000000010000000000.$lookahead\full$800' using process `$paramod\known_capture\N=s32'00000000000000000000010000000000.$proc$rtl/core/known_capture.sv:31$802'.
  created $dff cell `$procdff$4233' with positive edge clock.
Creating register for signal `$paramod\known_capture\N=s32'00000000000000000000010000000000.$lookahead\busy$801' using process `$paramod\known_capture\N=s32'00000000000000000000010000000000.$proc$rtl/core/known_capture.sv:31$802'.
  created $dff cell `$procdff$4234' with positive edge clock.
Creating register for signal `\known_pnr_probe.\frame_id' using process `\known_pnr_probe.$proc$sim/known_pnr_probe.sv:10$394'.
  created $dff cell `$procdff$4235' with positive edge clock.

7.4.10. Executing PROC_MEMWR pass (convert process memory writes to cells).

7.4.11. Executing PROC_CLEAN pass (remove empty switches from decision trees).
Removing empty process `$paramod$9fe2282eb0f9f1d82ea37338c79618d0aeb54037\known_spectral_core.$proc$rtl/core/known_spectral_core.sv:105$1302'.
Removing empty process `$paramod$9fe2282eb0f9f1d82ea37338c79618d0aeb54037\known_spectral_core.$proc$rtl/core/known_spectral_core.sv:105$1301'.
Removing empty process `$paramod$9fe2282eb0f9f1d82ea37338c79618d0aeb54037\known_spectral_core.$proc$rtl/core/known_spectral_core.sv:105$1300'.
Removing empty process `$paramod$9fe2282eb0f9f1d82ea37338c79618d0aeb54037\known_spectral_core.$proc$rtl/core/known_spectral_core.sv:105$1299'.
Found and cleaned up 1 empty switch in `$paramod$9fe2282eb0f9f1d82ea37338c79618d0aeb54037\known_spectral_core.$proc$rtl/core/known_spectral_core.sv:106$1297'.
Removing empty process `$paramod$9fe2282eb0f9f1d82ea37338c79618d0aeb54037\known_spectral_core.$proc$rtl/core/known_spectral_core.sv:106$1297'.
Found and cleaned up 1 empty switch in `$paramod$9fe2282eb0f9f1d82ea37338c79618d0aeb54037\known_spectral_core.$proc$rtl/core/known_spectral_core.sv:106$1290'.
Removing empty process `$paramod$9fe2282eb0f9f1d82ea37338c79618d0aeb54037\known_spectral_core.$proc$rtl/core/known_spectral_core.sv:106$1290'.
Found and cleaned up 1 empty switch in `$paramod$9fe2282eb0f9f1d82ea37338c79618d0aeb54037\known_spectral_core.$proc$rtl/core/known_spectral_core.sv:106$1283'.
Removing empty process `$paramod$9fe2282eb0f9f1d82ea37338c79618d0aeb54037\known_spectral_core.$proc$rtl/core/known_spectral_core.sv:106$1283'.
Found and cleaned up 1 empty switch in `$paramod$9fe2282eb0f9f1d82ea37338c79618d0aeb54037\known_spectral_core.$proc$rtl/core/known_spectral_core.sv:106$1276'.
Removing empty process `$paramod$9fe2282eb0f9f1d82ea37338c79618d0aeb54037\known_spectral_core.$proc$rtl/core/known_spectral_core.sv:106$1276'.
Removing empty process `$paramod$9fe2282eb0f9f1d82ea37338c79618d0aeb54037\known_spectral_core.$proc$rtl/core/known_spectral_core.sv:92$1257'.
Removing empty process `$paramod$9fe2282eb0f9f1d82ea37338c79618d0aeb54037\known_spectral_core.$proc$rtl/core/known_spectral_core.sv:77$1243'.
Found and cleaned up 2 empty switches in `$paramod$9fe2282eb0f9f1d82ea37338c79618d0aeb54037\known_spectral_core.$proc$rtl/core/known_spectral_core.sv:76$1223'.
Removing empty process `$paramod$9fe2282eb0f9f1d82ea37338c79618d0aeb54037\known_spectral_core.$proc$rtl/core/known_spectral_core.sv:76$1223'.
Found and cleaned up 33 empty switches in `$paramod$9fe2282eb0f9f1d82ea37338c79618d0aeb54037\known_spectral_core.$proc$rtl/core/known_spectral_core.sv:123$1020'.
Removing empty process `$paramod$9fe2282eb0f9f1d82ea37338c79618d0aeb54037\known_spectral_core.$proc$rtl/core/known_spectral_core.sv:123$1020'.
Found and cleaned up 1 empty switch in `$paramod$9fe2282eb0f9f1d82ea37338c79618d0aeb54037\known_spectral_core.$proc$rtl/core/known_spectral_core.sv:109$1015'.
Removing empty process `$paramod$9fe2282eb0f9f1d82ea37338c79618d0aeb54037\known_spectral_core.$proc$rtl/core/known_spectral_core.sv:109$1015'.
Found and cleaned up 1 empty switch in `$paramod$c5d56b8730780189bb3a1a35d3294d827d7174b0\vib_coeff_rom.$proc$rtl/core/vib_coeff_rom.sv:26$753'.
Removing empty process `$paramod$c5d56b8730780189bb3a1a35d3294d827d7174b0\vib_coeff_rom.$proc$rtl/core/vib_coeff_rom.sv:26$753'.
Found and cleaned up 12 empty switches in `$paramod\known_capture\N=s32'00000000000000000000010000000000.$proc$rtl/core/known_capture.sv:31$802'.
Removing empty process `$paramod\known_capture\N=s32'00000000000000000000010000000000.$proc$rtl/core/known_capture.sv:31$802'.
Found and cleaned up 2 empty switches in `\known_pnr_probe.$proc$sim/known_pnr_probe.sv:10$394'.
Removing empty process `known_pnr_probe.$proc$sim/known_pnr_probe.sv:10$394'.
Cleaned up 55 empty switches.

7.4.12. Executing OPT_EXPR pass (perform const folding).
Optimizing module $paramod$9fe2282eb0f9f1d82ea37338c79618d0aeb54037\known_spectral_core.
<suppressed ~86 debug messages>
Optimizing module spram16k.
Optimizing module $paramod$c5d56b8730780189bb3a1a35d3294d827d7174b0\vib_coeff_rom.
<suppressed ~1 debug messages>
Optimizing module $paramod\known_capture\N=s32'00000000000000000000010000000000.
<suppressed ~3 debug messages>
Optimizing module known_pnr_probe.

7.5. Executing CHECK pass (checking for obvious problems).
Checking module $paramod$9fe2282eb0f9f1d82ea37338c79618d0aeb54037\known_spectral_core...
Checking module spram16k...
Checking module $paramod$c5d56b8730780189bb3a1a35d3294d827d7174b0\vib_coeff_rom...
Checking module $paramod\known_capture\N=s32'00000000000000000000010000000000...
Checking module known_pnr_probe...
Found and reported 0 problems.

7.6. Executing FLATTEN pass (flatten design).
Deleting now unused module $paramod$9fe2282eb0f9f1d82ea37338c79618d0aeb54037\known_spectral_core.
Deleting now unused module spram16k.
Deleting now unused module $paramod$c5d56b8730780189bb3a1a35d3294d827d7174b0\vib_coeff_rom.
Deleting now unused module $paramod\known_capture\N=s32'00000000000000000000010000000000.
<suppressed ~7 debug messages>

7.7. Executing TRIBUF pass.

7.8. Executing DEMINOUT pass (demote inout ports to input or output).

7.9. Executing OPT_EXPR pass (perform const folding).
Optimizing module known_pnr_probe.
<suppressed ~10 debug messages>

7.10. Executing OPT_CLEAN pass (remove unused cells and wires).
Finding unused cells or wires in module \known_pnr_probe..
Removed 195 unused cells and 1053 unused wires.
<suppressed ~210 debug messages>

7.11. Executing CHECK pass (checking for obvious problems).
Checking module known_pnr_probe...
Found and reported 0 problems.

7.12. Executing OPT pass (performing simple optimizations).

7.12.1. Executing OPT_EXPR pass (perform const folding).
Optimizing module known_pnr_probe.

7.12.2. Executing OPT_MERGE pass (detect identical cells).
Finding identical cells in module `\known_pnr_probe'.
Computing hashes of 1045 cells of `\known_pnr_probe'.
Finding duplicate cells in `\known_pnr_probe'.
Computing hashes of 876 cells of `\known_pnr_probe'.
Finding duplicate cells in `\known_pnr_probe'.
Computing hashes of 873 cells of `\known_pnr_probe'.
Finding duplicate cells in `\known_pnr_probe'.
Computing hashes of 872 cells of `\known_pnr_probe'.
Finding duplicate cells in `\known_pnr_probe'.
<suppressed ~519 debug messages>
Removed a total of 173 cells.

7.12.3. Executing OPT_MUXTREE pass (detect dead branches in mux trees).
Running muxtree optimizer on module \known_pnr_probe..
  Creating internal representation of mux trees.
  Evaluating internal representation of mux trees.
      Replacing known input bits on port A of cell $flatten\core.$ternary$rtl/core/known_spectral_core.sv:201$1163: \core.imag_part -> { 1'0 \core.imag_part [30:0] }
      Replacing known input bits on port A of cell $flatten\core.$ternary$rtl/core/known_spectral_core.sv:193$1154: \core.real_part -> { 1'0 \core.real_part [30:0] }
      Replacing known input bits on port A of cell $flatten\core.$ternary$rtl/core/known_spectral_core.sv:246$1209: \core.difference -> { 1'0 \core.difference [30:0] }
      Replacing known input bits on port A of cell $flatten\core.$ternary$rtl/core/known_spectral_core.sv:200$1161: \core.imag_part -> { 1'0 \core.imag_part [30:0] }
      Replacing known input bits on port A of cell $flatten\core.$ternary$rtl/core/known_spectral_core.sv:193$1152: \core.real_part -> { 1'0 \core.real_part [30:0] }
      Replacing known input bits on port A of cell $flatten\core.\capture.$procmux$4046: \core.capture.draining -> 1'1
      Replacing known input bits on port A of cell $flatten\core.\capture.$procmux$4043: \core.capture.draining -> 1'0
  Analyzing evaluation results.
    dead port 1/2 on $mux $flatten\core.$procmux$1913.
    dead port 2/2 on $mux $flatten\core.$procmux$1341.
    dead port 1/2 on $mux $flatten\core.$procmux$1344.
    dead port 1/2 on $mux $flatten\core.$procmux$1347.
    dead port 2/2 on $mux $flatten\core.$procmux$1349.
    dead port 1/2 on $mux $flatten\core.$procmux$1352.
    dead port 1/2 on $mux $flatten\core.$procmux$1444.
    dead port 2/2 on $mux $flatten\core.$procmux$1446.
    dead port 1/2 on $mux $flatten\core.$procmux$1449.
    dead port 2/2 on $mux $flatten\core.$procmux$1469.
    dead port 1/2 on $mux $flatten\core.$procmux$1472.
    dead port 1/2 on $mux $flatten\core.$procmux$1493.
    dead port 1/2 on $mux $flatten\core.$procmux$1496.
    dead port 2/2 on $mux $flatten\core.$procmux$1498.
    dead port 1/2 on $mux $flatten\core.$procmux$1501.
    dead port 2/2 on $mux $flatten\core.\capture.$procmux$3977.
    dead port 2/2 on $mux $flatten\core.\capture.$procmux$3971.
    dead port 2/2 on $mux $flatten\core.\capture.$procmux$3965.
    dead port 2/2 on $mux $flatten\core.\capture.$procmux$3959.
    dead port 2/2 on $mux $flatten\core.\capture.$procmux$3953.
    dead port 2/2 on $mux $flatten\core.\capture.$procmux$3947.
    dead port 1/2 on $mux $flatten\core.\capture.$procmux$3863.
    dead port 1/2 on $mux $flatten\core.\capture.$procmux$3851.
    dead port 1/2 on $mux $flatten\core.\capture.$procmux$3845.
    dead port 1/2 on $mux $flatten\core.\capture.$procmux$3839.
    dead port 1/2 on $mux $flatten\core.\capture.$procmux$3833.
    dead port 1/2 on $mux $flatten\core.\capture.$procmux$3827.
    dead port 1/2 on $mux $flatten\core.\capture.$procmux$3821.
    dead port 1/2 on $mux $flatten\core.\capture.$procmux$3815.
    dead port 1/2 on $mux $flatten\core.\capture.$procmux$3800.
    dead port 2/2 on $mux $flatten\core.\capture.$procmux$3797.
    dead port 1/2 on $mux $flatten\core.\capture.$procmux$3791.
    dead port 2/2 on $mux $flatten\core.\capture.$procmux$3788.
    dead port 1/2 on $mux $flatten\core.\capture.$procmux$3782.
    dead port 2/2 on $mux $flatten\core.\capture.$procmux$3779.
    dead port 1/2 on $mux $flatten\core.\capture.$procmux$3773.
    dead port 2/2 on $mux $flatten\core.\capture.$procmux$3770.
    dead port 1/2 on $mux $flatten\core.\capture.$procmux$3764.
    dead port 2/2 on $mux $flatten\core.\capture.$procmux$3761.
    dead port 1/2 on $mux $flatten\core.\capture.$procmux$3755.
    dead port 2/2 on $mux $flatten\core.\capture.$procmux$3752.
    dead port 1/2 on $mux $flatten\core.\capture.$procmux$3746.
    dead port 2/2 on $mux $flatten\core.\capture.$procmux$3743.
    dead port 1/2 on $mux $flatten\core.\capture.$procmux$3725.
    dead port 2/2 on $mux $flatten\core.\capture.$procmux$3722.
    dead port 1/2 on $mux $flatten\core.\capture.$procmux$3720.
    dead port 1/2 on $mux $flatten\core.\capture.$procmux$3713.
    dead port 2/2 on $mux $flatten\core.\capture.$procmux$3710.
    dead port 1/2 on $mux $flatten\core.\capture.$procmux$3708.
    dead port 1/2 on $mux $flatten\core.\capture.$procmux$3701.
    dead port 2/2 on $mux $flatten\core.\capture.$procmux$3698.
    dead port 1/2 on $mux $flatten\core.\capture.$procmux$3696.
    dead port 1/2 on $mux $flatten\core.\capture.$procmux$3689.
    dead port 2/2 on $mux $flatten\core.\capture.$procmux$3686.
    dead port 1/2 on $mux $flatten\core.\capture.$procmux$3684.
    dead port 1/2 on $mux $flatten\core.\capture.$procmux$3677.
    dead port 2/2 on $mux $flatten\core.\capture.$procmux$3674.
    dead port 1/2 on $mux $flatten\core.\capture.$procmux$3672.
    dead port 1/2 on $mux $flatten\core.\capture.$procmux$3665.
    dead port 2/2 on $mux $flatten\core.\capture.$procmux$3662.
    dead port 1/2 on $mux $flatten\core.\capture.$procmux$3660.
    dead port 1/2 on $mux $flatten\core.\capture.$procmux$3653.
    dead port 2/2 on $mux $flatten\core.\capture.$procmux$3650.
    dead port 1/2 on $mux $flatten\core.\capture.$procmux$3648.
    dead port 1/2 on $mux $flatten\core.\capture.$procmux$3641.
    dead port 2/2 on $mux $flatten\core.\capture.$procmux$3638.
    dead port 1/2 on $mux $flatten\core.\capture.$procmux$3636.
    dead port 1/2 on $mux $flatten\core.\capture.$procmux$3633.
    dead port 1/2 on $mux $flatten\core.\capture.$procmux$3626.
    dead port 2/2 on $mux $flatten\core.\capture.$procmux$3623.
    dead port 1/2 on $mux $flatten\core.\capture.$procmux$3621.
    dead port 1/2 on $mux $flatten\core.\capture.$procmux$3618.
    dead port 1/2 on $mux $flatten\core.\capture.$procmux$3611.
    dead port 2/2 on $mux $flatten\core.\capture.$procmux$3608.
    dead port 1/2 on $mux $flatten\core.\capture.$procmux$3606.
    dead port 1/2 on $mux $flatten\core.\capture.$procmux$3603.
    dead port 1/2 on $mux $flatten\core.\capture.$procmux$3596.
    dead port 2/2 on $mux $flatten\core.\capture.$procmux$3593.
    dead port 1/2 on $mux $flatten\core.\capture.$procmux$3591.
    dead port 1/2 on $mux $flatten\core.\capture.$procmux$3588.
    dead port 1/2 on $mux $flatten\core.\capture.$procmux$3581.
    dead port 2/2 on $mux $flatten\core.\capture.$procmux$3578.
    dead port 1/2 on $mux $flatten\core.\capture.$procmux$3576.
    dead port 1/2 on $mux $flatten\core.\capture.$procmux$3573.
    dead port 1/2 on $mux $flatten\core.\capture.$procmux$3566.
    dead port 2/2 on $mux $flatten\core.\capture.$procmux$3563.
    dead port 1/2 on $mux $flatten\core.\capture.$procmux$3561.
    dead port 1/2 on $mux $flatten\core.\capture.$procmux$3558.
    dead port 1/2 on $mux $flatten\core.\capture.$procmux$3536.
    dead port 2/2 on $mux $flatten\core.\capture.$procmux$3533.
    dead port 1/2 on $mux $flatten\core.\capture.$procmux$3531.
    dead port 1/2 on $mux $flatten\core.\capture.$procmux$3528.
Removed 92 multiplexer ports.
<suppressed ~681 debug messages>

7.12.4. Executing OPT_REDUCE pass (consolidate $*mux and $reduce_* inputs).
  Optimizing cells in module \known_pnr_probe.
    New ctrl vector for $pmux cell $flatten\core.$procmux$2452: { $auto$opt_reduce.cc:137:opt_pmux$4253 $flatten\core.$procmux$1350_CMP }
    New ctrl vector for $pmux cell $flatten\core.$procmux$2490: { $auto$opt_reduce.cc:137:opt_pmux$4255 $flatten\core.$procmux$1350_CMP }
    New ctrl vector for $pmux cell $flatten\core.$procmux$3000: { $flatten\core.$procmux$2800_CMP $flatten\core.$procmux$2676_CMP $flatten\core.$procmux$3013_CMP $flatten\core.$procmux$3014_CMP $auto$opt_reduce.cc:137:opt_pmux$4257 $flatten\core.$procmux$2376_CMP $flatten\core.$procmux$3017_CMP $flatten\core.$procmux$2260_CMP $flatten\core.$procmux$2261_CMP $flatten\core.$procmux$2304_CMP $flatten\core.$procmux$1403_CMP $flatten\core.$procmux$1910_CMP $flatten\core.$procmux$3038_CMP $flatten\core.$procmux$1350_CMP $flatten\core.$procmux$3052_CMP $flatten\core.$procmux$1524_CMP $flatten\core.$procmux$2040_CMP $flatten\core.$procmux$2041_CMP $flatten\core.$procmux$2756_CMP $flatten\core.$procmux$1613_CMP $flatten\core.$eq$rtl/core/known_spectral_core.sv:103$1271_Y $flatten\core.$procmux$1384_CMP }
    New ctrl vector for $pmux cell $flatten\core.$procmux$3477: { $auto$opt_reduce.cc:137:opt_pmux$4259 $flatten\core.$procmux$2040_CMP }
    Consolidated identical input bits for $mux cell $flatten\core.\capture.$procmux$3963:
      Old ports: A=16'1111111111111111, B=16'0000000000000000, Y=$flatten\core.\capture.$procmux$3963_Y
      New ports: A=1'1, B=1'0, Y=$flatten\core.\capture.$procmux$3963_Y [0]
      New connections: $flatten\core.\capture.$procmux$3963_Y [15:1] = { $flatten\core.\capture.$procmux$3963_Y [0] $flatten\core.\capture.$procmux$3963_Y [0] $flatten\core.\capture.$procmux$3963_Y [0] $flatten\core.\capture.$procmux$3963_Y [0] $flatten\core.\capture.$procmux$3963_Y [0] $flatten\core.\capture.$procmux$3963_Y [0] $flatten\core.\capture.$procmux$3963_Y [0] $flatten\core.\capture.$procmux$3963_Y [0] $flatten\core.\capture.$procmux$3963_Y [0] $flatten\core.\capture.$procmux$3963_Y [0] $flatten\core.\capture.$procmux$3963_Y [0] $flatten\core.\capture.$procmux$3963_Y [0] $flatten\core.\capture.$procmux$3963_Y [0] $flatten\core.\capture.$procmux$3963_Y [0] $flatten\core.\capture.$procmux$3963_Y [0] }
    Consolidated identical input bits for $mux cell $flatten\core.\capture.$procmux$3945:
      Old ports: A=16'0000000000000000, B=16'1111111111111111, Y=$flatten\core.\capture.$procmux$3945_Y
      New ports: A=1'0, B=1'1, Y=$flatten\core.\capture.$procmux$3945_Y [0]
      New connections: $flatten\core.\capture.$procmux$3945_Y [15:1] = { $flatten\core.\capture.$procmux$3945_Y [0] $flatten\core.\capture.$procmux$3945_Y [0] $flatten\core.\capture.$procmux$3945_Y [0] $flatten\core.\capture.$procmux$3945_Y [0] $flatten\core.\capture.$procmux$3945_Y [0] $flatten\core.\capture.$procmux$3945_Y [0] $flatten\core.\capture.$procmux$3945_Y [0] $flatten\core.\capture.$procmux$3945_Y [0] $flatten\core.\capture.$procmux$3945_Y [0] $flatten\core.\capture.$procmux$3945_Y [0] $flatten\core.\capture.$procmux$3945_Y [0] $flatten\core.\capture.$procmux$3945_Y [0] $flatten\core.\capture.$procmux$3945_Y [0] $flatten\core.\capture.$procmux$3945_Y [0] $flatten\core.\capture.$procmux$3945_Y [0] }
    Consolidated identical input bits for $mux cell $flatten\core.\capture.$procmux$3905:
      Old ports: A=0, B=32'11111111111111111111111111111111, Y=$flatten\core.\capture.$0$memwr$\ids$rtl/core/known_capture.sv:39$771_EN[31:0]$813
      New ports: A=1'0, B=1'1, Y=$flatten\core.\capture.$0$memwr$\ids$rtl/core/known_capture.sv:39$771_EN[31:0]$813 [0]
      New connections: $flatten\core.\capture.$0$memwr$\ids$rtl/core/known_capture.sv:39$771_EN[31:0]$813 [31:1] = { $flatten\core.\capture.$0$memwr$\ids$rtl/core/known_capture.sv:39$771_EN[31:0]$813 [0] $flatten\core.\capture.$0$memwr$\ids$rtl/core/known_capture.sv:39$771_EN[31:0]$813 [0] $flatten\core.\capture.$0$memwr$\ids$rtl/core/known_capture.sv:39$771_EN[31:0]$813 [0] $flatten\core.\capture.$0$memwr$\ids$rtl/core/known_capture.sv:39$771_EN[31:0]$813 [0] $flatten\core.\capture.$0$memwr$\ids$rtl/core/known_capture.sv:39$771_EN[31:0]$813 [0] $flatten\core.\capture.$0$memwr$\ids$rtl/core/known_capture.sv:39$771_EN[31:0]$813 [0] $flatten\core.\capture.$0$memwr$\ids$rtl/core/known_capture.sv:39$771_EN[31:0]$813 [0] $flatten\core.\capture.$0$memwr$\ids$rtl/core/known_capture.sv:39$771_EN[31:0]$813 [0] $flatten\core.\capture.$0$memwr$\ids$rtl/core/known_capture.sv:39$771_EN[31:0]$813 [0] $flatten\core.\capture.$0$memwr$\ids$rtl/core/known_capture.sv:39$771_EN[31:0]$813 [0] $flatten\core.\capture.$0$memwr$\ids$rtl/core/known_capture.sv:39$771_EN[31:0]$813 [0] $flatten\core.\capture.$0$memwr$\ids$rtl/core/known_capture.sv:39$771_EN[31:0]$813 [0] $flatten\core.\capture.$0$memwr$\ids$rtl/core/known_capture.sv:39$771_EN[31:0]$813 [0] $flatten\core.\capture.$0$memwr$\ids$rtl/core/known_capture.sv:39$771_EN[31:0]$813 [0] $flatten\core.\capture.$0$memwr$\ids$rtl/core/known_capture.sv:39$771_EN[31:0]$813 [0] $flatten\core.\capture.$0$memwr$\ids$rtl/core/known_capture.sv:39$771_EN[31:0]$813 [0] $flatten\core.\capture.$0$memwr$\ids$rtl/core/known_capture.sv:39$771_EN[31:0]$813 [0] $flatten\core.\capture.$0$memwr$\ids$rtl/core/known_capture.sv:39$771_EN[31:0]$813 [0] $flatten\core.\capture.$0$memwr$\ids$rtl/core/known_capture.sv:39$771_EN[31:0]$813 [0] $flatten\core.\capture.$0$memwr$\ids$rtl/core/known_capture.sv:39$771_EN[31:0]$813 [0] $flatten\core.\capture.$0$memwr$\ids$rtl/core/known_capture.sv:39$771_EN[31:0]$813 [0] $flatten\core.\capture.$0$memwr$\ids$rtl/core/known_capture.sv:39$771_EN[31:0]$813 [0] $flatten\core.\capture.$0$memwr$\ids$rtl/core/known_capture.sv:39$771_EN[31:0]$813 [0] $flatten\core.\capture.$0$memwr$\ids$rtl/core/known_capture.sv:39$771_EN[31:0]$813 [0] $flatten\core.\capture.$0$memwr$\ids$rtl/core/known_capture.sv:39$771_EN[31:0]$813 [0] $flatten\core.\capture.$0$memwr$\ids$rtl/core/known_capture.sv:39$771_EN[31:0]$813 [0] $flatten\core.\capture.$0$memwr$\ids$rtl/core/known_capture.sv:39$771_EN[31:0]$813 [0] $flatten\core.\capture.$0$memwr$\ids$rtl/core/known_capture.sv:39$771_EN[31:0]$813 [0] $flatten\core.\capture.$0$memwr$\ids$rtl/core/known_capture.sv:39$771_EN[31:0]$813 [0] $flatten\core.\capture.$0$memwr$\ids$rtl/core/known_capture.sv:39$771_EN[31:0]$813 [0] $flatten\core.\capture.$0$memwr$\ids$rtl/core/known_capture.sv:39$771_EN[31:0]$813 [0] }
    Consolidated identical input bits for $mux cell $flatten\core.\capture.$procmux$3902:
      Old ports: A=0, B=32'11111111111111111111111111111111, Y=$flatten\core.\capture.$0$memwr$\ids$rtl/core/known_capture.sv:39$772_EN[31:0]$814
      New ports: A=1'0, B=1'1, Y=$flatten\core.\capture.$0$memwr$\ids$rtl/core/known_capture.sv:39$772_EN[31:0]$814 [0]
      New connections: $flatten\core.\capture.$0$memwr$\ids$rtl/core/known_capture.sv:39$772_EN[31:0]$814 [31:1] = { $flatten\core.\capture.$0$memwr$\ids$rtl/core/known_capture.sv:39$772_EN[31:0]$814 [0] $flatten\core.\capture.$0$memwr$\ids$rtl/core/known_capture.sv:39$772_EN[31:0]$814 [0] $flatten\core.\capture.$0$memwr$\ids$rtl/core/known_capture.sv:39$772_EN[31:0]$814 [0] $flatten\core.\capture.$0$memwr$\ids$rtl/core/known_capture.sv:39$772_EN[31:0]$814 [0] $flatten\core.\capture.$0$memwr$\ids$rtl/core/known_capture.sv:39$772_EN[31:0]$814 [0] $flatten\core.\capture.$0$memwr$\ids$rtl/core/known_capture.sv:39$772_EN[31:0]$814 [0] $flatten\core.\capture.$0$memwr$\ids$rtl/core/known_capture.sv:39$772_EN[31:0]$814 [0] $flatten\core.\capture.$0$memwr$\ids$rtl/core/known_capture.sv:39$772_EN[31:0]$814 [0] $flatten\core.\capture.$0$memwr$\ids$rtl/core/known_capture.sv:39$772_EN[31:0]$814 [0] $flatten\core.\capture.$0$memwr$\ids$rtl/core/known_capture.sv:39$772_EN[31:0]$814 [0] $flatten\core.\capture.$0$memwr$\ids$rtl/core/known_capture.sv:39$772_EN[31:0]$814 [0] $flatten\core.\capture.$0$memwr$\ids$rtl/core/known_capture.sv:39$772_EN[31:0]$814 [0] $flatten\core.\capture.$0$memwr$\ids$rtl/core/known_capture.sv:39$772_EN[31:0]$814 [0] $flatten\core.\capture.$0$memwr$\ids$rtl/core/known_capture.sv:39$772_EN[31:0]$814 [0] $flatten\core.\capture.$0$memwr$\ids$rtl/core/known_capture.sv:39$772_EN[31:0]$814 [0] $flatten\core.\capture.$0$memwr$\ids$rtl/core/known_capture.sv:39$772_EN[31:0]$814 [0] $flatten\core.\capture.$0$memwr$\ids$rtl/core/known_capture.sv:39$772_EN[31:0]$814 [0] $flatten\core.\capture.$0$memwr$\ids$rtl/core/known_capture.sv:39$772_EN[31:0]$814 [0] $flatten\core.\capture.$0$memwr$\ids$rtl/core/known_capture.sv:39$772_EN[31:0]$814 [0] $flatten\core.\capture.$0$memwr$\ids$rtl/core/known_capture.sv:39$772_EN[31:0]$814 [0] $flatten\core.\capture.$0$memwr$\ids$rtl/core/known_capture.sv:39$772_EN[31:0]$814 [0] $flatten\core.\capture.$0$memwr$\ids$rtl/core/known_capture.sv:39$772_EN[31:0]$814 [0] $flatten\core.\capture.$0$memwr$\ids$rtl/core/known_capture.sv:39$772_EN[31:0]$814 [0] $flatten\core.\capture.$0$memwr$\ids$rtl/core/known_capture.sv:39$772_EN[31:0]$814 [0] $flatten\core.\capture.$0$memwr$\ids$rtl/core/known_capture.sv:39$772_EN[31:0]$814 [0] $flatten\core.\capture.$0$memwr$\ids$rtl/core/known_capture.sv:39$772_EN[31:0]$814 [0] $flatten\core.\capture.$0$memwr$\ids$rtl/core/known_capture.sv:39$772_EN[31:0]$814 [0] $flatten\core.\capture.$0$memwr$\ids$rtl/core/known_capture.sv:39$772_EN[31:0]$814 [0] $flatten\core.\capture.$0$memwr$\ids$rtl/core/known_capture.sv:39$772_EN[31:0]$814 [0] $flatten\core.\capture.$0$memwr$\ids$rtl/core/known_capture.sv:39$772_EN[31:0]$814 [0] $flatten\core.\capture.$0$memwr$\ids$rtl/core/known_capture.sv:39$772_EN[31:0]$814 [0] }
    Consolidated identical input bits for $mux cell $flatten\core.\capture.$procmux$3899:
      Old ports: A=0, B=32'11111111111111111111111111111111, Y=$flatten\core.\capture.$0$memwr$\sums$rtl/core/known_capture.sv:39$773_EN[31:0]$815
      New ports: A=1'0, B=1'1, Y=$flatten\core.\capture.$0$memwr$\sums$rtl/core/known_capture.sv:39$773_EN[31:0]$815 [0]
      New connections: $flatten\core.\capture.$0$memwr$\sums$rtl/core/known_capture.sv:39$773_EN[31:0]$815 [31:1] = { $flatten\core.\capture.$0$memwr$\sums$rtl/core/known_capture.sv:39$773_EN[31:0]$815 [0] $flatten\core.\capture.$0$memwr$\sums$rtl/core/known_capture.sv:39$773_EN[31:0]$815 [0] $flatten\core.\capture.$0$memwr$\sums$rtl/core/known_capture.sv:39$773_EN[31:0]$815 [0] $flatten\core.\capture.$0$memwr$\sums$rtl/core/known_capture.sv:39$773_EN[31:0]$815 [0] $flatten\core.\capture.$0$memwr$\sums$rtl/core/known_capture.sv:39$773_EN[31:0]$815 [0] $flatten\core.\capture.$0$memwr$\sums$rtl/core/known_capture.sv:39$773_EN[31:0]$815 [0] $flatten\core.\capture.$0$memwr$\sums$rtl/core/known_capture.sv:39$773_EN[31:0]$815 [0] $flatten\core.\capture.$0$memwr$\sums$rtl/core/known_capture.sv:39$773_EN[31:0]$815 [0] $flatten\core.\capture.$0$memwr$\sums$rtl/core/known_capture.sv:39$773_EN[31:0]$815 [0] $flatten\core.\capture.$0$memwr$\sums$rtl/core/known_capture.sv:39$773_EN[31:0]$815 [0] $flatten\core.\capture.$0$memwr$\sums$rtl/core/known_capture.sv:39$773_EN[31:0]$815 [0] $flatten\core.\capture.$0$memwr$\sums$rtl/core/known_capture.sv:39$773_EN[31:0]$815 [0] $flatten\core.\capture.$0$memwr$\sums$rtl/core/known_capture.sv:39$773_EN[31:0]$815 [0] $flatten\core.\capture.$0$memwr$\sums$rtl/core/known_capture.sv:39$773_EN[31:0]$815 [0] $flatten\core.\capture.$0$memwr$\sums$rtl/core/known_capture.sv:39$773_EN[31:0]$815 [0] $flatten\core.\capture.$0$memwr$\sums$rtl/core/known_capture.sv:39$773_EN[31:0]$815 [0] $flatten\core.\capture.$0$memwr$\sums$rtl/core/known_capture.sv:39$773_EN[31:0]$815 [0] $flatten\core.\capture.$0$memwr$\sums$rtl/core/known_capture.sv:39$773_EN[31:0]$815 [0] $flatten\core.\capture.$0$memwr$\sums$rtl/core/known_capture.sv:39$773_EN[31:0]$815 [0] $flatten\core.\capture.$0$memwr$\sums$rtl/core/known_capture.sv:39$773_EN[31:0]$815 [0] $flatten\core.\capture.$0$memwr$\sums$rtl/core/known_capture.sv:39$773_EN[31:0]$815 [0] $flatten\core.\capture.$0$memwr$\sums$rtl/core/known_capture.sv:39$773_EN[31:0]$815 [0] $flatten\core.\capture.$0$memwr$\sums$rtl/core/known_capture.sv:39$773_EN[31:0]$815 [0] $flatten\core.\capture.$0$memwr$\sums$rtl/core/known_capture.sv:39$773_EN[31:0]$815 [0] $flatten\core.\capture.$0$memwr$\sums$rtl/core/known_capture.sv:39$773_EN[31:0]$815 [0] $flatten\core.\capture.$0$memwr$\sums$rtl/core/known_capture.sv:39$773_EN[31:0]$815 [0] $flatten\core.\capture.$0$memwr$\sums$rtl/core/known_capture.sv:39$773_EN[31:0]$815 [0] $flatten\core.\capture.$0$memwr$\sums$rtl/core/known_capture.sv:39$773_EN[31:0]$815 [0] $flatten\core.\capture.$0$memwr$\sums$rtl/core/known_capture.sv:39$773_EN[31:0]$815 [0] $flatten\core.\capture.$0$memwr$\sums$rtl/core/known_capture.sv:39$773_EN[31:0]$815 [0] $flatten\core.\capture.$0$memwr$\sums$rtl/core/known_capture.sv:39$773_EN[31:0]$815 [0] }
    Consolidated identical input bits for $mux cell $flatten\core.\capture.$procmux$3896:
      Old ports: A=0, B=32'11111111111111111111111111111111, Y=$flatten\core.\capture.$0$memwr$\sums$rtl/core/known_capture.sv:39$774_EN[31:0]$816
      New ports: A=1'0, B=1'1, Y=$flatten\core.\capture.$0$memwr$\sums$rtl/core/known_capture.sv:39$774_EN[31:0]$816 [0]
      New connections: $flatten\core.\capture.$0$memwr$\sums$rtl/core/known_capture.sv:39$774_EN[31:0]$816 [31:1] = { $flatten\core.\capture.$0$memwr$\sums$rtl/core/known_capture.sv:39$774_EN[31:0]$816 [0] $flatten\core.\capture.$0$memwr$\sums$rtl/core/known_capture.sv:39$774_EN[31:0]$816 [0] $flatten\core.\capture.$0$memwr$\sums$rtl/core/known_capture.sv:39$774_EN[31:0]$816 [0] $flatten\core.\capture.$0$memwr$\sums$rtl/core/known_capture.sv:39$774_EN[31:0]$816 [0] $flatten\core.\capture.$0$memwr$\sums$rtl/core/known_capture.sv:39$774_EN[31:0]$816 [0] $flatten\core.\capture.$0$memwr$\sums$rtl/core/known_capture.sv:39$774_EN[31:0]$816 [0] $flatten\core.\capture.$0$memwr$\sums$rtl/core/known_capture.sv:39$774_EN[31:0]$816 [0] $flatten\core.\capture.$0$memwr$\sums$rtl/core/known_capture.sv:39$774_EN[31:0]$816 [0] $flatten\core.\capture.$0$memwr$\sums$rtl/core/known_capture.sv:39$774_EN[31:0]$816 [0] $flatten\core.\capture.$0$memwr$\sums$rtl/core/known_capture.sv:39$774_EN[31:0]$816 [0] $flatten\core.\capture.$0$memwr$\sums$rtl/core/known_capture.sv:39$774_EN[31:0]$816 [0] $flatten\core.\capture.$0$memwr$\sums$rtl/core/known_capture.sv:39$774_EN[31:0]$816 [0] $flatten\core.\capture.$0$memwr$\sums$rtl/core/known_capture.sv:39$774_EN[31:0]$816 [0] $flatten\core.\capture.$0$memwr$\sums$rtl/core/known_capture.sv:39$774_EN[31:0]$816 [0] $flatten\core.\capture.$0$memwr$\sums$rtl/core/known_capture.sv:39$774_EN[31:0]$816 [0] $flatten\core.\capture.$0$memwr$\sums$rtl/core/known_capture.sv:39$774_EN[31:0]$816 [0] $flatten\core.\capture.$0$memwr$\sums$rtl/core/known_capture.sv:39$774_EN[31:0]$816 [0] $flatten\core.\capture.$0$memwr$\sums$rtl/core/known_capture.sv:39$774_EN[31:0]$816 [0] $flatten\core.\capture.$0$memwr$\sums$rtl/core/known_capture.sv:39$774_EN[31:0]$816 [0] $flatten\core.\capture.$0$memwr$\sums$rtl/core/known_capture.sv:39$774_EN[31:0]$816 [0] $flatten\core.\capture.$0$memwr$\sums$rtl/core/known_capture.sv:39$774_EN[31:0]$816 [0] $flatten\core.\capture.$0$memwr$\sums$rtl/core/known_capture.sv:39$774_EN[31:0]$816 [0] $flatten\core.\capture.$0$memwr$\sums$rtl/core/known_capture.sv:39$774_EN[31:0]$816 [0] $flatten\core.\capture.$0$memwr$\sums$rtl/core/known_capture.sv:39$774_EN[31:0]$816 [0] $flatten\core.\capture.$0$memwr$\sums$rtl/core/known_capture.sv:39$774_EN[31:0]$816 [0] $flatten\core.\capture.$0$memwr$\sums$rtl/core/known_capture.sv:39$774_EN[31:0]$816 [0] $flatten\core.\capture.$0$memwr$\sums$rtl/core/known_capture.sv:39$774_EN[31:0]$816 [0] $flatten\core.\capture.$0$memwr$\sums$rtl/core/known_capture.sv:39$774_EN[31:0]$816 [0] $flatten\core.\capture.$0$memwr$\sums$rtl/core/known_capture.sv:39$774_EN[31:0]$816 [0] $flatten\core.\capture.$0$memwr$\sums$rtl/core/known_capture.sv:39$774_EN[31:0]$816 [0] $flatten\core.\capture.$0$memwr$\sums$rtl/core/known_capture.sv:39$774_EN[31:0]$816 [0] }
    Consolidated identical input bits for $mux cell $flatten\core.$procmux$2009:
      Old ports: A=16'0000000000000000, B=16'1111111111111111, Y=$flatten\core.$0$memwr$\windowed$rtl/core/known_spectral_core.sv:125$958_EN[15:0]$1029
      New ports: A=1'0, B=1'1, Y=$flatten\core.$0$memwr$\windowed$rtl/core/known_spectral_core.sv:125$958_EN[15:0]$1029 [0]
      New connections: $flatten\core.$0$memwr$\windowed$rtl/core/known_spectral_core.sv:125$958_EN[15:0]$1029 [15:1] = { $flatten\core.$0$memwr$\windowed$rtl/core/known_spectral_core.sv:125$958_EN[15:0]$1029 [0] $flatten\core.$0$memwr$\windowed$rtl/core/known_spectral_core.sv:125$958_EN[15:0]$1029 [0] $flatten\core.$0$memwr$\windowed$rtl/core/known_spectral_core.sv:125$958_EN[15:0]$1029 [0] $flatten\core.$0$memwr$\windowed$rtl/core/known_spectral_core.sv:125$958_EN[15:0]$1029 [0] $flatten\core.$0$memwr$\windowed$rtl/core/known_spectral_core.sv:125$958_EN[15:0]$1029 [0] $flatten\core.$0$memwr$\windowed$rtl/core/known_spectral_core.sv:125$958_EN[15:0]$1029 [0] $flatten\core.$0$memwr$\windowed$rtl/core/known_spectral_core.sv:125$958_EN[15:0]$1029 [0] $flatten\core.$0$memwr$\windowed$rtl/core/known_spectral_core.sv:125$958_EN[15:0]$1029 [0] $flatten\core.$0$memwr$\windowed$rtl/core/known_spectral_core.sv:125$958_EN[15:0]$1029 [0] $flatten\core.$0$memwr$\windowed$rtl/core/known_spectral_core.sv:125$958_EN[15:0]$1029 [0] $flatten\core.$0$memwr$\windowed$rtl/core/known_spectral_core.sv:125$958_EN[15:0]$1029 [0] $flatten\core.$0$memwr$\windowed$rtl/core/known_spectral_core.sv:125$958_EN[15:0]$1029 [0] $flatten\core.$0$memwr$\windowed$rtl/core/known_spectral_core.sv:125$958_EN[15:0]$1029 [0] $flatten\core.$0$memwr$\windowed$rtl/core/known_spectral_core.sv:125$958_EN[15:0]$1029 [0] $flatten\core.$0$memwr$\windowed$rtl/core/known_spectral_core.sv:125$958_EN[15:0]$1029 [0] }
    Consolidated identical input bits for $mux cell $flatten\core.\capture.$procmux$3600:
      Old ports: A=0, B=32'11111111111111111111111111111111, Y=$flatten\core.\capture.$procmux$3600_Y
      New ports: A=1'0, B=1'1, Y=$flatten\core.\capture.$procmux$3600_Y [0]
      New connections: $flatten\core.\capture.$procmux$3600_Y [31:1] = { $flatten\core.\capture.$procmux$3600_Y [0] $flatten\core.\capture.$procmux$3600_Y [0] $flatten\core.\capture.$procmux$3600_Y [0] $flatten\core.\capture.$procmux$3600_Y [0] $flatten\core.\capture.$procmux$3600_Y [0] $flatten\core.\capture.$procmux$3600_Y [0] $flatten\core.\capture.$procmux$3600_Y [0] $flatten\core.\capture.$procmux$3600_Y [0] $flatten\core.\capture.$procmux$3600_Y [0] $flatten\core.\capture.$procmux$3600_Y [0] $flatten\core.\capture.$procmux$3600_Y [0] $flatten\core.\capture.$procmux$3600_Y [0] $flatten\core.\capture.$procmux$3600_Y [0] $flatten\core.\capture.$procmux$3600_Y [0] $flatten\core.\capture.$procmux$3600_Y [0] $flatten\core.\capture.$procmux$3600_Y [0] $flatten\core.\capture.$procmux$3600_Y [0] $flatten\core.\capture.$procmux$3600_Y [0] $flatten\core.\capture.$procmux$3600_Y [0] $flatten\core.\capture.$procmux$3600_Y [0] $flatten\core.\capture.$procmux$3600_Y [0] $flatten\core.\capture.$procmux$3600_Y [0] $flatten\core.\capture.$procmux$3600_Y [0] $flatten\core.\capture.$procmux$3600_Y [0] $flatten\core.\capture.$procmux$3600_Y [0] $flatten\core.\capture.$procmux$3600_Y [0] $flatten\core.\capture.$procmux$3600_Y [0] $flatten\core.\capture.$procmux$3600_Y [0] $flatten\core.\capture.$procmux$3600_Y [0] $flatten\core.\capture.$procmux$3600_Y [0] $flatten\core.\capture.$procmux$3600_Y [0] }
    Consolidated identical input bits for $mux cell $flatten\core.\capture.$procmux$3555:
      Old ports: A=0, B=32'11111111111111111111111111111111, Y=$flatten\core.\capture.$procmux$3555_Y
      New ports: A=1'0, B=1'1, Y=$flatten\core.\capture.$procmux$3555_Y [0]
      New connections: $flatten\core.\capture.$procmux$3555_Y [31:1] = { $flatten\core.\capture.$procmux$3555_Y [0] $flatten\core.\capture.$procmux$3555_Y [0] $flatten\core.\capture.$procmux$3555_Y [0] $flatten\core.\capture.$procmux$3555_Y [0] $flatten\core.\capture.$procmux$3555_Y [0] $flatten\core.\capture.$procmux$3555_Y [0] $flatten\core.\capture.$procmux$3555_Y [0] $flatten\core.\capture.$procmux$3555_Y [0] $flatten\core.\capture.$procmux$3555_Y [0] $flatten\core.\capture.$procmux$3555_Y [0] $flatten\core.\capture.$procmux$3555_Y [0] $flatten\core.\capture.$procmux$3555_Y [0] $flatten\core.\capture.$procmux$3555_Y [0] $flatten\core.\capture.$procmux$3555_Y [0] $flatten\core.\capture.$procmux$3555_Y [0] $flatten\core.\capture.$procmux$3555_Y [0] $flatten\core.\capture.$procmux$3555_Y [0] $flatten\core.\capture.$procmux$3555_Y [0] $flatten\core.\capture.$procmux$3555_Y [0] $flatten\core.\capture.$procmux$3555_Y [0] $flatten\core.\capture.$procmux$3555_Y [0] $flatten\core.\capture.$procmux$3555_Y [0] $flatten\core.\capture.$procmux$3555_Y [0] $flatten\core.\capture.$procmux$3555_Y [0] $flatten\core.\capture.$procmux$3555_Y [0] $flatten\core.\capture.$procmux$3555_Y [0] $flatten\core.\capture.$procmux$3555_Y [0] $flatten\core.\capture.$procmux$3555_Y [0] $flatten\core.\capture.$procmux$3555_Y [0] $flatten\core.\capture.$procmux$3555_Y [0] $flatten\core.\capture.$procmux$3555_Y [0] }
  Optimizing cells in module \known_pnr_probe.
    Consolidated identical input bits for $mux cell $flatten\core.\capture.$procmux$3989:
      Old ports: A=16'0000000000000000, B=$flatten\core.\capture.$2$memwr$\raw1$rtl/core/known_capture.sv:34$769_EN[15:0]$842, Y=$flatten\core.\capture.$0$memwr$\raw1$rtl/core/known_capture.sv:34$769_EN[15:0]$809
      New ports: A=1'0, B=$flatten\core.\capture.$procmux$3945_Y [0], Y=$flatten\core.\capture.$0$memwr$\raw1$rtl/core/known_capture.sv:34$769_EN[15:0]$809 [0]
      New connections: $flatten\core.\capture.$0$memwr$\raw1$rtl/core/known_capture.sv:34$769_EN[15:0]$809 [15:1] = { $flatten\core.\capture.$0$memwr$\raw1$rtl/core/known_capture.sv:34$769_EN[15:0]$809 [0] $flatten\core.\capture.$0$memwr$\raw1$rtl/core/known_capture.sv:34$769_EN[15:0]$809 [0] $flatten\core.\capture.$0$memwr$\raw1$rtl/core/known_capture.sv:34$769_EN[15:0]$809 [0] $flatten\core.\capture.$0$memwr$\raw1$rtl/core/known_capture.sv:34$769_EN[15:0]$809 [0] $flatten\core.\capture.$0$memwr$\raw1$rtl/core/known_capture.sv:34$769_EN[15:0]$809 [0] $flatten\core.\capture.$0$memwr$\raw1$rtl/core/known_capture.sv:34$769_EN[15:0]$809 [0] $flatten\core.\capture.$0$memwr$\raw1$rtl/core/known_capture.sv:34$769_EN[15:0]$809 [0] $flatten\core.\capture.$0$memwr$\raw1$rtl/core/known_capture.sv:34$769_EN[15:0]$809 [0] $flatten\core.\capture.$0$memwr$\raw1$rtl/core/known_capture.sv:34$769_EN[15:0]$809 [0] $flatten\core.\capture.$0$memwr$\raw1$rtl/core/known_capture.sv:34$769_EN[15:0]$809 [0] $flatten\core.\capture.$0$memwr$\raw1$rtl/core/known_capture.sv:34$769_EN[15:0]$809 [0] $flatten\core.\capture.$0$memwr$\raw1$rtl/core/known_capture.sv:34$769_EN[15:0]$809 [0] $flatten\core.\capture.$0$memwr$\raw1$rtl/core/known_capture.sv:34$769_EN[15:0]$809 [0] $flatten\core.\capture.$0$memwr$\raw1$rtl/core/known_capture.sv:34$769_EN[15:0]$809 [0] $flatten\core.\capture.$0$memwr$\raw1$rtl/core/known_capture.sv:34$769_EN[15:0]$809 [0] }
    Consolidated identical input bits for $mux cell $flatten\core.\capture.$procmux$3980:
      Old ports: A=16'0000000000000000, B=$flatten\core.\capture.$2$memwr$\raw0$rtl/core/known_capture.sv:34$770_EN[15:0]$845, Y=$flatten\core.\capture.$0$memwr$\raw0$rtl/core/known_capture.sv:34$770_EN[15:0]$812
      New ports: A=1'0, B=$flatten\core.\capture.$procmux$3963_Y [0], Y=$flatten\core.\capture.$0$memwr$\raw0$rtl/core/known_capture.sv:34$770_EN[15:0]$812 [0]
      New connections: $flatten\core.\capture.$0$memwr$\raw0$rtl/core/known_capture.sv:34$770_EN[15:0]$812 [15:1] = { $flatten\core.\capture.$0$memwr$\raw0$rtl/core/known_capture.sv:34$770_EN[15:0]$812 [0] $flatten\core.\capture.$0$memwr$\raw0$rtl/core/known_capture.sv:34$770_EN[15:0]$812 [0] $flatten\core.\capture.$0$memwr$\raw0$rtl/core/known_capture.sv:34$770_EN[15:0]$812 [0] $flatten\core.\capture.$0$memwr$\raw0$rtl/core/known_capture.sv:34$770_EN[15:0]$812 [0] $flatten\core.\capture.$0$memwr$\raw0$rtl/core/known_capture.sv:34$770_EN[15:0]$812 [0] $flatten\core.\capture.$0$memwr$\raw0$rtl/core/known_capture.sv:34$770_EN[15:0]$812 [0] $flatten\core.\capture.$0$memwr$\raw0$rtl/core/known_capture.sv:34$770_EN[15:0]$812 [0] $flatten\core.\capture.$0$memwr$\raw0$rtl/core/known_capture.sv:34$770_EN[15:0]$812 [0] $flatten\core.\capture.$0$memwr$\raw0$rtl/core/known_capture.sv:34$770_EN[15:0]$812 [0] $flatten\core.\capture.$0$memwr$\raw0$rtl/core/known_capture.sv:34$770_EN[15:0]$812 [0] $flatten\core.\capture.$0$memwr$\raw0$rtl/core/known_capture.sv:34$770_EN[15:0]$812 [0] $flatten\core.\capture.$0$memwr$\raw0$rtl/core/known_capture.sv:34$770_EN[15:0]$812 [0] $flatten\core.\capture.$0$memwr$\raw0$rtl/core/known_capture.sv:34$770_EN[15:0]$812 [0] $flatten\core.\capture.$0$memwr$\raw0$rtl/core/known_capture.sv:34$770_EN[15:0]$812 [0] $flatten\core.\capture.$0$memwr$\raw0$rtl/core/known_capture.sv:34$770_EN[15:0]$812 [0] }
    Consolidated identical input bits for $mux cell $flatten\core.\capture.$procmux$3693:
      Old ports: A=$flatten\core.\capture.$5$memwr$\sums$rtl/core/known_capture.sv:51$775_EN[31:0]$924, B=0, Y=$flatten\core.\capture.$procmux$3693_Y
      New ports: A=$flatten\core.\capture.$procmux$3600_Y [0], B=1'0, Y=$flatten\core.\capture.$procmux$3693_Y [0]
      New connections: $flatten\core.\capture.$procmux$3693_Y [31:1] = { $flatten\core.\capture.$procmux$3693_Y [0] $flatten\core.\capture.$procmux$3693_Y [0] $flatten\core.\capture.$procmux$3693_Y [0] $flatten\core.\capture.$procmux$3693_Y [0] $flatten\core.\capture.$procmux$3693_Y [0] $flatten\core.\capture.$procmux$3693_Y [0] $flatten\core.\capture.$procmux$3693_Y [0] $flatten\core.\capture.$procmux$3693_Y [0] $flatten\core.\capture.$procmux$3693_Y [0] $flatten\core.\capture.$procmux$3693_Y [0] $flatten\core.\capture.$procmux$3693_Y [0] $flatten\core.\capture.$procmux$3693_Y [0] $flatten\core.\capture.$procmux$3693_Y [0] $flatten\core.\capture.$procmux$3693_Y [0] $flatten\core.\capture.$procmux$3693_Y [0] $flatten\core.\capture.$procmux$3693_Y [0] $flatten\core.\capture.$procmux$3693_Y [0] $flatten\core.\capture.$procmux$3693_Y [0] $flatten\core.\capture.$procmux$3693_Y [0] $flatten\core.\capture.$procmux$3693_Y [0] $flatten\core.\capture.$procmux$3693_Y [0] $flatten\core.\capture.$procmux$3693_Y [0] $flatten\core.\capture.$procmux$3693_Y [0] $flatten\core.\capture.$procmux$3693_Y [0] $flatten\core.\capture.$procmux$3693_Y [0] $flatten\core.\capture.$procmux$3693_Y [0] $flatten\core.\capture.$procmux$3693_Y [0] $flatten\core.\capture.$procmux$3693_Y [0] $flatten\core.\capture.$procmux$3693_Y [0] $flatten\core.\capture.$procmux$3693_Y [0] $flatten\core.\capture.$procmux$3693_Y [0] }
    Consolidated identical input bits for $mux cell $flatten\core.\capture.$procmux$3657:
      Old ports: A=$flatten\core.\capture.$5$memwr$\ids$rtl/core/known_capture.sv:51$776_EN[31:0]$927, B=0, Y=$flatten\core.\capture.$procmux$3657_Y
      New ports: A=$flatten\core.\capture.$procmux$3555_Y [0], B=1'0, Y=$flatten\core.\capture.$procmux$3657_Y [0]
      New connections: $flatten\core.\capture.$procmux$3657_Y [31:1] = { $flatten\core.\capture.$procmux$3657_Y [0] $flatten\core.\capture.$procmux$3657_Y [0] $flatten\core.\capture.$procmux$3657_Y [0] $flatten\core.\capture.$procmux$3657_Y [0] $flatten\core.\capture.$procmux$3657_Y [0] $flatten\core.\capture.$procmux$3657_Y [0] $flatten\core.\capture.$procmux$3657_Y [0] $flatten\core.\capture.$procmux$3657_Y [0] $flatten\core.\capture.$procmux$3657_Y [0] $flatten\core.\capture.$procmux$3657_Y [0] $flatten\core.\capture.$procmux$3657_Y [0] $flatten\core.\capture.$procmux$3657_Y [0] $flatten\core.\capture.$procmux$3657_Y [0] $flatten\core.\capture.$procmux$3657_Y [0] $flatten\core.\capture.$procmux$3657_Y [0] $flatten\core.\capture.$procmux$3657_Y [0] $flatten\core.\capture.$procmux$3657_Y [0] $flatten\core.\capture.$procmux$3657_Y [0] $flatten\core.\capture.$procmux$3657_Y [0] $flatten\core.\capture.$procmux$3657_Y [0] $flatten\core.\capture.$procmux$3657_Y [0] $flatten\core.\capture.$procmux$3657_Y [0] $flatten\core.\capture.$procmux$3657_Y [0] $flatten\core.\capture.$procmux$3657_Y [0] $flatten\core.\capture.$procmux$3657_Y [0] $flatten\core.\capture.$procmux$3657_Y [0] $flatten\core.\capture.$procmux$3657_Y [0] $flatten\core.\capture.$procmux$3657_Y [0] $flatten\core.\capture.$procmux$3657_Y [0] $flatten\core.\capture.$procmux$3657_Y [0] $flatten\core.\capture.$procmux$3657_Y [0] }
  Optimizing cells in module \known_pnr_probe.
    Consolidated identical input bits for $mux cell $flatten\core.\capture.$procmux$3777:
      Old ports: A=$flatten\core.\capture.$4$memwr$\sums$rtl/core/known_capture.sv:51$775_EN[31:0]$912, B=0, Y=$flatten\core.\capture.$procmux$3777_Y
      New ports: A=$flatten\core.\capture.$procmux$3693_Y [0], B=1'0, Y=$flatten\core.\capture.$procmux$3777_Y [0]
      New connections: $flatten\core.\capture.$procmux$3777_Y [31:1] = { $flatten\core.\capture.$procmux$3777_Y [0] $flatten\core.\capture.$procmux$3777_Y [0] $flatten\core.\capture.$procmux$3777_Y [0] $flatten\core.\capture.$procmux$3777_Y [0] $flatten\core.\capture.$procmux$3777_Y [0] $flatten\core.\capture.$procmux$3777_Y [0] $flatten\core.\capture.$procmux$3777_Y [0] $flatten\core.\capture.$procmux$3777_Y [0] $flatten\core.\capture.$procmux$3777_Y [0] $flatten\core.\capture.$procmux$3777_Y [0] $flatten\core.\capture.$procmux$3777_Y [0] $flatten\core.\capture.$procmux$3777_Y [0] $flatten\core.\capture.$procmux$3777_Y [0] $flatten\core.\capture.$procmux$3777_Y [0] $flatten\core.\capture.$procmux$3777_Y [0] $flatten\core.\capture.$procmux$3777_Y [0] $flatten\core.\capture.$procmux$3777_Y [0] $flatten\core.\capture.$procmux$3777_Y [0] $flatten\core.\capture.$procmux$3777_Y [0] $flatten\core.\capture.$procmux$3777_Y [0] $flatten\core.\capture.$procmux$3777_Y [0] $flatten\core.\capture.$procmux$3777_Y [0] $flatten\core.\capture.$procmux$3777_Y [0] $flatten\core.\capture.$procmux$3777_Y [0] $flatten\core.\capture.$procmux$3777_Y [0] $flatten\core.\capture.$procmux$3777_Y [0] $flatten\core.\capture.$procmux$3777_Y [0] $flatten\core.\capture.$procmux$3777_Y [0] $flatten\core.\capture.$procmux$3777_Y [0] $flatten\core.\capture.$procmux$3777_Y [0] $flatten\core.\capture.$procmux$3777_Y [0] }
    Consolidated identical input bits for $mux cell $flatten\core.\capture.$procmux$3750:
      Old ports: A=$flatten\core.\capture.$4$memwr$\ids$rtl/core/known_capture.sv:51$776_EN[31:0]$915, B=0, Y=$flatten\core.\capture.$procmux$3750_Y
      New ports: A=$flatten\core.\capture.$procmux$3657_Y [0], B=1'0, Y=$flatten\core.\capture.$procmux$3750_Y [0]
      New connections: $flatten\core.\capture.$procmux$3750_Y [31:1] = { $flatten\core.\capture.$procmux$3750_Y [0] $flatten\core.\capture.$procmux$3750_Y [0] $flatten\core.\capture.$procmux$3750_Y [0] $flatten\core.\capture.$procmux$3750_Y [0] $flatten\core.\capture.$procmux$3750_Y [0] $flatten\core.\capture.$procmux$3750_Y [0] $flatten\core.\capture.$procmux$3750_Y [0] $flatten\core.\capture.$procmux$3750_Y [0] $flatten\core.\capture.$procmux$3750_Y [0] $flatten\core.\capture.$procmux$3750_Y [0] $flatten\core.\capture.$procmux$3750_Y [0] $flatten\core.\capture.$procmux$3750_Y [0] $flatten\core.\capture.$procmux$3750_Y [0] $flatten\core.\capture.$procmux$3750_Y [0] $flatten\core.\capture.$procmux$3750_Y [0] $flatten\core.\capture.$procmux$3750_Y [0] $flatten\core.\capture.$procmux$3750_Y [0] $flatten\core.\capture.$procmux$3750_Y [0] $flatten\core.\capture.$procmux$3750_Y [0] $flatten\core.\capture.$procmux$3750_Y [0] $flatten\core.\capture.$procmux$3750_Y [0] $flatten\core.\capture.$procmux$3750_Y [0] $flatten\core.\capture.$procmux$3750_Y [0] $flatten\core.\capture.$procmux$3750_Y [0] $flatten\core.\capture.$procmux$3750_Y [0] $flatten\core.\capture.$procmux$3750_Y [0] $flatten\core.\capture.$procmux$3750_Y [0] $flatten\core.\capture.$procmux$3750_Y [0] $flatten\core.\capture.$procmux$3750_Y [0] $flatten\core.\capture.$procmux$3750_Y [0] $flatten\core.\capture.$procmux$3750_Y [0] }
  Optimizing cells in module \known_pnr_probe.
    Consolidated identical input bits for $mux cell $flatten\core.\capture.$procmux$3836:
      Old ports: A=0, B=$flatten\core.\capture.$3$memwr$\sums$rtl/core/known_capture.sv:51$775_EN[31:0]$904, Y=$flatten\core.\capture.$procmux$3836_Y
      New ports: A=1'0, B=$flatten\core.\capture.$procmux$3777_Y [0], Y=$flatten\core.\capture.$procmux$3836_Y [0]
      New connections: $flatten\core.\capture.$procmux$3836_Y [31:1] = { $flatten\core.\capture.$procmux$3836_Y [0] $flatten\core.\capture.$procmux$3836_Y [0] $flatten\core.\capture.$procmux$3836_Y [0] $flatten\core.\capture.$procmux$3836_Y [0] $flatten\core.\capture.$procmux$3836_Y [0] $flatten\core.\capture.$procmux$3836_Y [0] $flatten\core.\capture.$procmux$3836_Y [0] $flatten\core.\capture.$procmux$3836_Y [0] $flatten\core.\capture.$procmux$3836_Y [0] $flatten\core.\capture.$procmux$3836_Y [0] $flatten\core.\capture.$procmux$3836_Y [0] $flatten\core.\capture.$procmux$3836_Y [0] $flatten\core.\capture.$procmux$3836_Y [0] $flatten\core.\capture.$procmux$3836_Y [0] $flatten\core.\capture.$procmux$3836_Y [0] $flatten\core.\capture.$procmux$3836_Y [0] $flatten\core.\capture.$procmux$3836_Y [0] $flatten\core.\capture.$procmux$3836_Y [0] $flatten\core.\capture.$procmux$3836_Y [0] $flatten\core.\capture.$procmux$3836_Y [0] $flatten\core.\capture.$procmux$3836_Y [0] $flatten\core.\capture.$procmux$3836_Y [0] $flatten\core.\capture.$procmux$3836_Y [0] $flatten\core.\capture.$procmux$3836_Y [0] $flatten\core.\capture.$procmux$3836_Y [0] $flatten\core.\capture.$procmux$3836_Y [0] $flatten\core.\capture.$procmux$3836_Y [0] $flatten\core.\capture.$procmux$3836_Y [0] $flatten\core.\capture.$procmux$3836_Y [0] $flatten\core.\capture.$procmux$3836_Y [0] $flatten\core.\capture.$procmux$3836_Y [0] }
    Consolidated identical input bits for $mux cell $flatten\core.\capture.$procmux$3818:
      Old ports: A=0, B=$flatten\core.\capture.$3$memwr$\ids$rtl/core/known_capture.sv:51$776_EN[31:0]$907, Y=$flatten\core.\capture.$procmux$3818_Y
      New ports: A=1'0, B=$flatten\core.\capture.$procmux$3750_Y [0], Y=$flatten\core.\capture.$procmux$3818_Y [0]
      New connections: $flatten\core.\capture.$procmux$3818_Y [31:1] = { $flatten\core.\capture.$procmux$3818_Y [0] $flatten\core.\capture.$procmux$3818_Y [0] $flatten\core.\capture.$procmux$3818_Y [0] $flatten\core.\capture.$procmux$3818_Y [0] $flatten\core.\capture.$procmux$3818_Y [0] $flatten\core.\capture.$procmux$3818_Y [0] $flatten\core.\capture.$procmux$3818_Y [0] $flatten\core.\capture.$procmux$3818_Y [0] $flatten\core.\capture.$procmux$3818_Y [0] $flatten\core.\capture.$procmux$3818_Y [0] $flatten\core.\capture.$procmux$3818_Y [0] $flatten\core.\capture.$procmux$3818_Y [0] $flatten\core.\capture.$procmux$3818_Y [0] $flatten\core.\capture.$procmux$3818_Y [0] $flatten\core.\capture.$procmux$3818_Y [0] $flatten\core.\capture.$procmux$3818_Y [0] $flatten\core.\capture.$procmux$3818_Y [0] $flatten\core.\capture.$procmux$3818_Y [0] $flatten\core.\capture.$procmux$3818_Y [0] $flatten\core.\capture.$procmux$3818_Y [0] $flatten\core.\capture.$procmux$3818_Y [0] $flatten\core.\capture.$procmux$3818_Y [0] $flatten\core.\capture.$procmux$3818_Y [0] $flatten\core.\capture.$procmux$3818_Y [0] $flatten\core.\capture.$procmux$3818_Y [0] $flatten\core.\capture.$procmux$3818_Y [0] $flatten\core.\capture.$procmux$3818_Y [0] $flatten\core.\capture.$procmux$3818_Y [0] $flatten\core.\capture.$procmux$3818_Y [0] $flatten\core.\capture.$procmux$3818_Y [0] $flatten\core.\capture.$procmux$3818_Y [0] }
  Optimizing cells in module \known_pnr_probe.
    Consolidated identical input bits for $mux cell $flatten\core.\capture.$procmux$3923:
      Old ports: A=$flatten\core.\capture.$2$memwr$\sums$rtl/core/known_capture.sv:51$775_EN[31:0]$895, B=0, Y=$flatten\core.\capture.$0$memwr$\sums$rtl/core/known_capture.sv:51$775_EN[31:0]$819
      New ports: A=$flatten\core.\capture.$procmux$3836_Y [0], B=1'0, Y=$flatten\core.\capture.$0$memwr$\sums$rtl/core/known_capture.sv:51$775_EN[31:0]$819 [0]
      New connections: $flatten\core.\capture.$0$memwr$\sums$rtl/core/known_capture.sv:51$775_EN[31:0]$819 [31:1] = { $flatten\core.\capture.$0$memwr$\sums$rtl/core/known_capture.sv:51$775_EN[31:0]$819 [0] $flatten\core.\capture.$0$memwr$\sums$rtl/core/known_capture.sv:51$775_EN[31:0]$819 [0] $flatten\core.\capture.$0$memwr$\sums$rtl/core/known_capture.sv:51$775_EN[31:0]$819 [0] $flatten\core.\capture.$0$memwr$\sums$rtl/core/known_capture.sv:51$775_EN[31:0]$819 [0] $flatten\core.\capture.$0$memwr$\sums$rtl/core/known_capture.sv:51$775_EN[31:0]$819 [0] $flatten\core.\capture.$0$memwr$\sums$rtl/core/known_capture.sv:51$775_EN[31:0]$819 [0] $flatten\core.\capture.$0$memwr$\sums$rtl/core/known_capture.sv:51$775_EN[31:0]$819 [0] $flatten\core.\capture.$0$memwr$\sums$rtl/core/known_capture.sv:51$775_EN[31:0]$819 [0] $flatten\core.\capture.$0$memwr$\sums$rtl/core/known_capture.sv:51$775_EN[31:0]$819 [0] $flatten\core.\capture.$0$memwr$\sums$rtl/core/known_capture.sv:51$775_EN[31:0]$819 [0] $flatten\core.\capture.$0$memwr$\sums$rtl/core/known_capture.sv:51$775_EN[31:0]$819 [0] $flatten\core.\capture.$0$memwr$\sums$rtl/core/known_capture.sv:51$775_EN[31:0]$819 [0] $flatten\core.\capture.$0$memwr$\sums$rtl/core/known_capture.sv:51$775_EN[31:0]$819 [0] $flatten\core.\capture.$0$memwr$\sums$rtl/core/known_capture.sv:51$775_EN[31:0]$819 [0] $flatten\core.\capture.$0$memwr$\sums$rtl/core/known_capture.sv:51$775_EN[31:0]$819 [0] $flatten\core.\capture.$0$memwr$\sums$rtl/core/known_capture.sv:51$775_EN[31:0]$819 [0] $flatten\core.\capture.$0$memwr$\sums$rtl/core/known_capture.sv:51$775_EN[31:0]$819 [0] $flatten\core.\capture.$0$memwr$\sums$rtl/core/known_capture.sv:51$775_EN[31:0]$819 [0] $flatten\core.\capture.$0$memwr$\sums$rtl/core/known_capture.sv:51$775_EN[31:0]$819 [0] $flatten\core.\capture.$0$memwr$\sums$rtl/core/known_capture.sv:51$775_EN[31:0]$819 [0] $flatten\core.\capture.$0$memwr$\sums$rtl/core/known_capture.sv:51$775_EN[31:0]$819 [0] $flatten\core.\capture.$0$memwr$\sums$rtl/core/known_capture.sv:51$775_EN[31:0]$819 [0] $flatten\core.\capture.$0$memwr$\sums$rtl/core/known_capture.sv:51$775_EN[31:0]$819 [0] $flatten\core.\capture.$0$memwr$\sums$rtl/core/known_capture.sv:51$775_EN[31:0]$819 [0] $flatten\core.\capture.$0$memwr$\sums$rtl/core/known_capture.sv:51$775_EN[31:0]$819 [0] $flatten\core.\capture.$0$memwr$\sums$rtl/core/known_capture.sv:51$775_EN[31:0]$819 [0] $flatten\core.\capture.$0$memwr$\sums$rtl/core/known_capture.sv:51$775_EN[31:0]$819 [0] $flatten\core.\capture.$0$memwr$\sums$rtl/core/known_capture.sv:51$775_EN[31:0]$819 [0] $flatten\core.\capture.$0$memwr$\sums$rtl/core/known_capture.sv:51$775_EN[31:0]$819 [0] $flatten\core.\capture.$0$memwr$\sums$rtl/core/known_capture.sv:51$775_EN[31:0]$819 [0] $flatten\core.\capture.$0$memwr$\sums$rtl/core/known_capture.sv:51$775_EN[31:0]$819 [0] }
    Consolidated identical input bits for $mux cell $flatten\core.\capture.$procmux$3914:
      Old ports: A=$flatten\core.\capture.$2$memwr$\ids$rtl/core/known_capture.sv:51$776_EN[31:0]$898, B=0, Y=$flatten\core.\capture.$0$memwr$\ids$rtl/core/known_capture.sv:51$776_EN[31:0]$822
      New ports: A=$flatten\core.\capture.$procmux$3818_Y [0], B=1'0, Y=$flatten\core.\capture.$0$memwr$\ids$rtl/core/known_capture.sv:51$776_EN[31:0]$822 [0]
      New connections: $flatten\core.\capture.$0$memwr$\ids$rtl/core/known_capture.sv:51$776_EN[31:0]$822 [31:1] = { $flatten\core.\capture.$0$memwr$\ids$rtl/core/known_capture.sv:51$776_EN[31:0]$822 [0] $flatten\core.\capture.$0$memwr$\ids$rtl/core/known_capture.sv:51$776_EN[31:0]$822 [0] $flatten\core.\capture.$0$memwr$\ids$rtl/core/known_capture.sv:51$776_EN[31:0]$822 [0] $flatten\core.\capture.$0$memwr$\ids$rtl/core/known_capture.sv:51$776_EN[31:0]$822 [0] $flatten\core.\capture.$0$memwr$\ids$rtl/core/known_capture.sv:51$776_EN[31:0]$822 [0] $flatten\core.\capture.$0$memwr$\ids$rtl/core/known_capture.sv:51$776_EN[31:0]$822 [0] $flatten\core.\capture.$0$memwr$\ids$rtl/core/known_capture.sv:51$776_EN[31:0]$822 [0] $flatten\core.\capture.$0$memwr$\ids$rtl/core/known_capture.sv:51$776_EN[31:0]$822 [0] $flatten\core.\capture.$0$memwr$\ids$rtl/core/known_capture.sv:51$776_EN[31:0]$822 [0] $flatten\core.\capture.$0$memwr$\ids$rtl/core/known_capture.sv:51$776_EN[31:0]$822 [0] $flatten\core.\capture.$0$memwr$\ids$rtl/core/known_capture.sv:51$776_EN[31:0]$822 [0] $flatten\core.\capture.$0$memwr$\ids$rtl/core/known_capture.sv:51$776_EN[31:0]$822 [0] $flatten\core.\capture.$0$memwr$\ids$rtl/core/known_capture.sv:51$776_EN[31:0]$822 [0] $flatten\core.\capture.$0$memwr$\ids$rtl/core/known_capture.sv:51$776_EN[31:0]$822 [0] $flatten\core.\capture.$0$memwr$\ids$rtl/core/known_capture.sv:51$776_EN[31:0]$822 [0] $flatten\core.\capture.$0$memwr$\ids$rtl/core/known_capture.sv:51$776_EN[31:0]$822 [0] $flatten\core.\capture.$0$memwr$\ids$rtl/core/known_capture.sv:51$776_EN[31:0]$822 [0] $flatten\core.\capture.$0$memwr$\ids$rtl/core/known_capture.sv:51$776_EN[31:0]$822 [0] $flatten\core.\capture.$0$memwr$\ids$rtl/core/known_capture.sv:51$776_EN[31:0]$822 [0] $flatten\core.\capture.$0$memwr$\ids$rtl/core/known_capture.sv:51$776_EN[31:0]$822 [0] $flatten\core.\capture.$0$memwr$\ids$rtl/core/known_capture.sv:51$776_EN[31:0]$822 [0] $flatten\core.\capture.$0$memwr$\ids$rtl/core/known_capture.sv:51$776_EN[31:0]$822 [0] $flatten\core.\capture.$0$memwr$\ids$rtl/core/known_capture.sv:51$776_EN[31:0]$822 [0] $flatten\core.\capture.$0$memwr$\ids$rtl/core/known_capture.sv:51$776_EN[31:0]$822 [0] $flatten\core.\capture.$0$memwr$\ids$rtl/core/known_capture.sv:51$776_EN[31:0]$822 [0] $flatten\core.\capture.$0$memwr$\ids$rtl/core/known_capture.sv:51$776_EN[31:0]$822 [0] $flatten\core.\capture.$0$memwr$\ids$rtl/core/known_capture.sv:51$776_EN[31:0]$822 [0] $flatten\core.\capture.$0$memwr$\ids$rtl/core/known_capture.sv:51$776_EN[31:0]$822 [0] $flatten\core.\capture.$0$memwr$\ids$rtl/core/known_capture.sv:51$776_EN[31:0]$822 [0] $flatten\core.\capture.$0$memwr$\ids$rtl/core/known_capture.sv:51$776_EN[31:0]$822 [0] $flatten\core.\capture.$0$memwr$\ids$rtl/core/known_capture.sv:51$776_EN[31:0]$822 [0] }
  Optimizing cells in module \known_pnr_probe.
Performed a total of 23 changes.

7.12.5. Executing OPT_MERGE pass (detect identical cells).
Finding identical cells in module `\known_pnr_probe'.
Computing hashes of 784 cells of `\known_pnr_probe'.
Finding duplicate cells in `\known_pnr_probe'.
Computing hashes of 771 cells of `\known_pnr_probe'.
Finding duplicate cells in `\known_pnr_probe'.
Computing hashes of 769 cells of `\known_pnr_probe'.
Finding duplicate cells in `\known_pnr_probe'.
Computing hashes of 767 cells of `\known_pnr_probe'.
Finding duplicate cells in `\known_pnr_probe'.
Computing hashes of 765 cells of `\known_pnr_probe'.
Finding duplicate cells in `\known_pnr_probe'.
Computing hashes of 763 cells of `\known_pnr_probe'.
Finding duplicate cells in `\known_pnr_probe'.
<suppressed ~63 debug messages>
Removed a total of 21 cells.

7.12.6. Executing OPT_DFF pass (perform DFF optimizations).

7.12.7. Executing OPT_CLEAN pass (remove unused cells and wires).
Finding unused cells or wires in module \known_pnr_probe..
Removed 0 unused cells and 284 unused wires.
<suppressed ~1 debug messages>

7.12.8. Executing OPT_EXPR pass (perform const folding).
Optimizing module known_pnr_probe.

7.12.9. Rerunning OPT passes. (Maybe there is more to do..)

7.12.10. Executing OPT_MUXTREE pass (detect dead branches in mux trees).
Running muxtree optimizer on module \known_pnr_probe..
  Creating internal representation of mux trees.
  Evaluating internal representation of mux trees.
  Analyzing evaluation results.
Removed 0 multiplexer ports.
<suppressed ~571 debug messages>

7.12.11. Executing OPT_REDUCE pass (consolidate $*mux and $reduce_* inputs).
  Optimizing cells in module \known_pnr_probe.
    New ctrl vector for $pmux cell $flatten\core.$procmux$2303: { $auto$opt_reduce.cc:137:opt_pmux$4261 $flatten\core.$procmux$1403_CMP $flatten\core.$eq$rtl/core/known_spectral_core.sv:145$1070_Y }
  Optimizing cells in module \known_pnr_probe.
Performed a total of 1 changes.

7.12.12. Executing OPT_MERGE pass (detect identical cells).
Finding identical cells in module `\known_pnr_probe'.
Computing hashes of 764 cells of `\known_pnr_probe'.
Finding duplicate cells in `\known_pnr_probe'.
Removed a total of 0 cells.

7.12.13. Executing OPT_DFF pass (perform DFF optimizations).

7.12.14. Executing OPT_CLEAN pass (remove unused cells and wires).
Finding unused cells or wires in module \known_pnr_probe..

7.12.15. Executing OPT_EXPR pass (perform const folding).
Optimizing module known_pnr_probe.

7.12.16. Rerunning OPT passes. (Maybe there is more to do..)

7.12.17. Executing OPT_MUXTREE pass (detect dead branches in mux trees).
Running muxtree optimizer on module \known_pnr_probe..
  Creating internal representation of mux trees.
  Evaluating internal representation of mux trees.
  Analyzing evaluation results.
Removed 0 multiplexer ports.
<suppressed ~568 debug messages>

7.12.18. Executing OPT_REDUCE pass (consolidate $*mux and $reduce_* inputs).
  Optimizing cells in module \known_pnr_probe.
Performed a total of 0 changes.

7.12.19. Executing OPT_MERGE pass (detect identical cells).
Finding identical cells in module `\known_pnr_probe'.
Computing hashes of 764 cells of `\known_pnr_probe'.
Finding duplicate cells in `\known_pnr_probe'.
Removed a total of 0 cells.

7.12.20. Executing OPT_DFF pass (perform DFF optimizations).

7.12.21. Executing OPT_CLEAN pass (remove unused cells and wires).
Finding unused cells or wires in module \known_pnr_probe..

7.12.22. Executing OPT_EXPR pass (perform const folding).
Optimizing module known_pnr_probe.

7.12.23. Finished fast OPT passes. (There is nothing left to do.)

7.13. Executing FSM pass (extract and optimize FSM).

7.13.1. Executing FSM_DETECT pass (finding FSMs in design).
Found FSM state register known_pnr_probe.core.purpose.
Not marking known_pnr_probe.core.state as FSM state register:
    Users of register don't seem to benefit from recoding.

7.13.2. Executing FSM_EXTRACT pass (extracting FSM from design).
Extracting FSM `\core.purpose' from module `\known_pnr_probe'.
  found $dff cell for state register: $flatten\core.$procdff$4168
  root of input selection tree: $flatten\core.$0\purpose[1:0]
  found reset state: 2'00 (guessed from mux tree)
  found ctrl input: \rst
  found ctrl input: $flatten\core.$procmux$2387_CMP
  found ctrl input: $flatten\core.$eq$rtl/core/known_spectral_core.sv:145$1070_Y
  found ctrl input: $flatten\core.$procmux$2461_CMP
  found state code: 2'10
  found ctrl input: $flatten\core.$ne$rtl/core/known_spectral_core.sv:198$1155_Y
  found ctrl input: $flatten\core.$eq$rtl/core/known_spectral_core.sv:199$1158_Y
  found state code: 2'01
  found state code: 2'00
  found ctrl output: $flatten\core.$eq$rtl/core/known_spectral_core.sv:202$1164_Y
  found ctrl output: $flatten\core.$eq$rtl/core/known_spectral_core.sv:199$1158_Y
  found ctrl output: $flatten\core.$eq$rtl/core/known_spectral_core.sv:145$1072_Y
  ctrl inputs: { $flatten\core.$eq$rtl/core/known_spectral_core.sv:145$1070_Y $flatten\core.$ne$rtl/core/known_spectral_core.sv:198$1155_Y $flatten\core.$procmux$2387_CMP $flatten\core.$procmux$2461_CMP \rst }
  ctrl outputs: { $flatten\core.$0\purpose[1:0] $flatten\core.$eq$rtl/core/known_spectral_core.sv:145$1072_Y $flatten\core.$eq$rtl/core/known_spectral_core.sv:199$1158_Y $flatten\core.$eq$rtl/core/known_spectral_core.sv:202$1164_Y }
  transition:       2'00 5'0-000 ->       2'00 5'00010
  transition:       2'00 5'---10 ->       2'00 5'00010
  transition:       2'00 5'10--0 ->       2'01 5'01010
  transition:       2'00 5'11--0 ->       2'00 5'00010
  transition:       2'00 5'--1-0 ->       2'10 5'10010
  transition:       2'00 5'----1 ->       2'00 5'00010
  transition:       2'10 5'0-000 ->       2'10 5'10100
  transition:       2'10 5'---10 ->       2'00 5'00100
  transition:       2'10 5'10--0 ->       2'10 5'10100
  transition:       2'10 5'11--0 ->       2'10 5'10100
  transition:       2'10 5'--1-0 ->       2'10 5'10100
  transition:       2'10 5'----1 ->       2'00 5'00100
  transition:       2'01 5'0-000 ->       2'01 5'01001
  transition:       2'01 5'---10 ->       2'00 5'00001
  transition:       2'01 5'10--0 ->       2'01 5'01001
  transition:       2'01 5'11--0 ->       2'01 5'01001
  transition:       2'01 5'--1-0 ->       2'10 5'10001
  transition:       2'01 5'----1 ->       2'00 5'00001

7.13.3. Executing FSM_OPT pass (simple optimizations of FSMs).
Optimizing FSM `$fsm$\core.purpose$4262' from module `\known_pnr_probe'.
  Merging pattern 5'10--0 and 5'11--0 from group (1 1 5'10100).
  Merging pattern 5'11--0 and 5'10--0 from group (1 1 5'10100).
  Merging pattern 5'10--0 and 5'11--0 from group (2 2 5'01001).
  Merging pattern 5'11--0 and 5'10--0 from group (2 2 5'01001).

7.13.4. Executing OPT_CLEAN pass (remove unused cells and wires).
Finding unused cells or wires in module \known_pnr_probe..
Removed 8 unused cells and 8 unused wires.
<suppressed ~9 debug messages>

7.13.5. Executing FSM_OPT pass (simple optimizations of FSMs).
Optimizing FSM `$fsm$\core.purpose$4262' from module `\known_pnr_probe'.
  Removing unused output signal $flatten\core.$0\purpose[1:0] [0].
  Removing unused output signal $flatten\core.$0\purpose[1:0] [1].

7.13.6. Executing FSM_RECODE pass (re-assigning FSM state encoding).
Recoding FSM `$fsm$\core.purpose$4262' from module `\known_pnr_probe' using `auto' encoding:
  mapping auto encoding to `one-hot` for this FSM.
  00 -> --1
  10 -> -1-
  01 -> 1--

7.13.7. Executing FSM_INFO pass (dumping all available information on FSM cells).

FSM `$fsm$\core.purpose$4262' from module `known_pnr_probe':
-------------------------------------

  Information on FSM $fsm$\core.purpose$4262 (\core.purpose):

  Number of input signals:    5
  Number of output signals:   3
  Number of state bits:       3

  Input signals:
    0: \rst
    1: $flatten\core.$procmux$2461_CMP
    2: $flatten\core.$procmux$2387_CMP
    3: $flatten\core.$ne$rtl/core/known_spectral_core.sv:198$1155_Y
    4: $flatten\core.$eq$rtl/core/known_spectral_core.sv:145$1070_Y

  Output signals:
    0: $flatten\core.$eq$rtl/core/known_spectral_core.sv:202$1164_Y
    1: $flatten\core.$eq$rtl/core/known_spectral_core.sv:199$1158_Y
    2: $flatten\core.$eq$rtl/core/known_spectral_core.sv:145$1072_Y

  State encoding:
    0:      3'--1  <RESET STATE>
    1:      3'-1-
    2:      3'1--

  Transition Table (state_in, ctrl_in, state_out, ctrl_out):
      0:     0 5'0-000   ->     0 3'010
      1:     0 5'---10   ->     0 3'010
      2:     0 5'11--0   ->     0 3'010
      3:     0 5'----1   ->     0 3'010
      4:     0 5'--1-0   ->     1 3'010
      5:     0 5'10--0   ->     2 3'010
      6:     1 5'---10   ->     0 3'100
      7:     1 5'----1   ->     0 3'100
      8:     1 5'0-000   ->     1 3'100
      9:     1 5'--1-0   ->     1 3'100
     10:     1 5'1---0   ->     1 3'100
     11:     2 5'---10   ->     0 3'001
     12:     2 5'----1   ->     0 3'001
     13:     2 5'--1-0   ->     1 3'001
     14:     2 5'0-000   ->     2 3'001
     15:     2 5'1---0   ->     2 3'001

-------------------------------------

7.13.8. Executing FSM_MAP pass (mapping FSMs to basic logic).
Mapping FSM `$fsm$\core.purpose$4262' from module `\known_pnr_probe'.

7.14. Executing OPT pass (performing simple optimizations).

7.14.1. Executing OPT_EXPR pass (perform const folding).
Optimizing module known_pnr_probe.
<suppressed ~4 debug messages>

7.14.2. Executing OPT_MERGE pass (detect identical cells).
Finding identical cells in module `\known_pnr_probe'.
Computing hashes of 776 cells of `\known_pnr_probe'.
Finding duplicate cells in `\known_pnr_probe'.
Computing hashes of 773 cells of `\known_pnr_probe'.
Finding duplicate cells in `\known_pnr_probe'.
<suppressed ~9 debug messages>
Removed a total of 3 cells.

7.14.3. Executing OPT_MUXTREE pass (detect dead branches in mux trees).
Running muxtree optimizer on module \known_pnr_probe..
  Creating internal representation of mux trees.
  Evaluating internal representation of mux trees.
  Analyzing evaluation results.
Removed 0 multiplexer ports.
<suppressed ~563 debug messages>

7.14.4. Executing OPT_REDUCE pass (consolidate $*mux and $reduce_* inputs).
  Optimizing cells in module \known_pnr_probe.
Performed a total of 0 changes.

7.14.5. Executing OPT_MERGE pass (detect identical cells).
Finding identical cells in module `\known_pnr_probe'.
Computing hashes of 773 cells of `\known_pnr_probe'.
Finding duplicate cells in `\known_pnr_probe'.
Removed a total of 0 cells.

7.14.6. Executing OPT_DFF pass (perform DFF optimizations).
Adding SRST signal on $flatten\core.$procdff$4170 ($dff) from module known_pnr_probe (D = $flatten\core.$procmux$2441_Y, Q = \core.real_square, rval = 64'0000000000000000000000000000000000000000000000000000000000000000).
Adding EN signal on $auto$ff.cc:337:slice$4308 ($sdff) from module known_pnr_probe (D = \core.wide_result, Q = \core.real_square).
Adding SRST signal on $procdff$4235 ($dff) from module known_pnr_probe (D = $procmux$4098_Y, Q = \frame_id, rval = 0).
Adding EN signal on $auto$ff.cc:337:slice$4314 ($sdff) from module known_pnr_probe (D = $add$sim/known_pnr_probe.sv:10$397_Y, Q = \frame_id).
Adding EN signal on $flatten\core.\lanes[3].rom.$procdff$4198 ($dff) from module known_pnr_probe (D = $flatten\core.\lanes[3].rom.$memrd$\quarter$rtl/core/vib_coeff_rom.sv:28$754_DATA, Q = \core.lanes[3].rom.magnitude).
Adding EN signal on $flatten\core.\lanes[3].rom.$procdff$4199 ($dff) from module known_pnr_probe (D = $flatten\core.\lanes[3].rom.$logic_or$rtl/core/vib_coeff_rom.sv:29$757_Y, Q = \core.lanes[3].rom.negative).
Adding EN signal on $flatten\core.\lanes[3].rom.$procdff$4200 ($dff) from module known_pnr_probe (D = $flatten\core.\lanes[3].rom.$logic_and$rtl/core/vib_coeff_rom.sv:30$759_Y, Q = \core.lanes[3].rom.is_zero).
Adding EN signal on $flatten\core.\lanes[2].rom.$procdff$4198 ($dff) from module known_pnr_probe (D = $flatten\core.\lanes[2].rom.$memrd$\quarter$rtl/core/vib_coeff_rom.sv:28$754_DATA, Q = \core.lanes[2].rom.magnitude).
Adding EN signal on $flatten\core.\lanes[2].rom.$procdff$4199 ($dff) from module known_pnr_probe (D = $flatten\core.\lanes[2].rom.$logic_or$rtl/core/vib_coeff_rom.sv:29$757_Y, Q = \core.lanes[2].rom.negative).
Adding EN signal on $flatten\core.\lanes[2].rom.$procdff$4200 ($dff) from module known_pnr_probe (D = $flatten\core.\lanes[2].rom.$logic_and$rtl/core/vib_coeff_rom.sv:30$759_Y, Q = \core.lanes[2].rom.is_zero).
Adding EN signal on $flatten\core.\lanes[1].rom.$procdff$4198 ($dff) from module known_pnr_probe (D = $flatten\core.\lanes[1].rom.$memrd$\quarter$rtl/core/vib_coeff_rom.sv:28$754_DATA, Q = \core.lanes[1].rom.magnitude).
Adding EN signal on $flatten\core.\lanes[1].rom.$procdff$4199 ($dff) from module known_pnr_probe (D = $flatten\core.\lanes[1].rom.$logic_or$rtl/core/vib_coeff_rom.sv:29$757_Y, Q = \core.lanes[1].rom.negative).
Adding EN signal on $flatten\core.\lanes[1].rom.$procdff$4200 ($dff) from module known_pnr_probe (D = $flatten\core.\lanes[1].rom.$logic_and$rtl/core/vib_coeff_rom.sv:30$759_Y, Q = \core.lanes[1].rom.is_zero).
Adding EN signal on $flatten\core.\lanes[0].rom.$procdff$4198 ($dff) from module known_pnr_probe (D = $flatten\core.\lanes[0].rom.$memrd$\quarter$rtl/core/vib_coeff_rom.sv:28$754_DATA, Q = \core.lanes[0].rom.magnitude).
Adding EN signal on $flatten\core.\lanes[0].rom.$procdff$4199 ($dff) from module known_pnr_probe (D = $flatten\core.\lanes[0].rom.$logic_or$rtl/core/vib_coeff_rom.sv:29$757_Y, Q = \core.lanes[0].rom.negative).
Adding EN signal on $flatten\core.\lanes[0].rom.$procdff$4200 ($dff) from module known_pnr_probe (D = $flatten\core.\lanes[0].rom.$logic_and$rtl/core/vib_coeff_rom.sv:30$759_Y, Q = \core.lanes[0].rom.is_zero).
Adding SRST signal on $flatten\core.$procdff$4172 ($dff) from module known_pnr_probe (D = $flatten\core.$2$lookahead\power_buffer$1019[63:0]$1083, Q = \core.power_buffer, rval = 64'0000000000000000000000000000000000000000000000000000000000000000).
Adding EN signal on $auto$ff.cc:337:slice$4328 ($sdff) from module known_pnr_probe (D = $flatten\core.$2$lookahead\power_buffer$1019[63:0]$1083, Q = \core.power_buffer).
Adding SRST signal on $flatten\core.$procdff$4173 ($dff) from module known_pnr_probe (D = $flatten\core.$procmux$2386_Y, Q = \core.norm_negative, rval = 1'0).
Adding EN signal on $auto$ff.cc:337:slice$4342 ($sdff) from module known_pnr_probe (D = \core.difference [31], Q = \core.norm_negative).
Adding SRST signal on $flatten\core.$procdff$4167 ($dff) from module known_pnr_probe (D = $flatten\core.$procmux$2490_Y, Q = \core.wide_part, rval = 2'00).
Adding EN signal on $auto$ff.cc:337:slice$4344 ($sdff) from module known_pnr_probe (D = $flatten\core.$procmux$2490_Y, Q = \core.wide_part).
Adding SRST signal on $flatten\core.$procdff$4183 ($dff) from module known_pnr_probe (D = $flatten\core.$procmux$2151_Y, Q = \core.phases[3], rval = 10'0000000000).
Adding EN signal on $auto$ff.cc:337:slice$4352 ($sdff) from module known_pnr_probe (D = $flatten\core.$procmux$2151_Y, Q = \core.phases[3]).
Adding SRST signal on $flatten\core.$procdff$4182 ($dff) from module known_pnr_probe (D = $flatten\core.$procmux$2179_Y, Q = \core.phases[2], rval = 10'0000000000).
Adding EN signal on $auto$ff.cc:337:slice$4360 ($sdff) from module known_pnr_probe (D = $flatten\core.$procmux$2179_Y, Q = \core.phases[2]).
Adding SRST signal on $flatten\core.$procdff$4169 ($dff) from module known_pnr_probe (D = $flatten\core.$procmux$2452_Y, Q = \core.wide_acc, rval = 64'0000000000000000000000000000000000000000000000000000000000000000).
Adding EN signal on $auto$ff.cc:337:slice$4368 ($sdff) from module known_pnr_probe (D = $flatten\core.$procmux$2452_Y, Q = \core.wide_acc).
Adding SRST signal on $flatten\core.$procdff$4164 ($dff) from module known_pnr_probe (D = $flatten\core.$procmux$2562_Y, Q = \core.bin_index, rval = 9'000000000).
Adding EN signal on $auto$ff.cc:337:slice$4376 ($sdff) from module known_pnr_probe (D = \core.component [9:1], Q = \core.bin_index).
Adding SRST signal on $flatten\core.$procdff$4165 ($dff) from module known_pnr_probe (D = $flatten\core.$procmux$2528_Y, Q = \core.wide_a, rval = 0).
Adding EN signal on $auto$ff.cc:337:slice$4380 ($sdff) from module known_pnr_probe (D = $flatten\core.$procmux$2528_Y, Q = \core.wide_a).
Adding SRST signal on $flatten\core.$procdff$4180 ($dff) from module known_pnr_probe (D = $flatten\core.$procmux$2235_Y, Q = \core.phases[0], rval = 10'0000000000).
Adding EN signal on $auto$ff.cc:337:slice$4390 ($sdff) from module known_pnr_probe (D = $flatten\core.$procmux$2235_Y, Q = \core.phases[0]).
Adding SRST signal on $flatten\core.$procdff$4179 ($dff) from module known_pnr_probe (D = $flatten\core.$procmux$2259_Y, Q = \core.exponent, rval = 8'00000000).
Adding EN signal on $auto$ff.cc:337:slice$4398 ($sdff) from module known_pnr_probe (D = $flatten\core.$procmux$2259_Y, Q = \core.exponent).
Adding SRST signal on $flatten\core.$procdff$4178 ($dff) from module known_pnr_probe (D = $flatten\core.$procmux$2283_Y, Q = \core.log_work, rval = 64'0000000000000000000000000000000000000000000000000000000000000000).
Adding EN signal on $auto$ff.cc:337:slice$4408 ($sdff) from module known_pnr_probe (D = $flatten\core.$procmux$2283_Y, Q = \core.log_work).
Adding SRST signal on $flatten\core.$procdff$4177 ($dff) from module known_pnr_probe (D = $flatten\core.$procmux$2303_Y, Q = \core.ram_part, rval = 2'00).
Adding EN signal on $auto$ff.cc:337:slice$4418 ($sdff) from module known_pnr_probe (D = $flatten\core.$procmux$2303_Y, Q = \core.ram_part).
Adding SRST signal on $flatten\core.$procdff$4176 ($dff) from module known_pnr_probe (D = $flatten\core.$procmux$2347_Y, Q = \core.feature, rval = 8'00000000).
Adding EN signal on $auto$ff.cc:337:slice$4432 ($sdff) from module known_pnr_probe (D = $flatten\core.$ternary$rtl/core/known_spectral_core.sv:209$1171_Y, Q = \core.feature).
Adding SRST signal on $flatten\core.\capture.$procdff$4201 ($dff) from module known_pnr_probe (D = $flatten\core.\capture.$procmux$4093_Y, Q = \core.capture.protocol_errors, rval = 0).
Adding EN signal on $auto$ff.cc:337:slice$4442 ($sdff) from module known_pnr_probe (D = $flatten\core.\capture.$add$rtl/core/known_capture.sv:47$917_Y, Q = \core.capture.protocol_errors).
Adding SRST signal on $flatten\core.\capture.$procdff$4202 ($dff) from module known_pnr_probe (D = $flatten\core.\capture.$procmux$4081_Y, Q = \core.capture.accepted_samples, rval = 0).
Adding EN signal on $auto$ff.cc:337:slice$4448 ($sdff) from module known_pnr_probe (D = $flatten\core.\capture.$add$rtl/core/known_capture.sv:44$900_Y, Q = \core.capture.accepted_samples).
Adding EN signal on $flatten\core.\capture.$procdff$4203 ($dff) from module known_pnr_probe (D = $flatten\core.\capture.$memrd$\raw0$rtl/core/known_capture.sv:32$825_DATA, Q = \core.capture.q0).
Adding EN signal on $flatten\core.\capture.$procdff$4204 ($dff) from module known_pnr_probe (D = $flatten\core.\capture.$memrd$\raw1$rtl/core/known_capture.sv:32$826_DATA, Q = \core.capture.q1).
Adding SRST signal on $flatten\core.\capture.$procdff$4205 ($dff) from module known_pnr_probe (D = $flatten\core.\capture.$3$lookahead\full$800[1:0]$899, Q = \core.capture.full, rval = 2'00).
Adding SRST signal on $flatten\core.\capture.$procdff$4206 ($dff) from module known_pnr_probe (D = $flatten\core.\capture.$3$lookahead\busy$801[1:0]$883, Q = \core.capture.busy, rval = 2'00).
Adding SRST signal on $flatten\core.\capture.$procdff$4207 ($dff) from module known_pnr_probe (D = $flatten\core.\capture.$procmux$4071_Y, Q = \core.capture.wr_bank, rval = 1'0).
Adding EN signal on $auto$ff.cc:337:slice$4454 ($sdff) from module known_pnr_probe (D = $flatten\core.\capture.$not$rtl/core/known_capture.sv:52$937_Y, Q = \core.capture.wr_bank).
Adding SRST signal on $flatten\core.\capture.$procdff$4208 ($dff) from module known_pnr_probe (D = $flatten\core.\capture.$procmux$4056_Y, Q = \core.capture.head_bank, rval = 1'0).
Adding EN signal on $auto$ff.cc:337:slice$4462 ($sdff) from module known_pnr_probe (D = $flatten\core.\capture.$not$rtl/core/known_capture.sv:41$881_Y, Q = \core.capture.head_bank).
Adding SRST signal on $flatten\core.\capture.$procdff$4209 ($dff) from module known_pnr_probe (D = $flatten\core.\capture.$procmux$4050_Y, Q = \core.capture.draining, rval = 1'0).
Adding EN signal on $auto$ff.cc:337:slice$4464 ($sdff) from module known_pnr_probe (D = $flatten\core.\capture.$procmux$4048_Y, Q = \core.capture.draining).
Adding SRST signal on $flatten\core.\capture.$procdff$4210 ($dff) from module known_pnr_probe (D = $flatten\core.\capture.$procmux$4036_Y, Q = \core.capture.position, rval = 10'0000000000).
Adding EN signal on $auto$ff.cc:337:slice$4466 ($sdff) from module known_pnr_probe (D = $flatten\core.\capture.$procmux$4031_Y, Q = \core.capture.position).
Adding SRST signal on $flatten\core.\capture.$procdff$4211 ($dff) from module known_pnr_probe (D = $flatten\core.\capture.$procmux$4021_Y, Q = \core.capture.current_id, rval = 0).
Adding EN signal on $auto$ff.cc:337:slice$4472 ($sdff) from module known_pnr_probe (D = \frame_id, Q = \core.capture.current_id).
Adding SRST signal on $flatten\core.\capture.$procdff$4212 ($dff) from module known_pnr_probe (D = $flatten\core.\capture.$procmux$4007_Y, Q = \core.capture.sum, rval = 0).
Adding EN signal on $auto$ff.cc:337:slice$4480 ($sdff) from module known_pnr_probe (D = $flatten\core.\capture.$procmux$4002_Y, Q = \core.capture.sum).
Adding SRST signal on $flatten\core.$procdff$4166 ($dff) from module known_pnr_probe (D = $flatten\core.$procmux$2509_Y, Q = \core.wide_b, rval = 0).
Adding EN signal on $auto$ff.cc:337:slice$4486 ($sdff) from module known_pnr_probe (D = $flatten\core.$procmux$2509_Y, Q = \core.wide_b).
Adding SRST signal on $flatten\core.$procdff$4155 ($dff) from module known_pnr_probe (D = { $flatten\core.$procmux$1383_Y $flatten\core.$procmux$1402_Y $flatten\core.$procmux$1523_Y $flatten\core.$procmux$1612_Y }, Q = \core.arithmetic_error, rval = 8'00000000).
Adding EN signal on $auto$ff.cc:337:slice$4496 ($sdff) from module known_pnr_probe (D = 5'00000, Q = \core.arithmetic_error [7:3]).
Adding EN signal on $auto$ff.cc:337:slice$4496 ($sdff) from module known_pnr_probe (D = $flatten\core.$procmux$1402_Y, Q = \core.arithmetic_error [2]).
Adding EN signal on $auto$ff.cc:337:slice$4496 ($sdff) from module known_pnr_probe (D = $flatten\core.$procmux$1523_Y, Q = \core.arithmetic_error [1]).
Adding EN signal on $auto$ff.cc:337:slice$4496 ($sdff) from module known_pnr_probe (D = $flatten\core.$procmux$1612_Y, Q = \core.arithmetic_error [0]).
Adding SRST signal on $flatten\core.$procdff$4154 ($dff) from module known_pnr_probe (D = $flatten\core.$procmux$2795_Y, Q = \core.clip_window, rval = 8'00000000).
Adding EN signal on $auto$ff.cc:337:slice$4541 ($sdff) from module known_pnr_probe (D = $flatten\core.$procmux$2795_Y, Q = \core.clip_window).
Adding SRST signal on $flatten\core.$procdff$4153 ($dff) from module known_pnr_probe (D = $flatten\core.$procmux$2812_Y, Q = \core.previous_valid, rval = 1'0).
Adding EN signal on $auto$ff.cc:337:slice$4553 ($sdff) from module known_pnr_probe (D = 1'1, Q = \core.previous_valid).
Adding SRST signal on $flatten\core.$procdff$4152 ($dff) from module known_pnr_probe (D = $flatten\core.$procmux$2819_Y, Q = \core.previous_id, rval = 0).
Adding EN signal on $auto$ff.cc:337:slice$4555 ($sdff) from module known_pnr_probe (D = \core.active_id, Q = \core.previous_id).
Adding SRST signal on $flatten\core.$procdff$4151 ($dff) from module known_pnr_probe (D = $flatten\core.$procmux$2853_Y, Q = \core.clip_id, rval = 0).
Adding EN signal on $auto$ff.cc:337:slice$4557 ($sdff) from module known_pnr_probe (D = \core.window_id, Q = \core.clip_id).
Adding SRST signal on $flatten\core.$procdff$4150 ($dff) from module known_pnr_probe (D = $flatten\core.$procmux$2885_Y, Q = \core.active_id, rval = 0).
Adding EN signal on $auto$ff.cc:337:slice$4561 ($sdff) from module known_pnr_probe (D = \core.window_id, Q = \core.active_id).
Adding EN signal on $flatten\core.$procdff$4149 ($dff) from module known_pnr_probe (D = $flatten\core.$memrd$\log_table$rtl/core/known_spectral_core.sv:127$1039_DATA, Q = \core.log_q).
Adding EN signal on $flatten\core.$procdff$4148 ($dff) from module known_pnr_probe (D = $flatten\core.$memrd$\weights$rtl/core/known_spectral_core.sv:127$1042_DATA, Q = \core.weight_q).
Adding EN signal on $flatten\core.$procdff$4147 ($dff) from module known_pnr_probe (D = $flatten\core.$memrd$\gains$rtl/core/known_spectral_core.sv:127$1041_DATA, Q = \core.gain_q).
Adding EN signal on $flatten\core.$procdff$4146 ($dff) from module known_pnr_probe (D = $flatten\core.$memrd$\means$rtl/core/known_spectral_core.sv:127$1040_DATA, Q = \core.mean_q).
Adding SRST signal on $flatten\core.$procdff$4145 ($dff) from module known_pnr_probe (D = $flatten\core.$procmux$2925_Y, Q = \core.mean, rval = 16'0000000000000000).
Adding EN signal on $auto$ff.cc:337:slice$4569 ($sdff) from module known_pnr_probe (D = $flatten\core.$add$rtl/core/known_spectral_core.sv:73$1095_Y [15:0], Q = \core.mean).
Adding EN signal on $flatten\core.$procdff$4144 ($dff) from module known_pnr_probe (D = $flatten\core.$memrd$\windowed$rtl/core/known_spectral_core.sv:124$1031_DATA, Q = \core.sample_q).
Adding SRST signal on $flatten\core.$procdff$4143 ($dff) from module known_pnr_probe (D = $flatten\core.$procmux$2956_Y, Q = \core.point, rval = 10'0000000000).
Adding EN signal on $auto$ff.cc:337:slice$4574 ($sdff) from module known_pnr_probe (D = $flatten\core.$procmux$2956_Y, Q = \core.point).
Adding SRST signal on $flatten\core.$procdff$4142 ($dff) from module known_pnr_probe (D = $flatten\core.$procmux$2992_Y, Q = \core.active_bank, rval = 1'0).
Adding EN signal on $auto$ff.cc:337:slice$4584 ($sdff) from module known_pnr_probe (D = \core.capture.head_bank, Q = \core.active_bank).
Adding SRST signal on $flatten\core.$procdff$4141 ($dff) from module known_pnr_probe (D = $flatten\core.$procmux$3000_Y, Q = \core.state, rval = 5'00000).
Adding EN signal on $auto$ff.cc:337:slice$4588 ($sdff) from module known_pnr_probe (D = $flatten\core.$procmux$3000_Y, Q = \core.state).
Adding SRST signal on $flatten\core.$procdff$4135 ($dff) from module known_pnr_probe (D = $flatten\core.$procmux$3221_Y, Q = \core.cycles_total, rval = 0).
Adding SRST signal on $flatten\core.$procdff$4134 ($dff) from module known_pnr_probe (D = $flatten\core.$procmux$3266_Y, Q = \core.cycles_nn, rval = 0).
Adding SRST signal on $flatten\core.$procdff$4133 ($dff) from module known_pnr_probe (D = $flatten\core.$procmux$3311_Y, Q = \core.cycles_power, rval = 0).
Adding SRST signal on $flatten\core.$procdff$4132 ($dff) from module known_pnr_probe (D = $flatten\core.$procmux$3353_Y, Q = \core.cycles_dft, rval = 0).
Adding SRST signal on $flatten\core.$procdff$4131 ($dff) from module known_pnr_probe (D = $flatten\core.$procmux$3392_Y, Q = \core.cycles_pre, rval = 0).
Adding SRST signal on $flatten\core.$procdff$4130 ($dff) from module known_pnr_probe (D = $flatten\core.$procmux$3402_Y, Q = \core.out_frame_id, rval = 0).
Adding EN signal on $auto$ff.cc:337:slice$4609 ($sdff) from module known_pnr_probe (D = \core.clip_id, Q = \core.out_frame_id).
Adding SRST signal on $flatten\core.$procdff$4129 ($dff) from module known_pnr_probe (D = $flatten\core.$procmux$3412_Y, Q = \core.out_score, rval = 0).
Adding EN signal on $auto$ff.cc:337:slice$4613 ($sdff) from module known_pnr_probe (D = \core.score, Q = \core.out_score).
Adding SRST signal on $flatten\core.$procdff$4128 ($dff) from module known_pnr_probe (D = $flatten\core.$procmux$3422_Y, Q = \core.out_error, rval = 8'00000000).
Adding EN signal on $auto$ff.cc:337:slice$4617 ($sdff) from module known_pnr_probe (D = \core.arithmetic_error, Q = \core.out_error).
Adding SRST signal on $flatten\core.$procdff$4127 ($dff) from module known_pnr_probe (D = $flatten\core.$procmux$3432_Y, Q = \core.out_class, rval = 1'0).
Adding EN signal on $auto$ff.cc:337:slice$4621 ($sdff) from module known_pnr_probe (D = $flatten\core.$gt$rtl/core/known_spectral_core.sv:259$1217_Y, Q = \core.out_class).
Adding SRST signal on $flatten\core.$procdff$4126 ($dff) from module known_pnr_probe (D = $flatten\core.$procmux$3441_Y, Q = \core.score, rval = 441).
Adding EN signal on $auto$ff.cc:337:slice$4625 ($sdff) from module known_pnr_probe (D = $flatten\core.$procmux$3441_Y, Q = \core.score).
Adding SRST signal on $flatten\core.$procdff$4125 ($dff) from module known_pnr_probe (D = $flatten\core.$procmux$3455_Y, Q = \core.out_valid, rval = 1'0).
Adding EN signal on $auto$ff.cc:337:slice$4635 ($sdff) from module known_pnr_probe (D = $flatten\core.$procmux$3455_Y, Q = \core.out_valid).
Adding EN signal on $flatten\core.$procdff$4123 ($dff) from module known_pnr_probe (D = $flatten\core.$mul$rtl/core/known_spectral_core.sv:106$1277_Y, Q = \core.product[0]).
Adding EN signal on $flatten\core.$procdff$4122 ($dff) from module known_pnr_probe (D = $flatten\core.$mul$rtl/core/known_spectral_core.sv:106$1284_Y, Q = \core.product[1]).
Adding EN signal on $flatten\core.$procdff$4121 ($dff) from module known_pnr_probe (D = $flatten\core.$mul$rtl/core/known_spectral_core.sv:106$1291_Y, Q = \core.product[2]).
Adding EN signal on $flatten\core.$procdff$4120 ($dff) from module known_pnr_probe (D = $flatten\core.$mul$rtl/core/known_spectral_core.sv:106$1298_Y, Q = \core.product[3]).
Adding SRST signal on $flatten\core.$procdff$4156 ($dff) from module known_pnr_probe (D = $flatten\core.$procmux$2751_Y, Q = \core.component_base, rval = 11'00000000000).
Adding EN signal on $auto$ff.cc:337:slice$4647 ($sdff) from module known_pnr_probe (D = $flatten\core.$procmux$2751_Y, Q = \core.component_base).
Adding SRST signal on $flatten\core.$procdff$4174 ($dff) from module known_pnr_probe (D = $flatten\core.$procmux$2375_Y, Q = \core.difference, rval = 0).
Adding EN signal on $auto$ff.cc:337:slice$4659 ($sdff) from module known_pnr_probe (D = $flatten\core.$sub$rtl/core/known_spectral_core.sv:241$1205_Y, Q = \core.difference).
Adding SRST signal on $flatten\core.$procdff$4187 ($dff) from module known_pnr_probe (D = $flatten\core.$procmux$2039_Y, Q = \core.accumulator[3], rval = 48'000000000000000000000000000000000000000000000000).
Adding EN signal on $auto$ff.cc:337:slice$4661 ($sdff) from module known_pnr_probe (D = $flatten\core.$procmux$2039_Y, Q = \core.accumulator[3]).
Adding SRST signal on $flatten\core.$procdff$4186 ($dff) from module known_pnr_probe (D = $flatten\core.$procmux$2067_Y, Q = \core.accumulator[2], rval = 48'000000000000000000000000000000000000000000000000).
Adding EN signal on $auto$ff.cc:337:slice$4669 ($sdff) from module known_pnr_probe (D = $flatten\core.$procmux$2067_Y, Q = \core.accumulator[2]).
Adding SRST signal on $flatten\core.$procdff$4171 ($dff) from module known_pnr_probe (D = $flatten\core.$procmux$2415_Y, Q = \core.window_power, rval = 64'0000000000000000000000000000000000000000000000000000000000000000).
Adding EN signal on $auto$ff.cc:337:slice$4677 ($sdff) from module known_pnr_probe (D = \core.rounded_power, Q = \core.window_power).
Adding SRST signal on $flatten\core.$procdff$4185 ($dff) from module known_pnr_probe (D = $flatten\core.$procmux$2095_Y, Q = \core.accumulator[1], rval = 48'000000000000000000000000000000000000000000000000).
Adding EN signal on $auto$ff.cc:337:slice$4685 ($sdff) from module known_pnr_probe (D = $flatten\core.$procmux$2095_Y, Q = \core.accumulator[1]).
Adding SRST signal on $flatten\core.$procdff$4184 ($dff) from module known_pnr_probe (D = $flatten\core.$procmux$2123_Y, Q = \core.accumulator[0], rval = 48'000000000000000000000000000000000000000000000000).
Adding EN signal on $auto$ff.cc:337:slice$4693 ($sdff) from module known_pnr_probe (D = $flatten\core.$procmux$2123_Y, Q = \core.accumulator[0]).
Adding SRST signal on $flatten\core.$procdff$4157 ($dff) from module known_pnr_probe (D = $flatten\core.$procmux$2736_Y, Q = \core.issued, rval = 11'00000000000).
Adding EN signal on $auto$ff.cc:337:slice$4701 ($sdff) from module known_pnr_probe (D = $flatten\core.$procmux$2736_Y, Q = \core.issued).
Adding SRST signal on $flatten\core.$procdff$4158 ($dff) from module known_pnr_probe (D = $flatten\core.$procmux$2708_Y, Q = \core.retired, rval = 11'00000000000).
Adding EN signal on $auto$ff.cc:337:slice$4709 ($sdff) from module known_pnr_probe (D = $flatten\core.$procmux$2708_Y, Q = \core.retired).
Adding SRST signal on $flatten\core.$procdff$4159 ($dff) from module known_pnr_probe (D = $flatten\core.$procmux$2675_Y, Q = \core.lane_store, rval = 2'00).
Adding EN signal on $auto$ff.cc:337:slice$4717 ($sdff) from module known_pnr_probe (D = $flatten\core.$procmux$2675_Y, Q = \core.lane_store).
Adding SRST signal on $flatten\core.$procdff$4160 ($dff) from module known_pnr_probe (D = $flatten\core.$procmux$2663_Y, Q = \core.valid0, rval = 1'0).
Adding EN signal on $auto$ff.cc:337:slice$4729 ($sdff) from module known_pnr_probe (D = $flatten\core.$procmux$2663_Y, Q = \core.valid0).
Adding SRST signal on $flatten\core.$procdff$4161 ($dff) from module known_pnr_probe (D = $flatten\core.$procmux$2638_Y, Q = \core.valid1, rval = 1'0).
Adding EN signal on $auto$ff.cc:337:slice$4733 ($sdff) from module known_pnr_probe (D = $flatten\core.$procmux$2638_Y, Q = \core.valid1).
Adding SRST signal on $flatten\core.$procdff$4162 ($dff) from module known_pnr_probe (D = $flatten\core.$procmux$2614_Y, Q = \core.real_part, rval = 0).
Adding EN signal on $auto$ff.cc:337:slice$4737 ($sdff) from module known_pnr_probe (D = \core.rne$func$rtl/core/known_spectral_core.sv:76$940.$result [31:0], Q = \core.real_part).
Adding SRST signal on $flatten\core.$procdff$4181 ($dff) from module known_pnr_probe (D = $flatten\core.$procmux$2207_Y, Q = \core.phases[1], rval = 10'0000000000).
Adding EN signal on $auto$ff.cc:337:slice$4743 ($sdff) from module known_pnr_probe (D = $flatten\core.$procmux$2207_Y, Q = \core.phases[1]).
Adding SRST signal on $flatten\core.$procdff$4163 ($dff) from module known_pnr_probe (D = $flatten\core.$procmux$2588_Y, Q = \core.imag_part, rval = 0).
Adding EN signal on $auto$ff.cc:337:slice$4751 ($sdff) from module known_pnr_probe (D = \core.rne$func$rtl/core/known_spectral_core.sv:76$940.$result [31:0], Q = \core.imag_part).
Setting constant 0-bit at position 0 on $auto$ff.cc:337:slice$4497 ($sdffe) from module known_pnr_probe.
Setting constant 0-bit at position 1 on $auto$ff.cc:337:slice$4497 ($sdffe) from module known_pnr_probe.
Setting constant 0-bit at position 2 on $auto$ff.cc:337:slice$4497 ($sdffe) from module known_pnr_probe.
Setting constant 0-bit at position 3 on $auto$ff.cc:337:slice$4497 ($sdffe) from module known_pnr_probe.
Setting constant 0-bit at position 4 on $auto$ff.cc:337:slice$4497 ($sdffe) from module known_pnr_probe.

7.14.7. Executing OPT_CLEAN pass (remove unused cells and wires).
Finding unused cells or wires in module \known_pnr_probe..
Removed 149 unused cells and 156 unused wires.
<suppressed ~150 debug messages>

7.14.8. Executing OPT_EXPR pass (perform const folding).
Optimizing module known_pnr_probe.
<suppressed ~29 debug messages>

7.14.9. Rerunning OPT passes. (Maybe there is more to do..)

7.14.10. Executing OPT_MUXTREE pass (detect dead branches in mux trees).
Running muxtree optimizer on module \known_pnr_probe..
  Creating internal representation of mux trees.
  Evaluating internal representation of mux trees.
  Analyzing evaluation results.
Removed 0 multiplexer ports.
<suppressed ~368 debug messages>

7.14.11. Executing OPT_REDUCE pass (consolidate $*mux and $reduce_* inputs).
  Optimizing cells in module \known_pnr_probe.
Performed a total of 0 changes.

7.14.12. Executing OPT_MERGE pass (detect identical cells).
Finding identical cells in module `\known_pnr_probe'.
Computing hashes of 778 cells of `\known_pnr_probe'.
Finding duplicate cells in `\known_pnr_probe'.
Computing hashes of 714 cells of `\known_pnr_probe'.
Finding duplicate cells in `\known_pnr_probe'.
Computing hashes of 699 cells of `\known_pnr_probe'.
Finding duplicate cells in `\known_pnr_probe'.
<suppressed ~237 debug messages>
Removed a total of 79 cells.

7.14.13. Executing OPT_DFF pass (perform DFF optimizations).
Setting constant 0-bit at position 3 on $auto$ff.cc:337:slice$4618 ($sdffe) from module known_pnr_probe.
Setting constant 0-bit at position 4 on $auto$ff.cc:337:slice$4618 ($sdffe) from module known_pnr_probe.
Setting constant 0-bit at position 5 on $auto$ff.cc:337:slice$4618 ($sdffe) from module known_pnr_probe.
Setting constant 0-bit at position 6 on $auto$ff.cc:337:slice$4618 ($sdffe) from module known_pnr_probe.
Setting constant 0-bit at position 7 on $auto$ff.cc:337:slice$4618 ($sdffe) from module known_pnr_probe.

7.14.14. Executing OPT_CLEAN pass (remove unused cells and wires).
Finding unused cells or wires in module \known_pnr_probe..
Removed 0 unused cells and 79 unused wires.
<suppressed ~1 debug messages>

7.14.15. Executing OPT_EXPR pass (perform const folding).
Optimizing module known_pnr_probe.

7.14.16. Rerunning OPT passes. (Maybe there is more to do..)

7.14.17. Executing OPT_MUXTREE pass (detect dead branches in mux trees).
Running muxtree optimizer on module \known_pnr_probe..
  Creating internal representation of mux trees.
  Evaluating internal representation of mux trees.
  Analyzing evaluation results.
Removed 0 multiplexer ports.
<suppressed ~373 debug messages>

7.14.18. Executing OPT_REDUCE pass (consolidate $*mux and $reduce_* inputs).
  Optimizing cells in module \known_pnr_probe.
Performed a total of 0 changes.

7.14.19. Executing OPT_MERGE pass (detect identical cells).
Finding identical cells in module `\known_pnr_probe'.
Computing hashes of 699 cells of `\known_pnr_probe'.
Finding duplicate cells in `\known_pnr_probe'.
Removed a total of 0 cells.

7.14.20. Executing OPT_DFF pass (perform DFF optimizations).

7.14.21. Executing OPT_CLEAN pass (remove unused cells and wires).
Finding unused cells or wires in module \known_pnr_probe..

7.14.22. Executing OPT_EXPR pass (perform const folding).
Optimizing module known_pnr_probe.

7.14.23. Finished fast OPT passes. (There is nothing left to do.)

7.15. Executing WREDUCE pass (reducing word size of cells).
Removed top 23 address bits (of 32) from memory init port known_pnr_probe.$flatten\core.$meminit$\means$rtl/core/known_spectral_core.sv:44$1219 (core.means).
Removed top 23 address bits (of 32) from memory init port known_pnr_probe.$flatten\core.$meminit$\gains$rtl/core/known_spectral_core.sv:45$1220 (core.gains).
Removed top 23 address bits (of 32) from memory init port known_pnr_probe.$flatten\core.$meminit$\weights$rtl/core/known_spectral_core.sv:46$1221 (core.weights).
Removed top 31 address bits (of 32) from memory init port known_pnr_probe.$flatten\core.\capture.$auto$proc_memwr.cc:45:proc_memwr$4242 (core.capture.sums).
Removed top 31 address bits (of 32) from memory init port known_pnr_probe.$flatten\core.\capture.$auto$proc_memwr.cc:45:proc_memwr$4241 (core.capture.sums).
Removed top 31 address bits (of 32) from memory init port known_pnr_probe.$flatten\core.\capture.$auto$proc_memwr.cc:45:proc_memwr$4240 (core.capture.ids).
Removed top 31 address bits (of 32) from memory init port known_pnr_probe.$flatten\core.\capture.$auto$proc_memwr.cc:45:proc_memwr$4239 (core.capture.ids).
Removed top 22 address bits (of 32) from memory init port known_pnr_probe.$flatten\core.$meminit$\log_table$rtl/core/known_spectral_core.sv:47$1222 (core.log_table).
Removed top 24 address bits (of 32) from memory init port known_pnr_probe.$flatten\core.\lanes[0].rom.$meminit$\quarter$rtl/core/vib_coeff_rom.sv:24$763 (core.lanes[0].rom.quarter).
Removed top 24 address bits (of 32) from memory init port known_pnr_probe.$flatten\core.\lanes[1].rom.$meminit$\quarter$rtl/core/vib_coeff_rom.sv:24$763 (core.lanes[1].rom.quarter).
Removed top 24 address bits (of 32) from memory init port known_pnr_probe.$flatten\core.\lanes[2].rom.$meminit$\quarter$rtl/core/vib_coeff_rom.sv:24$763 (core.lanes[2].rom.quarter).
Removed top 24 address bits (of 32) from memory init port known_pnr_probe.$flatten\core.\lanes[3].rom.$meminit$\quarter$rtl/core/vib_coeff_rom.sv:24$763 (core.lanes[3].rom.quarter).
Removed top 1 bits (of 2) from port B of cell known_pnr_probe.$auto$simple.cc:194:make_patterns_logic$4722 ($ne).
Removed top 1 bits (of 2) from port B of cell known_pnr_probe.$auto$simple.cc:194:make_patterns_logic$4652 ($ne).
Removed top 1 bits (of 2) from port B of cell known_pnr_probe.$auto$simple.cc:194:make_patterns_logic$4640 ($ne).
Removed top 1 bits (of 2) from port B of cell known_pnr_probe.$auto$simple.cc:194:make_patterns_logic$4601 ($ne).
Removed top 1 bits (of 3) from port B of cell known_pnr_probe.$auto$simple.cc:194:make_patterns_logic$4595 ($ne).
Removed top 1 bits (of 3) from port B of cell known_pnr_probe.$auto$simple.cc:194:make_patterns_logic$4593 ($ne).
Removed top 1 bits (of 2) from port B of cell known_pnr_probe.$auto$simple.cc:194:make_patterns_logic$4512 ($ne).
Removed top 1 bits (of 2) from port B of cell known_pnr_probe.$auto$simple.cc:194:make_patterns_logic$4506 ($ne).
Removed top 1 bits (of 2) from port B of cell known_pnr_probe.$auto$simple.cc:194:make_patterns_logic$4493 ($ne).
Removed top 1 bits (of 2) from port B of cell known_pnr_probe.$auto$simple.cc:194:make_patterns_logic$4429 ($ne).
Removed top 2 bits (of 3) from port B of cell known_pnr_probe.$auto$simple.cc:194:make_patterns_logic$4413 ($ne).
Removed top 1 bits (of 2) from port B of cell known_pnr_probe.$auto$simple.cc:194:make_patterns_logic$4357 ($ne).
Removed top 1 bits (of 3) from port B of cell known_pnr_probe.$auto$simple.cc:194:make_patterns_logic$4349 ($ne).
Removed top 31 bits (of 32) from port B of cell known_pnr_probe.$add$sim/known_pnr_probe.sv:10$397 ($add).
Removed top 1 bits (of 2) from port B of cell known_pnr_probe.$flatten\core.\lanes[3].rom.$eq$rtl/core/vib_coeff_rom.sv:29$755 ($eq).
Removed top 1 bits (of 2) from port B of cell known_pnr_probe.$flatten\core.\lanes[2].rom.$eq$rtl/core/vib_coeff_rom.sv:29$755 ($eq).
Removed top 1 bits (of 2) from port B of cell known_pnr_probe.$flatten\core.\lanes[1].rom.$eq$rtl/core/vib_coeff_rom.sv:29$755 ($eq).
Removed top 1 bits (of 2) from port B of cell known_pnr_probe.$flatten\core.\lanes[0].rom.$eq$rtl/core/vib_coeff_rom.sv:29$755 ($eq).
Converting cell known_pnr_probe.$flatten\core.\capture.$add$rtl/core/known_capture.sv:23$779 ($add) from unsigned to signed.
Removed top 1 bits (of 16) from port A of cell known_pnr_probe.$flatten\core.\capture.$add$rtl/core/known_capture.sv:23$779 ($add).
Removed top 14 bits (of 16) from port B of cell known_pnr_probe.$flatten\core.\capture.$add$rtl/core/known_capture.sv:23$779 ($add).
Removed top 30 bits (of 32) from port Y of cell known_pnr_probe.$flatten\core.\capture.$or$rtl/core/known_capture.sv:41$873 ($or).
Removed top 30 bits (of 32) from port A of cell known_pnr_probe.$flatten\core.\capture.$or$rtl/core/known_capture.sv:41$873 ($or).
Removed top 30 bits (of 32) from port B of cell known_pnr_probe.$flatten\core.\capture.$or$rtl/core/known_capture.sv:41$873 ($or).
Converting cell known_pnr_probe.$flatten\core.\capture.$neg$rtl/core/known_capture.sv:41$878 ($neg) from signed to unsigned.
Removed top 1 bits (of 2) from port A of cell known_pnr_probe.$flatten\core.\capture.$neg$rtl/core/known_capture.sv:41$878 ($neg).
Removed top 30 bits (of 32) from port Y of cell known_pnr_probe.$flatten\core.\capture.$or$rtl/core/known_capture.sv:41$880 ($or).
Removed top 30 bits (of 32) from port A of cell known_pnr_probe.$flatten\core.\capture.$or$rtl/core/known_capture.sv:41$880 ($or).
Removed top 30 bits (of 32) from port B of cell known_pnr_probe.$flatten\core.\capture.$or$rtl/core/known_capture.sv:41$880 ($or).
Converting cell known_pnr_probe.$flatten\core.\capture.$neg$rtl/core/known_capture.sv:42$888 ($neg) from signed to unsigned.
Removed top 1 bits (of 2) from port A of cell known_pnr_probe.$flatten\core.\capture.$neg$rtl/core/known_capture.sv:42$888 ($neg).
Removed top 30 bits (of 32) from port Y of cell known_pnr_probe.$flatten\core.\capture.$or$rtl/core/known_capture.sv:42$890 ($or).
Removed top 30 bits (of 32) from port A of cell known_pnr_probe.$flatten\core.\capture.$or$rtl/core/known_capture.sv:42$890 ($or).
Removed top 30 bits (of 32) from port B of cell known_pnr_probe.$flatten\core.\capture.$or$rtl/core/known_capture.sv:42$890 ($or).
Removed top 31 bits (of 32) from port B of cell known_pnr_probe.$flatten\core.\capture.$add$rtl/core/known_capture.sv:44$900 ($add).
Removed top 31 bits (of 32) from port B of cell known_pnr_probe.$flatten\core.\capture.$add$rtl/core/known_capture.sv:47$917 ($add).
Converting cell known_pnr_probe.$flatten\core.\capture.$neg$rtl/core/known_capture.sv:52$934 ($neg) from signed to unsigned.
Removed top 1 bits (of 2) from port A of cell known_pnr_probe.$flatten\core.\capture.$neg$rtl/core/known_capture.sv:52$934 ($neg).
Removed top 30 bits (of 32) from port Y of cell known_pnr_probe.$flatten\core.\capture.$or$rtl/core/known_capture.sv:52$936 ($or).
Removed top 30 bits (of 32) from port A of cell known_pnr_probe.$flatten\core.\capture.$or$rtl/core/known_capture.sv:52$936 ($or).
Removed top 30 bits (of 32) from port B of cell known_pnr_probe.$flatten\core.\capture.$or$rtl/core/known_capture.sv:52$936 ($or).
Removed top 16 bits (of 32) from port B of cell known_pnr_probe.$flatten\core.\capture.$add$rtl/core/known_capture.sv:53$939 ($add).
Removed top 2 bits (of 5) from mux cell known_pnr_probe.$flatten\core.$procmux$3066 ($mux).
Removed top 1 bits (of 5) from port B of cell known_pnr_probe.$flatten\core.$procmux$3052_CMP0 ($eq).
Removed top 2 bits (of 5) from mux cell known_pnr_probe.$flatten\core.$procmux$3041 ($mux).
Removed top 1 bits (of 5) from port B of cell known_pnr_probe.$flatten\core.$procmux$3038_CMP0 ($eq).
Removed top 2 bits (of 5) from mux cell known_pnr_probe.$flatten\core.$procmux$3035 ($mux).
Removed top 3 bits (of 5) from port B of cell known_pnr_probe.$flatten\core.$procmux$2756_CMP0 ($eq).
Removed top 2 bits (of 5) from port B of cell known_pnr_probe.$flatten\core.$procmux$2461_CMP0 ($eq).
Removed top 1 bits (of 5) from port B of cell known_pnr_probe.$flatten\core.$procmux$2304_CMP0 ($eq).
Removed top 1 bits (of 5) from port B of cell known_pnr_probe.$flatten\core.$procmux$2261_CMP0 ($eq).
Removed top 1 bits (of 5) from port B of cell known_pnr_probe.$flatten\core.$procmux$2260_CMP0 ($eq).
Removed top 2 bits (of 5) from port B of cell known_pnr_probe.$flatten\core.$procmux$2041_CMP0 ($eq).
Removed top 2 bits (of 5) from port B of cell known_pnr_probe.$flatten\core.$procmux$2040_CMP0 ($eq).
Removed top 1 bits (of 5) from port B of cell known_pnr_probe.$flatten\core.$procmux$1910_CMP0 ($eq).
Removed top 3 bits (of 5) from port B of cell known_pnr_probe.$flatten\core.$procmux$1613_CMP0 ($eq).
Removed top 2 bits (of 5) from port B of cell known_pnr_probe.$flatten\core.$procmux$1524_CMP0 ($eq).
Removed top 1 bits (of 5) from port B of cell known_pnr_probe.$flatten\core.$procmux$1403_CMP0 ($eq).
Removed top 1 bits (of 5) from port B of cell known_pnr_probe.$flatten\core.$procmux$1350_CMP0 ($eq).
Removed top 1 bits (of 2) from port B of cell known_pnr_probe.$flatten\core.$procmux$1315_CMP0 ($eq).
Removed top 4 bits (of 5) from port B of cell known_pnr_probe.$flatten\core.$eq$rtl/core/known_spectral_core.sv:103$1271 ($eq).
Converting cell known_pnr_probe.$flatten\core.$add$rtl/core/known_spectral_core.sv:73$1270 ($add) from unsigned to signed.
Removed top 24 bits (of 64) from port A of cell known_pnr_probe.$flatten\core.$add$rtl/core/known_spectral_core.sv:73$1270 ($add).
Removed top 62 bits (of 64) from port B of cell known_pnr_probe.$flatten\core.$add$rtl/core/known_spectral_core.sv:73$1270 ($add).
Removed top 23 bits (of 64) from port Y of cell known_pnr_probe.$flatten\core.$add$rtl/core/known_spectral_core.sv:73$1270 ($add).
Removed top 40 bits (of 64) from port A of cell known_pnr_probe.$flatten\core.$gt$rtl/core/known_spectral_core.sv:73$1266 ($gt).
Removed top 40 bits (of 64) from port B of cell known_pnr_probe.$flatten\core.$gt$rtl/core/known_spectral_core.sv:73$1266 ($gt).
Converting cell known_pnr_probe.$flatten\core.$add$rtl/core/known_spectral_core.sv:73$1256 ($add) from unsigned to signed.
Removed top 47 bits (of 64) from port A of cell known_pnr_probe.$flatten\core.$add$rtl/core/known_spectral_core.sv:73$1256 ($add).
Removed top 62 bits (of 64) from port B of cell known_pnr_probe.$flatten\core.$add$rtl/core/known_spectral_core.sv:73$1256 ($add).
Removed top 48 bits (of 64) from port Y of cell known_pnr_probe.$flatten\core.$add$rtl/core/known_spectral_core.sv:73$1256 ($add).
Removed top 1 bits (of 17) from port A of cell known_pnr_probe.$flatten\core.$add$rtl/core/known_spectral_core.sv:73$1256 ($add).
Removed top 49 bits (of 64) from port A of cell known_pnr_probe.$flatten\core.$gt$rtl/core/known_spectral_core.sv:73$1252 ($gt).
Removed top 49 bits (of 64) from port B of cell known_pnr_probe.$flatten\core.$gt$rtl/core/known_spectral_core.sv:73$1252 ($gt).
Converting cell known_pnr_probe.$flatten\core.$add$rtl/core/known_spectral_core.sv:73$1242 ($add) from unsigned to signed.
Removed top 24 bits (of 64) from port A of cell known_pnr_probe.$flatten\core.$add$rtl/core/known_spectral_core.sv:73$1242 ($add).
Removed top 62 bits (of 64) from port B of cell known_pnr_probe.$flatten\core.$add$rtl/core/known_spectral_core.sv:73$1242 ($add).
Removed top 23 bits (of 64) from port Y of cell known_pnr_probe.$flatten\core.$add$rtl/core/known_spectral_core.sv:73$1242 ($add).
Removed top 56 bits (of 64) from port A of cell known_pnr_probe.$flatten\core.$gt$rtl/core/known_spectral_core.sv:73$1238 ($gt).
Removed top 56 bits (of 64) from port B of cell known_pnr_probe.$flatten\core.$gt$rtl/core/known_spectral_core.sv:73$1238 ($gt).
Removed top 20 bits (of 32) from port B of cell known_pnr_probe.$flatten\core.$gt$rtl/core/known_spectral_core.sv:259$1217 ($gt).
Removed top 21 bits (of 32) from port B of cell known_pnr_probe.$flatten\core.$lt$rtl/core/known_spectral_core.sv:253$1214 ($lt).
Removed top 29 bits (of 32) from port B of cell known_pnr_probe.$flatten\core.$add$rtl/core/known_spectral_core.sv:253$1213 ($add).
Removed top 20 bits (of 32) from port Y of cell known_pnr_probe.$flatten\core.$add$rtl/core/known_spectral_core.sv:253$1213 ($add).
Removed top 21 bits (of 32) from port B of cell known_pnr_probe.$flatten\core.$lt$rtl/core/known_spectral_core.sv:235$1198 ($lt).
Removed top 20 bits (of 32) from port B of cell known_pnr_probe.$flatten\core.$ge$rtl/core/known_spectral_core.sv:234$1195 ($ge).
Removed top 27 bits (of 32) from mux cell known_pnr_probe.$flatten\core.$ternary$rtl/core/known_spectral_core.sv:228$1192 ($mux).
Removed top 1 bits (of 65) from port B of cell known_pnr_probe.$flatten\core.$gt$rtl/core/known_spectral_core.sv:222$1188 ($gt).
Removed top 1 bits (of 65) from port A of cell known_pnr_probe.$flatten\core.$add$rtl/core/known_spectral_core.sv:222$1187 ($add).
Removed top 1 bits (of 65) from port B of cell known_pnr_probe.$flatten\core.$add$rtl/core/known_spectral_core.sv:222$1187 ($add).
Removed top 26 bits (of 33) from port A of cell known_pnr_probe.$flatten\core.$neg$rtl/core/known_spectral_core.sv:217$1182 ($neg).
Converting cell known_pnr_probe.$flatten\core.$neg$rtl/core/known_spectral_core.sv:217$1182 ($neg) from signed to unsigned.
Removed top 1 bits (of 7) from port A of cell known_pnr_probe.$flatten\core.$neg$rtl/core/known_spectral_core.sv:217$1182 ($neg).
Removed top 23 bits (of 64) from port A of cell known_pnr_probe.$flatten\core.$lt$rtl/core/known_spectral_core.sv:209$1169 ($lt).
Removed top 56 bits (of 64) from port B of cell known_pnr_probe.$flatten\core.$lt$rtl/core/known_spectral_core.sv:209$1169 ($lt).
Removed top 23 bits (of 64) from port A of cell known_pnr_probe.$flatten\core.$gt$rtl/core/known_spectral_core.sv:209$1168 ($gt).
Removed top 24 bits (of 32) from port B of cell known_pnr_probe.$flatten\core.$gt$rtl/core/known_spectral_core.sv:209$1168 ($gt).
Removed top 23 bits (of 64) from port A of cell known_pnr_probe.$flatten\core.$lt$rtl/core/known_spectral_core.sv:188$1148 ($lt).
Removed top 32 bits (of 64) from port B of cell known_pnr_probe.$flatten\core.$lt$rtl/core/known_spectral_core.sv:188$1148 ($lt).
Removed top 23 bits (of 64) from port A of cell known_pnr_probe.$flatten\core.$gt$rtl/core/known_spectral_core.sv:188$1147 ($gt).
Removed top 32 bits (of 64) from port B of cell known_pnr_probe.$flatten\core.$gt$rtl/core/known_spectral_core.sv:188$1147 ($gt).
Removed top 1 bits (of 11) from port B of cell known_pnr_probe.$flatten\core.$eq$rtl/core/known_spectral_core.sv:183$1144 ($eq).
Removed top 22 bits (of 32) from port Y of cell known_pnr_probe.$flatten\core.$add$rtl/core/known_spectral_core.sv:178$1138 ($add).
Removed top 1 bits (of 32) from port A of cell known_pnr_probe.$flatten\core.$add$rtl/core/known_spectral_core.sv:178$1137 ($add).
Removed top 31 bits (of 32) from port B of cell known_pnr_probe.$flatten\core.$add$rtl/core/known_spectral_core.sv:178$1137 ($add).
Removed top 22 bits (of 32) from port Y of cell known_pnr_probe.$flatten\core.$add$rtl/core/known_spectral_core.sv:178$1137 ($add).
Removed top 21 bits (of 31) from port A of cell known_pnr_probe.$flatten\core.$add$rtl/core/known_spectral_core.sv:178$1137 ($add).
Removed top 30 bits (of 32) from port B of cell known_pnr_probe.$flatten\core.$add$rtl/core/known_spectral_core.sv:178$1135 ($add).
Removed top 21 bits (of 32) from port Y of cell known_pnr_probe.$flatten\core.$add$rtl/core/known_spectral_core.sv:178$1135 ($add).
Removed top 22 bits (of 32) from port Y of cell known_pnr_probe.$flatten\core.$add$rtl/core/known_spectral_core.sv:178$1134 ($add).
Removed top 1 bits (of 32) from port A of cell known_pnr_probe.$flatten\core.$add$rtl/core/known_spectral_core.sv:178$1133 ($add).
Removed top 31 bits (of 32) from port B of cell known_pnr_probe.$flatten\core.$add$rtl/core/known_spectral_core.sv:178$1133 ($add).
Removed top 22 bits (of 32) from port Y of cell known_pnr_probe.$flatten\core.$add$rtl/core/known_spectral_core.sv:178$1133 ($add).
Removed top 21 bits (of 31) from port A of cell known_pnr_probe.$flatten\core.$add$rtl/core/known_spectral_core.sv:178$1133 ($add).
Removed top 30 bits (of 32) from port B of cell known_pnr_probe.$flatten\core.$add$rtl/core/known_spectral_core.sv:178$1131 ($add).
Removed top 21 bits (of 32) from port Y of cell known_pnr_probe.$flatten\core.$add$rtl/core/known_spectral_core.sv:178$1131 ($add).
Removed top 22 bits (of 32) from port Y of cell known_pnr_probe.$flatten\core.$add$rtl/core/known_spectral_core.sv:178$1130 ($add).
Removed top 1 bits (of 32) from port A of cell known_pnr_probe.$flatten\core.$add$rtl/core/known_spectral_core.sv:178$1129 ($add).
Removed top 31 bits (of 32) from port B of cell known_pnr_probe.$flatten\core.$add$rtl/core/known_spectral_core.sv:178$1129 ($add).
Removed top 22 bits (of 32) from port Y of cell known_pnr_probe.$flatten\core.$add$rtl/core/known_spectral_core.sv:178$1129 ($add).
Removed top 21 bits (of 31) from port A of cell known_pnr_probe.$flatten\core.$add$rtl/core/known_spectral_core.sv:178$1129 ($add).
Removed top 31 bits (of 32) from port B of cell known_pnr_probe.$flatten\core.$add$rtl/core/known_spectral_core.sv:178$1127 ($add).
Removed top 21 bits (of 32) from port Y of cell known_pnr_probe.$flatten\core.$add$rtl/core/known_spectral_core.sv:178$1127 ($add).
Removed top 22 bits (of 32) from port Y of cell known_pnr_probe.$flatten\core.$add$rtl/core/known_spectral_core.sv:178$1126 ($add).
Removed top 22 bits (of 32) from port A of cell known_pnr_probe.$flatten\core.$add$rtl/core/known_spectral_core.sv:178$1125 ($add).
Removed top 31 bits (of 32) from port B of cell known_pnr_probe.$flatten\core.$add$rtl/core/known_spectral_core.sv:178$1125 ($add).
Removed top 22 bits (of 32) from port Y of cell known_pnr_probe.$flatten\core.$add$rtl/core/known_spectral_core.sv:178$1125 ($add).
Removed top 1 bits (of 10) from mux cell known_pnr_probe.$flatten\core.$ternary$rtl/core/known_spectral_core.sv:170$1121 ($mux).
Removed top 1 bits (of 10) from mux cell known_pnr_probe.$flatten\core.$ternary$rtl/core/known_spectral_core.sv:170$1117 ($mux).
Removed top 1 bits (of 10) from mux cell known_pnr_probe.$flatten\core.$ternary$rtl/core/known_spectral_core.sv:170$1113 ($mux).
Removed top 1 bits (of 10) from mux cell known_pnr_probe.$flatten\core.$ternary$rtl/core/known_spectral_core.sv:170$1109 ($mux).
Removed top 16 bits (of 32) from port B of cell known_pnr_probe.$flatten\core.$lt$rtl/core/known_spectral_core.sv:159$1102 ($lt).
Removed top 16 bits (of 32) from port B of cell known_pnr_probe.$flatten\core.$gt$rtl/core/known_spectral_core.sv:159$1101 ($gt).
Removed top 31 bits (of 32) from port B of cell known_pnr_probe.$flatten\core.$add$rtl/core/known_spectral_core.sv:151$1097 ($add).
Converting cell known_pnr_probe.$flatten\core.$add$rtl/core/known_spectral_core.sv:73$1095 ($add) from unsigned to signed.
Removed top 42 bits (of 64) from port A of cell known_pnr_probe.$flatten\core.$add$rtl/core/known_spectral_core.sv:73$1095 ($add).
Removed top 62 bits (of 64) from port B of cell known_pnr_probe.$flatten\core.$add$rtl/core/known_spectral_core.sv:73$1095 ($add).
Removed top 48 bits (of 64) from port Y of cell known_pnr_probe.$flatten\core.$add$rtl/core/known_spectral_core.sv:73$1095 ($add).
Removed top 6 bits (of 22) from port A of cell known_pnr_probe.$flatten\core.$add$rtl/core/known_spectral_core.sv:73$1095 ($add).
Removed top 54 bits (of 64) from port A of cell known_pnr_probe.$flatten\core.$gt$rtl/core/known_spectral_core.sv:73$1091 ($gt).
Removed top 54 bits (of 64) from port B of cell known_pnr_probe.$flatten\core.$gt$rtl/core/known_spectral_core.sv:73$1091 ($gt).
Removed top 31 bits (of 32) from port B of cell known_pnr_probe.$flatten\core.$add$rtl/core/known_spectral_core.sv:146$1076 ($add).
Removed top 31 bits (of 32) from port B of cell known_pnr_probe.$flatten\core.$add$rtl/core/known_spectral_core.sv:145$1075 ($add).
Removed top 27 bits (of 32) from port B of cell known_pnr_probe.$flatten\core.$le$rtl/core/known_spectral_core.sv:145$1067 ($le).
Removed top 28 bits (of 32) from port B of cell known_pnr_probe.$flatten\core.$ge$rtl/core/known_spectral_core.sv:145$1066 ($ge).
Removed top 31 bits (of 32) from port B of cell known_pnr_probe.$flatten\core.$add$rtl/core/known_spectral_core.sv:144$1065 ($add).
Removed top 31 bits (of 32) from port B of cell known_pnr_probe.$flatten\core.$add$rtl/core/known_spectral_core.sv:143$1059 ($add).
Removed top 31 bits (of 32) from port B of cell known_pnr_probe.$flatten\core.$add$rtl/core/known_spectral_core.sv:142$1053 ($add).
Removed top 13 bits (of 32) from port B of cell known_pnr_probe.$flatten\core.$lt$rtl/core/known_spectral_core.sv:100$1013 ($lt).
Removed top 14 bits (of 32) from port B of cell known_pnr_probe.$flatten\core.$sub$rtl/core/known_spectral_core.sv:99$1012 ($sub).
Converting cell known_pnr_probe.$flatten\core.$add$rtl/core/known_spectral_core.sv:99$1011 ($add) from unsigned to signed.
Removed top 12 bits (of 32) from port A of cell known_pnr_probe.$flatten\core.$add$rtl/core/known_spectral_core.sv:99$1011 ($add).
Removed top 19 bits (of 32) from port B of cell known_pnr_probe.$flatten\core.$add$rtl/core/known_spectral_core.sv:99$1011 ($add).
Removed top 11 bits (of 32) from port Y of cell known_pnr_probe.$flatten\core.$add$rtl/core/known_spectral_core.sv:99$1011 ($add).
Removed top 26 bits (of 32) from port B of cell known_pnr_probe.$flatten\core.$shr$rtl/core/known_spectral_core.sv:97$1009 ($shr).
Removed top 48 bits (of 64) from port Y of cell known_pnr_probe.$flatten\core.$shr$rtl/core/known_spectral_core.sv:97$1009 ($shr).
Removed top 21 bits (of 32) from port A of cell known_pnr_probe.$flatten\core.$add$rtl/core/known_spectral_core.sv:94$1004 ($add).
Removed top 20 bits (of 32) from port Y of cell known_pnr_probe.$flatten\core.$add$rtl/core/known_spectral_core.sv:94$1004 ($add).
Removed top 7 bits (of 64) from port A of cell known_pnr_probe.$flatten\core.$add$rtl/core/known_spectral_core.sv:89$1000 ($add).
Removed top 63 bits (of 64) from port B of cell known_pnr_probe.$flatten\core.$add$rtl/core/known_spectral_core.sv:89$1000 ($add).
Removed top 7 bits (of 65) from port Y of cell known_pnr_probe.$flatten\core.$add$rtl/core/known_spectral_core.sv:89$1000 ($add).
Removed top 24 bits (of 32) from port B of cell known_pnr_probe.$flatten\core.$gt$rtl/core/known_spectral_core.sv:89$996 ($gt).
Removed top 1 bits (of 65) from port A of cell known_pnr_probe.$flatten\core.$add$rtl/core/known_spectral_core.sv:88$994 ($add).
Removed top 1 bits (of 65) from port B of cell known_pnr_probe.$flatten\core.$add$rtl/core/known_spectral_core.sv:88$994 ($add).
Removed top 32 bits (of 64) from port A of cell known_pnr_probe.$flatten\core.$shl$rtl/core/known_spectral_core.sv:86$992 ($shl).
Removed top 27 bits (of 32) from mux cell known_pnr_probe.$flatten\core.$ternary$rtl/core/known_spectral_core.sv:86$990 ($mux).
Removed top 1 bits (of 17) from port A of cell known_pnr_probe.$flatten\core.$add$rtl/core/known_spectral_core.sv:67$981 ($add).
Removed top 16 bits (of 17) from port B of cell known_pnr_probe.$flatten\core.$add$rtl/core/known_spectral_core.sv:67$981 ($add).
Removed top 1 bits (of 17) from port Y of cell known_pnr_probe.$flatten\core.$add$rtl/core/known_spectral_core.sv:67$981 ($add).
Converting cell known_pnr_probe.$flatten\core.$sub$rtl/core/known_spectral_core.sv:66$978 ($sub) from unsigned to signed.
Removed top 1 bits (of 17) from port A of cell known_pnr_probe.$flatten\core.$sub$rtl/core/known_spectral_core.sv:66$978 ($sub).
Removed top 1 bits (of 17) from port B of cell known_pnr_probe.$flatten\core.$sub$rtl/core/known_spectral_core.sv:66$978 ($sub).
Converting cell known_pnr_probe.$flatten\core.$sub$rtl/core/known_spectral_core.sv:64$973 ($sub) from unsigned to signed.
Removed top 16 bits (of 32) from port A of cell known_pnr_probe.$flatten\core.$sub$rtl/core/known_spectral_core.sv:64$973 ($sub).
Removed top 16 bits (of 32) from port B of cell known_pnr_probe.$flatten\core.$sub$rtl/core/known_spectral_core.sv:64$973 ($sub).
Removed top 15 bits (of 32) from port Y of cell known_pnr_probe.$flatten\core.$sub$rtl/core/known_spectral_core.sv:64$973 ($sub).
Removed top 21 bits (of 32) from port B of cell known_pnr_probe.$flatten\core.$lt$rtl/core/known_spectral_core.sv:63$971 ($lt).
Removed top 1 bits (of 11) from port Y of cell known_pnr_probe.$flatten\core.$add$rtl/core/known_spectral_core.sv:55$969 ($add).
Removed top 1 bits (of 11) from port A of cell known_pnr_probe.$flatten\core.$add$rtl/core/known_spectral_core.sv:55$969 ($add).
Removed top 30 bits (of 32) from port Y of cell known_pnr_probe.$flatten\core.\capture.$and$rtl/core/known_capture.sv:41$870 ($and).
Removed top 30 bits (of 32) from port B of cell known_pnr_probe.$flatten\core.\capture.$and$rtl/core/known_capture.sv:41$870 ($and).
Removed top 30 bits (of 32) from port Y of cell known_pnr_probe.$flatten\core.\capture.$shift$rtl/core/known_capture.sv:41$872 ($shift).
Removed top 30 bits (of 32) from port Y of cell known_pnr_probe.$flatten\core.\capture.$and$rtl/core/known_capture.sv:41$877 ($and).
Removed top 30 bits (of 32) from port B of cell known_pnr_probe.$flatten\core.\capture.$and$rtl/core/known_capture.sv:41$877 ($and).
Removed top 30 bits (of 32) from port Y of cell known_pnr_probe.$flatten\core.\capture.$and$rtl/core/known_capture.sv:42$887 ($and).
Removed top 30 bits (of 32) from port B of cell known_pnr_probe.$flatten\core.\capture.$and$rtl/core/known_capture.sv:42$887 ($and).
Removed top 30 bits (of 32) from port Y of cell known_pnr_probe.$flatten\core.\capture.$shift$rtl/core/known_capture.sv:42$889 ($shift).
Removed top 30 bits (of 32) from port Y of cell known_pnr_probe.$flatten\core.\capture.$and$rtl/core/known_capture.sv:52$933 ($and).
Removed top 30 bits (of 32) from port B of cell known_pnr_probe.$flatten\core.\capture.$and$rtl/core/known_capture.sv:52$933 ($and).
Removed top 30 bits (of 32) from port Y of cell known_pnr_probe.$flatten\core.\capture.$not$rtl/core/known_capture.sv:41$876 ($not).
Removed top 30 bits (of 32) from port A of cell known_pnr_probe.$flatten\core.\capture.$not$rtl/core/known_capture.sv:41$876 ($not).
Removed top 30 bits (of 32) from port Y of cell known_pnr_probe.$flatten\core.\capture.$not$rtl/core/known_capture.sv:42$886 ($not).
Removed top 30 bits (of 32) from port A of cell known_pnr_probe.$flatten\core.\capture.$not$rtl/core/known_capture.sv:42$886 ($not).
Removed top 30 bits (of 32) from port Y of cell known_pnr_probe.$flatten\core.\capture.$not$rtl/core/known_capture.sv:52$932 ($not).
Removed top 30 bits (of 32) from port A of cell known_pnr_probe.$flatten\core.\capture.$not$rtl/core/known_capture.sv:52$932 ($not).
Removed top 30 bits (of 32) from port Y of cell known_pnr_probe.$flatten\core.\capture.$shift$rtl/core/known_capture.sv:41$879 ($shift).
Removed top 30 bits (of 32) from port Y of cell known_pnr_probe.$flatten\core.\capture.$shift$rtl/core/known_capture.sv:42$885 ($shift).
Removed top 30 bits (of 32) from port Y of cell known_pnr_probe.$flatten\core.\capture.$shift$rtl/core/known_capture.sv:52$935 ($shift).
Removed top 63 bits (of 64) from wire known_pnr_probe.$flatten\core.$logic_or$rtl/core/known_spectral_core.sv:73$1094_Y.
Removed top 48 bits (of 64) from wire known_pnr_probe.$flatten\core.$add$rtl/core/known_spectral_core.sv:73$1095_Y.
Removed top 22 bits (of 32) from wire known_pnr_probe.$flatten\core.$add$rtl/core/known_spectral_core.sv:178$1125_Y.
Removed top 20 bits (of 32) from wire known_pnr_probe.$flatten\core.$add$rtl/core/known_spectral_core.sv:253$1213_Y.
Removed top 1 bits (of 10) from wire known_pnr_probe.$flatten\core.$ternary$rtl/core/known_spectral_core.sv:170$1109_Y.
Removed top 21 bits (of 32) from wire known_pnr_probe.$flatten\core.$add$rtl/core/known_spectral_core.sv:170$1110_Y.
Removed top 27 bits (of 32) from wire known_pnr_probe.$flatten\core.$ternary$rtl/core/known_spectral_core.sv:228$1192_Y.
Removed top 1 bits (of 10) from wire known_pnr_probe.$flatten\core.$ternary$rtl/core/known_spectral_core.sv:170$1113_Y.
Removed top 21 bits (of 32) from wire known_pnr_probe.$flatten\core.$add$rtl/core/known_spectral_core.sv:170$1114_Y.
Removed top 2 bits (of 5) from wire known_pnr_probe.$flatten\core.$procmux$3066_Y.
Removed top 20 bits (of 32) from wire known_pnr_probe.$flatten\core.$add$rtl/core/known_spectral_core.sv:94$1004_Y.
Removed top 63 bits (of 64) from wire known_pnr_probe.$flatten\core.$logic_or$rtl/core/known_spectral_core.sv:73$1241_Y.
Removed top 7 bits (of 65) from wire known_pnr_probe.$flatten\core.$add$rtl/core/known_spectral_core.sv:89$1000_Y.
Removed top 63 bits (of 64) from wire known_pnr_probe.$flatten\core.$logic_or$rtl/core/known_spectral_core.sv:89$999_Y.
Removed top 2 bits (of 5) from wire known_pnr_probe.$flatten\core.$procmux$3041_Y.
Removed top 2 bits (of 5) from wire known_pnr_probe.$flatten\core.$procmux$3035_Y.
Removed top 27 bits (of 32) from wire known_pnr_probe.$flatten\core.$ternary$rtl/core/known_spectral_core.sv:86$990_Y.
Removed top 16 bits (of 17) from wire known_pnr_probe.$flatten\core.$logic_and$rtl/core/known_spectral_core.sv:67$980_Y.
Removed top 22 bits (of 32) from wire known_pnr_probe.$flatten\core.$add$rtl/core/known_spectral_core.sv:178$1138_Y.
Removed top 63 bits (of 64) from wire known_pnr_probe.$flatten\core.$logic_or$rtl/core/known_spectral_core.sv:73$1255_Y.
Removed top 22 bits (of 32) from wire known_pnr_probe.$flatten\core.$add$rtl/core/known_spectral_core.sv:178$1137_Y.
Removed top 1 bits (of 10) from wire known_pnr_probe.$flatten\core.$ternary$rtl/core/known_spectral_core.sv:170$1117_Y.
Removed top 22 bits (of 32) from wire known_pnr_probe.$flatten\core.$add$rtl/core/known_spectral_core.sv:178$1134_Y.
Removed top 22 bits (of 32) from wire known_pnr_probe.$flatten\core.$add$rtl/core/known_spectral_core.sv:178$1133_Y.
Removed top 21 bits (of 32) from wire known_pnr_probe.$flatten\core.$add$rtl/core/known_spectral_core.sv:170$1118_Y.
Removed top 63 bits (of 64) from wire known_pnr_probe.$flatten\core.$logic_or$rtl/core/known_spectral_core.sv:73$1269_Y.
Removed top 22 bits (of 32) from wire known_pnr_probe.$flatten\core.$add$rtl/core/known_spectral_core.sv:178$1130_Y.
Removed top 30 bits (of 32) from wire known_pnr_probe.$flatten\core.\capture.$or$rtl/core/known_capture.sv:52$936_Y.
Removed top 30 bits (of 32) from wire known_pnr_probe.$flatten\core.\capture.$and$rtl/core/known_capture.sv:52$933_Y.
Removed top 30 bits (of 32) from wire known_pnr_probe.$flatten\core.\capture.$not$rtl/core/known_capture.sv:52$932_Y.
Removed top 30 bits (of 32) from wire known_pnr_probe.$flatten\core.\capture.$shift$rtl/core/known_capture.sv:52$931_Y.
Removed top 22 bits (of 32) from wire known_pnr_probe.$flatten\core.$add$rtl/core/known_spectral_core.sv:178$1129_Y.
Removed top 1 bits (of 10) from wire known_pnr_probe.$flatten\core.$ternary$rtl/core/known_spectral_core.sv:170$1121_Y.
Removed top 30 bits (of 32) from wire known_pnr_probe.$flatten\core.\capture.$or$rtl/core/known_capture.sv:42$890_Y.
Removed top 30 bits (of 32) from wire known_pnr_probe.$flatten\core.\capture.$shift$rtl/core/known_capture.sv:42$889_Y.
Removed top 30 bits (of 32) from wire known_pnr_probe.$flatten\core.\capture.$and$rtl/core/known_capture.sv:42$887_Y.
Removed top 30 bits (of 32) from wire known_pnr_probe.$flatten\core.\capture.$not$rtl/core/known_capture.sv:42$886_Y.
Removed top 30 bits (of 32) from wire known_pnr_probe.$flatten\core.\capture.$shift$rtl/core/known_capture.sv:42$885_Y.
Removed top 30 bits (of 32) from wire known_pnr_probe.$flatten\core.\capture.$or$rtl/core/known_capture.sv:41$880_Y.
Removed top 30 bits (of 32) from wire known_pnr_probe.$flatten\core.\capture.$and$rtl/core/known_capture.sv:41$877_Y.
Removed top 30 bits (of 32) from wire known_pnr_probe.$flatten\core.\capture.$or$rtl/core/known_capture.sv:41$873_Y.
Removed top 30 bits (of 32) from wire known_pnr_probe.$flatten\core.\capture.$shift$rtl/core/known_capture.sv:41$872_Y.
Removed top 30 bits (of 32) from wire known_pnr_probe.$flatten\core.\capture.$and$rtl/core/known_capture.sv:41$870_Y.
Removed top 30 bits (of 32) from wire known_pnr_probe.$flatten\core.\capture.$not$rtl/core/known_capture.sv:41$869_Y.
Removed top 30 bits (of 32) from wire known_pnr_probe.$flatten\core.\capture.$shift$rtl/core/known_capture.sv:41$868_Y.
Removed top 22 bits (of 32) from wire known_pnr_probe.$flatten\core.$add$rtl/core/known_spectral_core.sv:178$1126_Y.
Removed top 5 bits (of 8) from wire known_pnr_probe.out_error.

7.16. Executing PEEPOPT pass (run peephole optimizers).
shiftpow2 pattern in known_pnr_probe: shift=$flatten\core.$shr$rtl/core/known_spectral_core.sv:97$1009, index=\core.ram_part, stride=16, width=16, ways=4

7.17. Executing OPT_CLEAN pass (remove unused cells and wires).
Finding unused cells or wires in module \known_pnr_probe..
Removed 0 unused cells and 51 unused wires.
<suppressed ~1 debug messages>

7.18. Executing SHARE pass (SAT-based resource sharing).

7.19. Executing TECHMAP pass (map to technology primitives).

7.19.1. Executing Verilog-2005 frontend: ./.tools/oss-cad-suite/libexec/../share/yosys/cmp2lut.v
Parsing Verilog input from `./.tools/oss-cad-suite/libexec/../share/yosys/cmp2lut.v' to AST representation.
Generating RTLIL representation for module `\_90_lut_cmp_'.
Successfully finished Verilog frontend.

7.19.2. Continuing TECHMAP pass.
No more expansions possible.
<suppressed ~484 debug messages>

7.20. Executing OPT_EXPR pass (perform const folding).
Optimizing module known_pnr_probe.

7.21. Executing OPT_CLEAN pass (remove unused cells and wires).
Finding unused cells or wires in module \known_pnr_probe..

7.22. Executing MEMORY_DFF pass (merging $dff cells to $memrd).
Checking read port `\core.windowed'[0] in module `\known_pnr_probe': merging output FF to cell.
    Write port 0: don't care on collision.
Checking read port `\core.means'[0] in module `\known_pnr_probe': merging output FF to cell.
Checking read port `\core.gains'[0] in module `\known_pnr_probe': merging output FF to cell.
Checking read port `\core.weights'[0] in module `\known_pnr_probe': merging output FF to cell.
Checking read port `\core.log_table'[0] in module `\known_pnr_probe': merging output FF to cell.
Checking read port `\core.capture.sums'[0] in module `\known_pnr_probe': no output FF found.
Checking read port `\core.capture.ids'[0] in module `\known_pnr_probe': no output FF found.
Checking read port `\core.capture.raw1'[0] in module `\known_pnr_probe': merging output FF to cell.
    Write port 0: non-transparent.
Checking read port `\core.capture.raw0'[0] in module `\known_pnr_probe': merging output FF to cell.
    Write port 0: non-transparent.
Checking read port `\core.lanes[0].rom.quarter'[0] in module `\known_pnr_probe': merging output FF to cell.
Checking read port `\core.lanes[1].rom.quarter'[0] in module `\known_pnr_probe': merging output FF to cell.
Checking read port `\core.lanes[2].rom.quarter'[0] in module `\known_pnr_probe': merging output FF to cell.
Checking read port `\core.lanes[3].rom.quarter'[0] in module `\known_pnr_probe': merging output FF to cell.
Checking read port address `\core.capture.sums'[0] in module `\known_pnr_probe': merged address FF to cell.
Checking read port address `\core.capture.ids'[0] in module `\known_pnr_probe': merged address FF to cell.

7.23. Executing WREDUCE pass (reducing word size of cells).

7.24. Executing TECHMAP pass (map to technology primitives).

7.24.1. Executing Verilog-2005 frontend: ./.tools/oss-cad-suite/libexec/../share/yosys/mul2dsp.v
Parsing Verilog input from `./.tools/oss-cad-suite/libexec/../share/yosys/mul2dsp.v' to AST representation.
Generating RTLIL representation for module `\_80_mul'.
Generating RTLIL representation for module `\_90_soft_mul'.
Successfully finished Verilog frontend.

7.24.2. Executing Verilog-2005 frontend: ./.tools/oss-cad-suite/libexec/../share/yosys/ice40/dsp_map.v
Parsing Verilog input from `./.tools/oss-cad-suite/libexec/../share/yosys/ice40/dsp_map.v' to AST representation.
Generating RTLIL representation for module `$__MUL16X16'.
Successfully finished Verilog frontend.

7.24.3. Continuing TECHMAP pass.
Using template $paramod$98b5abf51e25760e7ff42b5f29b6a0813dd63380\_80_mul for cells of type $mul.
Using template $paramod$47854eca91d30af97f481b6f686a93486e1c1fd1$__MUL16X16 for cells of type $__MUL16X16.
No more expansions possible.
<suppressed ~95 debug messages>

7.25. Executing OPT_EXPR pass (perform const folding).

7.26. Executing WREDUCE pass (reducing word size of cells).

7.27. Executing ICE40_DSP pass (map multipliers).
Checking known_pnr_probe.$flatten\core.$mul$rtl/core/known_spectral_core.sv:106$1277 for iCE40 DSP inference.
  clock: \clk (posedge) ffO:$auto$ff.cc:337:slice$4643
Checking known_pnr_probe.$flatten\core.$mul$rtl/core/known_spectral_core.sv:106$1291 for iCE40 DSP inference.
  clock: \clk (posedge) ffO:$auto$ff.cc:337:slice$4645
Checking known_pnr_probe.$flatten\core.$mul$rtl/core/known_spectral_core.sv:106$1284 for iCE40 DSP inference.
  clock: \clk (posedge) ffO:$auto$ff.cc:337:slice$4644
Checking known_pnr_probe.$flatten\core.$mul$rtl/core/known_spectral_core.sv:106$1298 for iCE40 DSP inference.
  clock: \clk (posedge) ffO:$auto$ff.cc:337:slice$4646
<suppressed ~40 debug messages>

7.28. Executing ALUMACC pass (create $alu and $macc cells).
Extracting $alu and $macc cells in module known_pnr_probe:
  creating $macc model for $flatten\core.\lanes[3].rom.$neg$rtl/core/vib_coeff_rom.sv:20$751 ($neg).
  creating $macc model for $flatten\core.$neg$rtl/core/known_spectral_core.sv:246$1208 ($neg).
  creating $macc model for $flatten\core.$add$rtl/core/known_spectral_core.sv:250$1210 ($add).
  creating $macc model for $flatten\core.$add$rtl/core/known_spectral_core.sv:182$1143 ($add).
  creating $macc model for $flatten\core.$add$rtl/core/known_spectral_core.sv:181$1142 ($add).
  creating $macc model for $flatten\core.$add$rtl/core/known_spectral_core.sv:252$1212 ($add).
  creating $macc model for $flatten\core.$add$rtl/core/known_spectral_core.sv:165$1105 ($add).
  creating $macc model for $flatten\core.$add$rtl/core/known_spectral_core.sv:151$1097 ($add).
  creating $macc model for $flatten\core.$add$rtl/core/known_spectral_core.sv:253$1213 ($add).
  creating $macc model for $flatten\core.$add$rtl/core/known_spectral_core.sv:73$1095 ($add).
  creating $macc model for $flatten\core.$add$rtl/core/known_spectral_core.sv:146$1076 ($add).
  creating $macc model for $flatten\core.$add$rtl/core/known_spectral_core.sv:145$1075 ($add).
  creating $macc model for $flatten\core.$add$rtl/core/known_spectral_core.sv:144$1065 ($add).
  creating $macc model for $flatten\core.$add$rtl/core/known_spectral_core.sv:143$1059 ($add).
  creating $macc model for $flatten\core.$add$rtl/core/known_spectral_core.sv:181$1141 ($add).
  creating $macc model for $flatten\core.$add$rtl/core/known_spectral_core.sv:142$1053 ($add).
  creating $macc model for $flatten\core.$add$rtl/core/known_spectral_core.sv:181$1140 ($add).
  creating $macc model for $flatten\core.$add$rtl/core/known_spectral_core.sv:181$1139 ($add).
  creating $macc model for $flatten\core.$add$rtl/core/known_spectral_core.sv:178$1138 ($add).
  creating $macc model for $flatten\core.$add$rtl/core/known_spectral_core.sv:178$1137 ($add).
  creating $macc model for $flatten\core.$add$rtl/core/known_spectral_core.sv:178$1135 ($add).
  creating $macc model for $flatten\core.$neg$rtl/core/known_spectral_core.sv:217$1182 ($neg).
  creating $macc model for $flatten\core.$add$rtl/core/known_spectral_core.sv:261$1218 ($add).
  creating $macc model for $flatten\core.$sub$rtl/core/known_spectral_core.sv:99$1012 ($sub).
  creating $macc model for $flatten\core.$add$rtl/core/known_spectral_core.sv:99$1011 ($add).
  creating $macc model for $flatten\core.$add$rtl/core/known_spectral_core.sv:94$1004 ($add).
  creating $macc model for $flatten\core.$neg$rtl/core/known_spectral_core.sv:91$1001 ($neg).
  creating $macc model for $flatten\core.$add$rtl/core/known_spectral_core.sv:89$1000 ($add).
  creating $macc model for $flatten\core.$sub$rtl/core/known_spectral_core.sv:235$1200 ($sub).
  creating $macc model for $flatten\core.$add$rtl/core/known_spectral_core.sv:88$994 ($add).
  creating $macc model for $flatten\core.$add$rtl/core/known_spectral_core.sv:87$993 ($add).
  creating $macc model for $flatten\core.\lanes[0].rom.$neg$rtl/core/vib_coeff_rom.sv:20$751 ($neg).
  creating $macc model for $flatten\core.\lanes[2].rom.$neg$rtl/core/vib_coeff_rom.sv:20$751 ($neg).
  creating $macc model for $flatten\core.$add$rtl/core/known_spectral_core.sv:178$1134 ($add).
  creating $macc model for $flatten\core.$add$rtl/core/known_spectral_core.sv:178$1133 ($add).
  creating $macc model for $flatten\core.$add$rtl/core/known_spectral_core.sv:234$1197 ($add).
  creating $macc model for $flatten\core.$add$rtl/core/known_spectral_core.sv:178$1131 ($add).
  creating $macc model for $flatten\core.$add$rtl/core/known_spectral_core.sv:178$1130 ($add).
  creating $macc model for $flatten\core.$add$rtl/core/known_spectral_core.sv:178$1129 ($add).
  creating $macc model for $flatten\core.$add$rtl/core/known_spectral_core.sv:84$987 ($add).
  creating $macc model for $flatten\core.$add$rtl/core/known_spectral_core.sv:73$1270 ($add).
  creating $macc model for $flatten\core.$add$rtl/core/known_spectral_core.sv:84$985 ($add).
  creating $macc model for $flatten\core.$add$rtl/core/known_spectral_core.sv:67$981 ($add).
  creating $macc model for $flatten\core.$sub$rtl/core/known_spectral_core.sv:66$978 ($sub).
  creating $macc model for $flatten\core.$add$rtl/core/known_spectral_core.sv:178$1127 ($add).
  creating $macc model for $flatten\core.$add$rtl/core/known_spectral_core.sv:178$1126 ($add).
  creating $macc model for $flatten\core.$add$rtl/core/known_spectral_core.sv:178$1125 ($add).
  creating $macc model for $flatten\core.$add$rtl/core/known_spectral_core.sv:177$1122 ($add).
  creating $macc model for $flatten\core.$add$rtl/core/known_spectral_core.sv:222$1187 ($add).
  creating $macc model for $flatten\core.$sub$rtl/core/known_spectral_core.sv:64$973 ($sub).
  creating $macc model for $flatten\core.$add$rtl/core/known_spectral_core.sv:73$1242 ($add).
  creating $macc model for $flatten\core.$add$rtl/core/known_spectral_core.sv:73$1256 ($add).
  creating $macc model for $flatten\core.$add$rtl/core/known_spectral_core.sv:55$969 ($add).
  creating $macc model for $flatten\core.\lanes[1].rom.$neg$rtl/core/vib_coeff_rom.sv:20$751 ($neg).
  creating $macc model for $flatten\core.\capture.$add$rtl/core/known_capture.sv:53$939 ($add).
  creating $macc model for $flatten\core.\capture.$add$rtl/core/known_capture.sv:53$938 ($add).
  creating $macc model for $flatten\core.\capture.$neg$rtl/core/known_capture.sv:52$934 ($neg).
  creating $macc model for $flatten\core.$neg$rtl/core/known_spectral_core.sv:201$1162 ($neg).
  creating $macc model for $flatten\core.\capture.$add$rtl/core/known_capture.sv:47$917 ($add).
  creating $macc model for $flatten\core.\capture.$add$rtl/core/known_capture.sv:44$900 ($add).
  creating $macc model for $flatten\core.\capture.$neg$rtl/core/known_capture.sv:42$888 ($neg).
  creating $macc model for $flatten\core.\capture.$neg$rtl/core/known_capture.sv:41$878 ($neg).
  creating $macc model for $flatten\core.$add$rtl/core/known_spectral_core.sv:198$1157 ($add).
  creating $macc model for $flatten\core.$neg$rtl/core/known_spectral_core.sv:193$1153 ($neg).
  creating $macc model for $flatten\core.\capture.$add$rtl/core/known_capture.sv:23$779 ($add).
  creating $macc model for $flatten\core.$add$rtl/core/known_spectral_core.sv:223$1189 ($add).
  creating $macc model for $flatten\core.\lanes[0].rom.$neg$rtl/core/vib_coeff_rom.sv:34$760 ($neg).
  creating $macc model for $flatten\core.$sub$rtl/core/known_spectral_core.sv:241$1205 ($sub).
  creating $macc model for $flatten\core.\lanes[1].rom.$neg$rtl/core/vib_coeff_rom.sv:34$760 ($neg).
  creating $macc model for $flatten\core.\lanes[2].rom.$neg$rtl/core/vib_coeff_rom.sv:34$760 ($neg).
  creating $macc model for $flatten\core.\lanes[3].rom.$neg$rtl/core/vib_coeff_rom.sv:34$760 ($neg).
  creating $macc model for $flatten\core.$add$rtl/core/known_spectral_core.sv:219$1186 ($add).
  creating $macc model for $add$sim/known_pnr_probe.sv:10$397 ($add).
  merging $macc model for $flatten\core.$add$rtl/core/known_spectral_core.sv:178$1125 into $flatten\core.$add$rtl/core/known_spectral_core.sv:178$1126.
  merging $macc model for $flatten\core.$add$rtl/core/known_spectral_core.sv:84$985 into $flatten\core.$add$rtl/core/known_spectral_core.sv:84$987.
  merging $macc model for $flatten\core.$add$rtl/core/known_spectral_core.sv:178$1129 into $flatten\core.$add$rtl/core/known_spectral_core.sv:178$1130.
  merging $macc model for $flatten\core.$add$rtl/core/known_spectral_core.sv:178$1133 into $flatten\core.$add$rtl/core/known_spectral_core.sv:178$1134.
  merging $macc model for $flatten\core.$add$rtl/core/known_spectral_core.sv:178$1137 into $flatten\core.$add$rtl/core/known_spectral_core.sv:178$1138.
  creating $alu model for $macc $flatten\core.$sub$rtl/core/known_spectral_core.sv:241$1205.
  creating $alu model for $macc $flatten\core.\lanes[0].rom.$neg$rtl/core/vib_coeff_rom.sv:34$760.
  creating $alu model for $macc $flatten\core.$add$rtl/core/known_spectral_core.sv:223$1189.
  creating $alu model for $macc $flatten\core.\capture.$add$rtl/core/known_capture.sv:23$779.
  creating $alu model for $macc $flatten\core.$neg$rtl/core/known_spectral_core.sv:193$1153.
  creating $alu model for $macc $flatten\core.$add$rtl/core/known_spectral_core.sv:198$1157.
  creating $alu model for $macc $flatten\core.\capture.$neg$rtl/core/known_capture.sv:41$878.
  creating $alu model for $macc $flatten\core.\capture.$neg$rtl/core/known_capture.sv:42$888.
  creating $alu model for $macc $flatten\core.\capture.$add$rtl/core/known_capture.sv:44$900.
  creating $alu model for $macc $flatten\core.\capture.$add$rtl/core/known_capture.sv:47$917.
  creating $alu model for $macc $flatten\core.$neg$rtl/core/known_spectral_core.sv:201$1162.
  creating $alu model for $macc $flatten\core.\capture.$neg$rtl/core/known_capture.sv:52$934.
  creating $alu model for $macc $flatten\core.\capture.$add$rtl/core/known_capture.sv:53$938.
  creating $alu model for $macc $flatten\core.\capture.$add$rtl/core/known_capture.sv:53$939.
  creating $alu model for $macc $flatten\core.\lanes[1].rom.$neg$rtl/core/vib_coeff_rom.sv:20$751.
  creating $alu model for $macc $flatten\core.$add$rtl/core/known_spectral_core.sv:55$969.
  creating $alu model for $macc $flatten\core.$add$rtl/core/known_spectral_core.sv:73$1256.
  creating $alu model for $macc $flatten\core.$add$rtl/core/known_spectral_core.sv:73$1242.
  creating $alu model for $macc $flatten\core.$sub$rtl/core/known_spectral_core.sv:64$973.
  creating $alu model for $macc $flatten\core.$add$rtl/core/known_spectral_core.sv:222$1187.
  creating $alu model for $macc $flatten\core.$add$rtl/core/known_spectral_core.sv:177$1122.
  creating $alu model for $macc $flatten\core.\lanes[1].rom.$neg$rtl/core/vib_coeff_rom.sv:34$760.
  creating $alu model for $macc $flatten\core.$add$rtl/core/known_spectral_core.sv:178$1126.
  creating $alu model for $macc $flatten\core.$add$rtl/core/known_spectral_core.sv:178$1127.
  creating $alu model for $macc $flatten\core.$sub$rtl/core/known_spectral_core.sv:66$978.
  creating $alu model for $macc $flatten\core.$add$rtl/core/known_spectral_core.sv:67$981.
  creating $alu model for $macc $flatten\core.\lanes[2].rom.$neg$rtl/core/vib_coeff_rom.sv:34$760.
  creating $alu model for $macc $flatten\core.$add$rtl/core/known_spectral_core.sv:73$1270.
  creating $alu model for $macc $flatten\core.\lanes[3].rom.$neg$rtl/core/vib_coeff_rom.sv:34$760.
  creating $alu model for $macc $flatten\core.$add$rtl/core/known_spectral_core.sv:178$1130.
  creating $alu model for $macc $flatten\core.$add$rtl/core/known_spectral_core.sv:178$1131.
  creating $alu model for $macc $flatten\core.$add$rtl/core/known_spectral_core.sv:234$1197.
  creating $alu model for $macc $flatten\core.$add$rtl/core/known_spectral_core.sv:219$1186.
  creating $alu model for $macc $flatten\core.$add$rtl/core/known_spectral_core.sv:178$1134.
  creating $alu model for $macc $flatten\core.\lanes[2].rom.$neg$rtl/core/vib_coeff_rom.sv:20$751.
  creating $alu model for $macc $flatten\core.\lanes[0].rom.$neg$rtl/core/vib_coeff_rom.sv:20$751.
  creating $alu model for $macc $flatten\core.$add$rtl/core/known_spectral_core.sv:87$993.
  creating $alu model for $macc $flatten\core.$add$rtl/core/known_spectral_core.sv:88$994.
  creating $alu model for $macc $flatten\core.$sub$rtl/core/known_spectral_core.sv:235$1200.
  creating $alu model for $macc $flatten\core.$add$rtl/core/known_spectral_core.sv:89$1000.
  creating $alu model for $macc $flatten\core.$neg$rtl/core/known_spectral_core.sv:91$1001.
  creating $alu model for $macc $flatten\core.$add$rtl/core/known_spectral_core.sv:94$1004.
  creating $alu model for $macc $flatten\core.$add$rtl/core/known_spectral_core.sv:99$1011.
  creating $alu model for $macc $flatten\core.$sub$rtl/core/known_spectral_core.sv:99$1012.
  creating $alu model for $macc $flatten\core.$add$rtl/core/known_spectral_core.sv:261$1218.
  creating $alu model for $macc $flatten\core.$neg$rtl/core/known_spectral_core.sv:217$1182.
  creating $alu model for $macc $flatten\core.$add$rtl/core/known_spectral_core.sv:178$1135.
  creating $alu model for $macc $add$sim/known_pnr_probe.sv:10$397.
  creating $alu model for $macc $flatten\core.$add$rtl/core/known_spectral_core.sv:178$1138.
  creating $alu model for $macc $flatten\core.$add$rtl/core/known_spectral_core.sv:181$1139.
  creating $alu model for $macc $flatten\core.$add$rtl/core/known_spectral_core.sv:181$1140.
  creating $alu model for $macc $flatten\core.$add$rtl/core/known_spectral_core.sv:142$1053.
  creating $alu model for $macc $flatten\core.$add$rtl/core/known_spectral_core.sv:181$1141.
  creating $alu model for $macc $flatten\core.$add$rtl/core/known_spectral_core.sv:143$1059.
  creating $alu model for $macc $flatten\core.$add$rtl/core/known_spectral_core.sv:144$1065.
  creating $alu model for $macc $flatten\core.$add$rtl/core/known_spectral_core.sv:145$1075.
  creating $alu model for $macc $flatten\core.$add$rtl/core/known_spectral_core.sv:146$1076.
  creating $alu model for $macc $flatten\core.$add$rtl/core/known_spectral_core.sv:73$1095.
  creating $alu model for $macc $flatten\core.$add$rtl/core/known_spectral_core.sv:253$1213.
  creating $alu model for $macc $flatten\core.$add$rtl/core/known_spectral_core.sv:151$1097.
  creating $alu model for $macc $flatten\core.$add$rtl/core/known_spectral_core.sv:165$1105.
  creating $alu model for $macc $flatten\core.$add$rtl/core/known_spectral_core.sv:252$1212.
  creating $alu model for $macc $flatten\core.$add$rtl/core/known_spectral_core.sv:181$1142.
  creating $alu model for $macc $flatten\core.$add$rtl/core/known_spectral_core.sv:182$1143.
  creating $alu model for $macc $flatten\core.$add$rtl/core/known_spectral_core.sv:250$1210.
  creating $alu model for $macc $flatten\core.$neg$rtl/core/known_spectral_core.sv:246$1208.
  creating $alu model for $macc $flatten\core.\lanes[3].rom.$neg$rtl/core/vib_coeff_rom.sv:20$751.
  creating $macc cell for $flatten\core.$add$rtl/core/known_spectral_core.sv:84$987: $auto$alumacc.cc:399:replace_macc$5057
  creating $alu model for $flatten\core.$gt$rtl/core/known_spectral_core.sv:222$1188 ($gt): new $alu
  creating $alu model for $flatten\core.$lt$rtl/core/known_spectral_core.sv:159$1102 ($lt): new $alu
  creating $alu model for $flatten\core.$gt$rtl/core/known_spectral_core.sv:159$1101 ($gt): new $alu
  creating $alu model for $flatten\core.$gt$rtl/core/known_spectral_core.sv:73$1091 ($gt): new $alu
  creating $alu model for $flatten\core.$le$rtl/core/known_spectral_core.sv:145$1067 ($le): new $alu
  creating $alu model for $flatten\core.$ge$rtl/core/known_spectral_core.sv:145$1066 ($ge): new $alu
  creating $alu model for $flatten\core.$gt$rtl/core/known_spectral_core.sv:73$1238 ($gt): new $alu
  creating $alu model for $flatten\core.$lt$rtl/core/known_spectral_core.sv:253$1214 ($lt): new $alu
  creating $alu model for $flatten\core.$gt$rtl/core/known_spectral_core.sv:259$1217 ($gt): new $alu
  creating $alu model for $flatten\core.$lt$rtl/core/known_spectral_core.sv:100$1013 ($lt): new $alu
  creating $alu model for $flatten\core.$lt$rtl/core/known_spectral_core.sv:235$1198 ($lt): new $alu
  creating $alu model for $flatten\core.$ge$rtl/core/known_spectral_core.sv:234$1195 ($ge): new $alu
  creating $alu model for $flatten\core.$gt$rtl/core/known_spectral_core.sv:89$996 ($gt): new $alu
  creating $alu model for $flatten\core.$lt$rtl/core/known_spectral_core.sv:209$1169 ($lt): new $alu
  creating $alu model for $flatten\core.$gt$rtl/core/known_spectral_core.sv:209$1168 ($gt): new $alu
  creating $alu model for $flatten\core.$lt$rtl/core/known_spectral_core.sv:63$971 ($lt): new $alu
  creating $alu model for $flatten\core.$gt$rtl/core/known_spectral_core.sv:73$1252 ($gt): new $alu
  creating $alu model for $flatten\core.$gt$rtl/core/known_spectral_core.sv:73$1266 ($gt): new $alu
  creating $alu model for $flatten\core.$lt$rtl/core/known_spectral_core.sv:188$1148 ($lt): new $alu
  creating $alu model for $flatten\core.$gt$rtl/core/known_spectral_core.sv:188$1147 ($gt): new $alu
  creating $alu model for $flatten\core.$procmux$3013_CMP0 ($eq): merged with $flatten\core.$le$rtl/core/known_spectral_core.sv:145$1067.
  creating $alu model for $flatten\core.$eq$rtl/core/known_spectral_core.sv:73$1092 ($eq): merged with $flatten\core.$gt$rtl/core/known_spectral_core.sv:73$1091.
  creating $alu model for $flatten\core.$eq$rtl/core/known_spectral_core.sv:89$997 ($eq): merged with $flatten\core.$gt$rtl/core/known_spectral_core.sv:89$996.
  creating $alu model for $flatten\core.$eq$rtl/core/known_spectral_core.sv:73$1239 ($eq): merged with $flatten\core.$gt$rtl/core/known_spectral_core.sv:73$1238.
  creating $alu model for $flatten\core.$eq$rtl/core/known_spectral_core.sv:73$1253 ($eq): merged with $flatten\core.$gt$rtl/core/known_spectral_core.sv:73$1252.
  creating $alu model for $flatten\core.$eq$rtl/core/known_spectral_core.sv:73$1267 ($eq): merged with $flatten\core.$gt$rtl/core/known_spectral_core.sv:73$1266.
  creating $alu model for $flatten\core.$procmux$2261_CMP0 ($eq): merged with $flatten\core.$ge$rtl/core/known_spectral_core.sv:145$1066.
  creating $alu cell for $flatten\core.$gt$rtl/core/known_spectral_core.sv:188$1147: $auto$alumacc.cc:548:replace_alu$5078
  creating $alu cell for $flatten\core.$lt$rtl/core/known_spectral_core.sv:188$1148: $auto$alumacc.cc:548:replace_alu$5091
  creating $alu cell for $flatten\core.$gt$rtl/core/known_spectral_core.sv:73$1266, $flatten\core.$eq$rtl/core/known_spectral_core.sv:73$1267: $auto$alumacc.cc:548:replace_alu$5098
  creating $alu cell for $flatten\core.$gt$rtl/core/known_spectral_core.sv:73$1252, $flatten\core.$eq$rtl/core/known_spectral_core.sv:73$1253: $auto$alumacc.cc:548:replace_alu$5109
  creating $alu cell for $flatten\core.$lt$rtl/core/known_spectral_core.sv:63$971: $auto$alumacc.cc:548:replace_alu$5120
  creating $alu cell for $flatten\core.$gt$rtl/core/known_spectral_core.sv:209$1168: $auto$alumacc.cc:548:replace_alu$5125
  creating $alu cell for $flatten\core.$lt$rtl/core/known_spectral_core.sv:209$1169: $auto$alumacc.cc:548:replace_alu$5138
  creating $alu cell for $flatten\core.$gt$rtl/core/known_spectral_core.sv:89$996, $flatten\core.$eq$rtl/core/known_spectral_core.sv:89$997: $auto$alumacc.cc:548:replace_alu$5145
  creating $alu cell for $flatten\core.$ge$rtl/core/known_spectral_core.sv:234$1195: $auto$alumacc.cc:548:replace_alu$5156
  creating $alu cell for $flatten\core.$lt$rtl/core/known_spectral_core.sv:235$1198: $auto$alumacc.cc:548:replace_alu$5169
  creating $alu cell for $flatten\core.$lt$rtl/core/known_spectral_core.sv:100$1013: $auto$alumacc.cc:548:replace_alu$5174
  creating $alu cell for $flatten\core.$gt$rtl/core/known_spectral_core.sv:259$1217: $auto$alumacc.cc:548:replace_alu$5181
  creating $alu cell for $flatten\core.$lt$rtl/core/known_spectral_core.sv:253$1214: $auto$alumacc.cc:548:replace_alu$5194
  creating $alu cell for $flatten\core.$gt$rtl/core/known_spectral_core.sv:73$1238, $flatten\core.$eq$rtl/core/known_spectral_core.sv:73$1239: $auto$alumacc.cc:548:replace_alu$5199
  creating $alu cell for $flatten\core.$ge$rtl/core/known_spectral_core.sv:145$1066, $flatten\core.$procmux$2261_CMP0: $auto$alumacc.cc:548:replace_alu$5210
  creating $alu cell for $flatten\core.$le$rtl/core/known_spectral_core.sv:145$1067, $flatten\core.$procmux$3013_CMP0: $auto$alumacc.cc:548:replace_alu$5223
  creating $alu cell for $flatten\core.$gt$rtl/core/known_spectral_core.sv:73$1091, $flatten\core.$eq$rtl/core/known_spectral_core.sv:73$1092: $auto$alumacc.cc:548:replace_alu$5232
  creating $alu cell for $flatten\core.$gt$rtl/core/known_spectral_core.sv:159$1101: $auto$alumacc.cc:548:replace_alu$5243
  creating $alu cell for $flatten\core.$lt$rtl/core/known_spectral_core.sv:159$1102: $auto$alumacc.cc:548:replace_alu$5256
  creating $alu cell for $flatten\core.$gt$rtl/core/known_spectral_core.sv:222$1188: $auto$alumacc.cc:548:replace_alu$5263
  creating $alu cell for $flatten\core.\lanes[3].rom.$neg$rtl/core/vib_coeff_rom.sv:20$751: $auto$alumacc.cc:548:replace_alu$5274
  creating $alu cell for $flatten\core.$neg$rtl/core/known_spectral_core.sv:246$1208: $auto$alumacc.cc:548:replace_alu$5277
  creating $alu cell for $flatten\core.$add$rtl/core/known_spectral_core.sv:250$1210: $auto$alumacc.cc:548:replace_alu$5280
  creating $alu cell for $flatten\core.$add$rtl/core/known_spectral_core.sv:182$1143: $auto$alumacc.cc:548:replace_alu$5283
  creating $alu cell for $flatten\core.$add$rtl/core/known_spectral_core.sv:181$1142: $auto$alumacc.cc:548:replace_alu$5286
  creating $alu cell for $flatten\core.$add$rtl/core/known_spectral_core.sv:252$1212: $auto$alumacc.cc:548:replace_alu$5289
  creating $alu cell for $flatten\core.$add$rtl/core/known_spectral_core.sv:165$1105: $auto$alumacc.cc:548:replace_alu$5292
  creating $alu cell for $flatten\core.$add$rtl/core/known_spectral_core.sv:151$1097: $auto$alumacc.cc:548:replace_alu$5295
  creating $alu cell for $flatten\core.$add$rtl/core/known_spectral_core.sv:253$1213: $auto$alumacc.cc:548:replace_alu$5298
  creating $alu cell for $flatten\core.$add$rtl/core/known_spectral_core.sv:73$1095: $auto$alumacc.cc:548:replace_alu$5301
  creating $alu cell for $flatten\core.$add$rtl/core/known_spectral_core.sv:146$1076: $auto$alumacc.cc:548:replace_alu$5304
  creating $alu cell for $flatten\core.$add$rtl/core/known_spectral_core.sv:145$1075: $auto$alumacc.cc:548:replace_alu$5307
  creating $alu cell for $flatten\core.$add$rtl/core/known_spectral_core.sv:144$1065: $auto$alumacc.cc:548:replace_alu$5310
  creating $alu cell for $flatten\core.$add$rtl/core/known_spectral_core.sv:143$1059: $auto$alumacc.cc:548:replace_alu$5313
  creating $alu cell for $flatten\core.$add$rtl/core/known_spectral_core.sv:181$1141: $auto$alumacc.cc:548:replace_alu$5316
  creating $alu cell for $flatten\core.$add$rtl/core/known_spectral_core.sv:142$1053: $auto$alumacc.cc:548:replace_alu$5319
  creating $alu cell for $flatten\core.$add$rtl/core/known_spectral_core.sv:181$1140: $auto$alumacc.cc:548:replace_alu$5322
  creating $alu cell for $flatten\core.$add$rtl/core/known_spectral_core.sv:181$1139: $auto$alumacc.cc:548:replace_alu$5325
  creating $alu cell for $flatten\core.$add$rtl/core/known_spectral_core.sv:178$1138: $auto$alumacc.cc:548:replace_alu$5328
  creating $alu cell for $add$sim/known_pnr_probe.sv:10$397: $auto$alumacc.cc:548:replace_alu$5331
  creating $alu cell for $flatten\core.$add$rtl/core/known_spectral_core.sv:178$1135: $auto$alumacc.cc:548:replace_alu$5334
  creating $alu cell for $flatten\core.$neg$rtl/core/known_spectral_core.sv:217$1182: $auto$alumacc.cc:548:replace_alu$5337
  creating $alu cell for $flatten\core.$add$rtl/core/known_spectral_core.sv:261$1218: $auto$alumacc.cc:548:replace_alu$5340
  creating $alu cell for $flatten\core.$sub$rtl/core/known_spectral_core.sv:99$1012: $auto$alumacc.cc:548:replace_alu$5343
  creating $alu cell for $flatten\core.$add$rtl/core/known_spectral_core.sv:99$1011: $auto$alumacc.cc:548:replace_alu$5346
  creating $alu cell for $flatten\core.$add$rtl/core/known_spectral_core.sv:94$1004: $auto$alumacc.cc:548:replace_alu$5349
  creating $alu cell for $flatten\core.$neg$rtl/core/known_spectral_core.sv:91$1001: $auto$alumacc.cc:548:replace_alu$5352
  creating $alu cell for $flatten\core.$add$rtl/core/known_spectral_core.sv:89$1000: $auto$alumacc.cc:548:replace_alu$5355
  creating $alu cell for $flatten\core.$sub$rtl/core/known_spectral_core.sv:235$1200: $auto$alumacc.cc:548:replace_alu$5358
  creating $alu cell for $flatten\core.$add$rtl/core/known_spectral_core.sv:88$994: $auto$alumacc.cc:548:replace_alu$5361
  creating $alu cell for $flatten\core.$add$rtl/core/known_spectral_core.sv:87$993: $auto$alumacc.cc:548:replace_alu$5364
  creating $alu cell for $flatten\core.\lanes[0].rom.$neg$rtl/core/vib_coeff_rom.sv:20$751: $auto$alumacc.cc:548:replace_alu$5367
  creating $alu cell for $flatten\core.\lanes[2].rom.$neg$rtl/core/vib_coeff_rom.sv:20$751: $auto$alumacc.cc:548:replace_alu$5370
  creating $alu cell for $flatten\core.$add$rtl/core/known_spectral_core.sv:178$1134: $auto$alumacc.cc:548:replace_alu$5373
  creating $alu cell for $flatten\core.$add$rtl/core/known_spectral_core.sv:219$1186: $auto$alumacc.cc:548:replace_alu$5376
  creating $alu cell for $flatten\core.$add$rtl/core/known_spectral_core.sv:234$1197: $auto$alumacc.cc:548:replace_alu$5379
  creating $alu cell for $flatten\core.$add$rtl/core/known_spectral_core.sv:178$1131: $auto$alumacc.cc:548:replace_alu$5382
  creating $alu cell for $flatten\core.$add$rtl/core/known_spectral_core.sv:178$1130: $auto$alumacc.cc:548:replace_alu$5385
  creating $alu cell for $flatten\core.\lanes[3].rom.$neg$rtl/core/vib_coeff_rom.sv:34$760: $auto$alumacc.cc:548:replace_alu$5388
  creating $alu cell for $flatten\core.$add$rtl/core/known_spectral_core.sv:73$1270: $auto$alumacc.cc:548:replace_alu$5391
  creating $alu cell for $flatten\core.\lanes[2].rom.$neg$rtl/core/vib_coeff_rom.sv:34$760: $auto$alumacc.cc:548:replace_alu$5394
  creating $alu cell for $flatten\core.$add$rtl/core/known_spectral_core.sv:67$981: $auto$alumacc.cc:548:replace_alu$5397
  creating $alu cell for $flatten\core.$sub$rtl/core/known_spectral_core.sv:66$978: $auto$alumacc.cc:548:replace_alu$5400
  creating $alu cell for $flatten\core.$add$rtl/core/known_spectral_core.sv:178$1127: $auto$alumacc.cc:548:replace_alu$5403
  creating $alu cell for $flatten\core.$add$rtl/core/known_spectral_core.sv:178$1126: $auto$alumacc.cc:548:replace_alu$5406
  creating $alu cell for $flatten\core.\lanes[1].rom.$neg$rtl/core/vib_coeff_rom.sv:34$760: $auto$alumacc.cc:548:replace_alu$5409
  creating $alu cell for $flatten\core.$add$rtl/core/known_spectral_core.sv:177$1122: $auto$alumacc.cc:548:replace_alu$5412
  creating $alu cell for $flatten\core.$sub$rtl/core/known_spectral_core.sv:64$973: $auto$alumacc.cc:548:replace_alu$5415
  creating $alu cell for $flatten\core.$add$rtl/core/known_spectral_core.sv:73$1242: $auto$alumacc.cc:548:replace_alu$5418
  creating $alu cell for $flatten\core.$add$rtl/core/known_spectral_core.sv:73$1256: $auto$alumacc.cc:548:replace_alu$5421
  creating $alu cell for $flatten\core.$add$rtl/core/known_spectral_core.sv:55$969: $auto$alumacc.cc:548:replace_alu$5424
  creating $alu cell for $flatten\core.\lanes[1].rom.$neg$rtl/core/vib_coeff_rom.sv:20$751: $auto$alumacc.cc:548:replace_alu$5427
  creating $alu cell for $flatten\core.\capture.$add$rtl/core/known_capture.sv:53$939: $auto$alumacc.cc:548:replace_alu$5430
  creating $alu cell for $flatten\core.\capture.$add$rtl/core/known_capture.sv:53$938: $auto$alumacc.cc:548:replace_alu$5433
  creating $alu cell for $flatten\core.\capture.$neg$rtl/core/known_capture.sv:52$934: $auto$alumacc.cc:548:replace_alu$5436
  creating $alu cell for $flatten\core.$neg$rtl/core/known_spectral_core.sv:201$1162: $auto$alumacc.cc:548:replace_alu$5439
  creating $alu cell for $flatten\core.\capture.$add$rtl/core/known_capture.sv:47$917: $auto$alumacc.cc:548:replace_alu$5442
  creating $alu cell for $flatten\core.\capture.$add$rtl/core/known_capture.sv:44$900: $auto$alumacc.cc:548:replace_alu$5445
  creating $alu cell for $flatten\core.\capture.$neg$rtl/core/known_capture.sv:42$888: $auto$alumacc.cc:548:replace_alu$5448
  creating $alu cell for $flatten\core.\capture.$neg$rtl/core/known_capture.sv:41$878: $auto$alumacc.cc:548:replace_alu$5451
  creating $alu cell for $flatten\core.$add$rtl/core/known_spectral_core.sv:198$1157: $auto$alumacc.cc:548:replace_alu$5454
  creating $alu cell for $flatten\core.$neg$rtl/core/known_spectral_core.sv:193$1153: $auto$alumacc.cc:548:replace_alu$5457
  creating $alu cell for $flatten\core.\capture.$add$rtl/core/known_capture.sv:23$779: $auto$alumacc.cc:548:replace_alu$5460
  creating $alu cell for $flatten\core.$add$rtl/core/known_spectral_core.sv:222$1187: $auto$alumacc.cc:548:replace_alu$5463
  creating $alu cell for $flatten\core.$add$rtl/core/known_spectral_core.sv:223$1189: $auto$alumacc.cc:548:replace_alu$5466
  creating $alu cell for $flatten\core.\lanes[0].rom.$neg$rtl/core/vib_coeff_rom.sv:34$760: $auto$alumacc.cc:548:replace_alu$5469
  creating $alu cell for $flatten\core.$sub$rtl/core/known_spectral_core.sv:241$1205: $auto$alumacc.cc:548:replace_alu$5472
  created 87 $alu and 1 $macc cells.

7.29. Executing OPT pass (performing simple optimizations).

7.29.1. Executing OPT_EXPR pass (perform const folding).
Optimizing module known_pnr_probe.
<suppressed ~8 debug messages>

7.29.2. Executing OPT_MERGE pass (detect identical cells).
Finding identical cells in module `\known_pnr_probe'.
Computing hashes of 768 cells of `\known_pnr_probe'.
Finding duplicate cells in `\known_pnr_probe'.
Computing hashes of 765 cells of `\known_pnr_probe'.
Finding duplicate cells in `\known_pnr_probe'.
<suppressed ~9 debug messages>
Removed a total of 3 cells.

7.29.3. Executing OPT_MUXTREE pass (detect dead branches in mux trees).
Running muxtree optimizer on module \known_pnr_probe..
  Creating internal representation of mux trees.
  Evaluating internal representation of mux trees.
  Analyzing evaluation results.
Removed 0 multiplexer ports.
<suppressed ~379 debug messages>

7.29.4. Executing OPT_REDUCE pass (consolidate $*mux and $reduce_* inputs).
  Optimizing cells in module \known_pnr_probe.
Performed a total of 0 changes.

7.29.5. Executing OPT_MERGE pass (detect identical cells).
Finding identical cells in module `\known_pnr_probe'.
Computing hashes of 765 cells of `\known_pnr_probe'.
Finding duplicate cells in `\known_pnr_probe'.
Computing hashes of 764 cells of `\known_pnr_probe'.
Finding duplicate cells in `\known_pnr_probe'.
Computing hashes of 763 cells of `\known_pnr_probe'.
Finding duplicate cells in `\known_pnr_probe'.
<suppressed ~6 debug messages>
Removed a total of 2 cells.

7.29.6. Executing OPT_DFF pass (perform DFF optimizations).
Setting constant 0-bit at position 58 on $auto$ff.cc:337:slice$4678 ($sdffe) from module known_pnr_probe.
Setting constant 0-bit at position 59 on $auto$ff.cc:337:slice$4678 ($sdffe) from module known_pnr_probe.
Setting constant 0-bit at position 60 on $auto$ff.cc:337:slice$4678 ($sdffe) from module known_pnr_probe.
Setting constant 0-bit at position 61 on $auto$ff.cc:337:slice$4678 ($sdffe) from module known_pnr_probe.
Setting constant 0-bit at position 62 on $auto$ff.cc:337:slice$4678 ($sdffe) from module known_pnr_probe.
Setting constant 0-bit at position 63 on $auto$ff.cc:337:slice$4678 ($sdffe) from module known_pnr_probe.

7.29.7. Executing OPT_CLEAN pass (remove unused cells and wires).
Finding unused cells or wires in module \known_pnr_probe..
Removed 21 unused cells and 289 unused wires.
<suppressed ~22 debug messages>

7.29.8. Executing OPT_EXPR pass (perform const folding).
Optimizing module known_pnr_probe.

7.29.9. Rerunning OPT passes. (Maybe there is more to do..)

7.29.10. Executing OPT_MUXTREE pass (detect dead branches in mux trees).
Running muxtree optimizer on module \known_pnr_probe..
  Creating internal representation of mux trees.
  Evaluating internal representation of mux trees.
  Analyzing evaluation results.
Removed 0 multiplexer ports.
<suppressed ~376 debug messages>

7.29.11. Executing OPT_REDUCE pass (consolidate $*mux and $reduce_* inputs).
  Optimizing cells in module \known_pnr_probe.
Performed a total of 0 changes.

7.29.12. Executing OPT_MERGE pass (detect identical cells).
Finding identical cells in module `\known_pnr_probe'.
Computing hashes of 742 cells of `\known_pnr_probe'.
Finding duplicate cells in `\known_pnr_probe'.
Removed a total of 0 cells.

7.29.13. Executing OPT_DFF pass (perform DFF optimizations).

7.29.14. Executing OPT_CLEAN pass (remove unused cells and wires).
Finding unused cells or wires in module \known_pnr_probe..

7.29.15. Executing OPT_EXPR pass (perform const folding).
Optimizing module known_pnr_probe.

7.29.16. Finished fast OPT passes. (There is nothing left to do.)

7.30. Executing MEMORY pass.

7.30.1. Executing OPT_MEM pass (optimize memories).
known_pnr_probe.core.gains: removing const-0 lane 18
known_pnr_probe.core.gains: removing const-0 lane 19
known_pnr_probe.core.gains: removing const-0 lane 20
known_pnr_probe.core.gains: removing const-0 lane 21
known_pnr_probe.core.gains: removing const-0 lane 22
known_pnr_probe.core.gains: removing const-0 lane 23
known_pnr_probe.core.gains: removing const-0 lane 24
known_pnr_probe.core.gains: removing const-0 lane 25
known_pnr_probe.core.gains: removing const-0 lane 26
known_pnr_probe.core.gains: removing const-0 lane 27
known_pnr_probe.core.gains: removing const-0 lane 28
known_pnr_probe.core.gains: removing const-0 lane 29
known_pnr_probe.core.gains: removing const-0 lane 30
known_pnr_probe.core.gains: removing const-0 lane 31
known_pnr_probe.core.lanes[0].rom.quarter: removing const-0 lane 15
known_pnr_probe.core.lanes[1].rom.quarter: removing const-0 lane 15
known_pnr_probe.core.lanes[2].rom.quarter: removing const-0 lane 15
known_pnr_probe.core.lanes[3].rom.quarter: removing const-0 lane 15
Performed a total of 5 transformations.

7.30.2. Executing OPT_MEM_PRIORITY pass (removing unnecessary memory write priority relations).
Performed a total of 2 transformations.

7.30.3. Executing OPT_MEM_FEEDBACK pass (finding memory read-to-write feedback paths).

7.30.4. Executing MEMORY_BMUX2ROM pass (converting muxes to ROMs).

7.30.5. Executing MEMORY_DFF pass (merging $dff cells to $memrd).

7.30.6. Executing OPT_CLEAN pass (remove unused cells and wires).
Finding unused cells or wires in module \known_pnr_probe..

7.30.7. Executing MEMORY_SHARE pass (consolidating $memrd/$memwr cells).
Consolidating write ports of memory known_pnr_probe.core.capture.sums by address:
  Merging ports 0, 1 (address 1'0).
Consolidating write ports of memory known_pnr_probe.core.capture.sums by address:
Consolidating write ports of memory known_pnr_probe.core.capture.ids by address:
  Merging ports 0, 1 (address 1'0).
Consolidating write ports of memory known_pnr_probe.core.capture.ids by address:
Consolidating write ports of memory known_pnr_probe.core.capture.sums using sat-based resource sharing:
Consolidating write ports of memory known_pnr_probe.core.capture.ids using sat-based resource sharing:

7.30.8. Executing OPT_MEM_WIDEN pass (optimize memories where all ports are wide).
Performed a total of 0 transformations.

7.30.9. Executing OPT_CLEAN pass (remove unused cells and wires).
Finding unused cells or wires in module \known_pnr_probe..

7.30.10. Executing MEMORY_COLLECT pass (generating $mem cells).

7.31. Executing OPT_CLEAN pass (remove unused cells and wires).
Finding unused cells or wires in module \known_pnr_probe..

7.32. Executing MEMORY_LIBMAP pass (mapping memories to cells).
found attribute 'ram_style = block' on memory known_pnr_probe.core.weights, forced mapping to block RAM
mapping memory known_pnr_probe.core.weights via $__ICE40_RAM4K_
found attribute 'ram_style = block' on memory known_pnr_probe.core.gains, forced mapping to block RAM
mapping memory known_pnr_probe.core.gains via $__ICE40_RAM4K_
found attribute 'ram_style = block' on memory known_pnr_probe.core.means, forced mapping to block RAM
mapping memory known_pnr_probe.core.means via $__ICE40_RAM4K_
found attribute 'ram_style = block' on memory known_pnr_probe.core.log_table, forced mapping to block RAM
mapping memory known_pnr_probe.core.log_table via $__ICE40_RAM4K_
found attribute 'ram_style = block' on memory known_pnr_probe.core.windowed, forced mapping to block RAM
mapping memory known_pnr_probe.core.windowed via $__ICE40_RAM4K_
found attribute 'ram_style = block' on memory known_pnr_probe.core.capture.raw1, forced mapping to block RAM
mapping memory known_pnr_probe.core.capture.raw1 via $__ICE40_RAM4K_
found attribute 'ram_style = block' on memory known_pnr_probe.core.capture.raw0, forced mapping to block RAM
mapping memory known_pnr_probe.core.capture.raw0 via $__ICE40_RAM4K_
using FF mapping for memory known_pnr_probe.core.capture.sums
using FF mapping for memory known_pnr_probe.core.capture.ids
found attribute 'ram_style = block' on memory known_pnr_probe.core.lanes[0].rom.quarter, forced mapping to block RAM
mapping memory known_pnr_probe.core.lanes[0].rom.quarter via $__ICE40_RAM4K_
found attribute 'ram_style = block' on memory known_pnr_probe.core.lanes[1].rom.quarter, forced mapping to block RAM
mapping memory known_pnr_probe.core.lanes[1].rom.quarter via $__ICE40_RAM4K_
found attribute 'ram_style = block' on memory known_pnr_probe.core.lanes[2].rom.quarter, forced mapping to block RAM
mapping memory known_pnr_probe.core.lanes[2].rom.quarter via $__ICE40_RAM4K_
found attribute 'ram_style = block' on memory known_pnr_probe.core.lanes[3].rom.quarter, forced mapping to block RAM
mapping memory known_pnr_probe.core.lanes[3].rom.quarter via $__ICE40_RAM4K_
<suppressed ~613 debug messages>

7.33. Executing TECHMAP pass (map to technology primitives).

7.33.1. Executing Verilog-2005 frontend: ./.tools/oss-cad-suite/libexec/../share/yosys/ice40/brams_map.v
Parsing Verilog input from `./.tools/oss-cad-suite/libexec/../share/yosys/ice40/brams_map.v' to AST representation.
Generating RTLIL representation for module `$__ICE40_RAM4K_'.
Successfully finished Verilog frontend.

7.33.2. Executing Verilog-2005 frontend: ./.tools/oss-cad-suite/libexec/../share/yosys/ice40/spram_map.v
Parsing Verilog input from `./.tools/oss-cad-suite/libexec/../share/yosys/ice40/spram_map.v' to AST representation.
Generating RTLIL representation for module `$__ICE40_SPRAM_'.
Successfully finished Verilog frontend.

7.33.3. Continuing TECHMAP pass.
Using template $paramod$152405ab8834e0c4f35bd7e4e60c34790a6f81fa$__ICE40_RAM4K_ for cells of type $__ICE40_RAM4K_.
Using template $paramod$04b722c985d1be611cd7da92c7339e56bf5c80c0$__ICE40_RAM4K_ for cells of type $__ICE40_RAM4K_.
Using template $paramod$9e58fa6d45291e64cc7d3b19daa2c12eeff9d9c7$__ICE40_RAM4K_ for cells of type $__ICE40_RAM4K_.
Using template $paramod$3db81bc44312e060d2fb3eb24fe8d19c2179c8af$__ICE40_RAM4K_ for cells of type $__ICE40_RAM4K_.
Using template $paramod$6eb102324b7b3cb88bc9f7db25ee75d22580238d$__ICE40_RAM4K_ for cells of type $__ICE40_RAM4K_.
Using template $paramod$1bee5e5344bb915836d4300216c525742b3078a4$__ICE40_RAM4K_ for cells of type $__ICE40_RAM4K_.
Using template $paramod$a0727dad70a119795c1c866dc973f900fd165d58$__ICE40_RAM4K_ for cells of type $__ICE40_RAM4K_.
Using template $paramod$b4649e8caeedbb9fd72d9a357cc8d5d267b30e48$__ICE40_RAM4K_ for cells of type $__ICE40_RAM4K_.
Using template $paramod$746fbc1e682ad0bd59804fee0bd6be01faba41e2$__ICE40_RAM4K_ for cells of type $__ICE40_RAM4K_.
Using template $paramod$5b2e150a5efb6248ebcbcd3d7e83fc21621cc495$__ICE40_RAM4K_ for cells of type $__ICE40_RAM4K_.
Using template $paramod$7cb1048db2d5db1607de1bf3483d03a1b0e00c5c$__ICE40_RAM4K_ for cells of type $__ICE40_RAM4K_.
Using template $paramod$9b3ab3cb0fbd1f5d29f2f9df6822b8eb1dc9ae8f$__ICE40_RAM4K_ for cells of type $__ICE40_RAM4K_.
No more expansions possible.
<suppressed ~259 debug messages>

7.34. Executing ICE40_BRAMINIT pass.

7.35. Executing OPT pass (performing simple optimizations).

7.35.1. Executing OPT_EXPR pass (perform const folding).
Optimizing module known_pnr_probe.
<suppressed ~394 debug messages>

7.35.2. Executing OPT_MERGE pass (detect identical cells).
Finding identical cells in module `\known_pnr_probe'.
Computing hashes of 853 cells of `\known_pnr_probe'.
Finding duplicate cells in `\known_pnr_probe'.
Computing hashes of 824 cells of `\known_pnr_probe'.
Finding duplicate cells in `\known_pnr_probe'.
Computing hashes of 822 cells of `\known_pnr_probe'.
Finding duplicate cells in `\known_pnr_probe'.
<suppressed ~93 debug messages>
Removed a total of 31 cells.

7.35.3. Executing OPT_DFF pass (perform DFF optimizations).
Adding EN signal on $auto$ff.cc:337:slice$4648 ($sdffe) from module known_pnr_probe (D = $flatten\core.$procmux$2751_Y [1:0], Q = \core.component_base [1:0]).
Adding SRST signal on $auto$mem.cc:1648:emulate_read_first$5514 ($dff) from module known_pnr_probe (D = $flatten\core.\capture.$2$memwr$\raw1$rtl/core/known_capture.sv:34$769_EN[15:0]$842 [0], Q = $auto$mem.cc:1645:emulate_read_first$5511, rval = 1'0).
Adding SRST signal on $auto$mem.cc:1648:emulate_read_first$5534 ($dff) from module known_pnr_probe (D = $flatten\core.\capture.$2$memwr$\raw0$rtl/core/known_capture.sv:34$770_EN[15:0]$845 [0], Q = $auto$mem.cc:1645:emulate_read_first$5531, rval = 1'0).
Setting constant 0-bit at position 0 on $auto$opt_mem.cc:128:execute$5476 ($dffe) from module known_pnr_probe.
Setting constant 0-bit at position 0 on $auto$opt_mem.cc:128:execute$5490 ($dffe) from module known_pnr_probe.
Setting constant 0-bit at position 0 on $auto$opt_mem.cc:128:execute$5491 ($dffe) from module known_pnr_probe.

7.35.4. Executing OPT_CLEAN pass (remove unused cells and wires).
Finding unused cells or wires in module \known_pnr_probe..
Removed 69 unused cells and 644 unused wires.
<suppressed ~72 debug messages>

7.35.5. Rerunning OPT passes. (Removed registers in this run.)

7.35.6. Executing OPT_EXPR pass (perform const folding).
Optimizing module known_pnr_probe.
<suppressed ~3 debug messages>

7.35.7. Executing OPT_MERGE pass (detect identical cells).
Finding identical cells in module `\known_pnr_probe'.
Computing hashes of 749 cells of `\known_pnr_probe'.
Finding duplicate cells in `\known_pnr_probe'.
Removed a total of 0 cells.

7.35.8. Executing OPT_DFF pass (perform DFF optimizations).

7.35.9. Executing OPT_CLEAN pass (remove unused cells and wires).
Finding unused cells or wires in module \known_pnr_probe..
Removed 0 unused cells and 2 unused wires.
<suppressed ~1 debug messages>

7.35.10. Finished fast OPT passes.

7.36. Executing MEMORY_MAP pass (converting memories to logic and flip-flops).
Mapping memory \core.capture.sums in module \known_pnr_probe:
  created 2 $dff cells and 0 static cells of width 32.
Extracted addr FF from read port 0 of known_pnr_probe.core.capture.sums: $\core.capture.sums$rdreg[0]
  read interface: 1 $dff and 1 $mux cells.
  write interface: 4 write mux blocks.
Mapping memory \core.capture.ids in module \known_pnr_probe:
  created 2 $dff cells and 0 static cells of width 32.
Extracted addr FF from read port 0 of known_pnr_probe.core.capture.ids: $\core.capture.ids$rdreg[0]
  read interface: 1 $dff and 1 $mux cells.
  write interface: 4 write mux blocks.

7.37. Executing OPT pass (performing simple optimizations).

7.37.1. Executing OPT_EXPR pass (perform const folding).
Optimizing module known_pnr_probe.
<suppressed ~7 debug messages>

7.37.2. Executing OPT_MERGE pass (detect identical cells).
Finding identical cells in module `\known_pnr_probe'.
Computing hashes of 768 cells of `\known_pnr_probe'.
Finding duplicate cells in `\known_pnr_probe'.
Computing hashes of 764 cells of `\known_pnr_probe'.
Finding duplicate cells in `\known_pnr_probe'.
<suppressed ~12 debug messages>
Removed a total of 4 cells.

7.37.3. Executing OPT_MUXTREE pass (detect dead branches in mux trees).
Running muxtree optimizer on module \known_pnr_probe..
  Creating internal representation of mux trees.
  Evaluating internal representation of mux trees.
  Analyzing evaluation results.
Removed 0 multiplexer ports.
<suppressed ~280 debug messages>

7.37.4. Executing OPT_REDUCE pass (consolidate $*mux and $reduce_* inputs).
  Optimizing cells in module \known_pnr_probe.
    New input vector for $reduce_and cell $auto$simple.cc:211:make_patterns_logic$6154: { $auto$simple.cc:193:make_patterns_logic$4649 $auto$simple.cc:193:make_patterns_logic$4651 $auto$simple.cc:193:make_patterns_logic$4653 $auto$simple.cc:193:make_patterns_logic$4655 $auto$simple.cc:193:make_patterns_logic$6151 }
    Consolidated identical input bits for $mux cell $flatten\core.$procmux$2751:
      Old ports: A=11'00000000000, B={ $auto$wreduce.cc:513:run$4760 [10] $auto$alumacc.cc:483:extract_cmp_alu$5065 [9:2] 2'x }, Y=$flatten\core.$procmux$2751_Y
      New ports: A=10'0000000000, B={ $auto$wreduce.cc:513:run$4760 [10] $auto$alumacc.cc:483:extract_cmp_alu$5065 [9:2] 1'x }, Y={ $flatten\core.$procmux$2751_Y [10:2] $flatten\core.$procmux$2751_Y [0] }
      New connections: $flatten\core.$procmux$2751_Y [1] = $flatten\core.$procmux$2751_Y [0]
    Consolidated identical input bits for $mux cell $flatten\core.$ternary$rtl/core/known_spectral_core.sv:170$1109:
      Old ports: A=9'000000000, B=9'100000000, Y=$auto$wreduce.cc:513:run$4761 [8:0]
      New ports: A=1'0, B=1'1, Y=$auto$wreduce.cc:513:run$4761 [8]
      New connections: $auto$wreduce.cc:513:run$4761 [7:0] = 8'00000000
    New ctrl vector for $pmux cell $flatten\core.$procmux$2795: $flatten\core.$procmux$2800_CMP
    Consolidated identical input bits for $mux cell $flatten\core.$procmux$3003:
      Old ports: A=5'00000, B=5'10111, Y=$flatten\core.$procmux$3003_Y
      New ports: A=1'0, B=1'1, Y=$flatten\core.$procmux$3003_Y [0]
      New connections: $flatten\core.$procmux$3003_Y [4:1] = { $flatten\core.$procmux$3003_Y [0] 1'0 $flatten\core.$procmux$3003_Y [0] $flatten\core.$procmux$3003_Y [0] }
    Consolidated identical input bits for $mux cell $flatten\core.$procmux$3007:
      Old ports: A=5'00100, B=5'10110, Y=$flatten\core.$procmux$3007_Y
      New ports: A=1'0, B=1'1, Y=$flatten\core.$procmux$3007_Y [1]
      New connections: { $flatten\core.$procmux$3007_Y [4:2] $flatten\core.$procmux$3007_Y [0] } = { $flatten\core.$procmux$3007_Y [1] 3'010 }
    Consolidated identical input bits for $mux cell $flatten\core.$procmux$3035:
      Old ports: A=3'010, B=3'100, Y=$auto$wreduce.cc:513:run$4772 [2:0]
      New ports: A=2'01, B=2'10, Y=$auto$wreduce.cc:513:run$4772 [2:1]
      New connections: $auto$wreduce.cc:513:run$4772 [0] = 1'0
    Consolidated identical input bits for $mux cell $flatten\core.$procmux$3041:
      Old ports: A=3'010, B=3'101, Y=$auto$wreduce.cc:513:run$4771 [2:0]
      New ports: A=2'10, B=2'01, Y=$auto$wreduce.cc:513:run$4771 [1:0]
      New connections: $auto$wreduce.cc:513:run$4771 [2] = $auto$wreduce.cc:513:run$4771 [0]
    Consolidated identical input bits for $mux cell $flatten\core.$procmux$3055:
      Old ports: A=5'10101, B=5'00111, Y=$flatten\core.$procmux$3055_Y
      New ports: A=2'10, B=2'01, Y={ $flatten\core.$procmux$3055_Y [4] $flatten\core.$procmux$3055_Y [1] }
      New connections: { $flatten\core.$procmux$3055_Y [3:2] $flatten\core.$procmux$3055_Y [0] } = 3'011
    New ctrl vector for $pmux cell $flatten\core.$procmux$1402: $auto$opt_reduce.cc:137:opt_pmux$6214
    Consolidated identical input bits for $mux cell $flatten\core.$procmux$3066:
      Old ports: A=3'001, B=3'100, Y=$auto$wreduce.cc:513:run$4766 [2:0]
      New ports: A=2'01, B=2'10, Y={ $auto$wreduce.cc:513:run$4766 [2] $auto$wreduce.cc:513:run$4766 [0] }
      New connections: $auto$wreduce.cc:513:run$4766 [1] = 1'0
    Consolidated identical input bits for $mux cell $flatten\core.$ternary$rtl/core/known_spectral_core.sv:228$1192:
      Old ports: A=5'10101, B=5'01110, Y=$auto$wreduce.cc:513:run$4763 [4:0]
      New ports: A=2'01, B=2'10, Y=$auto$wreduce.cc:513:run$4763 [1:0]
      New connections: $auto$wreduce.cc:513:run$4763 [4:2] = { $auto$wreduce.cc:513:run$4763 [0] $auto$wreduce.cc:513:run$4763 [1] 1'1 }
    Consolidated identical input bits for $mux cell $flatten\core.$ternary$rtl/core/known_spectral_core.sv:86$991:
      Old ports: A={ 27'000000000000000000000000000 $auto$wreduce.cc:513:run$4773 [4:0] }, B=32, Y=$flatten\core.$ternary$rtl/core/known_spectral_core.sv:86$991_Y
      New ports: A={ 1'0 $auto$wreduce.cc:513:run$4773 [4:0] }, B=6'100000, Y=$flatten\core.$ternary$rtl/core/known_spectral_core.sv:86$991_Y [5:0]
      New connections: $flatten\core.$ternary$rtl/core/known_spectral_core.sv:86$991_Y [31:6] = 26'00000000000000000000000000
    Consolidated identical input bits for $mux cell $flatten\core.$ternary$rtl/core/known_spectral_core.sv:86$990:
      Old ports: A=5'10000, B=5'00000, Y=$auto$wreduce.cc:513:run$4773 [4:0]
      New ports: A=1'1, B=1'0, Y=$auto$wreduce.cc:513:run$4773 [4]
      New connections: $auto$wreduce.cc:513:run$4773 [3:0] = 4'0000
    Consolidated identical input bits for $mux cell $flatten\core.$ternary$rtl/core/known_spectral_core.sv:85$986:
      Old ports: A=0, B={ \core.wide_limb_a 16'0000000000000000 }, Y=$flatten\core.$ternary$rtl/core/known_spectral_core.sv:85$986_Y
      New ports: A=16'0000000000000000, B=\core.wide_limb_a, Y=$flatten\core.$ternary$rtl/core/known_spectral_core.sv:85$986_Y [31:16]
      New connections: $flatten\core.$ternary$rtl/core/known_spectral_core.sv:85$986_Y [15:0] = 16'0000000000000000
    New ctrl vector for $pmux cell $flatten\core.$procmux$2303: $auto$opt_reduce.cc:137:opt_pmux$6216
    Consolidated identical input bits for $mux cell $flatten\core.$ternary$rtl/core/known_spectral_core.sv:84$984:
      Old ports: A=0, B={ \core.wide_limb_b 16'0000000000000000 }, Y=$flatten\core.$ternary$rtl/core/known_spectral_core.sv:84$984_Y
      New ports: A=16'0000000000000000, B=\core.wide_limb_b, Y=$flatten\core.$ternary$rtl/core/known_spectral_core.sv:84$984_Y [31:16]
      New connections: $flatten\core.$ternary$rtl/core/known_spectral_core.sv:84$984_Y [15:0] = 16'0000000000000000
    Consolidated identical input bits for $mux cell $flatten\core.$ternary$rtl/core/known_spectral_core.sv:170$1121:
      Old ports: A=9'000000000, B=9'100000000, Y=$auto$wreduce.cc:513:run$4789 [8:0]
      New ports: A=1'0, B=1'1, Y=$auto$wreduce.cc:513:run$4789 [8]
      New connections: $auto$wreduce.cc:513:run$4789 [7:0] = 8'00000000
    Consolidated identical input bits for $mux cell $flatten\core.$ternary$rtl/core/known_spectral_core.sv:170$1113:
      Old ports: A=9'000000000, B=9'100000000, Y=$auto$wreduce.cc:513:run$4764 [8:0]
      New ports: A=1'0, B=1'1, Y=$auto$wreduce.cc:513:run$4764 [8]
      New connections: $auto$wreduce.cc:513:run$4764 [7:0] = 8'00000000
  Optimizing cells in module \known_pnr_probe.
    Consolidated identical input bits for $mux cell $flatten\core.$procmux$3010:
      Old ports: A=$flatten\core.$procmux$3007_Y, B=5'00110, Y=$flatten\core.$procmux$3010_Y
      New ports: A={ $flatten\core.$procmux$3007_Y [1] $flatten\core.$procmux$3007_Y [1] }, B=2'01, Y={ $flatten\core.$procmux$3010_Y [4] $flatten\core.$procmux$3010_Y [1] }
      New connections: { $flatten\core.$procmux$3010_Y [3:2] $flatten\core.$procmux$3010_Y [0] } = 3'010
    Consolidated identical input bits for $mux cell $flatten\core.$ternary$rtl/core/known_spectral_core.sv:86$991:
      Old ports: A={ 1'0 $auto$wreduce.cc:513:run$4773 [4:0] }, B=6'100000, Y=$flatten\core.$ternary$rtl/core/known_spectral_core.sv:86$991_Y [5:0]
      New ports: A={ 1'0 $auto$wreduce.cc:513:run$4773 [4] }, B=2'10, Y=$flatten\core.$ternary$rtl/core/known_spectral_core.sv:86$991_Y [5:4]
      New connections: $flatten\core.$ternary$rtl/core/known_spectral_core.sv:86$991_Y [3:0] = 4'0000
  Optimizing cells in module \known_pnr_probe.
Performed a total of 21 changes.

7.37.5. Executing OPT_MERGE pass (detect identical cells).
Finding identical cells in module `\known_pnr_probe'.
Computing hashes of 766 cells of `\known_pnr_probe'.
Finding duplicate cells in `\known_pnr_probe'.
Computing hashes of 765 cells of `\known_pnr_probe'.
Finding duplicate cells in `\known_pnr_probe'.
<suppressed ~3 debug messages>
Removed a total of 1 cells.

7.37.6. Executing OPT_DFF pass (perform DFF optimizations).
Adding SRST signal on $\core.capture.ids$rdreg[0] ($dff) from module known_pnr_probe (D = $auto$rtlil.cc:3386:Mux$5017, Q = $\core.capture.ids$rdreg[0]$q, rval = 1'0).

7.37.7. Executing OPT_CLEAN pass (remove unused cells and wires).
Finding unused cells or wires in module \known_pnr_probe..
Removed 1 unused cells and 20 unused wires.
<suppressed ~2 debug messages>

7.37.8. Executing OPT_EXPR pass (perform const folding).
Optimizing module known_pnr_probe.

7.37.9. Rerunning OPT passes. (Maybe there is more to do..)

7.37.10. Executing OPT_MUXTREE pass (detect dead branches in mux trees).
Running muxtree optimizer on module \known_pnr_probe..
  Creating internal representation of mux trees.
  Evaluating internal representation of mux trees.
  Analyzing evaluation results.
Removed 0 multiplexer ports.
<suppressed ~279 debug messages>

7.37.11. Executing OPT_REDUCE pass (consolidate $*mux and $reduce_* inputs).
  Optimizing cells in module \known_pnr_probe.
Performed a total of 0 changes.

7.37.12. Executing OPT_MERGE pass (detect identical cells).
Finding identical cells in module `\known_pnr_probe'.
Computing hashes of 764 cells of `\known_pnr_probe'.
Finding duplicate cells in `\known_pnr_probe'.
Removed a total of 0 cells.

7.37.13. Executing OPT_DFF pass (perform DFF optimizations).
Adding EN signal on $memory\core.capture.ids[1]$6192 ($dff) from module known_pnr_probe (D = $memory\core.capture.ids$wrmux[1][1][0]$y$6212, Q = \core.capture.ids[1]).
Adding EN signal on $memory\core.capture.sums[0]$6161 ($dff) from module known_pnr_probe (D = $memory\core.capture.sums$wrmux[0][1][0]$y$6179, Q = \core.capture.sums[0]).
Adding EN signal on $memory\core.capture.sums[1]$6163 ($dff) from module known_pnr_probe (D = $memory\core.capture.sums$wrmux[1][1][0]$y$6189, Q = \core.capture.sums[1]).
Adding EN signal on $memory\core.capture.ids[0]$6190 ($dff) from module known_pnr_probe (D = $memory\core.capture.ids$wrmux[0][1][0]$y$6204, Q = \core.capture.ids[0]).

7.37.14. Executing OPT_CLEAN pass (remove unused cells and wires).
Finding unused cells or wires in module \known_pnr_probe..

7.37.15. Executing OPT_EXPR pass (perform const folding).
Optimizing module known_pnr_probe.
<suppressed ~4 debug messages>

7.37.16. Rerunning OPT passes. (Maybe there is more to do..)

7.37.17. Executing OPT_MUXTREE pass (detect dead branches in mux trees).
Running muxtree optimizer on module \known_pnr_probe..
  Creating internal representation of mux trees.
  Evaluating internal representation of mux trees.
  Analyzing evaluation results.
Removed 0 multiplexer ports.
<suppressed ~279 debug messages>

7.37.18. Executing OPT_REDUCE pass (consolidate $*mux and $reduce_* inputs).
  Optimizing cells in module \known_pnr_probe.
    Consolidated identical input bits for $mux cell $memory\core.capture.sums$wrmux[1][0][0]$6182:
      Old ports: A=32'x, B=0, Y=$memory\core.capture.sums$wrmux[1][0][0]$y$6183
      New ports: A=1'x, B=1'0, Y=$memory\core.capture.sums$wrmux[1][0][0]$y$6183 [0]
      New connections: $memory\core.capture.sums$wrmux[1][0][0]$y$6183 [31:1] = { $memory\core.capture.sums$wrmux[1][0][0]$y$6183 [0] $memory\core.capture.sums$wrmux[1][0][0]$y$6183 [0] $memory\core.capture.sums$wrmux[1][0][0]$y$6183 [0] $memory\core.capture.sums$wrmux[1][0][0]$y$6183 [0] $memory\core.capture.sums$wrmux[1][0][0]$y$6183 [0] $memory\core.capture.sums$wrmux[1][0][0]$y$6183 [0] $memory\core.capture.sums$wrmux[1][0][0]$y$6183 [0] $memory\core.capture.sums$wrmux[1][0][0]$y$6183 [0] $memory\core.capture.sums$wrmux[1][0][0]$y$6183 [0] $memory\core.capture.sums$wrmux[1][0][0]$y$6183 [0] $memory\core.capture.sums$wrmux[1][0][0]$y$6183 [0] $memory\core.capture.sums$wrmux[1][0][0]$y$6183 [0] $memory\core.capture.sums$wrmux[1][0][0]$y$6183 [0] $memory\core.capture.sums$wrmux[1][0][0]$y$6183 [0] $memory\core.capture.sums$wrmux[1][0][0]$y$6183 [0] $memory\core.capture.sums$wrmux[1][0][0]$y$6183 [0] $memory\core.capture.sums$wrmux[1][0][0]$y$6183 [0] $memory\core.capture.sums$wrmux[1][0][0]$y$6183 [0] $memory\core.capture.sums$wrmux[1][0][0]$y$6183 [0] $memory\core.capture.sums$wrmux[1][0][0]$y$6183 [0] $memory\core.capture.sums$wrmux[1][0][0]$y$6183 [0] $memory\core.capture.sums$wrmux[1][0][0]$y$6183 [0] $memory\core.capture.sums$wrmux[1][0][0]$y$6183 [0] $memory\core.capture.sums$wrmux[1][0][0]$y$6183 [0] $memory\core.capture.sums$wrmux[1][0][0]$y$6183 [0] $memory\core.capture.sums$wrmux[1][0][0]$y$6183 [0] $memory\core.capture.sums$wrmux[1][0][0]$y$6183 [0] $memory\core.capture.sums$wrmux[1][0][0]$y$6183 [0] $memory\core.capture.sums$wrmux[1][0][0]$y$6183 [0] $memory\core.capture.sums$wrmux[1][0][0]$y$6183 [0] $memory\core.capture.sums$wrmux[1][0][0]$y$6183 [0] }
    Consolidated identical input bits for $mux cell $memory\core.capture.sums$wrmux[0][0][0]$6172:
      Old ports: A=32'x, B=0, Y=$memory\core.capture.sums$wrmux[0][0][0]$y$6173
      New ports: A=1'x, B=1'0, Y=$memory\core.capture.sums$wrmux[0][0][0]$y$6173 [0]
      New connections: $memory\core.capture.sums$wrmux[0][0][0]$y$6173 [31:1] = { $memory\core.capture.sums$wrmux[0][0][0]$y$6173 [0] $memory\core.capture.sums$wrmux[0][0][0]$y$6173 [0] $memory\core.capture.sums$wrmux[0][0][0]$y$6173 [0] $memory\core.capture.sums$wrmux[0][0][0]$y$6173 [0] $memory\core.capture.sums$wrmux[0][0][0]$y$6173 [0] $memory\core.capture.sums$wrmux[0][0][0]$y$6173 [0] $memory\core.capture.sums$wrmux[0][0][0]$y$6173 [0] $memory\core.capture.sums$wrmux[0][0][0]$y$6173 [0] $memory\core.capture.sums$wrmux[0][0][0]$y$6173 [0] $memory\core.capture.sums$wrmux[0][0][0]$y$6173 [0] $memory\core.capture.sums$wrmux[0][0][0]$y$6173 [0] $memory\core.capture.sums$wrmux[0][0][0]$y$6173 [0] $memory\core.capture.sums$wrmux[0][0][0]$y$6173 [0] $memory\core.capture.sums$wrmux[0][0][0]$y$6173 [0] $memory\core.capture.sums$wrmux[0][0][0]$y$6173 [0] $memory\core.capture.sums$wrmux[0][0][0]$y$6173 [0] $memory\core.capture.sums$wrmux[0][0][0]$y$6173 [0] $memory\core.capture.sums$wrmux[0][0][0]$y$6173 [0] $memory\core.capture.sums$wrmux[0][0][0]$y$6173 [0] $memory\core.capture.sums$wrmux[0][0][0]$y$6173 [0] $memory\core.capture.sums$wrmux[0][0][0]$y$6173 [0] $memory\core.capture.sums$wrmux[0][0][0]$y$6173 [0] $memory\core.capture.sums$wrmux[0][0][0]$y$6173 [0] $memory\core.capture.sums$wrmux[0][0][0]$y$6173 [0] $memory\core.capture.sums$wrmux[0][0][0]$y$6173 [0] $memory\core.capture.sums$wrmux[0][0][0]$y$6173 [0] $memory\core.capture.sums$wrmux[0][0][0]$y$6173 [0] $memory\core.capture.sums$wrmux[0][0][0]$y$6173 [0] $memory\core.capture.sums$wrmux[0][0][0]$y$6173 [0] $memory\core.capture.sums$wrmux[0][0][0]$y$6173 [0] $memory\core.capture.sums$wrmux[0][0][0]$y$6173 [0] }
    Consolidated identical input bits for $mux cell $memory\core.capture.ids$wrmux[0][0][0]$6199:
      Old ports: A=32'x, B=0, Y=$memory\core.capture.ids$wrmux[0][0][0]$y$6200
      New ports: A=1'x, B=1'0, Y=$memory\core.capture.ids$wrmux[0][0][0]$y$6200 [0]
      New connections: $memory\core.capture.ids$wrmux[0][0][0]$y$6200 [31:1] = { $memory\core.capture.ids$wrmux[0][0][0]$y$6200 [0] $memory\core.capture.ids$wrmux[0][0][0]$y$6200 [0] $memory\core.capture.ids$wrmux[0][0][0]$y$6200 [0] $memory\core.capture.ids$wrmux[0][0][0]$y$6200 [0] $memory\core.capture.ids$wrmux[0][0][0]$y$6200 [0] $memory\core.capture.ids$wrmux[0][0][0]$y$6200 [0] $memory\core.capture.ids$wrmux[0][0][0]$y$6200 [0] $memory\core.capture.ids$wrmux[0][0][0]$y$6200 [0] $memory\core.capture.ids$wrmux[0][0][0]$y$6200 [0] $memory\core.capture.ids$wrmux[0][0][0]$y$6200 [0] $memory\core.capture.ids$wrmux[0][0][0]$y$6200 [0] $memory\core.capture.ids$wrmux[0][0][0]$y$6200 [0] $memory\core.capture.ids$wrmux[0][0][0]$y$6200 [0] $memory\core.capture.ids$wrmux[0][0][0]$y$6200 [0] $memory\core.capture.ids$wrmux[0][0][0]$y$6200 [0] $memory\core.capture.ids$wrmux[0][0][0]$y$6200 [0] $memory\core.capture.ids$wrmux[0][0][0]$y$6200 [0] $memory\core.capture.ids$wrmux[0][0][0]$y$6200 [0] $memory\core.capture.ids$wrmux[0][0][0]$y$6200 [0] $memory\core.capture.ids$wrmux[0][0][0]$y$6200 [0] $memory\core.capture.ids$wrmux[0][0][0]$y$6200 [0] $memory\core.capture.ids$wrmux[0][0][0]$y$6200 [0] $memory\core.capture.ids$wrmux[0][0][0]$y$6200 [0] $memory\core.capture.ids$wrmux[0][0][0]$y$6200 [0] $memory\core.capture.ids$wrmux[0][0][0]$y$6200 [0] $memory\core.capture.ids$wrmux[0][0][0]$y$6200 [0] $memory\core.capture.ids$wrmux[0][0][0]$y$6200 [0] $memory\core.capture.ids$wrmux[0][0][0]$y$6200 [0] $memory\core.capture.ids$wrmux[0][0][0]$y$6200 [0] $memory\core.capture.ids$wrmux[0][0][0]$y$6200 [0] $memory\core.capture.ids$wrmux[0][0][0]$y$6200 [0] }
    Consolidated identical input bits for $mux cell $memory\core.capture.ids$wrmux[1][0][0]$6207:
      Old ports: A=32'x, B=0, Y=$memory\core.capture.ids$wrmux[1][0][0]$y$6208
      New ports: A=1'x, B=1'0, Y=$memory\core.capture.ids$wrmux[1][0][0]$y$6208 [0]
      New connections: $memory\core.capture.ids$wrmux[1][0][0]$y$6208 [31:1] = { $memory\core.capture.ids$wrmux[1][0][0]$y$6208 [0] $memory\core.capture.ids$wrmux[1][0][0]$y$6208 [0] $memory\core.capture.ids$wrmux[1][0][0]$y$6208 [0] $memory\core.capture.ids$wrmux[1][0][0]$y$6208 [0] $memory\core.capture.ids$wrmux[1][0][0]$y$6208 [0] $memory\core.capture.ids$wrmux[1][0][0]$y$6208 [0] $memory\core.capture.ids$wrmux[1][0][0]$y$6208 [0] $memory\core.capture.ids$wrmux[1][0][0]$y$6208 [0] $memory\core.capture.ids$wrmux[1][0][0]$y$6208 [0] $memory\core.capture.ids$wrmux[1][0][0]$y$6208 [0] $memory\core.capture.ids$wrmux[1][0][0]$y$6208 [0] $memory\core.capture.ids$wrmux[1][0][0]$y$6208 [0] $memory\core.capture.ids$wrmux[1][0][0]$y$6208 [0] $memory\core.capture.ids$wrmux[1][0][0]$y$6208 [0] $memory\core.capture.ids$wrmux[1][0][0]$y$6208 [0] $memory\core.capture.ids$wrmux[1][0][0]$y$6208 [0] $memory\core.capture.ids$wrmux[1][0][0]$y$6208 [0] $memory\core.capture.ids$wrmux[1][0][0]$y$6208 [0] $memory\core.capture.ids$wrmux[1][0][0]$y$6208 [0] $memory\core.capture.ids$wrmux[1][0][0]$y$6208 [0] $memory\core.capture.ids$wrmux[1][0][0]$y$6208 [0] $memory\core.capture.ids$wrmux[1][0][0]$y$6208 [0] $memory\core.capture.ids$wrmux[1][0][0]$y$6208 [0] $memory\core.capture.ids$wrmux[1][0][0]$y$6208 [0] $memory\core.capture.ids$wrmux[1][0][0]$y$6208 [0] $memory\core.capture.ids$wrmux[1][0][0]$y$6208 [0] $memory\core.capture.ids$wrmux[1][0][0]$y$6208 [0] $memory\core.capture.ids$wrmux[1][0][0]$y$6208 [0] $memory\core.capture.ids$wrmux[1][0][0]$y$6208 [0] $memory\core.capture.ids$wrmux[1][0][0]$y$6208 [0] $memory\core.capture.ids$wrmux[1][0][0]$y$6208 [0] }
  Optimizing cells in module \known_pnr_probe.
Performed a total of 4 changes.

7.37.19. Executing OPT_MERGE pass (detect identical cells).
Finding identical cells in module `\known_pnr_probe'.
Computing hashes of 768 cells of `\known_pnr_probe'.
Finding duplicate cells in `\known_pnr_probe'.
Computing hashes of 763 cells of `\known_pnr_probe'.
Finding duplicate cells in `\known_pnr_probe'.
<suppressed ~15 debug messages>
Removed a total of 5 cells.

7.37.20. Executing OPT_DFF pass (perform DFF optimizations).

7.37.21. Executing OPT_CLEAN pass (remove unused cells and wires).
Finding unused cells or wires in module \known_pnr_probe..
Removed 0 unused cells and 5 unused wires.
<suppressed ~1 debug messages>

7.37.22. Executing OPT_EXPR pass (perform const folding).
Optimizing module known_pnr_probe.

7.37.23. Rerunning OPT passes. (Maybe there is more to do..)

7.37.24. Executing OPT_MUXTREE pass (detect dead branches in mux trees).
Running muxtree optimizer on module \known_pnr_probe..
  Creating internal representation of mux trees.
  Evaluating internal representation of mux trees.
  Analyzing evaluation results.
Removed 0 multiplexer ports.
<suppressed ~281 debug messages>

7.37.25. Executing OPT_REDUCE pass (consolidate $*mux and $reduce_* inputs).
  Optimizing cells in module \known_pnr_probe.
Performed a total of 0 changes.

7.37.26. Executing OPT_MERGE pass (detect identical cells).
Finding identical cells in module `\known_pnr_probe'.
Computing hashes of 763 cells of `\known_pnr_probe'.
Finding duplicate cells in `\known_pnr_probe'.
Removed a total of 0 cells.

7.37.27. Executing OPT_DFF pass (perform DFF optimizations).

7.37.28. Executing OPT_CLEAN pass (remove unused cells and wires).
Finding unused cells or wires in module \known_pnr_probe..

7.37.29. Executing OPT_EXPR pass (perform const folding).
Optimizing module known_pnr_probe.

7.37.30. Finished fast OPT passes. (There is nothing left to do.)

7.38. Executing ICE40_WRAPCARRY pass (wrap carries).

7.39. Executing TECHMAP pass (map to technology primitives).

7.39.1. Executing Verilog-2005 frontend: ./.tools/oss-cad-suite/libexec/../share/yosys/techmap.v
Parsing Verilog input from `./.tools/oss-cad-suite/libexec/../share/yosys/techmap.v' to AST representation.
Generating RTLIL representation for module `\_90_simplemap_bool_ops'.
Generating RTLIL representation for module `\_90_simplemap_reduce_ops'.
Generating RTLIL representation for module `\_90_simplemap_logic_ops'.
Generating RTLIL representation for module `\_90_simplemap_compare_ops'.
Generating RTLIL representation for module `\_90_simplemap_various'.
Generating RTLIL representation for module `\_90_simplemap_registers'.
Generating RTLIL representation for module `\_90_shift_ops_shr_shl_sshl_sshr'.
Generating RTLIL representation for module `\_90_shift_shiftx'.
Generating RTLIL representation for module `\_90_fa'.
Generating RTLIL representation for module `\_90_lcu_brent_kung'.
Generating RTLIL representation for module `\_90_alu'.
Generating RTLIL representation for module `\_90_macc'.
Generating RTLIL representation for module `\_90_alumacc'.
Generating RTLIL representation for module `$__div_mod_u'.
Generating RTLIL representation for module `$__div_mod_trunc'.
Generating RTLIL representation for module `\_90_div'.
Generating RTLIL representation for module `\_90_mod'.
Generating RTLIL representation for module `$__div_mod_floor'.
Generating RTLIL representation for module `\_90_divfloor'.
Generating RTLIL representation for module `\_90_modfloor'.
Generating RTLIL representation for module `\_90_pow'.
Generating RTLIL representation for module `\_90_demux'.
Generating RTLIL representation for module `\_90_lut'.
Generating RTLIL representation for module `$connect'.
Generating RTLIL representation for module `$input_port'.
Successfully finished Verilog frontend.

7.39.2. Executing Verilog-2005 frontend: ./.tools/oss-cad-suite/libexec/../share/yosys/ice40/arith_map.v
Parsing Verilog input from `./.tools/oss-cad-suite/libexec/../share/yosys/ice40/arith_map.v' to AST representation.
Generating RTLIL representation for module `\_80_ice40_alu'.
Successfully finished Verilog frontend.

7.39.3. Continuing TECHMAP pass.
Using extmapper simplemap for cells of type $reduce_bool.
Using extmapper simplemap for cells of type $dffe.
Using extmapper simplemap for cells of type $sdff.
Using extmapper simplemap for cells of type $reduce_or.
Using extmapper simplemap for cells of type $not.
Using extmapper simplemap for cells of type $sdffe.
Using extmapper simplemap for cells of type $reduce_and.
Using extmapper simplemap for cells of type $mux.
Using extmapper simplemap for cells of type $and.
Using extmapper simplemap for cells of type $eq.
Using extmapper simplemap for cells of type $dff.
Using template $paramod$2653f68ddb8eab7b1907b4a20767b72a824a7a36\_80_ice40_alu for cells of type $alu.
Using template $paramod$02488ff6fa51b28bbfa470bdd9b0e548b3357746\_80_ice40_alu for cells of type $alu.
Using template $paramod$039520c137afc9cd69dd56c3fb11a4e1fbe5f664\_80_ice40_alu for cells of type $alu.
Using template $paramod$f880710029b6e56fdc272865cd0a3010fe99cd13\_80_ice40_alu for cells of type $alu.
Using template $paramod$d217a17758e2e945dd317b847eb4def4b9d031fa\_80_ice40_alu for cells of type $alu.
Using template $paramod$c6baa65225090ac0a120feab1b920965244aa496\_80_ice40_alu for cells of type $alu.
Using template $paramod$175e67c02b86e96b1288b9dc100122520d7240d8\_90_alu for cells of type $alu.
Using template $paramod$9e8c19db10db5b8954224cafa0587db20bab09bd\_90_alu for cells of type $alu.
Using template $paramod$6a42b6fefed750f8a1c58eab59479d960557103c\_80_ice40_alu for cells of type $alu.
Using template $paramod$754650b284649a026620fc6856e5b6886cbfe794\_80_ice40_alu for cells of type $alu.
Using template $paramod$bee2d9b174e5d569acba3e70eed4e815564102b5\_80_ice40_alu for cells of type $alu.
Using template $paramod$fd7bfb1a4f3a7c2ac1a35670d0fa64ccc7b91841\_80_ice40_alu for cells of type $alu.
Using template $paramod$3aebdfec64e5f53407607c4fc3bf29211d900439\_80_ice40_alu for cells of type $alu.
Using template $paramod$fe36d6d725c0243822683f7451312ebcd99a78d3\_80_ice40_alu for cells of type $alu.
Using template $paramod$645b2985ffa05920973af4de55fcfd0cb8f80c20\_80_ice40_alu for cells of type $alu.
Using template $paramod$2470b7ea32c975a55c3ab8b283381b72d09e16d3\_80_ice40_alu for cells of type $alu.
Using template $paramod$2f5fb04daf2da94d981bf9455fa4454c6ec8b705\_80_ice40_alu for cells of type $alu.
Using template $paramod$484d51534650924b7ed4c69e46eed3a56904771f\_80_ice40_alu for cells of type $alu.
Using template $paramod$0b0cde3dd6fc83a3fc5535dbeb0d4e3a480de834\_90_alu for cells of type $alu.
Using template $paramod$2af30114e9bd4ccb04dad757b3f0a8f6bf0615b0\_80_ice40_alu for cells of type $alu.
Using template $paramod$c3cd1564c35d873179656addd6052d7ea8b6d991\_80_ice40_alu for cells of type $alu.
Using template $paramod$constmap:f2845bea2442268c284792cac88eaa15910f6144$paramod$cca1f005dbaa5e0b3de272f82920123cf951e346\_90_shift_ops_shr_shl_sshl_sshr for cells of type $shl.
Using template $paramod$403a3c2fa431a154c52a6a5429d7a6260b5d144f\_80_ice40_alu for cells of type $alu.
Using template $paramod$8f8885a26ba1ca15ae495d529a54721085cb35a3\_80_ice40_alu for cells of type $alu.
Using template $paramod$38ea46ffd892378bfaf8febe0c8ac03b94ee7ee9\_80_ice40_alu for cells of type $alu.
Using template $paramod$eeb27fd5404c4ba5b62bf6b87086c25b4e09e3f5\_80_ice40_alu for cells of type $alu.
Using template $paramod$3ef274a4ad1e446c08416d1cf6cb5ab03146d407\_80_ice40_alu for cells of type $alu.
Using template $paramod$ab313d375496893adcde266216bf525b268f5522\_80_ice40_alu for cells of type $alu.
Using template $paramod$88aad6f8473fb7e4e5fbfb8335ddebad03429eaa\_80_ice40_alu for cells of type $alu.
Using template $paramod$b2626aff51a34e60b9c57dceb41667aaf5650a38\_80_ice40_alu for cells of type $alu.
Using extmapper simplemap for cells of type $or.
Using template $paramod$a27c9aef1c47a95c185d364a14d70477e63e5d36\_80_ice40_alu for cells of type $alu.
Using extmapper simplemap for cells of type $xor.
Using template $paramod$9880e04970bab1622966346169089abeb233d90d\_80_ice40_alu for cells of type $alu.
Using template $paramod$776f90c6247cc9f5d649c7ef2bea25df44696e58\_80_ice40_alu for cells of type $alu.
Using template $paramod$fc972a7a46956c1788f3cb5257b53c8f1df2d0cc\_90_alu for cells of type $alu.
Using template $paramod$78e969f2586efcf3a5b0b0440bcca0db83d5cca2\_80_ice40_alu for cells of type $alu.
Using template $paramod$f956edc9fe4df758d9fdb10bfc518a364c99e75e\_80_ice40_alu for cells of type $alu.
Using template $paramod$336b1fb79b1d6be5a93bb9daed6b253aadd9b6ea\_80_ice40_alu for cells of type $alu.
Using template $paramod$98c5892e7dae0085b33c33c218fc8e11ffb9982c\_80_ice40_alu for cells of type $alu.
Using template $paramod$7327f7545cce34023f30a7b4583a5c8a636db166\_80_ice40_alu for cells of type $alu.
Using template $paramod$5e5c8b0021e49c50f7602af858629c991ef7602a\_80_ice40_alu for cells of type $alu.
Using template $paramod$716a39fe093f83af45d6be30e7708e9f3ad9df82\_80_ice40_alu for cells of type $alu.
Using template $paramod$11c61b0655a0df98f3ea892db31d4836ea7a80c4\_80_ice40_alu for cells of type $alu.
Using template $paramod$994150a702e5e4a2d9cd4b3173f0e59cd8baecfe\_80_ice40_alu for cells of type $alu.
Using template $paramod$c632b38d655875c6bf0e3dbf5598162cc1249cef\_80_ice40_alu for cells of type $alu.
Using extmapper maccmap for cells of type $macc_v2.
  add \core.product[0] (32 bits, unsigned)
  add { $flatten\core.$ternary$rtl/core/known_spectral_core.sv:85$986_Y [31:16] 16'0000000000000000 } (32 bits, unsigned)
  add { $flatten\core.$ternary$rtl/core/known_spectral_core.sv:84$984_Y [31:16] 16'0000000000000000 } (32 bits, unsigned)
Using extmapper simplemap for cells of type $bmux.
Using extmapper simplemap for cells of type $ne.
Using extmapper simplemap for cells of type $logic_not.
Using extmapper simplemap for cells of type $logic_and.
Using extmapper simplemap for cells of type $reduce_xor.
Using extmapper simplemap for cells of type $logic_or.
Using template $paramod$constmap:de554f9cc18e049d5b7dc95f0bcf8e03e57019ff$paramod$1e265d9719406ee45a570be27d6567e3eeff81e5\_90_shift_shiftx for cells of type $shiftx.
Using template $paramod$constmap:d8aefc1ccc4cc8f7577de99159ea22c4a240a5fa$paramod$5aa0fbdc3e385f336e95d2896ce5aed0c003c799\_90_shift_shiftx for cells of type $shift.
Analyzing pattern of constant bits for this cell:
  Constant input on bit 0 of port A: 1'1
Creating constmapped module `$paramod$constmap:dd82805e02d0c05f7629d78043ee7bd4bcc370d0$paramod$5aa0fbdc3e385f336e95d2896ce5aed0c003c799\_90_shift_shiftx'.

7.39.109. Executing OPT_MUXTREE pass (detect dead branches in mux trees).
Running muxtree optimizer on module $paramod$constmap:dd82805e02d0c05f7629d78043ee7bd4bcc370d0$paramod$5aa0fbdc3e385f336e95d2896ce5aed0c003c799\_90_shift_shiftx..
  Creating internal representation of mux trees.
  Evaluating internal representation of mux trees.
  Analyzing evaluation results.
    dead port 2/2 on $mux $procmux$10900.
Removed 1 multiplexer ports.
<suppressed ~2623 debug messages>

7.39.110. Executing OPT_EXPR pass (perform const folding).
Optimizing module $paramod$constmap:dd82805e02d0c05f7629d78043ee7bd4bcc370d0$paramod$5aa0fbdc3e385f336e95d2896ce5aed0c003c799\_90_shift_shiftx.
<suppressed ~2 debug messages>
Removed 0 unused cells and 7 unused wires.
Using template $paramod$constmap:dd82805e02d0c05f7629d78043ee7bd4bcc370d0$paramod$5aa0fbdc3e385f336e95d2896ce5aed0c003c799\_90_shift_shiftx for cells of type $shift.
Using extmapper simplemap for cells of type $pmux.
Using template $paramod$constmap:5a4bd879cde68fe23882c6a271f9c4bb8714bccb$paramod$08bf5f0725d292174acacf8edfe87d18d48f6e70\_90_shift_shiftx for cells of type $shift.
Analyzing pattern of constant bits for this cell:
  Constant input on bit 0 of port A: 1'1
  Constant input on bit 1 of port A: 1'1
  Constant input on bit 2 of port A: 1'1
  Constant input on bit 3 of port A: 1'1
  Constant input on bit 4 of port A: 1'1
  Constant input on bit 5 of port A: 1'1
  Constant input on bit 6 of port A: 1'1
  Constant input on bit 7 of port A: 1'1
  Constant input on bit 8 of port A: 1'1
  Constant input on bit 9 of port A: 1'1
  Constant input on bit 10 of port A: 1'1
  Constant input on bit 11 of port A: 1'1
  Constant input on bit 12 of port A: 1'1
  Constant input on bit 13 of port A: 1'1
  Constant input on bit 14 of port A: 1'1
  Constant input on bit 15 of port A: 1'1
Creating constmapped module `$paramod$constmap:decda5b4632abbcf04bf9650a2dac76960d9cb80$paramod$08bf5f0725d292174acacf8edfe87d18d48f6e70\_90_shift_shiftx'.

7.39.116. Executing OPT_MUXTREE pass (detect dead branches in mux trees).
Running muxtree optimizer on module $paramod$constmap:decda5b4632abbcf04bf9650a2dac76960d9cb80$paramod$08bf5f0725d292174acacf8edfe87d18d48f6e70\_90_shift_shiftx..
  Creating internal representation of mux trees.
  Evaluating internal representation of mux trees.
  Analyzing evaluation results.
    dead port 2/2 on $mux $procmux$15715.
    dead port 2/2 on $mux $procmux$15721.
    dead port 2/2 on $mux $procmux$15727.
    dead port 2/2 on $mux $procmux$15733.
    dead port 2/2 on $mux $procmux$15739.
    dead port 2/2 on $mux $procmux$15745.
    dead port 2/2 on $mux $procmux$15751.
Removed 7 multiplexer ports.
<suppressed ~617 debug messages>

7.39.117. Executing OPT_EXPR pass (perform const folding).
Optimizing module $paramod$constmap:decda5b4632abbcf04bf9650a2dac76960d9cb80$paramod$08bf5f0725d292174acacf8edfe87d18d48f6e70\_90_shift_shiftx.
<suppressed ~27 debug messages>
Removed 0 unused cells and 12 unused wires.
Using template $paramod$constmap:decda5b4632abbcf04bf9650a2dac76960d9cb80$paramod$08bf5f0725d292174acacf8edfe87d18d48f6e70\_90_shift_shiftx for cells of type $shift.
Using template $paramod\_90_fa\WIDTH=32'00000000000000000000000000100000 for cells of type $fa.
Using template $paramod$fbc7873bff55778c0b3173955b7e4bce1d9d6834\_80_ice40_alu for cells of type $alu.
Using extmapper simplemap for cells of type $pos.
Using template $paramod\_90_fa\WIDTH=32'00000000000000000000000000000001 for cells of type $fa.
Using template $paramod\_90_lcu_brent_kung\WIDTH=32'00000000000000000000000000000001 for cells of type $lcu.
Using template $paramod\_90_fa\WIDTH=32'00000000000000000000000000000010 for cells of type $fa.
Using template $paramod\_90_lcu_brent_kung\WIDTH=32'00000000000000000000000000000010 for cells of type $lcu.
No more expansions possible.
<suppressed ~974 debug messages>

7.40. Executing OPT pass (performing simple optimizations).

7.40.1. Executing OPT_EXPR pass (perform const folding).
Optimizing module known_pnr_probe.
<suppressed ~8049 debug messages>

7.40.2. Executing OPT_MERGE pass (detect identical cells).
Finding identical cells in module `\known_pnr_probe'.
Computing hashes of 12701 cells of `\known_pnr_probe'.
Finding duplicate cells in `\known_pnr_probe'.
Computing hashes of 12149 cells of `\known_pnr_probe'.
Finding duplicate cells in `\known_pnr_probe'.
Computing hashes of 12069 cells of `\known_pnr_probe'.
Finding duplicate cells in `\known_pnr_probe'.
Computing hashes of 12026 cells of `\known_pnr_probe'.
Finding duplicate cells in `\known_pnr_probe'.
Computing hashes of 11998 cells of `\known_pnr_probe'.
Finding duplicate cells in `\known_pnr_probe'.
Computing hashes of 11981 cells of `\known_pnr_probe'.
Finding duplicate cells in `\known_pnr_probe'.
Computing hashes of 11980 cells of `\known_pnr_probe'.
Finding duplicate cells in `\known_pnr_probe'.
Computing hashes of 11979 cells of `\known_pnr_probe'.
Finding duplicate cells in `\known_pnr_probe'.
Computing hashes of 11978 cells of `\known_pnr_probe'.
Finding duplicate cells in `\known_pnr_probe'.
Computing hashes of 11977 cells of `\known_pnr_probe'.
Finding duplicate cells in `\known_pnr_probe'.
Computing hashes of 11976 cells of `\known_pnr_probe'.
Finding duplicate cells in `\known_pnr_probe'.
Computing hashes of 11975 cells of `\known_pnr_probe'.
Finding duplicate cells in `\known_pnr_probe'.
Computing hashes of 11974 cells of `\known_pnr_probe'.
Finding duplicate cells in `\known_pnr_probe'.
Computing hashes of 11973 cells of `\known_pnr_probe'.
Finding duplicate cells in `\known_pnr_probe'.
Computing hashes of 11972 cells of `\known_pnr_probe'.
Finding duplicate cells in `\known_pnr_probe'.
Computing hashes of 11971 cells of `\known_pnr_probe'.
Finding duplicate cells in `\known_pnr_probe'.
Computing hashes of 11970 cells of `\known_pnr_probe'.
Finding duplicate cells in `\known_pnr_probe'.
Computing hashes of 11969 cells of `\known_pnr_probe'.
Finding duplicate cells in `\known_pnr_probe'.
Computing hashes of 11968 cells of `\known_pnr_probe'.
Finding duplicate cells in `\known_pnr_probe'.
Computing hashes of 11967 cells of `\known_pnr_probe'.
Finding duplicate cells in `\known_pnr_probe'.
Computing hashes of 11966 cells of `\known_pnr_probe'.
Finding duplicate cells in `\known_pnr_probe'.
Computing hashes of 11965 cells of `\known_pnr_probe'.
Finding duplicate cells in `\known_pnr_probe'.
Computing hashes of 11964 cells of `\known_pnr_probe'.
Finding duplicate cells in `\known_pnr_probe'.
Computing hashes of 11963 cells of `\known_pnr_probe'.
Finding duplicate cells in `\known_pnr_probe'.
Computing hashes of 11962 cells of `\known_pnr_probe'.
Finding duplicate cells in `\known_pnr_probe'.
Computing hashes of 11961 cells of `\known_pnr_probe'.
Finding duplicate cells in `\known_pnr_probe'.
<suppressed ~2220 debug messages>
Removed a total of 740 cells.

7.40.3. Executing OPT_DFF pass (perform DFF optimizations).

7.40.4. Executing OPT_CLEAN pass (remove unused cells and wires).
Finding unused cells or wires in module \known_pnr_probe..
Removed 1808 unused cells and 2708 unused wires.
<suppressed ~1809 debug messages>

7.40.5. Finished fast OPT passes.

7.41. Executing ICE40_OPT pass (performing simple optimizations).

7.41.1. Running ICE40 specific optimizations.
Optimized $__ICE40_CARRY_WRAPPER cell back to logic (without SB_CARRY) known_pnr_probe.$auto$maccmap.cc:240:synth$8348.slice[0].carry: CO=1'0
Optimized $__ICE40_CARRY_WRAPPER cell back to logic (without SB_CARRY) known_pnr_probe.$auto$alumacc.cc:548:replace_alu$5078.slice[0].carry: CO=\core.rne$func$rtl/core/known_spectral_core.sv:76$940.$result [0]
Optimized $__ICE40_CARRY_WRAPPER cell back to logic (without SB_CARRY) known_pnr_probe.$auto$alumacc.cc:548:replace_alu$5091.slice[0].carry: CO=\core.rne$func$rtl/core/known_spectral_core.sv:76$940.$result [31]
Optimized $__ICE40_CARRY_WRAPPER cell back to logic (without SB_CARRY) known_pnr_probe.$auto$alumacc.cc:548:replace_alu$5125.slice[0].carry: CO=\core.rounded_feature [0]
Optimized $__ICE40_CARRY_WRAPPER cell back to logic (without SB_CARRY) known_pnr_probe.$auto$alumacc.cc:548:replace_alu$5138.slice[0].carry: CO=\core.rounded_feature [0]
Optimized $__ICE40_CARRY_WRAPPER cell back to logic (without SB_CARRY) known_pnr_probe.$auto$alumacc.cc:548:replace_alu$5156.slice[0].carry: CO=\core.log_work [11]
Optimized $__ICE40_CARRY_WRAPPER cell back to logic (without SB_CARRY) known_pnr_probe.$auto$alumacc.cc:548:replace_alu$5169.slice[0].carry: CO=\core.log_work [10]
Optimized $__ICE40_CARRY_WRAPPER cell back to logic (without SB_CARRY) known_pnr_probe.$auto$alumacc.cc:548:replace_alu$5174.slice[0].carry: CO=\core.computed_log [0]
Optimized $__ICE40_CARRY_WRAPPER cell back to logic (without SB_CARRY) known_pnr_probe.$auto$alumacc.cc:548:replace_alu$5181.slice[0].carry: CO=\core.score [0]
Optimized $__ICE40_CARRY_WRAPPER cell back to logic (without SB_CARRY) known_pnr_probe.$auto$alumacc.cc:548:replace_alu$5194.slice[0].carry: CO=$auto$alumacc.cc:548:replace_alu$5194.A [0]
Optimized $__ICE40_CARRY_WRAPPER cell back to logic (without SB_CARRY) known_pnr_probe.$auto$alumacc.cc:548:replace_alu$5194.slice[2].carry: CO=$auto$alumacc.cc:548:replace_alu$5194.C [2]
Optimized $__ICE40_CARRY_WRAPPER cell back to logic (without SB_CARRY) known_pnr_probe.$auto$alumacc.cc:548:replace_alu$5194.slice[3].carry: CO=$auto$alumacc.cc:548:replace_alu$5194.C [3]
Optimized $__ICE40_CARRY_WRAPPER cell back to logic (without SB_CARRY) known_pnr_probe.$auto$alumacc.cc:548:replace_alu$5194.slice[4].carry: CO=$auto$alumacc.cc:548:replace_alu$5194.C [4]
Optimized $__ICE40_CARRY_WRAPPER cell back to logic (without SB_CARRY) known_pnr_probe.$auto$alumacc.cc:548:replace_alu$5194.slice[5].carry: CO=$auto$alumacc.cc:548:replace_alu$5194.C [5]
Optimized $__ICE40_CARRY_WRAPPER cell back to logic (without SB_CARRY) known_pnr_probe.$auto$alumacc.cc:548:replace_alu$5194.slice[6].carry: CO=$auto$alumacc.cc:548:replace_alu$5194.C [6]
Optimized $__ICE40_CARRY_WRAPPER cell back to logic (without SB_CARRY) known_pnr_probe.$auto$alumacc.cc:548:replace_alu$5194.slice[7].carry: CO=$auto$alumacc.cc:548:replace_alu$5194.C [7]
Optimized $__ICE40_CARRY_WRAPPER cell back to logic (without SB_CARRY) known_pnr_probe.$auto$alumacc.cc:548:replace_alu$5194.slice[8].carry: CO=$auto$alumacc.cc:548:replace_alu$5194.C [8]
Optimized $__ICE40_CARRY_WRAPPER cell back to logic (without SB_CARRY) known_pnr_probe.$auto$alumacc.cc:548:replace_alu$5194.slice[9].carry: CO=$auto$alumacc.cc:548:replace_alu$5194.C [9]
Optimized $__ICE40_CARRY_WRAPPER cell back to logic (without SB_CARRY) known_pnr_probe.$auto$alumacc.cc:548:replace_alu$5194.slice[10].carry: CO=$auto$alumacc.cc:548:replace_alu$5194.C [10]
Optimized $__ICE40_CARRY_WRAPPER cell back to logic (without SB_CARRY) known_pnr_probe.$auto$alumacc.cc:548:replace_alu$5194.slice[11].carry: CO=$auto$alumacc.cc:548:replace_alu$5194.C [11]
Optimized $__ICE40_CARRY_WRAPPER cell back to logic (without SB_CARRY) known_pnr_probe.$auto$alumacc.cc:548:replace_alu$5194.slice[12].carry: CO=$auto$alumacc.cc:548:replace_alu$5194.C [12]
Optimized $__ICE40_CARRY_WRAPPER cell back to logic (without SB_CARRY) known_pnr_probe.$auto$alumacc.cc:548:replace_alu$5194.slice[13].carry: CO=$auto$alumacc.cc:548:replace_alu$5194.C [13]
Optimized $__ICE40_CARRY_WRAPPER cell back to logic (without SB_CARRY) known_pnr_probe.$auto$alumacc.cc:548:replace_alu$5194.slice[14].carry: CO=$auto$alumacc.cc:548:replace_alu$5194.C [14]
Optimized $__ICE40_CARRY_WRAPPER cell back to logic (without SB_CARRY) known_pnr_probe.$auto$alumacc.cc:548:replace_alu$5194.slice[15].carry: CO=$auto$alumacc.cc:548:replace_alu$5194.C [15]
Optimized $__ICE40_CARRY_WRAPPER cell back to logic (without SB_CARRY) known_pnr_probe.$auto$alumacc.cc:548:replace_alu$5194.slice[16].carry: CO=$auto$alumacc.cc:548:replace_alu$5194.C [16]
Optimized $__ICE40_CARRY_WRAPPER cell back to logic (without SB_CARRY) known_pnr_probe.$auto$alumacc.cc:548:replace_alu$5194.slice[17].carry: CO=$auto$alumacc.cc:548:replace_alu$5194.C [17]
Optimized $__ICE40_CARRY_WRAPPER cell back to logic (without SB_CARRY) known_pnr_probe.$auto$alumacc.cc:548:replace_alu$5194.slice[18].carry: CO=$auto$alumacc.cc:548:replace_alu$5194.C [18]
Optimized $__ICE40_CARRY_WRAPPER cell back to logic (without SB_CARRY) known_pnr_probe.$auto$alumacc.cc:548:replace_alu$5194.slice[19].carry: CO=$auto$alumacc.cc:548:replace_alu$5194.C [19]
Optimized $__ICE40_CARRY_WRAPPER cell back to logic (without SB_CARRY) known_pnr_probe.$auto$alumacc.cc:548:replace_alu$5194.slice[20].carry: CO=$auto$alumacc.cc:548:replace_alu$5194.C [20]
Optimized $__ICE40_CARRY_WRAPPER cell back to logic (without SB_CARRY) known_pnr_probe.$auto$alumacc.cc:548:replace_alu$5194.slice[21].carry: CO=$auto$alumacc.cc:548:replace_alu$5194.C [21]
Optimized $__ICE40_CARRY_WRAPPER cell back to logic (without SB_CARRY) known_pnr_probe.$auto$alumacc.cc:548:replace_alu$5210.slice[0].carry: CO=\core.state [1]
Optimized $__ICE40_CARRY_WRAPPER cell back to logic (without SB_CARRY) known_pnr_probe.$auto$alumacc.cc:548:replace_alu$5223.slice[0].carry: CO=\core.state [2]
Optimized $__ICE40_CARRY_WRAPPER cell back to logic (without SB_CARRY) known_pnr_probe.$auto$alumacc.cc:548:replace_alu$5243.slice[0].carry: CO=\core.centered [0]
Optimized $__ICE40_CARRY_WRAPPER cell back to logic (without SB_CARRY) known_pnr_probe.$auto$alumacc.cc:548:replace_alu$5256.slice[0].carry: CO=\core.centered [15]
Optimized $__ICE40_CARRY_WRAPPER cell back to logic (without SB_CARRY) known_pnr_probe.$auto$alumacc.cc:548:replace_alu$5263.slice[0].carry: CO=$auto$alumacc.cc:548:replace_alu$5263.A [0]
Optimized $__ICE40_CARRY_WRAPPER cell back to logic (without SB_CARRY) known_pnr_probe.$auto$alumacc.cc:548:replace_alu$5274.slice[0].carry: CO=$auto$alumacc.cc:548:replace_alu$5274.BB [0]
Optimized $__ICE40_CARRY_WRAPPER cell back to logic (without SB_CARRY) known_pnr_probe.$auto$alumacc.cc:548:replace_alu$5277.slice[0].carry: CO=$auto$alumacc.cc:548:replace_alu$5277.BB [0]
Optimized $__ICE40_CARRY_WRAPPER cell back to logic (without SB_CARRY) known_pnr_probe.$auto$alumacc.cc:548:replace_alu$5283.slice[0].carry: CO=\core.retired [0]
Optimized $__ICE40_CARRY_WRAPPER cell back to logic (without SB_CARRY) known_pnr_probe.$auto$alumacc.cc:548:replace_alu$5292.slice[0].carry: CO=\core.point [0]
Optimized $__ICE40_CARRY_WRAPPER cell back to logic (without SB_CARRY) known_pnr_probe.$auto$alumacc.cc:548:replace_alu$5295.slice[0].carry: CO=\core.previous_id [0]
Optimized $__ICE40_CARRY_WRAPPER cell back to logic (without SB_CARRY) known_pnr_probe.$auto$alumacc.cc:548:replace_alu$5298.slice[0].carry: CO=\core.component_base [2]
Optimized $__ICE40_CARRY_WRAPPER cell back to logic (without SB_CARRY) known_pnr_probe.$auto$alumacc.cc:548:replace_alu$5298.slice[9].carry: CO=1'0
Optimized $__ICE40_CARRY_WRAPPER cell back to logic (without SB_CARRY) known_pnr_probe.$auto$alumacc.cc:548:replace_alu$5304.slice[0].carry: CO=\core.cycles_power [0]
Optimized $__ICE40_CARRY_WRAPPER cell back to logic (without SB_CARRY) known_pnr_probe.$auto$alumacc.cc:548:replace_alu$5307.slice[0].carry: CO=\core.cycles_nn [0]
Optimized $__ICE40_CARRY_WRAPPER cell back to logic (without SB_CARRY) known_pnr_probe.$auto$alumacc.cc:548:replace_alu$5310.slice[0].carry: CO=\core.cycles_dft [0]
Optimized $__ICE40_CARRY_WRAPPER cell back to logic (without SB_CARRY) known_pnr_probe.$auto$alumacc.cc:548:replace_alu$5313.slice[0].carry: CO=\core.cycles_pre [0]
Optimized $__ICE40_CARRY_WRAPPER cell back to logic (without SB_CARRY) known_pnr_probe.$auto$alumacc.cc:548:replace_alu$5319.slice[0].carry: CO=\core.cycles_total [0]
Optimized $__ICE40_CARRY_WRAPPER cell back to logic (without SB_CARRY) known_pnr_probe.$auto$alumacc.cc:548:replace_alu$5331.slice[0].carry: CO=\frame_id [0]
Optimized $__ICE40_CARRY_WRAPPER cell back to logic (without SB_CARRY) known_pnr_probe.$auto$alumacc.cc:548:replace_alu$5334.slice[0].carry: CO=\core.component_base [0]
Optimized $__ICE40_CARRY_WRAPPER cell back to logic (without SB_CARRY) known_pnr_probe.$auto$alumacc.cc:548:replace_alu$5337.slice[0].carry: CO=1'1
Optimized $__ICE40_CARRY_WRAPPER cell back to logic (without SB_CARRY) known_pnr_probe.$auto$alumacc.cc:548:replace_alu$5337.slice[1].carry: CO=$auto$alumacc.cc:548:replace_alu$5337.C [1]
Optimized $__ICE40_CARRY_WRAPPER cell back to logic (without SB_CARRY) known_pnr_probe.$auto$alumacc.cc:548:replace_alu$5337.slice[2].carry: CO=$auto$alumacc.cc:548:replace_alu$5337.C [2]
Optimized $__ICE40_CARRY_WRAPPER cell back to logic (without SB_CARRY) known_pnr_probe.$auto$alumacc.cc:548:replace_alu$5337.slice[3].carry: CO=$auto$alumacc.cc:548:replace_alu$5337.C [3]
Optimized $__ICE40_CARRY_WRAPPER cell back to logic (without SB_CARRY) known_pnr_probe.$auto$alumacc.cc:548:replace_alu$5337.slice[6].carry: CO=$auto$alumacc.cc:548:replace_alu$5337.C [6]
Optimized $__ICE40_CARRY_WRAPPER cell back to logic (without SB_CARRY) known_pnr_probe.$auto$alumacc.cc:548:replace_alu$5337.slice[7].carry: CO=$auto$alumacc.cc:548:replace_alu$5337.C [7]
Optimized $__ICE40_CARRY_WRAPPER cell back to logic (without SB_CARRY) known_pnr_probe.$auto$alumacc.cc:548:replace_alu$5337.slice[8].carry: CO=$auto$alumacc.cc:548:replace_alu$5337.C [8]
Optimized $__ICE40_CARRY_WRAPPER cell back to logic (without SB_CARRY) known_pnr_probe.$auto$alumacc.cc:548:replace_alu$5337.slice[9].carry: CO=$auto$alumacc.cc:548:replace_alu$5337.C [9]
Optimized $__ICE40_CARRY_WRAPPER cell back to logic (without SB_CARRY) known_pnr_probe.$auto$alumacc.cc:548:replace_alu$5337.slice[10].carry: CO=$auto$alumacc.cc:548:replace_alu$5337.C [10]
Optimized $__ICE40_CARRY_WRAPPER cell back to logic (without SB_CARRY) known_pnr_probe.$auto$alumacc.cc:548:replace_alu$5337.slice[11].carry: CO=$auto$alumacc.cc:548:replace_alu$5337.C [11]
Optimized $__ICE40_CARRY_WRAPPER cell back to logic (without SB_CARRY) known_pnr_probe.$auto$alumacc.cc:548:replace_alu$5337.slice[12].carry: CO=$auto$alumacc.cc:548:replace_alu$5337.C [12]
Optimized $__ICE40_CARRY_WRAPPER cell back to logic (without SB_CARRY) known_pnr_probe.$auto$alumacc.cc:548:replace_alu$5337.slice[13].carry: CO=$auto$alumacc.cc:548:replace_alu$5337.C [13]
Optimized $__ICE40_CARRY_WRAPPER cell back to logic (without SB_CARRY) known_pnr_probe.$auto$alumacc.cc:548:replace_alu$5337.slice[14].carry: CO=$auto$alumacc.cc:548:replace_alu$5337.C [14]
Optimized $__ICE40_CARRY_WRAPPER cell back to logic (without SB_CARRY) known_pnr_probe.$auto$alumacc.cc:548:replace_alu$5337.slice[15].carry: CO=$auto$alumacc.cc:548:replace_alu$5337.C [15]
Optimized $__ICE40_CARRY_WRAPPER cell back to logic (without SB_CARRY) known_pnr_probe.$auto$alumacc.cc:548:replace_alu$5337.slice[16].carry: CO=$auto$alumacc.cc:548:replace_alu$5337.C [16]
Optimized $__ICE40_CARRY_WRAPPER cell back to logic (without SB_CARRY) known_pnr_probe.$auto$alumacc.cc:548:replace_alu$5337.slice[17].carry: CO=$auto$alumacc.cc:548:replace_alu$5337.C [17]
Optimized $__ICE40_CARRY_WRAPPER cell back to logic (without SB_CARRY) known_pnr_probe.$auto$alumacc.cc:548:replace_alu$5337.slice[18].carry: CO=$auto$alumacc.cc:548:replace_alu$5337.C [18]
Optimized $__ICE40_CARRY_WRAPPER cell back to logic (without SB_CARRY) known_pnr_probe.$auto$alumacc.cc:548:replace_alu$5337.slice[19].carry: CO=$auto$alumacc.cc:548:replace_alu$5337.C [19]
Optimized $__ICE40_CARRY_WRAPPER cell back to logic (without SB_CARRY) known_pnr_probe.$auto$alumacc.cc:548:replace_alu$5337.slice[20].carry: CO=$auto$alumacc.cc:548:replace_alu$5337.C [20]
Optimized $__ICE40_CARRY_WRAPPER cell back to logic (without SB_CARRY) known_pnr_probe.$auto$alumacc.cc:548:replace_alu$5337.slice[21].carry: CO=$auto$alumacc.cc:548:replace_alu$5337.C [21]
Optimized $__ICE40_CARRY_WRAPPER cell back to logic (without SB_CARRY) known_pnr_probe.$auto$alumacc.cc:548:replace_alu$5337.slice[22].carry: CO=$auto$alumacc.cc:548:replace_alu$5337.C [22]
Optimized $__ICE40_CARRY_WRAPPER cell back to logic (without SB_CARRY) known_pnr_probe.$auto$alumacc.cc:548:replace_alu$5337.slice[23].carry: CO=$auto$alumacc.cc:548:replace_alu$5337.C [23]
Optimized $__ICE40_CARRY_WRAPPER cell back to logic (without SB_CARRY) known_pnr_probe.$auto$alumacc.cc:548:replace_alu$5337.slice[24].carry: CO=$auto$alumacc.cc:548:replace_alu$5337.C [24]
Optimized $__ICE40_CARRY_WRAPPER cell back to logic (without SB_CARRY) known_pnr_probe.$auto$alumacc.cc:548:replace_alu$5337.slice[25].carry: CO=$auto$alumacc.cc:548:replace_alu$5337.C [25]
Optimized $__ICE40_CARRY_WRAPPER cell back to logic (without SB_CARRY) known_pnr_probe.$auto$alumacc.cc:548:replace_alu$5337.slice[26].carry: CO=$auto$alumacc.cc:548:replace_alu$5337.C [26]
Optimized $__ICE40_CARRY_WRAPPER cell back to logic (without SB_CARRY) known_pnr_probe.$auto$alumacc.cc:548:replace_alu$5337.slice[27].carry: CO=$auto$alumacc.cc:548:replace_alu$5337.C [27]
Optimized $__ICE40_CARRY_WRAPPER cell back to logic (without SB_CARRY) known_pnr_probe.$auto$alumacc.cc:548:replace_alu$5337.slice[28].carry: CO=$auto$alumacc.cc:548:replace_alu$5337.C [28]
Optimized $__ICE40_CARRY_WRAPPER cell back to logic (without SB_CARRY) known_pnr_probe.$auto$alumacc.cc:548:replace_alu$5337.slice[29].carry: CO=$auto$alumacc.cc:548:replace_alu$5337.C [29]
Optimized $__ICE40_CARRY_WRAPPER cell back to logic (without SB_CARRY) known_pnr_probe.$auto$alumacc.cc:548:replace_alu$5337.slice[30].carry: CO=$auto$alumacc.cc:548:replace_alu$5337.C [30]
Optimized $__ICE40_CARRY_WRAPPER cell back to logic (without SB_CARRY) known_pnr_probe.$auto$alumacc.cc:548:replace_alu$5337.slice[31].carry: CO=$auto$alumacc.cc:548:replace_alu$5337.C [31]
Optimized $__ICE40_CARRY_WRAPPER cell back to logic (without SB_CARRY) known_pnr_probe.$auto$alumacc.cc:548:replace_alu$5337.slice[32].carry: CO=$auto$alumacc.cc:548:replace_alu$5337.C [32]
Optimized $__ICE40_CARRY_WRAPPER cell back to logic (without SB_CARRY) known_pnr_probe.$auto$alumacc.cc:548:replace_alu$5340.slice[0].carry: CO=\core.clip_window [0]
Optimized $__ICE40_CARRY_WRAPPER cell back to logic (without SB_CARRY) known_pnr_probe.$auto$alumacc.cc:548:replace_alu$5343.slice[0].carry: CO=\core.log_q [0]
Optimized $__ICE40_CARRY_WRAPPER cell back to logic (without SB_CARRY) known_pnr_probe.$auto$alumacc.cc:548:replace_alu$5352.slice[0].carry: CO=$auto$alumacc.cc:548:replace_alu$5352.BB [0]
Optimized $__ICE40_CARRY_WRAPPER cell back to logic (without SB_CARRY) known_pnr_probe.$auto$alumacc.cc:548:replace_alu$5355.slice[57].carry: CO=1'0
Optimized $__ICE40_CARRY_WRAPPER cell back to logic (without SB_CARRY) known_pnr_probe.$auto$alumacc.cc:548:replace_alu$5358.slice[0].carry: CO=\core.exponent [0]
Optimized $__ICE40_CARRY_WRAPPER cell back to logic (without SB_CARRY) known_pnr_probe.$auto$alumacc.cc:548:replace_alu$5361.slice[64].carry: CO=1'0
Optimized $__ICE40_CARRY_WRAPPER cell back to logic (without SB_CARRY) known_pnr_probe.$auto$alumacc.cc:548:replace_alu$5367.slice[0].carry: CO=$auto$alumacc.cc:548:replace_alu$5367.BB [0]
Optimized $__ICE40_CARRY_WRAPPER cell back to logic (without SB_CARRY) known_pnr_probe.$auto$alumacc.cc:548:replace_alu$5370.slice[0].carry: CO=$auto$alumacc.cc:548:replace_alu$5370.BB [0]
Optimized $__ICE40_CARRY_WRAPPER cell back to logic (without SB_CARRY) known_pnr_probe.$auto$alumacc.cc:548:replace_alu$5379.slice[0].carry: CO=\core.exponent [0]
Optimized $__ICE40_CARRY_WRAPPER cell back to logic (without SB_CARRY) known_pnr_probe.$auto$alumacc.cc:548:replace_alu$5382.slice[0].carry: CO=\core.component_base [0]
Optimized $__ICE40_CARRY_WRAPPER cell back to logic (without SB_CARRY) known_pnr_probe.$auto$alumacc.cc:548:replace_alu$5388.slice[0].carry: CO=$auto$alumacc.cc:548:replace_alu$5388.BB [0]
Optimized $__ICE40_CARRY_WRAPPER cell back to logic (without SB_CARRY) known_pnr_probe.$auto$alumacc.cc:548:replace_alu$5388.slice[15].carry: CO=$auto$alumacc.cc:548:replace_alu$5388.C [15]
Optimized $__ICE40_CARRY_WRAPPER cell back to logic (without SB_CARRY) known_pnr_probe.$auto$alumacc.cc:548:replace_alu$5394.slice[0].carry: CO=$auto$alumacc.cc:548:replace_alu$5394.BB [0]
Optimized $__ICE40_CARRY_WRAPPER cell back to logic (without SB_CARRY) known_pnr_probe.$auto$alumacc.cc:548:replace_alu$5394.slice[15].carry: CO=$auto$alumacc.cc:548:replace_alu$5394.C [15]
Optimized $__ICE40_CARRY_WRAPPER cell back to logic (without SB_CARRY) known_pnr_probe.$auto$alumacc.cc:548:replace_alu$5403.slice[0].carry: CO=\core.component_base [0]
Optimized $__ICE40_CARRY_WRAPPER cell back to logic (without SB_CARRY) known_pnr_probe.$auto$alumacc.cc:548:replace_alu$5409.slice[0].carry: CO=$auto$alumacc.cc:548:replace_alu$5409.BB [0]
Optimized $__ICE40_CARRY_WRAPPER cell back to logic (without SB_CARRY) known_pnr_probe.$auto$alumacc.cc:548:replace_alu$5409.slice[15].carry: CO=$auto$alumacc.cc:548:replace_alu$5409.C [15]
Optimized $__ICE40_CARRY_WRAPPER cell back to logic (without SB_CARRY) known_pnr_probe.$auto$alumacc.cc:548:replace_alu$5412.slice[0].carry: CO=\core.issued [0]
Optimized $__ICE40_CARRY_WRAPPER cell back to logic (without SB_CARRY) known_pnr_probe.$auto$alumacc.cc:548:replace_alu$5427.slice[0].carry: CO=$auto$alumacc.cc:548:replace_alu$5427.BB [0]
Optimized $__ICE40_CARRY_WRAPPER cell back to logic (without SB_CARRY) known_pnr_probe.$auto$alumacc.cc:548:replace_alu$5433.slice[0].carry: CO=\core.capture.position [0]
Optimized $__ICE40_CARRY_WRAPPER cell back to logic (without SB_CARRY) known_pnr_probe.$auto$alumacc.cc:548:replace_alu$5439.slice[0].carry: CO=$auto$alumacc.cc:548:replace_alu$5439.BB [0]
Optimized $__ICE40_CARRY_WRAPPER cell back to logic (without SB_CARRY) known_pnr_probe.$auto$alumacc.cc:548:replace_alu$5442.slice[0].carry: CO=\core.capture.protocol_errors [0]
Optimized $__ICE40_CARRY_WRAPPER cell back to logic (without SB_CARRY) known_pnr_probe.$auto$alumacc.cc:548:replace_alu$5445.slice[0].carry: CO=\core.capture.accepted_samples [0]
Optimized $__ICE40_CARRY_WRAPPER cell back to logic (without SB_CARRY) known_pnr_probe.$auto$alumacc.cc:548:replace_alu$5457.slice[0].carry: CO=$auto$alumacc.cc:548:replace_alu$5457.BB [0]
Optimized $__ICE40_CARRY_WRAPPER cell back to logic (without SB_CARRY) known_pnr_probe.$auto$alumacc.cc:548:replace_alu$5463.slice[64].carry: CO=1'0
Optimized $__ICE40_CARRY_WRAPPER cell back to logic (without SB_CARRY) known_pnr_probe.$auto$alumacc.cc:548:replace_alu$5469.slice[0].carry: CO=$auto$alumacc.cc:548:replace_alu$5469.BB [0]
Optimized $__ICE40_CARRY_WRAPPER cell back to logic (without SB_CARRY) known_pnr_probe.$auto$alumacc.cc:548:replace_alu$5469.slice[15].carry: CO=$auto$alumacc.cc:548:replace_alu$5469.C [15]

7.41.2. Executing OPT_EXPR pass (perform const folding).
Optimizing module known_pnr_probe.
<suppressed ~33 debug messages>

7.41.3. Executing OPT_MERGE pass (detect identical cells).
Finding identical cells in module `\known_pnr_probe'.
Computing hashes of 10138 cells of `\known_pnr_probe'.
Finding duplicate cells in `\known_pnr_probe'.
Computing hashes of 10087 cells of `\known_pnr_probe'.
Finding duplicate cells in `\known_pnr_probe'.
Computing hashes of 10054 cells of `\known_pnr_probe'.
Finding duplicate cells in `\known_pnr_probe'.
Computing hashes of 10042 cells of `\known_pnr_probe'.
Finding duplicate cells in `\known_pnr_probe'.
Computing hashes of 10030 cells of `\known_pnr_probe'.
Finding duplicate cells in `\known_pnr_probe'.
<suppressed ~324 debug messages>
Removed a total of 108 cells.

7.41.4. Executing OPT_DFF pass (perform DFF optimizations).
Adding SRST signal on $auto$ff.cc:337:slice$6435 ($_DFFE_PP_) from module known_pnr_probe (D = \frame_id [31], Q = \core.capture.ids[1] [31], rval = 1'0).
Adding SRST signal on $auto$ff.cc:337:slice$6337 ($_DFFE_PP_) from module known_pnr_probe (D = \frame_id [31], Q = \core.capture.ids[0] [31], rval = 1'0).
Adding SRST signal on $auto$ff.cc:337:slice$6306 ($_DFFE_PP_) from module known_pnr_probe (D = \frame_id [0], Q = \core.capture.ids[0] [0], rval = 1'0).
Adding SRST signal on $auto$ff.cc:337:slice$6307 ($_DFFE_PP_) from module known_pnr_probe (D = \frame_id [1], Q = \core.capture.ids[0] [1], rval = 1'0).
Adding SRST signal on $auto$ff.cc:337:slice$6308 ($_DFFE_PP_) from module known_pnr_probe (D = \frame_id [2], Q = \core.capture.ids[0] [2], rval = 1'0).
Adding SRST signal on $auto$ff.cc:337:slice$6309 ($_DFFE_PP_) from module known_pnr_probe (D = \frame_id [3], Q = \core.capture.ids[0] [3], rval = 1'0).
Adding SRST signal on $auto$ff.cc:337:slice$6310 ($_DFFE_PP_) from module known_pnr_probe (D = \frame_id [4], Q = \core.capture.ids[0] [4], rval = 1'0).
Adding SRST signal on $auto$ff.cc:337:slice$6311 ($_DFFE_PP_) from module known_pnr_probe (D = \frame_id [5], Q = \core.capture.ids[0] [5], rval = 1'0).
Adding SRST signal on $auto$ff.cc:337:slice$6312 ($_DFFE_PP_) from module known_pnr_probe (D = \frame_id [6], Q = \core.capture.ids[0] [6], rval = 1'0).
Adding SRST signal on $auto$ff.cc:337:slice$6313 ($_DFFE_PP_) from module known_pnr_probe (D = \frame_id [7], Q = \core.capture.ids[0] [7], rval = 1'0).
Adding SRST signal on $auto$ff.cc:337:slice$6314 ($_DFFE_PP_) from module known_pnr_probe (D = \frame_id [8], Q = \core.capture.ids[0] [8], rval = 1'0).
Adding SRST signal on $auto$ff.cc:337:slice$6315 ($_DFFE_PP_) from module known_pnr_probe (D = \frame_id [9], Q = \core.capture.ids[0] [9], rval = 1'0).
Adding SRST signal on $auto$ff.cc:337:slice$6316 ($_DFFE_PP_) from module known_pnr_probe (D = \frame_id [10], Q = \core.capture.ids[0] [10], rval = 1'0).
Adding SRST signal on $auto$ff.cc:337:slice$6317 ($_DFFE_PP_) from module known_pnr_probe (D = \frame_id [11], Q = \core.capture.ids[0] [11], rval = 1'0).
Adding SRST signal on $auto$ff.cc:337:slice$6318 ($_DFFE_PP_) from module known_pnr_probe (D = \frame_id [12], Q = \core.capture.ids[0] [12], rval = 1'0).
Adding SRST signal on $auto$ff.cc:337:slice$6319 ($_DFFE_PP_) from module known_pnr_probe (D = \frame_id [13], Q = \core.capture.ids[0] [13], rval = 1'0).
Adding SRST signal on $auto$ff.cc:337:slice$6320 ($_DFFE_PP_) from module known_pnr_probe (D = \frame_id [14], Q = \core.capture.ids[0] [14], rval = 1'0).
Adding SRST signal on $auto$ff.cc:337:slice$6321 ($_DFFE_PP_) from module known_pnr_probe (D = \frame_id [15], Q = \core.capture.ids[0] [15], rval = 1'0).
Adding SRST signal on $auto$ff.cc:337:slice$6322 ($_DFFE_PP_) from module known_pnr_probe (D = \frame_id [16], Q = \core.capture.ids[0] [16], rval = 1'0).
Adding SRST signal on $auto$ff.cc:337:slice$6323 ($_DFFE_PP_) from module known_pnr_probe (D = \frame_id [17], Q = \core.capture.ids[0] [17], rval = 1'0).
Adding SRST signal on $auto$ff.cc:337:slice$6324 ($_DFFE_PP_) from module known_pnr_probe (D = \frame_id [18], Q = \core.capture.ids[0] [18], rval = 1'0).
Adding SRST signal on $auto$ff.cc:337:slice$6325 ($_DFFE_PP_) from module known_pnr_probe (D = \frame_id [19], Q = \core.capture.ids[0] [19], rval = 1'0).
Adding SRST signal on $auto$ff.cc:337:slice$6326 ($_DFFE_PP_) from module known_pnr_probe (D = \frame_id [20], Q = \core.capture.ids[0] [20], rval = 1'0).
Adding SRST signal on $auto$ff.cc:337:slice$6327 ($_DFFE_PP_) from module known_pnr_probe (D = \frame_id [21], Q = \core.capture.ids[0] [21], rval = 1'0).
Adding SRST signal on $auto$ff.cc:337:slice$6328 ($_DFFE_PP_) from module known_pnr_probe (D = \frame_id [22], Q = \core.capture.ids[0] [22], rval = 1'0).
Adding SRST signal on $auto$ff.cc:337:slice$6329 ($_DFFE_PP_) from module known_pnr_probe (D = \frame_id [23], Q = \core.capture.ids[0] [23], rval = 1'0).
Adding SRST signal on $auto$ff.cc:337:slice$6330 ($_DFFE_PP_) from module known_pnr_probe (D = \frame_id [24], Q = \core.capture.ids[0] [24], rval = 1'0).
Adding SRST signal on $auto$ff.cc:337:slice$6331 ($_DFFE_PP_) from module known_pnr_probe (D = \frame_id [25], Q = \core.capture.ids[0] [25], rval = 1'0).
Adding SRST signal on $auto$ff.cc:337:slice$6332 ($_DFFE_PP_) from module known_pnr_probe (D = \frame_id [26], Q = \core.capture.ids[0] [26], rval = 1'0).
Adding SRST signal on $auto$ff.cc:337:slice$6333 ($_DFFE_PP_) from module known_pnr_probe (D = \frame_id [27], Q = \core.capture.ids[0] [27], rval = 1'0).
Adding SRST signal on $auto$ff.cc:337:slice$6334 ($_DFFE_PP_) from module known_pnr_probe (D = \frame_id [28], Q = \core.capture.ids[0] [28], rval = 1'0).
Adding SRST signal on $auto$ff.cc:337:slice$6335 ($_DFFE_PP_) from module known_pnr_probe (D = \frame_id [29], Q = \core.capture.ids[0] [29], rval = 1'0).
Adding SRST signal on $auto$ff.cc:337:slice$6336 ($_DFFE_PP_) from module known_pnr_probe (D = \frame_id [30], Q = \core.capture.ids[0] [30], rval = 1'0).
Adding SRST signal on $auto$ff.cc:337:slice$6340 ($_DFFE_PP_) from module known_pnr_probe (D = $auto$alumacc.cc:548:replace_alu$5430.Y [0], Q = \core.capture.sums[1] [0], rval = 1'0).
Adding SRST signal on $auto$ff.cc:337:slice$6341 ($_DFFE_PP_) from module known_pnr_probe (D = $auto$alumacc.cc:548:replace_alu$5430.Y [1], Q = \core.capture.sums[1] [1], rval = 1'0).
Adding SRST signal on $auto$ff.cc:337:slice$6342 ($_DFFE_PP_) from module known_pnr_probe (D = $auto$alumacc.cc:548:replace_alu$5430.Y [2], Q = \core.capture.sums[1] [2], rval = 1'0).
Adding SRST signal on $auto$ff.cc:337:slice$6343 ($_DFFE_PP_) from module known_pnr_probe (D = $auto$alumacc.cc:548:replace_alu$5430.Y [3], Q = \core.capture.sums[1] [3], rval = 1'0).
Adding SRST signal on $auto$ff.cc:337:slice$6344 ($_DFFE_PP_) from module known_pnr_probe (D = $auto$alumacc.cc:548:replace_alu$5430.Y [4], Q = \core.capture.sums[1] [4], rval = 1'0).
Adding SRST signal on $auto$ff.cc:337:slice$6345 ($_DFFE_PP_) from module known_pnr_probe (D = $auto$alumacc.cc:548:replace_alu$5430.Y [5], Q = \core.capture.sums[1] [5], rval = 1'0).
Adding SRST signal on $auto$ff.cc:337:slice$6346 ($_DFFE_PP_) from module known_pnr_probe (D = $auto$alumacc.cc:548:replace_alu$5430.Y [6], Q = \core.capture.sums[1] [6], rval = 1'0).
Adding SRST signal on $auto$ff.cc:337:slice$6347 ($_DFFE_PP_) from module known_pnr_probe (D = $auto$alumacc.cc:548:replace_alu$5430.Y [7], Q = \core.capture.sums[1] [7], rval = 1'0).
Adding SRST signal on $auto$ff.cc:337:slice$6348 ($_DFFE_PP_) from module known_pnr_probe (D = $auto$alumacc.cc:548:replace_alu$5430.Y [8], Q = \core.capture.sums[1] [8], rval = 1'0).
Adding SRST signal on $auto$ff.cc:337:slice$6349 ($_DFFE_PP_) from module known_pnr_probe (D = $auto$alumacc.cc:548:replace_alu$5430.Y [9], Q = \core.capture.sums[1] [9], rval = 1'0).
Adding SRST signal on $auto$ff.cc:337:slice$6350 ($_DFFE_PP_) from module known_pnr_probe (D = $auto$alumacc.cc:548:replace_alu$5430.Y [10], Q = \core.capture.sums[1] [10], rval = 1'0).
Adding SRST signal on $auto$ff.cc:337:slice$6351 ($_DFFE_PP_) from module known_pnr_probe (D = $auto$alumacc.cc:548:replace_alu$5430.Y [11], Q = \core.capture.sums[1] [11], rval = 1'0).
Adding SRST signal on $auto$ff.cc:337:slice$6352 ($_DFFE_PP_) from module known_pnr_probe (D = $auto$alumacc.cc:548:replace_alu$5430.Y [12], Q = \core.capture.sums[1] [12], rval = 1'0).
Adding SRST signal on $auto$ff.cc:337:slice$6353 ($_DFFE_PP_) from module known_pnr_probe (D = $auto$alumacc.cc:548:replace_alu$5430.Y [13], Q = \core.capture.sums[1] [13], rval = 1'0).
Adding SRST signal on $auto$ff.cc:337:slice$6354 ($_DFFE_PP_) from module known_pnr_probe (D = $auto$alumacc.cc:548:replace_alu$5430.Y [14], Q = \core.capture.sums[1] [14], rval = 1'0).
Adding SRST signal on $auto$ff.cc:337:slice$6355 ($_DFFE_PP_) from module known_pnr_probe (D = $auto$alumacc.cc:548:replace_alu$5430.Y [15], Q = \core.capture.sums[1] [15], rval = 1'0).
Adding SRST signal on $auto$ff.cc:337:slice$6356 ($_DFFE_PP_) from module known_pnr_probe (D = $auto$alumacc.cc:548:replace_alu$5430.Y [16], Q = \core.capture.sums[1] [16], rval = 1'0).
Adding SRST signal on $auto$ff.cc:337:slice$6357 ($_DFFE_PP_) from module known_pnr_probe (D = $auto$alumacc.cc:548:replace_alu$5430.Y [17], Q = \core.capture.sums[1] [17], rval = 1'0).
Adding SRST signal on $auto$ff.cc:337:slice$6358 ($_DFFE_PP_) from module known_pnr_probe (D = $auto$alumacc.cc:548:replace_alu$5430.Y [18], Q = \core.capture.sums[1] [18], rval = 1'0).
Adding SRST signal on $auto$ff.cc:337:slice$6359 ($_DFFE_PP_) from module known_pnr_probe (D = $auto$alumacc.cc:548:replace_alu$5430.Y [19], Q = \core.capture.sums[1] [19], rval = 1'0).
Adding SRST signal on $auto$ff.cc:337:slice$6360 ($_DFFE_PP_) from module known_pnr_probe (D = $auto$alumacc.cc:548:replace_alu$5430.Y [20], Q = \core.capture.sums[1] [20], rval = 1'0).
Adding SRST signal on $auto$ff.cc:337:slice$6361 ($_DFFE_PP_) from module known_pnr_probe (D = $auto$alumacc.cc:548:replace_alu$5430.Y [21], Q = \core.capture.sums[1] [21], rval = 1'0).
Adding SRST signal on $auto$ff.cc:337:slice$6362 ($_DFFE_PP_) from module known_pnr_probe (D = $auto$alumacc.cc:548:replace_alu$5430.Y [22], Q = \core.capture.sums[1] [22], rval = 1'0).
Adding SRST signal on $auto$ff.cc:337:slice$6363 ($_DFFE_PP_) from module known_pnr_probe (D = $auto$alumacc.cc:548:replace_alu$5430.Y [23], Q = \core.capture.sums[1] [23], rval = 1'0).
Adding SRST signal on $auto$ff.cc:337:slice$6364 ($_DFFE_PP_) from module known_pnr_probe (D = $auto$alumacc.cc:548:replace_alu$5430.Y [24], Q = \core.capture.sums[1] [24], rval = 1'0).
Adding SRST signal on $auto$ff.cc:337:slice$6365 ($_DFFE_PP_) from module known_pnr_probe (D = $auto$alumacc.cc:548:replace_alu$5430.Y [25], Q = \core.capture.sums[1] [25], rval = 1'0).
Adding SRST signal on $auto$ff.cc:337:slice$6372 ($_DFFE_PP_) from module known_pnr_probe (D = $auto$alumacc.cc:548:replace_alu$5430.Y [0], Q = \core.capture.sums[0] [0], rval = 1'0).
Adding SRST signal on $auto$ff.cc:337:slice$6373 ($_DFFE_PP_) from module known_pnr_probe (D = $auto$alumacc.cc:548:replace_alu$5430.Y [1], Q = \core.capture.sums[0] [1], rval = 1'0).
Adding SRST signal on $auto$ff.cc:337:slice$6374 ($_DFFE_PP_) from module known_pnr_probe (D = $auto$alumacc.cc:548:replace_alu$5430.Y [2], Q = \core.capture.sums[0] [2], rval = 1'0).
Adding SRST signal on $auto$ff.cc:337:slice$6375 ($_DFFE_PP_) from module known_pnr_probe (D = $auto$alumacc.cc:548:replace_alu$5430.Y [3], Q = \core.capture.sums[0] [3], rval = 1'0).
Adding SRST signal on $auto$ff.cc:337:slice$6376 ($_DFFE_PP_) from module known_pnr_probe (D = $auto$alumacc.cc:548:replace_alu$5430.Y [4], Q = \core.capture.sums[0] [4], rval = 1'0).
Adding SRST signal on $auto$ff.cc:337:slice$6377 ($_DFFE_PP_) from module known_pnr_probe (D = $auto$alumacc.cc:548:replace_alu$5430.Y [5], Q = \core.capture.sums[0] [5], rval = 1'0).
Adding SRST signal on $auto$ff.cc:337:slice$6378 ($_DFFE_PP_) from module known_pnr_probe (D = $auto$alumacc.cc:548:replace_alu$5430.Y [6], Q = \core.capture.sums[0] [6], rval = 1'0).
Adding SRST signal on $auto$ff.cc:337:slice$6379 ($_DFFE_PP_) from module known_pnr_probe (D = $auto$alumacc.cc:548:replace_alu$5430.Y [7], Q = \core.capture.sums[0] [7], rval = 1'0).
Adding SRST signal on $auto$ff.cc:337:slice$6380 ($_DFFE_PP_) from module known_pnr_probe (D = $auto$alumacc.cc:548:replace_alu$5430.Y [8], Q = \core.capture.sums[0] [8], rval = 1'0).
Adding SRST signal on $auto$ff.cc:337:slice$6381 ($_DFFE_PP_) from module known_pnr_probe (D = $auto$alumacc.cc:548:replace_alu$5430.Y [9], Q = \core.capture.sums[0] [9], rval = 1'0).
Adding SRST signal on $auto$ff.cc:337:slice$6382 ($_DFFE_PP_) from module known_pnr_probe (D = $auto$alumacc.cc:548:replace_alu$5430.Y [10], Q = \core.capture.sums[0] [10], rval = 1'0).
Adding SRST signal on $auto$ff.cc:337:slice$6383 ($_DFFE_PP_) from module known_pnr_probe (D = $auto$alumacc.cc:548:replace_alu$5430.Y [11], Q = \core.capture.sums[0] [11], rval = 1'0).
Adding SRST signal on $auto$ff.cc:337:slice$6384 ($_DFFE_PP_) from module known_pnr_probe (D = $auto$alumacc.cc:548:replace_alu$5430.Y [12], Q = \core.capture.sums[0] [12], rval = 1'0).
Adding SRST signal on $auto$ff.cc:337:slice$6385 ($_DFFE_PP_) from module known_pnr_probe (D = $auto$alumacc.cc:548:replace_alu$5430.Y [13], Q = \core.capture.sums[0] [13], rval = 1'0).
Adding SRST signal on $auto$ff.cc:337:slice$6386 ($_DFFE_PP_) from module known_pnr_probe (D = $auto$alumacc.cc:548:replace_alu$5430.Y [14], Q = \core.capture.sums[0] [14], rval = 1'0).
Adding SRST signal on $auto$ff.cc:337:slice$6387 ($_DFFE_PP_) from module known_pnr_probe (D = $auto$alumacc.cc:548:replace_alu$5430.Y [15], Q = \core.capture.sums[0] [15], rval = 1'0).
Adding SRST signal on $auto$ff.cc:337:slice$6388 ($_DFFE_PP_) from module known_pnr_probe (D = $auto$alumacc.cc:548:replace_alu$5430.Y [16], Q = \core.capture.sums[0] [16], rval = 1'0).
Adding SRST signal on $auto$ff.cc:337:slice$6389 ($_DFFE_PP_) from module known_pnr_probe (D = $auto$alumacc.cc:548:replace_alu$5430.Y [17], Q = \core.capture.sums[0] [17], rval = 1'0).
Adding SRST signal on $auto$ff.cc:337:slice$6390 ($_DFFE_PP_) from module known_pnr_probe (D = $auto$alumacc.cc:548:replace_alu$5430.Y [18], Q = \core.capture.sums[0] [18], rval = 1'0).
Adding SRST signal on $auto$ff.cc:337:slice$6391 ($_DFFE_PP_) from module known_pnr_probe (D = $auto$alumacc.cc:548:replace_alu$5430.Y [19], Q = \core.capture.sums[0] [19], rval = 1'0).
Adding SRST signal on $auto$ff.cc:337:slice$6392 ($_DFFE_PP_) from module known_pnr_probe (D = $auto$alumacc.cc:548:replace_alu$5430.Y [20], Q = \core.capture.sums[0] [20], rval = 1'0).
Adding SRST signal on $auto$ff.cc:337:slice$6393 ($_DFFE_PP_) from module known_pnr_probe (D = $auto$alumacc.cc:548:replace_alu$5430.Y [21], Q = \core.capture.sums[0] [21], rval = 1'0).
Adding SRST signal on $auto$ff.cc:337:slice$6394 ($_DFFE_PP_) from module known_pnr_probe (D = $auto$alumacc.cc:548:replace_alu$5430.Y [22], Q = \core.capture.sums[0] [22], rval = 1'0).
Adding SRST signal on $auto$ff.cc:337:slice$6395 ($_DFFE_PP_) from module known_pnr_probe (D = $auto$alumacc.cc:548:replace_alu$5430.Y [23], Q = \core.capture.sums[0] [23], rval = 1'0).
Adding SRST signal on $auto$ff.cc:337:slice$6396 ($_DFFE_PP_) from module known_pnr_probe (D = $auto$alumacc.cc:548:replace_alu$5430.Y [24], Q = \core.capture.sums[0] [24], rval = 1'0).
Adding SRST signal on $auto$ff.cc:337:slice$6397 ($_DFFE_PP_) from module known_pnr_probe (D = $auto$alumacc.cc:548:replace_alu$5430.Y [25], Q = \core.capture.sums[0] [25], rval = 1'0).
Adding SRST signal on $auto$ff.cc:337:slice$6404 ($_DFFE_PP_) from module known_pnr_probe (D = \frame_id [0], Q = \core.capture.ids[1] [0], rval = 1'0).
Adding SRST signal on $auto$ff.cc:337:slice$6405 ($_DFFE_PP_) from module known_pnr_probe (D = \frame_id [1], Q = \core.capture.ids[1] [1], rval = 1'0).
Adding SRST signal on $auto$ff.cc:337:slice$6406 ($_DFFE_PP_) from module known_pnr_probe (D = \frame_id [2], Q = \core.capture.ids[1] [2], rval = 1'0).
Adding SRST signal on $auto$ff.cc:337:slice$6407 ($_DFFE_PP_) from module known_pnr_probe (D = \frame_id [3], Q = \core.capture.ids[1] [3], rval = 1'0).
Adding SRST signal on $auto$ff.cc:337:slice$6408 ($_DFFE_PP_) from module known_pnr_probe (D = \frame_id [4], Q = \core.capture.ids[1] [4], rval = 1'0).
Adding SRST signal on $auto$ff.cc:337:slice$6409 ($_DFFE_PP_) from module known_pnr_probe (D = \frame_id [5], Q = \core.capture.ids[1] [5], rval = 1'0).
Adding SRST signal on $auto$ff.cc:337:slice$6410 ($_DFFE_PP_) from module known_pnr_probe (D = \frame_id [6], Q = \core.capture.ids[1] [6], rval = 1'0).
Adding SRST signal on $auto$ff.cc:337:slice$6411 ($_DFFE_PP_) from module known_pnr_probe (D = \frame_id [7], Q = \core.capture.ids[1] [7], rval = 1'0).
Adding SRST signal on $auto$ff.cc:337:slice$6412 ($_DFFE_PP_) from module known_pnr_probe (D = \frame_id [8], Q = \core.capture.ids[1] [8], rval = 1'0).
Adding SRST signal on $auto$ff.cc:337:slice$6413 ($_DFFE_PP_) from module known_pnr_probe (D = \frame_id [9], Q = \core.capture.ids[1] [9], rval = 1'0).
Adding SRST signal on $auto$ff.cc:337:slice$6414 ($_DFFE_PP_) from module known_pnr_probe (D = \frame_id [10], Q = \core.capture.ids[1] [10], rval = 1'0).
Adding SRST signal on $auto$ff.cc:337:slice$6415 ($_DFFE_PP_) from module known_pnr_probe (D = \frame_id [11], Q = \core.capture.ids[1] [11], rval = 1'0).
Adding SRST signal on $auto$ff.cc:337:slice$6416 ($_DFFE_PP_) from module known_pnr_probe (D = \frame_id [12], Q = \core.capture.ids[1] [12], rval = 1'0).
Adding SRST signal on $auto$ff.cc:337:slice$6417 ($_DFFE_PP_) from module known_pnr_probe (D = \frame_id [13], Q = \core.capture.ids[1] [13], rval = 1'0).
Adding SRST signal on $auto$ff.cc:337:slice$6418 ($_DFFE_PP_) from module known_pnr_probe (D = \frame_id [14], Q = \core.capture.ids[1] [14], rval = 1'0).
Adding SRST signal on $auto$ff.cc:337:slice$6419 ($_DFFE_PP_) from module known_pnr_probe (D = \frame_id [15], Q = \core.capture.ids[1] [15], rval = 1'0).
Adding SRST signal on $auto$ff.cc:337:slice$6420 ($_DFFE_PP_) from module known_pnr_probe (D = \frame_id [16], Q = \core.capture.ids[1] [16], rval = 1'0).
Adding SRST signal on $auto$ff.cc:337:slice$6421 ($_DFFE_PP_) from module known_pnr_probe (D = \frame_id [17], Q = \core.capture.ids[1] [17], rval = 1'0).
Adding SRST signal on $auto$ff.cc:337:slice$6422 ($_DFFE_PP_) from module known_pnr_probe (D = \frame_id [18], Q = \core.capture.ids[1] [18], rval = 1'0).
Adding SRST signal on $auto$ff.cc:337:slice$6423 ($_DFFE_PP_) from module known_pnr_probe (D = \frame_id [19], Q = \core.capture.ids[1] [19], rval = 1'0).
Adding SRST signal on $auto$ff.cc:337:slice$6424 ($_DFFE_PP_) from module known_pnr_probe (D = \frame_id [20], Q = \core.capture.ids[1] [20], rval = 1'0).
Adding SRST signal on $auto$ff.cc:337:slice$6425 ($_DFFE_PP_) from module known_pnr_probe (D = \frame_id [21], Q = \core.capture.ids[1] [21], rval = 1'0).
Adding SRST signal on $auto$ff.cc:337:slice$6426 ($_DFFE_PP_) from module known_pnr_probe (D = \frame_id [22], Q = \core.capture.ids[1] [22], rval = 1'0).
Adding SRST signal on $auto$ff.cc:337:slice$6427 ($_DFFE_PP_) from module known_pnr_probe (D = \frame_id [23], Q = \core.capture.ids[1] [23], rval = 1'0).
Adding SRST signal on $auto$ff.cc:337:slice$6428 ($_DFFE_PP_) from module known_pnr_probe (D = \frame_id [24], Q = \core.capture.ids[1] [24], rval = 1'0).
Adding SRST signal on $auto$ff.cc:337:slice$6429 ($_DFFE_PP_) from module known_pnr_probe (D = \frame_id [25], Q = \core.capture.ids[1] [25], rval = 1'0).
Adding SRST signal on $auto$ff.cc:337:slice$6430 ($_DFFE_PP_) from module known_pnr_probe (D = \frame_id [26], Q = \core.capture.ids[1] [26], rval = 1'0).
Adding SRST signal on $auto$ff.cc:337:slice$6431 ($_DFFE_PP_) from module known_pnr_probe (D = \frame_id [27], Q = \core.capture.ids[1] [27], rval = 1'0).
Adding SRST signal on $auto$ff.cc:337:slice$6432 ($_DFFE_PP_) from module known_pnr_probe (D = \frame_id [28], Q = \core.capture.ids[1] [28], rval = 1'0).
Adding SRST signal on $auto$ff.cc:337:slice$6433 ($_DFFE_PP_) from module known_pnr_probe (D = \frame_id [29], Q = \core.capture.ids[1] [29], rval = 1'0).
Adding SRST signal on $auto$ff.cc:337:slice$6434 ($_DFFE_PP_) from module known_pnr_probe (D = \frame_id [30], Q = \core.capture.ids[1] [30], rval = 1'0).
Setting constant 0-bit at position 0 on $auto$ff.cc:337:slice$6459 ($_SDFFE_PP0P_) from module known_pnr_probe.

7.41.5. Executing OPT_CLEAN pass (remove unused cells and wires).
Finding unused cells or wires in module \known_pnr_probe..
Removed 135 unused cells and 48 unused wires.
<suppressed ~136 debug messages>

7.41.6. Rerunning OPT passes. (Removed registers in this run.)

7.41.7. Running ICE40 specific optimizations.
Optimized $__ICE40_CARRY_WRAPPER cell back to logic (without SB_CARRY) known_pnr_probe.$auto$maccmap.cc:240:synth$8348.slice[1].carry: CO=1'0
Optimized $__ICE40_CARRY_WRAPPER cell back to logic (without SB_CARRY) known_pnr_probe.$auto$alumacc.cc:548:replace_alu$5334.slice[1].carry: CO=1'0
Optimized $__ICE40_CARRY_WRAPPER cell back to logic (without SB_CARRY) known_pnr_probe.$auto$alumacc.cc:548:replace_alu$5337.slice[4].carry: CO=$auto$alumacc.cc:548:replace_alu$5337.BB [4]
Optimized $__ICE40_CARRY_WRAPPER cell back to logic (without SB_CARRY) known_pnr_probe.$auto$alumacc.cc:548:replace_alu$5382.slice[1].carry: CO=1'0
Optimized $__ICE40_CARRY_WRAPPER cell back to logic (without SB_CARRY) known_pnr_probe.$auto$alumacc.cc:548:replace_alu$5397.slice[15].carry: CO=1'0
Optimized $__ICE40_CARRY_WRAPPER cell back to logic (without SB_CARRY) known_pnr_probe.$auto$alumacc.cc:548:replace_alu$5403.slice[1].carry: CO=1'0
Optimized $__ICE40_CARRY_WRAPPER cell back to logic (without SB_CARRY) known_pnr_probe.$auto$alumacc.cc:548:replace_alu$5406.slice[0].carry: CO=\core.phases[0] [0]
Optimized $__ICE40_CARRY_WRAPPER cell back to logic (without SB_CARRY) known_pnr_probe.$auto$alumacc.cc:548:replace_alu$5424.slice[0].carry: CO=1'0

7.41.8. Executing OPT_EXPR pass (perform const folding).
Optimizing module known_pnr_probe.
<suppressed ~43 debug messages>

7.41.9. Executing OPT_MERGE pass (detect identical cells).
Finding identical cells in module `\known_pnr_probe'.
Computing hashes of 9851 cells of `\known_pnr_probe'.
Finding duplicate cells in `\known_pnr_probe'.
Computing hashes of 9850 cells of `\known_pnr_probe'.
Finding duplicate cells in `\known_pnr_probe'.
<suppressed ~3 debug messages>
Removed a total of 1 cells.

7.41.10. Executing OPT_DFF pass (perform DFF optimizations).

7.41.11. Executing OPT_CLEAN pass (remove unused cells and wires).
Finding unused cells or wires in module \known_pnr_probe..
Removed 0 unused cells and 29 unused wires.
<suppressed ~1 debug messages>

7.41.12. Rerunning OPT passes. (Removed registers in this run.)

7.41.13. Running ICE40 specific optimizations.
Optimized $__ICE40_CARRY_WRAPPER cell back to logic (without SB_CARRY) known_pnr_probe.$auto$maccmap.cc:240:synth$8348.slice[2].carry: CO=1'0
Optimized $__ICE40_CARRY_WRAPPER cell back to logic (without SB_CARRY) known_pnr_probe.$auto$alumacc.cc:548:replace_alu$5334.slice[2].carry: CO=1'0
Optimized $__ICE40_CARRY_WRAPPER cell back to logic (without SB_CARRY) known_pnr_probe.$auto$alumacc.cc:548:replace_alu$5382.slice[2].carry: CO=1'0
Optimized $__ICE40_CARRY_WRAPPER cell back to logic (without SB_CARRY) known_pnr_probe.$auto$alumacc.cc:548:replace_alu$5403.slice[2].carry: CO=1'0
Optimized $__ICE40_CARRY_WRAPPER cell back to logic (without SB_CARRY) known_pnr_probe.$auto$alumacc.cc:548:replace_alu$5424.slice[1].carry: CO=1'0

7.41.14. Executing OPT_EXPR pass (perform const folding).
Optimizing module known_pnr_probe.

7.41.15. Executing OPT_MERGE pass (detect identical cells).
Finding identical cells in module `\known_pnr_probe'.
Computing hashes of 9850 cells of `\known_pnr_probe'.
Finding duplicate cells in `\known_pnr_probe'.
Computing hashes of 9848 cells of `\known_pnr_probe'.
Finding duplicate cells in `\known_pnr_probe'.
<suppressed ~6 debug messages>
Removed a total of 2 cells.

7.41.16. Executing OPT_DFF pass (perform DFF optimizations).

7.41.17. Executing OPT_CLEAN pass (remove unused cells and wires).
Finding unused cells or wires in module \known_pnr_probe..

7.41.18. Rerunning OPT passes. (Removed registers in this run.)

7.41.19. Running ICE40 specific optimizations.
Optimized $__ICE40_CARRY_WRAPPER cell back to logic (without SB_CARRY) known_pnr_probe.$auto$maccmap.cc:240:synth$8348.slice[3].carry: CO=1'0
Optimized $__ICE40_CARRY_WRAPPER cell back to logic (without SB_CARRY) known_pnr_probe.$auto$alumacc.cc:548:replace_alu$5334.slice[3].carry: CO=1'0
Optimized $__ICE40_CARRY_WRAPPER cell back to logic (without SB_CARRY) known_pnr_probe.$auto$alumacc.cc:548:replace_alu$5382.slice[3].carry: CO=1'0
Optimized $__ICE40_CARRY_WRAPPER cell back to logic (without SB_CARRY) known_pnr_probe.$auto$alumacc.cc:548:replace_alu$5403.slice[3].carry: CO=1'0
Optimized $__ICE40_CARRY_WRAPPER cell back to logic (without SB_CARRY) known_pnr_probe.$auto$alumacc.cc:548:replace_alu$5424.slice[2].carry: CO=1'0

7.41.20. Executing OPT_EXPR pass (perform const folding).
Optimizing module known_pnr_probe.

7.41.21. Executing OPT_MERGE pass (detect identical cells).
Finding identical cells in module `\known_pnr_probe'.
Computing hashes of 9848 cells of `\known_pnr_probe'.
Finding duplicate cells in `\known_pnr_probe'.
Computing hashes of 9845 cells of `\known_pnr_probe'.
Finding duplicate cells in `\known_pnr_probe'.
<suppressed ~9 debug messages>
Removed a total of 3 cells.

7.41.22. Executing OPT_DFF pass (perform DFF optimizations).

7.41.23. Executing OPT_CLEAN pass (remove unused cells and wires).
Finding unused cells or wires in module \known_pnr_probe..

7.41.24. Rerunning OPT passes. (Removed registers in this run.)

7.41.25. Running ICE40 specific optimizations.
Optimized $__ICE40_CARRY_WRAPPER cell back to logic (without SB_CARRY) known_pnr_probe.$auto$maccmap.cc:240:synth$8348.slice[4].carry: CO=1'0
Optimized $__ICE40_CARRY_WRAPPER cell back to logic (without SB_CARRY) known_pnr_probe.$auto$alumacc.cc:548:replace_alu$5334.slice[4].carry: CO=1'0
Optimized $__ICE40_CARRY_WRAPPER cell back to logic (without SB_CARRY) known_pnr_probe.$auto$alumacc.cc:548:replace_alu$5382.slice[4].carry: CO=1'0
Optimized $__ICE40_CARRY_WRAPPER cell back to logic (without SB_CARRY) known_pnr_probe.$auto$alumacc.cc:548:replace_alu$5403.slice[4].carry: CO=1'0
Optimized $__ICE40_CARRY_WRAPPER cell back to logic (without SB_CARRY) known_pnr_probe.$auto$alumacc.cc:548:replace_alu$5424.slice[3].carry: CO=1'0

7.41.26. Executing OPT_EXPR pass (perform const folding).
Optimizing module known_pnr_probe.

7.41.27. Executing OPT_MERGE pass (detect identical cells).
Finding identical cells in module `\known_pnr_probe'.
Computing hashes of 9845 cells of `\known_pnr_probe'.
Finding duplicate cells in `\known_pnr_probe'.
Computing hashes of 9842 cells of `\known_pnr_probe'.
Finding duplicate cells in `\known_pnr_probe'.
<suppressed ~9 debug messages>
Removed a total of 3 cells.

7.41.28. Executing OPT_DFF pass (perform DFF optimizations).

7.41.29. Executing OPT_CLEAN pass (remove unused cells and wires).
Finding unused cells or wires in module \known_pnr_probe..

7.41.30. Rerunning OPT passes. (Removed registers in this run.)

7.41.31. Running ICE40 specific optimizations.
Optimized $__ICE40_CARRY_WRAPPER cell back to logic (without SB_CARRY) known_pnr_probe.$auto$maccmap.cc:240:synth$8348.slice[5].carry: CO=1'0
Optimized $__ICE40_CARRY_WRAPPER cell back to logic (without SB_CARRY) known_pnr_probe.$auto$alumacc.cc:548:replace_alu$5334.slice[5].carry: CO=1'0
Optimized $__ICE40_CARRY_WRAPPER cell back to logic (without SB_CARRY) known_pnr_probe.$auto$alumacc.cc:548:replace_alu$5382.slice[5].carry: CO=1'0
Optimized $__ICE40_CARRY_WRAPPER cell back to logic (without SB_CARRY) known_pnr_probe.$auto$alumacc.cc:548:replace_alu$5403.slice[5].carry: CO=1'0
Optimized $__ICE40_CARRY_WRAPPER cell back to logic (without SB_CARRY) known_pnr_probe.$auto$alumacc.cc:548:replace_alu$5424.slice[4].carry: CO=1'0

7.41.32. Executing OPT_EXPR pass (perform const folding).
Optimizing module known_pnr_probe.

7.41.33. Executing OPT_MERGE pass (detect identical cells).
Finding identical cells in module `\known_pnr_probe'.
Computing hashes of 9842 cells of `\known_pnr_probe'.
Finding duplicate cells in `\known_pnr_probe'.
Computing hashes of 9839 cells of `\known_pnr_probe'.
Finding duplicate cells in `\known_pnr_probe'.
<suppressed ~9 debug messages>
Removed a total of 3 cells.

7.41.34. Executing OPT_DFF pass (perform DFF optimizations).

7.41.35. Executing OPT_CLEAN pass (remove unused cells and wires).
Finding unused cells or wires in module \known_pnr_probe..

7.41.36. Rerunning OPT passes. (Removed registers in this run.)

7.41.37. Running ICE40 specific optimizations.
Optimized $__ICE40_CARRY_WRAPPER cell back to logic (without SB_CARRY) known_pnr_probe.$auto$maccmap.cc:240:synth$8348.slice[6].carry: CO=1'0
Optimized $__ICE40_CARRY_WRAPPER cell back to logic (without SB_CARRY) known_pnr_probe.$auto$alumacc.cc:548:replace_alu$5334.slice[6].carry: CO=1'0
Optimized $__ICE40_CARRY_WRAPPER cell back to logic (without SB_CARRY) known_pnr_probe.$auto$alumacc.cc:548:replace_alu$5382.slice[6].carry: CO=1'0
Optimized $__ICE40_CARRY_WRAPPER cell back to logic (without SB_CARRY) known_pnr_probe.$auto$alumacc.cc:548:replace_alu$5403.slice[6].carry: CO=1'0
Optimized $__ICE40_CARRY_WRAPPER cell back to logic (without SB_CARRY) known_pnr_probe.$auto$alumacc.cc:548:replace_alu$5424.slice[5].carry: CO=1'0

7.41.38. Executing OPT_EXPR pass (perform const folding).
Optimizing module known_pnr_probe.

7.41.39. Executing OPT_MERGE pass (detect identical cells).
Finding identical cells in module `\known_pnr_probe'.
Computing hashes of 9839 cells of `\known_pnr_probe'.
Finding duplicate cells in `\known_pnr_probe'.
Computing hashes of 9836 cells of `\known_pnr_probe'.
Finding duplicate cells in `\known_pnr_probe'.
<suppressed ~9 debug messages>
Removed a total of 3 cells.

7.41.40. Executing OPT_DFF pass (perform DFF optimizations).

7.41.41. Executing OPT_CLEAN pass (remove unused cells and wires).
Finding unused cells or wires in module \known_pnr_probe..

7.41.42. Rerunning OPT passes. (Removed registers in this run.)

7.41.43. Running ICE40 specific optimizations.
Optimized $__ICE40_CARRY_WRAPPER cell back to logic (without SB_CARRY) known_pnr_probe.$auto$maccmap.cc:240:synth$8348.slice[7].carry: CO=1'0
Optimized $__ICE40_CARRY_WRAPPER cell back to logic (without SB_CARRY) known_pnr_probe.$auto$alumacc.cc:548:replace_alu$5334.slice[7].carry: CO=1'0
Optimized $__ICE40_CARRY_WRAPPER cell back to logic (without SB_CARRY) known_pnr_probe.$auto$alumacc.cc:548:replace_alu$5382.slice[7].carry: CO=1'0
Optimized $__ICE40_CARRY_WRAPPER cell back to logic (without SB_CARRY) known_pnr_probe.$auto$alumacc.cc:548:replace_alu$5403.slice[7].carry: CO=1'0
Optimized $__ICE40_CARRY_WRAPPER cell back to logic (without SB_CARRY) known_pnr_probe.$auto$alumacc.cc:548:replace_alu$5424.slice[6].carry: CO=1'0

7.41.44. Executing OPT_EXPR pass (perform const folding).
Optimizing module known_pnr_probe.

7.41.45. Executing OPT_MERGE pass (detect identical cells).
Finding identical cells in module `\known_pnr_probe'.
Computing hashes of 9836 cells of `\known_pnr_probe'.
Finding duplicate cells in `\known_pnr_probe'.
Computing hashes of 9833 cells of `\known_pnr_probe'.
Finding duplicate cells in `\known_pnr_probe'.
<suppressed ~9 debug messages>
Removed a total of 3 cells.

7.41.46. Executing OPT_DFF pass (perform DFF optimizations).

7.41.47. Executing OPT_CLEAN pass (remove unused cells and wires).
Finding unused cells or wires in module \known_pnr_probe..

7.41.48. Rerunning OPT passes. (Removed registers in this run.)

7.41.49. Running ICE40 specific optimizations.
Optimized $__ICE40_CARRY_WRAPPER cell back to logic (without SB_CARRY) known_pnr_probe.$auto$maccmap.cc:240:synth$8348.slice[8].carry: CO=1'0
Optimized $__ICE40_CARRY_WRAPPER cell back to logic (without SB_CARRY) known_pnr_probe.$auto$alumacc.cc:548:replace_alu$5334.slice[8].carry: CO=1'0
Optimized $__ICE40_CARRY_WRAPPER cell back to logic (without SB_CARRY) known_pnr_probe.$auto$alumacc.cc:548:replace_alu$5382.slice[8].carry: CO=1'0
Optimized $__ICE40_CARRY_WRAPPER cell back to logic (without SB_CARRY) known_pnr_probe.$auto$alumacc.cc:548:replace_alu$5403.slice[8].carry: CO=1'0
Optimized $__ICE40_CARRY_WRAPPER cell back to logic (without SB_CARRY) known_pnr_probe.$auto$alumacc.cc:548:replace_alu$5424.slice[7].carry: CO=1'0

7.41.50. Executing OPT_EXPR pass (perform const folding).
Optimizing module known_pnr_probe.

7.41.51. Executing OPT_MERGE pass (detect identical cells).
Finding identical cells in module `\known_pnr_probe'.
Computing hashes of 9833 cells of `\known_pnr_probe'.
Finding duplicate cells in `\known_pnr_probe'.
Computing hashes of 9830 cells of `\known_pnr_probe'.
Finding duplicate cells in `\known_pnr_probe'.
<suppressed ~9 debug messages>
Removed a total of 3 cells.

7.41.52. Executing OPT_DFF pass (perform DFF optimizations).

7.41.53. Executing OPT_CLEAN pass (remove unused cells and wires).
Finding unused cells or wires in module \known_pnr_probe..
Removed 0 unused cells and 1 unused wires.
<suppressed ~1 debug messages>

7.41.54. Rerunning OPT passes. (Removed registers in this run.)

7.41.55. Running ICE40 specific optimizations.
Optimized $__ICE40_CARRY_WRAPPER cell back to logic (without SB_CARRY) known_pnr_probe.$auto$maccmap.cc:240:synth$8348.slice[9].carry: CO=1'0
Optimized $__ICE40_CARRY_WRAPPER cell back to logic (without SB_CARRY) known_pnr_probe.$auto$alumacc.cc:548:replace_alu$5334.slice[9].carry: CO=1'0
Optimized $__ICE40_CARRY_WRAPPER cell back to logic (without SB_CARRY) known_pnr_probe.$auto$alumacc.cc:548:replace_alu$5382.slice[9].carry: CO=1'0
Optimized $__ICE40_CARRY_WRAPPER cell back to logic (without SB_CARRY) known_pnr_probe.$auto$alumacc.cc:548:replace_alu$5403.slice[9].carry: CO=1'0
Optimized $__ICE40_CARRY_WRAPPER cell back to logic (without SB_CARRY) known_pnr_probe.$auto$alumacc.cc:548:replace_alu$5424.slice[8].carry: CO=1'0

7.41.56. Executing OPT_EXPR pass (perform const folding).
Optimizing module known_pnr_probe.

7.41.57. Executing OPT_MERGE pass (detect identical cells).
Finding identical cells in module `\known_pnr_probe'.
Computing hashes of 9830 cells of `\known_pnr_probe'.
Finding duplicate cells in `\known_pnr_probe'.
Computing hashes of 9827 cells of `\known_pnr_probe'.
Finding duplicate cells in `\known_pnr_probe'.
<suppressed ~9 debug messages>
Removed a total of 3 cells.

7.41.58. Executing OPT_DFF pass (perform DFF optimizations).

7.41.59. Executing OPT_CLEAN pass (remove unused cells and wires).
Finding unused cells or wires in module \known_pnr_probe..
Removed 0 unused cells and 4 unused wires.
<suppressed ~1 debug messages>

7.41.60. Rerunning OPT passes. (Removed registers in this run.)

7.41.61. Running ICE40 specific optimizations.
Optimized $__ICE40_CARRY_WRAPPER cell back to logic (without SB_CARRY) known_pnr_probe.$auto$maccmap.cc:240:synth$8348.slice[10].carry: CO=1'0
Optimized $__ICE40_CARRY_WRAPPER cell back to logic (without SB_CARRY) known_pnr_probe.$auto$alumacc.cc:548:replace_alu$5334.slice[10].carry: CO=1'0
Optimized $__ICE40_CARRY_WRAPPER cell back to logic (without SB_CARRY) known_pnr_probe.$auto$alumacc.cc:548:replace_alu$5403.slice[10].carry: CO=1'0
Optimized $__ICE40_CARRY_WRAPPER cell back to logic (without SB_CARRY) known_pnr_probe.$auto$alumacc.cc:548:replace_alu$5424.slice[9].carry: CO=1'0

7.41.62. Executing OPT_EXPR pass (perform const folding).
Optimizing module known_pnr_probe.

7.41.63. Executing OPT_MERGE pass (detect identical cells).
Finding identical cells in module `\known_pnr_probe'.
Computing hashes of 9827 cells of `\known_pnr_probe'.
Finding duplicate cells in `\known_pnr_probe'.
Computing hashes of 9824 cells of `\known_pnr_probe'.
Finding duplicate cells in `\known_pnr_probe'.
<suppressed ~9 debug messages>
Removed a total of 3 cells.

7.41.64. Executing OPT_DFF pass (perform DFF optimizations).

7.41.65. Executing OPT_CLEAN pass (remove unused cells and wires).
Finding unused cells or wires in module \known_pnr_probe..
Removed 0 unused cells and 4 unused wires.
<suppressed ~1 debug messages>

7.41.66. Rerunning OPT passes. (Removed registers in this run.)

7.41.67. Running ICE40 specific optimizations.
Optimized $__ICE40_CARRY_WRAPPER cell back to logic (without SB_CARRY) known_pnr_probe.$auto$maccmap.cc:240:synth$8348.slice[11].carry: CO=1'0

7.41.68. Executing OPT_EXPR pass (perform const folding).
Optimizing module known_pnr_probe.

7.41.69. Executing OPT_MERGE pass (detect identical cells).
Finding identical cells in module `\known_pnr_probe'.
Computing hashes of 9824 cells of `\known_pnr_probe'.
Finding duplicate cells in `\known_pnr_probe'.
Removed a total of 0 cells.

7.41.70. Executing OPT_DFF pass (perform DFF optimizations).

7.41.71. Executing OPT_CLEAN pass (remove unused cells and wires).
Finding unused cells or wires in module \known_pnr_probe..

7.41.72. Rerunning OPT passes. (Removed registers in this run.)

7.41.73. Running ICE40 specific optimizations.
Optimized $__ICE40_CARRY_WRAPPER cell back to logic (without SB_CARRY) known_pnr_probe.$auto$maccmap.cc:240:synth$8348.slice[12].carry: CO=1'0

7.41.74. Executing OPT_EXPR pass (perform const folding).
Optimizing module known_pnr_probe.

7.41.75. Executing OPT_MERGE pass (detect identical cells).
Finding identical cells in module `\known_pnr_probe'.
Computing hashes of 9824 cells of `\known_pnr_probe'.
Finding duplicate cells in `\known_pnr_probe'.
Removed a total of 0 cells.

7.41.76. Executing OPT_DFF pass (perform DFF optimizations).

7.41.77. Executing OPT_CLEAN pass (remove unused cells and wires).
Finding unused cells or wires in module \known_pnr_probe..

7.41.78. Rerunning OPT passes. (Removed registers in this run.)

7.41.79. Running ICE40 specific optimizations.
Optimized $__ICE40_CARRY_WRAPPER cell back to logic (without SB_CARRY) known_pnr_probe.$auto$maccmap.cc:240:synth$8348.slice[13].carry: CO=1'0

7.41.80. Executing OPT_EXPR pass (perform const folding).
Optimizing module known_pnr_probe.

7.41.81. Executing OPT_MERGE pass (detect identical cells).
Finding identical cells in module `\known_pnr_probe'.
Computing hashes of 9824 cells of `\known_pnr_probe'.
Finding duplicate cells in `\known_pnr_probe'.
Removed a total of 0 cells.

7.41.82. Executing OPT_DFF pass (perform DFF optimizations).

7.41.83. Executing OPT_CLEAN pass (remove unused cells and wires).
Finding unused cells or wires in module \known_pnr_probe..

7.41.84. Rerunning OPT passes. (Removed registers in this run.)

7.41.85. Running ICE40 specific optimizations.
Optimized $__ICE40_CARRY_WRAPPER cell back to logic (without SB_CARRY) known_pnr_probe.$auto$maccmap.cc:240:synth$8348.slice[14].carry: CO=1'0

7.41.86. Executing OPT_EXPR pass (perform const folding).
Optimizing module known_pnr_probe.

7.41.87. Executing OPT_MERGE pass (detect identical cells).
Finding identical cells in module `\known_pnr_probe'.
Computing hashes of 9824 cells of `\known_pnr_probe'.
Finding duplicate cells in `\known_pnr_probe'.
Removed a total of 0 cells.

7.41.88. Executing OPT_DFF pass (perform DFF optimizations).

7.41.89. Executing OPT_CLEAN pass (remove unused cells and wires).
Finding unused cells or wires in module \known_pnr_probe..

7.41.90. Rerunning OPT passes. (Removed registers in this run.)

7.41.91. Running ICE40 specific optimizations.
Optimized $__ICE40_CARRY_WRAPPER cell back to logic (without SB_CARRY) known_pnr_probe.$auto$maccmap.cc:240:synth$8348.slice[15].carry: CO=1'0

7.41.92. Executing OPT_EXPR pass (perform const folding).
Optimizing module known_pnr_probe.

7.41.93. Executing OPT_MERGE pass (detect identical cells).
Finding identical cells in module `\known_pnr_probe'.
Computing hashes of 9824 cells of `\known_pnr_probe'.
Finding duplicate cells in `\known_pnr_probe'.
Removed a total of 0 cells.

7.41.94. Executing OPT_DFF pass (perform DFF optimizations).

7.41.95. Executing OPT_CLEAN pass (remove unused cells and wires).
Finding unused cells or wires in module \known_pnr_probe..

7.41.96. Rerunning OPT passes. (Removed registers in this run.)

7.41.97. Running ICE40 specific optimizations.
Optimized $__ICE40_CARRY_WRAPPER cell back to logic (without SB_CARRY) known_pnr_probe.$auto$maccmap.cc:240:synth$8348.slice[16].carry: CO=1'0

7.41.98. Executing OPT_EXPR pass (perform const folding).
Optimizing module known_pnr_probe.

7.41.99. Executing OPT_MERGE pass (detect identical cells).
Finding identical cells in module `\known_pnr_probe'.
Computing hashes of 9824 cells of `\known_pnr_probe'.
Finding duplicate cells in `\known_pnr_probe'.
Removed a total of 0 cells.

7.41.100. Executing OPT_DFF pass (perform DFF optimizations).

7.41.101. Executing OPT_CLEAN pass (remove unused cells and wires).
Finding unused cells or wires in module \known_pnr_probe..

7.41.102. Rerunning OPT passes. (Removed registers in this run.)

7.41.103. Running ICE40 specific optimizations.

7.41.104. Executing OPT_EXPR pass (perform const folding).
Optimizing module known_pnr_probe.

7.41.105. Executing OPT_MERGE pass (detect identical cells).
Finding identical cells in module `\known_pnr_probe'.
Computing hashes of 9824 cells of `\known_pnr_probe'.
Finding duplicate cells in `\known_pnr_probe'.
Removed a total of 0 cells.

7.41.106. Executing OPT_DFF pass (perform DFF optimizations).

7.41.107. Executing OPT_CLEAN pass (remove unused cells and wires).
Finding unused cells or wires in module \known_pnr_probe..

7.41.108. Finished OPT passes. (There is nothing left to do.)

7.42. Executing DFFLEGALIZE pass (convert FFs and LATCHes to types supported by the target).

7.43. Executing TECHMAP pass (map to technology primitives).

7.43.1. Executing Verilog-2005 frontend: ./.tools/oss-cad-suite/libexec/../share/yosys/ice40/ff_map.v
Parsing Verilog input from `./.tools/oss-cad-suite/libexec/../share/yosys/ice40/ff_map.v' to AST representation.
Generating RTLIL representation for module `$_DFF_N_'.
Generating RTLIL representation for module `$_DFF_P_'.
Generating RTLIL representation for module `$_DFFE_NP_'.
Generating RTLIL representation for module `$_DFFE_PP_'.
Generating RTLIL representation for module `$_DFF_NP0_'.
Generating RTLIL representation for module `$_DFF_NP1_'.
Generating RTLIL representation for module `$_DFF_PP0_'.
Generating RTLIL representation for module `$_DFF_PP1_'.
Generating RTLIL representation for module `$_DFFE_NP0P_'.
Generating RTLIL representation for module `$_DFFE_NP1P_'.
Generating RTLIL representation for module `$_DFFE_PP0P_'.
Generating RTLIL representation for module `$_DFFE_PP1P_'.
Generating RTLIL representation for module `$_SDFF_NP0_'.
Generating RTLIL representation for module `$_SDFF_NP1_'.
Generating RTLIL representation for module `$_SDFF_PP0_'.
Generating RTLIL representation for module `$_SDFF_PP1_'.
Generating RTLIL representation for module `$_SDFFCE_NP0P_'.
Generating RTLIL representation for module `$_SDFFCE_NP1P_'.
Generating RTLIL representation for module `$_SDFFCE_PP0P_'.
Generating RTLIL representation for module `$_SDFFCE_PP1P_'.
Successfully finished Verilog frontend.

7.43.2. Continuing TECHMAP pass.
Using template $_SDFFCE_PP0P_ for cells of type $_SDFFCE_PP0P_.
Using template $_DFF_P_ for cells of type $_DFF_P_.
Using template $_DFFE_PP_ for cells of type $_DFFE_PP_.
Using template $_SDFF_PP0_ for cells of type $_SDFF_PP0_.
Using template $_SDFFCE_PP1P_ for cells of type $_SDFFCE_PP1P_.
No more expansions possible.
<suppressed ~1545 debug messages>

7.44. Executing OPT_EXPR pass (perform const folding).
Optimizing module known_pnr_probe.

7.45. Executing SIMPLEMAP pass (map simple cells to gate primitives).
Mapping known_pnr_probe.$auto$alumacc.cc:548:replace_alu$5274.slice[0].carry ($lut).
Mapping known_pnr_probe.$auto$alumacc.cc:548:replace_alu$5277.slice[0].carry ($lut).
Mapping known_pnr_probe.$auto$alumacc.cc:548:replace_alu$5283.slice[0].carry ($lut).
Mapping known_pnr_probe.$auto$alumacc.cc:548:replace_alu$5292.slice[0].carry ($lut).
Mapping known_pnr_probe.$auto$alumacc.cc:548:replace_alu$5295.slice[0].carry ($lut).
Mapping known_pnr_probe.$auto$alumacc.cc:548:replace_alu$5298.slice[0].carry ($lut).
Mapping known_pnr_probe.$auto$alumacc.cc:548:replace_alu$5298.slice[9].carry ($lut).
Mapping known_pnr_probe.$auto$alumacc.cc:548:replace_alu$5304.slice[0].carry ($lut).
Mapping known_pnr_probe.$auto$alumacc.cc:548:replace_alu$5307.slice[0].carry ($lut).
Mapping known_pnr_probe.$auto$alumacc.cc:548:replace_alu$5310.slice[0].carry ($lut).
Mapping known_pnr_probe.$auto$alumacc.cc:548:replace_alu$5313.slice[0].carry ($lut).
Mapping known_pnr_probe.$auto$alumacc.cc:548:replace_alu$5319.slice[0].carry ($lut).
Mapping known_pnr_probe.$auto$alumacc.cc:548:replace_alu$5331.slice[0].carry ($lut).
Mapping known_pnr_probe.$auto$alumacc.cc:548:replace_alu$5334.slice[0].carry ($lut).
Mapping known_pnr_probe.$auto$alumacc.cc:548:replace_alu$5334.slice[10].carry ($lut).
Mapping known_pnr_probe.$auto$alumacc.cc:548:replace_alu$5334.slice[2].carry ($lut).
Mapping known_pnr_probe.$auto$alumacc.cc:548:replace_alu$5334.slice[3].carry ($lut).
Mapping known_pnr_probe.$auto$alumacc.cc:548:replace_alu$5334.slice[4].carry ($lut).
Mapping known_pnr_probe.$auto$alumacc.cc:548:replace_alu$5334.slice[5].carry ($lut).
Mapping known_pnr_probe.$auto$alumacc.cc:548:replace_alu$5334.slice[6].carry ($lut).
Mapping known_pnr_probe.$auto$alumacc.cc:548:replace_alu$5334.slice[7].carry ($lut).
Mapping known_pnr_probe.$auto$alumacc.cc:548:replace_alu$5334.slice[8].carry ($lut).
Mapping known_pnr_probe.$auto$alumacc.cc:548:replace_alu$5334.slice[9].carry ($lut).
Mapping known_pnr_probe.$auto$alumacc.cc:548:replace_alu$5337.slice[0].carry ($lut).
Mapping known_pnr_probe.$auto$alumacc.cc:548:replace_alu$5337.slice[4].carry ($lut).
Mapping known_pnr_probe.$auto$alumacc.cc:548:replace_alu$5337.slice[6].carry ($lut).
Mapping known_pnr_probe.$auto$alumacc.cc:548:replace_alu$5340.slice[0].carry ($lut).
Mapping known_pnr_probe.$auto$alumacc.cc:548:replace_alu$5343.slice[0].carry ($lut).
Mapping known_pnr_probe.$auto$alumacc.cc:548:replace_alu$5352.slice[0].carry ($lut).
Mapping known_pnr_probe.$auto$alumacc.cc:548:replace_alu$5355.slice[57].carry ($lut).
Mapping known_pnr_probe.$auto$alumacc.cc:548:replace_alu$5358.slice[0].carry ($lut).
Mapping known_pnr_probe.$auto$alumacc.cc:548:replace_alu$5361.slice[64].carry ($lut).
Mapping known_pnr_probe.$auto$alumacc.cc:548:replace_alu$5367.slice[0].carry ($lut).
Mapping known_pnr_probe.$auto$alumacc.cc:548:replace_alu$5370.slice[0].carry ($lut).
Mapping known_pnr_probe.$auto$alumacc.cc:548:replace_alu$5379.slice[0].carry ($lut).
Mapping known_pnr_probe.$auto$alumacc.cc:548:replace_alu$5388.slice[0].carry ($lut).
Mapping known_pnr_probe.$auto$alumacc.cc:548:replace_alu$5388.slice[15].carry ($lut).
Mapping known_pnr_probe.$auto$alumacc.cc:548:replace_alu$5394.slice[0].carry ($lut).
Mapping known_pnr_probe.$auto$alumacc.cc:548:replace_alu$5394.slice[15].carry ($lut).
Mapping known_pnr_probe.$auto$alumacc.cc:548:replace_alu$5397.slice[15].carry ($lut).
Mapping known_pnr_probe.$auto$alumacc.cc:548:replace_alu$5403.slice[1].carry ($lut).
Mapping known_pnr_probe.$auto$alumacc.cc:548:replace_alu$5406.slice[0].carry ($lut).
Mapping known_pnr_probe.$auto$alumacc.cc:548:replace_alu$5409.slice[0].carry ($lut).
Mapping known_pnr_probe.$auto$alumacc.cc:548:replace_alu$5409.slice[15].carry ($lut).
Mapping known_pnr_probe.$auto$alumacc.cc:548:replace_alu$5412.slice[0].carry ($lut).
Mapping known_pnr_probe.$auto$alumacc.cc:548:replace_alu$5424.slice[0].carry ($lut).
Mapping known_pnr_probe.$auto$alumacc.cc:548:replace_alu$5424.slice[1].carry ($lut).
Mapping known_pnr_probe.$auto$alumacc.cc:548:replace_alu$5427.slice[0].carry ($lut).
Mapping known_pnr_probe.$auto$alumacc.cc:548:replace_alu$5433.slice[0].carry ($lut).
Mapping known_pnr_probe.$auto$alumacc.cc:548:replace_alu$5439.slice[0].carry ($lut).
Mapping known_pnr_probe.$auto$alumacc.cc:548:replace_alu$5442.slice[0].carry ($lut).
Mapping known_pnr_probe.$auto$alumacc.cc:548:replace_alu$5445.slice[0].carry ($lut).
Mapping known_pnr_probe.$auto$alumacc.cc:548:replace_alu$5457.slice[0].carry ($lut).
Mapping known_pnr_probe.$auto$alumacc.cc:548:replace_alu$5463.slice[64].carry ($lut).
Mapping known_pnr_probe.$auto$alumacc.cc:548:replace_alu$5469.slice[0].carry ($lut).
Mapping known_pnr_probe.$auto$alumacc.cc:548:replace_alu$5469.slice[15].carry ($lut).
Mapping known_pnr_probe.$auto$maccmap.cc:240:synth$8348.slice[0].carry ($lut).
Mapping known_pnr_probe.$auto$maccmap.cc:240:synth$8348.slice[10].carry ($lut).
Mapping known_pnr_probe.$auto$maccmap.cc:240:synth$8348.slice[11].carry ($lut).
Mapping known_pnr_probe.$auto$maccmap.cc:240:synth$8348.slice[12].carry ($lut).
Mapping known_pnr_probe.$auto$maccmap.cc:240:synth$8348.slice[13].carry ($lut).
Mapping known_pnr_probe.$auto$maccmap.cc:240:synth$8348.slice[14].carry ($lut).
Mapping known_pnr_probe.$auto$maccmap.cc:240:synth$8348.slice[15].carry ($lut).
Mapping known_pnr_probe.$auto$maccmap.cc:240:synth$8348.slice[16].carry ($lut).
Mapping known_pnr_probe.$auto$maccmap.cc:240:synth$8348.slice[1].carry ($lut).
Mapping known_pnr_probe.$auto$maccmap.cc:240:synth$8348.slice[2].carry ($lut).
Mapping known_pnr_probe.$auto$maccmap.cc:240:synth$8348.slice[3].carry ($lut).
Mapping known_pnr_probe.$auto$maccmap.cc:240:synth$8348.slice[4].carry ($lut).
Mapping known_pnr_probe.$auto$maccmap.cc:240:synth$8348.slice[5].carry ($lut).
Mapping known_pnr_probe.$auto$maccmap.cc:240:synth$8348.slice[6].carry ($lut).
Mapping known_pnr_probe.$auto$maccmap.cc:240:synth$8348.slice[7].carry ($lut).
Mapping known_pnr_probe.$auto$maccmap.cc:240:synth$8348.slice[8].carry ($lut).
Mapping known_pnr_probe.$auto$maccmap.cc:240:synth$8348.slice[9].carry ($lut).

7.46. Executing ICE40_OPT pass (performing simple optimizations).

7.46.1. Running ICE40 specific optimizations.

7.46.2. Executing OPT_EXPR pass (perform const folding).
Optimizing module known_pnr_probe.
<suppressed ~1838 debug messages>

7.46.3. Executing OPT_MERGE pass (detect identical cells).
Finding identical cells in module `\known_pnr_probe'.
Computing hashes of 10866 cells of `\known_pnr_probe'.
Finding duplicate cells in `\known_pnr_probe'.
Computing hashes of 9494 cells of `\known_pnr_probe'.
Finding duplicate cells in `\known_pnr_probe'.
Computing hashes of 9437 cells of `\known_pnr_probe'.
Finding duplicate cells in `\known_pnr_probe'.
Computing hashes of 9381 cells of `\known_pnr_probe'.
Finding duplicate cells in `\known_pnr_probe'.
Computing hashes of 9325 cells of `\known_pnr_probe'.
Finding duplicate cells in `\known_pnr_probe'.
<suppressed ~4623 debug messages>
Removed a total of 1541 cells.

7.46.4. Executing OPT_DFF pass (perform DFF optimizations).

7.46.5. Executing OPT_CLEAN pass (remove unused cells and wires).
Finding unused cells or wires in module \known_pnr_probe..
Removed 10 unused cells and 10452 unused wires.
<suppressed ~11 debug messages>

7.46.6. Rerunning OPT passes. (Removed registers in this run.)

7.46.7. Running ICE40 specific optimizations.
Optimized $__ICE40_CARRY_WRAPPER cell back to logic (without SB_CARRY) known_pnr_probe.$auto$alumacc.cc:548:replace_alu$5328.slice[0].carry: CO=1'1
Optimized $__ICE40_CARRY_WRAPPER cell back to logic (without SB_CARRY) known_pnr_probe.$auto$alumacc.cc:548:replace_alu$5373.slice[0].carry: CO=1'1
Optimized $__ICE40_CARRY_WRAPPER cell back to logic (without SB_CARRY) known_pnr_probe.$auto$alumacc.cc:548:replace_alu$5385.slice[0].carry: CO=\core.phases[1] [0]

7.46.8. Executing OPT_EXPR pass (perform const folding).
Optimizing module known_pnr_probe.
<suppressed ~53 debug messages>

7.46.9. Executing OPT_MERGE pass (detect identical cells).
Finding identical cells in module `\known_pnr_probe'.
Computing hashes of 9312 cells of `\known_pnr_probe'.
Finding duplicate cells in `\known_pnr_probe'.
Computing hashes of 9309 cells of `\known_pnr_probe'.
Finding duplicate cells in `\known_pnr_probe'.
Computing hashes of 9305 cells of `\known_pnr_probe'.
Finding duplicate cells in `\known_pnr_probe'.
Computing hashes of 9302 cells of `\known_pnr_probe'.
Finding duplicate cells in `\known_pnr_probe'.
Computing hashes of 9300 cells of `\known_pnr_probe'.
Finding duplicate cells in `\known_pnr_probe'.
<suppressed ~36 debug messages>
Removed a total of 12 cells.

7.46.10. Executing OPT_DFF pass (perform DFF optimizations).

7.46.11. Executing OPT_CLEAN pass (remove unused cells and wires).
Finding unused cells or wires in module \known_pnr_probe..
Removed 1 unused cells and 0 unused wires.
<suppressed ~1 debug messages>

7.46.12. Rerunning OPT passes. (Removed registers in this run.)

7.46.13. Running ICE40 specific optimizations.

7.46.14. Executing OPT_EXPR pass (perform const folding).
Optimizing module known_pnr_probe.

7.46.15. Executing OPT_MERGE pass (detect identical cells).
Finding identical cells in module `\known_pnr_probe'.
Computing hashes of 9299 cells of `\known_pnr_probe'.
Finding duplicate cells in `\known_pnr_probe'.
Removed a total of 0 cells.

7.46.16. Executing OPT_DFF pass (perform DFF optimizations).

7.46.17. Executing OPT_CLEAN pass (remove unused cells and wires).
Finding unused cells or wires in module \known_pnr_probe..

7.46.18. Finished OPT passes. (There is nothing left to do.)

7.47. Executing CHECK pass (checking for obvious problems).
Checking module known_pnr_probe...
Found and reported 0 problems.

7.48. Executing TECHMAP pass (map to technology primitives).

7.48.1. Executing Verilog-2005 frontend: ./.tools/oss-cad-suite/libexec/../share/yosys/ice40/latches_map.v
Parsing Verilog input from `./.tools/oss-cad-suite/libexec/../share/yosys/ice40/latches_map.v' to AST representation.
Generating RTLIL representation for module `$_DLATCH_N_'.
Generating RTLIL representation for module `$_DLATCH_P_'.
Successfully finished Verilog frontend.

7.48.2. Continuing TECHMAP pass.
No more expansions possible.
<suppressed ~4 debug messages>

7.49. Executing Verilog-2005 frontend: ./.tools/oss-cad-suite/libexec/../share/yosys/ice40/abc9_model.v
Parsing Verilog input from `./.tools/oss-cad-suite/libexec/../share/yosys/ice40/abc9_model.v' to AST representation.
Generating RTLIL representation for module `$__ICE40_CARRY_WRAPPER'.
Successfully finished Verilog frontend.

7.50. Executing ABC9 pass.

7.50.1. Executing ABC9_OPS pass (helper functions for ABC9).

7.50.2. Executing ABC9_OPS pass (helper functions for ABC9).

7.50.3. Executing SCC pass (detecting logic loops).
Found 0 SCCs in module known_pnr_probe.
Found 0 SCCs.

7.50.4. Executing ABC9_OPS pass (helper functions for ABC9).

7.50.5. Executing TECHMAP pass (map to technology primitives).

7.50.5.1. Executing Verilog-2005 frontend: ./.tools/oss-cad-suite/libexec/../share/yosys/techmap.v
Parsing Verilog input from `./.tools/oss-cad-suite/libexec/../share/yosys/techmap.v' to AST representation.
Generating RTLIL representation for module `\_90_simplemap_bool_ops'.
Generating RTLIL representation for module `\_90_simplemap_reduce_ops'.
Generating RTLIL representation for module `\_90_simplemap_logic_ops'.
Generating RTLIL representation for module `\_90_simplemap_compare_ops'.
Generating RTLIL representation for module `\_90_simplemap_various'.
Generating RTLIL representation for module `\_90_simplemap_registers'.
Generating RTLIL representation for module `\_90_shift_ops_shr_shl_sshl_sshr'.
Generating RTLIL representation for module `\_90_shift_shiftx'.
Generating RTLIL representation for module `\_90_fa'.
Generating RTLIL representation for module `\_90_lcu_brent_kung'.
Generating RTLIL representation for module `\_90_alu'.
Generating RTLIL representation for module `\_90_macc'.
Generating RTLIL representation for module `\_90_alumacc'.
Generating RTLIL representation for module `$__div_mod_u'.
Generating RTLIL representation for module `$__div_mod_trunc'.
Generating RTLIL representation for module `\_90_div'.
Generating RTLIL representation for module `\_90_mod'.
Generating RTLIL representation for module `$__div_mod_floor'.
Generating RTLIL representation for module `\_90_divfloor'.
Generating RTLIL representation for module `\_90_modfloor'.
Generating RTLIL representation for module `\_90_pow'.
Generating RTLIL representation for module `\_90_demux'.
Generating RTLIL representation for module `\_90_lut'.
Generating RTLIL representation for module `$connect'.
Generating RTLIL representation for module `$input_port'.
Successfully finished Verilog frontend.

7.50.5.2. Continuing TECHMAP pass.
No more expansions possible.
<suppressed ~142 debug messages>

7.50.6. Executing OPT pass (performing simple optimizations).

7.50.6.1. Executing OPT_EXPR pass (perform const folding).

7.50.6.2. Executing OPT_MERGE pass (detect identical cells).
Removed a total of 0 cells.

7.50.6.3. Executing OPT_MUXTREE pass (detect dead branches in mux trees).
Removed 0 multiplexer ports.

7.50.6.4. Executing OPT_REDUCE pass (consolidate $*mux and $reduce_* inputs).
Performed a total of 0 changes.

7.50.6.5. Executing OPT_MERGE pass (detect identical cells).
Removed a total of 0 cells.

7.50.6.6. Executing OPT_DFF pass (perform DFF optimizations).

7.50.6.7. Executing OPT_CLEAN pass (remove unused cells and wires).

7.50.6.8. Executing OPT_EXPR pass (perform const folding).

7.50.6.9. Finished fast OPT passes. (There is nothing left to do.)

7.50.7. Executing TECHMAP pass (map to technology primitives).

7.50.7.1. Executing Verilog-2005 frontend: ./.tools/oss-cad-suite/libexec/../share/yosys/abc9_map.v
Parsing Verilog input from `./.tools/oss-cad-suite/libexec/../share/yosys/abc9_map.v' to AST representation.
Successfully finished Verilog frontend.

7.50.7.2. Continuing TECHMAP pass.
No more expansions possible.
<suppressed ~2 debug messages>

7.50.8. Executing Verilog-2005 frontend: ./.tools/oss-cad-suite/libexec/../share/yosys/abc9_model.v
Parsing Verilog input from `./.tools/oss-cad-suite/libexec/../share/yosys/abc9_model.v' to AST representation.
Generating RTLIL representation for module `$__ABC9_DELAY'.
Generating RTLIL representation for module `$__ABC9_SCC_BREAKER'.
Generating RTLIL representation for module `$__DFF_N__$abc9_flop'.
Generating RTLIL representation for module `$__DFF_P__$abc9_flop'.
Successfully finished Verilog frontend.

7.50.9. Executing ABC9_OPS pass (helper functions for ABC9).
<suppressed ~4559 debug messages>

7.50.10. Executing ABC9_OPS pass (helper functions for ABC9).

7.50.11. Executing ABC9_OPS pass (helper functions for ABC9).
<suppressed ~2 debug messages>

7.50.12. Executing TECHMAP pass (map to technology primitives).

7.50.12.1. Executing Verilog-2005 frontend: ./.tools/oss-cad-suite/libexec/../share/yosys/techmap.v
Parsing Verilog input from `./.tools/oss-cad-suite/libexec/../share/yosys/techmap.v' to AST representation.
Generating RTLIL representation for module `\_90_simplemap_bool_ops'.
Generating RTLIL representation for module `\_90_simplemap_reduce_ops'.
Generating RTLIL representation for module `\_90_simplemap_logic_ops'.
Generating RTLIL representation for module `\_90_simplemap_compare_ops'.
Generating RTLIL representation for module `\_90_simplemap_various'.
Generating RTLIL representation for module `\_90_simplemap_registers'.
Generating RTLIL representation for module `\_90_shift_ops_shr_shl_sshl_sshr'.
Generating RTLIL representation for module `\_90_shift_shiftx'.
Generating RTLIL representation for module `\_90_fa'.
Generating RTLIL representation for module `\_90_lcu_brent_kung'.
Generating RTLIL representation for module `\_90_alu'.
Generating RTLIL representation for module `\_90_macc'.
Generating RTLIL representation for module `\_90_alumacc'.
Generating RTLIL representation for module `$__div_mod_u'.
Generating RTLIL representation for module `$__div_mod_trunc'.
Generating RTLIL representation for module `\_90_div'.
Generating RTLIL representation for module `\_90_mod'.
Generating RTLIL representation for module `$__div_mod_floor'.
Generating RTLIL representation for module `\_90_divfloor'.
Generating RTLIL representation for module `\_90_modfloor'.
Generating RTLIL representation for module `\_90_pow'.
Generating RTLIL representation for module `\_90_demux'.
Generating RTLIL representation for module `\_90_lut'.
Generating RTLIL representation for module `$connect'.
Generating RTLIL representation for module `$input_port'.
Successfully finished Verilog frontend.

7.50.12.2. Continuing TECHMAP pass.
Using template $paramod$__ICE40_CARRY_WRAPPER\LUT=16'0110100110010110\I3_IS_CI=1'1 for cells of type $paramod$__ICE40_CARRY_WRAPPER\LUT=16'0110100110010110\I3_IS_CI=1'1.
Using template SB_CARRY for cells of type SB_CARRY.
Using template $paramod\SB_LUT4\LUT_INIT=16'0110100110010110 for cells of type SB_LUT4.
Using extmapper simplemap for cells of type $mux.
Using extmapper simplemap for cells of type $logic_or.
Using extmapper simplemap for cells of type $logic_and.
No more expansions possible.
<suppressed ~168 debug messages>

7.50.13. Executing OPT pass (performing simple optimizations).

7.50.13.1. Executing OPT_EXPR pass (perform const folding).
Optimizing module known_pnr_probe.
<suppressed ~4 debug messages>

7.50.13.2. Executing OPT_MERGE pass (detect identical cells).
Finding identical cells in module `\known_pnr_probe'.
Computing hashes of 30 cells of `\known_pnr_probe'.
Finding duplicate cells in `\known_pnr_probe'.
Computing hashes of 20 cells of `\known_pnr_probe'.
Finding duplicate cells in `\known_pnr_probe'.
Computing hashes of 18 cells of `\known_pnr_probe'.
Finding duplicate cells in `\known_pnr_probe'.
<suppressed ~29 debug messages>
Removed a total of 12 cells.

7.50.13.3. Executing OPT_MUXTREE pass (detect dead branches in mux trees).
Running muxtree optimizer on module \known_pnr_probe..
  Creating internal representation of mux trees.
  No muxes found in this module.
Removed 0 multiplexer ports.

7.50.13.4. Executing OPT_REDUCE pass (consolidate $*mux and $reduce_* inputs).
  Optimizing cells in module \known_pnr_probe.
Performed a total of 0 changes.

7.50.13.5. Executing OPT_MERGE pass (detect identical cells).
Finding identical cells in module `\known_pnr_probe'.
Computing hashes of 18 cells of `\known_pnr_probe'.
Finding duplicate cells in `\known_pnr_probe'.
Removed a total of 0 cells.

7.50.13.6. Executing OPT_DFF pass (perform DFF optimizations).

7.50.13.7. Executing OPT_CLEAN pass (remove unused cells and wires).
Finding unused cells or wires in module \known_pnr_probe..
Removed 0 unused cells and 24 unused wires.
<suppressed ~1 debug messages>

7.50.13.8. Executing OPT_EXPR pass (perform const folding).
Optimizing module known_pnr_probe.

7.50.13.9. Rerunning OPT passes. (Maybe there is more to do..)

7.50.13.10. Executing OPT_MUXTREE pass (detect dead branches in mux trees).
Running muxtree optimizer on module \known_pnr_probe..
  Creating internal representation of mux trees.
  No muxes found in this module.
Removed 0 multiplexer ports.

7.50.13.11. Executing OPT_REDUCE pass (consolidate $*mux and $reduce_* inputs).
  Optimizing cells in module \known_pnr_probe.
Performed a total of 0 changes.

7.50.13.12. Executing OPT_MERGE pass (detect identical cells).
Finding identical cells in module `\known_pnr_probe'.
Computing hashes of 18 cells of `\known_pnr_probe'.
Finding duplicate cells in `\known_pnr_probe'.
Removed a total of 0 cells.

7.50.13.13. Executing OPT_DFF pass (perform DFF optimizations).

7.50.13.14. Executing OPT_CLEAN pass (remove unused cells and wires).
Finding unused cells or wires in module \known_pnr_probe..

7.50.13.15. Executing OPT_EXPR pass (perform const folding).
Optimizing module known_pnr_probe.

7.50.13.16. Finished fast OPT passes. (There is nothing left to do.)

7.50.14. Executing AIGMAP pass (map logic to AIG).
Module known_pnr_probe: replaced 7 cells with 43 new cells, skipped 11 cells.
  replaced 2 cell types:
       5 $_MUX_
       2 $_OR_
  not replaced 3 cell types:
       2 $_AND_
       1 $_NOT_
       8 $specify2

7.50.15. Executing AIGMAP pass (map logic to AIG).
Module known_pnr_probe: replaced 3854 cells with 24275 new cells, skipped 10002 cells.
  replaced 3 cell types:
    2538 $_MUX_
     901 $_OR_
     415 $_XOR_
  not replaced 32 cell types:
    1376 $_AND_
     659 $_NOT_
       3 $lut
       7 $scopeinfo
       4 SB_MAC16
      29 SB_DFF
      26 SB_DFFE
     167 SB_DFFSR
    1295 SB_DFFESR
       6 SB_DFFESS
       1 SB_SPRAM256KA
      27 $paramod$__ABC9_DELAY\DELAY=32'00000000000000000000000010000101
     432 $paramod$__ABC9_DELAY\DELAY=32'00000000000000000000000010100001
     297 $paramod$__ABC9_DELAY\DELAY=32'00000000000000000000000011100000
      27 $paramod$__ABC9_DELAY\DELAY=32'00000000000000000000000001100010
      54 $paramod$__ABC9_DELAY\DELAY=32'00000000000000000000000100001011
     432 $paramod$__ABC9_DELAY\DELAY=32'00000000000000000000000100010010
    1523 $paramod$__ABC9_DELAY\DELAY=32'00000000000000000000000000010101
       1 $paramod$8510b1bb68f8357ffc5fc85f1de500de96cad2fb\SB_RAM40_4K
       2 $paramod$2ad48be8a1f2bde2b1c5ad2b31c43f368b7e6ed5\SB_RAM40_4K
       1 $paramod$0b9298b25fbd72e8a384b716c4e9818a19941817\SB_RAM40_4K
       1 $paramod$6e01a3b0cdccab6f5ef7ae60e86e4dc7cfef73c8\SB_RAM40_4K
       1 $paramod$4aabaeff307fabfe5a32ce19079898411b691c08\SB_RAM40_4K
       1 $paramod$b3c085a0717438d2e20867d50a2c61dc94fb0f18\SB_RAM40_4K
       1 $paramod$1c5ab41e74301f067e1fcaef4dca2c6aadbe9e80\SB_RAM40_4K
       4 $paramod$458302e63a7c986fa07839cc7ed7b29f837ce729\SB_RAM40_4K
       1 $paramod$9ae5cd48433dab21a6b161f7b278d426d3b5dee7\SB_RAM40_4K
       1 $paramod$962c9c2f7d2229570bf2e2aa0226048a10428d0c\SB_RAM40_4K
       1 $paramod$f6c116af2d34c955170748224223f4584dc241dd\SB_RAM40_4K
      12 $paramod$85a472072107804a1e6bedb8b52fb3de6104e462\SB_RAM40_4K
    1765 $paramod$__ABC9_DELAY\DELAY=32'00000000000000000000000011001011
    1845 $paramod$__ICE40_CARRY_WRAPPER\LUT=16'0110100110010110\I3_IS_CI=1'1

7.50.15.1. Executing ABC9_OPS pass (helper functions for ABC9).

7.50.15.2. Executing ABC9_OPS pass (helper functions for ABC9).

7.50.15.3. Executing XAIGER backend.
<suppressed ~1966 debug messages>
Extracted 11136 AND gates and 37636 wires from module `known_pnr_probe' to a netlist network with 1868 inputs and 4729 outputs.

7.50.15.4. Executing ABC9_EXE pass (technology mapping using ABC9).

7.50.15.5. Executing ABC9.
Running ABC command: "<yosys-exe-dir>/yosys-abc" -s -f <abc-temp-dir>/abc.script 2>&1
ABC: ======== ABC command line "source <abc-temp-dir>/abc.script"
ABC: + read_lut <abc-temp-dir>/input.lut 
ABC: + read_box <abc-temp-dir>/input.box 
ABC: + &read <abc-temp-dir>/input.xaig 
ABC: + &ps 
ABC: <abc-temp-dir>/input : i/o =   1868/   4729  and =    9096  lev =   20 (0.62)  mem = 0.54 MB  box = 6402  bb = 4557
ABC: Warning: AIG with boxes has internal fanout in 0 complex flops and 9 carries.
ABC: + &scorr 
ABC: Warning: The network is combinational.
ABC: + &sweep 
ABC: + &dc2 
ABC: + &dch -f -r 
ABC: + &ps 
ABC: <abc-temp-dir>/input : i/o =   1868/   4729  and =   10460  lev =   48 (0.55)  mem = 0.55 MB  ch = 1351  box = 6326  bb = 4557
ABC: cst =       0  cls =   1223  lit =    1351  unused =   17849  proof =     0
ABC: Warning: AIG with boxes has internal fanout in 0 complex flops and 2 carries.
ABC: + &if -W 250 -v 
ABC: K = 4. Memory (bytes): Truth =    0. Cut =   64. Obj =  144. Set =  672. CutMin = no
ABC: Node =   10460.  Ch =  1223.  Total mem =    5.88 MB. Peak cut mem =    0.11 MB.
ABC: P:  Del = 13680.00.  Ar =    2968.0.  Edge =     9659.  Cut =    59769.  T =     0.00 sec
ABC: P:  Del = 13680.00.  Ar =    2742.0.  Edge =     9372.  Cut =    58513.  T =     0.00 sec
ABC: P:  Del = 13680.00.  Ar =    2383.0.  Edge =     7379.  Cut =    61915.  T =     0.00 sec
ABC: F:  Del = 13680.00.  Ar =    2293.0.  Edge =     7231.  Cut =    62321.  T =     0.00 sec
ABC: A:  Del = 13680.00.  Ar =    2232.0.  Edge =     6945.  Cut =    62868.  T =     0.01 sec
ABC: A:  Del = 13680.00.  Ar =    2228.0.  Edge =     6923.  Cut =    63010.  T =     0.01 sec
ABC: Total time =     0.03 sec
ABC: + &write -n <abc-temp-dir>/output.aig 
ABC: + &mfs 
ABC: + &ps -l 
ABC: <abc-temp-dir>/input : i/o =   1868/   4729  and =    6981  lev =   24 (0.62)  mem = 0.50 MB  box = 6241  bb = 4557
ABC: Mapping (K=4)  :  lut =   2181  edge =    6726  lev =   12 (0.42)  levB =   72  mem = 0.17 MB
ABC: LUT = 2181 : 2=716 32.8 %  3=566 26.0 %  4=899 41.2 %  Ave = 3.08
ABC: Warning: AIG with boxes has internal fanout in 0 complex flops and 1 carries.
ABC: + &write -n <abc-temp-dir>/output.aig 
ABC: + &verify 
ABC: Networks are equivalent.  Time =     0.29 sec
ABC: + time 
ABC: elapse: 1.63 seconds, total: 1.63 seconds

7.50.15.6. Executing AIGER frontend.
<suppressed ~11 debug messages>
Removed 10532 unused cells and 38016 unused wires.

7.50.15.7. Executing ABC_OPS_REINTEGRATE pass (reintegrate ABC mapped design into module).
ABC RESULTS:              $lut cells:     2455
ABC RESULTS:   $paramod$__ICE40_CARRY_WRAPPER\LUT=16'0110100110010110\I3_IS_CI=1'1 cells:     1684
ABC RESULTS:           input signals:      103
ABC RESULTS:          output signals:     4615
<suppressed ~13355 debug messages>
Removing temp directory.

7.50.16. Executing TECHMAP pass (map to technology primitives).

7.50.16.1. Executing Verilog-2005 frontend: ./.tools/oss-cad-suite/libexec/../share/yosys/abc9_unmap.v
Parsing Verilog input from `./.tools/oss-cad-suite/libexec/../share/yosys/abc9_unmap.v' to AST representation.
Generating RTLIL representation for module `$__DFF_x__$abc9_flop'.
Generating RTLIL representation for module `$__ABC9_SCC_BREAKER'.
Successfully finished Verilog frontend.

7.50.16.2. Continuing TECHMAP pass.
Using template $paramod$__ICE40_CARRY_WRAPPER\LUT=16'0110100110010110\I3_IS_CI=1'1 for cells of type $paramod$__ICE40_CARRY_WRAPPER\LUT=16'0110100110010110\I3_IS_CI=1'1.
Using template $paramod$1c5ab41e74301f067e1fcaef4dca2c6aadbe9e80\SB_RAM40_4K for cells of type $paramod$1c5ab41e74301f067e1fcaef4dca2c6aadbe9e80\SB_RAM40_4K.
Using template $paramod$b3c085a0717438d2e20867d50a2c61dc94fb0f18\SB_RAM40_4K for cells of type $paramod$b3c085a0717438d2e20867d50a2c61dc94fb0f18\SB_RAM40_4K.
Using template $paramod$4aabaeff307fabfe5a32ce19079898411b691c08\SB_RAM40_4K for cells of type $paramod$4aabaeff307fabfe5a32ce19079898411b691c08\SB_RAM40_4K.
Using template $paramod$85a472072107804a1e6bedb8b52fb3de6104e462\SB_RAM40_4K for cells of type $paramod$85a472072107804a1e6bedb8b52fb3de6104e462\SB_RAM40_4K.
Using template $paramod$2ad48be8a1f2bde2b1c5ad2b31c43f368b7e6ed5\SB_RAM40_4K for cells of type $paramod$2ad48be8a1f2bde2b1c5ad2b31c43f368b7e6ed5\SB_RAM40_4K.
Using template $paramod$0b9298b25fbd72e8a384b716c4e9818a19941817\SB_RAM40_4K for cells of type $paramod$0b9298b25fbd72e8a384b716c4e9818a19941817\SB_RAM40_4K.
Using template $paramod$6e01a3b0cdccab6f5ef7ae60e86e4dc7cfef73c8\SB_RAM40_4K for cells of type $paramod$6e01a3b0cdccab6f5ef7ae60e86e4dc7cfef73c8\SB_RAM40_4K.
Using template $paramod$9ae5cd48433dab21a6b161f7b278d426d3b5dee7\SB_RAM40_4K for cells of type $paramod$9ae5cd48433dab21a6b161f7b278d426d3b5dee7\SB_RAM40_4K.
Using template $paramod$962c9c2f7d2229570bf2e2aa0226048a10428d0c\SB_RAM40_4K for cells of type $paramod$962c9c2f7d2229570bf2e2aa0226048a10428d0c\SB_RAM40_4K.
Using template $paramod$f6c116af2d34c955170748224223f4584dc241dd\SB_RAM40_4K for cells of type $paramod$f6c116af2d34c955170748224223f4584dc241dd\SB_RAM40_4K.
Using template $paramod$8510b1bb68f8357ffc5fc85f1de500de96cad2fb\SB_RAM40_4K for cells of type $paramod$8510b1bb68f8357ffc5fc85f1de500de96cad2fb\SB_RAM40_4K.
Using template $paramod$458302e63a7c986fa07839cc7ed7b29f837ce729\SB_RAM40_4K for cells of type $paramod$458302e63a7c986fa07839cc7ed7b29f837ce729\SB_RAM40_4K.
No more expansions possible.
<suppressed ~1729 debug messages>

7.51. Executing ICE40_WRAPCARRY pass (wrap carries).

7.52. Executing TECHMAP pass (map to technology primitives).

7.52.1. Executing Verilog-2005 frontend: ./.tools/oss-cad-suite/libexec/../share/yosys/ice40/ff_map.v
Parsing Verilog input from `./.tools/oss-cad-suite/libexec/../share/yosys/ice40/ff_map.v' to AST representation.
Generating RTLIL representation for module `$_DFF_N_'.
Generating RTLIL representation for module `$_DFF_P_'.
Generating RTLIL representation for module `$_DFFE_NP_'.
Generating RTLIL representation for module `$_DFFE_PP_'.
Generating RTLIL representation for module `$_DFF_NP0_'.
Generating RTLIL representation for module `$_DFF_NP1_'.
Generating RTLIL representation for module `$_DFF_PP0_'.
Generating RTLIL representation for module `$_DFF_PP1_'.
Generating RTLIL representation for module `$_DFFE_NP0P_'.
Generating RTLIL representation for module `$_DFFE_NP1P_'.
Generating RTLIL representation for module `$_DFFE_PP0P_'.
Generating RTLIL representation for module `$_DFFE_PP1P_'.
Generating RTLIL representation for module `$_SDFF_NP0_'.
Generating RTLIL representation for module `$_SDFF_NP1_'.
Generating RTLIL representation for module `$_SDFF_PP0_'.
Generating RTLIL representation for module `$_SDFF_PP1_'.
Generating RTLIL representation for module `$_SDFFCE_NP0P_'.
Generating RTLIL representation for module `$_SDFFCE_NP1P_'.
Generating RTLIL representation for module `$_SDFFCE_PP0P_'.
Generating RTLIL representation for module `$_SDFFCE_PP1P_'.
Successfully finished Verilog frontend.

7.52.2. Continuing TECHMAP pass.
No more expansions possible.
<suppressed ~22 debug messages>
Removed 891 unused cells and 50168 unused wires.

7.53. Executing OPT_LUT pass (optimize LUTs).
Discovering LUTs.
Number of LUTs:     3777
  1-LUT              277
  2-LUT              749
  3-LUT             1852
  4-LUT              899
  with \SB_CARRY    (#0) 1269
  with \SB_CARRY    (#1) 1290

Eliminating LUTs.
Number of LUTs:     3775
  1-LUT              275
  2-LUT              749
  3-LUT             1852
  4-LUT              899
  with \SB_CARRY    (#0) 1269
  with \SB_CARRY    (#1) 1290

Combining LUTs.
Number of LUTs:     3416
  1-LUT              269
  2-LUT              410
  3-LUT             1504
  4-LUT             1233
  with \SB_CARRY    (#0) 1269
  with \SB_CARRY    (#1) 1290

Eliminated 2 LUTs.
Combined 359 LUTs.
<suppressed ~27445 debug messages>

7.54. Executing TECHMAP pass (map to technology primitives).

7.54.1. Executing Verilog-2005 frontend: ./.tools/oss-cad-suite/libexec/../share/yosys/ice40/cells_map.v
Parsing Verilog input from `./.tools/oss-cad-suite/libexec/../share/yosys/ice40/cells_map.v' to AST representation.
Generating RTLIL representation for module `$lut'.
Successfully finished Verilog frontend.

7.54.2. Continuing TECHMAP pass.
Using template $paramod$lut\WIDTH=32'00000000000000000000000000000010\LUT=4'0001 for cells of type $lut.
Using template $paramod$lut\WIDTH=32'00000000000000000000000000000011\LUT=8'00000100 for cells of type $lut.
Using template $paramod$lut\WIDTH=32'00000000000000000000000000000010\LUT=4'1000 for cells of type $lut.
Using template $paramod$lut\WIDTH=32'00000000000000000000000000000011\LUT=8'00000010 for cells of type $lut.
Using template $paramod$lut\WIDTH=32'00000000000000000000000000000001\LUT=2'01 for cells of type $lut.
Using template $paramod$fd904e9e35cfd343a9df248824bd3f1408724879$lut for cells of type $lut.
Using template $paramod$059875a5e23111636d511a929a2896c5c925e5c9$lut for cells of type $lut.
Using template $paramod$lut\WIDTH=32'00000000000000000000000000000010\LUT=4'0100 for cells of type $lut.
Using template $paramod$lut\WIDTH=32'00000000000000000000000000000011\LUT=8'00010000 for cells of type $lut.
Using template $paramod$lut\WIDTH=32'00000000000000000000000000000011\LUT=8'10000000 for cells of type $lut.
Using template $paramod$c1a19a87ccbbb03d43a72335db63f692ddf82cc1$lut for cells of type $lut.
Using template $paramod$e134ec2a47a2462a591072e65d34fb15b81c90e0$lut for cells of type $lut.
Using template $paramod$485c535cc2fb194dc6f114ba5c93554133564a61$lut for cells of type $lut.
Using template $paramod$9d707d218adbd63b6f9a0c79d7ee037306fb6296$lut for cells of type $lut.
Using template $paramod$658b9ed803f0d3d335616d3858b53e0a2522f1e8$lut for cells of type $lut.
Using template $paramod$272652f6c6fbe9a75eff76e45cc7e2788835518b$lut for cells of type $lut.
Using template $paramod$571404c0889eaf57f492cb5e37f8acb5df5852f9$lut for cells of type $lut.
Using template $paramod$lut\WIDTH=32'00000000000000000000000000000010\LUT=4'1110 for cells of type $lut.
Using template $paramod$0de052767abdccc3aefc818722bdc3c7850d25d6$lut for cells of type $lut.
Using template $paramod$lut\WIDTH=32'00000000000000000000000000000011\LUT=8'10101100 for cells of type $lut.
Using template $paramod$lut\WIDTH=32'00000000000000000000000000000011\LUT=8'11101000 for cells of type $lut.
Using template $paramod$78e1751931755f088c8bc676bcbc3bb642c26bfc$lut for cells of type $lut.
Using template $paramod$f412b25d8312610e1cabc77c2ec420975e9224b7$lut for cells of type $lut.
Using template $paramod$6e238df02989b317f10820a22773676e71120644$lut for cells of type $lut.
Using template $paramod$lut\WIDTH=32'00000000000000000000000000000011\LUT=8'10001010 for cells of type $lut.
Using template $paramod$lut\WIDTH=32'00000000000000000000000000000011\LUT=8'01000111 for cells of type $lut.
Using template $paramod$lut\WIDTH=32'00000000000000000000000000000011\LUT=8'00011011 for cells of type $lut.
Using template $paramod$498daa9936ffa1c0b12d774cacc95a35d14b818e$lut for cells of type $lut.
Using template $paramod$lut\WIDTH=32'00000000000000000000000000000011\LUT=8'01101001 for cells of type $lut.
Using template $paramod$0f3deea72cb5b6821ab0fe5add6e3e605c598785$lut for cells of type $lut.
Using template $paramod$lut\WIDTH=32'00000000000000000000000000000011\LUT=8'10010110 for cells of type $lut.
Using template $paramod$10a806adf7217260ab221bd7e7639919f916c655$lut for cells of type $lut.
Using template $paramod$58c6a068a8cfa75a9c8f86c553497ecb1bcc7253$lut for cells of type $lut.
Using template $paramod$917e2de5dfafd3d1729245d79cfae6d413a0e20d$lut for cells of type $lut.
Using template $paramod$lut\WIDTH=32'00000000000000000000000000000010\LUT=4'0010 for cells of type $lut.
Using template $paramod$30305e55a780880b9c824fe3509a4d981acb0f2b$lut for cells of type $lut.
Using template $paramod$58df2c605746858c7e53492c8f57d6f1fafa12d2$lut for cells of type $lut.
Using template $paramod$16894c241be5ea1f024e9339dea788b4dbe184ae$lut for cells of type $lut.
Using template $paramod$ba7f31f246a278c41fa0648a6e0512f63185dec0$lut for cells of type $lut.
Using template $paramod$12879138d1e376f344e47ea40be66b776233be75$lut for cells of type $lut.
Using template $paramod$lut\WIDTH=32'00000000000000000000000000000011\LUT=8'00000001 for cells of type $lut.
Using template $paramod$436f5b2a701f46b4f2c40432561ff700e1d0a2c0$lut for cells of type $lut.
Using template $paramod$5321e04f7ce32c091123c3570ab562efb1c81402$lut for cells of type $lut.
Using template $paramod$47a8214374025465e226fa66bee690ff33268a25$lut for cells of type $lut.
Using template $paramod$5348912da867a611a8088b6b8b27a62d65f1de6e$lut for cells of type $lut.
Using template $paramod$lut\WIDTH=32'00000000000000000000000000000011\LUT=8'10110000 for cells of type $lut.
Using template $paramod$f85f1073c412d406200a6a72283f918c8b751314$lut for cells of type $lut.
Using template $paramod$a5516fc31d1e552de2435200bb732b4d4ad63a9c$lut for cells of type $lut.
Using template $paramod$5a621b016c894274d07edef48c49b401a15fd796$lut for cells of type $lut.
Using template $paramod$a76afe794e55ba422468b9db09d48da3f250b812$lut for cells of type $lut.
Using template $paramod$608f40069c27841a5b3bdf03643a34bdc8974072$lut for cells of type $lut.
Using template $paramod$9850450c7f2ce6ec6d61697515f47872a7c4eee5$lut for cells of type $lut.
Using template $paramod$1644affdabe7f65febd25ca1c4d1e050be54e54f$lut for cells of type $lut.
Using template $paramod$lut\WIDTH=32'00000000000000000000000000000011\LUT=8'01000000 for cells of type $lut.
Using template $paramod$9daee386039d07b0aa344545d30dda7d98529f57$lut for cells of type $lut.
Using template $paramod$8d7a8d6e3356de09670738ba85f2c6b874f6b06d$lut for cells of type $lut.
Using template $paramod$lut\WIDTH=32'00000000000000000000000000000011\LUT=8'11001010 for cells of type $lut.
Using template $paramod$lut\WIDTH=32'00000000000000000000000000000011\LUT=8'10010000 for cells of type $lut.
Using template $paramod$df196ed0a1da5c4a58c5e08a1dac304fd3fccaab$lut for cells of type $lut.
Using template $paramod$fe7077462a386258cea7b409718bda7873cfae08$lut for cells of type $lut.
Using template $paramod$b26fbfdb68e98cf016d61a8611b449e9f4a30f3c$lut for cells of type $lut.
Using template $paramod$19e5b38cca183d8b6b3a15d20dc995c09cd71893$lut for cells of type $lut.
Using template $paramod$0194c0078616f389ecfa855718b2074839b66531$lut for cells of type $lut.
Using template $paramod$lut\WIDTH=32'00000000000000000000000000000011\LUT=8'11011000 for cells of type $lut.
Using template $paramod$cf027e66652c88fcc3ee0d11bed7616b3baf5c1d$lut for cells of type $lut.
Using template $paramod$8c11a155773d2e4aba9b1022fc059160b55313e8$lut for cells of type $lut.
Using template $paramod$a15fd389a2f54cb7b94707b25934d226e68d9e2e$lut for cells of type $lut.
Using template $paramod$e341ce0c1c1f6bfb9b936c514071063f6d3b091a$lut for cells of type $lut.
Using template $paramod$6d6beead1425af15cf78b27fd9b11b41b5d4bce8$lut for cells of type $lut.
Using template $paramod$d3472203c901682b91d4ccd7d7267bd38b3d6113$lut for cells of type $lut.
Using template $paramod$lut\WIDTH=32'00000000000000000000000000000011\LUT=8'11111101 for cells of type $lut.
Using template $paramod$lut\WIDTH=32'00000000000000000000000000000011\LUT=8'11111110 for cells of type $lut.
Using template $paramod$28f9990465670b8c9788e9446f9ce1be3002b855$lut for cells of type $lut.
Using template $paramod$lut\WIDTH=32'00000000000000000000000000000011\LUT=8'00100000 for cells of type $lut.
Using template $paramod$66e741791413519a466d4f44240bc83d3a191818$lut for cells of type $lut.
Using template $paramod$50553883f7129e2c40d43536f60abe333980734a$lut for cells of type $lut.
Using template $paramod$8f0127ae6e4e4fae3e6aa8d83144b199848e8539$lut for cells of type $lut.
Using template $paramod$debd9b669717840687fe3e52f7822c4b59921848$lut for cells of type $lut.
Using template $paramod$65d5928f10d93820ad360cabb53aaf31b165496d$lut for cells of type $lut.
Using template $paramod$4282def8dbd6df3d1248ad282c629bee684502c2$lut for cells of type $lut.
Using template $paramod$43779580bfffd5d5a9f321249a174febf1dac288$lut for cells of type $lut.
Using template $paramod$992bdc10cff2c6edd722994f0e1044bc863f79f7$lut for cells of type $lut.
Using template $paramod$2d07c1a6c53c7b878509360922c4fa5ebedc3011$lut for cells of type $lut.
Using template $paramod$lut\WIDTH=32'00000000000000000000000000000010\LUT=4'1001 for cells of type $lut.
Using template $paramod$65d5d5c1e01bf41ee659754efba932f3d99198e5$lut for cells of type $lut.
Using template $paramod$lut\WIDTH=32'00000000000000000000000000000011\LUT=8'00001001 for cells of type $lut.
Using template $paramod$lut\WIDTH=32'00000000000000000000000000000010\LUT=4'0111 for cells of type $lut.
Using template $paramod$lut\WIDTH=32'00000000000000000000000000000011\LUT=8'11100100 for cells of type $lut.
Using template $paramod$lut\WIDTH=32'00000000000000000000000000000011\LUT=8'00100001 for cells of type $lut.
Using template $paramod$lut\WIDTH=32'00000000000000000000000000000011\LUT=8'00101010 for cells of type $lut.
Using template $paramod$lut\WIDTH=32'00000000000000000000000000000011\LUT=8'01010011 for cells of type $lut.
Using template $paramod$6e87a29d18a99caa1dd7167449fef31e04ce86bc$lut for cells of type $lut.
Using template $paramod$lut\WIDTH=32'00000000000000000000000000000011\LUT=8'00110101 for cells of type $lut.
Using template $paramod$dbdbcb07b9994e498bb1324e5c006c6aa08a7a37$lut for cells of type $lut.
Using template $paramod$00b8dd8b73561ad6988b03b6600fc178778f4822$lut for cells of type $lut.
Using template $paramod$a1d323730045824cfc84bb9f4ee8031f1c4dcc9e$lut for cells of type $lut.
Using template $paramod$5502a85110dbca29ac631107f0b0635e7fade476$lut for cells of type $lut.
Using template $paramod$db08fd84fb3c4d6a41eaec6adfffe445fb7eb17f$lut for cells of type $lut.
Using template $paramod$3702268f692b8bf258e428f65d3bca4e1f76d98b$lut for cells of type $lut.
Using template $paramod$018d71a0fe325d6362687fe53ac13dd6340e400d$lut for cells of type $lut.
Using template $paramod$c958b3a888f937f082b94811ff62d71e32a2b4eb$lut for cells of type $lut.
Using template $paramod$c8f16510db975553c8b0be1064e8f5234175f8a8$lut for cells of type $lut.
Using template $paramod$lut\WIDTH=32'00000000000000000000000000000011\LUT=8'00100111 for cells of type $lut.
Using template $paramod$1f41f10d888dcde4948be21aeaa185dc114ed7d0$lut for cells of type $lut.
Using template $paramod$1b21b6ebf9cd1fc51cd0526156fd63c3c8c1491a$lut for cells of type $lut.
Using template $paramod$lut\WIDTH=32'00000000000000000000000000000011\LUT=8'01001011 for cells of type $lut.
Using template $paramod$lut\WIDTH=32'00000000000000000000000000000011\LUT=8'01100011 for cells of type $lut.
Using template $paramod$11ec7271d8e6e5aeaace08c13e4c601f10e31038$lut for cells of type $lut.
Using template $paramod$lut\WIDTH=32'00000000000000000000000000000011\LUT=8'10110011 for cells of type $lut.
Using template $paramod$9fcf2314b06bf8475a41a06506d87acad1afbbaf$lut for cells of type $lut.
Using template $paramod$873c285bdccf0ac2b60d2304ea5cd14bf211d2a6$lut for cells of type $lut.
Using template $paramod$lut\WIDTH=32'00000000000000000000000000000011\LUT=8'01110000 for cells of type $lut.
Using template $paramod$lut\WIDTH=32'00000000000000000000000000000011\LUT=8'10001111 for cells of type $lut.
Using template $paramod$53ce561f80f32d4298a3beadc88b6c5c78293221$lut for cells of type $lut.
Using template $paramod$lut\WIDTH=32'00000000000000000000000000000010\LUT=4'1011 for cells of type $lut.
Using template $paramod$lut\WIDTH=32'00000000000000000000000000000011\LUT=8'00010011 for cells of type $lut.
Using template $paramod$lut\WIDTH=32'00000000000000000000000000000011\LUT=8'00000111 for cells of type $lut.
Using template $paramod$364c9ffbffac467d60dfec81bba4e18476c15602$lut for cells of type $lut.
Using template $paramod$eec08806ff838a1587a3099a4e55b87128606fb7$lut for cells of type $lut.
Using template $paramod$c671781a895b5f708706649ad3da8c3a2570f157$lut for cells of type $lut.
Using template $paramod$15d3dd50cc31557057274aea687fe2a8296cd155$lut for cells of type $lut.
Using template $paramod$75d5c453cca75cc7a7ca320c4fb7be0932b6aaa7$lut for cells of type $lut.
Using template $paramod$7d3cbfc289ec00e0691f33de08826f2254fca668$lut for cells of type $lut.
Using template $paramod$993b568456e6a6e555ee59a904f362dc3c1a3032$lut for cells of type $lut.
Using template $paramod$lut\WIDTH=32'00000000000000000000000000000011\LUT=8'01111011 for cells of type $lut.
Using template $paramod$lut\WIDTH=32'00000000000000000000000000000011\LUT=8'00101110 for cells of type $lut.
Using template $paramod$3a0a392069bc969f34c65c546a8c56fbbb67e282$lut for cells of type $lut.
Using template $paramod$a707fff23748f6aa14ef55b3ae1f771b0f87b0eb$lut for cells of type $lut.
Using template $paramod$f81ecf3eb88491df8fecf1e071b57debc429282a$lut for cells of type $lut.
Using template $paramod$lut\WIDTH=32'00000000000000000000000000000011\LUT=8'00101111 for cells of type $lut.
Using template $paramod$lut\WIDTH=32'00000000000000000000000000000011\LUT=8'10111010 for cells of type $lut.
Using template $paramod$lut\WIDTH=32'00000000000000000000000000000011\LUT=8'11101111 for cells of type $lut.
Using template $paramod$f509505c8b31df179f95b03d0a4828ec02f1a784$lut for cells of type $lut.
Using template $paramod$lut\WIDTH=32'00000000000000000000000000000011\LUT=8'01000101 for cells of type $lut.
Using template $paramod$lut\WIDTH=32'00000000000000000000000000000011\LUT=8'10111111 for cells of type $lut.
Using template $paramod$cb6133bff30aaeba3ef4e95c0f6000f6c933011e$lut for cells of type $lut.
Using template $paramod$b1eed235f4595099c4d6771c299862db0590e4ad$lut for cells of type $lut.
Using template $paramod$lut\WIDTH=32'00000000000000000000000000000011\LUT=8'10101110 for cells of type $lut.
Using template $paramod$e01a027fedb28671a20c130493a89c7afd4e87d3$lut for cells of type $lut.
Using template $paramod$lut\WIDTH=32'00000000000000000000000000000011\LUT=8'11100000 for cells of type $lut.
Using template $paramod$lut\WIDTH=32'00000000000000000000000000000011\LUT=8'11101010 for cells of type $lut.
Using template $paramod$28c616faf5f033f157ae11b466e19ab28d454f1e$lut for cells of type $lut.
Using template $paramod$d6ca727e39f31d51d29072e0f33aa09c65e37336$lut for cells of type $lut.
Using template $paramod$41326ad8644342a66dfb051d050f2b6fbf15015b$lut for cells of type $lut.
Using template $paramod$338ce46cf7ff44b9974887dd2adee6c4e0530bed$lut for cells of type $lut.
Using template $paramod$b4410865e8124402796f9dfbf73ef8d279fdbd08$lut for cells of type $lut.
Using template $paramod$e9c77024ca501b890c641f9c0b10e27242db8730$lut for cells of type $lut.
Using template $paramod$lut\WIDTH=32'00000000000000000000000000000011\LUT=8'01111111 for cells of type $lut.
Using template $paramod$82b4a585d1edcb5c6e755dc9bd3392228a1c1304$lut for cells of type $lut.
Using template $paramod$9e354de8d358bf081aa0c089488ea3bc5b7c2fd9$lut for cells of type $lut.
Using template $paramod$fbed19fb84ee7c8a884778d28a96daea96245184$lut for cells of type $lut.
Using template $paramod$6e4a86e6f1a5dc8f826898a131e83cdba4a4fc9e$lut for cells of type $lut.
Using template $paramod$219b71aec9a19e7a27754ed85a7d6cdad9e5ec96$lut for cells of type $lut.
Using template $paramod$6b0849254d6c87461fb93e37cc18f089f61eb912$lut for cells of type $lut.
Using template $paramod$27331a24b2c1dcbe1b3eefac456a3f892f3b23d2$lut for cells of type $lut.
Using template $paramod$lut\WIDTH=32'00000000000000000000000000000011\LUT=8'11010000 for cells of type $lut.
Using template $paramod$9dfe2a25d99d8640a9f67a2438aaca85b684d257$lut for cells of type $lut.
Using template $paramod$fe9a0158d0352193457c4f5b6282ac86d35fb3ee$lut for cells of type $lut.
Using template $paramod$lut\WIDTH=32'00000000000000000000000000000011\LUT=8'01011101 for cells of type $lut.
Using template $paramod$lut\WIDTH=32'00000000000000000000000000000010\LUT=4'1101 for cells of type $lut.
Using template $paramod$305fd3b7552c2378a7cd8315d4f432697caa28ea$lut for cells of type $lut.
Using template $paramod$3538781ccdac1cfa3ad11d05d3d609f1cfa2d6b0$lut for cells of type $lut.
Using template $paramod$b94111b2ae4536db9aef7e959ece9b51fe2d1edf$lut for cells of type $lut.
Using template $paramod$cd6c4b4da6d8737b72fd2dc8f5d83d8967445809$lut for cells of type $lut.
Using template $paramod$47d363ae7b1a0e81207e02fe31af85b6bf36a2ac$lut for cells of type $lut.
Using template $paramod$b2e8d279775d333b39e310bd45fd5952acdde290$lut for cells of type $lut.
Using template $paramod$733d97aeeae07890071cc10010f32cf79ac0c9b3$lut for cells of type $lut.
Using template $paramod$lut\WIDTH=32'00000000000000000000000000000010\LUT=4'0110 for cells of type $lut.
Using template $paramod$lut\WIDTH=32'00000000000000000000000000000011\LUT=8'11101100 for cells of type $lut.
Using template $paramod$lut\WIDTH=32'00000000000000000000000000000011\LUT=8'10111000 for cells of type $lut.
Using template $paramod$6a34cd5b50e324824168b4186d0b04ba5e83b039$lut for cells of type $lut.
Using template $paramod$lut\WIDTH=32'00000000000000000000000000000011\LUT=8'01100000 for cells of type $lut.
Using template $paramod$23b135911b7c14b5b19b5329e5903bcf58b44188$lut for cells of type $lut.
Using template $paramod$fdcae86fcfd036c1880a04306ae771a9d7579c31$lut for cells of type $lut.
Using template $paramod$lut\WIDTH=32'00000000000000000000000000000011\LUT=8'01010001 for cells of type $lut.
Using template $paramod$lut\WIDTH=32'00000000000000000000000000000011\LUT=8'00000110 for cells of type $lut.
Using template $paramod$lut\WIDTH=32'00000000000000000000000000000011\LUT=8'10001100 for cells of type $lut.
Using template $paramod$lut\WIDTH=32'00000000000000000000000000000011\LUT=8'00100011 for cells of type $lut.
Using template $paramod$756861dd4dfe0a5b9de37af2241117b1958e2ffe$lut for cells of type $lut.
Using template $paramod$lut\WIDTH=32'00000000000000000000000000000011\LUT=8'01001110 for cells of type $lut.
Using template $paramod$lut\WIDTH=32'00000000000000000000000000000011\LUT=8'00001110 for cells of type $lut.
Using template $paramod$e5b29079c1a88f3fc663c746ec8e3359690ef674$lut for cells of type $lut.
Using template $paramod$b45e5cb971154e30a797eecb0461619c3eeae12d$lut for cells of type $lut.
Using template $paramod$4976b5f7a7b9f6e596e742c7d9dd919d8c62448f$lut for cells of type $lut.
Using template $paramod$6b7c9c56fc2a32a479d463d5f3b0d3f4673b67f1$lut for cells of type $lut.
Using template $paramod$b86b68a00733dbecb31d58a14a13683475a2002a$lut for cells of type $lut.
Using template $paramod$ba7c22fadfbf9ee7abcb895a21403114111dd201$lut for cells of type $lut.
Using template $paramod$3cd7ba4e37ac845a21f7d679f20c35087949289b$lut for cells of type $lut.
Using template $paramod$e8ba44e4a3ee29c32776f6151b0293be3e5fa416$lut for cells of type $lut.
Using template $paramod$lut\WIDTH=32'00000000000000000000000000000011\LUT=8'00001000 for cells of type $lut.
No more expansions possible.
<suppressed ~5509 debug messages>
Removed 0 unused cells and 7780 unused wires.

7.55. Executing AUTONAME pass.
Renamed 10974 objects in module known_pnr_probe.
<suppressed ~10974 debug messages>

7.56. Executing HIERARCHY pass (managing design hierarchy).
Attribute `top' found on module `known_pnr_probe'. Setting top module to known_pnr_probe.

7.56.1. Analyzing design hierarchy..
Top module:  \known_pnr_probe

7.56.2. Analyzing design hierarchy..
Top module:  \known_pnr_probe
Removed 0 unused modules.

7.57. Printing statistics.

=== known_pnr_probe ===

        +----------Local Count, excluding submodules.
        | 
     4587 wires
    12369 wire bits
     4587 public wires
    12369 public wire bits
        8 ports
       23 port bits
       39 cells
        7   $scopeinfo
        4   SB_MAC16
       27   SB_RAM40_4K
        1   SB_SPRAM256KA
     6559 submodules
     1626   SB_CARRY
       29   SB_DFF
       26   SB_DFFE
     1289   SB_DFFESR
        6   SB_DFFESS
      167   SB_DFFSR
     3416   SB_LUT4

=== design hierarchy ===

        +----------Count including submodules.
        | 
       39 known_pnr_probe

        +----------Count including submodules.
        | 
     4587 wires
    12369 wire bits
     4587 public wires
    12369 public wire bits
        8 ports
       23 port bits
        - memories
        - memory bits
        - processes
       39 cells
        7   $scopeinfo
        4   SB_MAC16
       27   SB_RAM40_4K
        1   SB_SPRAM256KA
     6559 submodules
     1626   SB_CARRY
       29   SB_DFF
       26   SB_DFFE
     1289   SB_DFFESR
        6   SB_DFFESS
      167   SB_DFFSR
     3416   SB_LUT4

7.58. Executing CHECK pass (checking for obvious problems).
Checking module known_pnr_probe...
Found and reported 0 problems.

7.59. Executing JSON backend.

8. Printing statistics.

=== known_pnr_probe ===

        +----------Local Count, excluding submodules.
        | 
     4587 wires
    12369 wire bits
     4587 public wires
    12369 public wire bits
        8 ports
       23 port bits
     6598 cells
        7   $scopeinfo
     1626   SB_CARRY
       29   SB_DFF
       26   SB_DFFE
     1289   SB_DFFESR
        6   SB_DFFESS
      167   SB_DFFSR
     3416   SB_LUT4
        4   SB_MAC16
       27   SB_RAM40_4K
        1   SB_SPRAM256KA

