Info: constrained 'flash_cs_n' to bel 'X24/Y0/io1'
Info: constrained 'flash_sclk' to bel 'X24/Y0/io0'
Info: constrained 'flash_mosi' to bel 'X23/Y0/io0'
Info: constrained 'flash_miso' to bel 'X23/Y0/io1'
Info: constrained 'status_done' to bel 'X18/Y0/io1'
Info: constrained 'status_error' to bel 'X18/Y0/io0'
Info: constrained 'status_running' to bel 'X19/Y0/io0'
Info: constraining clock net 'clk' to 13.20 MHz

Info: Packing constants..
Info: Packing IOs..
Info: Packing LUT-FFs..
Info:     3048 LCs used as LUT4 only
Info:     1134 LCs used as LUT4 and DFF
Info: Packing non-LUT FFs..
Info:      519 LCs used as DFF only
Info: Packing carries..
Info:      452 LCs used as CARRY only
Info: Packing indirect carry+LUT pairs...
Info:       25 LUTs merged into carry LCs
Info: Packing RAMs..
Info: Placing PLLs..
Info: Packing special functions..
Info:   constrained ICESTORM_HFOSC 'oscillator_OSC' to X0/Y31/hfosc_1
Warning:     Overriding derived constraint of 12.0 MHz on net clk with user-specified constraint of 13.2 MHz.
Info: Packing PLLs..
Info: Promoting globals..
Info: promoting startup_SB_CARRY_I0_CO_SB_CARRY_CI_CO_SB_CARRY_CI_CO_SB_CARRY_CI_CO_SB_CARRY_CI_CO_SB_CARRY_CI_CO_SB_CARRY_CI_CO_SB_CARRY_CI_CO_SB_LUT4_I3_O [reset] (fanout 884)
Info: promoting system.core.component_SB_DFFESR_Q_E_SB_LUT4_O_I2[1] [reset] (fanout 212)
Info: promoting system.core.ram_part_SB_DFFESR_Q_E_SB_LUT4_O_I3_SB_LUT4_O_I3[1] [reset] (fanout 64)
Info: promoting system.core.valid1_SB_LUT4_I0_1_O [cen] (fanout 192)
Info: promoting system.core.state_SB_DFFESR_Q_4_D_SB_LUT4_O_I1_SB_LUT4_O_I1_SB_LUT4_I1_O_SB_LUT4_I3_O [cen] (fanout 64)
Info: promoting system.core.state_SB_DFFESR_Q_4_D_SB_LUT4_O_I1_SB_LUT4_O_I1_SB_LUT4_I0_O_SB_LUT4_O_1_I3_SB_LUT4_I3_O_SB_LUT4_I3_O [cen] (fanout 64)
Info: promoting system.core.quant_value_SB_DFFESR_Q_E [cen] (fanout 64)
Info: Constraining chains...
Info:       90 LCs used to legalise carry chains.
Info: Checksum: 0x0a4d7d79

Info: Device utilisation:
Info: 	         ICESTORM_LC:    5223/   5280    98%
Info: 	        ICESTORM_RAM:      28/     30    93%
Info: 	               SB_IO:       7/     39    17%
Info: 	               SB_GB:       8/      8   100%
Info: 	        ICESTORM_PLL:       0/      1     0%
Info: 	         SB_WARMBOOT:       0/      1     0%
Info: 	        ICESTORM_DSP:       4/      8    50%
Info: 	      ICESTORM_HFOSC:       1/      1   100%
Info: 	      ICESTORM_LFOSC:       0/      1     0%
Info: 	              SB_I2C:       0/      2     0%
Info: 	              SB_SPI:       0/      2     0%
Info: 	              IO_I3C:       0/      2     0%
Info: 	         SB_LEDDA_IP:       0/      1     0%
Info: 	         SB_RGBA_DRV:       0/      1     0%
Info: 	      ICESTORM_SPRAM:       1/      4    25%

Info: Placed 9 cells based on constraints.
Info: Creating initial analytic placement for 3497 cells, random placement wirelen = 122416.
Info:     at initial placer iter 0, wirelen = 3893
Info:     at initial placer iter 1, wirelen = 3535
Info:     at initial placer iter 2, wirelen = 3522
Info:     at initial placer iter 3, wirelen = 3527
Info: Running main analytical placer, max placement attempts per cell = 3474248.
Info:     at iteration #1, type ALL: wirelen solved = 3528, spread = 52693, legal = 63025; time = 0.32s
Info:     at iteration #2, type ALL: wirelen solved = 3353, spread = 47806, legal = 62253; time = 0.16s
Info:     at iteration #3, type ALL: wirelen solved = 4092, spread = 43909, legal = 59791; time = 0.22s
Info:     at iteration #4, type ALL: wirelen solved = 4925, spread = 41362, legal = 54644; time = 0.15s
Info:     at iteration #5, type ALL: wirelen solved = 6265, spread = 40283, legal = 52587; time = 0.14s
Info:     at iteration #6, type ALL: wirelen solved = 6881, spread = 38261, legal = 52135; time = 0.14s
Info:     at iteration #7, type ALL: wirelen solved = 7331, spread = 37834, legal = 50587; time = 0.14s
Info:     at iteration #8, type ALL: wirelen solved = 8417, spread = 34435, legal = 49600; time = 0.15s
Info:     at iteration #9, type ALL: wirelen solved = 8493, spread = 33059, legal = 52987; time = 0.17s
Info:     at iteration #10, type ALL: wirelen solved = 9019, spread = 31823, legal = 46776; time = 0.14s
Info:     at iteration #11, type ALL: wirelen solved = 9256, spread = 30546, legal = 43942; time = 0.13s
Info:     at iteration #12, type ALL: wirelen solved = 9941, spread = 29247, legal = 42617; time = 0.12s
Info:     at iteration #13, type ALL: wirelen solved = 10562, spread = 28979, legal = 43525; time = 0.14s
Info:     at iteration #14, type ALL: wirelen solved = 10495, spread = 28623, legal = 40812; time = 0.12s
Info:     at iteration #15, type ALL: wirelen solved = 11056, spread = 28926, legal = 42641; time = 0.11s
Info:     at iteration #16, type ALL: wirelen solved = 11594, spread = 28252, legal = 41729; time = 0.12s
Info:     at iteration #17, type ALL: wirelen solved = 11823, spread = 27950, legal = 41779; time = 0.11s
Info:     at iteration #18, type ALL: wirelen solved = 11930, spread = 28344, legal = 41796; time = 0.11s
Info:     at iteration #19, type ALL: wirelen solved = 12094, spread = 27930, legal = 39803; time = 0.11s
Info:     at iteration #20, type ALL: wirelen solved = 12471, spread = 28169, legal = 40819; time = 0.11s
Info:     at iteration #21, type ALL: wirelen solved = 12444, spread = 27933, legal = 43429; time = 0.12s
Info:     at iteration #22, type ALL: wirelen solved = 13064, spread = 28205, legal = 42993; time = 0.12s
Info:     at iteration #23, type ALL: wirelen solved = 13245, spread = 28442, legal = 41452; time = 0.12s
Info:     at iteration #24, type ALL: wirelen solved = 13918, spread = 28157, legal = 42533; time = 0.11s
Info: HeAP Placer Time: 3.74s
Info:   of which solving equations: 0.75s
Info:   of which spreading cells: 0.09s
Info:   of which strict legalisation: 2.65s

Info: Running simulated annealing placer for refinement.
Info:   at iteration #1: temp = 0.000000, timing cost = 2908, wirelen = 39803
Info:   at iteration #5: temp = 0.000000, timing cost = 1696, wirelen = 29674
Info:   at iteration #10: temp = 0.000000, timing cost = 2259, wirelen = 27817
Info:   at iteration #15: temp = 0.000000, timing cost = 2049, wirelen = 26859
Info:   at iteration #20: temp = 0.000000, timing cost = 1950, wirelen = 26231
Info:   at iteration #25: temp = 0.000000, timing cost = 1967, wirelen = 26007
Info:   at iteration #30: temp = 0.000000, timing cost = 1987, wirelen = 25912
Info:   at iteration #35: temp = 0.000000, timing cost = 1896, wirelen = 25883
Info:   at iteration #35: temp = 0.000000, timing cost = 1895, wirelen = 25886
Info: SA placement time 2.08s

Info: Max frequency for clock 'clk': 19.01 MHz (PASS at 13.20 MHz)

Info: Clock '$PACKER_GND_NET' has no interior paths

Info: Max delay <async>     -> posedge clk: 4.14 ns
Info: Max delay posedge clk -> <async>    : 12.83 ns

Info: Slack histogram:
Info:  legend: * represents 18 endpoint(s)
Info:          + represents [1,18) endpoint(s)
Info: [ 23158,  25619) |*+
Info: [ 25619,  28080) |+
Info: [ 28080,  30541) |***+
Info: [ 30541,  33002) |**+
Info: [ 33002,  35463) |***+
Info: [ 35463,  37924) |***+
Info: [ 37924,  40385) |***********+
Info: [ 40385,  42846) |*********+
Info: [ 42846,  45307) |**************+
Info: [ 45307,  47768) |*********+
Info: [ 47768,  50229) |**********************+
Info: [ 50229,  52690) |*****************+
Info: [ 52690,  55151) |*************************************+
Info: [ 55151,  57612) |*****************************************+
Info: [ 57612,  60073) |******************************************+
Info: [ 60073,  62534) |***********************+
Info: [ 62534,  64995) |***********************+
Info: [ 64995,  67456) |*********************+
Info: [ 67456,  69917) |**********************************+
Info: [ 69917,  72378) |************************************************************
Info: Checksum: 0x892d9fca

Info: Routing..
Info: Setting up routing queue.
Info: Routing 17455 arcs.
Info:            |   (re-)routed arcs  |   delta    | remaining|       time spent     |
Info:    IterCnt |  w/ripup   wo/ripup |  w/r  wo/r |      arcs| batch(sec) total(sec)|
Info:       1000 |       57        942 |   57   942 |     16524|       0.21       0.21|
Info:       2000 |      154       1845 |   97   903 |     15703|       0.11       0.32|
Info:       3000 |      345       2654 |  191   809 |     14995|       0.11       0.43|
Info:       4000 |      592       3407 |  247   753 |     14486|       0.15       0.58|
Info:       5000 |      849       4037 |  257   630 |     13928|       0.10       0.69|
Info:       6000 |     1085       4687 |  236   650 |     13237|       0.07       0.75|
Info:       7000 |     1383       5319 |  298   632 |     12661|       0.10       0.85|
Info:       8000 |     1624       6048 |  241   729 |     12007|       0.08       0.92|
Info:       9000 |     2004       6646 |  380   598 |     11503|       0.11       1.04|
Info:      10000 |     2481       7169 |  477   523 |     11204|       0.14       1.17|
Info:      11000 |     2843       7804 |  362   635 |     10751|       0.11       1.29|
Info:      12000 |     3108       8448 |  265   644 |     10150|       0.11       1.39|
Info:      13000 |     3408       9042 |  300   594 |      9651|       0.10       1.49|
Info:      14000 |     3813       9604 |  405   562 |      9181|       0.12       1.62|
Info:      15000 |     4132      10249 |  319   645 |      8659|       0.14       1.76|
Info:      16000 |     4445      10862 |  313   613 |      8124|       0.11       1.87|
Info:      17000 |     4913      11391 |  468   529 |      7825|       0.13       2.00|
Info:      18000 |     5348      11929 |  435   538 |      7488|       0.15       2.15|
Info:      19000 |     5754      12472 |  406   543 |      7188|       0.12       2.26|
Info:      20000 |     6114      13049 |  360   577 |      6691|       0.12       2.39|
Info:      21000 |     6435      13653 |  321   604 |      6184|       0.12       2.51|
Info:      22000 |     6987      14094 |  552   441 |      5914|       0.12       2.63|
Info:      23000 |     7345      14576 |  358   482 |      5464|       0.11       2.74|
Info:      24000 |     7608      15234 |  263   658 |      4874|       0.09       2.83|
Info:      25000 |     8078      15711 |  470   477 |      4611|       0.11       2.95|
Info:      26000 |     8501      16243 |  423   532 |      4315|       0.14       3.09|
Info:      27000 |     8992      16718 |  491   475 |      4069|       0.14       3.23|
Info:      28000 |     9474      17220 |  482   502 |      3785|       0.13       3.36|
Info:      29000 |     9963      17699 |  489   479 |      3563|       0.15       3.51|
Info:      30000 |    10528      18128 |  565   429 |      3402|       0.19       3.70|
Info:      31000 |    11155      18501 |  627   373 |      3334|       0.17       3.87|
Info:      32000 |    11676      18962 |  521   461 |      3148|       0.17       4.03|
Info:      33000 |    12131      19463 |  455   501 |      2867|       0.13       4.16|
Info:      34000 |    12786      19779 |  655   316 |      2792|       0.15       4.31|
Info:      35000 |    13336      20225 |  550   446 |      2589|       0.15       4.46|
Info:      36000 |    13947      20611 |  611   386 |      2504|       0.18       4.64|
Info:      37000 |    14534      21024 |  587   413 |      2377|       0.19       4.82|
Info:      38000 |    15028      21506 |  494   482 |      2193|       0.15       4.97|
Info:      39000 |    15447      22050 |  419   544 |      1836|       0.12       5.09|
Info:      40000 |    15984      22507 |  537   457 |      1644|       0.14       5.23|
Info:      41000 |    16414      23068 |  430   561 |      1241|       0.10       5.33|
Info:      42000 |    16810      23671 |  396   603 |       832|       0.16       5.50|
Info:      43000 |    17279      24197 |  469   526 |       571|       0.18       5.67|
Info:      44000 |    17747      24722 |  468   525 |       260|       0.22       5.89|
Info:      45000 |    18336      25131 |  589   409 |       141|       0.24       6.13|
Info:      45229 |    18373      25321 |   37   190 |         0|       0.04       6.18|
Info: Routing complete.
Info: Router1 time 6.18s
Info: Checksum: 0xa07ea4fb

Info: Critical path report for clock 'clk' (posedge -> posedge):
Info:       type curr  total name
Info:   clk-to-q  1.39  1.39 Source system.core.component_SB_DFFESR_Q_9_D_SB_LUT4_O_LC.O
Info:    routing  2.95  4.34 Net system.core.component[0] (4,4) -> (7,1)
Info:                          Sink system.core.real_part_SB_DFFE_Q_27_D_SB_LUT4_O_I3_SB_CARRY_CI_CO_SB_CARRY_CI_CO_SB_LUT4_I3_O_SB_LUT4_O_1_I3_SB_CARRY_CI_CO_SB_LUT4_I3_O_SB_LUT4_O_1_I3_SB_CARRY_CI_CO_SB_CARRY_CI_CO_SB_LUT4_I3_O_SB_LUT4_O_1_I3_SB_CARRY_CO_CI_SB_CARRY_CO_CI_SB_CARRY_CO_CI_SB_CARRY_CO_CI_SB_CARRY_CO_CI_SB_CARRY_CO_CI_SB_CARRY_CO_CI_SB_CARRY_CO_CI_SB_CARRY_CO_CI_SB_CARRY_CO_CI_SB_CARRY_CO_CI_SB_CARRY_CO_CI_SB_CARRY_CO_CI_SB_CARRY_CO_CI_SB_CARRY_CO_CI_SB_CARRY_CO_I1_SB_LUT4_O_1_I3_SB_LUT4_O_2_I3_SB_LUT4_O_1_LC.I0
Info:                          Defined in:
Info:                               LOCAL_PRIVATE_PATH 2026/digital ic/.tools/oss-cad-suite/libexec/../share/yosys/ice40/cells_map.v:6.21-6.22
Info:      logic  1.28  5.63 Source system.core.real_part_SB_DFFE_Q_27_D_SB_LUT4_O_I3_SB_CARRY_CI_CO_SB_CARRY_CI_CO_SB_LUT4_I3_O_SB_LUT4_O_1_I3_SB_CARRY_CI_CO_SB_LUT4_I3_O_SB_LUT4_O_1_I3_SB_CARRY_CI_CO_SB_CARRY_CI_CO_SB_LUT4_I3_O_SB_LUT4_O_1_I3_SB_CARRY_CO_CI_SB_CARRY_CO_CI_SB_CARRY_CO_CI_SB_CARRY_CO_CI_SB_CARRY_CO_CI_SB_CARRY_CO_CI_SB_CARRY_CO_CI_SB_CARRY_CO_CI_SB_CARRY_CO_CI_SB_CARRY_CO_CI_SB_CARRY_CO_CI_SB_CARRY_CO_CI_SB_CARRY_CO_CI_SB_CARRY_CO_CI_SB_CARRY_CO_CI_SB_CARRY_CO_I1_SB_LUT4_O_1_I3_SB_LUT4_O_2_I3_SB_LUT4_O_1_LC.O
Info:    routing  1.76  7.39 Net system.core.real_part_SB_DFFE_Q_27_D_SB_LUT4_O_I3_SB_CARRY_CI_CO_SB_CARRY_CI_CO_SB_LUT4_I3_O_SB_LUT4_O_1_I3_SB_CARRY_CI_CO_SB_LUT4_I3_O_SB_LUT4_O_1_I3_SB_CARRY_CI_CO_SB_CARRY_CI_CO_SB_LUT4_I3_O_SB_LUT4_O_1_I3_SB_CARRY_CO_CI_SB_CARRY_CO_CI_SB_CARRY_CO_CI_SB_CARRY_CO_CI_SB_CARRY_CO_CI_SB_CARRY_CO_CI_SB_CARRY_CO_CI_SB_CARRY_CO_CI_SB_CARRY_CO_CI_SB_CARRY_CO_CI_SB_CARRY_CO_CI_SB_CARRY_CO_CI_SB_CARRY_CO_CI_SB_CARRY_CO_CI_SB_CARRY_CO_CI_SB_CARRY_CO_I1_SB_LUT4_O_1_I3_SB_LUT4_O_2_I3[3] (7,1) -> (7,1)
Info:                          Sink system.core.real_part_SB_DFFE_Q_27_D_SB_LUT4_O_I3_SB_CARRY_CI_CO_SB_CARRY_CI_CO_SB_LUT4_I3_O_SB_LUT4_O_1_I3_SB_CARRY_CI_CO_SB_LUT4_I3_O_SB_LUT4_O_1_I3_SB_CARRY_CI_CO_SB_CARRY_CI_CO_SB_LUT4_I3_O_SB_LUT4_O_1_I3_SB_CARRY_CO_CI_SB_CARRY_CO_CI_SB_CARRY_CO_CI_SB_CARRY_CO_CI_SB_CARRY_CO_CI_SB_CARRY_CO_CI_SB_CARRY_CO_CI_SB_CARRY_CO_CI_SB_CARRY_CO_CI_SB_CARRY_CO_CI_SB_CARRY_CO_CI_SB_CARRY_CO_CI_SB_CARRY_CO_CI_SB_CARRY_CO_CI_SB_CARRY_CO_CI_SB_CARRY_CO_I1_SB_LUT4_O_1_I3_SB_LUT4_O_2_LC.I3
Info:                          Defined in:
Info:                               LOCAL_PRIVATE_PATH 2026/digital ic/.tools/oss-cad-suite/libexec/../share/yosys/ice40/cells_map.v:6.21-6.22
Info:      logic  0.87  8.26 Source system.core.real_part_SB_DFFE_Q_27_D_SB_LUT4_O_I3_SB_CARRY_CI_CO_SB_CARRY_CI_CO_SB_LUT4_I3_O_SB_LUT4_O_1_I3_SB_CARRY_CI_CO_SB_LUT4_I3_O_SB_LUT4_O_1_I3_SB_CARRY_CI_CO_SB_CARRY_CI_CO_SB_LUT4_I3_O_SB_LUT4_O_1_I3_SB_CARRY_CO_CI_SB_CARRY_CO_CI_SB_CARRY_CO_CI_SB_CARRY_CO_CI_SB_CARRY_CO_CI_SB_CARRY_CO_CI_SB_CARRY_CO_CI_SB_CARRY_CO_CI_SB_CARRY_CO_CI_SB_CARRY_CO_CI_SB_CARRY_CO_CI_SB_CARRY_CO_CI_SB_CARRY_CO_CI_SB_CARRY_CO_CI_SB_CARRY_CO_CI_SB_CARRY_CO_I1_SB_LUT4_O_1_I3_SB_LUT4_O_2_LC.O
Info:    routing  1.76  10.02 Net system.core.real_part_SB_DFFE_Q_27_D_SB_LUT4_O_I3_SB_CARRY_CI_CO_SB_CARRY_CI_CO_SB_LUT4_I3_O_SB_LUT4_O_1_I3_SB_CARRY_CI_CO_SB_LUT4_I3_O_SB_LUT4_O_1_I3_SB_CARRY_CI_CO_SB_CARRY_CI_CO_SB_LUT4_I3_O_SB_LUT4_O_1_I3_SB_CARRY_CO_CI_SB_CARRY_CO_CI_SB_CARRY_CO_CI_SB_CARRY_CO_CI_SB_CARRY_CO_CI_SB_CARRY_CO_CI_SB_CARRY_CO_CI_SB_CARRY_CO_CI_SB_CARRY_CO_CI_SB_CARRY_CO_CI_SB_CARRY_CO_CI_SB_CARRY_CO_CI_SB_CARRY_CO_CI_SB_CARRY_CO_CI_SB_CARRY_CO_CI_SB_CARRY_CO_I1_SB_LUT4_O_1_I3[3] (7,1) -> (7,1)
Info:                          Sink system.core.real_part_SB_DFFE_Q_27_D_SB_LUT4_O_I3_SB_CARRY_CI_CO_SB_CARRY_CI_CO_SB_LUT4_I3_O_SB_LUT4_O_1_I3_SB_CARRY_CI_CO_SB_LUT4_I3_O_SB_LUT4_O_1_I3_SB_CARRY_CI_CO_SB_CARRY_CI_CO_SB_LUT4_I3_O_SB_LUT4_O_1_I3_SB_CARRY_CO_CI_SB_CARRY_CO_CI_SB_CARRY_CO_CI_SB_CARRY_CO_CI_SB_CARRY_CO_CI_SB_CARRY_CO_CI_SB_CARRY_CO_CI_SB_CARRY_CO_CI_SB_CARRY_CO_CI_SB_CARRY_CO_CI_SB_CARRY_CO_CI_SB_CARRY_CO_CI_SB_CARRY_CO_CI_SB_CARRY_CO_CI_SB_CARRY_CO_CI_SB_CARRY_CO_I1_SB_LUT4_O_1_LC.I3
Info:                          Defined in:
Info:                               LOCAL_PRIVATE_PATH 2026/digital ic/.tools/oss-cad-suite/libexec/../share/yosys/ice40/cells_map.v:6.21-6.22
Info:      logic  0.87  10.90 Source system.core.real_part_SB_DFFE_Q_27_D_SB_LUT4_O_I3_SB_CARRY_CI_CO_SB_CARRY_CI_CO_SB_LUT4_I3_O_SB_LUT4_O_1_I3_SB_CARRY_CI_CO_SB_LUT4_I3_O_SB_LUT4_O_1_I3_SB_CARRY_CI_CO_SB_CARRY_CI_CO_SB_LUT4_I3_O_SB_LUT4_O_1_I3_SB_CARRY_CO_CI_SB_CARRY_CO_CI_SB_CARRY_CO_CI_SB_CARRY_CO_CI_SB_CARRY_CO_CI_SB_CARRY_CO_CI_SB_CARRY_CO_CI_SB_CARRY_CO_CI_SB_CARRY_CO_CI_SB_CARRY_CO_CI_SB_CARRY_CO_CI_SB_CARRY_CO_CI_SB_CARRY_CO_CI_SB_CARRY_CO_CI_SB_CARRY_CO_CI_SB_CARRY_CO_I1_SB_LUT4_O_1_LC.O
Info:    routing  2.85  13.74 Net system.core.real_part_SB_DFFE_Q_27_D_SB_LUT4_O_I3_SB_CARRY_CI_CO_SB_CARRY_CI_CO_SB_LUT4_I3_O_SB_LUT4_O_1_I3_SB_CARRY_CI_CO_SB_LUT4_I3_O_SB_LUT4_O_1_I3_SB_CARRY_CI_CO_SB_CARRY_CI_CO_SB_LUT4_I3_O_SB_LUT4_O_1_I3_SB_CARRY_CO_CI_SB_CARRY_CO_CI_SB_CARRY_CO_CI_SB_CARRY_CO_CI_SB_CARRY_CO_CI_SB_CARRY_CO_CI_SB_CARRY_CO_CI_SB_CARRY_CO_CI_SB_CARRY_CO_CI_SB_CARRY_CO_CI_SB_CARRY_CO_CI_SB_CARRY_CO_CI_SB_CARRY_CO_CI_SB_CARRY_CO_CI_SB_CARRY_CO_CI_SB_CARRY_CO_I1[2] (7,1) -> (3,1)
Info:                          Sink system.core.real_part_SB_DFFE_Q_27_D_SB_LUT4_O_I3_SB_CARRY_CI_CO_SB_CARRY_CI_CO_SB_LUT4_I3_O_SB_LUT4_O_1_I3_SB_CARRY_CI_CO_SB_LUT4_I3_O_SB_LUT4_O_1_I3_SB_CARRY_CI_CO_SB_CARRY_CI_CO_SB_LUT4_I3_O_SB_LUT4_O_1_I3_SB_CARRY_CO_CI_SB_CARRY_CO_CI_SB_CARRY_CO_CI_SB_CARRY_CO_CI_SB_CARRY_CO_CI_SB_CARRY_CO_CI_SB_CARRY_CO_CI_SB_CARRY_CO_CI_SB_CARRY_CO_CI_SB_CARRY_CO_CI_SB_CARRY_CO_CI_SB_CARRY_CO_CI_SB_CARRY_CO_CI_SB_CARRY_CO_CI_SB_CARRY_CO_CI_SB_CARRY_CO_I0_SB_LUT4_O_LC.I2
Info:                          Defined in:
Info:                               LOCAL_PRIVATE_PATH 2026/digital ic/.tools/oss-cad-suite/libexec/../share/yosys/ice40/cells_map.v:6.21-6.22
Info:      logic  1.21  14.95 Source system.core.real_part_SB_DFFE_Q_27_D_SB_LUT4_O_I3_SB_CARRY_CI_CO_SB_CARRY_CI_CO_SB_LUT4_I3_O_SB_LUT4_O_1_I3_SB_CARRY_CI_CO_SB_LUT4_I3_O_SB_LUT4_O_1_I3_SB_CARRY_CI_CO_SB_CARRY_CI_CO_SB_LUT4_I3_O_SB_LUT4_O_1_I3_SB_CARRY_CO_CI_SB_CARRY_CO_CI_SB_CARRY_CO_CI_SB_CARRY_CO_CI_SB_CARRY_CO_CI_SB_CARRY_CO_CI_SB_CARRY_CO_CI_SB_CARRY_CO_CI_SB_CARRY_CO_CI_SB_CARRY_CO_CI_SB_CARRY_CO_CI_SB_CARRY_CO_CI_SB_CARRY_CO_CI_SB_CARRY_CO_CI_SB_CARRY_CO_CI_SB_CARRY_CO_I0_SB_LUT4_O_LC.O
Info:    routing  1.76  16.71 Net system.core.real_part_SB_DFFE_Q_27_D_SB_LUT4_O_I3_SB_CARRY_CI_CO_SB_CARRY_CI_CO_SB_LUT4_I3_O_SB_LUT4_O_1_I3_SB_CARRY_CI_CO_SB_LUT4_I3_O_SB_LUT4_O_1_I3_SB_CARRY_CI_CO_SB_CARRY_CI_CO_SB_LUT4_I3_O_SB_LUT4_O_1_I3_SB_CARRY_CO_CI_SB_CARRY_CO_CI_SB_CARRY_CO_CI_SB_CARRY_CO_CI_SB_CARRY_CO_CI_SB_CARRY_CO_CI_SB_CARRY_CO_CI_SB_CARRY_CO_CI_SB_CARRY_CO_CI_SB_CARRY_CO_CI_SB_CARRY_CO_CI_SB_CARRY_CO_CI_SB_CARRY_CO_CI_SB_CARRY_CO_CI_SB_CARRY_CO_CI_SB_CARRY_CO_I0[1] (3,1) -> (2,1)
Info:                          Sink system.core.real_part_SB_DFFE_Q_27_D_SB_LUT4_O_I3_SB_CARRY_CI_CO_SB_CARRY_CI_CO_SB_LUT4_I3_O_SB_LUT4_O_1_I3_SB_CARRY_CI_CO_SB_LUT4_I3_O_SB_LUT4_O_1_I3_SB_CARRY_CI_CO_SB_CARRY_CI_CO_SB_LUT4_I3_O_SB_LUT4_O_1_I3_SB_CARRY_CO_CI_SB_CARRY_CO_CI_SB_CARRY_CO_CI_SB_CARRY_CO_CI_SB_CARRY_CO_CI_SB_CARRY_CO_CI_SB_CARRY_CO_CI_SB_CARRY_CO_CI_SB_CARRY_CO_CI_SB_CARRY_CO_CI_SB_CARRY_CO_CI_SB_CARRY_CO_CI_SB_CARRY_CO_CI_SB_CARRY_CO_CI_SB_CARRY_CO_CI_SB_CARRY_CO_I0_SB_LUT4_I1_LC.I1
Info:                          Defined in:
Info:                               rtl/core/known_spectral_core.sv:79.17-79.69
Info:                               LOCAL_PRIVATE_PATH 2026/digital ic/.tools/oss-cad-suite/libexec/../share/yosys/ice40/arith_map.v:62.5-70.4
Info:                               LOCAL_PRIVATE_PATH 2026/digital ic/.tools/oss-cad-suite/libexec/../share/yosys/ice40/cells_map.v:6.21-6.22
Info:      logic  0.68  17.38 Source system.core.real_part_SB_DFFE_Q_27_D_SB_LUT4_O_I3_SB_CARRY_CI_CO_SB_CARRY_CI_CO_SB_LUT4_I3_O_SB_LUT4_O_1_I3_SB_CARRY_CI_CO_SB_LUT4_I3_O_SB_LUT4_O_1_I3_SB_CARRY_CI_CO_SB_CARRY_CI_CO_SB_LUT4_I3_O_SB_LUT4_O_1_I3_SB_CARRY_CO_CI_SB_CARRY_CO_CI_SB_CARRY_CO_CI_SB_CARRY_CO_CI_SB_CARRY_CO_CI_SB_CARRY_CO_CI_SB_CARRY_CO_CI_SB_CARRY_CO_CI_SB_CARRY_CO_CI_SB_CARRY_CO_CI_SB_CARRY_CO_CI_SB_CARRY_CO_CI_SB_CARRY_CO_CI_SB_CARRY_CO_CI_SB_CARRY_CO_CI_SB_CARRY_CO_I0_SB_LUT4_I1_LC.COUT
Info:    routing  0.00  17.38 Net system.core.real_part_SB_DFFE_Q_27_D_SB_LUT4_O_I3_SB_CARRY_CI_CO_SB_CARRY_CI_CO_SB_LUT4_I3_O_SB_LUT4_O_1_I3_SB_CARRY_CI_CO_SB_LUT4_I3_O_SB_LUT4_O_1_I3_SB_CARRY_CI_CO_SB_CARRY_CI_CO_SB_LUT4_I3_O_SB_LUT4_O_1_I3_SB_CARRY_CO_CI_SB_CARRY_CO_CI_SB_CARRY_CO_CI_SB_CARRY_CO_CI_SB_CARRY_CO_CI_SB_CARRY_CO_CI_SB_CARRY_CO_CI_SB_CARRY_CO_CI_SB_CARRY_CO_CI_SB_CARRY_CO_CI_SB_CARRY_CO_CI_SB_CARRY_CO_CI_SB_CARRY_CO_CI_SB_CARRY_CO_CI_SB_CARRY_CO_CI (2,1) -> (2,1)
Info:                          Sink system.core.real_part_SB_DFFE_Q_27_D_SB_LUT4_O_I3_SB_CARRY_CI_CO_SB_CARRY_CI_CO_SB_LUT4_I3_O_SB_LUT4_O_1_I3_SB_CARRY_CI_CO_SB_LUT4_I3_O_SB_LUT4_O_1_I3_SB_CARRY_CI_CO_SB_CARRY_CI_CO_SB_LUT4_I3_O_SB_LUT4_O_1_I3_SB_CARRY_CO_CI_SB_CARRY_CO_CI_SB_CARRY_CO_CI_SB_CARRY_CO_CI_SB_CARRY_CO_CI_SB_CARRY_CO_CI_SB_CARRY_CO_CI_SB_CARRY_CO_CI_SB_CARRY_CO_CI_SB_CARRY_CO_CI_SB_CARRY_CO_CI_SB_CARRY_CO_CI_SB_CARRY_CO_CI_SB_CARRY_CO_CI_SB_CARRY_CO_CI_SB_LUT4_I3_LC.CIN
Info:                          Defined in:
Info:                               rtl/core/known_spectral_core.sv:79.17-79.69
Info:                               LOCAL_PRIVATE_PATH 2026/digital ic/.tools/oss-cad-suite/libexec/../share/yosys/ice40/arith_map.v:62.5-70.4
Info:                               LOCAL_PRIVATE_PATH 2026/digital ic/.tools/oss-cad-suite/libexec/../share/yosys/ice40/cells_map.v:6.21-6.22
Info:      logic  0.28  17.66 Source system.core.real_part_SB_DFFE_Q_27_D_SB_LUT4_O_I3_SB_CARRY_CI_CO_SB_CARRY_CI_CO_SB_LUT4_I3_O_SB_LUT4_O_1_I3_SB_CARRY_CI_CO_SB_LUT4_I3_O_SB_LUT4_O_1_I3_SB_CARRY_CI_CO_SB_CARRY_CI_CO_SB_LUT4_I3_O_SB_LUT4_O_1_I3_SB_CARRY_CO_CI_SB_CARRY_CO_CI_SB_CARRY_CO_CI_SB_CARRY_CO_CI_SB_CARRY_CO_CI_SB_CARRY_CO_CI_SB_CARRY_CO_CI_SB_CARRY_CO_CI_SB_CARRY_CO_CI_SB_CARRY_CO_CI_SB_CARRY_CO_CI_SB_CARRY_CO_CI_SB_CARRY_CO_CI_SB_CARRY_CO_CI_SB_CARRY_CO_CI_SB_LUT4_I3_LC.COUT
Info:    routing  0.00  17.66 Net system.core.real_part_SB_DFFE_Q_27_D_SB_LUT4_O_I3_SB_CARRY_CI_CO_SB_CARRY_CI_CO_SB_LUT4_I3_O_SB_LUT4_O_1_I3_SB_CARRY_CI_CO_SB_LUT4_I3_O_SB_LUT4_O_1_I3_SB_CARRY_CI_CO_SB_CARRY_CI_CO_SB_LUT4_I3_O_SB_LUT4_O_1_I3_SB_CARRY_CO_CI_SB_CARRY_CO_CI_SB_CARRY_CO_CI_SB_CARRY_CO_CI_SB_CARRY_CO_CI_SB_CARRY_CO_CI_SB_CARRY_CO_CI_SB_CARRY_CO_CI_SB_CARRY_CO_CI_SB_CARRY_CO_CI_SB_CARRY_CO_CI_SB_CARRY_CO_CI_SB_CARRY_CO_CI_SB_CARRY_CO_CI (2,1) -> (2,1)
Info:                          Sink system.core.real_part_SB_DFFE_Q_27_D_SB_LUT4_O_I3_SB_CARRY_CI_CO_SB_CARRY_CI_CO_SB_LUT4_I3_O_SB_LUT4_O_1_I3_SB_CARRY_CI_CO_SB_LUT4_I3_O_SB_LUT4_O_1_I3_SB_CARRY_CI_CO_SB_CARRY_CI_CO_SB_LUT4_I3_O_SB_LUT4_O_1_I3_SB_CARRY_CO_CI_SB_CARRY_CO_CI_SB_CARRY_CO_CI_SB_CARRY_CO_CI_SB_CARRY_CO_CI_SB_CARRY_CO_CI_SB_CARRY_CO_CI_SB_CARRY_CO_CI_SB_CARRY_CO_CI_SB_CARRY_CO_CI_SB_CARRY_CO_CI_SB_CARRY_CO_CI_SB_CARRY_CO_CI_SB_CARRY_CO_CI_SB_LUT4_I3_LC.CIN
Info:                          Defined in:
Info:                               rtl/core/known_spectral_core.sv:79.17-79.69
Info:                               LOCAL_PRIVATE_PATH 2026/digital ic/.tools/oss-cad-suite/libexec/../share/yosys/ice40/arith_map.v:62.5-70.4
Info:                               LOCAL_PRIVATE_PATH 2026/digital ic/.tools/oss-cad-suite/libexec/../share/yosys/ice40/cells_map.v:6.21-6.22
Info:      logic  0.28  17.94 Source system.core.real_part_SB_DFFE_Q_27_D_SB_LUT4_O_I3_SB_CARRY_CI_CO_SB_CARRY_CI_CO_SB_LUT4_I3_O_SB_LUT4_O_1_I3_SB_CARRY_CI_CO_SB_LUT4_I3_O_SB_LUT4_O_1_I3_SB_CARRY_CI_CO_SB_CARRY_CI_CO_SB_LUT4_I3_O_SB_LUT4_O_1_I3_SB_CARRY_CO_CI_SB_CARRY_CO_CI_SB_CARRY_CO_CI_SB_CARRY_CO_CI_SB_CARRY_CO_CI_SB_CARRY_CO_CI_SB_CARRY_CO_CI_SB_CARRY_CO_CI_SB_CARRY_CO_CI_SB_CARRY_CO_CI_SB_CARRY_CO_CI_SB_CARRY_CO_CI_SB_CARRY_CO_CI_SB_CARRY_CO_CI_SB_LUT4_I3_LC.COUT
Info:    routing  0.00  17.94 Net system.core.real_part_SB_DFFE_Q_27_D_SB_LUT4_O_I3_SB_CARRY_CI_CO_SB_CARRY_CI_CO_SB_LUT4_I3_O_SB_LUT4_O_1_I3_SB_CARRY_CI_CO_SB_LUT4_I3_O_SB_LUT4_O_1_I3_SB_CARRY_CI_CO_SB_CARRY_CI_CO_SB_LUT4_I3_O_SB_LUT4_O_1_I3_SB_CARRY_CO_CI_SB_CARRY_CO_CI_SB_CARRY_CO_CI_SB_CARRY_CO_CI_SB_CARRY_CO_CI_SB_CARRY_CO_CI_SB_CARRY_CO_CI_SB_CARRY_CO_CI_SB_CARRY_CO_CI_SB_CARRY_CO_CI_SB_CARRY_CO_CI_SB_CARRY_CO_CI_SB_CARRY_CO_CI (2,1) -> (2,1)
Info:                          Sink system.core.real_part_SB_DFFE_Q_27_D_SB_LUT4_O_I3_SB_CARRY_CI_CO_SB_CARRY_CI_CO_SB_LUT4_I3_O_SB_LUT4_O_1_I3_SB_CARRY_CI_CO_SB_LUT4_I3_O_SB_LUT4_O_1_I3_SB_CARRY_CI_CO_SB_CARRY_CI_CO_SB_LUT4_I3_O_SB_LUT4_O_1_I3_SB_CARRY_CO_CI_SB_CARRY_CO_CI_SB_CARRY_CO_CI_SB_CARRY_CO_CI_SB_CARRY_CO_CI_SB_CARRY_CO_CI_SB_CARRY_CO_CI_SB_CARRY_CO_CI_SB_CARRY_CO_CI_SB_CARRY_CO_CI_SB_CARRY_CO_CI_SB_CARRY_CO_CI_SB_CARRY_CO_CI_SB_LUT4_I3_LC.CIN
Info:                          Defined in:
Info:                               rtl/core/known_spectral_core.sv:79.17-79.69
Info:                               LOCAL_PRIVATE_PATH 2026/digital ic/.tools/oss-cad-suite/libexec/../share/yosys/ice40/arith_map.v:62.5-70.4
Info:                               LOCAL_PRIVATE_PATH 2026/digital ic/.tools/oss-cad-suite/libexec/../share/yosys/ice40/cells_map.v:6.21-6.22
Info:      logic  0.28  18.22 Source system.core.real_part_SB_DFFE_Q_27_D_SB_LUT4_O_I3_SB_CARRY_CI_CO_SB_CARRY_CI_CO_SB_LUT4_I3_O_SB_LUT4_O_1_I3_SB_CARRY_CI_CO_SB_LUT4_I3_O_SB_LUT4_O_1_I3_SB_CARRY_CI_CO_SB_CARRY_CI_CO_SB_LUT4_I3_O_SB_LUT4_O_1_I3_SB_CARRY_CO_CI_SB_CARRY_CO_CI_SB_CARRY_CO_CI_SB_CARRY_CO_CI_SB_CARRY_CO_CI_SB_CARRY_CO_CI_SB_CARRY_CO_CI_SB_CARRY_CO_CI_SB_CARRY_CO_CI_SB_CARRY_CO_CI_SB_CARRY_CO_CI_SB_CARRY_CO_CI_SB_CARRY_CO_CI_SB_LUT4_I3_LC.COUT
Info:    routing  0.00  18.22 Net system.core.real_part_SB_DFFE_Q_27_D_SB_LUT4_O_I3_SB_CARRY_CI_CO_SB_CARRY_CI_CO_SB_LUT4_I3_O_SB_LUT4_O_1_I3_SB_CARRY_CI_CO_SB_LUT4_I3_O_SB_LUT4_O_1_I3_SB_CARRY_CI_CO_SB_CARRY_CI_CO_SB_LUT4_I3_O_SB_LUT4_O_1_I3_SB_CARRY_CO_CI_SB_CARRY_CO_CI_SB_CARRY_CO_CI_SB_CARRY_CO_CI_SB_CARRY_CO_CI_SB_CARRY_CO_CI_SB_CARRY_CO_CI_SB_CARRY_CO_CI_SB_CARRY_CO_CI_SB_CARRY_CO_CI_SB_CARRY_CO_CI_SB_CARRY_CO_CI (2,1) -> (2,1)
Info:                          Sink system.core.real_part_SB_DFFE_Q_27_D_SB_LUT4_O_I3_SB_CARRY_CI_CO_SB_CARRY_CI_CO_SB_LUT4_I3_O_SB_LUT4_O_1_I3_SB_CARRY_CI_CO_SB_LUT4_I3_O_SB_LUT4_O_1_I3_SB_CARRY_CI_CO_SB_CARRY_CI_CO_SB_LUT4_I3_O_SB_LUT4_O_1_I3_SB_CARRY_CO_CI_SB_CARRY_CO_CI_SB_CARRY_CO_CI_SB_CARRY_CO_CI_SB_CARRY_CO_CI_SB_CARRY_CO_CI_SB_CARRY_CO_CI_SB_CARRY_CO_CI_SB_CARRY_CO_CI_SB_CARRY_CO_CI_SB_CARRY_CO_CI_SB_CARRY_CO_CI_SB_LUT4_I3_LC.CIN
Info:                          Defined in:
Info:                               rtl/core/known_spectral_core.sv:79.17-79.69
Info:                               LOCAL_PRIVATE_PATH 2026/digital ic/.tools/oss-cad-suite/libexec/../share/yosys/ice40/arith_map.v:62.5-70.4
Info:                               LOCAL_PRIVATE_PATH 2026/digital ic/.tools/oss-cad-suite/libexec/../share/yosys/ice40/cells_map.v:6.21-6.22
Info:      logic  0.28  18.50 Source system.core.real_part_SB_DFFE_Q_27_D_SB_LUT4_O_I3_SB_CARRY_CI_CO_SB_CARRY_CI_CO_SB_LUT4_I3_O_SB_LUT4_O_1_I3_SB_CARRY_CI_CO_SB_LUT4_I3_O_SB_LUT4_O_1_I3_SB_CARRY_CI_CO_SB_CARRY_CI_CO_SB_LUT4_I3_O_SB_LUT4_O_1_I3_SB_CARRY_CO_CI_SB_CARRY_CO_CI_SB_CARRY_CO_CI_SB_CARRY_CO_CI_SB_CARRY_CO_CI_SB_CARRY_CO_CI_SB_CARRY_CO_CI_SB_CARRY_CO_CI_SB_CARRY_CO_CI_SB_CARRY_CO_CI_SB_CARRY_CO_CI_SB_CARRY_CO_CI_SB_LUT4_I3_LC.COUT
Info:    routing  0.00  18.50 Net system.core.real_part_SB_DFFE_Q_27_D_SB_LUT4_O_I3_SB_CARRY_CI_CO_SB_CARRY_CI_CO_SB_LUT4_I3_O_SB_LUT4_O_1_I3_SB_CARRY_CI_CO_SB_LUT4_I3_O_SB_LUT4_O_1_I3_SB_CARRY_CI_CO_SB_CARRY_CI_CO_SB_LUT4_I3_O_SB_LUT4_O_1_I3_SB_CARRY_CO_CI_SB_CARRY_CO_CI_SB_CARRY_CO_CI_SB_CARRY_CO_CI_SB_CARRY_CO_CI_SB_CARRY_CO_CI_SB_CARRY_CO_CI_SB_CARRY_CO_CI_SB_CARRY_CO_CI_SB_CARRY_CO_CI_SB_CARRY_CO_CI (2,1) -> (2,1)
Info:                          Sink system.core.real_part_SB_DFFE_Q_27_D_SB_LUT4_O_I3_SB_CARRY_CI_CO_SB_CARRY_CI_CO_SB_LUT4_I3_O_SB_LUT4_O_1_I3_SB_CARRY_CI_CO_SB_LUT4_I3_O_SB_LUT4_O_1_I3_SB_CARRY_CI_CO_SB_CARRY_CI_CO_SB_LUT4_I3_O_SB_LUT4_O_1_I3_SB_CARRY_CO_CI_SB_CARRY_CO_CI_SB_CARRY_CO_CI_SB_CARRY_CO_CI_SB_CARRY_CO_CI_SB_CARRY_CO_CI_SB_CARRY_CO_CI_SB_CARRY_CO_CI_SB_CARRY_CO_CI_SB_CARRY_CO_CI_SB_CARRY_CO_CI_SB_LUT4_I3_LC.CIN
Info:                          Defined in:
Info:                               rtl/core/known_spectral_core.sv:79.17-79.69
Info:                               LOCAL_PRIVATE_PATH 2026/digital ic/.tools/oss-cad-suite/libexec/../share/yosys/ice40/arith_map.v:62.5-70.4
Info:                               LOCAL_PRIVATE_PATH 2026/digital ic/.tools/oss-cad-suite/libexec/../share/yosys/ice40/cells_map.v:6.21-6.22
Info:      logic  0.28  18.77 Source system.core.real_part_SB_DFFE_Q_27_D_SB_LUT4_O_I3_SB_CARRY_CI_CO_SB_CARRY_CI_CO_SB_LUT4_I3_O_SB_LUT4_O_1_I3_SB_CARRY_CI_CO_SB_LUT4_I3_O_SB_LUT4_O_1_I3_SB_CARRY_CI_CO_SB_CARRY_CI_CO_SB_LUT4_I3_O_SB_LUT4_O_1_I3_SB_CARRY_CO_CI_SB_CARRY_CO_CI_SB_CARRY_CO_CI_SB_CARRY_CO_CI_SB_CARRY_CO_CI_SB_CARRY_CO_CI_SB_CARRY_CO_CI_SB_CARRY_CO_CI_SB_CARRY_CO_CI_SB_CARRY_CO_CI_SB_CARRY_CO_CI_SB_LUT4_I3_LC.COUT
Info:    routing  0.00  18.77 Net system.core.real_part_SB_DFFE_Q_27_D_SB_LUT4_O_I3_SB_CARRY_CI_CO_SB_CARRY_CI_CO_SB_LUT4_I3_O_SB_LUT4_O_1_I3_SB_CARRY_CI_CO_SB_LUT4_I3_O_SB_LUT4_O_1_I3_SB_CARRY_CI_CO_SB_CARRY_CI_CO_SB_LUT4_I3_O_SB_LUT4_O_1_I3_SB_CARRY_CO_CI_SB_CARRY_CO_CI_SB_CARRY_CO_CI_SB_CARRY_CO_CI_SB_CARRY_CO_CI_SB_CARRY_CO_CI_SB_CARRY_CO_CI_SB_CARRY_CO_CI_SB_CARRY_CO_CI_SB_CARRY_CO_CI (2,1) -> (2,1)
Info:                          Sink system.core.real_part_SB_DFFE_Q_27_D_SB_LUT4_O_I3_SB_CARRY_CI_CO_SB_CARRY_CI_CO_SB_LUT4_I3_O_SB_LUT4_O_1_I3_SB_CARRY_CI_CO_SB_LUT4_I3_O_SB_LUT4_O_1_I3_SB_CARRY_CI_CO_SB_CARRY_CI_CO_SB_LUT4_I3_O_SB_LUT4_O_1_I3_SB_CARRY_CO_CI_SB_CARRY_CO_CI_SB_CARRY_CO_CI_SB_CARRY_CO_CI_SB_CARRY_CO_CI_SB_CARRY_CO_CI_SB_CARRY_CO_CI_SB_CARRY_CO_CI_SB_CARRY_CO_CI_SB_CARRY_CO_CI_SB_LUT4_I3_LC.CIN
Info:                          Defined in:
Info:                               rtl/core/known_spectral_core.sv:79.17-79.69
Info:                               LOCAL_PRIVATE_PATH 2026/digital ic/.tools/oss-cad-suite/libexec/../share/yosys/ice40/arith_map.v:62.5-70.4
Info:                               LOCAL_PRIVATE_PATH 2026/digital ic/.tools/oss-cad-suite/libexec/../share/yosys/ice40/cells_map.v:6.21-6.22
Info:      logic  0.28  19.05 Source system.core.real_part_SB_DFFE_Q_27_D_SB_LUT4_O_I3_SB_CARRY_CI_CO_SB_CARRY_CI_CO_SB_LUT4_I3_O_SB_LUT4_O_1_I3_SB_CARRY_CI_CO_SB_LUT4_I3_O_SB_LUT4_O_1_I3_SB_CARRY_CI_CO_SB_CARRY_CI_CO_SB_LUT4_I3_O_SB_LUT4_O_1_I3_SB_CARRY_CO_CI_SB_CARRY_CO_CI_SB_CARRY_CO_CI_SB_CARRY_CO_CI_SB_CARRY_CO_CI_SB_CARRY_CO_CI_SB_CARRY_CO_CI_SB_CARRY_CO_CI_SB_CARRY_CO_CI_SB_CARRY_CO_CI_SB_LUT4_I3_LC.COUT
Info:    routing  0.00  19.05 Net system.core.real_part_SB_DFFE_Q_27_D_SB_LUT4_O_I3_SB_CARRY_CI_CO_SB_CARRY_CI_CO_SB_LUT4_I3_O_SB_LUT4_O_1_I3_SB_CARRY_CI_CO_SB_LUT4_I3_O_SB_LUT4_O_1_I3_SB_CARRY_CI_CO_SB_CARRY_CI_CO_SB_LUT4_I3_O_SB_LUT4_O_1_I3_SB_CARRY_CO_CI_SB_CARRY_CO_CI_SB_CARRY_CO_CI_SB_CARRY_CO_CI_SB_CARRY_CO_CI_SB_CARRY_CO_CI_SB_CARRY_CO_CI_SB_CARRY_CO_CI_SB_CARRY_CO_CI (2,1) -> (2,1)
Info:                          Sink system.core.real_part_SB_DFFE_Q_27_D_SB_LUT4_O_I3_SB_CARRY_CI_CO_SB_CARRY_CI_CO_SB_LUT4_I3_O_SB_LUT4_O_1_I3_SB_CARRY_CI_CO_SB_LUT4_I3_O_SB_LUT4_O_1_I3_SB_CARRY_CI_CO_SB_CARRY_CI_CO_SB_LUT4_I3_O_SB_LUT4_O_1_I3_SB_CARRY_CO_CI_SB_CARRY_CO_CI_SB_CARRY_CO_CI_SB_CARRY_CO_CI_SB_CARRY_CO_CI_SB_CARRY_CO_CI_SB_CARRY_CO_CI_SB_CARRY_CO_CI_SB_CARRY_CO_CI_SB_LUT4_I3_LC.CIN
Info:                          Defined in:
Info:                               rtl/core/known_spectral_core.sv:79.17-79.69
Info:                               LOCAL_PRIVATE_PATH 2026/digital ic/.tools/oss-cad-suite/libexec/../share/yosys/ice40/arith_map.v:62.5-70.4
Info:                               LOCAL_PRIVATE_PATH 2026/digital ic/.tools/oss-cad-suite/libexec/../share/yosys/ice40/cells_map.v:6.21-6.22
Info:      logic  0.28  19.33 Source system.core.real_part_SB_DFFE_Q_27_D_SB_LUT4_O_I3_SB_CARRY_CI_CO_SB_CARRY_CI_CO_SB_LUT4_I3_O_SB_LUT4_O_1_I3_SB_CARRY_CI_CO_SB_LUT4_I3_O_SB_LUT4_O_1_I3_SB_CARRY_CI_CO_SB_CARRY_CI_CO_SB_LUT4_I3_O_SB_LUT4_O_1_I3_SB_CARRY_CO_CI_SB_CARRY_CO_CI_SB_CARRY_CO_CI_SB_CARRY_CO_CI_SB_CARRY_CO_CI_SB_CARRY_CO_CI_SB_CARRY_CO_CI_SB_CARRY_CO_CI_SB_CARRY_CO_CI_SB_LUT4_I3_LC.COUT
Info:    routing  0.56  19.89 Net system.core.real_part_SB_DFFE_Q_27_D_SB_LUT4_O_I3_SB_CARRY_CI_CO_SB_CARRY_CI_CO_SB_LUT4_I3_O_SB_LUT4_O_1_I3_SB_CARRY_CI_CO_SB_LUT4_I3_O_SB_LUT4_O_1_I3_SB_CARRY_CI_CO_SB_CARRY_CI_CO_SB_LUT4_I3_O_SB_LUT4_O_1_I3_SB_CARRY_CO_CI_SB_CARRY_CO_CI_SB_CARRY_CO_CI_SB_CARRY_CO_CI_SB_CARRY_CO_CI_SB_CARRY_CO_CI_SB_CARRY_CO_CI_SB_CARRY_CO_CI (2,1) -> (2,2)
Info:                          Sink system.core.real_part_SB_DFFE_Q_27_D_SB_LUT4_O_I3_SB_CARRY_CI_CO_SB_CARRY_CI_CO_SB_LUT4_I3_O_SB_LUT4_O_1_I3_SB_CARRY_CI_CO_SB_LUT4_I3_O_SB_LUT4_O_1_I3_SB_CARRY_CI_CO_SB_CARRY_CI_CO_SB_LUT4_I3_O_SB_LUT4_O_1_I3_SB_CARRY_CO_CI_SB_CARRY_CO_CI_SB_CARRY_CO_CI_SB_CARRY_CO_CI_SB_CARRY_CO_CI_SB_CARRY_CO_CI_SB_CARRY_CO_CI_SB_CARRY_CO_CI_SB_LUT4_I3_LC.CIN
Info:                          Defined in:
Info:                               rtl/core/known_spectral_core.sv:79.17-79.69
Info:                               LOCAL_PRIVATE_PATH 2026/digital ic/.tools/oss-cad-suite/libexec/../share/yosys/ice40/arith_map.v:62.5-70.4
Info:                               LOCAL_PRIVATE_PATH 2026/digital ic/.tools/oss-cad-suite/libexec/../share/yosys/ice40/cells_map.v:6.21-6.22
Info:      logic  0.28  20.16 Source system.core.real_part_SB_DFFE_Q_27_D_SB_LUT4_O_I3_SB_CARRY_CI_CO_SB_CARRY_CI_CO_SB_LUT4_I3_O_SB_LUT4_O_1_I3_SB_CARRY_CI_CO_SB_LUT4_I3_O_SB_LUT4_O_1_I3_SB_CARRY_CI_CO_SB_CARRY_CI_CO_SB_LUT4_I3_O_SB_LUT4_O_1_I3_SB_CARRY_CO_CI_SB_CARRY_CO_CI_SB_CARRY_CO_CI_SB_CARRY_CO_CI_SB_CARRY_CO_CI_SB_CARRY_CO_CI_SB_CARRY_CO_CI_SB_CARRY_CO_CI_SB_LUT4_I3_LC.COUT
Info:    routing  0.00  20.16 Net system.core.real_part_SB_DFFE_Q_27_D_SB_LUT4_O_I3_SB_CARRY_CI_CO_SB_CARRY_CI_CO_SB_LUT4_I3_O_SB_LUT4_O_1_I3_SB_CARRY_CI_CO_SB_LUT4_I3_O_SB_LUT4_O_1_I3_SB_CARRY_CI_CO_SB_CARRY_CI_CO_SB_LUT4_I3_O_SB_LUT4_O_1_I3_SB_CARRY_CO_CI_SB_CARRY_CO_CI_SB_CARRY_CO_CI_SB_CARRY_CO_CI_SB_CARRY_CO_CI_SB_CARRY_CO_CI_SB_CARRY_CO_CI (2,2) -> (2,2)
Info:                          Sink system.core.real_part_SB_DFFE_Q_27_D_SB_LUT4_O_I3_SB_CARRY_CI_CO_SB_CARRY_CI_CO_SB_LUT4_I3_O_SB_LUT4_O_1_I3_SB_CARRY_CI_CO_SB_LUT4_I3_O_SB_LUT4_O_1_I3_SB_CARRY_CI_CO_SB_CARRY_CI_CO_SB_LUT4_I3_O_SB_LUT4_O_1_I3_SB_CARRY_CO_CI_SB_CARRY_CO_CI_SB_CARRY_CO_CI_SB_CARRY_CO_CI_SB_CARRY_CO_CI_SB_CARRY_CO_CI_SB_CARRY_CO_CI_SB_LUT4_I3_LC.CIN
Info:                          Defined in:
Info:                               rtl/core/known_spectral_core.sv:79.17-79.69
Info:                               LOCAL_PRIVATE_PATH 2026/digital ic/.tools/oss-cad-suite/libexec/../share/yosys/ice40/arith_map.v:62.5-70.4
Info:                               LOCAL_PRIVATE_PATH 2026/digital ic/.tools/oss-cad-suite/libexec/../share/yosys/ice40/cells_map.v:6.21-6.22
Info:      logic  0.28  20.44 Source system.core.real_part_SB_DFFE_Q_27_D_SB_LUT4_O_I3_SB_CARRY_CI_CO_SB_CARRY_CI_CO_SB_LUT4_I3_O_SB_LUT4_O_1_I3_SB_CARRY_CI_CO_SB_LUT4_I3_O_SB_LUT4_O_1_I3_SB_CARRY_CI_CO_SB_CARRY_CI_CO_SB_LUT4_I3_O_SB_LUT4_O_1_I3_SB_CARRY_CO_CI_SB_CARRY_CO_CI_SB_CARRY_CO_CI_SB_CARRY_CO_CI_SB_CARRY_CO_CI_SB_CARRY_CO_CI_SB_CARRY_CO_CI_SB_LUT4_I3_LC.COUT
Info:    routing  0.00  20.44 Net system.core.real_part_SB_DFFE_Q_27_D_SB_LUT4_O_I3_SB_CARRY_CI_CO_SB_CARRY_CI_CO_SB_LUT4_I3_O_SB_LUT4_O_1_I3_SB_CARRY_CI_CO_SB_LUT4_I3_O_SB_LUT4_O_1_I3_SB_CARRY_CI_CO_SB_CARRY_CI_CO_SB_LUT4_I3_O_SB_LUT4_O_1_I3_SB_CARRY_CO_CI_SB_CARRY_CO_CI_SB_CARRY_CO_CI_SB_CARRY_CO_CI_SB_CARRY_CO_CI_SB_CARRY_CO_CI (2,2) -> (2,2)
Info:                          Sink system.core.real_part_SB_DFFE_Q_27_D_SB_LUT4_O_I3_SB_CARRY_CI_CO_SB_CARRY_CI_CO_SB_LUT4_I3_O_SB_LUT4_O_1_I3_SB_CARRY_CI_CO_SB_LUT4_I3_O_SB_LUT4_O_1_I3_SB_CARRY_CI_CO_SB_CARRY_CI_CO_SB_LUT4_I3_O_SB_LUT4_O_1_I3_SB_CARRY_CO_CI_SB_CARRY_CO_CI_SB_CARRY_CO_CI_SB_CARRY_CO_CI_SB_CARRY_CO_CI_SB_CARRY_CO_CI_SB_LUT4_I3_LC.CIN
Info:                          Defined in:
Info:                               rtl/core/known_spectral_core.sv:79.17-79.69
Info:                               LOCAL_PRIVATE_PATH 2026/digital ic/.tools/oss-cad-suite/libexec/../share/yosys/ice40/arith_map.v:62.5-70.4
Info:                               LOCAL_PRIVATE_PATH 2026/digital ic/.tools/oss-cad-suite/libexec/../share/yosys/ice40/cells_map.v:6.21-6.22
Info:      logic  0.28  20.72 Source system.core.real_part_SB_DFFE_Q_27_D_SB_LUT4_O_I3_SB_CARRY_CI_CO_SB_CARRY_CI_CO_SB_LUT4_I3_O_SB_LUT4_O_1_I3_SB_CARRY_CI_CO_SB_LUT4_I3_O_SB_LUT4_O_1_I3_SB_CARRY_CI_CO_SB_CARRY_CI_CO_SB_LUT4_I3_O_SB_LUT4_O_1_I3_SB_CARRY_CO_CI_SB_CARRY_CO_CI_SB_CARRY_CO_CI_SB_CARRY_CO_CI_SB_CARRY_CO_CI_SB_CARRY_CO_CI_SB_LUT4_I3_LC.COUT
Info:    routing  0.00  20.72 Net system.core.real_part_SB_DFFE_Q_27_D_SB_LUT4_O_I3_SB_CARRY_CI_CO_SB_CARRY_CI_CO_SB_LUT4_I3_O_SB_LUT4_O_1_I3_SB_CARRY_CI_CO_SB_LUT4_I3_O_SB_LUT4_O_1_I3_SB_CARRY_CI_CO_SB_CARRY_CI_CO_SB_LUT4_I3_O_SB_LUT4_O_1_I3_SB_CARRY_CO_CI_SB_CARRY_CO_CI_SB_CARRY_CO_CI_SB_CARRY_CO_CI_SB_CARRY_CO_CI (2,2) -> (2,2)
Info:                          Sink system.core.real_part_SB_DFFE_Q_27_D_SB_LUT4_O_I3_SB_CARRY_CI_CO_SB_CARRY_CI_CO_SB_LUT4_I3_O_SB_LUT4_O_1_I3_SB_CARRY_CI_CO_SB_LUT4_I3_O_SB_LUT4_O_1_I3_SB_CARRY_CI_CO_SB_CARRY_CI_CO_SB_LUT4_I3_O_SB_LUT4_O_1_I3_SB_CARRY_CO_CI_SB_CARRY_CO_CI_SB_CARRY_CO_CI_SB_CARRY_CO_CI_SB_CARRY_CO_CI_SB_LUT4_I3_LC.CIN
Info:                          Defined in:
Info:                               rtl/core/known_spectral_core.sv:79.17-79.69
Info:                               LOCAL_PRIVATE_PATH 2026/digital ic/.tools/oss-cad-suite/libexec/../share/yosys/ice40/arith_map.v:62.5-70.4
Info:                               LOCAL_PRIVATE_PATH 2026/digital ic/.tools/oss-cad-suite/libexec/../share/yosys/ice40/cells_map.v:6.21-6.22
Info:      logic  0.28  21.00 Source system.core.real_part_SB_DFFE_Q_27_D_SB_LUT4_O_I3_SB_CARRY_CI_CO_SB_CARRY_CI_CO_SB_LUT4_I3_O_SB_LUT4_O_1_I3_SB_CARRY_CI_CO_SB_LUT4_I3_O_SB_LUT4_O_1_I3_SB_CARRY_CI_CO_SB_CARRY_CI_CO_SB_LUT4_I3_O_SB_LUT4_O_1_I3_SB_CARRY_CO_CI_SB_CARRY_CO_CI_SB_CARRY_CO_CI_SB_CARRY_CO_CI_SB_CARRY_CO_CI_SB_LUT4_I3_LC.COUT
Info:    routing  0.00  21.00 Net system.core.real_part_SB_DFFE_Q_27_D_SB_LUT4_O_I3_SB_CARRY_CI_CO_SB_CARRY_CI_CO_SB_LUT4_I3_O_SB_LUT4_O_1_I3_SB_CARRY_CI_CO_SB_LUT4_I3_O_SB_LUT4_O_1_I3_SB_CARRY_CI_CO_SB_CARRY_CI_CO_SB_LUT4_I3_O_SB_LUT4_O_1_I3_SB_CARRY_CO_CI_SB_CARRY_CO_CI_SB_CARRY_CO_CI_SB_CARRY_CO_CI (2,2) -> (2,2)
Info:                          Sink system.core.real_part_SB_DFFE_Q_27_D_SB_LUT4_O_I3_SB_CARRY_CI_CO_SB_CARRY_CI_CO_SB_LUT4_I3_O_SB_LUT4_O_1_I3_SB_CARRY_CI_CO_SB_LUT4_I3_O_SB_LUT4_O_1_I3_SB_CARRY_CI_CO_SB_CARRY_CI_CO_SB_LUT4_I3_O_SB_LUT4_O_1_I3_SB_CARRY_CO_CI_SB_CARRY_CO_CI_SB_CARRY_CO_CI_SB_CARRY_CO_CI_SB_LUT4_I3_LC.CIN
Info:                          Defined in:
Info:                               rtl/core/known_spectral_core.sv:79.17-79.69
Info:                               LOCAL_PRIVATE_PATH 2026/digital ic/.tools/oss-cad-suite/libexec/../share/yosys/ice40/arith_map.v:62.5-70.4
Info:                               LOCAL_PRIVATE_PATH 2026/digital ic/.tools/oss-cad-suite/libexec/../share/yosys/ice40/cells_map.v:6.21-6.22
Info:      logic  0.28  21.28 Source system.core.real_part_SB_DFFE_Q_27_D_SB_LUT4_O_I3_SB_CARRY_CI_CO_SB_CARRY_CI_CO_SB_LUT4_I3_O_SB_LUT4_O_1_I3_SB_CARRY_CI_CO_SB_LUT4_I3_O_SB_LUT4_O_1_I3_SB_CARRY_CI_CO_SB_CARRY_CI_CO_SB_LUT4_I3_O_SB_LUT4_O_1_I3_SB_CARRY_CO_CI_SB_CARRY_CO_CI_SB_CARRY_CO_CI_SB_CARRY_CO_CI_SB_LUT4_I3_LC.COUT
Info:    routing  0.00  21.28 Net system.core.real_part_SB_DFFE_Q_27_D_SB_LUT4_O_I3_SB_CARRY_CI_CO_SB_CARRY_CI_CO_SB_LUT4_I3_O_SB_LUT4_O_1_I3_SB_CARRY_CI_CO_SB_LUT4_I3_O_SB_LUT4_O_1_I3_SB_CARRY_CI_CO_SB_CARRY_CI_CO_SB_LUT4_I3_O_SB_LUT4_O_1_I3_SB_CARRY_CO_CI_SB_CARRY_CO_CI_SB_CARRY_CO_CI (2,2) -> (2,2)
Info:                          Sink system.core.real_part_SB_DFFE_Q_27_D_SB_LUT4_O_I3_SB_CARRY_CI_CO_SB_CARRY_CI_CO_SB_LUT4_I3_O_SB_LUT4_O_1_I3_SB_CARRY_CI_CO_SB_LUT4_I3_O_SB_LUT4_O_1_I3_SB_CARRY_CI_CO_SB_CARRY_CI_CO_SB_LUT4_I3_O_SB_LUT4_O_1_I3_SB_CARRY_CO_CI_SB_CARRY_CO_CI_SB_CARRY_CO_CI_SB_LUT4_I3_LC.CIN
Info:                          Defined in:
Info:                               rtl/core/known_spectral_core.sv:79.17-79.69
Info:                               LOCAL_PRIVATE_PATH 2026/digital ic/.tools/oss-cad-suite/libexec/../share/yosys/ice40/arith_map.v:62.5-70.4
Info:                               LOCAL_PRIVATE_PATH 2026/digital ic/.tools/oss-cad-suite/libexec/../share/yosys/ice40/cells_map.v:6.21-6.22
Info:      logic  0.28  21.55 Source system.core.real_part_SB_DFFE_Q_27_D_SB_LUT4_O_I3_SB_CARRY_CI_CO_SB_CARRY_CI_CO_SB_LUT4_I3_O_SB_LUT4_O_1_I3_SB_CARRY_CI_CO_SB_LUT4_I3_O_SB_LUT4_O_1_I3_SB_CARRY_CI_CO_SB_CARRY_CI_CO_SB_LUT4_I3_O_SB_LUT4_O_1_I3_SB_CARRY_CO_CI_SB_CARRY_CO_CI_SB_CARRY_CO_CI_SB_LUT4_I3_LC.COUT
Info:    routing  0.00  21.55 Net system.core.real_part_SB_DFFE_Q_27_D_SB_LUT4_O_I3_SB_CARRY_CI_CO_SB_CARRY_CI_CO_SB_LUT4_I3_O_SB_LUT4_O_1_I3_SB_CARRY_CI_CO_SB_LUT4_I3_O_SB_LUT4_O_1_I3_SB_CARRY_CI_CO_SB_CARRY_CI_CO_SB_LUT4_I3_O_SB_LUT4_O_1_I3_SB_CARRY_CO_CI_SB_CARRY_CO_CI (2,2) -> (2,2)
Info:                          Sink system.core.real_part_SB_DFFE_Q_27_D_SB_LUT4_O_I3_SB_CARRY_CI_CO_SB_CARRY_CI_CO_SB_LUT4_I3_O_SB_LUT4_O_1_I3_SB_CARRY_CI_CO_SB_LUT4_I3_O_SB_LUT4_O_1_I3_SB_CARRY_CI_CO_SB_CARRY_CI_CO_SB_LUT4_I3_O_SB_LUT4_O_1_I3_SB_CARRY_CO_CI_SB_CARRY_CO_CI_SB_LUT4_I3_LC.CIN
Info:                          Defined in:
Info:                               rtl/core/known_spectral_core.sv:79.17-79.69
Info:                               LOCAL_PRIVATE_PATH 2026/digital ic/.tools/oss-cad-suite/libexec/../share/yosys/ice40/arith_map.v:62.5-70.4
Info:                               LOCAL_PRIVATE_PATH 2026/digital ic/.tools/oss-cad-suite/libexec/../share/yosys/ice40/cells_map.v:6.21-6.22
Info:      logic  0.28  21.83 Source system.core.real_part_SB_DFFE_Q_27_D_SB_LUT4_O_I3_SB_CARRY_CI_CO_SB_CARRY_CI_CO_SB_LUT4_I3_O_SB_LUT4_O_1_I3_SB_CARRY_CI_CO_SB_LUT4_I3_O_SB_LUT4_O_1_I3_SB_CARRY_CI_CO_SB_CARRY_CI_CO_SB_LUT4_I3_O_SB_LUT4_O_1_I3_SB_CARRY_CO_CI_SB_CARRY_CO_CI_SB_LUT4_I3_LC.COUT
Info:    routing  0.00  21.83 Net system.core.real_part_SB_DFFE_Q_27_D_SB_LUT4_O_I3_SB_CARRY_CI_CO_SB_CARRY_CI_CO_SB_LUT4_I3_O_SB_LUT4_O_1_I3_SB_CARRY_CI_CO_SB_LUT4_I3_O_SB_LUT4_O_1_I3_SB_CARRY_CI_CO_SB_CARRY_CI_CO_SB_LUT4_I3_O_SB_LUT4_O_1_I3_SB_CARRY_CO_CI (2,2) -> (2,2)
Info:                          Sink system.core.real_part_SB_DFFE_Q_27_D_SB_LUT4_O_I3_SB_CARRY_CI_CO_SB_CARRY_CI_CO_SB_LUT4_I3_O_SB_LUT4_O_1_I3_SB_CARRY_CI_CO_SB_LUT4_I3_O_SB_LUT4_O_1_I3_SB_CARRY_CI_CO_SB_CARRY_CI_CO_SB_LUT4_I3_O_SB_LUT4_O_1_I3_SB_CARRY_CO_CI_SB_LUT4_I3_LC.CIN
Info:                          Defined in:
Info:                               rtl/core/known_spectral_core.sv:79.17-79.69
Info:                               LOCAL_PRIVATE_PATH 2026/digital ic/.tools/oss-cad-suite/libexec/../share/yosys/ice40/arith_map.v:62.5-70.4
Info:                               LOCAL_PRIVATE_PATH 2026/digital ic/.tools/oss-cad-suite/libexec/../share/yosys/ice40/cells_map.v:6.21-6.22
Info:      logic  0.28  22.11 Source system.core.real_part_SB_DFFE_Q_27_D_SB_LUT4_O_I3_SB_CARRY_CI_CO_SB_CARRY_CI_CO_SB_LUT4_I3_O_SB_LUT4_O_1_I3_SB_CARRY_CI_CO_SB_LUT4_I3_O_SB_LUT4_O_1_I3_SB_CARRY_CI_CO_SB_CARRY_CI_CO_SB_LUT4_I3_O_SB_LUT4_O_1_I3_SB_CARRY_CO_CI_SB_LUT4_I3_LC.COUT
Info:    routing  0.56  22.67 Net system.core.real_part_SB_DFFE_Q_27_D_SB_LUT4_O_I3_SB_CARRY_CI_CO_SB_CARRY_CI_CO_SB_LUT4_I3_O_SB_LUT4_O_1_I3_SB_CARRY_CI_CO_SB_LUT4_I3_O_SB_LUT4_O_1_I3_SB_CARRY_CI_CO_SB_CARRY_CI_CO_SB_LUT4_I3_O_SB_LUT4_O_1_I2[3] (2,2) -> (2,3)
Info:                          Sink system.core.real_part_SB_DFFE_Q_27_D_SB_LUT4_O_I3_SB_CARRY_CI_CO_SB_CARRY_CI_CO_SB_LUT4_I3_O_SB_LUT4_O_1_I3_SB_CARRY_CI_CO_SB_LUT4_I3_O_SB_LUT4_O_1_I3_SB_CARRY_CI_CO_SB_CARRY_CI_CO_SB_LUT4_I3_O_SB_LUT4_O_1_LC.CIN
Info:                          Defined in:
Info:                               rtl/core/known_spectral_core.sv:79.17-79.69
Info:                               LOCAL_PRIVATE_PATH 2026/digital ic/.tools/oss-cad-suite/libexec/../share/yosys/ice40/arith_map.v:62.5-70.4
Info:                               LOCAL_PRIVATE_PATH 2026/digital ic/.tools/oss-cad-suite/libexec/../share/yosys/ice40/abc9_model.v:4.9-4.11
Info:      logic  0.28  22.94 Source system.core.real_part_SB_DFFE_Q_27_D_SB_LUT4_O_I3_SB_CARRY_CI_CO_SB_CARRY_CI_CO_SB_LUT4_I3_O_SB_LUT4_O_1_I3_SB_CARRY_CI_CO_SB_LUT4_I3_O_SB_LUT4_O_1_I3_SB_CARRY_CI_CO_SB_CARRY_CI_CO_SB_LUT4_I3_O_SB_LUT4_O_1_LC.COUT
Info:    routing  0.00  22.94 Net system.core.real_part_SB_DFFE_Q_27_D_SB_LUT4_O_I3_SB_CARRY_CI_CO_SB_CARRY_CI_CO_SB_LUT4_I3_O_SB_LUT4_O_1_I3_SB_CARRY_CI_CO_SB_LUT4_I3_O_SB_LUT4_O_1_I3_SB_CARRY_CI_CO_SB_CARRY_CI_CO_SB_LUT4_I3_O_SB_LUT4_O_1_I3_SB_CARRY_CI_CO (2,3) -> (2,3)
Info:                          Sink system.core.real_part_SB_DFFE_Q_27_D_SB_LUT4_O_I3_SB_CARRY_CI_CO_SB_CARRY_CI_CO_SB_LUT4_I3_O_SB_LUT4_O_1_I3_SB_CARRY_CI_CO_SB_LUT4_I3_O_SB_LUT4_O_1_I3_SB_CARRY_CI_CO_SB_CARRY_CI_CO_SB_LUT4_I3_O_SB_LUT4_O_1_I3_SB_CARRY_CI_CO_SB_LUT4_I3_LC.CIN
Info:                          Defined in:
Info:                               rtl/core/known_spectral_core.sv:79.17-79.69
Info:                               LOCAL_PRIVATE_PATH 2026/digital ic/.tools/oss-cad-suite/libexec/../share/yosys/ice40/arith_map.v:62.5-70.4
Info:                               LOCAL_PRIVATE_PATH 2026/digital ic/.tools/oss-cad-suite/libexec/../share/yosys/ice40/cells_map.v:6.21-6.22
Info:      logic  0.28  23.22 Source system.core.real_part_SB_DFFE_Q_27_D_SB_LUT4_O_I3_SB_CARRY_CI_CO_SB_CARRY_CI_CO_SB_LUT4_I3_O_SB_LUT4_O_1_I3_SB_CARRY_CI_CO_SB_LUT4_I3_O_SB_LUT4_O_1_I3_SB_CARRY_CI_CO_SB_CARRY_CI_CO_SB_LUT4_I3_O_SB_LUT4_O_1_I3_SB_CARRY_CI_CO_SB_LUT4_I3_LC.COUT
Info:    routing  0.00  23.22 Net system.core.real_part_SB_DFFE_Q_27_D_SB_LUT4_O_I3_SB_CARRY_CI_CO_SB_CARRY_CI_CO_SB_LUT4_I3_O_SB_LUT4_O_1_I3_SB_CARRY_CI_CO_SB_LUT4_I3_O_SB_LUT4_O_1_I3_SB_CARRY_CI_CO_SB_CARRY_CI_CO_SB_LUT4_I3_O_SB_LUT4_O_1_I3_SB_CARRY_CI_CO_SB_CARRY_CI_CO (2,3) -> (2,3)
Info:                          Sink system.core.real_part_SB_DFFE_Q_27_D_SB_LUT4_O_I3_SB_CARRY_CO_CI_SB_CARRY_CO_CI_SB_CARRY_CO_CI_SB_CARRY_CO_CI_SB_CARRY_CO_CI_SB_CARRY_CO_CI_SB_CARRY_CO_CI_SB_CARRY_CO_CI_SB_CARRY_CO_CI_SB_CARRY_CO_CI_SB_CARRY_CO_CI_SB_CARRY_CO_I1_SB_LUT4_I2_LC.CIN
Info:                          Defined in:
Info:                               rtl/core/known_spectral_core.sv:79.17-79.69
Info:                               LOCAL_PRIVATE_PATH 2026/digital ic/.tools/oss-cad-suite/libexec/../share/yosys/ice40/arith_map.v:62.5-70.4
Info:                               LOCAL_PRIVATE_PATH 2026/digital ic/.tools/oss-cad-suite/libexec/../share/yosys/ice40/cells_map.v:6.21-6.22
Info:      logic  0.28  23.50 Source system.core.real_part_SB_DFFE_Q_27_D_SB_LUT4_O_I3_SB_CARRY_CO_CI_SB_CARRY_CO_CI_SB_CARRY_CO_CI_SB_CARRY_CO_CI_SB_CARRY_CO_CI_SB_CARRY_CO_CI_SB_CARRY_CO_CI_SB_CARRY_CO_CI_SB_CARRY_CO_CI_SB_CARRY_CO_CI_SB_CARRY_CO_CI_SB_CARRY_CO_I1_SB_LUT4_I2_LC.COUT
Info:    routing  0.00  23.50 Net system.core.real_part_SB_DFFE_Q_27_D_SB_LUT4_O_I3_SB_CARRY_CO_CI_SB_CARRY_CO_CI_SB_CARRY_CO_CI_SB_CARRY_CO_CI_SB_CARRY_CO_CI_SB_CARRY_CO_CI_SB_CARRY_CO_CI_SB_CARRY_CO_CI_SB_CARRY_CO_CI_SB_CARRY_CO_CI_SB_CARRY_CO_CI (2,3) -> (2,3)
Info:                          Sink system.core.real_part_SB_DFFE_Q_27_D_SB_LUT4_O_I3_SB_CARRY_CO_CI_SB_CARRY_CO_CI_SB_CARRY_CO_CI_SB_CARRY_CO_CI_SB_CARRY_CO_CI_SB_CARRY_CO_CI_SB_CARRY_CO_CI_SB_CARRY_CO_CI_SB_CARRY_CO_CI_SB_CARRY_CO_CI_SB_CARRY_CO_CI_SB_LUT4_I3_LC.CIN
Info:                          Defined in:
Info:                               rtl/core/known_spectral_core.sv:79.17-79.69
Info:                               LOCAL_PRIVATE_PATH 2026/digital ic/.tools/oss-cad-suite/libexec/../share/yosys/ice40/arith_map.v:62.5-70.4
Info:                               LOCAL_PRIVATE_PATH 2026/digital ic/.tools/oss-cad-suite/libexec/../share/yosys/ice40/cells_map.v:6.21-6.22
Info:      logic  0.28  23.78 Source system.core.real_part_SB_DFFE_Q_27_D_SB_LUT4_O_I3_SB_CARRY_CO_CI_SB_CARRY_CO_CI_SB_CARRY_CO_CI_SB_CARRY_CO_CI_SB_CARRY_CO_CI_SB_CARRY_CO_CI_SB_CARRY_CO_CI_SB_CARRY_CO_CI_SB_CARRY_CO_CI_SB_CARRY_CO_CI_SB_CARRY_CO_CI_SB_LUT4_I3_LC.COUT
Info:    routing  0.00  23.78 Net system.core.real_part_SB_DFFE_Q_27_D_SB_LUT4_O_I3_SB_CARRY_CO_CI_SB_CARRY_CO_CI_SB_CARRY_CO_CI_SB_CARRY_CO_CI_SB_CARRY_CO_CI_SB_CARRY_CO_CI_SB_CARRY_CO_CI_SB_CARRY_CO_CI_SB_CARRY_CO_CI_SB_CARRY_CO_CI (2,3) -> (2,3)
Info:                          Sink system.core.real_part_SB_DFFE_Q_27_D_SB_LUT4_O_I3_SB_CARRY_CO_CI_SB_CARRY_CO_CI_SB_CARRY_CO_CI_SB_CARRY_CO_CI_SB_CARRY_CO_CI_SB_CARRY_CO_CI_SB_CARRY_CO_CI_SB_CARRY_CO_CI_SB_CARRY_CO_CI_SB_CARRY_CO_CI_SB_LUT4_I3_LC.CIN
Info:                          Defined in:
Info:                               rtl/core/known_spectral_core.sv:79.17-79.69
Info:                               LOCAL_PRIVATE_PATH 2026/digital ic/.tools/oss-cad-suite/libexec/../share/yosys/ice40/arith_map.v:62.5-70.4
Info:                               LOCAL_PRIVATE_PATH 2026/digital ic/.tools/oss-cad-suite/libexec/../share/yosys/ice40/cells_map.v:6.21-6.22
Info:      logic  0.28  24.06 Source system.core.real_part_SB_DFFE_Q_27_D_SB_LUT4_O_I3_SB_CARRY_CO_CI_SB_CARRY_CO_CI_SB_CARRY_CO_CI_SB_CARRY_CO_CI_SB_CARRY_CO_CI_SB_CARRY_CO_CI_SB_CARRY_CO_CI_SB_CARRY_CO_CI_SB_CARRY_CO_CI_SB_CARRY_CO_CI_SB_LUT4_I3_LC.COUT
Info:    routing  0.00  24.06 Net system.core.real_part_SB_DFFE_Q_27_D_SB_LUT4_O_I3_SB_CARRY_CO_CI_SB_CARRY_CO_CI_SB_CARRY_CO_CI_SB_CARRY_CO_CI_SB_CARRY_CO_CI_SB_CARRY_CO_CI_SB_CARRY_CO_CI_SB_CARRY_CO_CI_SB_CARRY_CO_CI (2,3) -> (2,3)
Info:                          Sink system.core.real_part_SB_DFFE_Q_27_D_SB_LUT4_O_I3_SB_CARRY_CO_CI_SB_CARRY_CO_CI_SB_CARRY_CO_CI_SB_CARRY_CO_CI_SB_CARRY_CO_CI_SB_CARRY_CO_CI_SB_CARRY_CO_CI_SB_CARRY_CO_CI_SB_CARRY_CO_CI_SB_LUT4_I3_LC.CIN
Info:                          Defined in:
Info:                               rtl/core/known_spectral_core.sv:79.17-79.69
Info:                               LOCAL_PRIVATE_PATH 2026/digital ic/.tools/oss-cad-suite/libexec/../share/yosys/ice40/arith_map.v:62.5-70.4
Info:                               LOCAL_PRIVATE_PATH 2026/digital ic/.tools/oss-cad-suite/libexec/../share/yosys/ice40/cells_map.v:6.21-6.22
Info:      logic  0.28  24.33 Source system.core.real_part_SB_DFFE_Q_27_D_SB_LUT4_O_I3_SB_CARRY_CO_CI_SB_CARRY_CO_CI_SB_CARRY_CO_CI_SB_CARRY_CO_CI_SB_CARRY_CO_CI_SB_CARRY_CO_CI_SB_CARRY_CO_CI_SB_CARRY_CO_CI_SB_CARRY_CO_CI_SB_LUT4_I3_LC.COUT
Info:    routing  0.00  24.33 Net system.core.real_part_SB_DFFE_Q_27_D_SB_LUT4_O_I3_SB_CARRY_CO_CI_SB_CARRY_CO_CI_SB_CARRY_CO_CI_SB_CARRY_CO_CI_SB_CARRY_CO_CI_SB_CARRY_CO_CI_SB_CARRY_CO_CI_SB_CARRY_CO_CI (2,3) -> (2,3)
Info:                          Sink system.core.real_part_SB_DFFE_Q_27_D_SB_LUT4_O_I3_SB_CARRY_CO_CI_SB_CARRY_CO_CI_SB_CARRY_CO_CI_SB_CARRY_CO_CI_SB_CARRY_CO_CI_SB_CARRY_CO_CI_SB_CARRY_CO_CI_SB_CARRY_CO_CI_SB_LUT4_I3_LC.CIN
Info:                          Defined in:
Info:                               rtl/core/known_spectral_core.sv:79.17-79.69
Info:                               LOCAL_PRIVATE_PATH 2026/digital ic/.tools/oss-cad-suite/libexec/../share/yosys/ice40/arith_map.v:62.5-70.4
Info:                               LOCAL_PRIVATE_PATH 2026/digital ic/.tools/oss-cad-suite/libexec/../share/yosys/ice40/cells_map.v:6.21-6.22
Info:      logic  0.28  24.61 Source system.core.real_part_SB_DFFE_Q_27_D_SB_LUT4_O_I3_SB_CARRY_CO_CI_SB_CARRY_CO_CI_SB_CARRY_CO_CI_SB_CARRY_CO_CI_SB_CARRY_CO_CI_SB_CARRY_CO_CI_SB_CARRY_CO_CI_SB_CARRY_CO_CI_SB_LUT4_I3_LC.COUT
Info:    routing  0.00  24.61 Net system.core.real_part_SB_DFFE_Q_27_D_SB_LUT4_O_I3_SB_CARRY_CO_CI_SB_CARRY_CO_CI_SB_CARRY_CO_CI_SB_CARRY_CO_CI_SB_CARRY_CO_CI_SB_CARRY_CO_CI_SB_CARRY_CO_CI (2,3) -> (2,3)
Info:                          Sink system.core.real_part_SB_DFFE_Q_27_D_SB_LUT4_O_I3_SB_CARRY_CO_CI_SB_CARRY_CO_CI_SB_CARRY_CO_CI_SB_CARRY_CO_CI_SB_CARRY_CO_CI_SB_CARRY_CO_CI_SB_CARRY_CO_CI_SB_LUT4_I3_LC.CIN
Info:                          Defined in:
Info:                               rtl/core/known_spectral_core.sv:79.17-79.69
Info:                               LOCAL_PRIVATE_PATH 2026/digital ic/.tools/oss-cad-suite/libexec/../share/yosys/ice40/arith_map.v:62.5-70.4
Info:                               LOCAL_PRIVATE_PATH 2026/digital ic/.tools/oss-cad-suite/libexec/../share/yosys/ice40/cells_map.v:6.21-6.22
Info:      logic  0.28  24.89 Source system.core.real_part_SB_DFFE_Q_27_D_SB_LUT4_O_I3_SB_CARRY_CO_CI_SB_CARRY_CO_CI_SB_CARRY_CO_CI_SB_CARRY_CO_CI_SB_CARRY_CO_CI_SB_CARRY_CO_CI_SB_CARRY_CO_CI_SB_LUT4_I3_LC.COUT
Info:    routing  0.56  25.45 Net system.core.real_part_SB_DFFE_Q_27_D_SB_LUT4_O_I3_SB_CARRY_CO_CI_SB_CARRY_CO_CI_SB_CARRY_CO_CI_SB_CARRY_CO_CI_SB_CARRY_CO_CI_SB_CARRY_CO_CI (2,3) -> (2,4)
Info:                          Sink system.core.real_part_SB_DFFE_Q_27_D_SB_LUT4_O_I3_SB_CARRY_CO_CI_SB_CARRY_CO_CI_SB_CARRY_CO_CI_SB_CARRY_CO_CI_SB_CARRY_CO_CI_SB_CARRY_CO_CI_SB_LUT4_I3_LC.CIN
Info:                          Defined in:
Info:                               rtl/core/known_spectral_core.sv:79.17-79.69
Info:                               LOCAL_PRIVATE_PATH 2026/digital ic/.tools/oss-cad-suite/libexec/../share/yosys/ice40/arith_map.v:62.5-70.4
Info:                               LOCAL_PRIVATE_PATH 2026/digital ic/.tools/oss-cad-suite/libexec/../share/yosys/ice40/cells_map.v:6.21-6.22
Info:      logic  0.28  25.72 Source system.core.real_part_SB_DFFE_Q_27_D_SB_LUT4_O_I3_SB_CARRY_CO_CI_SB_CARRY_CO_CI_SB_CARRY_CO_CI_SB_CARRY_CO_CI_SB_CARRY_CO_CI_SB_CARRY_CO_CI_SB_LUT4_I3_LC.COUT
Info:    routing  0.00  25.72 Net system.core.real_part_SB_DFFE_Q_27_D_SB_LUT4_O_I3_SB_CARRY_CO_CI_SB_CARRY_CO_CI_SB_CARRY_CO_CI_SB_CARRY_CO_CI_SB_CARRY_CO_CI (2,4) -> (2,4)
Info:                          Sink system.core.real_part_SB_DFFE_Q_27_D_SB_LUT4_O_I3_SB_CARRY_CO_CI_SB_CARRY_CO_CI_SB_CARRY_CO_CI_SB_CARRY_CO_CI_SB_CARRY_CO_CI_SB_LUT4_I3_LC.CIN
Info:                          Defined in:
Info:                               rtl/core/known_spectral_core.sv:79.17-79.69
Info:                               LOCAL_PRIVATE_PATH 2026/digital ic/.tools/oss-cad-suite/libexec/../share/yosys/ice40/arith_map.v:62.5-70.4
Info:                               LOCAL_PRIVATE_PATH 2026/digital ic/.tools/oss-cad-suite/libexec/../share/yosys/ice40/cells_map.v:6.21-6.22
Info:      logic  0.28  26.00 Source system.core.real_part_SB_DFFE_Q_27_D_SB_LUT4_O_I3_SB_CARRY_CO_CI_SB_CARRY_CO_CI_SB_CARRY_CO_CI_SB_CARRY_CO_CI_SB_CARRY_CO_CI_SB_LUT4_I3_LC.COUT
Info:    routing  0.00  26.00 Net system.core.real_part_SB_DFFE_Q_27_D_SB_LUT4_O_I3_SB_CARRY_CO_CI_SB_CARRY_CO_CI_SB_CARRY_CO_CI_SB_CARRY_CO_CI (2,4) -> (2,4)
Info:                          Sink system.core.real_part_SB_DFFE_Q_27_D_SB_LUT4_O_I3_SB_CARRY_CO_CI_SB_CARRY_CO_CI_SB_CARRY_CO_CI_SB_CARRY_CO_CI_SB_LUT4_I3_LC.CIN
Info:                          Defined in:
Info:                               rtl/core/known_spectral_core.sv:79.17-79.69
Info:                               LOCAL_PRIVATE_PATH 2026/digital ic/.tools/oss-cad-suite/libexec/../share/yosys/ice40/arith_map.v:62.5-70.4
Info:                               LOCAL_PRIVATE_PATH 2026/digital ic/.tools/oss-cad-suite/libexec/../share/yosys/ice40/cells_map.v:6.21-6.22
Info:      logic  0.28  26.28 Source system.core.real_part_SB_DFFE_Q_27_D_SB_LUT4_O_I3_SB_CARRY_CO_CI_SB_CARRY_CO_CI_SB_CARRY_CO_CI_SB_CARRY_CO_CI_SB_LUT4_I3_LC.COUT
Info:    routing  0.00  26.28 Net system.core.real_part_SB_DFFE_Q_27_D_SB_LUT4_O_I3_SB_CARRY_CO_CI_SB_CARRY_CO_CI_SB_CARRY_CO_CI (2,4) -> (2,4)
Info:                          Sink system.core.real_part_SB_DFFE_Q_27_D_SB_LUT4_O_I3_SB_CARRY_CO_CI_SB_CARRY_CO_CI_SB_CARRY_CO_CI_SB_LUT4_I3_LC.CIN
Info:                          Defined in:
Info:                               rtl/core/known_spectral_core.sv:79.17-79.69
Info:                               LOCAL_PRIVATE_PATH 2026/digital ic/.tools/oss-cad-suite/libexec/../share/yosys/ice40/arith_map.v:62.5-70.4
Info:                               LOCAL_PRIVATE_PATH 2026/digital ic/.tools/oss-cad-suite/libexec/../share/yosys/ice40/cells_map.v:6.21-6.22
Info:      logic  0.28  26.56 Source system.core.real_part_SB_DFFE_Q_27_D_SB_LUT4_O_I3_SB_CARRY_CO_CI_SB_CARRY_CO_CI_SB_CARRY_CO_CI_SB_LUT4_I3_LC.COUT
Info:    routing  0.00  26.56 Net system.core.real_part_SB_DFFE_Q_27_D_SB_LUT4_O_I3_SB_CARRY_CO_CI_SB_CARRY_CO_CI (2,4) -> (2,4)
Info:                          Sink system.core.real_part_SB_DFFE_Q_27_D_SB_LUT4_O_I3_SB_CARRY_CO_CI_SB_CARRY_CO_CI_SB_LUT4_I3_LC.CIN
Info:                          Defined in:
Info:                               rtl/core/known_spectral_core.sv:79.17-79.69
Info:                               LOCAL_PRIVATE_PATH 2026/digital ic/.tools/oss-cad-suite/libexec/../share/yosys/ice40/arith_map.v:62.5-70.4
Info:                               LOCAL_PRIVATE_PATH 2026/digital ic/.tools/oss-cad-suite/libexec/../share/yosys/ice40/cells_map.v:6.21-6.22
Info:      logic  0.28  26.84 Source system.core.real_part_SB_DFFE_Q_27_D_SB_LUT4_O_I3_SB_CARRY_CO_CI_SB_CARRY_CO_CI_SB_LUT4_I3_LC.COUT
Info:    routing  0.00  26.84 Net system.core.real_part_SB_DFFE_Q_27_D_SB_LUT4_O_I3_SB_CARRY_CO_CI (2,4) -> (2,4)
Info:                          Sink system.core.real_part_SB_DFFE_Q_27_D_SB_LUT4_O_I3_SB_CARRY_CO_CI_SB_LUT4_I3_LC.CIN
Info:                          Defined in:
Info:                               rtl/core/known_spectral_core.sv:79.17-79.69
Info:                               LOCAL_PRIVATE_PATH 2026/digital ic/.tools/oss-cad-suite/libexec/../share/yosys/ice40/arith_map.v:62.5-70.4
Info:                               LOCAL_PRIVATE_PATH 2026/digital ic/.tools/oss-cad-suite/libexec/../share/yosys/ice40/cells_map.v:6.21-6.22
Info:      logic  0.28  27.11 Source system.core.real_part_SB_DFFE_Q_27_D_SB_LUT4_O_I3_SB_CARRY_CO_CI_SB_LUT4_I3_LC.COUT
Info:    routing  0.00  27.11 Net system.core.real_part_SB_DFFE_Q_27_D_SB_LUT4_O_I2[3] (2,4) -> (2,4)
Info:                          Sink system.core.real_part_SB_DFFE_Q_27_D_SB_LUT4_O_LC.CIN
Info:                          Defined in:
Info:                               rtl/core/known_spectral_core.sv:79.17-79.69
Info:                               LOCAL_PRIVATE_PATH 2026/digital ic/.tools/oss-cad-suite/libexec/../share/yosys/ice40/arith_map.v:62.5-70.4
Info:                               LOCAL_PRIVATE_PATH 2026/digital ic/.tools/oss-cad-suite/libexec/../share/yosys/ice40/abc9_model.v:4.9-4.11
Info:      logic  0.28  27.39 Source system.core.real_part_SB_DFFE_Q_27_D_SB_LUT4_O_LC.COUT
Info:    routing  0.00  27.39 Net system.core.real_part_SB_DFFE_Q_27_D_SB_LUT4_O_I3_SB_CARRY_CI_CO (2,4) -> (2,4)
Info:                          Sink system.core.real_part_SB_DFFE_Q_27_D_SB_LUT4_O_I3_SB_CARRY_CI_CO_SB_LUT4_I3_LC.CIN
Info:                          Defined in:
Info:                               rtl/core/known_spectral_core.sv:79.17-79.69
Info:                               LOCAL_PRIVATE_PATH 2026/digital ic/.tools/oss-cad-suite/libexec/../share/yosys/ice40/arith_map.v:62.5-70.4
Info:                               LOCAL_PRIVATE_PATH 2026/digital ic/.tools/oss-cad-suite/libexec/../share/yosys/ice40/cells_map.v:6.21-6.22
Info:      logic  0.28  27.67 Source system.core.real_part_SB_DFFE_Q_27_D_SB_LUT4_O_I3_SB_CARRY_CI_CO_SB_LUT4_I3_LC.COUT
Info:    routing  0.56  28.23 Net system.core.real_part_SB_DFFE_Q_27_D_SB_LUT4_O_I3_SB_CARRY_CI_CO_SB_CARRY_CI_CO (2,4) -> (2,5)
Info:                          Sink system.core.real_part_SB_DFFE_Q_27_D_SB_LUT4_O_I3_SB_CARRY_CI_CO_SB_CARRY_CI_CO_SB_LUT4_I3_LC.CIN
Info:                          Defined in:
Info:                               rtl/core/known_spectral_core.sv:79.17-79.69
Info:                               LOCAL_PRIVATE_PATH 2026/digital ic/.tools/oss-cad-suite/libexec/../share/yosys/ice40/arith_map.v:62.5-70.4
Info:                               LOCAL_PRIVATE_PATH 2026/digital ic/.tools/oss-cad-suite/libexec/../share/yosys/ice40/cells_map.v:6.21-6.22
Info:      logic  0.28  28.50 Source system.core.real_part_SB_DFFE_Q_27_D_SB_LUT4_O_I3_SB_CARRY_CI_CO_SB_CARRY_CI_CO_SB_LUT4_I3_LC.COUT
Info:    routing  0.00  28.50 Net system.core.real_part_SB_DFFE_Q_27_D_SB_LUT4_O_I3_SB_CARRY_CI_CO_SB_CARRY_CI_CO_SB_CARRY_CI_CO (2,5) -> (2,5)
Info:                          Sink system.core.real_part_SB_DFFE_Q_27_D_SB_LUT4_O_I3_SB_CARRY_CI_CO_SB_CARRY_CI_CO_SB_LUT4_I3_O_SB_LUT4_O_2_LC.CIN
Info:                          Defined in:
Info:                               rtl/core/known_spectral_core.sv:79.17-79.69
Info:                               LOCAL_PRIVATE_PATH 2026/digital ic/.tools/oss-cad-suite/libexec/../share/yosys/ice40/arith_map.v:62.5-70.4
Info:                               LOCAL_PRIVATE_PATH 2026/digital ic/.tools/oss-cad-suite/libexec/../share/yosys/ice40/cells_map.v:6.21-6.22
Info:      logic  0.28  28.78 Source system.core.real_part_SB_DFFE_Q_27_D_SB_LUT4_O_I3_SB_CARRY_CI_CO_SB_CARRY_CI_CO_SB_LUT4_I3_O_SB_LUT4_O_2_LC.COUT
Info:    routing  0.00  28.78 Net system.core.real_part_SB_DFFE_Q_27_D_SB_LUT4_O_I3_SB_CARRY_CI_CO_SB_CARRY_CI_CO_SB_LUT4_I3_O_SB_LUT4_O_I2[3] (2,5) -> (2,5)
Info:                          Sink system.core.real_part_SB_DFFE_Q_27_D_SB_LUT4_O_I3_SB_CARRY_CI_CO_SB_CARRY_CI_CO_SB_LUT4_I3_O_SB_LUT4_O_LC.CIN
Info:                          Defined in:
Info:                               rtl/core/known_spectral_core.sv:79.17-79.69
Info:                               LOCAL_PRIVATE_PATH 2026/digital ic/.tools/oss-cad-suite/libexec/../share/yosys/ice40/arith_map.v:62.5-70.4
Info:                               LOCAL_PRIVATE_PATH 2026/digital ic/.tools/oss-cad-suite/libexec/../share/yosys/ice40/abc9_model.v:4.9-4.11
Info:      logic  0.28  29.06 Source system.core.real_part_SB_DFFE_Q_27_D_SB_LUT4_O_I3_SB_CARRY_CI_CO_SB_CARRY_CI_CO_SB_LUT4_I3_O_SB_LUT4_O_LC.COUT
Info:    routing  0.00  29.06 Net system.core.real_part_SB_DFFE_Q_27_D_SB_LUT4_O_I3_SB_CARRY_CI_CO_SB_CARRY_CI_CO_SB_LUT4_I3_O_SB_LUT4_O_1_I2[3] (2,5) -> (2,5)
Info:                          Sink system.core.real_part_SB_DFFE_Q_27_D_SB_LUT4_O_I3_SB_CARRY_CI_CO_SB_CARRY_CI_CO_SB_LUT4_I3_O_SB_LUT4_O_1_LC.CIN
Info:                          Defined in:
Info:                               rtl/core/known_spectral_core.sv:79.17-79.69
Info:                               LOCAL_PRIVATE_PATH 2026/digital ic/.tools/oss-cad-suite/libexec/../share/yosys/ice40/arith_map.v:62.5-70.4
Info:                               LOCAL_PRIVATE_PATH 2026/digital ic/.tools/oss-cad-suite/libexec/../share/yosys/ice40/abc9_model.v:4.9-4.11
Info:      logic  0.28  29.34 Source system.core.real_part_SB_DFFE_Q_27_D_SB_LUT4_O_I3_SB_CARRY_CI_CO_SB_CARRY_CI_CO_SB_LUT4_I3_O_SB_LUT4_O_1_LC.COUT
Info:    routing  0.00  29.34 Net system.core.real_part_SB_DFFE_Q_27_D_SB_LUT4_O_I3_SB_CARRY_CI_CO_SB_CARRY_CI_CO_SB_LUT4_I3_O_SB_LUT4_O_1_I3_SB_CARRY_CI_CO (2,5) -> (2,5)
Info:                          Sink system.core.real_part_SB_DFFE_Q_27_D_SB_LUT4_O_I3_SB_CARRY_CI_CO_SB_CARRY_CI_CO_SB_LUT4_I3_O_SB_LUT4_O_1_I3_SB_CARRY_CI_CO_SB_LUT4_I3_LC.CIN
Info:                          Defined in:
Info:                               rtl/core/known_spectral_core.sv:79.17-79.69
Info:                               LOCAL_PRIVATE_PATH 2026/digital ic/.tools/oss-cad-suite/libexec/../share/yosys/ice40/arith_map.v:62.5-70.4
Info:                               LOCAL_PRIVATE_PATH 2026/digital ic/.tools/oss-cad-suite/libexec/../share/yosys/ice40/cells_map.v:6.21-6.22
Info:      logic  0.28  29.62 Source system.core.real_part_SB_DFFE_Q_27_D_SB_LUT4_O_I3_SB_CARRY_CI_CO_SB_CARRY_CI_CO_SB_LUT4_I3_O_SB_LUT4_O_1_I3_SB_CARRY_CI_CO_SB_LUT4_I3_LC.COUT
Info:    routing  0.00  29.62 Net system.core.real_part_SB_DFFE_Q_27_D_SB_LUT4_O_I3_SB_CARRY_CI_CO_SB_CARRY_CI_CO_SB_LUT4_I3_O_SB_LUT4_O_1_I3_SB_CARRY_CI_CO_SB_CARRY_CI_CO (2,5) -> (2,5)
Info:                          Sink system.core.real_part_SB_DFFE_Q_27_D_SB_LUT4_O_I3_SB_CARRY_CI_CO_SB_CARRY_CI_CO_SB_LUT4_I3_O_SB_LUT4_O_1_I3_SB_CARRY_CI_CO_SB_LUT4_I3_O_SB_LUT4_O_LC.CIN
Info:                          Defined in:
Info:                               rtl/core/known_spectral_core.sv:79.17-79.69
Info:                               LOCAL_PRIVATE_PATH 2026/digital ic/.tools/oss-cad-suite/libexec/../share/yosys/ice40/arith_map.v:62.5-70.4
Info:                               LOCAL_PRIVATE_PATH 2026/digital ic/.tools/oss-cad-suite/libexec/../share/yosys/ice40/cells_map.v:6.21-6.22
Info:      logic  0.28  29.89 Source system.core.real_part_SB_DFFE_Q_27_D_SB_LUT4_O_I3_SB_CARRY_CI_CO_SB_CARRY_CI_CO_SB_LUT4_I3_O_SB_LUT4_O_1_I3_SB_CARRY_CI_CO_SB_LUT4_I3_O_SB_LUT4_O_LC.COUT
Info:    routing  0.00  29.89 Net system.core.real_part_SB_DFFE_Q_27_D_SB_LUT4_O_I3_SB_CARRY_CI_CO_SB_CARRY_CI_CO_SB_LUT4_I3_O_SB_LUT4_O_1_I3_SB_CARRY_CI_CO_SB_LUT4_I3_O_SB_LUT4_O_1_I2[3] (2,5) -> (2,5)
Info:                          Sink system.core.real_part_SB_DFFE_Q_27_D_SB_LUT4_O_I3_SB_CARRY_CI_CO_SB_CARRY_CI_CO_SB_LUT4_I3_O_SB_LUT4_O_1_I3_SB_CARRY_CI_CO_SB_LUT4_I3_O_SB_LUT4_O_1_LC.CIN
Info:                          Defined in:
Info:                               rtl/core/known_spectral_core.sv:79.17-79.69
Info:                               LOCAL_PRIVATE_PATH 2026/digital ic/.tools/oss-cad-suite/libexec/../share/yosys/ice40/arith_map.v:62.5-70.4
Info:                               LOCAL_PRIVATE_PATH 2026/digital ic/.tools/oss-cad-suite/libexec/../share/yosys/ice40/abc9_model.v:4.9-4.11
Info:      logic  0.28  30.17 Source system.core.real_part_SB_DFFE_Q_27_D_SB_LUT4_O_I3_SB_CARRY_CI_CO_SB_CARRY_CI_CO_SB_LUT4_I3_O_SB_LUT4_O_1_I3_SB_CARRY_CI_CO_SB_LUT4_I3_O_SB_LUT4_O_1_LC.COUT
Info:    routing  0.00  30.17 Net system.core.real_part_SB_DFFE_Q_27_D_SB_LUT4_O_I3_SB_CARRY_CI_CO_SB_CARRY_CI_CO_SB_LUT4_I3_O_SB_LUT4_O_1_I3_SB_CARRY_CI_CO_SB_LUT4_I3_O_SB_LUT4_O_1_I3_SB_CARRY_CI_CO (2,5) -> (2,5)
Info:                          Sink system.core.real_part_SB_DFFE_Q_27_D_SB_LUT4_O_I3_SB_CARRY_CI_CO_SB_CARRY_CI_CO_SB_LUT4_I3_O_SB_LUT4_O_1_I3_SB_CARRY_CI_CO_SB_LUT4_I3_O_SB_LUT4_O_1_I3_SB_CARRY_CI_CO_SB_LUT4_I3_LC.CIN
Info:                          Defined in:
Info:                               rtl/core/known_spectral_core.sv:79.17-79.69
Info:                               LOCAL_PRIVATE_PATH 2026/digital ic/.tools/oss-cad-suite/libexec/../share/yosys/ice40/arith_map.v:62.5-70.4
Info:                               LOCAL_PRIVATE_PATH 2026/digital ic/.tools/oss-cad-suite/libexec/../share/yosys/ice40/cells_map.v:6.21-6.22
Info:      logic  0.28  30.45 Source system.core.real_part_SB_DFFE_Q_27_D_SB_LUT4_O_I3_SB_CARRY_CI_CO_SB_CARRY_CI_CO_SB_LUT4_I3_O_SB_LUT4_O_1_I3_SB_CARRY_CI_CO_SB_LUT4_I3_O_SB_LUT4_O_1_I3_SB_CARRY_CI_CO_SB_LUT4_I3_LC.COUT
Info:    routing  1.22  31.67 Net $nextpnr_ICESTORM_LC_74$I3 (2,5) -> (2,6)
Info:                          Sink $nextpnr_ICESTORM_LC_74.I3
Info:      logic  0.87  32.54 Source $nextpnr_ICESTORM_LC_74.O
Info:    routing  2.95  35.49 Net system.core.real_part_SB_DFFE_Q_27_D_SB_LUT4_O_I3_SB_CARRY_CI_CO_SB_CARRY_CI_CO_SB_LUT4_I3_O_SB_LUT4_O_1_I3_SB_CARRY_CI_CO_SB_LUT4_I3_O_SB_LUT4_O_1_I3_SB_CARRY_CI_CO_SB_CARRY_CI_CO (2,6) -> (2,9)
Info:                          Sink system.core.real_part_SB_DFFE_Q_27_D_SB_LUT4_O_I3_SB_CARRY_CI_CO_SB_CARRY_CI_CO_SB_LUT4_I3_O_SB_LUT4_O_1_I3_SB_CARRY_CI_CO_SB_LUT4_I3_O_SB_LUT4_O_1_I3_SB_CARRY_CI_CO_SB_LUT4_I3_O_SB_CARRY_I0_CO_SB_CARRY_CI$CARRY.I3
Info:                          Defined in:
Info:                               rtl/core/known_spectral_core.sv:79.17-79.69
Info:                               LOCAL_PRIVATE_PATH 2026/digital ic/.tools/oss-cad-suite/libexec/../share/yosys/ice40/arith_map.v:62.5-70.4
Info:                               LOCAL_PRIVATE_PATH 2026/digital ic/.tools/oss-cad-suite/libexec/../share/yosys/ice40/abc9_model.v:4.9-4.11
Info:      logic  0.87  36.37 Source system.core.real_part_SB_DFFE_Q_27_D_SB_LUT4_O_I3_SB_CARRY_CI_CO_SB_CARRY_CI_CO_SB_LUT4_I3_O_SB_LUT4_O_1_I3_SB_CARRY_CI_CO_SB_LUT4_I3_O_SB_LUT4_O_1_I3_SB_CARRY_CI_CO_SB_LUT4_I3_O_SB_CARRY_I0_CO_SB_CARRY_CI$CARRY.O
Info:    routing  2.41  38.78 Net system.core.real_part_SB_DFFE_Q_27_D_SB_LUT4_O_I3_SB_CARRY_CI_CO_SB_CARRY_CI_CO_SB_LUT4_I3_O_SB_LUT4_O_1_I3_SB_CARRY_CI_CO_SB_LUT4_I3_O_SB_LUT4_O_1_I3_SB_CARRY_CI_CO_SB_CARRY_CI_CO_SB_LUT4_I3_O[1] (2,9) -> (1,6)
Info:                          Sink system.core.real_part_SB_DFFE_Q_27_D_SB_LUT4_O_I3_SB_CARRY_CI_CO_SB_CARRY_CI_CO_SB_LUT4_I3_O_SB_LUT4_O_1_I3_SB_CARRY_CI_CO_SB_LUT4_I3_O_SB_LUT4_O_1_I3_SB_CARRY_CI_CO_SB_LUT4_I3_O_SB_CARRY_I0_CO_SB_CARRY_CI_CO_SB_CARRY_CI_CO_SB_CARRY_CI_CO_SB_CARRY_CI_CO_SB_CARRY_CI_CO_SB_CARRY_CI_CO_SB_CARRY_CI_CO_SB_CARRY_CI_CO_SB_CARRY_CI_CO_SB_CARRY_CI_CO_SB_CARRY_CI_CO_SB_CARRY_CI_CO_SB_CARRY_CI_CO_SB_CARRY_CI_CO_SB_CARRY_CI_CO_SB_CARRY_CI_CO_SB_CARRY_CI_CO_SB_CARRY_CI_CO_SB_CARRY_CI_CO_SB_CARRY_CI_CO_SB_CARRY_CI_CO_SB_CARRY_CI_CO_SB_CARRY_CI_CO_SB_LUT4_I3_O_SB_LUT4_O_I3_SB_CARRY_CO_CI_SB_CARRY_CO_CI_SB_CARRY_CO_CI_SB_CARRY_CO_CI_SB_CARRY_CO_CI_SB_CARRY_CO_CI_SB_CARRY_CO_CI_SB_CARRY_CO_CI_SB_CARRY_CO_CI_SB_CARRY_CO_CI_SB_CARRY_CO_CI_SB_CARRY_CO_CI_SB_CARRY_CO_CI_SB_CARRY_CO_CI_SB_CARRY_CO_CI_SB_CARRY_CO_CI_SB_CARRY_CO_CI_SB_CARRY_CO_CI_SB_CARRY_CO_CI_SB_CARRY_CO_CI_SB_CARRY_CO_CI_SB_CARRY_CO_CI_SB_CARRY_CO$CARRY.I1
Info:                          Defined in:
Info:                               rtl/core/known_spectral_core.sv:210.24-210.57
Info:                               LOCAL_PRIVATE_PATH 2026/digital ic/.tools/oss-cad-suite/libexec/../share/yosys/ice40/arith_map.v:62.5-70.4
Info:                               LOCAL_PRIVATE_PATH 2026/digital ic/.tools/oss-cad-suite/libexec/../share/yosys/ice40/cells_map.v:6.21-6.22
Info:      logic  0.68  39.45 Source system.core.real_part_SB_DFFE_Q_27_D_SB_LUT4_O_I3_SB_CARRY_CI_CO_SB_CARRY_CI_CO_SB_LUT4_I3_O_SB_LUT4_O_1_I3_SB_CARRY_CI_CO_SB_LUT4_I3_O_SB_LUT4_O_1_I3_SB_CARRY_CI_CO_SB_LUT4_I3_O_SB_CARRY_I0_CO_SB_CARRY_CI_CO_SB_CARRY_CI_CO_SB_CARRY_CI_CO_SB_CARRY_CI_CO_SB_CARRY_CI_CO_SB_CARRY_CI_CO_SB_CARRY_CI_CO_SB_CARRY_CI_CO_SB_CARRY_CI_CO_SB_CARRY_CI_CO_SB_CARRY_CI_CO_SB_CARRY_CI_CO_SB_CARRY_CI_CO_SB_CARRY_CI_CO_SB_CARRY_CI_CO_SB_CARRY_CI_CO_SB_CARRY_CI_CO_SB_CARRY_CI_CO_SB_CARRY_CI_CO_SB_CARRY_CI_CO_SB_CARRY_CI_CO_SB_CARRY_CI_CO_SB_CARRY_CI_CO_SB_LUT4_I3_O_SB_LUT4_O_I3_SB_CARRY_CO_CI_SB_CARRY_CO_CI_SB_CARRY_CO_CI_SB_CARRY_CO_CI_SB_CARRY_CO_CI_SB_CARRY_CO_CI_SB_CARRY_CO_CI_SB_CARRY_CO_CI_SB_CARRY_CO_CI_SB_CARRY_CO_CI_SB_CARRY_CO_CI_SB_CARRY_CO_CI_SB_CARRY_CO_CI_SB_CARRY_CO_CI_SB_CARRY_CO_CI_SB_CARRY_CO_CI_SB_CARRY_CO_CI_SB_CARRY_CO_CI_SB_CARRY_CO_CI_SB_CARRY_CO_CI_SB_CARRY_CO_CI_SB_CARRY_CO_CI_SB_CARRY_CO$CARRY.COUT
Info:    routing  0.00  39.45 Net system.core.real_part_SB_DFFE_Q_27_D_SB_LUT4_O_I3_SB_CARRY_CI_CO_SB_CARRY_CI_CO_SB_LUT4_I3_O_SB_LUT4_O_1_I3_SB_CARRY_CI_CO_SB_LUT4_I3_O_SB_LUT4_O_1_I3_SB_CARRY_CI_CO_SB_LUT4_I3_O_SB_CARRY_I0_CO_SB_CARRY_CI_CO_SB_CARRY_CI_CO_SB_CARRY_CI_CO_SB_CARRY_CI_CO_SB_CARRY_CI_CO_SB_CARRY_CI_CO_SB_CARRY_CI_CO_SB_CARRY_CI_CO_SB_CARRY_CI_CO_SB_CARRY_CI_CO_SB_CARRY_CI_CO_SB_CARRY_CI_CO_SB_CARRY_CI_CO_SB_CARRY_CI_CO_SB_CARRY_CI_CO_SB_CARRY_CI_CO_SB_CARRY_CI_CO_SB_CARRY_CI_CO_SB_CARRY_CI_CO_SB_CARRY_CI_CO_SB_CARRY_CI_CO_SB_CARRY_CI_CO_SB_CARRY_CI_CO_SB_LUT4_I3_O_SB_LUT4_O_I3_SB_CARRY_CO_CI_SB_CARRY_CO_CI_SB_CARRY_CO_CI_SB_CARRY_CO_CI_SB_CARRY_CO_CI_SB_CARRY_CO_CI_SB_CARRY_CO_CI_SB_CARRY_CO_CI_SB_CARRY_CO_CI_SB_CARRY_CO_CI_SB_CARRY_CO_CI_SB_CARRY_CO_CI_SB_CARRY_CO_CI_SB_CARRY_CO_CI_SB_CARRY_CO_CI_SB_CARRY_CO_CI_SB_CARRY_CO_CI_SB_CARRY_CO_CI_SB_CARRY_CO_CI_SB_CARRY_CO_CI_SB_CARRY_CO_CI_SB_CARRY_CO_CI (1,6) -> (1,6)
Info:                          Sink system.core.real_part_SB_DFFE_Q_27_D_SB_LUT4_O_I3_SB_CARRY_CI_CO_SB_CARRY_CI_CO_SB_LUT4_I3_O_SB_LUT4_O_1_I3_SB_CARRY_CI_CO_SB_LUT4_I3_O_SB_LUT4_O_1_I3_SB_CARRY_CI_CO_SB_LUT4_I3_O_SB_CARRY_I0_CO_SB_CARRY_CI_CO_SB_CARRY_CI_CO_SB_CARRY_CI_CO_SB_CARRY_CI_CO_SB_CARRY_CI_CO_SB_CARRY_CI_CO_SB_CARRY_CI_CO_SB_CARRY_CI_CO_SB_CARRY_CI_CO_SB_CARRY_CI_CO_SB_CARRY_CI_CO_SB_CARRY_CI_CO_SB_CARRY_CI_CO_SB_CARRY_CI_CO_SB_CARRY_CI_CO_SB_CARRY_CI_CO_SB_CARRY_CI_CO_SB_CARRY_CI_CO_SB_CARRY_CI_CO_SB_CARRY_CI_CO_SB_CARRY_CI_CO_SB_CARRY_CI_CO_SB_CARRY_CI_CO_SB_LUT4_I3_O_SB_LUT4_O_I3_SB_CARRY_CO_CI_SB_CARRY_CO_CI_SB_CARRY_CO_CI_SB_CARRY_CO_CI_SB_CARRY_CO_CI_SB_CARRY_CO_CI_SB_CARRY_CO_CI_SB_CARRY_CO_CI_SB_CARRY_CO_CI_SB_CARRY_CO_CI_SB_CARRY_CO_CI_SB_CARRY_CO_CI_SB_CARRY_CO_CI_SB_CARRY_CO_CI_SB_CARRY_CO_CI_SB_CARRY_CO_CI_SB_CARRY_CO_CI_SB_CARRY_CO_CI_SB_CARRY_CO_CI_SB_CARRY_CO_CI_SB_CARRY_CO_CI_SB_CARRY_CO$CARRY.CIN
Info:                          Defined in:
Info:                               rtl/core/known_spectral_core.sv:210.24-210.57
Info:                               LOCAL_PRIVATE_PATH 2026/digital ic/.tools/oss-cad-suite/libexec/../share/yosys/ice40/arith_map.v:62.5-70.4
Info:                               LOCAL_PRIVATE_PATH 2026/digital ic/.tools/oss-cad-suite/libexec/../share/yosys/ice40/abc9_model.v:4.9-4.11
Info:      logic  0.28  39.73 Source system.core.real_part_SB_DFFE_Q_27_D_SB_LUT4_O_I3_SB_CARRY_CI_CO_SB_CARRY_CI_CO_SB_LUT4_I3_O_SB_LUT4_O_1_I3_SB_CARRY_CI_CO_SB_LUT4_I3_O_SB_LUT4_O_1_I3_SB_CARRY_CI_CO_SB_LUT4_I3_O_SB_CARRY_I0_CO_SB_CARRY_CI_CO_SB_CARRY_CI_CO_SB_CARRY_CI_CO_SB_CARRY_CI_CO_SB_CARRY_CI_CO_SB_CARRY_CI_CO_SB_CARRY_CI_CO_SB_CARRY_CI_CO_SB_CARRY_CI_CO_SB_CARRY_CI_CO_SB_CARRY_CI_CO_SB_CARRY_CI_CO_SB_CARRY_CI_CO_SB_CARRY_CI_CO_SB_CARRY_CI_CO_SB_CARRY_CI_CO_SB_CARRY_CI_CO_SB_CARRY_CI_CO_SB_CARRY_CI_CO_SB_CARRY_CI_CO_SB_CARRY_CI_CO_SB_CARRY_CI_CO_SB_CARRY_CI_CO_SB_LUT4_I3_O_SB_LUT4_O_I3_SB_CARRY_CO_CI_SB_CARRY_CO_CI_SB_CARRY_CO_CI_SB_CARRY_CO_CI_SB_CARRY_CO_CI_SB_CARRY_CO_CI_SB_CARRY_CO_CI_SB_CARRY_CO_CI_SB_CARRY_CO_CI_SB_CARRY_CO_CI_SB_CARRY_CO_CI_SB_CARRY_CO_CI_SB_CARRY_CO_CI_SB_CARRY_CO_CI_SB_CARRY_CO_CI_SB_CARRY_CO_CI_SB_CARRY_CO_CI_SB_CARRY_CO_CI_SB_CARRY_CO_CI_SB_CARRY_CO_CI_SB_CARRY_CO_CI_SB_CARRY_CO$CARRY.COUT
Info:    routing  0.00  39.73 Net system.core.real_part_SB_DFFE_Q_27_D_SB_LUT4_O_I3_SB_CARRY_CI_CO_SB_CARRY_CI_CO_SB_LUT4_I3_O_SB_LUT4_O_1_I3_SB_CARRY_CI_CO_SB_LUT4_I3_O_SB_LUT4_O_1_I3_SB_CARRY_CI_CO_SB_LUT4_I3_O_SB_CARRY_I0_CO_SB_CARRY_CI_CO_SB_CARRY_CI_CO_SB_CARRY_CI_CO_SB_CARRY_CI_CO_SB_CARRY_CI_CO_SB_CARRY_CI_CO_SB_CARRY_CI_CO_SB_CARRY_CI_CO_SB_CARRY_CI_CO_SB_CARRY_CI_CO_SB_CARRY_CI_CO_SB_CARRY_CI_CO_SB_CARRY_CI_CO_SB_CARRY_CI_CO_SB_CARRY_CI_CO_SB_CARRY_CI_CO_SB_CARRY_CI_CO_SB_CARRY_CI_CO_SB_CARRY_CI_CO_SB_CARRY_CI_CO_SB_CARRY_CI_CO_SB_CARRY_CI_CO_SB_CARRY_CI_CO_SB_LUT4_I3_O_SB_LUT4_O_I3_SB_CARRY_CO_CI_SB_CARRY_CO_CI_SB_CARRY_CO_CI_SB_CARRY_CO_CI_SB_CARRY_CO_CI_SB_CARRY_CO_CI_SB_CARRY_CO_CI_SB_CARRY_CO_CI_SB_CARRY_CO_CI_SB_CARRY_CO_CI_SB_CARRY_CO_CI_SB_CARRY_CO_CI_SB_CARRY_CO_CI_SB_CARRY_CO_CI_SB_CARRY_CO_CI_SB_CARRY_CO_CI_SB_CARRY_CO_CI_SB_CARRY_CO_CI_SB_CARRY_CO_CI_SB_CARRY_CO_CI_SB_CARRY_CO_CI (1,6) -> (1,6)
Info:                          Sink system.core.real_part_SB_DFFE_Q_27_D_SB_LUT4_O_I3_SB_CARRY_CI_CO_SB_CARRY_CI_CO_SB_LUT4_I3_O_SB_LUT4_O_1_I3_SB_CARRY_CI_CO_SB_LUT4_I3_O_SB_LUT4_O_1_I3_SB_CARRY_CI_CO_SB_LUT4_I3_O_SB_CARRY_I0_CO_SB_CARRY_CI_CO_SB_CARRY_CI_CO_SB_CARRY_CI_CO_SB_CARRY_CI_CO_SB_CARRY_CI_CO_SB_CARRY_CI_CO_SB_CARRY_CI_CO_SB_CARRY_CI_CO_SB_CARRY_CI_CO_SB_CARRY_CI_CO_SB_CARRY_CI_CO_SB_CARRY_CI_CO_SB_CARRY_CI_CO_SB_CARRY_CI_CO_SB_CARRY_CI_CO_SB_CARRY_CI_CO_SB_CARRY_CI_CO_SB_CARRY_CI_CO_SB_CARRY_CI_CO_SB_CARRY_CI_CO_SB_CARRY_CI_CO_SB_CARRY_CI_CO_SB_CARRY_CI_CO_SB_LUT4_I3_O_SB_LUT4_O_I3_SB_CARRY_CO_CI_SB_CARRY_CO_CI_SB_CARRY_CO_CI_SB_CARRY_CO_CI_SB_CARRY_CO_CI_SB_CARRY_CO_CI_SB_CARRY_CO_CI_SB_CARRY_CO_CI_SB_CARRY_CO_CI_SB_CARRY_CO_CI_SB_CARRY_CO_CI_SB_CARRY_CO_CI_SB_CARRY_CO_CI_SB_CARRY_CO_CI_SB_CARRY_CO_CI_SB_CARRY_CO_CI_SB_CARRY_CO_CI_SB_CARRY_CO_CI_SB_CARRY_CO_CI_SB_CARRY_CO_CI_SB_CARRY_CO$CARRY.CIN
Info:                          Defined in:
Info:                               rtl/core/known_spectral_core.sv:210.24-210.57
Info:                               LOCAL_PRIVATE_PATH 2026/digital ic/.tools/oss-cad-suite/libexec/../share/yosys/ice40/arith_map.v:62.5-70.4
Info:                               LOCAL_PRIVATE_PATH 2026/digital ic/.tools/oss-cad-suite/libexec/../share/yosys/ice40/abc9_model.v:4.9-4.11
Info:      logic  0.28  40.01 Source system.core.real_part_SB_DFFE_Q_27_D_SB_LUT4_O_I3_SB_CARRY_CI_CO_SB_CARRY_CI_CO_SB_LUT4_I3_O_SB_LUT4_O_1_I3_SB_CARRY_CI_CO_SB_LUT4_I3_O_SB_LUT4_O_1_I3_SB_CARRY_CI_CO_SB_LUT4_I3_O_SB_CARRY_I0_CO_SB_CARRY_CI_CO_SB_CARRY_CI_CO_SB_CARRY_CI_CO_SB_CARRY_CI_CO_SB_CARRY_CI_CO_SB_CARRY_CI_CO_SB_CARRY_CI_CO_SB_CARRY_CI_CO_SB_CARRY_CI_CO_SB_CARRY_CI_CO_SB_CARRY_CI_CO_SB_CARRY_CI_CO_SB_CARRY_CI_CO_SB_CARRY_CI_CO_SB_CARRY_CI_CO_SB_CARRY_CI_CO_SB_CARRY_CI_CO_SB_CARRY_CI_CO_SB_CARRY_CI_CO_SB_CARRY_CI_CO_SB_CARRY_CI_CO_SB_CARRY_CI_CO_SB_CARRY_CI_CO_SB_LUT4_I3_O_SB_LUT4_O_I3_SB_CARRY_CO_CI_SB_CARRY_CO_CI_SB_CARRY_CO_CI_SB_CARRY_CO_CI_SB_CARRY_CO_CI_SB_CARRY_CO_CI_SB_CARRY_CO_CI_SB_CARRY_CO_CI_SB_CARRY_CO_CI_SB_CARRY_CO_CI_SB_CARRY_CO_CI_SB_CARRY_CO_CI_SB_CARRY_CO_CI_SB_CARRY_CO_CI_SB_CARRY_CO_CI_SB_CARRY_CO_CI_SB_CARRY_CO_CI_SB_CARRY_CO_CI_SB_CARRY_CO_CI_SB_CARRY_CO_CI_SB_CARRY_CO$CARRY.COUT
Info:    routing  0.00  40.01 Net system.core.real_part_SB_DFFE_Q_27_D_SB_LUT4_O_I3_SB_CARRY_CI_CO_SB_CARRY_CI_CO_SB_LUT4_I3_O_SB_LUT4_O_1_I3_SB_CARRY_CI_CO_SB_LUT4_I3_O_SB_LUT4_O_1_I3_SB_CARRY_CI_CO_SB_LUT4_I3_O_SB_CARRY_I0_CO_SB_CARRY_CI_CO_SB_CARRY_CI_CO_SB_CARRY_CI_CO_SB_CARRY_CI_CO_SB_CARRY_CI_CO_SB_CARRY_CI_CO_SB_CARRY_CI_CO_SB_CARRY_CI_CO_SB_CARRY_CI_CO_SB_CARRY_CI_CO_SB_CARRY_CI_CO_SB_CARRY_CI_CO_SB_CARRY_CI_CO_SB_CARRY_CI_CO_SB_CARRY_CI_CO_SB_CARRY_CI_CO_SB_CARRY_CI_CO_SB_CARRY_CI_CO_SB_CARRY_CI_CO_SB_CARRY_CI_CO_SB_CARRY_CI_CO_SB_CARRY_CI_CO_SB_CARRY_CI_CO_SB_LUT4_I3_O_SB_LUT4_O_I3_SB_CARRY_CO_CI_SB_CARRY_CO_CI_SB_CARRY_CO_CI_SB_CARRY_CO_CI_SB_CARRY_CO_CI_SB_CARRY_CO_CI_SB_CARRY_CO_CI_SB_CARRY_CO_CI_SB_CARRY_CO_CI_SB_CARRY_CO_CI_SB_CARRY_CO_CI_SB_CARRY_CO_CI_SB_CARRY_CO_CI_SB_CARRY_CO_CI_SB_CARRY_CO_CI_SB_CARRY_CO_CI_SB_CARRY_CO_CI_SB_CARRY_CO_CI_SB_CARRY_CO_CI_SB_CARRY_CO_CI (1,6) -> (1,6)
Info:                          Sink system.core.real_part_SB_DFFE_Q_27_D_SB_LUT4_O_I3_SB_CARRY_CI_CO_SB_CARRY_CI_CO_SB_LUT4_I3_O_SB_LUT4_O_1_I3_SB_CARRY_CI_CO_SB_LUT4_I3_O_SB_LUT4_O_1_I3_SB_CARRY_CI_CO_SB_LUT4_I3_O_SB_CARRY_I0_CO_SB_CARRY_CI_CO_SB_CARRY_CI_CO_SB_CARRY_CI_CO_SB_CARRY_CI_CO_SB_CARRY_CI_CO_SB_CARRY_CI_CO_SB_CARRY_CI_CO_SB_CARRY_CI_CO_SB_CARRY_CI_CO_SB_CARRY_CI_CO_SB_CARRY_CI_CO_SB_CARRY_CI_CO_SB_CARRY_CI_CO_SB_CARRY_CI_CO_SB_CARRY_CI_CO_SB_CARRY_CI_CO_SB_CARRY_CI_CO_SB_CARRY_CI_CO_SB_CARRY_CI_CO_SB_CARRY_CI_CO_SB_CARRY_CI_CO_SB_CARRY_CI_CO_SB_CARRY_CI_CO_SB_LUT4_I3_O_SB_LUT4_O_I3_SB_CARRY_CO_CI_SB_CARRY_CO_CI_SB_CARRY_CO_CI_SB_CARRY_CO_CI_SB_CARRY_CO_CI_SB_CARRY_CO_CI_SB_CARRY_CO_CI_SB_CARRY_CO_CI_SB_CARRY_CO_CI_SB_CARRY_CO_CI_SB_CARRY_CO_CI_SB_CARRY_CO_CI_SB_CARRY_CO_CI_SB_CARRY_CO_CI_SB_CARRY_CO_CI_SB_CARRY_CO_CI_SB_CARRY_CO_CI_SB_CARRY_CO_CI_SB_CARRY_CO_CI_SB_CARRY_CO$CARRY.CIN
Info:                          Defined in:
Info:                               rtl/core/known_spectral_core.sv:210.24-210.57
Info:                               LOCAL_PRIVATE_PATH 2026/digital ic/.tools/oss-cad-suite/libexec/../share/yosys/ice40/arith_map.v:62.5-70.4
Info:                               LOCAL_PRIVATE_PATH 2026/digital ic/.tools/oss-cad-suite/libexec/../share/yosys/ice40/abc9_model.v:4.9-4.11
Info:      logic  0.28  40.29 Source system.core.real_part_SB_DFFE_Q_27_D_SB_LUT4_O_I3_SB_CARRY_CI_CO_SB_CARRY_CI_CO_SB_LUT4_I3_O_SB_LUT4_O_1_I3_SB_CARRY_CI_CO_SB_LUT4_I3_O_SB_LUT4_O_1_I3_SB_CARRY_CI_CO_SB_LUT4_I3_O_SB_CARRY_I0_CO_SB_CARRY_CI_CO_SB_CARRY_CI_CO_SB_CARRY_CI_CO_SB_CARRY_CI_CO_SB_CARRY_CI_CO_SB_CARRY_CI_CO_SB_CARRY_CI_CO_SB_CARRY_CI_CO_SB_CARRY_CI_CO_SB_CARRY_CI_CO_SB_CARRY_CI_CO_SB_CARRY_CI_CO_SB_CARRY_CI_CO_SB_CARRY_CI_CO_SB_CARRY_CI_CO_SB_CARRY_CI_CO_SB_CARRY_CI_CO_SB_CARRY_CI_CO_SB_CARRY_CI_CO_SB_CARRY_CI_CO_SB_CARRY_CI_CO_SB_CARRY_CI_CO_SB_CARRY_CI_CO_SB_LUT4_I3_O_SB_LUT4_O_I3_SB_CARRY_CO_CI_SB_CARRY_CO_CI_SB_CARRY_CO_CI_SB_CARRY_CO_CI_SB_CARRY_CO_CI_SB_CARRY_CO_CI_SB_CARRY_CO_CI_SB_CARRY_CO_CI_SB_CARRY_CO_CI_SB_CARRY_CO_CI_SB_CARRY_CO_CI_SB_CARRY_CO_CI_SB_CARRY_CO_CI_SB_CARRY_CO_CI_SB_CARRY_CO_CI_SB_CARRY_CO_CI_SB_CARRY_CO_CI_SB_CARRY_CO_CI_SB_CARRY_CO_CI_SB_CARRY_CO$CARRY.COUT
Info:    routing  0.00  40.29 Net system.core.real_part_SB_DFFE_Q_27_D_SB_LUT4_O_I3_SB_CARRY_CI_CO_SB_CARRY_CI_CO_SB_LUT4_I3_O_SB_LUT4_O_1_I3_SB_CARRY_CI_CO_SB_LUT4_I3_O_SB_LUT4_O_1_I3_SB_CARRY_CI_CO_SB_LUT4_I3_O_SB_CARRY_I0_CO_SB_CARRY_CI_CO_SB_CARRY_CI_CO_SB_CARRY_CI_CO_SB_CARRY_CI_CO_SB_CARRY_CI_CO_SB_CARRY_CI_CO_SB_CARRY_CI_CO_SB_CARRY_CI_CO_SB_CARRY_CI_CO_SB_CARRY_CI_CO_SB_CARRY_CI_CO_SB_CARRY_CI_CO_SB_CARRY_CI_CO_SB_CARRY_CI_CO_SB_CARRY_CI_CO_SB_CARRY_CI_CO_SB_CARRY_CI_CO_SB_CARRY_CI_CO_SB_CARRY_CI_CO_SB_CARRY_CI_CO_SB_CARRY_CI_CO_SB_CARRY_CI_CO_SB_CARRY_CI_CO_SB_LUT4_I3_O_SB_LUT4_O_I3_SB_CARRY_CO_CI_SB_CARRY_CO_CI_SB_CARRY_CO_CI_SB_CARRY_CO_CI_SB_CARRY_CO_CI_SB_CARRY_CO_CI_SB_CARRY_CO_CI_SB_CARRY_CO_CI_SB_CARRY_CO_CI_SB_CARRY_CO_CI_SB_CARRY_CO_CI_SB_CARRY_CO_CI_SB_CARRY_CO_CI_SB_CARRY_CO_CI_SB_CARRY_CO_CI_SB_CARRY_CO_CI_SB_CARRY_CO_CI_SB_CARRY_CO_CI_SB_CARRY_CO_CI (1,6) -> (1,6)
Info:                          Sink system.core.real_part_SB_DFFE_Q_27_D_SB_LUT4_O_I3_SB_CARRY_CI_CO_SB_CARRY_CI_CO_SB_LUT4_I3_O_SB_LUT4_O_1_I3_SB_CARRY_CI_CO_SB_LUT4_I3_O_SB_LUT4_O_1_I3_SB_CARRY_CI_CO_SB_LUT4_I3_O_SB_CARRY_I0_CO_SB_CARRY_CI_CO_SB_CARRY_CI_CO_SB_CARRY_CI_CO_SB_CARRY_CI_CO_SB_CARRY_CI_CO_SB_CARRY_CI_CO_SB_CARRY_CI_CO_SB_CARRY_CI_CO_SB_CARRY_CI_CO_SB_CARRY_CI_CO_SB_CARRY_CI_CO_SB_CARRY_CI_CO_SB_CARRY_CI_CO_SB_CARRY_CI_CO_SB_CARRY_CI_CO_SB_CARRY_CI_CO_SB_CARRY_CI_CO_SB_CARRY_CI_CO_SB_CARRY_CI_CO_SB_CARRY_CI_CO_SB_CARRY_CI_CO_SB_CARRY_CI_CO_SB_CARRY_CI_CO_SB_LUT4_I3_O_SB_LUT4_O_I3_SB_CARRY_CO_CI_SB_CARRY_CO_CI_SB_CARRY_CO_CI_SB_CARRY_CO_CI_SB_CARRY_CO_CI_SB_CARRY_CO_CI_SB_CARRY_CO_CI_SB_CARRY_CO_CI_SB_CARRY_CO_CI_SB_CARRY_CO_CI_SB_CARRY_CO_CI_SB_CARRY_CO_CI_SB_CARRY_CO_CI_SB_CARRY_CO_CI_SB_CARRY_CO_CI_SB_CARRY_CO_CI_SB_CARRY_CO_CI_SB_CARRY_CO_CI_SB_CARRY_CO$CARRY.CIN
Info:                          Defined in:
Info:                               rtl/core/known_spectral_core.sv:210.24-210.57
Info:                               LOCAL_PRIVATE_PATH 2026/digital ic/.tools/oss-cad-suite/libexec/../share/yosys/ice40/arith_map.v:62.5-70.4
Info:                               LOCAL_PRIVATE_PATH 2026/digital ic/.tools/oss-cad-suite/libexec/../share/yosys/ice40/abc9_model.v:4.9-4.11
Info:      logic  0.28  40.56 Source system.core.real_part_SB_DFFE_Q_27_D_SB_LUT4_O_I3_SB_CARRY_CI_CO_SB_CARRY_CI_CO_SB_LUT4_I3_O_SB_LUT4_O_1_I3_SB_CARRY_CI_CO_SB_LUT4_I3_O_SB_LUT4_O_1_I3_SB_CARRY_CI_CO_SB_LUT4_I3_O_SB_CARRY_I0_CO_SB_CARRY_CI_CO_SB_CARRY_CI_CO_SB_CARRY_CI_CO_SB_CARRY_CI_CO_SB_CARRY_CI_CO_SB_CARRY_CI_CO_SB_CARRY_CI_CO_SB_CARRY_CI_CO_SB_CARRY_CI_CO_SB_CARRY_CI_CO_SB_CARRY_CI_CO_SB_CARRY_CI_CO_SB_CARRY_CI_CO_SB_CARRY_CI_CO_SB_CARRY_CI_CO_SB_CARRY_CI_CO_SB_CARRY_CI_CO_SB_CARRY_CI_CO_SB_CARRY_CI_CO_SB_CARRY_CI_CO_SB_CARRY_CI_CO_SB_CARRY_CI_CO_SB_CARRY_CI_CO_SB_LUT4_I3_O_SB_LUT4_O_I3_SB_CARRY_CO_CI_SB_CARRY_CO_CI_SB_CARRY_CO_CI_SB_CARRY_CO_CI_SB_CARRY_CO_CI_SB_CARRY_CO_CI_SB_CARRY_CO_CI_SB_CARRY_CO_CI_SB_CARRY_CO_CI_SB_CARRY_CO_CI_SB_CARRY_CO_CI_SB_CARRY_CO_CI_SB_CARRY_CO_CI_SB_CARRY_CO_CI_SB_CARRY_CO_CI_SB_CARRY_CO_CI_SB_CARRY_CO_CI_SB_CARRY_CO_CI_SB_CARRY_CO$CARRY.COUT
Info:    routing  0.00  40.56 Net system.core.real_part_SB_DFFE_Q_27_D_SB_LUT4_O_I3_SB_CARRY_CI_CO_SB_CARRY_CI_CO_SB_LUT4_I3_O_SB_LUT4_O_1_I3_SB_CARRY_CI_CO_SB_LUT4_I3_O_SB_LUT4_O_1_I3_SB_CARRY_CI_CO_SB_LUT4_I3_O_SB_CARRY_I0_CO_SB_CARRY_CI_CO_SB_CARRY_CI_CO_SB_CARRY_CI_CO_SB_CARRY_CI_CO_SB_CARRY_CI_CO_SB_CARRY_CI_CO_SB_CARRY_CI_CO_SB_CARRY_CI_CO_SB_CARRY_CI_CO_SB_CARRY_CI_CO_SB_CARRY_CI_CO_SB_CARRY_CI_CO_SB_CARRY_CI_CO_SB_CARRY_CI_CO_SB_CARRY_CI_CO_SB_CARRY_CI_CO_SB_CARRY_CI_CO_SB_CARRY_CI_CO_SB_CARRY_CI_CO_SB_CARRY_CI_CO_SB_CARRY_CI_CO_SB_CARRY_CI_CO_SB_CARRY_CI_CO_SB_LUT4_I3_O_SB_LUT4_O_I3_SB_CARRY_CO_CI_SB_CARRY_CO_CI_SB_CARRY_CO_CI_SB_CARRY_CO_CI_SB_CARRY_CO_CI_SB_CARRY_CO_CI_SB_CARRY_CO_CI_SB_CARRY_CO_CI_SB_CARRY_CO_CI_SB_CARRY_CO_CI_SB_CARRY_CO_CI_SB_CARRY_CO_CI_SB_CARRY_CO_CI_SB_CARRY_CO_CI_SB_CARRY_CO_CI_SB_CARRY_CO_CI_SB_CARRY_CO_CI_SB_CARRY_CO_CI (1,6) -> (1,6)
Info:                          Sink system.core.real_part_SB_DFFE_Q_27_D_SB_LUT4_O_I3_SB_CARRY_CI_CO_SB_CARRY_CI_CO_SB_LUT4_I3_O_SB_LUT4_O_1_I3_SB_CARRY_CI_CO_SB_LUT4_I3_O_SB_LUT4_O_1_I3_SB_CARRY_CI_CO_SB_LUT4_I3_O_SB_CARRY_I0_CO_SB_CARRY_CI_CO_SB_CARRY_CI_CO_SB_CARRY_CI_CO_SB_CARRY_CI_CO_SB_CARRY_CI_CO_SB_CARRY_CI_CO_SB_CARRY_CI_CO_SB_CARRY_CI_CO_SB_CARRY_CI_CO_SB_CARRY_CI_CO_SB_CARRY_CI_CO_SB_CARRY_CI_CO_SB_CARRY_CI_CO_SB_CARRY_CI_CO_SB_CARRY_CI_CO_SB_CARRY_CI_CO_SB_CARRY_CI_CO_SB_CARRY_CI_CO_SB_CARRY_CI_CO_SB_CARRY_CI_CO_SB_CARRY_CI_CO_SB_CARRY_CI_CO_SB_CARRY_CI_CO_SB_LUT4_I3_O_SB_LUT4_O_I3_SB_CARRY_CO_CI_SB_CARRY_CO_CI_SB_CARRY_CO_CI_SB_CARRY_CO_CI_SB_CARRY_CO_CI_SB_CARRY_CO_CI_SB_CARRY_CO_CI_SB_CARRY_CO_CI_SB_CARRY_CO_CI_SB_CARRY_CO_CI_SB_CARRY_CO_CI_SB_CARRY_CO_CI_SB_CARRY_CO_CI_SB_CARRY_CO_CI_SB_CARRY_CO_CI_SB_CARRY_CO_CI_SB_CARRY_CO_CI_SB_CARRY_CO$CARRY.CIN
Info:                          Defined in:
Info:                               rtl/core/known_spectral_core.sv:210.24-210.57
Info:                               LOCAL_PRIVATE_PATH 2026/digital ic/.tools/oss-cad-suite/libexec/../share/yosys/ice40/arith_map.v:62.5-70.4
Info:                               LOCAL_PRIVATE_PATH 2026/digital ic/.tools/oss-cad-suite/libexec/../share/yosys/ice40/abc9_model.v:4.9-4.11
Info:      logic  0.28  40.84 Source system.core.real_part_SB_DFFE_Q_27_D_SB_LUT4_O_I3_SB_CARRY_CI_CO_SB_CARRY_CI_CO_SB_LUT4_I3_O_SB_LUT4_O_1_I3_SB_CARRY_CI_CO_SB_LUT4_I3_O_SB_LUT4_O_1_I3_SB_CARRY_CI_CO_SB_LUT4_I3_O_SB_CARRY_I0_CO_SB_CARRY_CI_CO_SB_CARRY_CI_CO_SB_CARRY_CI_CO_SB_CARRY_CI_CO_SB_CARRY_CI_CO_SB_CARRY_CI_CO_SB_CARRY_CI_CO_SB_CARRY_CI_CO_SB_CARRY_CI_CO_SB_CARRY_CI_CO_SB_CARRY_CI_CO_SB_CARRY_CI_CO_SB_CARRY_CI_CO_SB_CARRY_CI_CO_SB_CARRY_CI_CO_SB_CARRY_CI_CO_SB_CARRY_CI_CO_SB_CARRY_CI_CO_SB_CARRY_CI_CO_SB_CARRY_CI_CO_SB_CARRY_CI_CO_SB_CARRY_CI_CO_SB_CARRY_CI_CO_SB_LUT4_I3_O_SB_LUT4_O_I3_SB_CARRY_CO_CI_SB_CARRY_CO_CI_SB_CARRY_CO_CI_SB_CARRY_CO_CI_SB_CARRY_CO_CI_SB_CARRY_CO_CI_SB_CARRY_CO_CI_SB_CARRY_CO_CI_SB_CARRY_CO_CI_SB_CARRY_CO_CI_SB_CARRY_CO_CI_SB_CARRY_CO_CI_SB_CARRY_CO_CI_SB_CARRY_CO_CI_SB_CARRY_CO_CI_SB_CARRY_CO_CI_SB_CARRY_CO_CI_SB_CARRY_CO$CARRY.COUT
Info:    routing  0.00  40.84 Net system.core.real_part_SB_DFFE_Q_27_D_SB_LUT4_O_I3_SB_CARRY_CI_CO_SB_CARRY_CI_CO_SB_LUT4_I3_O_SB_LUT4_O_1_I3_SB_CARRY_CI_CO_SB_LUT4_I3_O_SB_LUT4_O_1_I3_SB_CARRY_CI_CO_SB_LUT4_I3_O_SB_CARRY_I0_CO_SB_CARRY_CI_CO_SB_CARRY_CI_CO_SB_CARRY_CI_CO_SB_CARRY_CI_CO_SB_CARRY_CI_CO_SB_CARRY_CI_CO_SB_CARRY_CI_CO_SB_CARRY_CI_CO_SB_CARRY_CI_CO_SB_CARRY_CI_CO_SB_CARRY_CI_CO_SB_CARRY_CI_CO_SB_CARRY_CI_CO_SB_CARRY_CI_CO_SB_CARRY_CI_CO_SB_CARRY_CI_CO_SB_CARRY_CI_CO_SB_CARRY_CI_CO_SB_CARRY_CI_CO_SB_CARRY_CI_CO_SB_CARRY_CI_CO_SB_CARRY_CI_CO_SB_CARRY_CI_CO_SB_LUT4_I3_O_SB_LUT4_O_I3_SB_CARRY_CO_CI_SB_CARRY_CO_CI_SB_CARRY_CO_CI_SB_CARRY_CO_CI_SB_CARRY_CO_CI_SB_CARRY_CO_CI_SB_CARRY_CO_CI_SB_CARRY_CO_CI_SB_CARRY_CO_CI_SB_CARRY_CO_CI_SB_CARRY_CO_CI_SB_CARRY_CO_CI_SB_CARRY_CO_CI_SB_CARRY_CO_CI_SB_CARRY_CO_CI_SB_CARRY_CO_CI_SB_CARRY_CO_CI (1,6) -> (1,6)
Info:                          Sink system.core.real_part_SB_DFFE_Q_27_D_SB_LUT4_O_I3_SB_CARRY_CI_CO_SB_CARRY_CI_CO_SB_LUT4_I3_O_SB_LUT4_O_1_I3_SB_CARRY_CI_CO_SB_LUT4_I3_O_SB_LUT4_O_1_I3_SB_CARRY_CI_CO_SB_LUT4_I3_O_SB_CARRY_I0_CO_SB_CARRY_CI_CO_SB_CARRY_CI_CO_SB_CARRY_CI_CO_SB_CARRY_CI_CO_SB_CARRY_CI_CO_SB_CARRY_CI_CO_SB_CARRY_CI_CO_SB_CARRY_CI_CO_SB_CARRY_CI_CO_SB_CARRY_CI_CO_SB_CARRY_CI_CO_SB_CARRY_CI_CO_SB_CARRY_CI_CO_SB_CARRY_CI_CO_SB_CARRY_CI_CO_SB_CARRY_CI_CO_SB_CARRY_CI_CO_SB_CARRY_CI_CO_SB_CARRY_CI_CO_SB_CARRY_CI_CO_SB_CARRY_CI_CO_SB_CARRY_CI_CO_SB_CARRY_CI_CO_SB_LUT4_I3_O_SB_LUT4_O_I3_SB_CARRY_CO_CI_SB_CARRY_CO_CI_SB_CARRY_CO_CI_SB_CARRY_CO_CI_SB_CARRY_CO_CI_SB_CARRY_CO_CI_SB_CARRY_CO_CI_SB_CARRY_CO_CI_SB_CARRY_CO_CI_SB_CARRY_CO_CI_SB_CARRY_CO_CI_SB_CARRY_CO_CI_SB_CARRY_CO_CI_SB_CARRY_CO_CI_SB_CARRY_CO_CI_SB_CARRY_CO_CI_SB_CARRY_CO$CARRY.CIN
Info:                          Defined in:
Info:                               rtl/core/known_spectral_core.sv:210.24-210.57
Info:                               LOCAL_PRIVATE_PATH 2026/digital ic/.tools/oss-cad-suite/libexec/../share/yosys/ice40/arith_map.v:62.5-70.4
Info:                               LOCAL_PRIVATE_PATH 2026/digital ic/.tools/oss-cad-suite/libexec/../share/yosys/ice40/abc9_model.v:4.9-4.11
Info:      logic  0.28  41.12 Source system.core.real_part_SB_DFFE_Q_27_D_SB_LUT4_O_I3_SB_CARRY_CI_CO_SB_CARRY_CI_CO_SB_LUT4_I3_O_SB_LUT4_O_1_I3_SB_CARRY_CI_CO_SB_LUT4_I3_O_SB_LUT4_O_1_I3_SB_CARRY_CI_CO_SB_LUT4_I3_O_SB_CARRY_I0_CO_SB_CARRY_CI_CO_SB_CARRY_CI_CO_SB_CARRY_CI_CO_SB_CARRY_CI_CO_SB_CARRY_CI_CO_SB_CARRY_CI_CO_SB_CARRY_CI_CO_SB_CARRY_CI_CO_SB_CARRY_CI_CO_SB_CARRY_CI_CO_SB_CARRY_CI_CO_SB_CARRY_CI_CO_SB_CARRY_CI_CO_SB_CARRY_CI_CO_SB_CARRY_CI_CO_SB_CARRY_CI_CO_SB_CARRY_CI_CO_SB_CARRY_CI_CO_SB_CARRY_CI_CO_SB_CARRY_CI_CO_SB_CARRY_CI_CO_SB_CARRY_CI_CO_SB_CARRY_CI_CO_SB_LUT4_I3_O_SB_LUT4_O_I3_SB_CARRY_CO_CI_SB_CARRY_CO_CI_SB_CARRY_CO_CI_SB_CARRY_CO_CI_SB_CARRY_CO_CI_SB_CARRY_CO_CI_SB_CARRY_CO_CI_SB_CARRY_CO_CI_SB_CARRY_CO_CI_SB_CARRY_CO_CI_SB_CARRY_CO_CI_SB_CARRY_CO_CI_SB_CARRY_CO_CI_SB_CARRY_CO_CI_SB_CARRY_CO_CI_SB_CARRY_CO_CI_SB_CARRY_CO$CARRY.COUT
Info:    routing  0.00  41.12 Net system.core.real_part_SB_DFFE_Q_27_D_SB_LUT4_O_I3_SB_CARRY_CI_CO_SB_CARRY_CI_CO_SB_LUT4_I3_O_SB_LUT4_O_1_I3_SB_CARRY_CI_CO_SB_LUT4_I3_O_SB_LUT4_O_1_I3_SB_CARRY_CI_CO_SB_LUT4_I3_O_SB_CARRY_I0_CO_SB_CARRY_CI_CO_SB_CARRY_CI_CO_SB_CARRY_CI_CO_SB_CARRY_CI_CO_SB_CARRY_CI_CO_SB_CARRY_CI_CO_SB_CARRY_CI_CO_SB_CARRY_CI_CO_SB_CARRY_CI_CO_SB_CARRY_CI_CO_SB_CARRY_CI_CO_SB_CARRY_CI_CO_SB_CARRY_CI_CO_SB_CARRY_CI_CO_SB_CARRY_CI_CO_SB_CARRY_CI_CO_SB_CARRY_CI_CO_SB_CARRY_CI_CO_SB_CARRY_CI_CO_SB_CARRY_CI_CO_SB_CARRY_CI_CO_SB_CARRY_CI_CO_SB_CARRY_CI_CO_SB_LUT4_I3_O_SB_LUT4_O_I3_SB_CARRY_CO_CI_SB_CARRY_CO_CI_SB_CARRY_CO_CI_SB_CARRY_CO_CI_SB_CARRY_CO_CI_SB_CARRY_CO_CI_SB_CARRY_CO_CI_SB_CARRY_CO_CI_SB_CARRY_CO_CI_SB_CARRY_CO_CI_SB_CARRY_CO_CI_SB_CARRY_CO_CI_SB_CARRY_CO_CI_SB_CARRY_CO_CI_SB_CARRY_CO_CI_SB_CARRY_CO_CI (1,6) -> (1,6)
Info:                          Sink system.core.real_part_SB_DFFE_Q_27_D_SB_LUT4_O_I3_SB_CARRY_CI_CO_SB_CARRY_CI_CO_SB_LUT4_I3_O_SB_LUT4_O_1_I3_SB_CARRY_CI_CO_SB_LUT4_I3_O_SB_LUT4_O_1_I3_SB_CARRY_CI_CO_SB_LUT4_I3_O_SB_CARRY_I0_CO_SB_CARRY_CI_CO_SB_CARRY_CI_CO_SB_CARRY_CI_CO_SB_CARRY_CI_CO_SB_CARRY_CI_CO_SB_CARRY_CI_CO_SB_CARRY_CI_CO_SB_CARRY_CI_CO_SB_CARRY_CI_CO_SB_CARRY_CI_CO_SB_CARRY_CI_CO_SB_CARRY_CI_CO_SB_CARRY_CI_CO_SB_CARRY_CI_CO_SB_CARRY_CI_CO_SB_CARRY_CI_CO_SB_CARRY_CI_CO_SB_CARRY_CI_CO_SB_CARRY_CI_CO_SB_CARRY_CI_CO_SB_CARRY_CI_CO_SB_CARRY_CI_CO_SB_CARRY_CI_CO_SB_LUT4_I3_O_SB_LUT4_O_I3_SB_CARRY_CO_CI_SB_CARRY_CO_CI_SB_CARRY_CO_CI_SB_CARRY_CO_CI_SB_CARRY_CO_CI_SB_CARRY_CO_CI_SB_CARRY_CO_CI_SB_CARRY_CO_CI_SB_CARRY_CO_CI_SB_CARRY_CO_CI_SB_CARRY_CO_CI_SB_CARRY_CO_CI_SB_CARRY_CO_CI_SB_CARRY_CO_CI_SB_CARRY_CO_CI_SB_CARRY_CO$CARRY.CIN
Info:                          Defined in:
Info:                               rtl/core/known_spectral_core.sv:210.24-210.57
Info:                               LOCAL_PRIVATE_PATH 2026/digital ic/.tools/oss-cad-suite/libexec/../share/yosys/ice40/arith_map.v:62.5-70.4
Info:                               LOCAL_PRIVATE_PATH 2026/digital ic/.tools/oss-cad-suite/libexec/../share/yosys/ice40/abc9_model.v:4.9-4.11
Info:      logic  0.28  41.40 Source system.core.real_part_SB_DFFE_Q_27_D_SB_LUT4_O_I3_SB_CARRY_CI_CO_SB_CARRY_CI_CO_SB_LUT4_I3_O_SB_LUT4_O_1_I3_SB_CARRY_CI_CO_SB_LUT4_I3_O_SB_LUT4_O_1_I3_SB_CARRY_CI_CO_SB_LUT4_I3_O_SB_CARRY_I0_CO_SB_CARRY_CI_CO_SB_CARRY_CI_CO_SB_CARRY_CI_CO_SB_CARRY_CI_CO_SB_CARRY_CI_CO_SB_CARRY_CI_CO_SB_CARRY_CI_CO_SB_CARRY_CI_CO_SB_CARRY_CI_CO_SB_CARRY_CI_CO_SB_CARRY_CI_CO_SB_CARRY_CI_CO_SB_CARRY_CI_CO_SB_CARRY_CI_CO_SB_CARRY_CI_CO_SB_CARRY_CI_CO_SB_CARRY_CI_CO_SB_CARRY_CI_CO_SB_CARRY_CI_CO_SB_CARRY_CI_CO_SB_CARRY_CI_CO_SB_CARRY_CI_CO_SB_CARRY_CI_CO_SB_LUT4_I3_O_SB_LUT4_O_I3_SB_CARRY_CO_CI_SB_CARRY_CO_CI_SB_CARRY_CO_CI_SB_CARRY_CO_CI_SB_CARRY_CO_CI_SB_CARRY_CO_CI_SB_CARRY_CO_CI_SB_CARRY_CO_CI_SB_CARRY_CO_CI_SB_CARRY_CO_CI_SB_CARRY_CO_CI_SB_CARRY_CO_CI_SB_CARRY_CO_CI_SB_CARRY_CO_CI_SB_CARRY_CO_CI_SB_CARRY_CO$CARRY.COUT
Info:    routing  0.56  41.95 Net system.core.real_part_SB_DFFE_Q_27_D_SB_LUT4_O_I3_SB_CARRY_CI_CO_SB_CARRY_CI_CO_SB_LUT4_I3_O_SB_LUT4_O_1_I3_SB_CARRY_CI_CO_SB_LUT4_I3_O_SB_LUT4_O_1_I3_SB_CARRY_CI_CO_SB_LUT4_I3_O_SB_CARRY_I0_CO_SB_CARRY_CI_CO_SB_CARRY_CI_CO_SB_CARRY_CI_CO_SB_CARRY_CI_CO_SB_CARRY_CI_CO_SB_CARRY_CI_CO_SB_CARRY_CI_CO_SB_CARRY_CI_CO_SB_CARRY_CI_CO_SB_CARRY_CI_CO_SB_CARRY_CI_CO_SB_CARRY_CI_CO_SB_CARRY_CI_CO_SB_CARRY_CI_CO_SB_CARRY_CI_CO_SB_CARRY_CI_CO_SB_CARRY_CI_CO_SB_CARRY_CI_CO_SB_CARRY_CI_CO_SB_CARRY_CI_CO_SB_CARRY_CI_CO_SB_CARRY_CI_CO_SB_CARRY_CI_CO_SB_LUT4_I3_O_SB_LUT4_O_I3_SB_CARRY_CO_CI_SB_CARRY_CO_CI_SB_CARRY_CO_CI_SB_CARRY_CO_CI_SB_CARRY_CO_CI_SB_CARRY_CO_CI_SB_CARRY_CO_CI_SB_CARRY_CO_CI_SB_CARRY_CO_CI_SB_CARRY_CO_CI_SB_CARRY_CO_CI_SB_CARRY_CO_CI_SB_CARRY_CO_CI_SB_CARRY_CO_CI_SB_CARRY_CO_CI (1,6) -> (1,7)
Info:                          Sink system.core.real_part_SB_DFFE_Q_27_D_SB_LUT4_O_I3_SB_CARRY_CI_CO_SB_CARRY_CI_CO_SB_LUT4_I3_O_SB_LUT4_O_1_I3_SB_CARRY_CI_CO_SB_LUT4_I3_O_SB_LUT4_O_1_I3_SB_CARRY_CI_CO_SB_LUT4_I3_O_SB_CARRY_I0_CO_SB_CARRY_CI_CO_SB_CARRY_CI_CO_SB_CARRY_CI_CO_SB_CARRY_CI_CO_SB_CARRY_CI_CO_SB_CARRY_CI_CO_SB_CARRY_CI_CO_SB_CARRY_CI_CO_SB_CARRY_CI_CO_SB_CARRY_CI_CO_SB_CARRY_CI_CO_SB_CARRY_CI_CO_SB_CARRY_CI_CO_SB_CARRY_CI_CO_SB_CARRY_CI_CO_SB_CARRY_CI_CO_SB_CARRY_CI_CO_SB_CARRY_CI_CO_SB_CARRY_CI_CO_SB_CARRY_CI_CO_SB_CARRY_CI_CO_SB_CARRY_CI_CO_SB_CARRY_CI_CO_SB_LUT4_I3_O_SB_LUT4_O_I3_SB_CARRY_CO_CI_SB_CARRY_CO_CI_SB_CARRY_CO_CI_SB_CARRY_CO_CI_SB_CARRY_CO_CI_SB_CARRY_CO_CI_SB_CARRY_CO_CI_SB_CARRY_CO_CI_SB_CARRY_CO_CI_SB_CARRY_CO_CI_SB_CARRY_CO_CI_SB_CARRY_CO_CI_SB_CARRY_CO_CI_SB_CARRY_CO_CI_SB_CARRY_CO$CARRY.CIN
Info:                          Defined in:
Info:                               rtl/core/known_spectral_core.sv:210.24-210.57
Info:                               LOCAL_PRIVATE_PATH 2026/digital ic/.tools/oss-cad-suite/libexec/../share/yosys/ice40/arith_map.v:62.5-70.4
Info:                               LOCAL_PRIVATE_PATH 2026/digital ic/.tools/oss-cad-suite/libexec/../share/yosys/ice40/abc9_model.v:4.9-4.11
Info:      logic  0.28  42.23 Source system.core.real_part_SB_DFFE_Q_27_D_SB_LUT4_O_I3_SB_CARRY_CI_CO_SB_CARRY_CI_CO_SB_LUT4_I3_O_SB_LUT4_O_1_I3_SB_CARRY_CI_CO_SB_LUT4_I3_O_SB_LUT4_O_1_I3_SB_CARRY_CI_CO_SB_LUT4_I3_O_SB_CARRY_I0_CO_SB_CARRY_CI_CO_SB_CARRY_CI_CO_SB_CARRY_CI_CO_SB_CARRY_CI_CO_SB_CARRY_CI_CO_SB_CARRY_CI_CO_SB_CARRY_CI_CO_SB_CARRY_CI_CO_SB_CARRY_CI_CO_SB_CARRY_CI_CO_SB_CARRY_CI_CO_SB_CARRY_CI_CO_SB_CARRY_CI_CO_SB_CARRY_CI_CO_SB_CARRY_CI_CO_SB_CARRY_CI_CO_SB_CARRY_CI_CO_SB_CARRY_CI_CO_SB_CARRY_CI_CO_SB_CARRY_CI_CO_SB_CARRY_CI_CO_SB_CARRY_CI_CO_SB_CARRY_CI_CO_SB_LUT4_I3_O_SB_LUT4_O_I3_SB_CARRY_CO_CI_SB_CARRY_CO_CI_SB_CARRY_CO_CI_SB_CARRY_CO_CI_SB_CARRY_CO_CI_SB_CARRY_CO_CI_SB_CARRY_CO_CI_SB_CARRY_CO_CI_SB_CARRY_CO_CI_SB_CARRY_CO_CI_SB_CARRY_CO_CI_SB_CARRY_CO_CI_SB_CARRY_CO_CI_SB_CARRY_CO_CI_SB_CARRY_CO$CARRY.COUT
Info:    routing  0.00  42.23 Net system.core.real_part_SB_DFFE_Q_27_D_SB_LUT4_O_I3_SB_CARRY_CI_CO_SB_CARRY_CI_CO_SB_LUT4_I3_O_SB_LUT4_O_1_I3_SB_CARRY_CI_CO_SB_LUT4_I3_O_SB_LUT4_O_1_I3_SB_CARRY_CI_CO_SB_LUT4_I3_O_SB_CARRY_I0_CO_SB_CARRY_CI_CO_SB_CARRY_CI_CO_SB_CARRY_CI_CO_SB_CARRY_CI_CO_SB_CARRY_CI_CO_SB_CARRY_CI_CO_SB_CARRY_CI_CO_SB_CARRY_CI_CO_SB_CARRY_CI_CO_SB_CARRY_CI_CO_SB_CARRY_CI_CO_SB_CARRY_CI_CO_SB_CARRY_CI_CO_SB_CARRY_CI_CO_SB_CARRY_CI_CO_SB_CARRY_CI_CO_SB_CARRY_CI_CO_SB_CARRY_CI_CO_SB_CARRY_CI_CO_SB_CARRY_CI_CO_SB_CARRY_CI_CO_SB_CARRY_CI_CO_SB_CARRY_CI_CO_SB_LUT4_I3_O_SB_LUT4_O_I3_SB_CARRY_CO_CI_SB_CARRY_CO_CI_SB_CARRY_CO_CI_SB_CARRY_CO_CI_SB_CARRY_CO_CI_SB_CARRY_CO_CI_SB_CARRY_CO_CI_SB_CARRY_CO_CI_SB_CARRY_CO_CI_SB_CARRY_CO_CI_SB_CARRY_CO_CI_SB_CARRY_CO_CI_SB_CARRY_CO_CI_SB_CARRY_CO_CI (1,7) -> (1,7)
Info:                          Sink system.core.real_part_SB_DFFE_Q_27_D_SB_LUT4_O_I3_SB_CARRY_CI_CO_SB_CARRY_CI_CO_SB_LUT4_I3_O_SB_LUT4_O_1_I3_SB_CARRY_CI_CO_SB_LUT4_I3_O_SB_LUT4_O_1_I3_SB_CARRY_CI_CO_SB_LUT4_I3_O_SB_CARRY_I0_CO_SB_CARRY_CI_CO_SB_CARRY_CI_CO_SB_CARRY_CI_CO_SB_CARRY_CI_CO_SB_CARRY_CI_CO_SB_CARRY_CI_CO_SB_CARRY_CI_CO_SB_CARRY_CI_CO_SB_CARRY_CI_CO_SB_CARRY_CI_CO_SB_CARRY_CI_CO_SB_CARRY_CI_CO_SB_CARRY_CI_CO_SB_CARRY_CI_CO_SB_CARRY_CI_CO_SB_CARRY_CI_CO_SB_CARRY_CI_CO_SB_CARRY_CI_CO_SB_CARRY_CI_CO_SB_CARRY_CI_CO_SB_CARRY_CI_CO_SB_CARRY_CI_CO_SB_CARRY_CI_CO_SB_LUT4_I3_O_SB_LUT4_O_I3_SB_CARRY_CO_CI_SB_CARRY_CO_CI_SB_CARRY_CO_CI_SB_CARRY_CO_CI_SB_CARRY_CO_CI_SB_CARRY_CO_CI_SB_CARRY_CO_CI_SB_CARRY_CO_CI_SB_CARRY_CO_CI_SB_CARRY_CO_CI_SB_CARRY_CO_CI_SB_CARRY_CO_CI_SB_CARRY_CO_CI_SB_CARRY_CO$CARRY.CIN
Info:                          Defined in:
Info:                               rtl/core/known_spectral_core.sv:210.24-210.57
Info:                               LOCAL_PRIVATE_PATH 2026/digital ic/.tools/oss-cad-suite/libexec/../share/yosys/ice40/arith_map.v:62.5-70.4
Info:                               LOCAL_PRIVATE_PATH 2026/digital ic/.tools/oss-cad-suite/libexec/../share/yosys/ice40/abc9_model.v:4.9-4.11
Info:      logic  0.28  42.51 Source system.core.real_part_SB_DFFE_Q_27_D_SB_LUT4_O_I3_SB_CARRY_CI_CO_SB_CARRY_CI_CO_SB_LUT4_I3_O_SB_LUT4_O_1_I3_SB_CARRY_CI_CO_SB_LUT4_I3_O_SB_LUT4_O_1_I3_SB_CARRY_CI_CO_SB_LUT4_I3_O_SB_CARRY_I0_CO_SB_CARRY_CI_CO_SB_CARRY_CI_CO_SB_CARRY_CI_CO_SB_CARRY_CI_CO_SB_CARRY_CI_CO_SB_CARRY_CI_CO_SB_CARRY_CI_CO_SB_CARRY_CI_CO_SB_CARRY_CI_CO_SB_CARRY_CI_CO_SB_CARRY_CI_CO_SB_CARRY_CI_CO_SB_CARRY_CI_CO_SB_CARRY_CI_CO_SB_CARRY_CI_CO_SB_CARRY_CI_CO_SB_CARRY_CI_CO_SB_CARRY_CI_CO_SB_CARRY_CI_CO_SB_CARRY_CI_CO_SB_CARRY_CI_CO_SB_CARRY_CI_CO_SB_CARRY_CI_CO_SB_LUT4_I3_O_SB_LUT4_O_I3_SB_CARRY_CO_CI_SB_CARRY_CO_CI_SB_CARRY_CO_CI_SB_CARRY_CO_CI_SB_CARRY_CO_CI_SB_CARRY_CO_CI_SB_CARRY_CO_CI_SB_CARRY_CO_CI_SB_CARRY_CO_CI_SB_CARRY_CO_CI_SB_CARRY_CO_CI_SB_CARRY_CO_CI_SB_CARRY_CO_CI_SB_CARRY_CO$CARRY.COUT
Info:    routing  0.00  42.51 Net system.core.real_part_SB_DFFE_Q_27_D_SB_LUT4_O_I3_SB_CARRY_CI_CO_SB_CARRY_CI_CO_SB_LUT4_I3_O_SB_LUT4_O_1_I3_SB_CARRY_CI_CO_SB_LUT4_I3_O_SB_LUT4_O_1_I3_SB_CARRY_CI_CO_SB_LUT4_I3_O_SB_CARRY_I0_CO_SB_CARRY_CI_CO_SB_CARRY_CI_CO_SB_CARRY_CI_CO_SB_CARRY_CI_CO_SB_CARRY_CI_CO_SB_CARRY_CI_CO_SB_CARRY_CI_CO_SB_CARRY_CI_CO_SB_CARRY_CI_CO_SB_CARRY_CI_CO_SB_CARRY_CI_CO_SB_CARRY_CI_CO_SB_CARRY_CI_CO_SB_CARRY_CI_CO_SB_CARRY_CI_CO_SB_CARRY_CI_CO_SB_CARRY_CI_CO_SB_CARRY_CI_CO_SB_CARRY_CI_CO_SB_CARRY_CI_CO_SB_CARRY_CI_CO_SB_CARRY_CI_CO_SB_CARRY_CI_CO_SB_LUT4_I3_O_SB_LUT4_O_I3_SB_CARRY_CO_CI_SB_CARRY_CO_CI_SB_CARRY_CO_CI_SB_CARRY_CO_CI_SB_CARRY_CO_CI_SB_CARRY_CO_CI_SB_CARRY_CO_CI_SB_CARRY_CO_CI_SB_CARRY_CO_CI_SB_CARRY_CO_CI_SB_CARRY_CO_CI_SB_CARRY_CO_CI_SB_CARRY_CO_CI (1,7) -> (1,7)
Info:                          Sink system.core.real_part_SB_DFFE_Q_27_D_SB_LUT4_O_I3_SB_CARRY_CI_CO_SB_CARRY_CI_CO_SB_LUT4_I3_O_SB_LUT4_O_1_I3_SB_CARRY_CI_CO_SB_LUT4_I3_O_SB_LUT4_O_1_I3_SB_CARRY_CI_CO_SB_LUT4_I3_O_SB_CARRY_I0_CO_SB_CARRY_CI_CO_SB_CARRY_CI_CO_SB_CARRY_CI_CO_SB_CARRY_CI_CO_SB_CARRY_CI_CO_SB_CARRY_CI_CO_SB_CARRY_CI_CO_SB_CARRY_CI_CO_SB_CARRY_CI_CO_SB_CARRY_CI_CO_SB_CARRY_CI_CO_SB_CARRY_CI_CO_SB_CARRY_CI_CO_SB_CARRY_CI_CO_SB_CARRY_CI_CO_SB_CARRY_CI_CO_SB_CARRY_CI_CO_SB_CARRY_CI_CO_SB_CARRY_CI_CO_SB_CARRY_CI_CO_SB_CARRY_CI_CO_SB_CARRY_CI_CO_SB_CARRY_CI_CO_SB_LUT4_I3_O_SB_LUT4_O_I3_SB_CARRY_CO_CI_SB_CARRY_CO_CI_SB_CARRY_CO_CI_SB_CARRY_CO_CI_SB_CARRY_CO_CI_SB_CARRY_CO_CI_SB_CARRY_CO_CI_SB_CARRY_CO_CI_SB_CARRY_CO_CI_SB_CARRY_CO_CI_SB_CARRY_CO_CI_SB_CARRY_CO_CI_SB_CARRY_CO$CARRY.CIN
Info:                          Defined in:
Info:                               rtl/core/known_spectral_core.sv:210.24-210.57
Info:                               LOCAL_PRIVATE_PATH 2026/digital ic/.tools/oss-cad-suite/libexec/../share/yosys/ice40/arith_map.v:62.5-70.4
Info:                               LOCAL_PRIVATE_PATH 2026/digital ic/.tools/oss-cad-suite/libexec/../share/yosys/ice40/abc9_model.v:4.9-4.11
Info:      logic  0.28  42.79 Source system.core.real_part_SB_DFFE_Q_27_D_SB_LUT4_O_I3_SB_CARRY_CI_CO_SB_CARRY_CI_CO_SB_LUT4_I3_O_SB_LUT4_O_1_I3_SB_CARRY_CI_CO_SB_LUT4_I3_O_SB_LUT4_O_1_I3_SB_CARRY_CI_CO_SB_LUT4_I3_O_SB_CARRY_I0_CO_SB_CARRY_CI_CO_SB_CARRY_CI_CO_SB_CARRY_CI_CO_SB_CARRY_CI_CO_SB_CARRY_CI_CO_SB_CARRY_CI_CO_SB_CARRY_CI_CO_SB_CARRY_CI_CO_SB_CARRY_CI_CO_SB_CARRY_CI_CO_SB_CARRY_CI_CO_SB_CARRY_CI_CO_SB_CARRY_CI_CO_SB_CARRY_CI_CO_SB_CARRY_CI_CO_SB_CARRY_CI_CO_SB_CARRY_CI_CO_SB_CARRY_CI_CO_SB_CARRY_CI_CO_SB_CARRY_CI_CO_SB_CARRY_CI_CO_SB_CARRY_CI_CO_SB_CARRY_CI_CO_SB_LUT4_I3_O_SB_LUT4_O_I3_SB_CARRY_CO_CI_SB_CARRY_CO_CI_SB_CARRY_CO_CI_SB_CARRY_CO_CI_SB_CARRY_CO_CI_SB_CARRY_CO_CI_SB_CARRY_CO_CI_SB_CARRY_CO_CI_SB_CARRY_CO_CI_SB_CARRY_CO_CI_SB_CARRY_CO_CI_SB_CARRY_CO_CI_SB_CARRY_CO$CARRY.COUT
Info:    routing  0.00  42.79 Net system.core.real_part_SB_DFFE_Q_27_D_SB_LUT4_O_I3_SB_CARRY_CI_CO_SB_CARRY_CI_CO_SB_LUT4_I3_O_SB_LUT4_O_1_I3_SB_CARRY_CI_CO_SB_LUT4_I3_O_SB_LUT4_O_1_I3_SB_CARRY_CI_CO_SB_LUT4_I3_O_SB_CARRY_I0_CO_SB_CARRY_CI_CO_SB_CARRY_CI_CO_SB_CARRY_CI_CO_SB_CARRY_CI_CO_SB_CARRY_CI_CO_SB_CARRY_CI_CO_SB_CARRY_CI_CO_SB_CARRY_CI_CO_SB_CARRY_CI_CO_SB_CARRY_CI_CO_SB_CARRY_CI_CO_SB_CARRY_CI_CO_SB_CARRY_CI_CO_SB_CARRY_CI_CO_SB_CARRY_CI_CO_SB_CARRY_CI_CO_SB_CARRY_CI_CO_SB_CARRY_CI_CO_SB_CARRY_CI_CO_SB_CARRY_CI_CO_SB_CARRY_CI_CO_SB_CARRY_CI_CO_SB_CARRY_CI_CO_SB_LUT4_I3_O_SB_LUT4_O_I3_SB_CARRY_CO_CI_SB_CARRY_CO_CI_SB_CARRY_CO_CI_SB_CARRY_CO_CI_SB_CARRY_CO_CI_SB_CARRY_CO_CI_SB_CARRY_CO_CI_SB_CARRY_CO_CI_SB_CARRY_CO_CI_SB_CARRY_CO_CI_SB_CARRY_CO_CI_SB_CARRY_CO_CI (1,7) -> (1,7)
Info:                          Sink system.core.real_part_SB_DFFE_Q_27_D_SB_LUT4_O_I3_SB_CARRY_CI_CO_SB_CARRY_CI_CO_SB_LUT4_I3_O_SB_LUT4_O_1_I3_SB_CARRY_CI_CO_SB_LUT4_I3_O_SB_LUT4_O_1_I3_SB_CARRY_CI_CO_SB_LUT4_I3_O_SB_CARRY_I0_CO_SB_CARRY_CI_CO_SB_CARRY_CI_CO_SB_CARRY_CI_CO_SB_CARRY_CI_CO_SB_CARRY_CI_CO_SB_CARRY_CI_CO_SB_CARRY_CI_CO_SB_CARRY_CI_CO_SB_CARRY_CI_CO_SB_CARRY_CI_CO_SB_CARRY_CI_CO_SB_CARRY_CI_CO_SB_CARRY_CI_CO_SB_CARRY_CI_CO_SB_CARRY_CI_CO_SB_CARRY_CI_CO_SB_CARRY_CI_CO_SB_CARRY_CI_CO_SB_CARRY_CI_CO_SB_CARRY_CI_CO_SB_CARRY_CI_CO_SB_CARRY_CI_CO_SB_CARRY_CI_CO_SB_LUT4_I3_O_SB_LUT4_O_I3_SB_CARRY_CO_CI_SB_CARRY_CO_CI_SB_CARRY_CO_CI_SB_CARRY_CO_CI_SB_CARRY_CO_CI_SB_CARRY_CO_CI_SB_CARRY_CO_CI_SB_CARRY_CO_CI_SB_CARRY_CO_CI_SB_CARRY_CO_CI_SB_CARRY_CO_CI_SB_CARRY_CO$CARRY.CIN
Info:                          Defined in:
Info:                               rtl/core/known_spectral_core.sv:210.24-210.57
Info:                               LOCAL_PRIVATE_PATH 2026/digital ic/.tools/oss-cad-suite/libexec/../share/yosys/ice40/arith_map.v:62.5-70.4
Info:                               LOCAL_PRIVATE_PATH 2026/digital ic/.tools/oss-cad-suite/libexec/../share/yosys/ice40/abc9_model.v:4.9-4.11
Info:      logic  0.28  43.07 Source system.core.real_part_SB_DFFE_Q_27_D_SB_LUT4_O_I3_SB_CARRY_CI_CO_SB_CARRY_CI_CO_SB_LUT4_I3_O_SB_LUT4_O_1_I3_SB_CARRY_CI_CO_SB_LUT4_I3_O_SB_LUT4_O_1_I3_SB_CARRY_CI_CO_SB_LUT4_I3_O_SB_CARRY_I0_CO_SB_CARRY_CI_CO_SB_CARRY_CI_CO_SB_CARRY_CI_CO_SB_CARRY_CI_CO_SB_CARRY_CI_CO_SB_CARRY_CI_CO_SB_CARRY_CI_CO_SB_CARRY_CI_CO_SB_CARRY_CI_CO_SB_CARRY_CI_CO_SB_CARRY_CI_CO_SB_CARRY_CI_CO_SB_CARRY_CI_CO_SB_CARRY_CI_CO_SB_CARRY_CI_CO_SB_CARRY_CI_CO_SB_CARRY_CI_CO_SB_CARRY_CI_CO_SB_CARRY_CI_CO_SB_CARRY_CI_CO_SB_CARRY_CI_CO_SB_CARRY_CI_CO_SB_CARRY_CI_CO_SB_LUT4_I3_O_SB_LUT4_O_I3_SB_CARRY_CO_CI_SB_CARRY_CO_CI_SB_CARRY_CO_CI_SB_CARRY_CO_CI_SB_CARRY_CO_CI_SB_CARRY_CO_CI_SB_CARRY_CO_CI_SB_CARRY_CO_CI_SB_CARRY_CO_CI_SB_CARRY_CO_CI_SB_CARRY_CO_CI_SB_CARRY_CO$CARRY.COUT
Info:    routing  0.00  43.07 Net system.core.real_part_SB_DFFE_Q_27_D_SB_LUT4_O_I3_SB_CARRY_CI_CO_SB_CARRY_CI_CO_SB_LUT4_I3_O_SB_LUT4_O_1_I3_SB_CARRY_CI_CO_SB_LUT4_I3_O_SB_LUT4_O_1_I3_SB_CARRY_CI_CO_SB_LUT4_I3_O_SB_CARRY_I0_CO_SB_CARRY_CI_CO_SB_CARRY_CI_CO_SB_CARRY_CI_CO_SB_CARRY_CI_CO_SB_CARRY_CI_CO_SB_CARRY_CI_CO_SB_CARRY_CI_CO_SB_CARRY_CI_CO_SB_CARRY_CI_CO_SB_CARRY_CI_CO_SB_CARRY_CI_CO_SB_CARRY_CI_CO_SB_CARRY_CI_CO_SB_CARRY_CI_CO_SB_CARRY_CI_CO_SB_CARRY_CI_CO_SB_CARRY_CI_CO_SB_CARRY_CI_CO_SB_CARRY_CI_CO_SB_CARRY_CI_CO_SB_CARRY_CI_CO_SB_CARRY_CI_CO_SB_CARRY_CI_CO_SB_LUT4_I3_O_SB_LUT4_O_I3_SB_CARRY_CO_CI_SB_CARRY_CO_CI_SB_CARRY_CO_CI_SB_CARRY_CO_CI_SB_CARRY_CO_CI_SB_CARRY_CO_CI_SB_CARRY_CO_CI_SB_CARRY_CO_CI_SB_CARRY_CO_CI_SB_CARRY_CO_CI_SB_CARRY_CO_CI (1,7) -> (1,7)
Info:                          Sink system.core.real_part_SB_DFFE_Q_27_D_SB_LUT4_O_I3_SB_CARRY_CI_CO_SB_CARRY_CI_CO_SB_LUT4_I3_O_SB_LUT4_O_1_I3_SB_CARRY_CI_CO_SB_LUT4_I3_O_SB_LUT4_O_1_I3_SB_CARRY_CI_CO_SB_LUT4_I3_O_SB_CARRY_I0_CO_SB_CARRY_CI_CO_SB_CARRY_CI_CO_SB_CARRY_CI_CO_SB_CARRY_CI_CO_SB_CARRY_CI_CO_SB_CARRY_CI_CO_SB_CARRY_CI_CO_SB_CARRY_CI_CO_SB_CARRY_CI_CO_SB_CARRY_CI_CO_SB_CARRY_CI_CO_SB_CARRY_CI_CO_SB_CARRY_CI_CO_SB_CARRY_CI_CO_SB_CARRY_CI_CO_SB_CARRY_CI_CO_SB_CARRY_CI_CO_SB_CARRY_CI_CO_SB_CARRY_CI_CO_SB_CARRY_CI_CO_SB_CARRY_CI_CO_SB_CARRY_CI_CO_SB_CARRY_CI_CO_SB_LUT4_I3_O_SB_LUT4_O_I3_SB_CARRY_CO_CI_SB_CARRY_CO_CI_SB_CARRY_CO_CI_SB_CARRY_CO_CI_SB_CARRY_CO_CI_SB_CARRY_CO_CI_SB_CARRY_CO_CI_SB_CARRY_CO_CI_SB_CARRY_CO_CI_SB_CARRY_CO_CI_SB_CARRY_CO$CARRY.CIN
Info:                          Defined in:
Info:                               rtl/core/known_spectral_core.sv:210.24-210.57
Info:                               LOCAL_PRIVATE_PATH 2026/digital ic/.tools/oss-cad-suite/libexec/../share/yosys/ice40/arith_map.v:62.5-70.4
Info:                               LOCAL_PRIVATE_PATH 2026/digital ic/.tools/oss-cad-suite/libexec/../share/yosys/ice40/abc9_model.v:4.9-4.11
Info:      logic  0.28  43.34 Source system.core.real_part_SB_DFFE_Q_27_D_SB_LUT4_O_I3_SB_CARRY_CI_CO_SB_CARRY_CI_CO_SB_LUT4_I3_O_SB_LUT4_O_1_I3_SB_CARRY_CI_CO_SB_LUT4_I3_O_SB_LUT4_O_1_I3_SB_CARRY_CI_CO_SB_LUT4_I3_O_SB_CARRY_I0_CO_SB_CARRY_CI_CO_SB_CARRY_CI_CO_SB_CARRY_CI_CO_SB_CARRY_CI_CO_SB_CARRY_CI_CO_SB_CARRY_CI_CO_SB_CARRY_CI_CO_SB_CARRY_CI_CO_SB_CARRY_CI_CO_SB_CARRY_CI_CO_SB_CARRY_CI_CO_SB_CARRY_CI_CO_SB_CARRY_CI_CO_SB_CARRY_CI_CO_SB_CARRY_CI_CO_SB_CARRY_CI_CO_SB_CARRY_CI_CO_SB_CARRY_CI_CO_SB_CARRY_CI_CO_SB_CARRY_CI_CO_SB_CARRY_CI_CO_SB_CARRY_CI_CO_SB_CARRY_CI_CO_SB_LUT4_I3_O_SB_LUT4_O_I3_SB_CARRY_CO_CI_SB_CARRY_CO_CI_SB_CARRY_CO_CI_SB_CARRY_CO_CI_SB_CARRY_CO_CI_SB_CARRY_CO_CI_SB_CARRY_CO_CI_SB_CARRY_CO_CI_SB_CARRY_CO_CI_SB_CARRY_CO_CI_SB_CARRY_CO$CARRY.COUT
Info:    routing  0.00  43.34 Net system.core.real_part_SB_DFFE_Q_27_D_SB_LUT4_O_I3_SB_CARRY_CI_CO_SB_CARRY_CI_CO_SB_LUT4_I3_O_SB_LUT4_O_1_I3_SB_CARRY_CI_CO_SB_LUT4_I3_O_SB_LUT4_O_1_I3_SB_CARRY_CI_CO_SB_LUT4_I3_O_SB_CARRY_I0_CO_SB_CARRY_CI_CO_SB_CARRY_CI_CO_SB_CARRY_CI_CO_SB_CARRY_CI_CO_SB_CARRY_CI_CO_SB_CARRY_CI_CO_SB_CARRY_CI_CO_SB_CARRY_CI_CO_SB_CARRY_CI_CO_SB_CARRY_CI_CO_SB_CARRY_CI_CO_SB_CARRY_CI_CO_SB_CARRY_CI_CO_SB_CARRY_CI_CO_SB_CARRY_CI_CO_SB_CARRY_CI_CO_SB_CARRY_CI_CO_SB_CARRY_CI_CO_SB_CARRY_CI_CO_SB_CARRY_CI_CO_SB_CARRY_CI_CO_SB_CARRY_CI_CO_SB_CARRY_CI_CO_SB_LUT4_I3_O_SB_LUT4_O_I3_SB_CARRY_CO_CI_SB_CARRY_CO_CI_SB_CARRY_CO_CI_SB_CARRY_CO_CI_SB_CARRY_CO_CI_SB_CARRY_CO_CI_SB_CARRY_CO_CI_SB_CARRY_CO_CI_SB_CARRY_CO_CI_SB_CARRY_CO_CI (1,7) -> (1,7)
Info:                          Sink system.core.real_part_SB_DFFE_Q_27_D_SB_LUT4_O_I3_SB_CARRY_CI_CO_SB_CARRY_CI_CO_SB_LUT4_I3_O_SB_LUT4_O_1_I3_SB_CARRY_CI_CO_SB_LUT4_I3_O_SB_LUT4_O_1_I3_SB_CARRY_CI_CO_SB_LUT4_I3_O_SB_CARRY_I0_CO_SB_CARRY_CI_CO_SB_CARRY_CI_CO_SB_CARRY_CI_CO_SB_CARRY_CI_CO_SB_CARRY_CI_CO_SB_CARRY_CI_CO_SB_CARRY_CI_CO_SB_CARRY_CI_CO_SB_CARRY_CI_CO_SB_CARRY_CI_CO_SB_CARRY_CI_CO_SB_CARRY_CI_CO_SB_CARRY_CI_CO_SB_CARRY_CI_CO_SB_CARRY_CI_CO_SB_CARRY_CI_CO_SB_CARRY_CI_CO_SB_CARRY_CI_CO_SB_CARRY_CI_CO_SB_CARRY_CI_CO_SB_CARRY_CI_CO_SB_CARRY_CI_CO_SB_CARRY_CI_CO_SB_LUT4_I3_O_SB_LUT4_O_I3_SB_CARRY_CO_CI_SB_CARRY_CO_CI_SB_CARRY_CO_CI_SB_CARRY_CO_CI_SB_CARRY_CO_CI_SB_CARRY_CO_CI_SB_CARRY_CO_CI_SB_CARRY_CO_CI_SB_CARRY_CO_CI_SB_CARRY_CO$CARRY.CIN
Info:                          Defined in:
Info:                               rtl/core/known_spectral_core.sv:210.24-210.57
Info:                               LOCAL_PRIVATE_PATH 2026/digital ic/.tools/oss-cad-suite/libexec/../share/yosys/ice40/arith_map.v:62.5-70.4
Info:                               LOCAL_PRIVATE_PATH 2026/digital ic/.tools/oss-cad-suite/libexec/../share/yosys/ice40/abc9_model.v:4.9-4.11
Info:      logic  0.28  43.62 Source system.core.real_part_SB_DFFE_Q_27_D_SB_LUT4_O_I3_SB_CARRY_CI_CO_SB_CARRY_CI_CO_SB_LUT4_I3_O_SB_LUT4_O_1_I3_SB_CARRY_CI_CO_SB_LUT4_I3_O_SB_LUT4_O_1_I3_SB_CARRY_CI_CO_SB_LUT4_I3_O_SB_CARRY_I0_CO_SB_CARRY_CI_CO_SB_CARRY_CI_CO_SB_CARRY_CI_CO_SB_CARRY_CI_CO_SB_CARRY_CI_CO_SB_CARRY_CI_CO_SB_CARRY_CI_CO_SB_CARRY_CI_CO_SB_CARRY_CI_CO_SB_CARRY_CI_CO_SB_CARRY_CI_CO_SB_CARRY_CI_CO_SB_CARRY_CI_CO_SB_CARRY_CI_CO_SB_CARRY_CI_CO_SB_CARRY_CI_CO_SB_CARRY_CI_CO_SB_CARRY_CI_CO_SB_CARRY_CI_CO_SB_CARRY_CI_CO_SB_CARRY_CI_CO_SB_CARRY_CI_CO_SB_CARRY_CI_CO_SB_LUT4_I3_O_SB_LUT4_O_I3_SB_CARRY_CO_CI_SB_CARRY_CO_CI_SB_CARRY_CO_CI_SB_CARRY_CO_CI_SB_CARRY_CO_CI_SB_CARRY_CO_CI_SB_CARRY_CO_CI_SB_CARRY_CO_CI_SB_CARRY_CO_CI_SB_CARRY_CO$CARRY.COUT
Info:    routing  0.00  43.62 Net system.core.real_part_SB_DFFE_Q_27_D_SB_LUT4_O_I3_SB_CARRY_CI_CO_SB_CARRY_CI_CO_SB_LUT4_I3_O_SB_LUT4_O_1_I3_SB_CARRY_CI_CO_SB_LUT4_I3_O_SB_LUT4_O_1_I3_SB_CARRY_CI_CO_SB_LUT4_I3_O_SB_CARRY_I0_CO_SB_CARRY_CI_CO_SB_CARRY_CI_CO_SB_CARRY_CI_CO_SB_CARRY_CI_CO_SB_CARRY_CI_CO_SB_CARRY_CI_CO_SB_CARRY_CI_CO_SB_CARRY_CI_CO_SB_CARRY_CI_CO_SB_CARRY_CI_CO_SB_CARRY_CI_CO_SB_CARRY_CI_CO_SB_CARRY_CI_CO_SB_CARRY_CI_CO_SB_CARRY_CI_CO_SB_CARRY_CI_CO_SB_CARRY_CI_CO_SB_CARRY_CI_CO_SB_CARRY_CI_CO_SB_CARRY_CI_CO_SB_CARRY_CI_CO_SB_CARRY_CI_CO_SB_CARRY_CI_CO_SB_LUT4_I3_O_SB_LUT4_O_I3_SB_CARRY_CO_CI_SB_CARRY_CO_CI_SB_CARRY_CO_CI_SB_CARRY_CO_CI_SB_CARRY_CO_CI_SB_CARRY_CO_CI_SB_CARRY_CO_CI_SB_CARRY_CO_CI_SB_CARRY_CO_CI (1,7) -> (1,7)
Info:                          Sink system.core.real_part_SB_DFFE_Q_27_D_SB_LUT4_O_I3_SB_CARRY_CI_CO_SB_CARRY_CI_CO_SB_LUT4_I3_O_SB_LUT4_O_1_I3_SB_CARRY_CI_CO_SB_LUT4_I3_O_SB_LUT4_O_1_I3_SB_CARRY_CI_CO_SB_LUT4_I3_O_SB_CARRY_I0_CO_SB_CARRY_CI_CO_SB_CARRY_CI_CO_SB_CARRY_CI_CO_SB_CARRY_CI_CO_SB_CARRY_CI_CO_SB_CARRY_CI_CO_SB_CARRY_CI_CO_SB_CARRY_CI_CO_SB_CARRY_CI_CO_SB_CARRY_CI_CO_SB_CARRY_CI_CO_SB_CARRY_CI_CO_SB_CARRY_CI_CO_SB_CARRY_CI_CO_SB_CARRY_CI_CO_SB_CARRY_CI_CO_SB_CARRY_CI_CO_SB_CARRY_CI_CO_SB_CARRY_CI_CO_SB_CARRY_CI_CO_SB_CARRY_CI_CO_SB_CARRY_CI_CO_SB_CARRY_CI_CO_SB_LUT4_I3_O_SB_LUT4_O_I3_SB_CARRY_CO_CI_SB_CARRY_CO_CI_SB_CARRY_CO_CI_SB_CARRY_CO_CI_SB_CARRY_CO_CI_SB_CARRY_CO_CI_SB_CARRY_CO_CI_SB_CARRY_CO_CI_SB_CARRY_CO$CARRY.CIN
Info:                          Defined in:
Info:                               rtl/core/known_spectral_core.sv:210.24-210.57
Info:                               LOCAL_PRIVATE_PATH 2026/digital ic/.tools/oss-cad-suite/libexec/../share/yosys/ice40/arith_map.v:62.5-70.4
Info:                               LOCAL_PRIVATE_PATH 2026/digital ic/.tools/oss-cad-suite/libexec/../share/yosys/ice40/abc9_model.v:4.9-4.11
Info:      logic  0.28  43.90 Source system.core.real_part_SB_DFFE_Q_27_D_SB_LUT4_O_I3_SB_CARRY_CI_CO_SB_CARRY_CI_CO_SB_LUT4_I3_O_SB_LUT4_O_1_I3_SB_CARRY_CI_CO_SB_LUT4_I3_O_SB_LUT4_O_1_I3_SB_CARRY_CI_CO_SB_LUT4_I3_O_SB_CARRY_I0_CO_SB_CARRY_CI_CO_SB_CARRY_CI_CO_SB_CARRY_CI_CO_SB_CARRY_CI_CO_SB_CARRY_CI_CO_SB_CARRY_CI_CO_SB_CARRY_CI_CO_SB_CARRY_CI_CO_SB_CARRY_CI_CO_SB_CARRY_CI_CO_SB_CARRY_CI_CO_SB_CARRY_CI_CO_SB_CARRY_CI_CO_SB_CARRY_CI_CO_SB_CARRY_CI_CO_SB_CARRY_CI_CO_SB_CARRY_CI_CO_SB_CARRY_CI_CO_SB_CARRY_CI_CO_SB_CARRY_CI_CO_SB_CARRY_CI_CO_SB_CARRY_CI_CO_SB_CARRY_CI_CO_SB_LUT4_I3_O_SB_LUT4_O_I3_SB_CARRY_CO_CI_SB_CARRY_CO_CI_SB_CARRY_CO_CI_SB_CARRY_CO_CI_SB_CARRY_CO_CI_SB_CARRY_CO_CI_SB_CARRY_CO_CI_SB_CARRY_CO_CI_SB_CARRY_CO$CARRY.COUT
Info:    routing  0.00  43.90 Net system.core.real_part_SB_DFFE_Q_27_D_SB_LUT4_O_I3_SB_CARRY_CI_CO_SB_CARRY_CI_CO_SB_LUT4_I3_O_SB_LUT4_O_1_I3_SB_CARRY_CI_CO_SB_LUT4_I3_O_SB_LUT4_O_1_I3_SB_CARRY_CI_CO_SB_LUT4_I3_O_SB_CARRY_I0_CO_SB_CARRY_CI_CO_SB_CARRY_CI_CO_SB_CARRY_CI_CO_SB_CARRY_CI_CO_SB_CARRY_CI_CO_SB_CARRY_CI_CO_SB_CARRY_CI_CO_SB_CARRY_CI_CO_SB_CARRY_CI_CO_SB_CARRY_CI_CO_SB_CARRY_CI_CO_SB_CARRY_CI_CO_SB_CARRY_CI_CO_SB_CARRY_CI_CO_SB_CARRY_CI_CO_SB_CARRY_CI_CO_SB_CARRY_CI_CO_SB_CARRY_CI_CO_SB_CARRY_CI_CO_SB_CARRY_CI_CO_SB_CARRY_CI_CO_SB_CARRY_CI_CO_SB_CARRY_CI_CO_SB_LUT4_I3_O_SB_LUT4_O_I3_SB_CARRY_CO_CI_SB_CARRY_CO_CI_SB_CARRY_CO_CI_SB_CARRY_CO_CI_SB_CARRY_CO_CI_SB_CARRY_CO_CI_SB_CARRY_CO_CI_SB_CARRY_CO_CI (1,7) -> (1,7)
Info:                          Sink system.core.real_part_SB_DFFE_Q_27_D_SB_LUT4_O_I3_SB_CARRY_CI_CO_SB_CARRY_CI_CO_SB_LUT4_I3_O_SB_LUT4_O_1_I3_SB_CARRY_CI_CO_SB_LUT4_I3_O_SB_LUT4_O_1_I3_SB_CARRY_CI_CO_SB_LUT4_I3_O_SB_CARRY_I0_CO_SB_CARRY_CI_CO_SB_CARRY_CI_CO_SB_CARRY_CI_CO_SB_CARRY_CI_CO_SB_CARRY_CI_CO_SB_CARRY_CI_CO_SB_CARRY_CI_CO_SB_CARRY_CI_CO_SB_CARRY_CI_CO_SB_CARRY_CI_CO_SB_CARRY_CI_CO_SB_CARRY_CI_CO_SB_CARRY_CI_CO_SB_CARRY_CI_CO_SB_CARRY_CI_CO_SB_CARRY_CI_CO_SB_CARRY_CI_CO_SB_CARRY_CI_CO_SB_CARRY_CI_CO_SB_CARRY_CI_CO_SB_CARRY_CI_CO_SB_CARRY_CI_CO_SB_CARRY_CI_CO_SB_LUT4_I3_O_SB_LUT4_O_I3_SB_CARRY_CO_CI_SB_CARRY_CO_CI_SB_CARRY_CO_CI_SB_CARRY_CO_CI_SB_CARRY_CO_CI_SB_CARRY_CO_CI_SB_CARRY_CO_CI_SB_CARRY_CO$CARRY.CIN
Info:                          Defined in:
Info:                               rtl/core/known_spectral_core.sv:210.24-210.57
Info:                               LOCAL_PRIVATE_PATH 2026/digital ic/.tools/oss-cad-suite/libexec/../share/yosys/ice40/arith_map.v:62.5-70.4
Info:                               LOCAL_PRIVATE_PATH 2026/digital ic/.tools/oss-cad-suite/libexec/../share/yosys/ice40/abc9_model.v:4.9-4.11
Info:      logic  0.28  44.18 Source system.core.real_part_SB_DFFE_Q_27_D_SB_LUT4_O_I3_SB_CARRY_CI_CO_SB_CARRY_CI_CO_SB_LUT4_I3_O_SB_LUT4_O_1_I3_SB_CARRY_CI_CO_SB_LUT4_I3_O_SB_LUT4_O_1_I3_SB_CARRY_CI_CO_SB_LUT4_I3_O_SB_CARRY_I0_CO_SB_CARRY_CI_CO_SB_CARRY_CI_CO_SB_CARRY_CI_CO_SB_CARRY_CI_CO_SB_CARRY_CI_CO_SB_CARRY_CI_CO_SB_CARRY_CI_CO_SB_CARRY_CI_CO_SB_CARRY_CI_CO_SB_CARRY_CI_CO_SB_CARRY_CI_CO_SB_CARRY_CI_CO_SB_CARRY_CI_CO_SB_CARRY_CI_CO_SB_CARRY_CI_CO_SB_CARRY_CI_CO_SB_CARRY_CI_CO_SB_CARRY_CI_CO_SB_CARRY_CI_CO_SB_CARRY_CI_CO_SB_CARRY_CI_CO_SB_CARRY_CI_CO_SB_CARRY_CI_CO_SB_LUT4_I3_O_SB_LUT4_O_I3_SB_CARRY_CO_CI_SB_CARRY_CO_CI_SB_CARRY_CO_CI_SB_CARRY_CO_CI_SB_CARRY_CO_CI_SB_CARRY_CO_CI_SB_CARRY_CO_CI_SB_CARRY_CO$CARRY.COUT
Info:    routing  0.56  44.73 Net system.core.real_part_SB_DFFE_Q_27_D_SB_LUT4_O_I3_SB_CARRY_CI_CO_SB_CARRY_CI_CO_SB_LUT4_I3_O_SB_LUT4_O_1_I3_SB_CARRY_CI_CO_SB_LUT4_I3_O_SB_LUT4_O_1_I3_SB_CARRY_CI_CO_SB_LUT4_I3_O_SB_CARRY_I0_CO_SB_CARRY_CI_CO_SB_CARRY_CI_CO_SB_CARRY_CI_CO_SB_CARRY_CI_CO_SB_CARRY_CI_CO_SB_CARRY_CI_CO_SB_CARRY_CI_CO_SB_CARRY_CI_CO_SB_CARRY_CI_CO_SB_CARRY_CI_CO_SB_CARRY_CI_CO_SB_CARRY_CI_CO_SB_CARRY_CI_CO_SB_CARRY_CI_CO_SB_CARRY_CI_CO_SB_CARRY_CI_CO_SB_CARRY_CI_CO_SB_CARRY_CI_CO_SB_CARRY_CI_CO_SB_CARRY_CI_CO_SB_CARRY_CI_CO_SB_CARRY_CI_CO_SB_CARRY_CI_CO_SB_LUT4_I3_O_SB_LUT4_O_I3_SB_CARRY_CO_CI_SB_CARRY_CO_CI_SB_CARRY_CO_CI_SB_CARRY_CO_CI_SB_CARRY_CO_CI_SB_CARRY_CO_CI_SB_CARRY_CO_CI (1,7) -> (1,8)
Info:                          Sink system.core.real_part_SB_DFFE_Q_27_D_SB_LUT4_O_I3_SB_CARRY_CI_CO_SB_CARRY_CI_CO_SB_LUT4_I3_O_SB_LUT4_O_1_I3_SB_CARRY_CI_CO_SB_LUT4_I3_O_SB_LUT4_O_1_I3_SB_CARRY_CI_CO_SB_LUT4_I3_O_SB_CARRY_I0_CO_SB_CARRY_CI_CO_SB_CARRY_CI_CO_SB_CARRY_CI_CO_SB_CARRY_CI_CO_SB_CARRY_CI_CO_SB_CARRY_CI_CO_SB_CARRY_CI_CO_SB_CARRY_CI_CO_SB_CARRY_CI_CO_SB_CARRY_CI_CO_SB_CARRY_CI_CO_SB_CARRY_CI_CO_SB_CARRY_CI_CO_SB_CARRY_CI_CO_SB_CARRY_CI_CO_SB_CARRY_CI_CO_SB_CARRY_CI_CO_SB_CARRY_CI_CO_SB_CARRY_CI_CO_SB_CARRY_CI_CO_SB_CARRY_CI_CO_SB_CARRY_CI_CO_SB_CARRY_CI_CO_SB_LUT4_I3_O_SB_LUT4_O_I3_SB_CARRY_CO_CI_SB_CARRY_CO_CI_SB_CARRY_CO_CI_SB_CARRY_CO_CI_SB_CARRY_CO_CI_SB_CARRY_CO_CI_SB_CARRY_CO$CARRY.CIN
Info:                          Defined in:
Info:                               rtl/core/known_spectral_core.sv:210.24-210.57
Info:                               LOCAL_PRIVATE_PATH 2026/digital ic/.tools/oss-cad-suite/libexec/../share/yosys/ice40/arith_map.v:62.5-70.4
Info:                               LOCAL_PRIVATE_PATH 2026/digital ic/.tools/oss-cad-suite/libexec/../share/yosys/ice40/abc9_model.v:4.9-4.11
Info:      logic  0.28  45.01 Source system.core.real_part_SB_DFFE_Q_27_D_SB_LUT4_O_I3_SB_CARRY_CI_CO_SB_CARRY_CI_CO_SB_LUT4_I3_O_SB_LUT4_O_1_I3_SB_CARRY_CI_CO_SB_LUT4_I3_O_SB_LUT4_O_1_I3_SB_CARRY_CI_CO_SB_LUT4_I3_O_SB_CARRY_I0_CO_SB_CARRY_CI_CO_SB_CARRY_CI_CO_SB_CARRY_CI_CO_SB_CARRY_CI_CO_SB_CARRY_CI_CO_SB_CARRY_CI_CO_SB_CARRY_CI_CO_SB_CARRY_CI_CO_SB_CARRY_CI_CO_SB_CARRY_CI_CO_SB_CARRY_CI_CO_SB_CARRY_CI_CO_SB_CARRY_CI_CO_SB_CARRY_CI_CO_SB_CARRY_CI_CO_SB_CARRY_CI_CO_SB_CARRY_CI_CO_SB_CARRY_CI_CO_SB_CARRY_CI_CO_SB_CARRY_CI_CO_SB_CARRY_CI_CO_SB_CARRY_CI_CO_SB_CARRY_CI_CO_SB_LUT4_I3_O_SB_LUT4_O_I3_SB_CARRY_CO_CI_SB_CARRY_CO_CI_SB_CARRY_CO_CI_SB_CARRY_CO_CI_SB_CARRY_CO_CI_SB_CARRY_CO_CI_SB_CARRY_CO$CARRY.COUT
Info:    routing  0.00  45.01 Net system.core.real_part_SB_DFFE_Q_27_D_SB_LUT4_O_I3_SB_CARRY_CI_CO_SB_CARRY_CI_CO_SB_LUT4_I3_O_SB_LUT4_O_1_I3_SB_CARRY_CI_CO_SB_LUT4_I3_O_SB_LUT4_O_1_I3_SB_CARRY_CI_CO_SB_LUT4_I3_O_SB_CARRY_I0_CO_SB_CARRY_CI_CO_SB_CARRY_CI_CO_SB_CARRY_CI_CO_SB_CARRY_CI_CO_SB_CARRY_CI_CO_SB_CARRY_CI_CO_SB_CARRY_CI_CO_SB_CARRY_CI_CO_SB_CARRY_CI_CO_SB_CARRY_CI_CO_SB_CARRY_CI_CO_SB_CARRY_CI_CO_SB_CARRY_CI_CO_SB_CARRY_CI_CO_SB_CARRY_CI_CO_SB_CARRY_CI_CO_SB_CARRY_CI_CO_SB_CARRY_CI_CO_SB_CARRY_CI_CO_SB_CARRY_CI_CO_SB_CARRY_CI_CO_SB_CARRY_CI_CO_SB_CARRY_CI_CO_SB_LUT4_I3_O_SB_LUT4_O_I3_SB_CARRY_CO_CI_SB_CARRY_CO_CI_SB_CARRY_CO_CI_SB_CARRY_CO_CI_SB_CARRY_CO_CI_SB_CARRY_CO_CI (1,8) -> (1,8)
Info:                          Sink system.core.real_part_SB_DFFE_Q_27_D_SB_LUT4_O_I3_SB_CARRY_CI_CO_SB_CARRY_CI_CO_SB_LUT4_I3_O_SB_LUT4_O_1_I3_SB_CARRY_CI_CO_SB_LUT4_I3_O_SB_LUT4_O_1_I3_SB_CARRY_CI_CO_SB_LUT4_I3_O_SB_CARRY_I0_CO_SB_CARRY_CI_CO_SB_CARRY_CI_CO_SB_CARRY_CI_CO_SB_CARRY_CI_CO_SB_CARRY_CI_CO_SB_CARRY_CI_CO_SB_CARRY_CI_CO_SB_CARRY_CI_CO_SB_CARRY_CI_CO_SB_CARRY_CI_CO_SB_CARRY_CI_CO_SB_CARRY_CI_CO_SB_CARRY_CI_CO_SB_CARRY_CI_CO_SB_CARRY_CI_CO_SB_CARRY_CI_CO_SB_CARRY_CI_CO_SB_CARRY_CI_CO_SB_CARRY_CI_CO_SB_CARRY_CI_CO_SB_CARRY_CI_CO_SB_CARRY_CI_CO_SB_CARRY_CI_CO_SB_LUT4_I3_O_SB_LUT4_O_I3_SB_CARRY_CO_CI_SB_CARRY_CO_CI_SB_CARRY_CO_CI_SB_CARRY_CO_CI_SB_CARRY_CO_CI_SB_CARRY_CO$CARRY.CIN
Info:                          Defined in:
Info:                               rtl/core/known_spectral_core.sv:210.24-210.57
Info:                               LOCAL_PRIVATE_PATH 2026/digital ic/.tools/oss-cad-suite/libexec/../share/yosys/ice40/arith_map.v:62.5-70.4
Info:                               LOCAL_PRIVATE_PATH 2026/digital ic/.tools/oss-cad-suite/libexec/../share/yosys/ice40/abc9_model.v:4.9-4.11
Info:      logic  0.28  45.29 Source system.core.real_part_SB_DFFE_Q_27_D_SB_LUT4_O_I3_SB_CARRY_CI_CO_SB_CARRY_CI_CO_SB_LUT4_I3_O_SB_LUT4_O_1_I3_SB_CARRY_CI_CO_SB_LUT4_I3_O_SB_LUT4_O_1_I3_SB_CARRY_CI_CO_SB_LUT4_I3_O_SB_CARRY_I0_CO_SB_CARRY_CI_CO_SB_CARRY_CI_CO_SB_CARRY_CI_CO_SB_CARRY_CI_CO_SB_CARRY_CI_CO_SB_CARRY_CI_CO_SB_CARRY_CI_CO_SB_CARRY_CI_CO_SB_CARRY_CI_CO_SB_CARRY_CI_CO_SB_CARRY_CI_CO_SB_CARRY_CI_CO_SB_CARRY_CI_CO_SB_CARRY_CI_CO_SB_CARRY_CI_CO_SB_CARRY_CI_CO_SB_CARRY_CI_CO_SB_CARRY_CI_CO_SB_CARRY_CI_CO_SB_CARRY_CI_CO_SB_CARRY_CI_CO_SB_CARRY_CI_CO_SB_CARRY_CI_CO_SB_LUT4_I3_O_SB_LUT4_O_I3_SB_CARRY_CO_CI_SB_CARRY_CO_CI_SB_CARRY_CO_CI_SB_CARRY_CO_CI_SB_CARRY_CO_CI_SB_CARRY_CO$CARRY.COUT
Info:    routing  0.00  45.29 Net system.core.real_part_SB_DFFE_Q_27_D_SB_LUT4_O_I3_SB_CARRY_CI_CO_SB_CARRY_CI_CO_SB_LUT4_I3_O_SB_LUT4_O_1_I3_SB_CARRY_CI_CO_SB_LUT4_I3_O_SB_LUT4_O_1_I3_SB_CARRY_CI_CO_SB_LUT4_I3_O_SB_CARRY_I0_CO_SB_CARRY_CI_CO_SB_CARRY_CI_CO_SB_CARRY_CI_CO_SB_CARRY_CI_CO_SB_CARRY_CI_CO_SB_CARRY_CI_CO_SB_CARRY_CI_CO_SB_CARRY_CI_CO_SB_CARRY_CI_CO_SB_CARRY_CI_CO_SB_CARRY_CI_CO_SB_CARRY_CI_CO_SB_CARRY_CI_CO_SB_CARRY_CI_CO_SB_CARRY_CI_CO_SB_CARRY_CI_CO_SB_CARRY_CI_CO_SB_CARRY_CI_CO_SB_CARRY_CI_CO_SB_CARRY_CI_CO_SB_CARRY_CI_CO_SB_CARRY_CI_CO_SB_CARRY_CI_CO_SB_LUT4_I3_O_SB_LUT4_O_I3_SB_CARRY_CO_CI_SB_CARRY_CO_CI_SB_CARRY_CO_CI_SB_CARRY_CO_CI_SB_CARRY_CO_CI (1,8) -> (1,8)
Info:                          Sink system.core.real_part_SB_DFFE_Q_27_D_SB_LUT4_O_I3_SB_CARRY_CI_CO_SB_CARRY_CI_CO_SB_LUT4_I3_O_SB_LUT4_O_1_I3_SB_CARRY_CI_CO_SB_LUT4_I3_O_SB_LUT4_O_1_I3_SB_CARRY_CI_CO_SB_LUT4_I3_O_SB_CARRY_I0_CO_SB_CARRY_CI_CO_SB_CARRY_CI_CO_SB_CARRY_CI_CO_SB_CARRY_CI_CO_SB_CARRY_CI_CO_SB_CARRY_CI_CO_SB_CARRY_CI_CO_SB_CARRY_CI_CO_SB_CARRY_CI_CO_SB_CARRY_CI_CO_SB_CARRY_CI_CO_SB_CARRY_CI_CO_SB_CARRY_CI_CO_SB_CARRY_CI_CO_SB_CARRY_CI_CO_SB_CARRY_CI_CO_SB_CARRY_CI_CO_SB_CARRY_CI_CO_SB_CARRY_CI_CO_SB_CARRY_CI_CO_SB_CARRY_CI_CO_SB_CARRY_CI_CO_SB_CARRY_CI_CO_SB_LUT4_I3_O_SB_LUT4_O_I3_SB_CARRY_CO_CI_SB_CARRY_CO_CI_SB_CARRY_CO_CI_SB_CARRY_CO_CI_SB_CARRY_CO$CARRY.CIN
Info:                          Defined in:
Info:                               rtl/core/known_spectral_core.sv:210.24-210.57
Info:                               LOCAL_PRIVATE_PATH 2026/digital ic/.tools/oss-cad-suite/libexec/../share/yosys/ice40/arith_map.v:62.5-70.4
Info:                               LOCAL_PRIVATE_PATH 2026/digital ic/.tools/oss-cad-suite/libexec/../share/yosys/ice40/abc9_model.v:4.9-4.11
Info:      logic  0.28  45.57 Source system.core.real_part_SB_DFFE_Q_27_D_SB_LUT4_O_I3_SB_CARRY_CI_CO_SB_CARRY_CI_CO_SB_LUT4_I3_O_SB_LUT4_O_1_I3_SB_CARRY_CI_CO_SB_LUT4_I3_O_SB_LUT4_O_1_I3_SB_CARRY_CI_CO_SB_LUT4_I3_O_SB_CARRY_I0_CO_SB_CARRY_CI_CO_SB_CARRY_CI_CO_SB_CARRY_CI_CO_SB_CARRY_CI_CO_SB_CARRY_CI_CO_SB_CARRY_CI_CO_SB_CARRY_CI_CO_SB_CARRY_CI_CO_SB_CARRY_CI_CO_SB_CARRY_CI_CO_SB_CARRY_CI_CO_SB_CARRY_CI_CO_SB_CARRY_CI_CO_SB_CARRY_CI_CO_SB_CARRY_CI_CO_SB_CARRY_CI_CO_SB_CARRY_CI_CO_SB_CARRY_CI_CO_SB_CARRY_CI_CO_SB_CARRY_CI_CO_SB_CARRY_CI_CO_SB_CARRY_CI_CO_SB_CARRY_CI_CO_SB_LUT4_I3_O_SB_LUT4_O_I3_SB_CARRY_CO_CI_SB_CARRY_CO_CI_SB_CARRY_CO_CI_SB_CARRY_CO_CI_SB_CARRY_CO$CARRY.COUT
Info:    routing  0.00  45.57 Net system.core.real_part_SB_DFFE_Q_27_D_SB_LUT4_O_I3_SB_CARRY_CI_CO_SB_CARRY_CI_CO_SB_LUT4_I3_O_SB_LUT4_O_1_I3_SB_CARRY_CI_CO_SB_LUT4_I3_O_SB_LUT4_O_1_I3_SB_CARRY_CI_CO_SB_LUT4_I3_O_SB_CARRY_I0_CO_SB_CARRY_CI_CO_SB_CARRY_CI_CO_SB_CARRY_CI_CO_SB_CARRY_CI_CO_SB_CARRY_CI_CO_SB_CARRY_CI_CO_SB_CARRY_CI_CO_SB_CARRY_CI_CO_SB_CARRY_CI_CO_SB_CARRY_CI_CO_SB_CARRY_CI_CO_SB_CARRY_CI_CO_SB_CARRY_CI_CO_SB_CARRY_CI_CO_SB_CARRY_CI_CO_SB_CARRY_CI_CO_SB_CARRY_CI_CO_SB_CARRY_CI_CO_SB_CARRY_CI_CO_SB_CARRY_CI_CO_SB_CARRY_CI_CO_SB_CARRY_CI_CO_SB_CARRY_CI_CO_SB_LUT4_I3_O_SB_LUT4_O_I3_SB_CARRY_CO_CI_SB_CARRY_CO_CI_SB_CARRY_CO_CI_SB_CARRY_CO_CI (1,8) -> (1,8)
Info:                          Sink system.core.real_part_SB_DFFE_Q_27_D_SB_LUT4_O_I3_SB_CARRY_CI_CO_SB_CARRY_CI_CO_SB_LUT4_I3_O_SB_LUT4_O_1_I3_SB_CARRY_CI_CO_SB_LUT4_I3_O_SB_LUT4_O_1_I3_SB_CARRY_CI_CO_SB_LUT4_I3_O_SB_CARRY_I0_CO_SB_CARRY_CI_CO_SB_CARRY_CI_CO_SB_CARRY_CI_CO_SB_CARRY_CI_CO_SB_CARRY_CI_CO_SB_CARRY_CI_CO_SB_CARRY_CI_CO_SB_CARRY_CI_CO_SB_CARRY_CI_CO_SB_CARRY_CI_CO_SB_CARRY_CI_CO_SB_CARRY_CI_CO_SB_CARRY_CI_CO_SB_CARRY_CI_CO_SB_CARRY_CI_CO_SB_CARRY_CI_CO_SB_CARRY_CI_CO_SB_CARRY_CI_CO_SB_CARRY_CI_CO_SB_CARRY_CI_CO_SB_CARRY_CI_CO_SB_CARRY_CI_CO_SB_CARRY_CI_CO_SB_LUT4_I3_O_SB_LUT4_O_I3_SB_CARRY_CO_CI_SB_CARRY_CO_CI_SB_CARRY_CO_CI_SB_CARRY_CO$CARRY.CIN
Info:                          Defined in:
Info:                               rtl/core/known_spectral_core.sv:210.24-210.57
Info:                               LOCAL_PRIVATE_PATH 2026/digital ic/.tools/oss-cad-suite/libexec/../share/yosys/ice40/arith_map.v:62.5-70.4
Info:                               LOCAL_PRIVATE_PATH 2026/digital ic/.tools/oss-cad-suite/libexec/../share/yosys/ice40/abc9_model.v:4.9-4.11
Info:      logic  0.28  45.85 Source system.core.real_part_SB_DFFE_Q_27_D_SB_LUT4_O_I3_SB_CARRY_CI_CO_SB_CARRY_CI_CO_SB_LUT4_I3_O_SB_LUT4_O_1_I3_SB_CARRY_CI_CO_SB_LUT4_I3_O_SB_LUT4_O_1_I3_SB_CARRY_CI_CO_SB_LUT4_I3_O_SB_CARRY_I0_CO_SB_CARRY_CI_CO_SB_CARRY_CI_CO_SB_CARRY_CI_CO_SB_CARRY_CI_CO_SB_CARRY_CI_CO_SB_CARRY_CI_CO_SB_CARRY_CI_CO_SB_CARRY_CI_CO_SB_CARRY_CI_CO_SB_CARRY_CI_CO_SB_CARRY_CI_CO_SB_CARRY_CI_CO_SB_CARRY_CI_CO_SB_CARRY_CI_CO_SB_CARRY_CI_CO_SB_CARRY_CI_CO_SB_CARRY_CI_CO_SB_CARRY_CI_CO_SB_CARRY_CI_CO_SB_CARRY_CI_CO_SB_CARRY_CI_CO_SB_CARRY_CI_CO_SB_CARRY_CI_CO_SB_LUT4_I3_O_SB_LUT4_O_I3_SB_CARRY_CO_CI_SB_CARRY_CO_CI_SB_CARRY_CO_CI_SB_CARRY_CO$CARRY.COUT
Info:    routing  0.00  45.85 Net system.core.real_part_SB_DFFE_Q_27_D_SB_LUT4_O_I3_SB_CARRY_CI_CO_SB_CARRY_CI_CO_SB_LUT4_I3_O_SB_LUT4_O_1_I3_SB_CARRY_CI_CO_SB_LUT4_I3_O_SB_LUT4_O_1_I3_SB_CARRY_CI_CO_SB_LUT4_I3_O_SB_CARRY_I0_CO_SB_CARRY_CI_CO_SB_CARRY_CI_CO_SB_CARRY_CI_CO_SB_CARRY_CI_CO_SB_CARRY_CI_CO_SB_CARRY_CI_CO_SB_CARRY_CI_CO_SB_CARRY_CI_CO_SB_CARRY_CI_CO_SB_CARRY_CI_CO_SB_CARRY_CI_CO_SB_CARRY_CI_CO_SB_CARRY_CI_CO_SB_CARRY_CI_CO_SB_CARRY_CI_CO_SB_CARRY_CI_CO_SB_CARRY_CI_CO_SB_CARRY_CI_CO_SB_CARRY_CI_CO_SB_CARRY_CI_CO_SB_CARRY_CI_CO_SB_CARRY_CI_CO_SB_CARRY_CI_CO_SB_LUT4_I3_O_SB_LUT4_O_I3_SB_CARRY_CO_CI_SB_CARRY_CO_CI_SB_CARRY_CO_CI (1,8) -> (1,8)
Info:                          Sink system.core.real_part_SB_DFFE_Q_27_D_SB_LUT4_O_I3_SB_CARRY_CI_CO_SB_CARRY_CI_CO_SB_LUT4_I3_O_SB_LUT4_O_1_I3_SB_CARRY_CI_CO_SB_LUT4_I3_O_SB_LUT4_O_1_I3_SB_CARRY_CI_CO_SB_LUT4_I3_O_SB_CARRY_I0_CO_SB_CARRY_CI_CO_SB_CARRY_CI_CO_SB_CARRY_CI_CO_SB_CARRY_CI_CO_SB_CARRY_CI_CO_SB_CARRY_CI_CO_SB_CARRY_CI_CO_SB_CARRY_CI_CO_SB_CARRY_CI_CO_SB_CARRY_CI_CO_SB_CARRY_CI_CO_SB_CARRY_CI_CO_SB_CARRY_CI_CO_SB_CARRY_CI_CO_SB_CARRY_CI_CO_SB_CARRY_CI_CO_SB_CARRY_CI_CO_SB_CARRY_CI_CO_SB_CARRY_CI_CO_SB_CARRY_CI_CO_SB_CARRY_CI_CO_SB_CARRY_CI_CO_SB_CARRY_CI_CO_SB_LUT4_I3_O_SB_LUT4_O_I3_SB_CARRY_CO_CI_SB_CARRY_CO_CI_SB_CARRY_CO$CARRY.CIN
Info:                          Defined in:
Info:                               rtl/core/known_spectral_core.sv:210.24-210.57
Info:                               LOCAL_PRIVATE_PATH 2026/digital ic/.tools/oss-cad-suite/libexec/../share/yosys/ice40/arith_map.v:62.5-70.4
Info:                               LOCAL_PRIVATE_PATH 2026/digital ic/.tools/oss-cad-suite/libexec/../share/yosys/ice40/abc9_model.v:4.9-4.11
Info:      logic  0.28  46.12 Source system.core.real_part_SB_DFFE_Q_27_D_SB_LUT4_O_I3_SB_CARRY_CI_CO_SB_CARRY_CI_CO_SB_LUT4_I3_O_SB_LUT4_O_1_I3_SB_CARRY_CI_CO_SB_LUT4_I3_O_SB_LUT4_O_1_I3_SB_CARRY_CI_CO_SB_LUT4_I3_O_SB_CARRY_I0_CO_SB_CARRY_CI_CO_SB_CARRY_CI_CO_SB_CARRY_CI_CO_SB_CARRY_CI_CO_SB_CARRY_CI_CO_SB_CARRY_CI_CO_SB_CARRY_CI_CO_SB_CARRY_CI_CO_SB_CARRY_CI_CO_SB_CARRY_CI_CO_SB_CARRY_CI_CO_SB_CARRY_CI_CO_SB_CARRY_CI_CO_SB_CARRY_CI_CO_SB_CARRY_CI_CO_SB_CARRY_CI_CO_SB_CARRY_CI_CO_SB_CARRY_CI_CO_SB_CARRY_CI_CO_SB_CARRY_CI_CO_SB_CARRY_CI_CO_SB_CARRY_CI_CO_SB_CARRY_CI_CO_SB_LUT4_I3_O_SB_LUT4_O_I3_SB_CARRY_CO_CI_SB_CARRY_CO_CI_SB_CARRY_CO$CARRY.COUT
Info:    routing  0.00  46.12 Net system.core.real_part_SB_DFFE_Q_27_D_SB_LUT4_O_I3_SB_CARRY_CI_CO_SB_CARRY_CI_CO_SB_LUT4_I3_O_SB_LUT4_O_1_I3_SB_CARRY_CI_CO_SB_LUT4_I3_O_SB_LUT4_O_1_I3_SB_CARRY_CI_CO_SB_LUT4_I3_O_SB_CARRY_I0_CO_SB_CARRY_CI_CO_SB_CARRY_CI_CO_SB_CARRY_CI_CO_SB_CARRY_CI_CO_SB_CARRY_CI_CO_SB_CARRY_CI_CO_SB_CARRY_CI_CO_SB_CARRY_CI_CO_SB_CARRY_CI_CO_SB_CARRY_CI_CO_SB_CARRY_CI_CO_SB_CARRY_CI_CO_SB_CARRY_CI_CO_SB_CARRY_CI_CO_SB_CARRY_CI_CO_SB_CARRY_CI_CO_SB_CARRY_CI_CO_SB_CARRY_CI_CO_SB_CARRY_CI_CO_SB_CARRY_CI_CO_SB_CARRY_CI_CO_SB_CARRY_CI_CO_SB_CARRY_CI_CO_SB_LUT4_I3_O_SB_LUT4_O_I3_SB_CARRY_CO_CI_SB_CARRY_CO_CI (1,8) -> (1,8)
Info:                          Sink system.core.real_part_SB_DFFE_Q_27_D_SB_LUT4_O_I3_SB_CARRY_CI_CO_SB_CARRY_CI_CO_SB_LUT4_I3_O_SB_LUT4_O_1_I3_SB_CARRY_CI_CO_SB_LUT4_I3_O_SB_LUT4_O_1_I3_SB_CARRY_CI_CO_SB_LUT4_I3_O_SB_CARRY_I0_CO_SB_CARRY_CI_CO_SB_CARRY_CI_CO_SB_CARRY_CI_CO_SB_CARRY_CI_CO_SB_CARRY_CI_CO_SB_CARRY_CI_CO_SB_CARRY_CI_CO_SB_CARRY_CI_CO_SB_CARRY_CI_CO_SB_CARRY_CI_CO_SB_CARRY_CI_CO_SB_CARRY_CI_CO_SB_CARRY_CI_CO_SB_CARRY_CI_CO_SB_CARRY_CI_CO_SB_CARRY_CI_CO_SB_CARRY_CI_CO_SB_CARRY_CI_CO_SB_CARRY_CI_CO_SB_CARRY_CI_CO_SB_CARRY_CI_CO_SB_CARRY_CI_CO_SB_CARRY_CI_CO_SB_LUT4_I3_O_SB_LUT4_O_I3_SB_CARRY_CO_CI_SB_CARRY_CO$CARRY.CIN
Info:                          Defined in:
Info:                               rtl/core/known_spectral_core.sv:210.24-210.57
Info:                               LOCAL_PRIVATE_PATH 2026/digital ic/.tools/oss-cad-suite/libexec/../share/yosys/ice40/arith_map.v:62.5-70.4
Info:                               LOCAL_PRIVATE_PATH 2026/digital ic/.tools/oss-cad-suite/libexec/../share/yosys/ice40/abc9_model.v:4.9-4.11
Info:      logic  0.28  46.40 Source system.core.real_part_SB_DFFE_Q_27_D_SB_LUT4_O_I3_SB_CARRY_CI_CO_SB_CARRY_CI_CO_SB_LUT4_I3_O_SB_LUT4_O_1_I3_SB_CARRY_CI_CO_SB_LUT4_I3_O_SB_LUT4_O_1_I3_SB_CARRY_CI_CO_SB_LUT4_I3_O_SB_CARRY_I0_CO_SB_CARRY_CI_CO_SB_CARRY_CI_CO_SB_CARRY_CI_CO_SB_CARRY_CI_CO_SB_CARRY_CI_CO_SB_CARRY_CI_CO_SB_CARRY_CI_CO_SB_CARRY_CI_CO_SB_CARRY_CI_CO_SB_CARRY_CI_CO_SB_CARRY_CI_CO_SB_CARRY_CI_CO_SB_CARRY_CI_CO_SB_CARRY_CI_CO_SB_CARRY_CI_CO_SB_CARRY_CI_CO_SB_CARRY_CI_CO_SB_CARRY_CI_CO_SB_CARRY_CI_CO_SB_CARRY_CI_CO_SB_CARRY_CI_CO_SB_CARRY_CI_CO_SB_CARRY_CI_CO_SB_LUT4_I3_O_SB_LUT4_O_I3_SB_CARRY_CO_CI_SB_CARRY_CO$CARRY.COUT
Info:    routing  0.00  46.40 Net system.core.real_part_SB_DFFE_Q_27_D_SB_LUT4_O_I3_SB_CARRY_CI_CO_SB_CARRY_CI_CO_SB_LUT4_I3_O_SB_LUT4_O_1_I3_SB_CARRY_CI_CO_SB_LUT4_I3_O_SB_LUT4_O_1_I3_SB_CARRY_CI_CO_SB_LUT4_I3_O_SB_CARRY_I0_CO_SB_CARRY_CI_CO_SB_CARRY_CI_CO_SB_CARRY_CI_CO_SB_CARRY_CI_CO_SB_CARRY_CI_CO_SB_CARRY_CI_CO_SB_CARRY_CI_CO_SB_CARRY_CI_CO_SB_CARRY_CI_CO_SB_CARRY_CI_CO_SB_CARRY_CI_CO_SB_CARRY_CI_CO_SB_CARRY_CI_CO_SB_CARRY_CI_CO_SB_CARRY_CI_CO_SB_CARRY_CI_CO_SB_CARRY_CI_CO_SB_CARRY_CI_CO_SB_CARRY_CI_CO_SB_CARRY_CI_CO_SB_CARRY_CI_CO_SB_CARRY_CI_CO_SB_CARRY_CI_CO_SB_LUT4_I3_O_SB_LUT4_O_I3_SB_CARRY_CO_CI (1,8) -> (1,8)
Info:                          Sink system.core.real_part_SB_DFFE_Q_27_D_SB_LUT4_O_I3_SB_CARRY_CI_CO_SB_CARRY_CI_CO_SB_LUT4_I3_O_SB_LUT4_O_1_I3_SB_CARRY_CI_CO_SB_LUT4_I3_O_SB_LUT4_O_1_I3_SB_CARRY_CI_CO_SB_LUT4_I3_O_SB_CARRY_I0_CO_SB_CARRY_CI_CO_SB_CARRY_CI_CO_SB_CARRY_CI_CO_SB_CARRY_CI_CO_SB_CARRY_CI_CO_SB_CARRY_CI_CO_SB_CARRY_CI_CO_SB_CARRY_CI_CO_SB_CARRY_CI_CO_SB_CARRY_CI_CO_SB_CARRY_CI_CO_SB_CARRY_CI_CO_SB_CARRY_CI_CO_SB_CARRY_CI_CO_SB_CARRY_CI_CO_SB_CARRY_CI_CO_SB_CARRY_CI_CO_SB_CARRY_CI_CO_SB_CARRY_CI_CO_SB_CARRY_CI_CO_SB_CARRY_CI_CO_SB_CARRY_CI_CO_SB_CARRY_CI_CO_SB_LUT4_I3_O_SB_LUT4_O_I3_SB_CARRY_CO$CARRY.CIN
Info:                          Defined in:
Info:                               rtl/core/known_spectral_core.sv:210.24-210.57
Info:                               LOCAL_PRIVATE_PATH 2026/digital ic/.tools/oss-cad-suite/libexec/../share/yosys/ice40/arith_map.v:62.5-70.4
Info:                               LOCAL_PRIVATE_PATH 2026/digital ic/.tools/oss-cad-suite/libexec/../share/yosys/ice40/abc9_model.v:4.9-4.11
Info:      logic  0.28  46.68 Source system.core.real_part_SB_DFFE_Q_27_D_SB_LUT4_O_I3_SB_CARRY_CI_CO_SB_CARRY_CI_CO_SB_LUT4_I3_O_SB_LUT4_O_1_I3_SB_CARRY_CI_CO_SB_LUT4_I3_O_SB_LUT4_O_1_I3_SB_CARRY_CI_CO_SB_LUT4_I3_O_SB_CARRY_I0_CO_SB_CARRY_CI_CO_SB_CARRY_CI_CO_SB_CARRY_CI_CO_SB_CARRY_CI_CO_SB_CARRY_CI_CO_SB_CARRY_CI_CO_SB_CARRY_CI_CO_SB_CARRY_CI_CO_SB_CARRY_CI_CO_SB_CARRY_CI_CO_SB_CARRY_CI_CO_SB_CARRY_CI_CO_SB_CARRY_CI_CO_SB_CARRY_CI_CO_SB_CARRY_CI_CO_SB_CARRY_CI_CO_SB_CARRY_CI_CO_SB_CARRY_CI_CO_SB_CARRY_CI_CO_SB_CARRY_CI_CO_SB_CARRY_CI_CO_SB_CARRY_CI_CO_SB_CARRY_CI_CO_SB_LUT4_I3_O_SB_LUT4_O_I3_SB_CARRY_CO$CARRY.COUT
Info:    routing  0.66  47.34 Net system.core.real_part_SB_DFFE_Q_27_D_SB_LUT4_O_I3_SB_CARRY_CI_CO_SB_CARRY_CI_CO_SB_LUT4_I3_O_SB_LUT4_O_1_I3_SB_CARRY_CI_CO_SB_LUT4_I3_O_SB_LUT4_O_1_I3_SB_CARRY_CI_CO_SB_CARRY_CI_CO_SB_LUT4_I3_O[3] (1,8) -> (1,8)
Info:                          Sink system.core.real_part_SB_DFFE_Q_27_D_SB_LUT4_O_I3_SB_CARRY_CI_CO_SB_CARRY_CI_CO_SB_LUT4_I3_O_SB_LUT4_O_1_I3_SB_CARRY_CI_CO_SB_LUT4_I3_O_SB_LUT4_O_1_I3_SB_CARRY_CI_CO_SB_LUT4_I3_O_SB_CARRY_I0_CO_SB_CARRY_CI_CO_SB_CARRY_CI_CO_SB_CARRY_CI_CO_SB_CARRY_CI_CO_SB_CARRY_CI_CO_SB_CARRY_CI_CO_SB_CARRY_CI_CO_SB_CARRY_CI_CO_SB_CARRY_CI_CO_SB_CARRY_CI_CO_SB_CARRY_CI_CO_SB_CARRY_CI_CO_SB_CARRY_CI_CO_SB_CARRY_CI_CO_SB_CARRY_CI_CO_SB_CARRY_CI_CO_SB_CARRY_CI_CO_SB_CARRY_CI_CO_SB_CARRY_CI_CO_SB_CARRY_CI_CO_SB_CARRY_CI_CO_SB_CARRY_CI_CO_SB_CARRY_CI_CO_SB_LUT4_I3_O_SB_LUT4_O_LC.I3
Info:                          Defined in:
Info:                               rtl/core/known_spectral_core.sv:210.24-210.57
Info:                               LOCAL_PRIVATE_PATH 2026/digital ic/.tools/oss-cad-suite/libexec/../share/yosys/ice40/arith_map.v:62.5-70.4
Info:                               LOCAL_PRIVATE_PATH 2026/digital ic/.tools/oss-cad-suite/libexec/../share/yosys/ice40/abc9_model.v:4.9-4.11
Info:      logic  0.87  48.22 Source system.core.real_part_SB_DFFE_Q_27_D_SB_LUT4_O_I3_SB_CARRY_CI_CO_SB_CARRY_CI_CO_SB_LUT4_I3_O_SB_LUT4_O_1_I3_SB_CARRY_CI_CO_SB_LUT4_I3_O_SB_LUT4_O_1_I3_SB_CARRY_CI_CO_SB_LUT4_I3_O_SB_CARRY_I0_CO_SB_CARRY_CI_CO_SB_CARRY_CI_CO_SB_CARRY_CI_CO_SB_CARRY_CI_CO_SB_CARRY_CI_CO_SB_CARRY_CI_CO_SB_CARRY_CI_CO_SB_CARRY_CI_CO_SB_CARRY_CI_CO_SB_CARRY_CI_CO_SB_CARRY_CI_CO_SB_CARRY_CI_CO_SB_CARRY_CI_CO_SB_CARRY_CI_CO_SB_CARRY_CI_CO_SB_CARRY_CI_CO_SB_CARRY_CI_CO_SB_CARRY_CI_CO_SB_CARRY_CI_CO_SB_CARRY_CI_CO_SB_CARRY_CI_CO_SB_CARRY_CI_CO_SB_CARRY_CI_CO_SB_LUT4_I3_O_SB_LUT4_O_LC.O
Info:    routing  3.06  51.27 Net system.core.real_part_SB_DFFE_Q_27_D_SB_LUT4_O_I3_SB_CARRY_CI_CO_SB_CARRY_CI_CO_SB_LUT4_I3_O_SB_LUT4_O_1_I3_SB_CARRY_CI_CO_SB_LUT4_I3_O_SB_LUT4_O_1_I3_SB_CARRY_CI_CO_SB_LUT4_I3_O_SB_CARRY_I0_CO_SB_CARRY_CI_CO_SB_CARRY_CI_CO_SB_CARRY_CI_CO_SB_CARRY_CI_CO_SB_CARRY_CI_CO_SB_CARRY_CI_CO_SB_CARRY_CI_CO_SB_CARRY_CI_CO_SB_CARRY_CI_CO_SB_CARRY_CI_CO_SB_CARRY_CI_CO_SB_CARRY_CI_CO_SB_CARRY_CI_CO_SB_CARRY_CI_CO_SB_CARRY_CI_CO_SB_CARRY_CI_CO_SB_CARRY_CI_CO_SB_CARRY_CI_CO_SB_CARRY_CI_CO_SB_CARRY_CI_CO_SB_CARRY_CI_CO_SB_CARRY_CI_CO_SB_CARRY_CI_CO_SB_LUT4_I3_O[3] (1,8) -> (2,13)
Info:                          Sink system.core.arithmetic_error_SB_DFFESR_Q_E_SB_LUT4_O_LC.I3
Info:                          Defined in:
Info:                               LOCAL_PRIVATE_PATH 2026/digital ic/.tools/oss-cad-suite/libexec/../share/yosys/ice40/cells_map.v:6.21-6.22
Info:      logic  0.87  52.15 Source system.core.arithmetic_error_SB_DFFESR_Q_E_SB_LUT4_O_LC.O
Info:    routing  2.99  55.14 Net system.core.arithmetic_error_SB_DFFESR_Q_E (2,13) -> (3,14)
Info:                          Sink system.core.arithmetic_error_SB_DFFESR_Q_DFFLC.CEN
Info:                          Defined in:
Info:                               rtl/core/known_spectral_core.sv:142.5-304.8
Info:                               LOCAL_PRIVATE_PATH 2026/digital ic/.tools/oss-cad-suite/libexec/../share/yosys/ice40/ff_map.v:24.66-24.119
Info:                               LOCAL_PRIVATE_PATH 2026/digital ic/.tools/oss-cad-suite/libexec/../share/yosys/ice40/cells_sim.v:595.8-595.9
Info:      setup  0.10  55.24 Source system.core.arithmetic_error_SB_DFFESR_Q_DFFLC.CEN
Info: 27.53 ns logic, 27.71 ns routing

Info: Critical path report for cross-domain path '<async>' -> 'posedge clk':
Info:       type curr  total name
Info:     source  0.00  0.00 Source flash_miso$sb_io.D_IN_0
Info:    routing  2.41  2.41 Net flash_miso$SB_IO_IN (23,0) -> (24,3)
Info:                          Sink system.transport.spi.rx_shift_SB_DFFESR_Q_4_DFFLC.I0
Info:                          Defined in:
Info:                               rtl/io/spi_master.sv:18.16-18.20
Info:      setup  1.23  3.64 Source system.transport.spi.rx_shift_SB_DFFESR_Q_4_DFFLC.I0
Info: 1.23 ns logic, 2.41 ns routing

Info: Critical path report for cross-domain path 'posedge clk' -> '<async>':
Info:       type curr  total name
Info:   clk-to-q  1.39  1.39 Source system.controller.errors_SB_DFFESR_Q_4_DFFLC.O
Info:    routing  3.39  4.78 Net system.controller.errors[3] (12,14) -> (21,14)
Info:                          Sink status_error_SB_LUT4_O_I3_SB_LUT4_O_LC.I1
Info:                          Defined in:
Info:                               LOCAL_PRIVATE_PATH 2026/digital ic/.tools/oss-cad-suite/libexec/../share/yosys/ice40/cells_map.v:6.21-6.22
Info:      logic  1.23  6.01 Source status_error_SB_LUT4_O_I3_SB_LUT4_O_LC.O
Info:    routing  1.76  7.77 Net status_error_SB_LUT4_O_I3[1] (21,14) -> (20,15)
Info:                          Sink status_error_SB_LUT4_O_LC.I3
Info:                          Defined in:
Info:                               LOCAL_PRIVATE_PATH 2026/digital ic/.tools/oss-cad-suite/libexec/../share/yosys/ice40/cells_map.v:6.21-6.22
Info:      logic  0.87  8.65 Source status_error_SB_LUT4_O_LC.O
Info:    routing  4.90  13.54 Net status_error$SB_IO_OUT (20,15) -> (18,0)
Info:                          Sink status_error$sb_io.D_OUT_0
Info:                          Defined in:
Info:                               LOCAL_PRIVATE_PATH 2026/digital ic/.tools/oss-cad-suite/libexec/../share/yosys/ice40/cells_map.v:6.21-6.22
Info: 3.49 ns logic, 10.05 ns routing

Info: Max frequency for clock 'clk': 18.10 MHz (PASS at 13.20 MHz)

Info: Clock '$PACKER_GND_NET' has no interior paths

Info: Max delay <async>     -> posedge clk: 3.64 ns
Info: Max delay posedge clk -> <async>    : 13.54 ns

Info: Slack histogram:
Info:  legend: * represents 22 endpoint(s)
Info:          + represents [1,22) endpoint(s)
Info: [ 20519,  23119) |+
Info: [ 23119,  25719) |*+
Info: [ 25719,  28319) |+
Info: [ 28319,  30919) |**+
Info: [ 30919,  33519) |*+
Info: [ 33519,  36119) |**+
Info: [ 36119,  38719) |**+
Info: [ 38719,  41319) |*******+
Info: [ 41319,  43919) |*********+
Info: [ 43919,  46519) |*********+
Info: [ 46519,  49119) |************+
Info: [ 49119,  51719) |***************+
Info: [ 51719,  54319) |*****************+
Info: [ 54319,  56919) |****************************************+
Info: [ 56919,  59519) |*******************+
Info: [ 59519,  62119) |************************************************************
Info: [ 62119,  64719) |*****************+
Info: [ 64719,  67319) |****************+
Info: [ 67319,  69919) |***************************+
Info: [ 69919,  72519) |***********************************************+
1 warning, 0 errors

Info: Program finished normally.
