
-- Executing script file `PROJECT_ROOT/build/known-board/portability-c-id02-l4-s1-r2/synth.ys' --

1. Executing Verilog-2005 frontend: rtl/core/vib_coeff_rom.sv
Parsing SystemVerilog input from `rtl/core/vib_coeff_rom.sv' to AST representation.
Storing AST representation for module `$abstract\vib_coeff_rom'.
Successfully finished Verilog frontend.

2. Executing Verilog-2005 frontend: rtl/platform/spram16k.sv
Parsing SystemVerilog input from `rtl/platform/spram16k.sv' to AST representation.
Storing AST representation for module `$abstract\spram16k'.
Successfully finished Verilog frontend.

3. Executing Verilog-2005 frontend: rtl/core/known_capture.sv
Parsing SystemVerilog input from `rtl/core/known_capture.sv' to AST representation.
Storing AST representation for module `$abstract\known_capture'.
Successfully finished Verilog frontend.

4. Executing Verilog-2005 frontend: rtl/core/known_spectral_core.sv
Parsing SystemVerilog input from `rtl/core/known_spectral_core.sv' to AST representation.
Storing AST representation for module `$abstract\known_spectral_core'.
Successfully finished Verilog frontend.

5. Executing Verilog-2005 frontend: rtl/io/spi_master.sv
Parsing SystemVerilog input from `rtl/io/spi_master.sv' to AST representation.
Storing AST representation for module `$abstract\spi_master'.
Successfully finished Verilog frontend.

6. Executing Verilog-2005 frontend: rtl/io/flash_stream.sv
Parsing SystemVerilog input from `rtl/io/flash_stream.sv' to AST representation.
Storing AST representation for module `$abstract\flash_stream'.
Successfully finished Verilog frontend.

7. Executing Verilog-2005 frontend: rtl/io/known_replay_controller.sv
Parsing SystemVerilog input from `rtl/io/known_replay_controller.sv' to AST representation.
Storing AST representation for module `$abstract\known_replay_controller'.
Successfully finished Verilog frontend.

8. Executing Verilog-2005 frontend: rtl/upduino_known.sv
Parsing SystemVerilog input from `rtl/upduino_known.sv' to AST representation.
Storing AST representation for module `$abstract\upduino_known'.
Storing AST representation for module `$abstract\known_replay_system'.
Successfully finished Verilog frontend.
Parameter \LANES = 4
Parameter \QUANT_PIPELINE = 1
Parameter \MODEL_DIR = 728'00101111010101010111001101100101011100100111001100101111011100110111010001100001011011100110110001100101011110010010111101000100011001010111001101101011011101000110111101110000001011111110011010010101100110011110011010011101100100000010111101000110011000010110110001101100001000000011001000110000001100100011011000101111011001000110100101100111011010010111010001100001011011000010000001101001011000110010111101100001011100100111010001101001011001100110000101100011011101000111001100101111011000010110001101101111011101010111001101110100011010010110001100101101011010110110111001101111011101110110111000101101011100100110010101101100011001010110000101110011011001010010110101110110001100010010111101101001011001000011000000110010
Parameter \MODEL_HASH = 256'1101001001000010011100110001100010000001110101101010001000111100011001001010000010010110010101001110111111111011000011110011001010011111010111011110000111100100001000110010000100101101100101101010000000011011101011100101000001011011010100011011111001101110
Parameter \BIAS = 1490
Parameter \THRESHOLD = 32'11111111111111111101011001010001
Parameter \LOG_CONSTANT = 128145
Parameter \LOG_FLOOR = 32'11111111111111011000001000110001

9. Executing AST frontend in derive mode using pre-parsed AST for module `\upduino_known'.
Parameter \LANES = 4
Parameter \QUANT_PIPELINE = 1
Parameter \MODEL_DIR = 728'00101111010101010111001101100101011100100111001100101111011100110111010001100001011011100110110001100101011110010010111101000100011001010111001101101011011101000110111101110000001011111110011010010101100110011110011010011101100100000010111101000110011000010110110001101100001000000011001000110000001100100011011000101111011001000110100101100111011010010111010001100001011011000010000001101001011000110010111101100001011100100111010001101001011001100110000101100011011101000111001100101111011000010110001101101111011101010111001101110100011010010110001100101101011010110110111001101111011101110110111000101101011100100110010101101100011001010110000101110011011001010010110101110110001100010010111101101001011001000011000000110010
Parameter \MODEL_HASH = 256'1101001001000010011100110001100010000001110101101010001000111100011001001010000010010110010101001110111111111011000011110011001010011111010111011110000111100100001000110010000100101101100101101010000000011011101011100101000001011011010100011011111001101110
Parameter \BIAS = 1490
Parameter \THRESHOLD = 32'11111111111111111101011001010001
Parameter \LOG_CONSTANT = 128145
Parameter \LOG_FLOOR = 32'11111111111111011000001000110001
Generating RTLIL representation for module `$paramod$8aab693331a70c3c5a8f397d2a6db03124c3be4c\upduino_known'.

10. Executing SYNTH_ICE40 pass.

10.1. Executing Verilog-2005 frontend: PROJECT_ROOT/.tools/oss-cad-suite/libexec/../share/yosys/ice40/cells_sim.v
Parsing Verilog input from `PROJECT_ROOT/.tools/oss-cad-suite/libexec/../share/yosys/ice40/cells_sim.v' to AST representation.
Generating RTLIL representation for module `\SB_IO'.
Generating RTLIL representation for module `\SB_GB_IO'.
Generating RTLIL representation for module `\SB_GB'.
Generating RTLIL representation for module `\SB_LUT4'.
Generating RTLIL representation for module `\SB_CARRY'.
Generating RTLIL representation for module `\SB_DFF'.
Generating RTLIL representation for module `\SB_DFFE'.
Generating RTLIL representation for module `\SB_DFFSR'.
Generating RTLIL representation for module `\SB_DFFR'.
Generating RTLIL representation for module `\SB_DFFSS'.
Generating RTLIL representation for module `\SB_DFFS'.
Generating RTLIL representation for module `\SB_DFFESR'.
Generating RTLIL representation for module `\SB_DFFER'.
Generating RTLIL representation for module `\SB_DFFESS'.
Generating RTLIL representation for module `\SB_DFFES'.
Generating RTLIL representation for module `\SB_DFFN'.
Generating RTLIL representation for module `\SB_DFFNE'.
Generating RTLIL representation for module `\SB_DFFNSR'.
Generating RTLIL representation for module `\SB_DFFNR'.
Generating RTLIL representation for module `\SB_DFFNSS'.
Generating RTLIL representation for module `\SB_DFFNS'.
Generating RTLIL representation for module `\SB_DFFNESR'.
Generating RTLIL representation for module `\SB_DFFNER'.
Generating RTLIL representation for module `\SB_DFFNESS'.
Generating RTLIL representation for module `\SB_DFFNES'.
Generating RTLIL representation for module `\SB_RAM40_4K'.
Generating RTLIL representation for module `\SB_RAM40_4KNR'.
Generating RTLIL representation for module `\SB_RAM40_4KNW'.
Generating RTLIL representation for module `\SB_RAM40_4KNRNW'.
Generating RTLIL representation for module `\ICESTORM_LC'.
Generating RTLIL representation for module `\SB_PLL40_CORE'.
Generating RTLIL representation for module `\SB_PLL40_PAD'.
Generating RTLIL representation for module `\SB_PLL40_2_PAD'.
Generating RTLIL representation for module `\SB_PLL40_2F_CORE'.
Generating RTLIL representation for module `\SB_PLL40_2F_PAD'.
Generating RTLIL representation for module `\SB_WARMBOOT'.
Generating RTLIL representation for module `\SB_SPRAM256KA'.
Generating RTLIL representation for module `\SB_HFOSC'.
Generating RTLIL representation for module `\SB_LFOSC'.
Generating RTLIL representation for module `\SB_RGBA_DRV'.
Generating RTLIL representation for module `\SB_LED_DRV_CUR'.
Generating RTLIL representation for module `\SB_RGB_DRV'.
Generating RTLIL representation for module `\SB_I2C'.
Generating RTLIL representation for module `\SB_SPI'.
Generating RTLIL representation for module `\SB_LEDDA_IP'.
Generating RTLIL representation for module `\SB_FILTER_50NS'.
Generating RTLIL representation for module `\SB_IO_I3C'.
Generating RTLIL representation for module `\SB_IO_OD'.
Generating RTLIL representation for module `\SB_MAC16'.
Generating RTLIL representation for module `\ICESTORM_RAM'.
Successfully finished Verilog frontend.

10.2. Executing HIERARCHY pass (managing design hierarchy).

10.3. Executing AST frontend in derive mode using pre-parsed AST for module `\upduino_known'.
Generating RTLIL representation for module `\upduino_known'.

10.3.1. Analyzing design hierarchy..
Top module:  \upduino_known
Parameter \LANES = 4
Parameter \QUANT_PIPELINE = 1
Parameter \MODEL_DIR = 728'00101111010101010111001101100101011100100111001100101111011100110111010001100001011011100110110001100101011110010010111101000100011001010111001101101011011101000110111101110000001011111110011010010101100110011110011010011101100100000010111101000110011000010110110001101100001000000011001000110000001100100011011000101111011001000110100101100111011010010111010001100001011011000010000001101001011000110010111101100001011100100111010001101001011001100110000101100011011101000111001100101111011000010110001101101111011101010111001101110100011010010110001100101101011010110110111001101111011101110110111000101101011100100110010101101100011001010110000101110011011001010010110101110110001100010010111101101001011001000011000000110010
Parameter \MODEL_HASH = 256'1101001001000010011100110001100010000001110101101010001000111100011001001010000010010110010101001110111111111011000011110011001010011111010111011110000111100100001000110010000100101101100101101010000000011011101011100101000001011011010100011011111001101110
Parameter \BIAS = 1490
Parameter \THRESHOLD = 32'11111111111111111101011001010001
Parameter \LOG_CONSTANT = 128145
Parameter \LOG_FLOOR = 32'11111111111111011000001000110001

10.3.2. Executing AST frontend in derive mode using pre-parsed AST for module `\known_replay_system'.
Parameter \LANES = 4
Parameter \QUANT_PIPELINE = 1
Parameter \MODEL_DIR = 728'00101111010101010111001101100101011100100111001100101111011100110111010001100001011011100110110001100101011110010010111101000100011001010111001101101011011101000110111101110000001011111110011010010101100110011110011010011101100100000010111101000110011000010110110001101100001000000011001000110000001100100011011000101111011001000110100101100111011010010111010001100001011011000010000001101001011000110010111101100001011100100111010001101001011001100110000101100011011101000111001100101111011000010110001101101111011101010111001101110100011010010110001100101101011010110110111001101111011101110110111000101101011100100110010101101100011001010110000101110011011001010010110101110110001100010010111101101001011001000011000000110010
Parameter \MODEL_HASH = 256'1101001001000010011100110001100010000001110101101010001000111100011001001010000010010110010101001110111111111011000011110011001010011111010111011110000111100100001000110010000100101101100101101010000000011011101011100101000001011011010100011011111001101110
Parameter \BIAS = 1490
Parameter \THRESHOLD = 32'11111111111111111101011001010001
Parameter \LOG_CONSTANT = 128145
Parameter \LOG_FLOOR = 32'11111111111111011000001000110001
Generating RTLIL representation for module `$paramod$9c0301e050ee38428316568b2ed87c75e1d19e50\known_replay_system'.

10.3.3. Analyzing design hierarchy..
Top module:  \upduino_known
Used module:     $paramod$9c0301e050ee38428316568b2ed87c75e1d19e50\known_replay_system
Parameter \N = 1024
Parameter \LANES = 4
Parameter \WINDOWS = 156
Parameter \QUANT_PIPELINE = 1
Parameter \MODEL_DIR = 728'00101111010101010111001101100101011100100111001100101111011100110111010001100001011011100110110001100101011110010010111101000100011001010111001101101011011101000110111101110000001011111110011010010101100110011110011010011101100100000010111101000110011000010110110001101100001000000011001000110000001100100011011000101111011001000110100101100111011010010111010001100001011011000010000001101001011000110010111101100001011100100111010001101001011001100110000101100011011101000111001100101111011000010110001101101111011101010111001101110100011010010110001100101101011010110110111001101111011101110110111000101101011100100110010101101100011001010110000101110011011001010010110101110110001100010010111101101001011001000011000000110010
Parameter \BIAS = 1490
Parameter \THRESHOLD = 32'11111111111111111101011001010001
Parameter \LOG_CONSTANT = 128145
Parameter \LOG_FLOOR = 32'11111111111111011000001000110001

10.3.4. Executing AST frontend in derive mode using pre-parsed AST for module `\known_spectral_core'.
Parameter \N = 1024
Parameter \LANES = 4
Parameter \WINDOWS = 156
Parameter \QUANT_PIPELINE = 1
Parameter \MODEL_DIR = 728'00101111010101010111001101100101011100100111001100101111011100110111010001100001011011100110110001100101011110010010111101000100011001010111001101101011011101000110111101110000001011111110011010010101100110011110011010011101100100000010111101000110011000010110110001101100001000000011001000110000001100100011011000101111011001000110100101100111011010010111010001100001011011000010000001101001011000110010111101100001011100100111010001101001011001100110000101100011011101000111001100101111011000010110001101101111011101010111001101110100011010010110001100101101011010110110111001101111011101110110111000101101011100100110010101101100011001010110000101110011011001010010110101110110001100010010111101101001011001000011000000110010
Parameter \BIAS = 1490
Parameter \THRESHOLD = 32'11111111111111111101011001010001
Parameter \LOG_CONSTANT = 128145
Parameter \LOG_FLOOR = 32'11111111111111011000001000110001
Generating RTLIL representation for module `$paramod$62945020deb49dca7532bb56aa17d468195accd3\known_spectral_core'.
Warning: Replacing memory \product with list of registers. See rtl/core/known_spectral_core.sv:125
Warning: Replacing memory \phases with list of registers. See rtl/core/known_spectral_core.sv:192
Warning: Replacing memory \accumulator with list of registers. See rtl/core/known_spectral_core.sv:191
Warning: Replacing memory \operand_b with list of registers. See rtl/core/known_spectral_core.sv:130
Warning: Replacing memory \operand_a with list of registers. See rtl/core/known_spectral_core.sv:130
Parameter \N = 1024
Parameter \WINDOWS = 156
Parameter \LANES = 4
Parameter \MODEL_HASH = 256'1101001001000010011100110001100010000001110101101010001000111100011001001010000010010110010101001110111111111011000011110011001010011111010111011110000111100100001000110010000100101101100101101010000000011011101011100101000001011011010100011011111001101110
Parameter \THRESHOLD = 32'11111111111111111101011001010001

10.3.5. Executing AST frontend in derive mode using pre-parsed AST for module `\known_replay_controller'.
Parameter \N = 1024
Parameter \WINDOWS = 156
Parameter \LANES = 4
Parameter \MODEL_HASH = 256'1101001001000010011100110001100010000001110101101010001000111100011001001010000010010110010101001110111111111011000011110011001010011111010111011110000111100100001000110010000100101101100101101010000000011011101011100101000001011011010100011011111001101110
Parameter \THRESHOLD = 32'11111111111111111101011001010001
Generating RTLIL representation for module `$paramod$3257fc9d7fe13afd4427e476fcec21242628398a\known_replay_controller'.
Parameter \POLL_LIMIT = 4095

10.3.6. Executing AST frontend in derive mode using pre-parsed AST for module `\flash_stream'.
Parameter \POLL_LIMIT = 4095
Generating RTLIL representation for module `$paramod\flash_stream\POLL_LIMIT=s32'00000000000000000000111111111111'.

10.3.7. Analyzing design hierarchy..
Top module:  \upduino_known
Used module:     $paramod$9c0301e050ee38428316568b2ed87c75e1d19e50\known_replay_system
Used module:         $paramod$62945020deb49dca7532bb56aa17d468195accd3\known_spectral_core
Used module:         $paramod$3257fc9d7fe13afd4427e476fcec21242628398a\known_replay_controller
Used module:         $paramod\flash_stream\POLL_LIMIT=s32'00000000000000000000111111111111
Parameter \N = 1024
Parameter \MODEL_DIR = 728'00101111010101010111001101100101011100100111001100101111011100110111010001100001011011100110110001100101011110010010111101000100011001010111001101101011011101000110111101110000001011111110011010010101100110011110011010011101100100000010111101000110011000010110110001101100001000000011001000110000001100100011011000101111011001000110100101100111011010010111010001100001011011000010000001101001011000110010111101100001011100100111010001101001011001100110000101100011011101000111001100101111011000010110001101101111011101010111001101110100011010010110001100101101011010110110111001101111011101110110111000101101011100100110010101101100011001010110000101110011011001010010110101110110001100010010111101101001011001000011000000110010

10.3.8. Executing AST frontend in derive mode using pre-parsed AST for module `\vib_coeff_rom'.
Parameter \N = 1024
Parameter \MODEL_DIR = 728'00101111010101010111001101100101011100100111001100101111011100110111010001100001011011100110110001100101011110010010111101000100011001010111001101101011011101000110111101110000001011111110011010010101100110011110011010011101100100000010111101000110011000010110110001101100001000000011001000110000001100100011011000101111011001000110100101100111011010010111010001100001011011000010000001101001011000110010111101100001011100100111010001101001011001100110000101100011011101000111001100101111011000010110001101101111011101010111001101110100011010010110001100101101011010110110111001101111011101110110111000101101011100100110010101101100011001010110000101110011011001010010110101110110001100010010111101101001011001000011000000110010
Generating RTLIL representation for module `$paramod$c7d2e96817a9b0a0da4e740a1f9ee0b32b81df9f\vib_coeff_rom'.
Parameter \N = 1024
Parameter \MODEL_DIR = 728'00101111010101010111001101100101011100100111001100101111011100110111010001100001011011100110110001100101011110010010111101000100011001010111001101101011011101000110111101110000001011111110011010010101100110011110011010011101100100000010111101000110011000010110110001101100001000000011001000110000001100100011011000101111011001000110100101100111011010010111010001100001011011000010000001101001011000110010111101100001011100100111010001101001011001100110000101100011011101000111001100101111011000010110001101101111011101010111001101110100011010010110001100101101011010110110111001101111011101110110111000101101011100100110010101101100011001010110000101110011011001010010110101110110001100010010111101101001011001000011000000110010
Found cached RTLIL representation for module `$paramod$c7d2e96817a9b0a0da4e740a1f9ee0b32b81df9f\vib_coeff_rom'.
Parameter \N = 1024
Parameter \MODEL_DIR = 728'00101111010101010111001101100101011100100111001100101111011100110111010001100001011011100110110001100101011110010010111101000100011001010111001101101011011101000110111101110000001011111110011010010101100110011110011010011101100100000010111101000110011000010110110001101100001000000011001000110000001100100011011000101111011001000110100101100111011010010111010001100001011011000010000001101001011000110010111101100001011100100111010001101001011001100110000101100011011101000111001100101111011000010110001101101111011101010111001101110100011010010110001100101101011010110110111001101111011101110110111000101101011100100110010101101100011001010110000101110011011001010010110101110110001100010010111101101001011001000011000000110010
Found cached RTLIL representation for module `$paramod$c7d2e96817a9b0a0da4e740a1f9ee0b32b81df9f\vib_coeff_rom'.
Parameter \N = 1024
Parameter \MODEL_DIR = 728'00101111010101010111001101100101011100100111001100101111011100110111010001100001011011100110110001100101011110010010111101000100011001010111001101101011011101000110111101110000001011111110011010010101100110011110011010011101100100000010111101000110011000010110110001101100001000000011001000110000001100100011011000101111011001000110100101100111011010010111010001100001011011000010000001101001011000110010111101100001011100100111010001101001011001100110000101100011011101000111001100101111011000010110001101101111011101010111001101110100011010010110001100101101011010110110111001101111011101110110111000101101011100100110010101101100011001010110000101110011011001010010110101110110001100010010111101101001011001000011000000110010
Found cached RTLIL representation for module `$paramod$c7d2e96817a9b0a0da4e740a1f9ee0b32b81df9f\vib_coeff_rom'.

10.3.9. Executing AST frontend in derive mode using pre-parsed AST for module `\spram16k'.
Generating RTLIL representation for module `\spram16k'.
Parameter \N = 1024

10.3.10. Executing AST frontend in derive mode using pre-parsed AST for module `\known_capture'.
Parameter \N = 1024
Generating RTLIL representation for module `$paramod\known_capture\N=s32'00000000000000000000010000000000'.
Reprocessing module $paramod$62945020deb49dca7532bb56aa17d468195accd3\known_spectral_core because instantiated module $paramod$c7d2e96817a9b0a0da4e740a1f9ee0b32b81df9f\vib_coeff_rom has become available.
Generating RTLIL representation for module `$paramod$62945020deb49dca7532bb56aa17d468195accd3\known_spectral_core'.
Warning: Replacing memory \product with list of registers. See rtl/core/known_spectral_core.sv:125
Warning: Replacing memory \phases with list of registers. See rtl/core/known_spectral_core.sv:192
Warning: Replacing memory \accumulator with list of registers. See rtl/core/known_spectral_core.sv:191
Warning: Replacing memory \operand_b with list of registers. See rtl/core/known_spectral_core.sv:130
Warning: Replacing memory \operand_a with list of registers. See rtl/core/known_spectral_core.sv:130
Parameter \CPOL = 0
Parameter \CPHA = 0
Parameter \HALF_PERIOD = 1

10.3.11. Executing AST frontend in derive mode using pre-parsed AST for module `\spi_master'.
Parameter \CPOL = 0
Parameter \CPHA = 0
Parameter \HALF_PERIOD = 1
Generating RTLIL representation for module `$paramod$78dc09561539cbddd67c345fb430e65d2d8515c0\spi_master'.

10.3.12. Analyzing design hierarchy..
Top module:  \upduino_known
Used module:     $paramod$9c0301e050ee38428316568b2ed87c75e1d19e50\known_replay_system
Used module:         $paramod$62945020deb49dca7532bb56aa17d468195accd3\known_spectral_core
Used module:             \spram16k
Used module:         $paramod$3257fc9d7fe13afd4427e476fcec21242628398a\known_replay_controller
Used module:         $paramod\flash_stream\POLL_LIMIT=s32'00000000000000000000111111111111
Used module:             $paramod$78dc09561539cbddd67c345fb430e65d2d8515c0\spi_master
Parameter \N = 1024
Parameter \MODEL_DIR = 728'00101111010101010111001101100101011100100111001100101111011100110111010001100001011011100110110001100101011110010010111101000100011001010111001101101011011101000110111101110000001011111110011010010101100110011110011010011101100100000010111101000110011000010110110001101100001000000011001000110000001100100011011000101111011001000110100101100111011010010111010001100001011011000010000001101001011000110010111101100001011100100111010001101001011001100110000101100011011101000111001100101111011000010110001101101111011101010111001101110100011010010110001100101101011010110110111001101111011101110110111000101101011100100110010101101100011001010110000101110011011001010010110101110110001100010010111101101001011001000011000000110010
Found cached RTLIL representation for module `$paramod$c7d2e96817a9b0a0da4e740a1f9ee0b32b81df9f\vib_coeff_rom'.
Parameter \N = 1024
Parameter \MODEL_DIR = 728'00101111010101010111001101100101011100100111001100101111011100110111010001100001011011100110110001100101011110010010111101000100011001010111001101101011011101000110111101110000001011111110011010010101100110011110011010011101100100000010111101000110011000010110110001101100001000000011001000110000001100100011011000101111011001000110100101100111011010010111010001100001011011000010000001101001011000110010111101100001011100100111010001101001011001100110000101100011011101000111001100101111011000010110001101101111011101010111001101110100011010010110001100101101011010110110111001101111011101110110111000101101011100100110010101101100011001010110000101110011011001010010110101110110001100010010111101101001011001000011000000110010
Found cached RTLIL representation for module `$paramod$c7d2e96817a9b0a0da4e740a1f9ee0b32b81df9f\vib_coeff_rom'.
Parameter \N = 1024
Parameter \MODEL_DIR = 728'00101111010101010111001101100101011100100111001100101111011100110111010001100001011011100110110001100101011110010010111101000100011001010111001101101011011101000110111101110000001011111110011010010101100110011110011010011101100100000010111101000110011000010110110001101100001000000011001000110000001100100011011000101111011001000110100101100111011010010111010001100001011011000010000001101001011000110010111101100001011100100111010001101001011001100110000101100011011101000111001100101111011000010110001101101111011101010111001101110100011010010110001100101101011010110110111001101111011101110110111000101101011100100110010101101100011001010110000101110011011001010010110101110110001100010010111101101001011001000011000000110010
Found cached RTLIL representation for module `$paramod$c7d2e96817a9b0a0da4e740a1f9ee0b32b81df9f\vib_coeff_rom'.
Parameter \N = 1024
Parameter \MODEL_DIR = 728'00101111010101010111001101100101011100100111001100101111011100110111010001100001011011100110110001100101011110010010111101000100011001010111001101101011011101000110111101110000001011111110011010010101100110011110011010011101100100000010111101000110011000010110110001101100001000000011001000110000001100100011011000101111011001000110100101100111011010010111010001100001011011000010000001101001011000110010111101100001011100100111010001101001011001100110000101100011011101000111001100101111011000010110001101101111011101010111001101110100011010010110001100101101011010110110111001101111011101110110111000101101011100100110010101101100011001010110000101110011011001010010110101110110001100010010111101101001011001000011000000110010
Found cached RTLIL representation for module `$paramod$c7d2e96817a9b0a0da4e740a1f9ee0b32b81df9f\vib_coeff_rom'.
Parameter \N = 1024
Found cached RTLIL representation for module `$paramod\known_capture\N=s32'00000000000000000000010000000000'.

10.3.13. Analyzing design hierarchy..
Top module:  \upduino_known
Used module:     $paramod$9c0301e050ee38428316568b2ed87c75e1d19e50\known_replay_system
Used module:         $paramod$62945020deb49dca7532bb56aa17d468195accd3\known_spectral_core
Used module:             $paramod$c7d2e96817a9b0a0da4e740a1f9ee0b32b81df9f\vib_coeff_rom
Used module:             \spram16k
Used module:             $paramod\known_capture\N=s32'00000000000000000000010000000000
Used module:         $paramod$3257fc9d7fe13afd4427e476fcec21242628398a\known_replay_controller
Used module:         $paramod\flash_stream\POLL_LIMIT=s32'00000000000000000000111111111111
Used module:             $paramod$78dc09561539cbddd67c345fb430e65d2d8515c0\spi_master

10.3.14. Analyzing design hierarchy..
Top module:  \upduino_known
Used module:     $paramod$9c0301e050ee38428316568b2ed87c75e1d19e50\known_replay_system
Used module:         $paramod$62945020deb49dca7532bb56aa17d468195accd3\known_spectral_core
Used module:             $paramod$c7d2e96817a9b0a0da4e740a1f9ee0b32b81df9f\vib_coeff_rom
Used module:             \spram16k
Used module:             $paramod\known_capture\N=s32'00000000000000000000010000000000
Used module:         $paramod$3257fc9d7fe13afd4427e476fcec21242628398a\known_replay_controller
Used module:         $paramod\flash_stream\POLL_LIMIT=s32'00000000000000000000111111111111
Used module:             $paramod$78dc09561539cbddd67c345fb430e65d2d8515c0\spi_master
Removing unused module `$abstract\known_replay_system'.
Removing unused module `$abstract\upduino_known'.
Removing unused module `$abstract\known_replay_controller'.
Removing unused module `$abstract\flash_stream'.
Removing unused module `$abstract\spi_master'.
Removing unused module `$abstract\known_spectral_core'.
Removing unused module `$abstract\known_capture'.
Removing unused module `$abstract\spram16k'.
Removing unused module `$abstract\vib_coeff_rom'.
Removed 9 unused modules.

10.4. Executing PROC pass (convert processes to netlists).

10.4.1. Executing PROC_CLEAN pass (remove empty switches from decision trees).
Removing empty process `$paramod$62945020deb49dca7532bb56aa17d468195accd3\known_spectral_core.$proc$rtl/core/known_spectral_core.sv:49$1505'.
Found and cleaned up 9 empty switches in `$paramod$62945020deb49dca7532bb56aa17d468195accd3\known_spectral_core.$proc$rtl/core/known_spectral_core.sv:142$1263'.
Found and cleaned up 2 empty switches in `$paramod$78dc09561539cbddd67c345fb430e65d2d8515c0\spi_master.$proc$rtl/io/spi_master.sv:29$1510'.
Removing empty process `$paramod$c7d2e96817a9b0a0da4e740a1f9ee0b32b81df9f\vib_coeff_rom.$proc$rtl/core/vib_coeff_rom.sv:24$1000'.
Cleaned up 11 empty switches.

10.4.2. Executing PROC_RMDEAD pass (remove dead branches from decision trees).
Removed 2 dead cases from process $proc$rtl/core/known_spectral_core.sv:82$1437 in module $paramod$62945020deb49dca7532bb56aa17d468195accd3\known_spectral_core.
Marked 2 switch rules as full_case in process $proc$rtl/core/known_spectral_core.sv:82$1437 in module $paramod$62945020deb49dca7532bb56aa17d468195accd3\known_spectral_core.
Marked 23 switch rules as full_case in process $proc$rtl/core/known_spectral_core.sv:142$1263 in module $paramod$62945020deb49dca7532bb56aa17d468195accd3\known_spectral_core.
Marked 1 switch rules as full_case in process $proc$rtl/core/known_spectral_core.sv:128$1258 in module $paramod$62945020deb49dca7532bb56aa17d468195accd3\known_spectral_core.
Marked 6 switch rules as full_case in process $proc$rtl/io/spi_master.sv:29$1510 in module $paramod$78dc09561539cbddd67c345fb430e65d2d8515c0\spi_master.
Marked 10 switch rules as full_case in process $proc$rtl/io/flash_stream.sv:69$954 in module $paramod\flash_stream\POLL_LIMIT=s32'00000000000000000000111111111111.
Removed 1 dead cases from process $proc$rtl/io/flash_stream.sv:48$949 in module $paramod\flash_stream\POLL_LIMIT=s32'00000000000000000000111111111111.
Marked 2 switch rules as full_case in process $proc$rtl/io/flash_stream.sv:48$949 in module $paramod\flash_stream\POLL_LIMIT=s32'00000000000000000000111111111111.
Marked 12 switch rules as full_case in process $proc$rtl/io/known_replay_controller.sv:101$786 in module $paramod$3257fc9d7fe13afd4427e476fcec21242628398a\known_replay_controller.
Marked 2 switch rules as full_case in process $proc$rtl/io/known_replay_controller.sv:67$746 in module $paramod$3257fc9d7fe13afd4427e476fcec21242628398a\known_replay_controller.
Marked 1 switch rules as full_case in process $proc$rtl/io/known_replay_controller.sv:57$738 in module $paramod$3257fc9d7fe13afd4427e476fcec21242628398a\known_replay_controller.
Marked 9 switch rules as full_case in process $proc$rtl/core/known_capture.sv:31$1038 in module $paramod\known_capture\N=s32'00000000000000000000010000000000.
Removed a total of 3 dead cases.

10.4.3. Executing PROC_PRUNE pass (remove redundant assignments in processes).
Removed 4 redundant assignments.
Promoted 88 assignments to connections.

10.4.4. Executing PROC_INIT pass (extract init attributes).
Found init rule in `\upduino_known.$proc$rtl/upduino_known.sv:8$396'.
  Set init value: \startup = 17'00000000000000000

10.4.5. Executing PROC_ARST pass (detect async resets in processes).

10.4.6. Executing PROC_ROM pass (convert switches to ROMs).
Converted 0 switches.
<suppressed ~148 debug messages>

10.4.7. Executing PROC_MUX pass (convert decision trees to multiplexers).
Creating decoders for process `$paramod$62945020deb49dca7532bb56aa17d468195accd3\known_spectral_core.$proc$rtl/core/known_spectral_core.sv:124$1504'.
Creating decoders for process `$paramod$62945020deb49dca7532bb56aa17d468195accd3\known_spectral_core.$proc$rtl/core/known_spectral_core.sv:124$1503'.
Creating decoders for process `$paramod$62945020deb49dca7532bb56aa17d468195accd3\known_spectral_core.$proc$rtl/core/known_spectral_core.sv:124$1502'.
Creating decoders for process `$paramod$62945020deb49dca7532bb56aa17d468195accd3\known_spectral_core.$proc$rtl/core/known_spectral_core.sv:124$1501'.
Creating decoders for process `$paramod$62945020deb49dca7532bb56aa17d468195accd3\known_spectral_core.$proc$rtl/core/known_spectral_core.sv:125$1499'.
     1/1: $0\product[3][31:0]
Creating decoders for process `$paramod$62945020deb49dca7532bb56aa17d468195accd3\known_spectral_core.$proc$rtl/core/known_spectral_core.sv:125$1491'.
     1/1: $0\product[2][31:0]
Creating decoders for process `$paramod$62945020deb49dca7532bb56aa17d468195accd3\known_spectral_core.$proc$rtl/core/known_spectral_core.sv:125$1484'.
     1/1: $0\product[1][31:0]
Creating decoders for process `$paramod$62945020deb49dca7532bb56aa17d468195accd3\known_spectral_core.$proc$rtl/core/known_spectral_core.sv:125$1476'.
     1/1: $0\product[0][31:0]
Creating decoders for process `$paramod$62945020deb49dca7532bb56aa17d468195accd3\known_spectral_core.$proc$rtl/core/known_spectral_core.sv:83$1457'.
Creating decoders for process `$paramod$62945020deb49dca7532bb56aa17d468195accd3\known_spectral_core.$proc$rtl/core/known_spectral_core.sv:82$1437'.
     1/2: $1$mem2reg_rd$\accumulator$rtl/core/known_spectral_core.sv:82$1191_DATA[47:0]$1449
     2/2: $1$mem2reg_rd$\accumulator$rtl/core/known_spectral_core.sv:82$1190_DATA[47:0]$1448
Creating decoders for process `$paramod$62945020deb49dca7532bb56aa17d468195accd3\known_spectral_core.$proc$rtl/core/known_spectral_core.sv:142$1263'.
     1/90: $0\arithmetic_error[7:0] [7:3]
     2/90: $0\arithmetic_error[7:0] [2]
     3/90: $5$lookahead\power_buffer$1262[63:0]$1390
     4/90: $4$lookahead\power_buffer$1262[63:0]$1386
     5/90: $3$lookahead\power_buffer$1262[63:0]$1383
     6/90: $6$lookahead\power_buffer$1262[63:0]$1392
     7/90: $0\arithmetic_error[7:0] [1]
     8/90: $3\i[31:0]
     9/90: $4\i[31:0]
    10/90: $0\arithmetic_error[7:0] [0]
    11/90: $3\rne$func$rtl/core/known_spectral_core.sv:171$1186.half[63:0]$1333
    12/90: $3\rne$func$rtl/core/known_spectral_core.sv:171$1186.rem[63:0]$1332
    13/90: $3\rne$func$rtl/core/known_spectral_core.sv:171$1186.quotient[63:0]$1331
    14/90: $3\rne$func$rtl/core/known_spectral_core.sv:171$1186.value[63:0]$1330
    15/90: $2\rne$func$rtl/core/known_spectral_core.sv:171$1186.half[63:0]$1326
    16/90: $2\rne$func$rtl/core/known_spectral_core.sv:171$1186.rem[63:0]$1325
    17/90: $2\rne$func$rtl/core/known_spectral_core.sv:171$1186.quotient[63:0]$1324
    18/90: $2\rne$func$rtl/core/known_spectral_core.sv:171$1186.value[63:0]$1323
    19/90: $2\rne$func$rtl/core/known_spectral_core.sv:171$1186.$result[63:0]$1322
    20/90: $2$lookahead\power_buffer$1262[63:0]$1328
    21/90: $2$bitselwrite$pos$rtl/core/known_spectral_core.sv:246$1187[31:0]$1327
    22/90: $2\i[31:0]
    23/90: $0\dbg_valid[0:0]
    24/90: $1$lookahead\power_buffer$1262[63:0]$1292
    25/90: $1$bitselwrite$pos$rtl/core/known_spectral_core.sv:246$1187[31:0]$1291
    26/90: $1\rne$func$rtl/core/known_spectral_core.sv:171$1186.half[63:0]$1290
    27/90: $1\rne$func$rtl/core/known_spectral_core.sv:171$1186.rem[63:0]$1289
    28/90: $1\rne$func$rtl/core/known_spectral_core.sv:171$1186.quotient[63:0]$1288
    29/90: $1\rne$func$rtl/core/known_spectral_core.sv:171$1186.value[63:0]$1287
    30/90: $1\rne$func$rtl/core/known_spectral_core.sv:171$1186.$result[63:0]$1286
    31/90: $1\i[31:0]
    32/90: $1$memwr$\windowed$rtl/core/known_spectral_core.sv:144$1192_EN[15:0]$1280
    33/90: $1$memwr$\windowed$rtl/core/known_spectral_core.sv:144$1192_DATA[15:0]$1279
    34/90: $1$memwr$\windowed$rtl/core/known_spectral_core.sv:144$1192_ADDR[9:0]$1278
    35/90: $0\phases[2][9:0]
    36/90: $0\phases[0][9:0]
    37/90: $0\accumulator[3][47:0]
    38/90: $0\accumulator[2][47:0]
    39/90: $0\accumulator[1][47:0]
    40/90: $0\accumulator[0][47:0]
    41/90: $0\exponent[7:0]
    42/90: $0\log_work[63:0]
    43/90: $0\ram_part[1:0]
    44/90: $0\feature[7:0]
    45/90: $0\log_value[31:0]
    46/90: $0\difference[31:0]
    47/90: $0\norm_negative[0:0]
    48/90: $0\wide_acc[63:0]
    49/90: $0\purpose[1:0]
    50/90: $0\wide_part[1:0]
    51/90: $0\wide_a[31:0]
    52/90: $0\bin_index[8:0]
    53/90: $0\imag_part[31:0]
    54/90: $0\real_part[31:0]
    55/90: $0\valid1[0:0]
    56/90: $0\valid0[0:0]
    57/90: $0\lane_store[1:0]
    58/90: $0\retired[10:0]
    59/90: $0\issued[10:0]
    60/90: $0\component_base[10:0]
    61/90: $3\rne$func$rtl/core/known_spectral_core.sv:171$1186.$result[63:0]$1329
    62/90: $0\score[31:0]
    63/90: $0\clip_window[7:0]
    64/90: $0\previous_valid[0:0]
    65/90: $0\previous_id[31:0]
    66/90: $0\clip_id[31:0]
    67/90: $0\active_id[31:0]
    68/90: $0\log_q[11:0]
    69/90: $0\weight_q[7:0]
    70/90: $0\gain_q[31:0]
    71/90: $0\mean_q[31:0]
    72/90: $0\mean[15:0]
    73/90: $0\sample_q[15:0]
    74/90: $0\point[9:0]
    75/90: $0\active_bank[0:0]
    76/90: $0\state[4:0]
    77/90: $0\dbg_value[63:0]
    78/90: $0\dbg_index[15:0]
    79/90: $0\dbg_frame[31:0]
    80/90: $0\dbg_kind[3:0]
    81/90: $0\cycles_total[31:0]
    82/90: $0\cycles_nn[31:0]
    83/90: $0\cycles_power[31:0]
    84/90: $0\cycles_dft[31:0]
    85/90: $0\cycles_pre[31:0]
    86/90: $0\out_frame_id[31:0]
    87/90: $0\out_error[7:0]
    88/90: $0\out_score[31:0]
    89/90: $0\out_class[0:0]
    90/90: $0\out_valid[0:0]
Creating decoders for process `$paramod$62945020deb49dca7532bb56aa17d468195accd3\known_spectral_core.$proc$rtl/core/known_spectral_core.sv:128$1258'.
     1/10: $1\operand_b[0][15:0]
     2/10: $1\operand_a[0][15:0]
     3/10: $1\multiply[0:0]
     4/10: $1\operand_b[3][15:0]
     5/10: $1\operand_b[2][15:0]
     6/10: $1\operand_b[1][15:0]
     7/10: $1\operand_a[3][15:0]
     8/10: $1\operand_a[2][15:0]
     9/10: $1\operand_a[1][15:0]
    10/10: $1$fordecl_block$3.j[31:0]$1261
Creating decoders for process `$paramod$78dc09561539cbddd67c345fb430e65d2d8515c0\spi_master.$proc$rtl/io/spi_master.sv:29$1510'.
     1/12: $0\rx_valid[0:0]
     2/12: $0\last_byte[0:0]
     3/12: $0\finishing[0:0]
     4/12: $0\byte_active[0:0]
     5/12: $0\edge_count[3:0]
     6/12: $0\rx_shift[7:0]
     7/12: $0\tx_shift[7:0]
     8/12: $0\divider[0:0]
     9/12: $0\cs_n[0:0]
    10/12: $0\mosi[0:0]
    11/12: $0\sclk[0:0]
    12/12: $0\rx_data[7:0]
Creating decoders for process `$paramod$c7d2e96817a9b0a0da4e740a1f9ee0b32b81df9f\vib_coeff_rom.$proc$rtl/core/vib_coeff_rom.sv:26$989'.
     1/3: $0\is_zero[0:0]
     2/3: $0\negative[0:0]
     3/3: $0\magnitude[15:0]
Creating decoders for process `$paramod\flash_stream\POLL_LIMIT=s32'00000000000000000000111111111111.$proc$rtl/io/flash_stream.sv:69$954'.
     1/11: $0\done[0:0]
     2/11: $0\polls[11:0]
     3/11: $0\header_index[1:0]
     4/11: $0\remaining[15:0]
     5/11: $0\writing[0:0]
     6/11: $0\wake_count[7:0]
     7/11: $0\address[23:0]
     8/11: $0\state[3:0]
     9/11: $0\error[0:0]
    10/11: $0\rd_data[7:0]
    11/11: $0\rd_valid[0:0]
Creating decoders for process `$paramod\flash_stream\POLL_LIMIT=s32'00000000000000000000111111111111.$proc$rtl/io/flash_stream.sv:48$949'.
     1/4: $2\tx_data[7:0]
     2/4: $1\tx_data[7:0]
     3/4: $1\tx_last[0:0]
     4/4: $1\tx_valid[0:0]
Creating decoders for process `$paramod$3257fc9d7fe13afd4427e476fcec21242628398a\known_replay_controller.$proc$rtl/io/known_replay_controller.sv:101$786'.
     1/41: $2\crc_byte$func$rtl/io/known_replay_controller.sv:200$715.$result[31:0]$899
     2/41: $2\crc_byte$func$rtl/io/known_replay_controller.sv:200$715.i[31:0]$903
     3/41: $2\crc_byte$func$rtl/io/known_replay_controller.sv:200$715.c[31:0]$902
     4/41: $2\crc_byte$func$rtl/io/known_replay_controller.sv:200$715.data[7:0]$901
     5/41: $2\crc_byte$func$rtl/io/known_replay_controller.sv:200$715.prior[31:0]$900
     6/41: $0\errors[7:0] [7]
     7/41: $0\errors[7:0] [6]
     8/41: $0\errors[7:0] [1]
     9/41: $0\errors[7:0] [0]
    10/41: $0\errors[7:0] [5]
    11/41: $0\errors[7:0] [4]
    12/41: $0\errors[7:0] [3]
    13/41: $0\errors[7:0] [2]
    14/41: $1\crc_byte$func$rtl/io/known_replay_controller.sv:200$715.i[31:0]$796
    15/41: $1\crc_byte$func$rtl/io/known_replay_controller.sv:200$715.c[31:0]$795
    16/41: $1\crc_byte$func$rtl/io/known_replay_controller.sv:200$715.data[7:0]$794
    17/41: $1\crc_byte$func$rtl/io/known_replay_controller.sv:200$715.prior[31:0]$793
    18/41: $1\crc_byte$func$rtl/io/known_replay_controller.sv:200$715.$result[31:0]$792
    19/41: $0\max_level[8:0]
    20/41: $0\level[8:0]
    21/41: $0\rp[7:0]
    22/41: $0\wp[7:0]
    23/41: $0\result_seen[0:0]
    24/41: $0\tail[21:0]
    25/41: $0\result_tick[30:0]
    26/41: $0\last_tick[30:0]
    27/41: $0\first_tick[30:0]
    28/41: $0\low_byte[7:0]
    29/41: $0\byte_index[7:0]
    30/41: $0\generated[17:0]
    31/41: $0\loaded[18:0]
    32/41: $0\crc[31:0]
    33/41: $0\expected_crc[31:0]
    34/41: $0\header_word[31:0]
    35/41: $0\period[13:0]
    36/41: $0\active[0:0]
    37/41: $0\committed[0:0]
    38/41: $0\blank[0:0]
    39/41: $0\tick[30:0]
    40/41: $0\phase[13:0]
    41/41: $0\state[3:0]
Creating decoders for process `$paramod$3257fc9d7fe13afd4427e476fcec21242628398a\known_replay_controller.$proc$rtl/io/known_replay_controller.sv:67$746'.
     1/8: $1\cmd_length[15:0]
     2/8: $1\cmd_address[23:0]
     3/8: $1\cmd_valid[0:0]
     4/8: $1\wr_data[7:0]
     5/8: $1\wr_valid[0:0]
     6/8: $1\rd_ready[0:0]
     7/8: $1\cmd_write[0:0]
     8/8: $1\log_word[31:0]
Creating decoders for process `$paramod$3257fc9d7fe13afd4427e476fcec21242628398a\known_replay_controller.$proc$rtl/io/known_replay_controller.sv:57$738'.
     1/3: $1$memwr$\queue$rtl/io/known_replay_controller.sv:58$716_EN[15:0]$744
     2/3: $1$memwr$\queue$rtl/io/known_replay_controller.sv:58$716_DATA[15:0]$743
     3/3: $1$memwr$\queue$rtl/io/known_replay_controller.sv:58$716_ADDR[7:0]$742
Creating decoders for process `$paramod\known_capture\N=s32'00000000000000000000010000000000.$proc$rtl/core/known_capture.sv:31$1038'.
     1/76: $6$lookahead\full$1036[1:0]$1164
     2/76: $5$bitselwrite$pos$rtl/core/known_capture.sv:52$1004[0:0]$1157
     3/76: $5$memwr$\ids$rtl/core/known_capture.sv:51$1012_EN[31:0]$1163
     4/76: $5$memwr$\ids$rtl/core/known_capture.sv:51$1012_DATA[31:0]$1162
     5/76: $5$memwr$\ids$rtl/core/known_capture.sv:51$1012_ADDR[0:0]$1161
     6/76: $5$memwr$\sums$rtl/core/known_capture.sv:51$1011_EN[31:0]$1160
     7/76: $5$memwr$\sums$rtl/core/known_capture.sv:51$1011_DATA[31:0]$1159
     8/76: $5$memwr$\sums$rtl/core/known_capture.sv:51$1011_ADDR[0:0]$1158
     9/76: $5$lookahead\full$1036[1:0]$1152
    10/76: $4$memwr$\ids$rtl/core/known_capture.sv:51$1012_EN[31:0]$1151
    11/76: $4$memwr$\ids$rtl/core/known_capture.sv:51$1012_DATA[31:0]$1150
    12/76: $4$memwr$\ids$rtl/core/known_capture.sv:51$1012_ADDR[0:0]$1149
    13/76: $4$memwr$\sums$rtl/core/known_capture.sv:51$1011_EN[31:0]$1148
    14/76: $4$memwr$\sums$rtl/core/known_capture.sv:51$1011_DATA[31:0]$1147
    15/76: $4$memwr$\sums$rtl/core/known_capture.sv:51$1011_ADDR[0:0]$1146
    16/76: $4$bitselwrite$pos$rtl/core/known_capture.sv:52$1004[0:0]$1145
    17/76: $4$lookahead\full$1036[1:0]$1144
    18/76: $3$memwr$\ids$rtl/core/known_capture.sv:51$1012_EN[31:0]$1143
    19/76: $3$memwr$\ids$rtl/core/known_capture.sv:51$1012_DATA[31:0]$1142
    20/76: $3$memwr$\ids$rtl/core/known_capture.sv:51$1012_ADDR[0:0]$1141
    21/76: $3$memwr$\sums$rtl/core/known_capture.sv:51$1011_EN[31:0]$1140
    22/76: $3$memwr$\sums$rtl/core/known_capture.sv:51$1011_DATA[31:0]$1139
    23/76: $3$memwr$\sums$rtl/core/known_capture.sv:51$1011_ADDR[0:0]$1138
    24/76: $3$bitselwrite$pos$rtl/core/known_capture.sv:52$1004[0:0]$1137
    25/76: $3$lookahead\full$1036[1:0]$1135
    26/76: $2$memwr$\ids$rtl/core/known_capture.sv:51$1012_EN[31:0]$1134
    27/76: $2$memwr$\ids$rtl/core/known_capture.sv:51$1012_DATA[31:0]$1133
    28/76: $2$memwr$\ids$rtl/core/known_capture.sv:51$1012_ADDR[0:0]$1132
    29/76: $2$memwr$\sums$rtl/core/known_capture.sv:51$1011_EN[31:0]$1131
    30/76: $2$memwr$\sums$rtl/core/known_capture.sv:51$1011_DATA[31:0]$1130
    31/76: $2$memwr$\sums$rtl/core/known_capture.sv:51$1011_ADDR[0:0]$1129
    32/76: $2$bitselwrite$pos$rtl/core/known_capture.sv:52$1004[0:0]$1128
    33/76: $3$lookahead\busy$1037[1:0]$1119
    34/76: $2$bitselwrite$pos$rtl/core/known_capture.sv:42$1003[0:0]$1118
    35/76: $2$lookahead\busy$1037[1:0]$1102
    36/76: $2$bitselwrite$pos$rtl/core/known_capture.sv:41$1002[0:0]$1100
    37/76: $2$lookahead\full$1036[1:0]$1101
    38/76: $2$bitselwrite$pos$rtl/core/known_capture.sv:41$1001[0:0]$1099
    39/76: $1$memwr$\sums$rtl/core/known_capture.sv:39$1010_EN[31:0]$1089
    40/76: $1$memwr$\sums$rtl/core/known_capture.sv:39$1009_EN[31:0]$1088
    41/76: $1$memwr$\ids$rtl/core/known_capture.sv:39$1008_EN[31:0]$1087
    42/76: $1$memwr$\ids$rtl/core/known_capture.sv:39$1007_EN[31:0]$1086
    43/76: $1$lookahead\busy$1037[1:0]$1097
    44/76: $1$lookahead\full$1036[1:0]$1096
    45/76: $1$memwr$\ids$rtl/core/known_capture.sv:51$1012_EN[31:0]$1095
    46/76: $1$memwr$\ids$rtl/core/known_capture.sv:51$1012_DATA[31:0]$1094
    47/76: $1$memwr$\ids$rtl/core/known_capture.sv:51$1012_ADDR[0:0]$1093
    48/76: $1$memwr$\sums$rtl/core/known_capture.sv:51$1011_EN[31:0]$1092
    49/76: $1$memwr$\sums$rtl/core/known_capture.sv:51$1011_DATA[31:0]$1091
    50/76: $1$memwr$\sums$rtl/core/known_capture.sv:51$1011_ADDR[0:0]$1090
    51/76: $1$bitselwrite$pos$rtl/core/known_capture.sv:52$1004[0:0]$1085
    52/76: $1$bitselwrite$pos$rtl/core/known_capture.sv:42$1003[0:0]$1084
    53/76: $1$bitselwrite$pos$rtl/core/known_capture.sv:41$1002[0:0]$1083
    54/76: $1$bitselwrite$pos$rtl/core/known_capture.sv:41$1001[0:0]$1082
    55/76: $2$memwr$\raw1$rtl/core/known_capture.sv:34$1005_EN[15:0]$1078
    56/76: $2$memwr$\raw1$rtl/core/known_capture.sv:34$1005_DATA[15:0]$1077
    57/76: $2$memwr$\raw1$rtl/core/known_capture.sv:34$1005_ADDR[9:0]$1076
    58/76: $2$memwr$\raw0$rtl/core/known_capture.sv:34$1006_EN[15:0]$1081
    59/76: $2$memwr$\raw0$rtl/core/known_capture.sv:34$1006_DATA[15:0]$1080
    60/76: $2$memwr$\raw0$rtl/core/known_capture.sv:34$1006_ADDR[9:0]$1079
    61/76: $1$memwr$\raw0$rtl/core/known_capture.sv:34$1006_EN[15:0]$1075
    62/76: $1$memwr$\raw0$rtl/core/known_capture.sv:34$1006_DATA[15:0]$1074
    63/76: $1$memwr$\raw0$rtl/core/known_capture.sv:34$1006_ADDR[9:0]$1073
    64/76: $1$memwr$\raw1$rtl/core/known_capture.sv:34$1005_EN[15:0]$1072
    65/76: $1$memwr$\raw1$rtl/core/known_capture.sv:34$1005_DATA[15:0]$1071
    66/76: $1$memwr$\raw1$rtl/core/known_capture.sv:34$1005_ADDR[9:0]$1070
    67/76: $0\sum[31:0]
    68/76: $0\current_id[31:0]
    69/76: $0\position[9:0]
    70/76: $0\draining[0:0]
    71/76: $0\head_bank[0:0]
    72/76: $0\wr_bank[0:0]
    73/76: $0\q1[15:0]
    74/76: $0\q0[15:0]
    75/76: $0\accepted_samples[31:0]
    76/76: $0\protocol_errors[31:0]
Creating decoders for process `\upduino_known.$proc$rtl/upduino_known.sv:8$396'.
Creating decoders for process `\upduino_known.$proc$rtl/upduino_known.sv:11$394'.
     1/1: $0\startup[16:0]

10.4.8. Executing PROC_DLATCH pass (convert process syncs to latches).
No latch inferred for signal `$paramod$62945020deb49dca7532bb56aa17d468195accd3\known_spectral_core.\coefficient[3]' from process `$paramod$62945020deb49dca7532bb56aa17d468195accd3\known_spectral_core.$proc$rtl/core/known_spectral_core.sv:124$1504'.
No latch inferred for signal `$paramod$62945020deb49dca7532bb56aa17d468195accd3\known_spectral_core.\coefficient[2]' from process `$paramod$62945020deb49dca7532bb56aa17d468195accd3\known_spectral_core.$proc$rtl/core/known_spectral_core.sv:124$1503'.
No latch inferred for signal `$paramod$62945020deb49dca7532bb56aa17d468195accd3\known_spectral_core.\coefficient[1]' from process `$paramod$62945020deb49dca7532bb56aa17d468195accd3\known_spectral_core.$proc$rtl/core/known_spectral_core.sv:124$1502'.
No latch inferred for signal `$paramod$62945020deb49dca7532bb56aa17d468195accd3\known_spectral_core.\coefficient[0]' from process `$paramod$62945020deb49dca7532bb56aa17d468195accd3\known_spectral_core.$proc$rtl/core/known_spectral_core.sv:124$1501'.
No latch inferred for signal `$paramod$62945020deb49dca7532bb56aa17d468195accd3\known_spectral_core.\rne$func$rtl/core/known_spectral_core.sv:83$1177.$result' from process `$paramod$62945020deb49dca7532bb56aa17d468195accd3\known_spectral_core.$proc$rtl/core/known_spectral_core.sv:83$1457'.
No latch inferred for signal `$paramod$62945020deb49dca7532bb56aa17d468195accd3\known_spectral_core.\rne$func$rtl/core/known_spectral_core.sv:82$1176.$result' from process `$paramod$62945020deb49dca7532bb56aa17d468195accd3\known_spectral_core.$proc$rtl/core/known_spectral_core.sv:82$1437'.
No latch inferred for signal `$paramod$62945020deb49dca7532bb56aa17d468195accd3\known_spectral_core.\multiply' from process `$paramod$62945020deb49dca7532bb56aa17d468195accd3\known_spectral_core.$proc$rtl/core/known_spectral_core.sv:128$1258'.
No latch inferred for signal `$paramod$62945020deb49dca7532bb56aa17d468195accd3\known_spectral_core.$fordecl_block$1.j' from process `$paramod$62945020deb49dca7532bb56aa17d468195accd3\known_spectral_core.$proc$rtl/core/known_spectral_core.sv:128$1258'.
No latch inferred for signal `$paramod$62945020deb49dca7532bb56aa17d468195accd3\known_spectral_core.\operand_a[0]' from process `$paramod$62945020deb49dca7532bb56aa17d468195accd3\known_spectral_core.$proc$rtl/core/known_spectral_core.sv:128$1258'.
No latch inferred for signal `$paramod$62945020deb49dca7532bb56aa17d468195accd3\known_spectral_core.\operand_a[1]' from process `$paramod$62945020deb49dca7532bb56aa17d468195accd3\known_spectral_core.$proc$rtl/core/known_spectral_core.sv:128$1258'.
No latch inferred for signal `$paramod$62945020deb49dca7532bb56aa17d468195accd3\known_spectral_core.\operand_a[2]' from process `$paramod$62945020deb49dca7532bb56aa17d468195accd3\known_spectral_core.$proc$rtl/core/known_spectral_core.sv:128$1258'.
No latch inferred for signal `$paramod$62945020deb49dca7532bb56aa17d468195accd3\known_spectral_core.\operand_a[3]' from process `$paramod$62945020deb49dca7532bb56aa17d468195accd3\known_spectral_core.$proc$rtl/core/known_spectral_core.sv:128$1258'.
No latch inferred for signal `$paramod$62945020deb49dca7532bb56aa17d468195accd3\known_spectral_core.\operand_b[0]' from process `$paramod$62945020deb49dca7532bb56aa17d468195accd3\known_spectral_core.$proc$rtl/core/known_spectral_core.sv:128$1258'.
No latch inferred for signal `$paramod$62945020deb49dca7532bb56aa17d468195accd3\known_spectral_core.\operand_b[1]' from process `$paramod$62945020deb49dca7532bb56aa17d468195accd3\known_spectral_core.$proc$rtl/core/known_spectral_core.sv:128$1258'.
No latch inferred for signal `$paramod$62945020deb49dca7532bb56aa17d468195accd3\known_spectral_core.\operand_b[2]' from process `$paramod$62945020deb49dca7532bb56aa17d468195accd3\known_spectral_core.$proc$rtl/core/known_spectral_core.sv:128$1258'.
No latch inferred for signal `$paramod$62945020deb49dca7532bb56aa17d468195accd3\known_spectral_core.\operand_b[3]' from process `$paramod$62945020deb49dca7532bb56aa17d468195accd3\known_spectral_core.$proc$rtl/core/known_spectral_core.sv:128$1258'.
Warning: Latch inferred for signal `$paramod$62945020deb49dca7532bb56aa17d468195accd3\known_spectral_core.$fordecl_block$3.j [1:0]' from process `$paramod$62945020deb49dca7532bb56aa17d468195accd3\known_spectral_core.$proc$rtl/core/known_spectral_core.sv:128$1258': $auto$proc_dlatch.cc:543:proc_dlatch$5378
Warning: Latch inferred for signal `$paramod$62945020deb49dca7532bb56aa17d468195accd3\known_spectral_core.$fordecl_block$3.j [2]' from process `$paramod$62945020deb49dca7532bb56aa17d468195accd3\known_spectral_core.$proc$rtl/core/known_spectral_core.sv:128$1258': $auto$proc_dlatch.cc:545:proc_dlatch$5387
Warning: Latch inferred for signal `$paramod$62945020deb49dca7532bb56aa17d468195accd3\known_spectral_core.$fordecl_block$3.j [31:3]' from process `$paramod$62945020deb49dca7532bb56aa17d468195accd3\known_spectral_core.$proc$rtl/core/known_spectral_core.sv:128$1258': $auto$proc_dlatch.cc:543:proc_dlatch$5390
No latch inferred for signal `$paramod\flash_stream\POLL_LIMIT=s32'00000000000000000000111111111111.\tx_valid' from process `$paramod\flash_stream\POLL_LIMIT=s32'00000000000000000000111111111111.$proc$rtl/io/flash_stream.sv:48$949'.
No latch inferred for signal `$paramod\flash_stream\POLL_LIMIT=s32'00000000000000000000111111111111.\tx_last' from process `$paramod\flash_stream\POLL_LIMIT=s32'00000000000000000000111111111111.$proc$rtl/io/flash_stream.sv:48$949'.
No latch inferred for signal `$paramod\flash_stream\POLL_LIMIT=s32'00000000000000000000111111111111.\tx_data' from process `$paramod\flash_stream\POLL_LIMIT=s32'00000000000000000000111111111111.$proc$rtl/io/flash_stream.sv:48$949'.
No latch inferred for signal `$paramod$3257fc9d7fe13afd4427e476fcec21242628398a\known_replay_controller.\cmd_valid' from process `$paramod$3257fc9d7fe13afd4427e476fcec21242628398a\known_replay_controller.$proc$rtl/io/known_replay_controller.sv:67$746'.
No latch inferred for signal `$paramod$3257fc9d7fe13afd4427e476fcec21242628398a\known_replay_controller.\cmd_write' from process `$paramod$3257fc9d7fe13afd4427e476fcec21242628398a\known_replay_controller.$proc$rtl/io/known_replay_controller.sv:67$746'.
No latch inferred for signal `$paramod$3257fc9d7fe13afd4427e476fcec21242628398a\known_replay_controller.\rd_ready' from process `$paramod$3257fc9d7fe13afd4427e476fcec21242628398a\known_replay_controller.$proc$rtl/io/known_replay_controller.sv:67$746'.
No latch inferred for signal `$paramod$3257fc9d7fe13afd4427e476fcec21242628398a\known_replay_controller.\wr_valid' from process `$paramod$3257fc9d7fe13afd4427e476fcec21242628398a\known_replay_controller.$proc$rtl/io/known_replay_controller.sv:67$746'.
No latch inferred for signal `$paramod$3257fc9d7fe13afd4427e476fcec21242628398a\known_replay_controller.\cmd_address' from process `$paramod$3257fc9d7fe13afd4427e476fcec21242628398a\known_replay_controller.$proc$rtl/io/known_replay_controller.sv:67$746'.
No latch inferred for signal `$paramod$3257fc9d7fe13afd4427e476fcec21242628398a\known_replay_controller.\cmd_length' from process `$paramod$3257fc9d7fe13afd4427e476fcec21242628398a\known_replay_controller.$proc$rtl/io/known_replay_controller.sv:67$746'.
No latch inferred for signal `$paramod$3257fc9d7fe13afd4427e476fcec21242628398a\known_replay_controller.\wr_data' from process `$paramod$3257fc9d7fe13afd4427e476fcec21242628398a\known_replay_controller.$proc$rtl/io/known_replay_controller.sv:67$746'.
No latch inferred for signal `$paramod$3257fc9d7fe13afd4427e476fcec21242628398a\known_replay_controller.\log_word' from process `$paramod$3257fc9d7fe13afd4427e476fcec21242628398a\known_replay_controller.$proc$rtl/io/known_replay_controller.sv:67$746'.

10.4.9. Executing PROC_DFF pass (convert process syncs to FFs).
Creating register for signal `$paramod$62945020deb49dca7532bb56aa17d468195accd3\known_spectral_core.\product[3]' using process `$paramod$62945020deb49dca7532bb56aa17d468195accd3\known_spectral_core.$proc$rtl/core/known_spectral_core.sv:125$1499'.
  created $dff cell `$procdff$5391' with positive edge clock.
Creating register for signal `$paramod$62945020deb49dca7532bb56aa17d468195accd3\known_spectral_core.\product[2]' using process `$paramod$62945020deb49dca7532bb56aa17d468195accd3\known_spectral_core.$proc$rtl/core/known_spectral_core.sv:125$1491'.
  created $dff cell `$procdff$5392' with positive edge clock.
Creating register for signal `$paramod$62945020deb49dca7532bb56aa17d468195accd3\known_spectral_core.\product[1]' using process `$paramod$62945020deb49dca7532bb56aa17d468195accd3\known_spectral_core.$proc$rtl/core/known_spectral_core.sv:125$1484'.
  created $dff cell `$procdff$5393' with positive edge clock.
Creating register for signal `$paramod$62945020deb49dca7532bb56aa17d468195accd3\known_spectral_core.\product[0]' using process `$paramod$62945020deb49dca7532bb56aa17d468195accd3\known_spectral_core.$proc$rtl/core/known_spectral_core.sv:125$1476'.
  created $dff cell `$procdff$5394' with positive edge clock.
Creating register for signal `$paramod$62945020deb49dca7532bb56aa17d468195accd3\known_spectral_core.\i' using process `$paramod$62945020deb49dca7532bb56aa17d468195accd3\known_spectral_core.$proc$rtl/core/known_spectral_core.sv:142$1263'.
  created $dff cell `$procdff$5395' with positive edge clock.
Creating register for signal `$paramod$62945020deb49dca7532bb56aa17d468195accd3\known_spectral_core.\out_valid' using process `$paramod$62945020deb49dca7532bb56aa17d468195accd3\known_spectral_core.$proc$rtl/core/known_spectral_core.sv:142$1263'.
  created $dff cell `$procdff$5396' with positive edge clock.
Creating register for signal `$paramod$62945020deb49dca7532bb56aa17d468195accd3\known_spectral_core.\out_class' using process `$paramod$62945020deb49dca7532bb56aa17d468195accd3\known_spectral_core.$proc$rtl/core/known_spectral_core.sv:142$1263'.
  created $dff cell `$procdff$5397' with positive edge clock.
Creating register for signal `$paramod$62945020deb49dca7532bb56aa17d468195accd3\known_spectral_core.\out_score' using process `$paramod$62945020deb49dca7532bb56aa17d468195accd3\known_spectral_core.$proc$rtl/core/known_spectral_core.sv:142$1263'.
  created $dff cell `$procdff$5398' with positive edge clock.
Creating register for signal `$paramod$62945020deb49dca7532bb56aa17d468195accd3\known_spectral_core.\out_error' using process `$paramod$62945020deb49dca7532bb56aa17d468195accd3\known_spectral_core.$proc$rtl/core/known_spectral_core.sv:142$1263'.
  created $dff cell `$procdff$5399' with positive edge clock.
Creating register for signal `$paramod$62945020deb49dca7532bb56aa17d468195accd3\known_spectral_core.\out_frame_id' using process `$paramod$62945020deb49dca7532bb56aa17d468195accd3\known_spectral_core.$proc$rtl/core/known_spectral_core.sv:142$1263'.
  created $dff cell `$procdff$5400' with positive edge clock.
Creating register for signal `$paramod$62945020deb49dca7532bb56aa17d468195accd3\known_spectral_core.\cycles_pre' using process `$paramod$62945020deb49dca7532bb56aa17d468195accd3\known_spectral_core.$proc$rtl/core/known_spectral_core.sv:142$1263'.
  created $dff cell `$procdff$5401' with positive edge clock.
Creating register for signal `$paramod$62945020deb49dca7532bb56aa17d468195accd3\known_spectral_core.\cycles_dft' using process `$paramod$62945020deb49dca7532bb56aa17d468195accd3\known_spectral_core.$proc$rtl/core/known_spectral_core.sv:142$1263'.
  created $dff cell `$procdff$5402' with positive edge clock.
Creating register for signal `$paramod$62945020deb49dca7532bb56aa17d468195accd3\known_spectral_core.\cycles_power' using process `$paramod$62945020deb49dca7532bb56aa17d468195accd3\known_spectral_core.$proc$rtl/core/known_spectral_core.sv:142$1263'.
  created $dff cell `$procdff$5403' with positive edge clock.
Creating register for signal `$paramod$62945020deb49dca7532bb56aa17d468195accd3\known_spectral_core.\cycles_nn' using process `$paramod$62945020deb49dca7532bb56aa17d468195accd3\known_spectral_core.$proc$rtl/core/known_spectral_core.sv:142$1263'.
  created $dff cell `$procdff$5404' with positive edge clock.
Creating register for signal `$paramod$62945020deb49dca7532bb56aa17d468195accd3\known_spectral_core.\cycles_total' using process `$paramod$62945020deb49dca7532bb56aa17d468195accd3\known_spectral_core.$proc$rtl/core/known_spectral_core.sv:142$1263'.
  created $dff cell `$procdff$5405' with positive edge clock.
Creating register for signal `$paramod$62945020deb49dca7532bb56aa17d468195accd3\known_spectral_core.\dbg_valid' using process `$paramod$62945020deb49dca7532bb56aa17d468195accd3\known_spectral_core.$proc$rtl/core/known_spectral_core.sv:142$1263'.
  created $dff cell `$procdff$5406' with positive edge clock.
Creating register for signal `$paramod$62945020deb49dca7532bb56aa17d468195accd3\known_spectral_core.\dbg_kind' using process `$paramod$62945020deb49dca7532bb56aa17d468195accd3\known_spectral_core.$proc$rtl/core/known_spectral_core.sv:142$1263'.
  created $dff cell `$procdff$5407' with positive edge clock.
Creating register for signal `$paramod$62945020deb49dca7532bb56aa17d468195accd3\known_spectral_core.\dbg_frame' using process `$paramod$62945020deb49dca7532bb56aa17d468195accd3\known_spectral_core.$proc$rtl/core/known_spectral_core.sv:142$1263'.
  created $dff cell `$procdff$5408' with positive edge clock.
Creating register for signal `$paramod$62945020deb49dca7532bb56aa17d468195accd3\known_spectral_core.\dbg_index' using process `$paramod$62945020deb49dca7532bb56aa17d468195accd3\known_spectral_core.$proc$rtl/core/known_spectral_core.sv:142$1263'.
  created $dff cell `$procdff$5409' with positive edge clock.
Creating register for signal `$paramod$62945020deb49dca7532bb56aa17d468195accd3\known_spectral_core.\dbg_value' using process `$paramod$62945020deb49dca7532bb56aa17d468195accd3\known_spectral_core.$proc$rtl/core/known_spectral_core.sv:142$1263'.
  created $dff cell `$procdff$5410' with positive edge clock.
Creating register for signal `$paramod$62945020deb49dca7532bb56aa17d468195accd3\known_spectral_core.\state' using process `$paramod$62945020deb49dca7532bb56aa17d468195accd3\known_spectral_core.$proc$rtl/core/known_spectral_core.sv:142$1263'.
  created $dff cell `$procdff$5411' with positive edge clock.
Creating register for signal `$paramod$62945020deb49dca7532bb56aa17d468195accd3\known_spectral_core.\active_bank' using process `$paramod$62945020deb49dca7532bb56aa17d468195accd3\known_spectral_core.$proc$rtl/core/known_spectral_core.sv:142$1263'.
  created $dff cell `$procdff$5412' with positive edge clock.
Creating register for signal `$paramod$62945020deb49dca7532bb56aa17d468195accd3\known_spectral_core.\point' using process `$paramod$62945020deb49dca7532bb56aa17d468195accd3\known_spectral_core.$proc$rtl/core/known_spectral_core.sv:142$1263'.
  created $dff cell `$procdff$5413' with positive edge clock.
Creating register for signal `$paramod$62945020deb49dca7532bb56aa17d468195accd3\known_spectral_core.\sample_q' using process `$paramod$62945020deb49dca7532bb56aa17d468195accd3\known_spectral_core.$proc$rtl/core/known_spectral_core.sv:142$1263'.
  created $dff cell `$procdff$5414' with positive edge clock.
Creating register for signal `$paramod$62945020deb49dca7532bb56aa17d468195accd3\known_spectral_core.\mean' using process `$paramod$62945020deb49dca7532bb56aa17d468195accd3\known_spectral_core.$proc$rtl/core/known_spectral_core.sv:142$1263'.
  created $dff cell `$procdff$5415' with positive edge clock.
Creating register for signal `$paramod$62945020deb49dca7532bb56aa17d468195accd3\known_spectral_core.\mean_q' using process `$paramod$62945020deb49dca7532bb56aa17d468195accd3\known_spectral_core.$proc$rtl/core/known_spectral_core.sv:142$1263'.
  created $dff cell `$procdff$5416' with positive edge clock.
Creating register for signal `$paramod$62945020deb49dca7532bb56aa17d468195accd3\known_spectral_core.\gain_q' using process `$paramod$62945020deb49dca7532bb56aa17d468195accd3\known_spectral_core.$proc$rtl/core/known_spectral_core.sv:142$1263'.
  created $dff cell `$procdff$5417' with positive edge clock.
Creating register for signal `$paramod$62945020deb49dca7532bb56aa17d468195accd3\known_spectral_core.\weight_q' using process `$paramod$62945020deb49dca7532bb56aa17d468195accd3\known_spectral_core.$proc$rtl/core/known_spectral_core.sv:142$1263'.
  created $dff cell `$procdff$5418' with positive edge clock.
Creating register for signal `$paramod$62945020deb49dca7532bb56aa17d468195accd3\known_spectral_core.\log_q' using process `$paramod$62945020deb49dca7532bb56aa17d468195accd3\known_spectral_core.$proc$rtl/core/known_spectral_core.sv:142$1263'.
  created $dff cell `$procdff$5419' with positive edge clock.
Creating register for signal `$paramod$62945020deb49dca7532bb56aa17d468195accd3\known_spectral_core.\active_id' using process `$paramod$62945020deb49dca7532bb56aa17d468195accd3\known_spectral_core.$proc$rtl/core/known_spectral_core.sv:142$1263'.
  created $dff cell `$procdff$5420' with positive edge clock.
Creating register for signal `$paramod$62945020deb49dca7532bb56aa17d468195accd3\known_spectral_core.\clip_id' using process `$paramod$62945020deb49dca7532bb56aa17d468195accd3\known_spectral_core.$proc$rtl/core/known_spectral_core.sv:142$1263'.
  created $dff cell `$procdff$5421' with positive edge clock.
Creating register for signal `$paramod$62945020deb49dca7532bb56aa17d468195accd3\known_spectral_core.\previous_id' using process `$paramod$62945020deb49dca7532bb56aa17d468195accd3\known_spectral_core.$proc$rtl/core/known_spectral_core.sv:142$1263'.
  created $dff cell `$procdff$5422' with positive edge clock.
Creating register for signal `$paramod$62945020deb49dca7532bb56aa17d468195accd3\known_spectral_core.\previous_valid' using process `$paramod$62945020deb49dca7532bb56aa17d468195accd3\known_spectral_core.$proc$rtl/core/known_spectral_core.sv:142$1263'.
  created $dff cell `$procdff$5423' with positive edge clock.
Creating register for signal `$paramod$62945020deb49dca7532bb56aa17d468195accd3\known_spectral_core.\clip_window' using process `$paramod$62945020deb49dca7532bb56aa17d468195accd3\known_spectral_core.$proc$rtl/core/known_spectral_core.sv:142$1263'.
  created $dff cell `$procdff$5424' with positive edge clock.
Creating register for signal `$paramod$62945020deb49dca7532bb56aa17d468195accd3\known_spectral_core.\score' using process `$paramod$62945020deb49dca7532bb56aa17d468195accd3\known_spectral_core.$proc$rtl/core/known_spectral_core.sv:142$1263'.
  created $dff cell `$procdff$5425' with positive edge clock.
Creating register for signal `$paramod$62945020deb49dca7532bb56aa17d468195accd3\known_spectral_core.\arithmetic_error' using process `$paramod$62945020deb49dca7532bb56aa17d468195accd3\known_spectral_core.$proc$rtl/core/known_spectral_core.sv:142$1263'.
  created $dff cell `$procdff$5426' with positive edge clock.
Creating register for signal `$paramod$62945020deb49dca7532bb56aa17d468195accd3\known_spectral_core.\component_base' using process `$paramod$62945020deb49dca7532bb56aa17d468195accd3\known_spectral_core.$proc$rtl/core/known_spectral_core.sv:142$1263'.
  created $dff cell `$procdff$5427' with positive edge clock.
Creating register for signal `$paramod$62945020deb49dca7532bb56aa17d468195accd3\known_spectral_core.\issued' using process `$paramod$62945020deb49dca7532bb56aa17d468195accd3\known_spectral_core.$proc$rtl/core/known_spectral_core.sv:142$1263'.
  created $dff cell `$procdff$5428' with positive edge clock.
Creating register for signal `$paramod$62945020deb49dca7532bb56aa17d468195accd3\known_spectral_core.\retired' using process `$paramod$62945020deb49dca7532bb56aa17d468195accd3\known_spectral_core.$proc$rtl/core/known_spectral_core.sv:142$1263'.
  created $dff cell `$procdff$5429' with positive edge clock.
Creating register for signal `$paramod$62945020deb49dca7532bb56aa17d468195accd3\known_spectral_core.\lane_store' using process `$paramod$62945020deb49dca7532bb56aa17d468195accd3\known_spectral_core.$proc$rtl/core/known_spectral_core.sv:142$1263'.
  created $dff cell `$procdff$5430' with positive edge clock.
Creating register for signal `$paramod$62945020deb49dca7532bb56aa17d468195accd3\known_spectral_core.\valid0' using process `$paramod$62945020deb49dca7532bb56aa17d468195accd3\known_spectral_core.$proc$rtl/core/known_spectral_core.sv:142$1263'.
  created $dff cell `$procdff$5431' with positive edge clock.
Creating register for signal `$paramod$62945020deb49dca7532bb56aa17d468195accd3\known_spectral_core.\valid1' using process `$paramod$62945020deb49dca7532bb56aa17d468195accd3\known_spectral_core.$proc$rtl/core/known_spectral_core.sv:142$1263'.
  created $dff cell `$procdff$5432' with positive edge clock.
Creating register for signal `$paramod$62945020deb49dca7532bb56aa17d468195accd3\known_spectral_core.\real_part' using process `$paramod$62945020deb49dca7532bb56aa17d468195accd3\known_spectral_core.$proc$rtl/core/known_spectral_core.sv:142$1263'.
  created $dff cell `$procdff$5433' with positive edge clock.
Creating register for signal `$paramod$62945020deb49dca7532bb56aa17d468195accd3\known_spectral_core.\imag_part' using process `$paramod$62945020deb49dca7532bb56aa17d468195accd3\known_spectral_core.$proc$rtl/core/known_spectral_core.sv:142$1263'.
  created $dff cell `$procdff$5434' with positive edge clock.
Creating register for signal `$paramod$62945020deb49dca7532bb56aa17d468195accd3\known_spectral_core.\bin_index' using process `$paramod$62945020deb49dca7532bb56aa17d468195accd3\known_spectral_core.$proc$rtl/core/known_spectral_core.sv:142$1263'.
  created $dff cell `$procdff$5435' with positive edge clock.
Creating register for signal `$paramod$62945020deb49dca7532bb56aa17d468195accd3\known_spectral_core.\wide_a' using process `$paramod$62945020deb49dca7532bb56aa17d468195accd3\known_spectral_core.$proc$rtl/core/known_spectral_core.sv:142$1263'.
  created $dff cell `$procdff$5436' with positive edge clock.
Creating register for signal `$paramod$62945020deb49dca7532bb56aa17d468195accd3\known_spectral_core.\wide_part' using process `$paramod$62945020deb49dca7532bb56aa17d468195accd3\known_spectral_core.$proc$rtl/core/known_spectral_core.sv:142$1263'.
  created $dff cell `$procdff$5437' with positive edge clock.
Creating register for signal `$paramod$62945020deb49dca7532bb56aa17d468195accd3\known_spectral_core.\purpose' using process `$paramod$62945020deb49dca7532bb56aa17d468195accd3\known_spectral_core.$proc$rtl/core/known_spectral_core.sv:142$1263'.
  created $dff cell `$procdff$5438' with positive edge clock.
Creating register for signal `$paramod$62945020deb49dca7532bb56aa17d468195accd3\known_spectral_core.\wide_acc' using process `$paramod$62945020deb49dca7532bb56aa17d468195accd3\known_spectral_core.$proc$rtl/core/known_spectral_core.sv:142$1263'.
  created $dff cell `$procdff$5439' with positive edge clock.
Creating register for signal `$paramod$62945020deb49dca7532bb56aa17d468195accd3\known_spectral_core.\power_buffer' using process `$paramod$62945020deb49dca7532bb56aa17d468195accd3\known_spectral_core.$proc$rtl/core/known_spectral_core.sv:142$1263'.
  created $dff cell `$procdff$5440' with positive edge clock.
Creating register for signal `$paramod$62945020deb49dca7532bb56aa17d468195accd3\known_spectral_core.\norm_negative' using process `$paramod$62945020deb49dca7532bb56aa17d468195accd3\known_spectral_core.$proc$rtl/core/known_spectral_core.sv:142$1263'.
  created $dff cell `$procdff$5441' with positive edge clock.
Creating register for signal `$paramod$62945020deb49dca7532bb56aa17d468195accd3\known_spectral_core.\difference' using process `$paramod$62945020deb49dca7532bb56aa17d468195accd3\known_spectral_core.$proc$rtl/core/known_spectral_core.sv:142$1263'.
  created $dff cell `$procdff$5442' with positive edge clock.
Creating register for signal `$paramod$62945020deb49dca7532bb56aa17d468195accd3\known_spectral_core.\log_value' using process `$paramod$62945020deb49dca7532bb56aa17d468195accd3\known_spectral_core.$proc$rtl/core/known_spectral_core.sv:142$1263'.
  created $dff cell `$procdff$5443' with positive edge clock.
Creating register for signal `$paramod$62945020deb49dca7532bb56aa17d468195accd3\known_spectral_core.\feature' using process `$paramod$62945020deb49dca7532bb56aa17d468195accd3\known_spectral_core.$proc$rtl/core/known_spectral_core.sv:142$1263'.
  created $dff cell `$procdff$5444' with positive edge clock.
Creating register for signal `$paramod$62945020deb49dca7532bb56aa17d468195accd3\known_spectral_core.\ram_part' using process `$paramod$62945020deb49dca7532bb56aa17d468195accd3\known_spectral_core.$proc$rtl/core/known_spectral_core.sv:142$1263'.
  created $dff cell `$procdff$5445' with positive edge clock.
Creating register for signal `$paramod$62945020deb49dca7532bb56aa17d468195accd3\known_spectral_core.\log_work' using process `$paramod$62945020deb49dca7532bb56aa17d468195accd3\known_spectral_core.$proc$rtl/core/known_spectral_core.sv:142$1263'.
  created $dff cell `$procdff$5446' with positive edge clock.
Creating register for signal `$paramod$62945020deb49dca7532bb56aa17d468195accd3\known_spectral_core.\exponent' using process `$paramod$62945020deb49dca7532bb56aa17d468195accd3\known_spectral_core.$proc$rtl/core/known_spectral_core.sv:142$1263'.
  created $dff cell `$procdff$5447' with positive edge clock.
Creating register for signal `$paramod$62945020deb49dca7532bb56aa17d468195accd3\known_spectral_core.\accumulator[0]' using process `$paramod$62945020deb49dca7532bb56aa17d468195accd3\known_spectral_core.$proc$rtl/core/known_spectral_core.sv:142$1263'.
  created $dff cell `$procdff$5448' with positive edge clock.
Creating register for signal `$paramod$62945020deb49dca7532bb56aa17d468195accd3\known_spectral_core.\accumulator[1]' using process `$paramod$62945020deb49dca7532bb56aa17d468195accd3\known_spectral_core.$proc$rtl/core/known_spectral_core.sv:142$1263'.
  created $dff cell `$procdff$5449' with positive edge clock.
Creating register for signal `$paramod$62945020deb49dca7532bb56aa17d468195accd3\known_spectral_core.\accumulator[2]' using process `$paramod$62945020deb49dca7532bb56aa17d468195accd3\known_spectral_core.$proc$rtl/core/known_spectral_core.sv:142$1263'.
  created $dff cell `$procdff$5450' with positive edge clock.
Creating register for signal `$paramod$62945020deb49dca7532bb56aa17d468195accd3\known_spectral_core.\accumulator[3]' using process `$paramod$62945020deb49dca7532bb56aa17d468195accd3\known_spectral_core.$proc$rtl/core/known_spectral_core.sv:142$1263'.
  created $dff cell `$procdff$5451' with positive edge clock.
Creating register for signal `$paramod$62945020deb49dca7532bb56aa17d468195accd3\known_spectral_core.\phases[0]' using process `$paramod$62945020deb49dca7532bb56aa17d468195accd3\known_spectral_core.$proc$rtl/core/known_spectral_core.sv:142$1263'.
  created $dff cell `$procdff$5452' with positive edge clock.
Creating register for signal `$paramod$62945020deb49dca7532bb56aa17d468195accd3\known_spectral_core.\phases[2]' using process `$paramod$62945020deb49dca7532bb56aa17d468195accd3\known_spectral_core.$proc$rtl/core/known_spectral_core.sv:142$1263'.
  created $dff cell `$procdff$5453' with positive edge clock.
Creating register for signal `$paramod$62945020deb49dca7532bb56aa17d468195accd3\known_spectral_core.\rne$func$rtl/core/known_spectral_core.sv:171$1186.$result' using process `$paramod$62945020deb49dca7532bb56aa17d468195accd3\known_spectral_core.$proc$rtl/core/known_spectral_core.sv:142$1263'.
  created $dff cell `$procdff$5454' with positive edge clock.
Creating register for signal `$paramod$62945020deb49dca7532bb56aa17d468195accd3\known_spectral_core.\rne$func$rtl/core/known_spectral_core.sv:171$1186.value' using process `$paramod$62945020deb49dca7532bb56aa17d468195accd3\known_spectral_core.$proc$rtl/core/known_spectral_core.sv:142$1263'.
  created $dff cell `$procdff$5455' with positive edge clock.
Creating register for signal `$paramod$62945020deb49dca7532bb56aa17d468195accd3\known_spectral_core.\rne$func$rtl/core/known_spectral_core.sv:171$1186.quotient' using process `$paramod$62945020deb49dca7532bb56aa17d468195accd3\known_spectral_core.$proc$rtl/core/known_spectral_core.sv:142$1263'.
  created $dff cell `$procdff$5456' with positive edge clock.
Creating register for signal `$paramod$62945020deb49dca7532bb56aa17d468195accd3\known_spectral_core.\rne$func$rtl/core/known_spectral_core.sv:171$1186.rem' using process `$paramod$62945020deb49dca7532bb56aa17d468195accd3\known_spectral_core.$proc$rtl/core/known_spectral_core.sv:142$1263'.
  created $dff cell `$procdff$5457' with positive edge clock.
Creating register for signal `$paramod$62945020deb49dca7532bb56aa17d468195accd3\known_spectral_core.\rne$func$rtl/core/known_spectral_core.sv:171$1186.half' using process `$paramod$62945020deb49dca7532bb56aa17d468195accd3\known_spectral_core.$proc$rtl/core/known_spectral_core.sv:142$1263'.
  created $dff cell `$procdff$5458' with positive edge clock.
Creating register for signal `$paramod$62945020deb49dca7532bb56aa17d468195accd3\known_spectral_core.$bitselwrite$pos$rtl/core/known_spectral_core.sv:246$1187' using process `$paramod$62945020deb49dca7532bb56aa17d468195accd3\known_spectral_core.$proc$rtl/core/known_spectral_core.sv:142$1263'.
  created $dff cell `$procdff$5459' with positive edge clock.
Creating register for signal `$paramod$62945020deb49dca7532bb56aa17d468195accd3\known_spectral_core.$memwr$\windowed$rtl/core/known_spectral_core.sv:144$1192_ADDR' using process `$paramod$62945020deb49dca7532bb56aa17d468195accd3\known_spectral_core.$proc$rtl/core/known_spectral_core.sv:142$1263'.
  created $dff cell `$procdff$5460' with positive edge clock.
Creating register for signal `$paramod$62945020deb49dca7532bb56aa17d468195accd3\known_spectral_core.$memwr$\windowed$rtl/core/known_spectral_core.sv:144$1192_DATA' using process `$paramod$62945020deb49dca7532bb56aa17d468195accd3\known_spectral_core.$proc$rtl/core/known_spectral_core.sv:142$1263'.
  created $dff cell `$procdff$5461' with positive edge clock.
Creating register for signal `$paramod$62945020deb49dca7532bb56aa17d468195accd3\known_spectral_core.$memwr$\windowed$rtl/core/known_spectral_core.sv:144$1192_EN' using process `$paramod$62945020deb49dca7532bb56aa17d468195accd3\known_spectral_core.$proc$rtl/core/known_spectral_core.sv:142$1263'.
  created $dff cell `$procdff$5462' with positive edge clock.
Creating register for signal `$paramod$62945020deb49dca7532bb56aa17d468195accd3\known_spectral_core.$lookahead\power_buffer$1262' using process `$paramod$62945020deb49dca7532bb56aa17d468195accd3\known_spectral_core.$proc$rtl/core/known_spectral_core.sv:142$1263'.
  created $dff cell `$procdff$5463' with positive edge clock.
Creating register for signal `$paramod$78dc09561539cbddd67c345fb430e65d2d8515c0\spi_master.\rx_valid' using process `$paramod$78dc09561539cbddd67c345fb430e65d2d8515c0\spi_master.$proc$rtl/io/spi_master.sv:29$1510'.
  created $dff cell `$procdff$5464' with positive edge clock.
Creating register for signal `$paramod$78dc09561539cbddd67c345fb430e65d2d8515c0\spi_master.\rx_data' using process `$paramod$78dc09561539cbddd67c345fb430e65d2d8515c0\spi_master.$proc$rtl/io/spi_master.sv:29$1510'.
  created $dff cell `$procdff$5465' with positive edge clock.
Creating register for signal `$paramod$78dc09561539cbddd67c345fb430e65d2d8515c0\spi_master.\sclk' using process `$paramod$78dc09561539cbddd67c345fb430e65d2d8515c0\spi_master.$proc$rtl/io/spi_master.sv:29$1510'.
  created $dff cell `$procdff$5466' with positive edge clock.
Creating register for signal `$paramod$78dc09561539cbddd67c345fb430e65d2d8515c0\spi_master.\mosi' using process `$paramod$78dc09561539cbddd67c345fb430e65d2d8515c0\spi_master.$proc$rtl/io/spi_master.sv:29$1510'.
  created $dff cell `$procdff$5467' with positive edge clock.
Creating register for signal `$paramod$78dc09561539cbddd67c345fb430e65d2d8515c0\spi_master.\cs_n' using process `$paramod$78dc09561539cbddd67c345fb430e65d2d8515c0\spi_master.$proc$rtl/io/spi_master.sv:29$1510'.
  created $dff cell `$procdff$5468' with positive edge clock.
Creating register for signal `$paramod$78dc09561539cbddd67c345fb430e65d2d8515c0\spi_master.\divider' using process `$paramod$78dc09561539cbddd67c345fb430e65d2d8515c0\spi_master.$proc$rtl/io/spi_master.sv:29$1510'.
  created $dff cell `$procdff$5469' with positive edge clock.
Creating register for signal `$paramod$78dc09561539cbddd67c345fb430e65d2d8515c0\spi_master.\tx_shift' using process `$paramod$78dc09561539cbddd67c345fb430e65d2d8515c0\spi_master.$proc$rtl/io/spi_master.sv:29$1510'.
  created $dff cell `$procdff$5470' with positive edge clock.
Creating register for signal `$paramod$78dc09561539cbddd67c345fb430e65d2d8515c0\spi_master.\rx_shift' using process `$paramod$78dc09561539cbddd67c345fb430e65d2d8515c0\spi_master.$proc$rtl/io/spi_master.sv:29$1510'.
  created $dff cell `$procdff$5471' with positive edge clock.
Creating register for signal `$paramod$78dc09561539cbddd67c345fb430e65d2d8515c0\spi_master.\edge_count' using process `$paramod$78dc09561539cbddd67c345fb430e65d2d8515c0\spi_master.$proc$rtl/io/spi_master.sv:29$1510'.
  created $dff cell `$procdff$5472' with positive edge clock.
Creating register for signal `$paramod$78dc09561539cbddd67c345fb430e65d2d8515c0\spi_master.\byte_active' using process `$paramod$78dc09561539cbddd67c345fb430e65d2d8515c0\spi_master.$proc$rtl/io/spi_master.sv:29$1510'.
  created $dff cell `$procdff$5473' with positive edge clock.
Creating register for signal `$paramod$78dc09561539cbddd67c345fb430e65d2d8515c0\spi_master.\finishing' using process `$paramod$78dc09561539cbddd67c345fb430e65d2d8515c0\spi_master.$proc$rtl/io/spi_master.sv:29$1510'.
  created $dff cell `$procdff$5474' with positive edge clock.
Creating register for signal `$paramod$78dc09561539cbddd67c345fb430e65d2d8515c0\spi_master.\last_byte' using process `$paramod$78dc09561539cbddd67c345fb430e65d2d8515c0\spi_master.$proc$rtl/io/spi_master.sv:29$1510'.
  created $dff cell `$procdff$5475' with positive edge clock.
Creating register for signal `$paramod$c7d2e96817a9b0a0da4e740a1f9ee0b32b81df9f\vib_coeff_rom.\magnitude' using process `$paramod$c7d2e96817a9b0a0da4e740a1f9ee0b32b81df9f\vib_coeff_rom.$proc$rtl/core/vib_coeff_rom.sv:26$989'.
  created $dff cell `$procdff$5476' with positive edge clock.
Creating register for signal `$paramod$c7d2e96817a9b0a0da4e740a1f9ee0b32b81df9f\vib_coeff_rom.\negative' using process `$paramod$c7d2e96817a9b0a0da4e740a1f9ee0b32b81df9f\vib_coeff_rom.$proc$rtl/core/vib_coeff_rom.sv:26$989'.
  created $dff cell `$procdff$5477' with positive edge clock.
Creating register for signal `$paramod$c7d2e96817a9b0a0da4e740a1f9ee0b32b81df9f\vib_coeff_rom.\is_zero' using process `$paramod$c7d2e96817a9b0a0da4e740a1f9ee0b32b81df9f\vib_coeff_rom.$proc$rtl/core/vib_coeff_rom.sv:26$989'.
  created $dff cell `$procdff$5478' with positive edge clock.
Creating register for signal `$paramod\flash_stream\POLL_LIMIT=s32'00000000000000000000111111111111.\rd_valid' using process `$paramod\flash_stream\POLL_LIMIT=s32'00000000000000000000111111111111.$proc$rtl/io/flash_stream.sv:69$954'.
  created $dff cell `$procdff$5479' with positive edge clock.
Creating register for signal `$paramod\flash_stream\POLL_LIMIT=s32'00000000000000000000111111111111.\rd_data' using process `$paramod\flash_stream\POLL_LIMIT=s32'00000000000000000000111111111111.$proc$rtl/io/flash_stream.sv:69$954'.
  created $dff cell `$procdff$5480' with positive edge clock.
Creating register for signal `$paramod\flash_stream\POLL_LIMIT=s32'00000000000000000000111111111111.\done' using process `$paramod\flash_stream\POLL_LIMIT=s32'00000000000000000000111111111111.$proc$rtl/io/flash_stream.sv:69$954'.
  created $dff cell `$procdff$5481' with positive edge clock.
Creating register for signal `$paramod\flash_stream\POLL_LIMIT=s32'00000000000000000000111111111111.\error' using process `$paramod\flash_stream\POLL_LIMIT=s32'00000000000000000000111111111111.$proc$rtl/io/flash_stream.sv:69$954'.
  created $dff cell `$procdff$5482' with positive edge clock.
Creating register for signal `$paramod\flash_stream\POLL_LIMIT=s32'00000000000000000000111111111111.\state' using process `$paramod\flash_stream\POLL_LIMIT=s32'00000000000000000000111111111111.$proc$rtl/io/flash_stream.sv:69$954'.
  created $dff cell `$procdff$5483' with positive edge clock.
Creating register for signal `$paramod\flash_stream\POLL_LIMIT=s32'00000000000000000000111111111111.\address' using process `$paramod\flash_stream\POLL_LIMIT=s32'00000000000000000000111111111111.$proc$rtl/io/flash_stream.sv:69$954'.
  created $dff cell `$procdff$5484' with positive edge clock.
Creating register for signal `$paramod\flash_stream\POLL_LIMIT=s32'00000000000000000000111111111111.\wake_count' using process `$paramod\flash_stream\POLL_LIMIT=s32'00000000000000000000111111111111.$proc$rtl/io/flash_stream.sv:69$954'.
  created $dff cell `$procdff$5485' with positive edge clock.
Creating register for signal `$paramod\flash_stream\POLL_LIMIT=s32'00000000000000000000111111111111.\writing' using process `$paramod\flash_stream\POLL_LIMIT=s32'00000000000000000000111111111111.$proc$rtl/io/flash_stream.sv:69$954'.
  created $dff cell `$procdff$5486' with positive edge clock.
Creating register for signal `$paramod\flash_stream\POLL_LIMIT=s32'00000000000000000000111111111111.\remaining' using process `$paramod\flash_stream\POLL_LIMIT=s32'00000000000000000000111111111111.$proc$rtl/io/flash_stream.sv:69$954'.
  created $dff cell `$procdff$5487' with positive edge clock.
Creating register for signal `$paramod\flash_stream\POLL_LIMIT=s32'00000000000000000000111111111111.\header_index' using process `$paramod\flash_stream\POLL_LIMIT=s32'00000000000000000000111111111111.$proc$rtl/io/flash_stream.sv:69$954'.
  created $dff cell `$procdff$5488' with positive edge clock.
Creating register for signal `$paramod\flash_stream\POLL_LIMIT=s32'00000000000000000000111111111111.\polls' using process `$paramod\flash_stream\POLL_LIMIT=s32'00000000000000000000111111111111.$proc$rtl/io/flash_stream.sv:69$954'.
  created $dff cell `$procdff$5489' with positive edge clock.
Creating register for signal `$paramod$3257fc9d7fe13afd4427e476fcec21242628398a\known_replay_controller.\state' using process `$paramod$3257fc9d7fe13afd4427e476fcec21242628398a\known_replay_controller.$proc$rtl/io/known_replay_controller.sv:101$786'.
  created $dff cell `$procdff$5490' with positive edge clock.
Creating register for signal `$paramod$3257fc9d7fe13afd4427e476fcec21242628398a\known_replay_controller.\phase' using process `$paramod$3257fc9d7fe13afd4427e476fcec21242628398a\known_replay_controller.$proc$rtl/io/known_replay_controller.sv:101$786'.
  created $dff cell `$procdff$5491' with positive edge clock.
Creating register for signal `$paramod$3257fc9d7fe13afd4427e476fcec21242628398a\known_replay_controller.\errors' using process `$paramod$3257fc9d7fe13afd4427e476fcec21242628398a\known_replay_controller.$proc$rtl/io/known_replay_controller.sv:101$786'.
  created $dff cell `$procdff$5492' with positive edge clock.
Creating register for signal `$paramod$3257fc9d7fe13afd4427e476fcec21242628398a\known_replay_controller.\blank' using process `$paramod$3257fc9d7fe13afd4427e476fcec21242628398a\known_replay_controller.$proc$rtl/io/known_replay_controller.sv:101$786'.
  created $dff cell `$procdff$5493' with positive edge clock.
Creating register for signal `$paramod$3257fc9d7fe13afd4427e476fcec21242628398a\known_replay_controller.\committed' using process `$paramod$3257fc9d7fe13afd4427e476fcec21242628398a\known_replay_controller.$proc$rtl/io/known_replay_controller.sv:101$786'.
  created $dff cell `$procdff$5494' with positive edge clock.
Creating register for signal `$paramod$3257fc9d7fe13afd4427e476fcec21242628398a\known_replay_controller.\active' using process `$paramod$3257fc9d7fe13afd4427e476fcec21242628398a\known_replay_controller.$proc$rtl/io/known_replay_controller.sv:101$786'.
  created $dff cell `$procdff$5495' with positive edge clock.
Creating register for signal `$paramod$3257fc9d7fe13afd4427e476fcec21242628398a\known_replay_controller.\period' using process `$paramod$3257fc9d7fe13afd4427e476fcec21242628398a\known_replay_controller.$proc$rtl/io/known_replay_controller.sv:101$786'.
  created $dff cell `$procdff$5496' with positive edge clock.
Creating register for signal `$paramod$3257fc9d7fe13afd4427e476fcec21242628398a\known_replay_controller.\header_word' using process `$paramod$3257fc9d7fe13afd4427e476fcec21242628398a\known_replay_controller.$proc$rtl/io/known_replay_controller.sv:101$786'.
  created $dff cell `$procdff$5497' with positive edge clock.
Creating register for signal `$paramod$3257fc9d7fe13afd4427e476fcec21242628398a\known_replay_controller.\expected_crc' using process `$paramod$3257fc9d7fe13afd4427e476fcec21242628398a\known_replay_controller.$proc$rtl/io/known_replay_controller.sv:101$786'.
  created $dff cell `$procdff$5498' with positive edge clock.
Creating register for signal `$paramod$3257fc9d7fe13afd4427e476fcec21242628398a\known_replay_controller.\crc' using process `$paramod$3257fc9d7fe13afd4427e476fcec21242628398a\known_replay_controller.$proc$rtl/io/known_replay_controller.sv:101$786'.
  created $dff cell `$procdff$5499' with positive edge clock.
Creating register for signal `$paramod$3257fc9d7fe13afd4427e476fcec21242628398a\known_replay_controller.\loaded' using process `$paramod$3257fc9d7fe13afd4427e476fcec21242628398a\known_replay_controller.$proc$rtl/io/known_replay_controller.sv:101$786'.
  created $dff cell `$procdff$5500' with positive edge clock.
Creating register for signal `$paramod$3257fc9d7fe13afd4427e476fcec21242628398a\known_replay_controller.\generated' using process `$paramod$3257fc9d7fe13afd4427e476fcec21242628398a\known_replay_controller.$proc$rtl/io/known_replay_controller.sv:101$786'.
  created $dff cell `$procdff$5501' with positive edge clock.
Creating register for signal `$paramod$3257fc9d7fe13afd4427e476fcec21242628398a\known_replay_controller.\byte_index' using process `$paramod$3257fc9d7fe13afd4427e476fcec21242628398a\known_replay_controller.$proc$rtl/io/known_replay_controller.sv:101$786'.
  created $dff cell `$procdff$5502' with positive edge clock.
Creating register for signal `$paramod$3257fc9d7fe13afd4427e476fcec21242628398a\known_replay_controller.\low_byte' using process `$paramod$3257fc9d7fe13afd4427e476fcec21242628398a\known_replay_controller.$proc$rtl/io/known_replay_controller.sv:101$786'.
  created $dff cell `$procdff$5503' with positive edge clock.
Creating register for signal `$paramod$3257fc9d7fe13afd4427e476fcec21242628398a\known_replay_controller.\tick' using process `$paramod$3257fc9d7fe13afd4427e476fcec21242628398a\known_replay_controller.$proc$rtl/io/known_replay_controller.sv:101$786'.
  created $dff cell `$procdff$5504' with positive edge clock.
Creating register for signal `$paramod$3257fc9d7fe13afd4427e476fcec21242628398a\known_replay_controller.\first_tick' using process `$paramod$3257fc9d7fe13afd4427e476fcec21242628398a\known_replay_controller.$proc$rtl/io/known_replay_controller.sv:101$786'.
  created $dff cell `$procdff$5505' with positive edge clock.
Creating register for signal `$paramod$3257fc9d7fe13afd4427e476fcec21242628398a\known_replay_controller.\last_tick' using process `$paramod$3257fc9d7fe13afd4427e476fcec21242628398a\known_replay_controller.$proc$rtl/io/known_replay_controller.sv:101$786'.
  created $dff cell `$procdff$5506' with positive edge clock.
Creating register for signal `$paramod$3257fc9d7fe13afd4427e476fcec21242628398a\known_replay_controller.\result_tick' using process `$paramod$3257fc9d7fe13afd4427e476fcec21242628398a\known_replay_controller.$proc$rtl/io/known_replay_controller.sv:101$786'.
  created $dff cell `$procdff$5507' with positive edge clock.
Creating register for signal `$paramod$3257fc9d7fe13afd4427e476fcec21242628398a\known_replay_controller.\tail' using process `$paramod$3257fc9d7fe13afd4427e476fcec21242628398a\known_replay_controller.$proc$rtl/io/known_replay_controller.sv:101$786'.
  created $dff cell `$procdff$5508' with positive edge clock.
Creating register for signal `$paramod$3257fc9d7fe13afd4427e476fcec21242628398a\known_replay_controller.\result_seen' using process `$paramod$3257fc9d7fe13afd4427e476fcec21242628398a\known_replay_controller.$proc$rtl/io/known_replay_controller.sv:101$786'.
  created $dff cell `$procdff$5509' with positive edge clock.
Creating register for signal `$paramod$3257fc9d7fe13afd4427e476fcec21242628398a\known_replay_controller.\wp' using process `$paramod$3257fc9d7fe13afd4427e476fcec21242628398a\known_replay_controller.$proc$rtl/io/known_replay_controller.sv:101$786'.
  created $dff cell `$procdff$5510' with positive edge clock.
Creating register for signal `$paramod$3257fc9d7fe13afd4427e476fcec21242628398a\known_replay_controller.\rp' using process `$paramod$3257fc9d7fe13afd4427e476fcec21242628398a\known_replay_controller.$proc$rtl/io/known_replay_controller.sv:101$786'.
  created $dff cell `$procdff$5511' with positive edge clock.
Creating register for signal `$paramod$3257fc9d7fe13afd4427e476fcec21242628398a\known_replay_controller.\level' using process `$paramod$3257fc9d7fe13afd4427e476fcec21242628398a\known_replay_controller.$proc$rtl/io/known_replay_controller.sv:101$786'.
  created $dff cell `$procdff$5512' with positive edge clock.
Creating register for signal `$paramod$3257fc9d7fe13afd4427e476fcec21242628398a\known_replay_controller.\max_level' using process `$paramod$3257fc9d7fe13afd4427e476fcec21242628398a\known_replay_controller.$proc$rtl/io/known_replay_controller.sv:101$786'.
  created $dff cell `$procdff$5513' with positive edge clock.
Creating register for signal `$paramod$3257fc9d7fe13afd4427e476fcec21242628398a\known_replay_controller.\crc_byte$func$rtl/io/known_replay_controller.sv:200$715.$result' using process `$paramod$3257fc9d7fe13afd4427e476fcec21242628398a\known_replay_controller.$proc$rtl/io/known_replay_controller.sv:101$786'.
  created $dff cell `$procdff$5514' with positive edge clock.
Creating register for signal `$paramod$3257fc9d7fe13afd4427e476fcec21242628398a\known_replay_controller.\crc_byte$func$rtl/io/known_replay_controller.sv:200$715.prior' using process `$paramod$3257fc9d7fe13afd4427e476fcec21242628398a\known_replay_controller.$proc$rtl/io/known_replay_controller.sv:101$786'.
  created $dff cell `$procdff$5515' with positive edge clock.
Creating register for signal `$paramod$3257fc9d7fe13afd4427e476fcec21242628398a\known_replay_controller.\crc_byte$func$rtl/io/known_replay_controller.sv:200$715.data' using process `$paramod$3257fc9d7fe13afd4427e476fcec21242628398a\known_replay_controller.$proc$rtl/io/known_replay_controller.sv:101$786'.
  created $dff cell `$procdff$5516' with positive edge clock.
Creating register for signal `$paramod$3257fc9d7fe13afd4427e476fcec21242628398a\known_replay_controller.\crc_byte$func$rtl/io/known_replay_controller.sv:200$715.c' using process `$paramod$3257fc9d7fe13afd4427e476fcec21242628398a\known_replay_controller.$proc$rtl/io/known_replay_controller.sv:101$786'.
  created $dff cell `$procdff$5517' with positive edge clock.
Creating register for signal `$paramod$3257fc9d7fe13afd4427e476fcec21242628398a\known_replay_controller.\crc_byte$func$rtl/io/known_replay_controller.sv:200$715.i' using process `$paramod$3257fc9d7fe13afd4427e476fcec21242628398a\known_replay_controller.$proc$rtl/io/known_replay_controller.sv:101$786'.
  created $dff cell `$procdff$5518' with positive edge clock.
Creating register for signal `$paramod$3257fc9d7fe13afd4427e476fcec21242628398a\known_replay_controller.\sample_q' using process `$paramod$3257fc9d7fe13afd4427e476fcec21242628398a\known_replay_controller.$proc$rtl/io/known_replay_controller.sv:57$738'.
  created $dff cell `$procdff$5519' with positive edge clock.
Creating register for signal `$paramod$3257fc9d7fe13afd4427e476fcec21242628398a\known_replay_controller.$memwr$\queue$rtl/io/known_replay_controller.sv:58$716_ADDR' using process `$paramod$3257fc9d7fe13afd4427e476fcec21242628398a\known_replay_controller.$proc$rtl/io/known_replay_controller.sv:57$738'.
  created $dff cell `$procdff$5520' with positive edge clock.
Creating register for signal `$paramod$3257fc9d7fe13afd4427e476fcec21242628398a\known_replay_controller.$memwr$\queue$rtl/io/known_replay_controller.sv:58$716_DATA' using process `$paramod$3257fc9d7fe13afd4427e476fcec21242628398a\known_replay_controller.$proc$rtl/io/known_replay_controller.sv:57$738'.
  created $dff cell `$procdff$5521' with positive edge clock.
Creating register for signal `$paramod$3257fc9d7fe13afd4427e476fcec21242628398a\known_replay_controller.$memwr$\queue$rtl/io/known_replay_controller.sv:58$716_EN' using process `$paramod$3257fc9d7fe13afd4427e476fcec21242628398a\known_replay_controller.$proc$rtl/io/known_replay_controller.sv:57$738'.
  created $dff cell `$procdff$5522' with positive edge clock.
Creating register for signal `$paramod\known_capture\N=s32'00000000000000000000010000000000.\protocol_errors' using process `$paramod\known_capture\N=s32'00000000000000000000010000000000.$proc$rtl/core/known_capture.sv:31$1038'.
  created $dff cell `$procdff$5523' with positive edge clock.
Creating register for signal `$paramod\known_capture\N=s32'00000000000000000000010000000000.\accepted_samples' using process `$paramod\known_capture\N=s32'00000000000000000000010000000000.$proc$rtl/core/known_capture.sv:31$1038'.
  created $dff cell `$procdff$5524' with positive edge clock.
Creating register for signal `$paramod\known_capture\N=s32'00000000000000000000010000000000.\busy' using process `$paramod\known_capture\N=s32'00000000000000000000010000000000.$proc$rtl/core/known_capture.sv:31$1038'.
  created $dff cell `$procdff$5525' with positive edge clock.
Creating register for signal `$paramod\known_capture\N=s32'00000000000000000000010000000000.\q0' using process `$paramod\known_capture\N=s32'00000000000000000000010000000000.$proc$rtl/core/known_capture.sv:31$1038'.
  created $dff cell `$procdff$5526' with positive edge clock.
Creating register for signal `$paramod\known_capture\N=s32'00000000000000000000010000000000.\q1' using process `$paramod\known_capture\N=s32'00000000000000000000010000000000.$proc$rtl/core/known_capture.sv:31$1038'.
  created $dff cell `$procdff$5527' with positive edge clock.
Creating register for signal `$paramod\known_capture\N=s32'00000000000000000000010000000000.\full' using process `$paramod\known_capture\N=s32'00000000000000000000010000000000.$proc$rtl/core/known_capture.sv:31$1038'.
  created $dff cell `$procdff$5528' with positive edge clock.
Creating register for signal `$paramod\known_capture\N=s32'00000000000000000000010000000000.\wr_bank' using process `$paramod\known_capture\N=s32'00000000000000000000010000000000.$proc$rtl/core/known_capture.sv:31$1038'.
  created $dff cell `$procdff$5529' with positive edge clock.
Creating register for signal `$paramod\known_capture\N=s32'00000000000000000000010000000000.\head_bank' using process `$paramod\known_capture\N=s32'00000000000000000000010000000000.$proc$rtl/core/known_capture.sv:31$1038'.
  created $dff cell `$procdff$5530' with positive edge clock.
Creating register for signal `$paramod\known_capture\N=s32'00000000000000000000010000000000.\draining' using process `$paramod\known_capture\N=s32'00000000000000000000010000000000.$proc$rtl/core/known_capture.sv:31$1038'.
  created $dff cell `$procdff$5531' with positive edge clock.
Creating register for signal `$paramod\known_capture\N=s32'00000000000000000000010000000000.\position' using process `$paramod\known_capture\N=s32'00000000000000000000010000000000.$proc$rtl/core/known_capture.sv:31$1038'.
  created $dff cell `$procdff$5532' with positive edge clock.
Creating register for signal `$paramod\known_capture\N=s32'00000000000000000000010000000000.\current_id' using process `$paramod\known_capture\N=s32'00000000000000000000010000000000.$proc$rtl/core/known_capture.sv:31$1038'.
  created $dff cell `$procdff$5533' with positive edge clock.
Creating register for signal `$paramod\known_capture\N=s32'00000000000000000000010000000000.\sum' using process `$paramod\known_capture\N=s32'00000000000000000000010000000000.$proc$rtl/core/known_capture.sv:31$1038'.
  created $dff cell `$procdff$5534' with positive edge clock.
Creating register for signal `$paramod\known_capture\N=s32'00000000000000000000010000000000.$bitselwrite$pos$rtl/core/known_capture.sv:41$1001' using process `$paramod\known_capture\N=s32'00000000000000000000010000000000.$proc$rtl/core/known_capture.sv:31$1038'.
  created $dff cell `$procdff$5535' with positive edge clock.
Creating register for signal `$paramod\known_capture\N=s32'00000000000000000000010000000000.$bitselwrite$pos$rtl/core/known_capture.sv:41$1002' using process `$paramod\known_capture\N=s32'00000000000000000000010000000000.$proc$rtl/core/known_capture.sv:31$1038'.
  created $dff cell `$procdff$5536' with positive edge clock.
Creating register for signal `$paramod\known_capture\N=s32'00000000000000000000010000000000.$bitselwrite$pos$rtl/core/known_capture.sv:42$1003' using process `$paramod\known_capture\N=s32'00000000000000000000010000000000.$proc$rtl/core/known_capture.sv:31$1038'.
  created $dff cell `$procdff$5537' with positive edge clock.
Creating register for signal `$paramod\known_capture\N=s32'00000000000000000000010000000000.$bitselwrite$pos$rtl/core/known_capture.sv:52$1004' using process `$paramod\known_capture\N=s32'00000000000000000000010000000000.$proc$rtl/core/known_capture.sv:31$1038'.
  created $dff cell `$procdff$5538' with positive edge clock.
Creating register for signal `$paramod\known_capture\N=s32'00000000000000000000010000000000.$memwr$\raw1$rtl/core/known_capture.sv:34$1005_ADDR' using process `$paramod\known_capture\N=s32'00000000000000000000010000000000.$proc$rtl/core/known_capture.sv:31$1038'.
  created $dff cell `$procdff$5539' with positive edge clock.
Creating register for signal `$paramod\known_capture\N=s32'00000000000000000000010000000000.$memwr$\raw1$rtl/core/known_capture.sv:34$1005_DATA' using process `$paramod\known_capture\N=s32'00000000000000000000010000000000.$proc$rtl/core/known_capture.sv:31$1038'.
  created $dff cell `$procdff$5540' with positive edge clock.
Creating register for signal `$paramod\known_capture\N=s32'00000000000000000000010000000000.$memwr$\raw1$rtl/core/known_capture.sv:34$1005_EN' using process `$paramod\known_capture\N=s32'00000000000000000000010000000000.$proc$rtl/core/known_capture.sv:31$1038'.
  created $dff cell `$procdff$5541' with positive edge clock.
Creating register for signal `$paramod\known_capture\N=s32'00000000000000000000010000000000.$memwr$\raw0$rtl/core/known_capture.sv:34$1006_ADDR' using process `$paramod\known_capture\N=s32'00000000000000000000010000000000.$proc$rtl/core/known_capture.sv:31$1038'.
  created $dff cell `$procdff$5542' with positive edge clock.
Creating register for signal `$paramod\known_capture\N=s32'00000000000000000000010000000000.$memwr$\raw0$rtl/core/known_capture.sv:34$1006_DATA' using process `$paramod\known_capture\N=s32'00000000000000000000010000000000.$proc$rtl/core/known_capture.sv:31$1038'.
  created $dff cell `$procdff$5543' with positive edge clock.
Creating register for signal `$paramod\known_capture\N=s32'00000000000000000000010000000000.$memwr$\raw0$rtl/core/known_capture.sv:34$1006_EN' using process `$paramod\known_capture\N=s32'00000000000000000000010000000000.$proc$rtl/core/known_capture.sv:31$1038'.
  created $dff cell `$procdff$5544' with positive edge clock.
Creating register for signal `$paramod\known_capture\N=s32'00000000000000000000010000000000.$memwr$\ids$rtl/core/known_capture.sv:39$1007_EN' using process `$paramod\known_capture\N=s32'00000000000000000000010000000000.$proc$rtl/core/known_capture.sv:31$1038'.
  created $dff cell `$procdff$5545' with positive edge clock.
Creating register for signal `$paramod\known_capture\N=s32'00000000000000000000010000000000.$memwr$\ids$rtl/core/known_capture.sv:39$1008_EN' using process `$paramod\known_capture\N=s32'00000000000000000000010000000000.$proc$rtl/core/known_capture.sv:31$1038'.
  created $dff cell `$procdff$5546' with positive edge clock.
Creating register for signal `$paramod\known_capture\N=s32'00000000000000000000010000000000.$memwr$\sums$rtl/core/known_capture.sv:39$1009_EN' using process `$paramod\known_capture\N=s32'00000000000000000000010000000000.$proc$rtl/core/known_capture.sv:31$1038'.
  created $dff cell `$procdff$5547' with positive edge clock.
Creating register for signal `$paramod\known_capture\N=s32'00000000000000000000010000000000.$memwr$\sums$rtl/core/known_capture.sv:39$1010_EN' using process `$paramod\known_capture\N=s32'00000000000000000000010000000000.$proc$rtl/core/known_capture.sv:31$1038'.
  created $dff cell `$procdff$5548' with positive edge clock.
Creating register for signal `$paramod\known_capture\N=s32'00000000000000000000010000000000.$memwr$\sums$rtl/core/known_capture.sv:51$1011_ADDR' using process `$paramod\known_capture\N=s32'00000000000000000000010000000000.$proc$rtl/core/known_capture.sv:31$1038'.
  created $dff cell `$procdff$5549' with positive edge clock.
Creating register for signal `$paramod\known_capture\N=s32'00000000000000000000010000000000.$memwr$\sums$rtl/core/known_capture.sv:51$1011_DATA' using process `$paramod\known_capture\N=s32'00000000000000000000010000000000.$proc$rtl/core/known_capture.sv:31$1038'.
  created $dff cell `$procdff$5550' with positive edge clock.
Creating register for signal `$paramod\known_capture\N=s32'00000000000000000000010000000000.$memwr$\sums$rtl/core/known_capture.sv:51$1011_EN' using process `$paramod\known_capture\N=s32'00000000000000000000010000000000.$proc$rtl/core/known_capture.sv:31$1038'.
  created $dff cell `$procdff$5551' with positive edge clock.
Creating register for signal `$paramod\known_capture\N=s32'00000000000000000000010000000000.$memwr$\ids$rtl/core/known_capture.sv:51$1012_ADDR' using process `$paramod\known_capture\N=s32'00000000000000000000010000000000.$proc$rtl/core/known_capture.sv:31$1038'.
  created $dff cell `$procdff$5552' with positive edge clock.
Creating register for signal `$paramod\known_capture\N=s32'00000000000000000000010000000000.$memwr$\ids$rtl/core/known_capture.sv:51$1012_DATA' using process `$paramod\known_capture\N=s32'00000000000000000000010000000000.$proc$rtl/core/known_capture.sv:31$1038'.
  created $dff cell `$procdff$5553' with positive edge clock.
Creating register for signal `$paramod\known_capture\N=s32'00000000000000000000010000000000.$memwr$\ids$rtl/core/known_capture.sv:51$1012_EN' using process `$paramod\known_capture\N=s32'00000000000000000000010000000000.$proc$rtl/core/known_capture.sv:31$1038'.
  created $dff cell `$procdff$5554' with positive edge clock.
Creating register for signal `$paramod\known_capture\N=s32'00000000000000000000010000000000.$lookahead\full$1036' using process `$paramod\known_capture\N=s32'00000000000000000000010000000000.$proc$rtl/core/known_capture.sv:31$1038'.
  created $dff cell `$procdff$5555' with positive edge clock.
Creating register for signal `$paramod\known_capture\N=s32'00000000000000000000010000000000.$lookahead\busy$1037' using process `$paramod\known_capture\N=s32'00000000000000000000010000000000.$proc$rtl/core/known_capture.sv:31$1038'.
  created $dff cell `$procdff$5556' with positive edge clock.
Creating register for signal `\upduino_known.\startup' using process `\upduino_known.$proc$rtl/upduino_known.sv:11$394'.
  created $dff cell `$procdff$5557' with positive edge clock.

10.4.10. Executing PROC_MEMWR pass (convert process memory writes to cells).

10.4.11. Executing PROC_CLEAN pass (remove empty switches from decision trees).
Removing empty process `$paramod$62945020deb49dca7532bb56aa17d468195accd3\known_spectral_core.$proc$rtl/core/known_spectral_core.sv:124$1504'.
Removing empty process `$paramod$62945020deb49dca7532bb56aa17d468195accd3\known_spectral_core.$proc$rtl/core/known_spectral_core.sv:124$1503'.
Removing empty process `$paramod$62945020deb49dca7532bb56aa17d468195accd3\known_spectral_core.$proc$rtl/core/known_spectral_core.sv:124$1502'.
Removing empty process `$paramod$62945020deb49dca7532bb56aa17d468195accd3\known_spectral_core.$proc$rtl/core/known_spectral_core.sv:124$1501'.
Found and cleaned up 1 empty switch in `$paramod$62945020deb49dca7532bb56aa17d468195accd3\known_spectral_core.$proc$rtl/core/known_spectral_core.sv:125$1499'.
Removing empty process `$paramod$62945020deb49dca7532bb56aa17d468195accd3\known_spectral_core.$proc$rtl/core/known_spectral_core.sv:125$1499'.
Found and cleaned up 1 empty switch in `$paramod$62945020deb49dca7532bb56aa17d468195accd3\known_spectral_core.$proc$rtl/core/known_spectral_core.sv:125$1491'.
Removing empty process `$paramod$62945020deb49dca7532bb56aa17d468195accd3\known_spectral_core.$proc$rtl/core/known_spectral_core.sv:125$1491'.
Found and cleaned up 1 empty switch in `$paramod$62945020deb49dca7532bb56aa17d468195accd3\known_spectral_core.$proc$rtl/core/known_spectral_core.sv:125$1484'.
Removing empty process `$paramod$62945020deb49dca7532bb56aa17d468195accd3\known_spectral_core.$proc$rtl/core/known_spectral_core.sv:125$1484'.
Found and cleaned up 1 empty switch in `$paramod$62945020deb49dca7532bb56aa17d468195accd3\known_spectral_core.$proc$rtl/core/known_spectral_core.sv:125$1476'.
Removing empty process `$paramod$62945020deb49dca7532bb56aa17d468195accd3\known_spectral_core.$proc$rtl/core/known_spectral_core.sv:125$1476'.
Removing empty process `$paramod$62945020deb49dca7532bb56aa17d468195accd3\known_spectral_core.$proc$rtl/core/known_spectral_core.sv:83$1457'.
Found and cleaned up 2 empty switches in `$paramod$62945020deb49dca7532bb56aa17d468195accd3\known_spectral_core.$proc$rtl/core/known_spectral_core.sv:82$1437'.
Removing empty process `$paramod$62945020deb49dca7532bb56aa17d468195accd3\known_spectral_core.$proc$rtl/core/known_spectral_core.sv:82$1437'.
Found and cleaned up 32 empty switches in `$paramod$62945020deb49dca7532bb56aa17d468195accd3\known_spectral_core.$proc$rtl/core/known_spectral_core.sv:142$1263'.
Removing empty process `$paramod$62945020deb49dca7532bb56aa17d468195accd3\known_spectral_core.$proc$rtl/core/known_spectral_core.sv:142$1263'.
Found and cleaned up 1 empty switch in `$paramod$62945020deb49dca7532bb56aa17d468195accd3\known_spectral_core.$proc$rtl/core/known_spectral_core.sv:128$1258'.
Removing empty process `$paramod$62945020deb49dca7532bb56aa17d468195accd3\known_spectral_core.$proc$rtl/core/known_spectral_core.sv:128$1258'.
Found and cleaned up 9 empty switches in `$paramod$78dc09561539cbddd67c345fb430e65d2d8515c0\spi_master.$proc$rtl/io/spi_master.sv:29$1510'.
Removing empty process `$paramod$78dc09561539cbddd67c345fb430e65d2d8515c0\spi_master.$proc$rtl/io/spi_master.sv:29$1510'.
Found and cleaned up 1 empty switch in `$paramod$c7d2e96817a9b0a0da4e740a1f9ee0b32b81df9f\vib_coeff_rom.$proc$rtl/core/vib_coeff_rom.sv:26$989'.
Removing empty process `$paramod$c7d2e96817a9b0a0da4e740a1f9ee0b32b81df9f\vib_coeff_rom.$proc$rtl/core/vib_coeff_rom.sv:26$989'.
Found and cleaned up 25 empty switches in `$paramod\flash_stream\POLL_LIMIT=s32'00000000000000000000111111111111.$proc$rtl/io/flash_stream.sv:69$954'.
Removing empty process `$paramod\flash_stream\POLL_LIMIT=s32'00000000000000000000111111111111.$proc$rtl/io/flash_stream.sv:69$954'.
Found and cleaned up 2 empty switches in `$paramod\flash_stream\POLL_LIMIT=s32'00000000000000000000111111111111.$proc$rtl/io/flash_stream.sv:48$949'.
Removing empty process `$paramod\flash_stream\POLL_LIMIT=s32'00000000000000000000111111111111.$proc$rtl/io/flash_stream.sv:48$949'.
Found and cleaned up 56 empty switches in `$paramod$3257fc9d7fe13afd4427e476fcec21242628398a\known_replay_controller.$proc$rtl/io/known_replay_controller.sv:101$786'.
Removing empty process `$paramod$3257fc9d7fe13afd4427e476fcec21242628398a\known_replay_controller.$proc$rtl/io/known_replay_controller.sv:101$786'.
Found and cleaned up 2 empty switches in `$paramod$3257fc9d7fe13afd4427e476fcec21242628398a\known_replay_controller.$proc$rtl/io/known_replay_controller.sv:67$746'.
Removing empty process `$paramod$3257fc9d7fe13afd4427e476fcec21242628398a\known_replay_controller.$proc$rtl/io/known_replay_controller.sv:67$746'.
Found and cleaned up 1 empty switch in `$paramod$3257fc9d7fe13afd4427e476fcec21242628398a\known_replay_controller.$proc$rtl/io/known_replay_controller.sv:57$738'.
Removing empty process `$paramod$3257fc9d7fe13afd4427e476fcec21242628398a\known_replay_controller.$proc$rtl/io/known_replay_controller.sv:57$738'.
Found and cleaned up 12 empty switches in `$paramod\known_capture\N=s32'00000000000000000000010000000000.$proc$rtl/core/known_capture.sv:31$1038'.
Removing empty process `$paramod\known_capture\N=s32'00000000000000000000010000000000.$proc$rtl/core/known_capture.sv:31$1038'.
Removing empty process `upduino_known.$proc$rtl/upduino_known.sv:8$396'.
Found and cleaned up 1 empty switch in `\upduino_known.$proc$rtl/upduino_known.sv:11$394'.
Removing empty process `upduino_known.$proc$rtl/upduino_known.sv:11$394'.
Cleaned up 148 empty switches.

10.4.12. Executing OPT_EXPR pass (perform const folding).
Optimizing module $paramod$62945020deb49dca7532bb56aa17d468195accd3\known_spectral_core.
<suppressed ~78 debug messages>
Optimizing module $paramod$78dc09561539cbddd67c345fb430e65d2d8515c0\spi_master.
<suppressed ~12 debug messages>
Optimizing module spram16k.
Optimizing module $paramod$c7d2e96817a9b0a0da4e740a1f9ee0b32b81df9f\vib_coeff_rom.
<suppressed ~1 debug messages>
Optimizing module $paramod\flash_stream\POLL_LIMIT=s32'00000000000000000000111111111111.
<suppressed ~16 debug messages>
Optimizing module $paramod$3257fc9d7fe13afd4427e476fcec21242628398a\known_replay_controller.
<suppressed ~40 debug messages>
Optimizing module $paramod\known_capture\N=s32'00000000000000000000010000000000.
<suppressed ~3 debug messages>
Optimizing module $paramod$9c0301e050ee38428316568b2ed87c75e1d19e50\known_replay_system.
Optimizing module upduino_known.

10.5. Executing CHECK pass (checking for obvious problems).
Checking module $paramod$62945020deb49dca7532bb56aa17d468195accd3\known_spectral_core...
Checking module $paramod$78dc09561539cbddd67c345fb430e65d2d8515c0\spi_master...
Checking module spram16k...
Checking module $paramod$c7d2e96817a9b0a0da4e740a1f9ee0b32b81df9f\vib_coeff_rom...
Checking module $paramod\flash_stream\POLL_LIMIT=s32'00000000000000000000111111111111...
Checking module $paramod$3257fc9d7fe13afd4427e476fcec21242628398a\known_replay_controller...
Checking module $paramod\known_capture\N=s32'00000000000000000000010000000000...
Checking module $paramod$9c0301e050ee38428316568b2ed87c75e1d19e50\known_replay_system...
Checking module upduino_known...
Found and reported 0 problems.

10.6. Executing FLATTEN pass (flatten design).
Deleting now unused module $paramod$62945020deb49dca7532bb56aa17d468195accd3\known_spectral_core.
Deleting now unused module $paramod$78dc09561539cbddd67c345fb430e65d2d8515c0\spi_master.
Deleting now unused module spram16k.
Deleting now unused module $paramod$c7d2e96817a9b0a0da4e740a1f9ee0b32b81df9f\vib_coeff_rom.
Deleting now unused module $paramod\flash_stream\POLL_LIMIT=s32'00000000000000000000111111111111.
Deleting now unused module $paramod$3257fc9d7fe13afd4427e476fcec21242628398a\known_replay_controller.
Deleting now unused module $paramod\known_capture\N=s32'00000000000000000000010000000000.
Deleting now unused module $paramod$9c0301e050ee38428316568b2ed87c75e1d19e50\known_replay_system.
<suppressed ~11 debug messages>

10.7. Executing TRIBUF pass.

10.8. Executing DEMINOUT pass (demote inout ports to input or output).

10.9. Executing OPT_EXPR pass (perform const folding).
Optimizing module upduino_known.
<suppressed ~21 debug messages>

10.10. Executing OPT_CLEAN pass (remove unused cells and wires).
Finding unused cells or wires in module \upduino_known..
Removed 226 unused cells and 1484 unused wires.
<suppressed ~252 debug messages>

10.11. Executing CHECK pass (checking for obvious problems).
Checking module upduino_known...
Found and reported 0 problems.

10.12. Executing OPT pass (performing simple optimizations).

10.12.1. Executing OPT_EXPR pass (perform const folding).
Optimizing module upduino_known.

10.12.2. Executing OPT_MERGE pass (detect identical cells).
Finding identical cells in module `\upduino_known'.
Computing hashes of 1762 cells of `\upduino_known'.
Finding duplicate cells in `\upduino_known'.
Computing hashes of 1455 cells of `\upduino_known'.
Finding duplicate cells in `\upduino_known'.
Computing hashes of 1451 cells of `\upduino_known'.
Finding duplicate cells in `\upduino_known'.
Computing hashes of 1450 cells of `\upduino_known'.
Finding duplicate cells in `\upduino_known'.
<suppressed ~936 debug messages>
Removed a total of 312 cells.

10.12.3. Executing OPT_MUXTREE pass (detect dead branches in mux trees).
Running muxtree optimizer on module \upduino_known..
  Creating internal representation of mux trees.
  Evaluating internal representation of mux trees.
      Replacing known input bits on port A of cell $flatten\system.\core.\capture.$procmux$5320: \system.core.capture.draining -> 1'1
      Replacing known input bits on port A of cell $flatten\system.\core.\capture.$procmux$5317: \system.core.capture.draining -> 1'0
      Replacing known input bits on port A of cell $flatten\system.\core.$ternary$rtl/core/known_spectral_core.sv:275$1423: \system.core.difference -> { 1'0 \system.core.difference [30:0] }
      Replacing known input bits on port A of cell $flatten\system.\core.$ternary$rtl/core/known_spectral_core.sv:222$1388: \system.core.imag_part -> { 1'0 \system.core.imag_part [30:0] }
      Replacing known input bits on port A of cell $flatten\system.\core.$ternary$rtl/core/known_spectral_core.sv:215$1381: \system.core.real_part -> { 1'0 \system.core.real_part [30:0] }
      Replacing known input bits on port A of cell $flatten\system.\transport.\spi.$procmux$3672: \system.transport.spi.byte_active -> 1'0
      Replacing known input bits on port A of cell $flatten\system.\transport.\spi.$procmux$3670: \system.transport.spi.byte_active -> 1'1
      Replacing known input bits on port B of cell $flatten\system.\transport.\spi.$procmux$3656: \system.transport.spi.finishing -> 1'0
      Replacing known input bits on port A of cell $flatten\system.\transport.\spi.$procmux$3654: \system.transport.spi.finishing -> 1'0
  Analyzing evaluation results.
    dead port 1/2 on $mux $flatten\system.\core.\capture.$procmux$4802.
    dead port 1/2 on $mux $flatten\system.\core.\capture.$procmux$4805.
    dead port 2/2 on $mux $flatten\system.\core.\capture.$procmux$4807.
    dead port 1/2 on $mux $flatten\system.\core.\capture.$procmux$4810.
    dead port 1/2 on $mux $flatten\system.\core.\capture.$procmux$4832.
    dead port 1/2 on $mux $flatten\system.\core.\capture.$procmux$4835.
    dead port 2/2 on $mux $flatten\system.\core.\capture.$procmux$4837.
    dead port 1/2 on $mux $flatten\system.\core.\capture.$procmux$4840.
    dead port 1/2 on $mux $flatten\system.\core.\capture.$procmux$4847.
    dead port 1/2 on $mux $flatten\system.\core.\capture.$procmux$4850.
    dead port 2/2 on $mux $flatten\system.\core.\capture.$procmux$4852.
    dead port 1/2 on $mux $flatten\system.\core.\capture.$procmux$4855.
    dead port 1/2 on $mux $flatten\system.\core.\capture.$procmux$4862.
    dead port 1/2 on $mux $flatten\system.\core.\capture.$procmux$4865.
    dead port 2/2 on $mux $flatten\system.\core.\capture.$procmux$4867.
    dead port 1/2 on $mux $flatten\system.\core.\capture.$procmux$4870.
    dead port 1/2 on $mux $flatten\system.\core.\capture.$procmux$4877.
    dead port 1/2 on $mux $flatten\system.\core.\capture.$procmux$4880.
    dead port 2/2 on $mux $flatten\system.\core.\capture.$procmux$4882.
    dead port 1/2 on $mux $flatten\system.\core.\capture.$procmux$4885.
    dead port 1/2 on $mux $flatten\system.\core.\capture.$procmux$4892.
    dead port 1/2 on $mux $flatten\system.\core.\capture.$procmux$4895.
    dead port 2/2 on $mux $flatten\system.\core.\capture.$procmux$4897.
    dead port 1/2 on $mux $flatten\system.\core.\capture.$procmux$4900.
    dead port 1/2 on $mux $flatten\system.\core.\capture.$procmux$4907.
    dead port 1/2 on $mux $flatten\system.\core.\capture.$procmux$4910.
    dead port 2/2 on $mux $flatten\system.\core.\capture.$procmux$4912.
    dead port 1/2 on $mux $flatten\system.\core.\capture.$procmux$4915.
    dead port 1/2 on $mux $flatten\system.\core.\capture.$procmux$4922.
    dead port 2/2 on $mux $flatten\system.\core.\capture.$procmux$4924.
    dead port 1/2 on $mux $flatten\system.\core.\capture.$procmux$4927.
    dead port 1/2 on $mux $flatten\system.\core.\capture.$procmux$4934.
    dead port 2/2 on $mux $flatten\system.\core.\capture.$procmux$4936.
    dead port 1/2 on $mux $flatten\system.\core.\capture.$procmux$4939.
    dead port 1/2 on $mux $flatten\system.\core.\capture.$procmux$4946.
    dead port 2/2 on $mux $flatten\system.\core.\capture.$procmux$4948.
    dead port 1/2 on $mux $flatten\system.\core.\capture.$procmux$4951.
    dead port 1/2 on $mux $flatten\system.\core.\capture.$procmux$4958.
    dead port 2/2 on $mux $flatten\system.\core.\capture.$procmux$4960.
    dead port 1/2 on $mux $flatten\system.\core.\capture.$procmux$4963.
    dead port 1/2 on $mux $flatten\system.\core.\capture.$procmux$4970.
    dead port 2/2 on $mux $flatten\system.\core.\capture.$procmux$4972.
    dead port 1/2 on $mux $flatten\system.\core.\capture.$procmux$4975.
    dead port 1/2 on $mux $flatten\system.\core.\capture.$procmux$4982.
    dead port 2/2 on $mux $flatten\system.\core.\capture.$procmux$4984.
    dead port 1/2 on $mux $flatten\system.\core.\capture.$procmux$4987.
    dead port 1/2 on $mux $flatten\system.\core.\capture.$procmux$4994.
    dead port 2/2 on $mux $flatten\system.\core.\capture.$procmux$4996.
    dead port 1/2 on $mux $flatten\system.\core.\capture.$procmux$4999.
    dead port 2/2 on $mux $flatten\system.\core.\capture.$procmux$5017.
    dead port 1/2 on $mux $flatten\system.\core.\capture.$procmux$5020.
    dead port 2/2 on $mux $flatten\system.\core.\capture.$procmux$5026.
    dead port 1/2 on $mux $flatten\system.\core.\capture.$procmux$5029.
    dead port 2/2 on $mux $flatten\system.\core.\capture.$procmux$5035.
    dead port 1/2 on $mux $flatten\system.\core.\capture.$procmux$5038.
    dead port 2/2 on $mux $flatten\system.\core.\capture.$procmux$5044.
    dead port 1/2 on $mux $flatten\system.\core.\capture.$procmux$5047.
    dead port 2/2 on $mux $flatten\system.\core.\capture.$procmux$5053.
    dead port 1/2 on $mux $flatten\system.\core.\capture.$procmux$5056.
    dead port 2/2 on $mux $flatten\system.\core.\capture.$procmux$5062.
    dead port 1/2 on $mux $flatten\system.\core.\capture.$procmux$5065.
    dead port 2/2 on $mux $flatten\system.\core.\capture.$procmux$5071.
    dead port 1/2 on $mux $flatten\system.\core.\capture.$procmux$5074.
    dead port 1/2 on $mux $flatten\system.\core.\capture.$procmux$5089.
    dead port 1/2 on $mux $flatten\system.\core.\capture.$procmux$5095.
    dead port 1/2 on $mux $flatten\system.\core.\capture.$procmux$5101.
    dead port 1/2 on $mux $flatten\system.\core.\capture.$procmux$5107.
    dead port 1/2 on $mux $flatten\system.\core.\capture.$procmux$5113.
    dead port 1/2 on $mux $flatten\system.\core.\capture.$procmux$5119.
    dead port 1/2 on $mux $flatten\system.\core.\capture.$procmux$5125.
    dead port 1/2 on $mux $flatten\system.\core.\capture.$procmux$5137.
    dead port 2/2 on $mux $flatten\system.\core.\capture.$procmux$5221.
    dead port 2/2 on $mux $flatten\system.\core.\capture.$procmux$5227.
    dead port 2/2 on $mux $flatten\system.\core.\capture.$procmux$5233.
    dead port 2/2 on $mux $flatten\system.\core.\capture.$procmux$5239.
    dead port 2/2 on $mux $flatten\system.\core.\capture.$procmux$5245.
    dead port 2/2 on $mux $flatten\system.\core.\capture.$procmux$5251.
    dead port 2/2 on $mux $flatten\system.\transport.$procmux$4115.
    dead port 1/2 on $mux $flatten\system.\core.$procmux$2134.
    dead port 1/2 on $mux $flatten\system.\core.$procmux$1709.
    dead port 2/2 on $mux $flatten\system.\core.$procmux$1706.
    dead port 1/2 on $mux $flatten\system.\core.$procmux$1704.
    dead port 1/2 on $mux $flatten\system.\core.$procmux$1701.
    dead port 2/2 on $mux $flatten\system.\core.$procmux$1698.
    dead port 1/2 on $mux $flatten\system.\core.$procmux$1676.
    dead port 2/2 on $mux $flatten\system.\core.$procmux$1673.
    dead port 1/2 on $mux $flatten\system.\core.$procmux$1652.
    dead port 2/2 on $mux $flatten\system.\core.$procmux$1649.
    dead port 1/2 on $mux $flatten\system.\core.$procmux$1647.
    dead port 1/2 on $mux $flatten\system.\core.$procmux$1625.
    dead port 2/2 on $mux $flatten\system.\core.$procmux$1622.
    dead port 1/2 on $mux $flatten\system.\core.$procmux$1620.
    dead port 1/2 on $mux $flatten\system.\core.$procmux$1617.
Removed 93 multiplexer ports.
<suppressed ~1108 debug messages>

10.12.4. Executing OPT_REDUCE pass (consolidate $*mux and $reduce_* inputs).
  Optimizing cells in module \upduino_known.
    Consolidated identical input bits for $mux cell $flatten\system.\controller.$procmux$4789:
      Old ports: A=16'0000000000000000, B=16'1111111111111111, Y=$flatten\system.\controller.$0$memwr$\queue$rtl/io/known_replay_controller.sv:58$716_EN[15:0]$741
      New ports: A=1'0, B=1'1, Y=$flatten\system.\controller.$0$memwr$\queue$rtl/io/known_replay_controller.sv:58$716_EN[15:0]$741 [0]
      New connections: $flatten\system.\controller.$0$memwr$\queue$rtl/io/known_replay_controller.sv:58$716_EN[15:0]$741 [15:1] = { $flatten\system.\controller.$0$memwr$\queue$rtl/io/known_replay_controller.sv:58$716_EN[15:0]$741 [0] $flatten\system.\controller.$0$memwr$\queue$rtl/io/known_replay_controller.sv:58$716_EN[15:0]$741 [0] $flatten\system.\controller.$0$memwr$\queue$rtl/io/known_replay_controller.sv:58$716_EN[15:0]$741 [0] $flatten\system.\controller.$0$memwr$\queue$rtl/io/known_replay_controller.sv:58$716_EN[15:0]$741 [0] $flatten\system.\controller.$0$memwr$\queue$rtl/io/known_replay_controller.sv:58$716_EN[15:0]$741 [0] $flatten\system.\controller.$0$memwr$\queue$rtl/io/known_replay_controller.sv:58$716_EN[15:0]$741 [0] $flatten\system.\controller.$0$memwr$\queue$rtl/io/known_replay_controller.sv:58$716_EN[15:0]$741 [0] $flatten\system.\controller.$0$memwr$\queue$rtl/io/known_replay_controller.sv:58$716_EN[15:0]$741 [0] $flatten\system.\controller.$0$memwr$\queue$rtl/io/known_replay_controller.sv:58$716_EN[15:0]$741 [0] $flatten\system.\controller.$0$memwr$\queue$rtl/io/known_replay_controller.sv:58$716_EN[15:0]$741 [0] $flatten\system.\controller.$0$memwr$\queue$rtl/io/known_replay_controller.sv:58$716_EN[15:0]$741 [0] $flatten\system.\controller.$0$memwr$\queue$rtl/io/known_replay_controller.sv:58$716_EN[15:0]$741 [0] $flatten\system.\controller.$0$memwr$\queue$rtl/io/known_replay_controller.sv:58$716_EN[15:0]$741 [0] $flatten\system.\controller.$0$memwr$\queue$rtl/io/known_replay_controller.sv:58$716_EN[15:0]$741 [0] $flatten\system.\controller.$0$memwr$\queue$rtl/io/known_replay_controller.sv:58$716_EN[15:0]$741 [0] }
    New ctrl vector for $pmux cell $flatten\system.\controller.$procmux$4755: $auto$opt_reduce.cc:137:opt_pmux$5596
    Consolidated identical input bits for $mux cell $flatten\system.\core.\capture.$procmux$4829:
      Old ports: A=0, B=32'11111111111111111111111111111111, Y=$flatten\system.\core.\capture.$procmux$4829_Y
      New ports: A=1'0, B=1'1, Y=$flatten\system.\core.\capture.$procmux$4829_Y [0]
      New connections: $flatten\system.\core.\capture.$procmux$4829_Y [31:1] = { $flatten\system.\core.\capture.$procmux$4829_Y [0] $flatten\system.\core.\capture.$procmux$4829_Y [0] $flatten\system.\core.\capture.$procmux$4829_Y [0] $flatten\system.\core.\capture.$procmux$4829_Y [0] $flatten\system.\core.\capture.$procmux$4829_Y [0] $flatten\system.\core.\capture.$procmux$4829_Y [0] $flatten\system.\core.\capture.$procmux$4829_Y [0] $flatten\system.\core.\capture.$procmux$4829_Y [0] $flatten\system.\core.\capture.$procmux$4829_Y [0] $flatten\system.\core.\capture.$procmux$4829_Y [0] $flatten\system.\core.\capture.$procmux$4829_Y [0] $flatten\system.\core.\capture.$procmux$4829_Y [0] $flatten\system.\core.\capture.$procmux$4829_Y [0] $flatten\system.\core.\capture.$procmux$4829_Y [0] $flatten\system.\core.\capture.$procmux$4829_Y [0] $flatten\system.\core.\capture.$procmux$4829_Y [0] $flatten\system.\core.\capture.$procmux$4829_Y [0] $flatten\system.\core.\capture.$procmux$4829_Y [0] $flatten\system.\core.\capture.$procmux$4829_Y [0] $flatten\system.\core.\capture.$procmux$4829_Y [0] $flatten\system.\core.\capture.$procmux$4829_Y [0] $flatten\system.\core.\capture.$procmux$4829_Y [0] $flatten\system.\core.\capture.$procmux$4829_Y [0] $flatten\system.\core.\capture.$procmux$4829_Y [0] $flatten\system.\core.\capture.$procmux$4829_Y [0] $flatten\system.\core.\capture.$procmux$4829_Y [0] $flatten\system.\core.\capture.$procmux$4829_Y [0] $flatten\system.\core.\capture.$procmux$4829_Y [0] $flatten\system.\core.\capture.$procmux$4829_Y [0] $flatten\system.\core.\capture.$procmux$4829_Y [0] $flatten\system.\core.\capture.$procmux$4829_Y [0] }
    Consolidated identical input bits for $mux cell $flatten\system.\core.\capture.$procmux$4874:
      Old ports: A=0, B=32'11111111111111111111111111111111, Y=$flatten\system.\core.\capture.$procmux$4874_Y
      New ports: A=1'0, B=1'1, Y=$flatten\system.\core.\capture.$procmux$4874_Y [0]
      New connections: $flatten\system.\core.\capture.$procmux$4874_Y [31:1] = { $flatten\system.\core.\capture.$procmux$4874_Y [0] $flatten\system.\core.\capture.$procmux$4874_Y [0] $flatten\system.\core.\capture.$procmux$4874_Y [0] $flatten\system.\core.\capture.$procmux$4874_Y [0] $flatten\system.\core.\capture.$procmux$4874_Y [0] $flatten\system.\core.\capture.$procmux$4874_Y [0] $flatten\system.\core.\capture.$procmux$4874_Y [0] $flatten\system.\core.\capture.$procmux$4874_Y [0] $flatten\system.\core.\capture.$procmux$4874_Y [0] $flatten\system.\core.\capture.$procmux$4874_Y [0] $flatten\system.\core.\capture.$procmux$4874_Y [0] $flatten\system.\core.\capture.$procmux$4874_Y [0] $flatten\system.\core.\capture.$procmux$4874_Y [0] $flatten\system.\core.\capture.$procmux$4874_Y [0] $flatten\system.\core.\capture.$procmux$4874_Y [0] $flatten\system.\core.\capture.$procmux$4874_Y [0] $flatten\system.\core.\capture.$procmux$4874_Y [0] $flatten\system.\core.\capture.$procmux$4874_Y [0] $flatten\system.\core.\capture.$procmux$4874_Y [0] $flatten\system.\core.\capture.$procmux$4874_Y [0] $flatten\system.\core.\capture.$procmux$4874_Y [0] $flatten\system.\core.\capture.$procmux$4874_Y [0] $flatten\system.\core.\capture.$procmux$4874_Y [0] $flatten\system.\core.\capture.$procmux$4874_Y [0] $flatten\system.\core.\capture.$procmux$4874_Y [0] $flatten\system.\core.\capture.$procmux$4874_Y [0] $flatten\system.\core.\capture.$procmux$4874_Y [0] $flatten\system.\core.\capture.$procmux$4874_Y [0] $flatten\system.\core.\capture.$procmux$4874_Y [0] $flatten\system.\core.\capture.$procmux$4874_Y [0] $flatten\system.\core.\capture.$procmux$4874_Y [0] }
    Consolidated identical input bits for $mux cell $flatten\system.\core.\capture.$procmux$5170:
      Old ports: A=0, B=32'11111111111111111111111111111111, Y=$flatten\system.\core.\capture.$0$memwr$\sums$rtl/core/known_capture.sv:39$1010_EN[31:0]$1052
      New ports: A=1'0, B=1'1, Y=$flatten\system.\core.\capture.$0$memwr$\sums$rtl/core/known_capture.sv:39$1010_EN[31:0]$1052 [0]
      New connections: $flatten\system.\core.\capture.$0$memwr$\sums$rtl/core/known_capture.sv:39$1010_EN[31:0]$1052 [31:1] = { $flatten\system.\core.\capture.$0$memwr$\sums$rtl/core/known_capture.sv:39$1010_EN[31:0]$1052 [0] $flatten\system.\core.\capture.$0$memwr$\sums$rtl/core/known_capture.sv:39$1010_EN[31:0]$1052 [0] $flatten\system.\core.\capture.$0$memwr$\sums$rtl/core/known_capture.sv:39$1010_EN[31:0]$1052 [0] $flatten\system.\core.\capture.$0$memwr$\sums$rtl/core/known_capture.sv:39$1010_EN[31:0]$1052 [0] $flatten\system.\core.\capture.$0$memwr$\sums$rtl/core/known_capture.sv:39$1010_EN[31:0]$1052 [0] $flatten\system.\core.\capture.$0$memwr$\sums$rtl/core/known_capture.sv:39$1010_EN[31:0]$1052 [0] $flatten\system.\core.\capture.$0$memwr$\sums$rtl/core/known_capture.sv:39$1010_EN[31:0]$1052 [0] $flatten\system.\core.\capture.$0$memwr$\sums$rtl/core/known_capture.sv:39$1010_EN[31:0]$1052 [0] $flatten\system.\core.\capture.$0$memwr$\sums$rtl/core/known_capture.sv:39$1010_EN[31:0]$1052 [0] $flatten\system.\core.\capture.$0$memwr$\sums$rtl/core/known_capture.sv:39$1010_EN[31:0]$1052 [0] $flatten\system.\core.\capture.$0$memwr$\sums$rtl/core/known_capture.sv:39$1010_EN[31:0]$1052 [0] $flatten\system.\core.\capture.$0$memwr$\sums$rtl/core/known_capture.sv:39$1010_EN[31:0]$1052 [0] $flatten\system.\core.\capture.$0$memwr$\sums$rtl/core/known_capture.sv:39$1010_EN[31:0]$1052 [0] $flatten\system.\core.\capture.$0$memwr$\sums$rtl/core/known_capture.sv:39$1010_EN[31:0]$1052 [0] $flatten\system.\core.\capture.$0$memwr$\sums$rtl/core/known_capture.sv:39$1010_EN[31:0]$1052 [0] $flatten\system.\core.\capture.$0$memwr$\sums$rtl/core/known_capture.sv:39$1010_EN[31:0]$1052 [0] $flatten\system.\core.\capture.$0$memwr$\sums$rtl/core/known_capture.sv:39$1010_EN[31:0]$1052 [0] $flatten\system.\core.\capture.$0$memwr$\sums$rtl/core/known_capture.sv:39$1010_EN[31:0]$1052 [0] $flatten\system.\core.\capture.$0$memwr$\sums$rtl/core/known_capture.sv:39$1010_EN[31:0]$1052 [0] $flatten\system.\core.\capture.$0$memwr$\sums$rtl/core/known_capture.sv:39$1010_EN[31:0]$1052 [0] $flatten\system.\core.\capture.$0$memwr$\sums$rtl/core/known_capture.sv:39$1010_EN[31:0]$1052 [0] $flatten\system.\core.\capture.$0$memwr$\sums$rtl/core/known_capture.sv:39$1010_EN[31:0]$1052 [0] $flatten\system.\core.\capture.$0$memwr$\sums$rtl/core/known_capture.sv:39$1010_EN[31:0]$1052 [0] $flatten\system.\core.\capture.$0$memwr$\sums$rtl/core/known_capture.sv:39$1010_EN[31:0]$1052 [0] $flatten\system.\core.\capture.$0$memwr$\sums$rtl/core/known_capture.sv:39$1010_EN[31:0]$1052 [0] $flatten\system.\core.\capture.$0$memwr$\sums$rtl/core/known_capture.sv:39$1010_EN[31:0]$1052 [0] $flatten\system.\core.\capture.$0$memwr$\sums$rtl/core/known_capture.sv:39$1010_EN[31:0]$1052 [0] $flatten\system.\core.\capture.$0$memwr$\sums$rtl/core/known_capture.sv:39$1010_EN[31:0]$1052 [0] $flatten\system.\core.\capture.$0$memwr$\sums$rtl/core/known_capture.sv:39$1010_EN[31:0]$1052 [0] $flatten\system.\core.\capture.$0$memwr$\sums$rtl/core/known_capture.sv:39$1010_EN[31:0]$1052 [0] $flatten\system.\core.\capture.$0$memwr$\sums$rtl/core/known_capture.sv:39$1010_EN[31:0]$1052 [0] }
    Consolidated identical input bits for $mux cell $flatten\system.\core.\capture.$procmux$5173:
      Old ports: A=0, B=32'11111111111111111111111111111111, Y=$flatten\system.\core.\capture.$0$memwr$\sums$rtl/core/known_capture.sv:39$1009_EN[31:0]$1051
      New ports: A=1'0, B=1'1, Y=$flatten\system.\core.\capture.$0$memwr$\sums$rtl/core/known_capture.sv:39$1009_EN[31:0]$1051 [0]
      New connections: $flatten\system.\core.\capture.$0$memwr$\sums$rtl/core/known_capture.sv:39$1009_EN[31:0]$1051 [31:1] = { $flatten\system.\core.\capture.$0$memwr$\sums$rtl/core/known_capture.sv:39$1009_EN[31:0]$1051 [0] $flatten\system.\core.\capture.$0$memwr$\sums$rtl/core/known_capture.sv:39$1009_EN[31:0]$1051 [0] $flatten\system.\core.\capture.$0$memwr$\sums$rtl/core/known_capture.sv:39$1009_EN[31:0]$1051 [0] $flatten\system.\core.\capture.$0$memwr$\sums$rtl/core/known_capture.sv:39$1009_EN[31:0]$1051 [0] $flatten\system.\core.\capture.$0$memwr$\sums$rtl/core/known_capture.sv:39$1009_EN[31:0]$1051 [0] $flatten\system.\core.\capture.$0$memwr$\sums$rtl/core/known_capture.sv:39$1009_EN[31:0]$1051 [0] $flatten\system.\core.\capture.$0$memwr$\sums$rtl/core/known_capture.sv:39$1009_EN[31:0]$1051 [0] $flatten\system.\core.\capture.$0$memwr$\sums$rtl/core/known_capture.sv:39$1009_EN[31:0]$1051 [0] $flatten\system.\core.\capture.$0$memwr$\sums$rtl/core/known_capture.sv:39$1009_EN[31:0]$1051 [0] $flatten\system.\core.\capture.$0$memwr$\sums$rtl/core/known_capture.sv:39$1009_EN[31:0]$1051 [0] $flatten\system.\core.\capture.$0$memwr$\sums$rtl/core/known_capture.sv:39$1009_EN[31:0]$1051 [0] $flatten\system.\core.\capture.$0$memwr$\sums$rtl/core/known_capture.sv:39$1009_EN[31:0]$1051 [0] $flatten\system.\core.\capture.$0$memwr$\sums$rtl/core/known_capture.sv:39$1009_EN[31:0]$1051 [0] $flatten\system.\core.\capture.$0$memwr$\sums$rtl/core/known_capture.sv:39$1009_EN[31:0]$1051 [0] $flatten\system.\core.\capture.$0$memwr$\sums$rtl/core/known_capture.sv:39$1009_EN[31:0]$1051 [0] $flatten\system.\core.\capture.$0$memwr$\sums$rtl/core/known_capture.sv:39$1009_EN[31:0]$1051 [0] $flatten\system.\core.\capture.$0$memwr$\sums$rtl/core/known_capture.sv:39$1009_EN[31:0]$1051 [0] $flatten\system.\core.\capture.$0$memwr$\sums$rtl/core/known_capture.sv:39$1009_EN[31:0]$1051 [0] $flatten\system.\core.\capture.$0$memwr$\sums$rtl/core/known_capture.sv:39$1009_EN[31:0]$1051 [0] $flatten\system.\core.\capture.$0$memwr$\sums$rtl/core/known_capture.sv:39$1009_EN[31:0]$1051 [0] $flatten\system.\core.\capture.$0$memwr$\sums$rtl/core/known_capture.sv:39$1009_EN[31:0]$1051 [0] $flatten\system.\core.\capture.$0$memwr$\sums$rtl/core/known_capture.sv:39$1009_EN[31:0]$1051 [0] $flatten\system.\core.\capture.$0$memwr$\sums$rtl/core/known_capture.sv:39$1009_EN[31:0]$1051 [0] $flatten\system.\core.\capture.$0$memwr$\sums$rtl/core/known_capture.sv:39$1009_EN[31:0]$1051 [0] $flatten\system.\core.\capture.$0$memwr$\sums$rtl/core/known_capture.sv:39$1009_EN[31:0]$1051 [0] $flatten\system.\core.\capture.$0$memwr$\sums$rtl/core/known_capture.sv:39$1009_EN[31:0]$1051 [0] $flatten\system.\core.\capture.$0$memwr$\sums$rtl/core/known_capture.sv:39$1009_EN[31:0]$1051 [0] $flatten\system.\core.\capture.$0$memwr$\sums$rtl/core/known_capture.sv:39$1009_EN[31:0]$1051 [0] $flatten\system.\core.\capture.$0$memwr$\sums$rtl/core/known_capture.sv:39$1009_EN[31:0]$1051 [0] $flatten\system.\core.\capture.$0$memwr$\sums$rtl/core/known_capture.sv:39$1009_EN[31:0]$1051 [0] $flatten\system.\core.\capture.$0$memwr$\sums$rtl/core/known_capture.sv:39$1009_EN[31:0]$1051 [0] }
    Consolidated identical input bits for $mux cell $flatten\system.\core.\capture.$procmux$5176:
      Old ports: A=0, B=32'11111111111111111111111111111111, Y=$flatten\system.\core.\capture.$0$memwr$\ids$rtl/core/known_capture.sv:39$1008_EN[31:0]$1050
      New ports: A=1'0, B=1'1, Y=$flatten\system.\core.\capture.$0$memwr$\ids$rtl/core/known_capture.sv:39$1008_EN[31:0]$1050 [0]
      New connections: $flatten\system.\core.\capture.$0$memwr$\ids$rtl/core/known_capture.sv:39$1008_EN[31:0]$1050 [31:1] = { $flatten\system.\core.\capture.$0$memwr$\ids$rtl/core/known_capture.sv:39$1008_EN[31:0]$1050 [0] $flatten\system.\core.\capture.$0$memwr$\ids$rtl/core/known_capture.sv:39$1008_EN[31:0]$1050 [0] $flatten\system.\core.\capture.$0$memwr$\ids$rtl/core/known_capture.sv:39$1008_EN[31:0]$1050 [0] $flatten\system.\core.\capture.$0$memwr$\ids$rtl/core/known_capture.sv:39$1008_EN[31:0]$1050 [0] $flatten\system.\core.\capture.$0$memwr$\ids$rtl/core/known_capture.sv:39$1008_EN[31:0]$1050 [0] $flatten\system.\core.\capture.$0$memwr$\ids$rtl/core/known_capture.sv:39$1008_EN[31:0]$1050 [0] $flatten\system.\core.\capture.$0$memwr$\ids$rtl/core/known_capture.sv:39$1008_EN[31:0]$1050 [0] $flatten\system.\core.\capture.$0$memwr$\ids$rtl/core/known_capture.sv:39$1008_EN[31:0]$1050 [0] $flatten\system.\core.\capture.$0$memwr$\ids$rtl/core/known_capture.sv:39$1008_EN[31:0]$1050 [0] $flatten\system.\core.\capture.$0$memwr$\ids$rtl/core/known_capture.sv:39$1008_EN[31:0]$1050 [0] $flatten\system.\core.\capture.$0$memwr$\ids$rtl/core/known_capture.sv:39$1008_EN[31:0]$1050 [0] $flatten\system.\core.\capture.$0$memwr$\ids$rtl/core/known_capture.sv:39$1008_EN[31:0]$1050 [0] $flatten\system.\core.\capture.$0$memwr$\ids$rtl/core/known_capture.sv:39$1008_EN[31:0]$1050 [0] $flatten\system.\core.\capture.$0$memwr$\ids$rtl/core/known_capture.sv:39$1008_EN[31:0]$1050 [0] $flatten\system.\core.\capture.$0$memwr$\ids$rtl/core/known_capture.sv:39$1008_EN[31:0]$1050 [0] $flatten\system.\core.\capture.$0$memwr$\ids$rtl/core/known_capture.sv:39$1008_EN[31:0]$1050 [0] $flatten\system.\core.\capture.$0$memwr$\ids$rtl/core/known_capture.sv:39$1008_EN[31:0]$1050 [0] $flatten\system.\core.\capture.$0$memwr$\ids$rtl/core/known_capture.sv:39$1008_EN[31:0]$1050 [0] $flatten\system.\core.\capture.$0$memwr$\ids$rtl/core/known_capture.sv:39$1008_EN[31:0]$1050 [0] $flatten\system.\core.\capture.$0$memwr$\ids$rtl/core/known_capture.sv:39$1008_EN[31:0]$1050 [0] $flatten\system.\core.\capture.$0$memwr$\ids$rtl/core/known_capture.sv:39$1008_EN[31:0]$1050 [0] $flatten\system.\core.\capture.$0$memwr$\ids$rtl/core/known_capture.sv:39$1008_EN[31:0]$1050 [0] $flatten\system.\core.\capture.$0$memwr$\ids$rtl/core/known_capture.sv:39$1008_EN[31:0]$1050 [0] $flatten\system.\core.\capture.$0$memwr$\ids$rtl/core/known_capture.sv:39$1008_EN[31:0]$1050 [0] $flatten\system.\core.\capture.$0$memwr$\ids$rtl/core/known_capture.sv:39$1008_EN[31:0]$1050 [0] $flatten\system.\core.\capture.$0$memwr$\ids$rtl/core/known_capture.sv:39$1008_EN[31:0]$1050 [0] $flatten\system.\core.\capture.$0$memwr$\ids$rtl/core/known_capture.sv:39$1008_EN[31:0]$1050 [0] $flatten\system.\core.\capture.$0$memwr$\ids$rtl/core/known_capture.sv:39$1008_EN[31:0]$1050 [0] $flatten\system.\core.\capture.$0$memwr$\ids$rtl/core/known_capture.sv:39$1008_EN[31:0]$1050 [0] $flatten\system.\core.\capture.$0$memwr$\ids$rtl/core/known_capture.sv:39$1008_EN[31:0]$1050 [0] $flatten\system.\core.\capture.$0$memwr$\ids$rtl/core/known_capture.sv:39$1008_EN[31:0]$1050 [0] }
    Consolidated identical input bits for $mux cell $flatten\system.\core.\capture.$procmux$5179:
      Old ports: A=0, B=32'11111111111111111111111111111111, Y=$flatten\system.\core.\capture.$0$memwr$\ids$rtl/core/known_capture.sv:39$1007_EN[31:0]$1049
      New ports: A=1'0, B=1'1, Y=$flatten\system.\core.\capture.$0$memwr$\ids$rtl/core/known_capture.sv:39$1007_EN[31:0]$1049 [0]
      New connections: $flatten\system.\core.\capture.$0$memwr$\ids$rtl/core/known_capture.sv:39$1007_EN[31:0]$1049 [31:1] = { $flatten\system.\core.\capture.$0$memwr$\ids$rtl/core/known_capture.sv:39$1007_EN[31:0]$1049 [0] $flatten\system.\core.\capture.$0$memwr$\ids$rtl/core/known_capture.sv:39$1007_EN[31:0]$1049 [0] $flatten\system.\core.\capture.$0$memwr$\ids$rtl/core/known_capture.sv:39$1007_EN[31:0]$1049 [0] $flatten\system.\core.\capture.$0$memwr$\ids$rtl/core/known_capture.sv:39$1007_EN[31:0]$1049 [0] $flatten\system.\core.\capture.$0$memwr$\ids$rtl/core/known_capture.sv:39$1007_EN[31:0]$1049 [0] $flatten\system.\core.\capture.$0$memwr$\ids$rtl/core/known_capture.sv:39$1007_EN[31:0]$1049 [0] $flatten\system.\core.\capture.$0$memwr$\ids$rtl/core/known_capture.sv:39$1007_EN[31:0]$1049 [0] $flatten\system.\core.\capture.$0$memwr$\ids$rtl/core/known_capture.sv:39$1007_EN[31:0]$1049 [0] $flatten\system.\core.\capture.$0$memwr$\ids$rtl/core/known_capture.sv:39$1007_EN[31:0]$1049 [0] $flatten\system.\core.\capture.$0$memwr$\ids$rtl/core/known_capture.sv:39$1007_EN[31:0]$1049 [0] $flatten\system.\core.\capture.$0$memwr$\ids$rtl/core/known_capture.sv:39$1007_EN[31:0]$1049 [0] $flatten\system.\core.\capture.$0$memwr$\ids$rtl/core/known_capture.sv:39$1007_EN[31:0]$1049 [0] $flatten\system.\core.\capture.$0$memwr$\ids$rtl/core/known_capture.sv:39$1007_EN[31:0]$1049 [0] $flatten\system.\core.\capture.$0$memwr$\ids$rtl/core/known_capture.sv:39$1007_EN[31:0]$1049 [0] $flatten\system.\core.\capture.$0$memwr$\ids$rtl/core/known_capture.sv:39$1007_EN[31:0]$1049 [0] $flatten\system.\core.\capture.$0$memwr$\ids$rtl/core/known_capture.sv:39$1007_EN[31:0]$1049 [0] $flatten\system.\core.\capture.$0$memwr$\ids$rtl/core/known_capture.sv:39$1007_EN[31:0]$1049 [0] $flatten\system.\core.\capture.$0$memwr$\ids$rtl/core/known_capture.sv:39$1007_EN[31:0]$1049 [0] $flatten\system.\core.\capture.$0$memwr$\ids$rtl/core/known_capture.sv:39$1007_EN[31:0]$1049 [0] $flatten\system.\core.\capture.$0$memwr$\ids$rtl/core/known_capture.sv:39$1007_EN[31:0]$1049 [0] $flatten\system.\core.\capture.$0$memwr$\ids$rtl/core/known_capture.sv:39$1007_EN[31:0]$1049 [0] $flatten\system.\core.\capture.$0$memwr$\ids$rtl/core/known_capture.sv:39$1007_EN[31:0]$1049 [0] $flatten\system.\core.\capture.$0$memwr$\ids$rtl/core/known_capture.sv:39$1007_EN[31:0]$1049 [0] $flatten\system.\core.\capture.$0$memwr$\ids$rtl/core/known_capture.sv:39$1007_EN[31:0]$1049 [0] $flatten\system.\core.\capture.$0$memwr$\ids$rtl/core/known_capture.sv:39$1007_EN[31:0]$1049 [0] $flatten\system.\core.\capture.$0$memwr$\ids$rtl/core/known_capture.sv:39$1007_EN[31:0]$1049 [0] $flatten\system.\core.\capture.$0$memwr$\ids$rtl/core/known_capture.sv:39$1007_EN[31:0]$1049 [0] $flatten\system.\core.\capture.$0$memwr$\ids$rtl/core/known_capture.sv:39$1007_EN[31:0]$1049 [0] $flatten\system.\core.\capture.$0$memwr$\ids$rtl/core/known_capture.sv:39$1007_EN[31:0]$1049 [0] $flatten\system.\core.\capture.$0$memwr$\ids$rtl/core/known_capture.sv:39$1007_EN[31:0]$1049 [0] $flatten\system.\core.\capture.$0$memwr$\ids$rtl/core/known_capture.sv:39$1007_EN[31:0]$1049 [0] }
    Consolidated identical input bits for $mux cell $flatten\system.\core.\capture.$procmux$5219:
      Old ports: A=16'0000000000000000, B=16'1111111111111111, Y=$flatten\system.\core.\capture.$procmux$5219_Y
      New ports: A=1'0, B=1'1, Y=$flatten\system.\core.\capture.$procmux$5219_Y [0]
      New connections: $flatten\system.\core.\capture.$procmux$5219_Y [15:1] = { $flatten\system.\core.\capture.$procmux$5219_Y [0] $flatten\system.\core.\capture.$procmux$5219_Y [0] $flatten\system.\core.\capture.$procmux$5219_Y [0] $flatten\system.\core.\capture.$procmux$5219_Y [0] $flatten\system.\core.\capture.$procmux$5219_Y [0] $flatten\system.\core.\capture.$procmux$5219_Y [0] $flatten\system.\core.\capture.$procmux$5219_Y [0] $flatten\system.\core.\capture.$procmux$5219_Y [0] $flatten\system.\core.\capture.$procmux$5219_Y [0] $flatten\system.\core.\capture.$procmux$5219_Y [0] $flatten\system.\core.\capture.$procmux$5219_Y [0] $flatten\system.\core.\capture.$procmux$5219_Y [0] $flatten\system.\core.\capture.$procmux$5219_Y [0] $flatten\system.\core.\capture.$procmux$5219_Y [0] $flatten\system.\core.\capture.$procmux$5219_Y [0] }
    Consolidated identical input bits for $mux cell $flatten\system.\core.\capture.$procmux$5237:
      Old ports: A=16'1111111111111111, B=16'0000000000000000, Y=$flatten\system.\core.\capture.$procmux$5237_Y
      New ports: A=1'1, B=1'0, Y=$flatten\system.\core.\capture.$procmux$5237_Y [0]
      New connections: $flatten\system.\core.\capture.$procmux$5237_Y [15:1] = { $flatten\system.\core.\capture.$procmux$5237_Y [0] $flatten\system.\core.\capture.$procmux$5237_Y [0] $flatten\system.\core.\capture.$procmux$5237_Y [0] $flatten\system.\core.\capture.$procmux$5237_Y [0] $flatten\system.\core.\capture.$procmux$5237_Y [0] $flatten\system.\core.\capture.$procmux$5237_Y [0] $flatten\system.\core.\capture.$procmux$5237_Y [0] $flatten\system.\core.\capture.$procmux$5237_Y [0] $flatten\system.\core.\capture.$procmux$5237_Y [0] $flatten\system.\core.\capture.$procmux$5237_Y [0] $flatten\system.\core.\capture.$procmux$5237_Y [0] $flatten\system.\core.\capture.$procmux$5237_Y [0] $flatten\system.\core.\capture.$procmux$5237_Y [0] $flatten\system.\core.\capture.$procmux$5237_Y [0] $flatten\system.\core.\capture.$procmux$5237_Y [0] }
    New ctrl vector for $pmux cell $flatten\system.\controller.$procmux$4743: $auto$opt_reduce.cc:137:opt_pmux$5598
    New ctrl vector for $pmux cell $flatten\system.\transport.$procmux$4048: { $flatten\system.\transport.$procmux$3820_CMP $auto$opt_reduce.cc:137:opt_pmux$5600 $flatten\system.\transport.$procmux$3832_CMP }
    New ctrl vector for $pmux cell $flatten\system.\controller.$procmux$4732: $auto$opt_reduce.cc:137:opt_pmux$5602
    New ctrl vector for $pmux cell $flatten\system.\controller.$procmux$4724: { $flatten\system.\controller.$procmux$4756_CMP $auto$opt_reduce.cc:137:opt_pmux$5604 $flatten\system.\controller.$procmux$4735_CMP $flatten\system.\controller.$procmux$4736_CMP }
    New ctrl vector for $pmux cell $flatten\system.\core.$procmux$3595: { $auto$opt_reduce.cc:137:opt_pmux$5606 $flatten\system.\core.$procmux$3629_CMP }
    New ctrl vector for $pmux cell $flatten\system.\core.$procmux$3573: $flatten\system.\core.$procmux$3578_CMP
    New ctrl vector for $pmux cell $flatten\system.\transport.$procmux$4126: { $auto$opt_reduce.cc:137:opt_pmux$5608 $flatten\system.\transport.$eq$rtl/io/flash_stream.sv:47$944_Y }
    New ctrl vector for $pmux cell $flatten\system.\transport.$procmux$4132: { $auto$opt_reduce.cc:137:opt_pmux$5610 $flatten\system.\transport.$eq$rtl/io/flash_stream.sv:47$944_Y }
    New ctrl vector for $pmux cell $flatten\system.\core.$procmux$3122: { $flatten\system.\core.$procmux$3574_CMP $flatten\system.\core.$procmux$3578_CMP $flatten\system.\core.$procmux$3134_CMP $flatten\system.\core.$procmux$3135_CMP $flatten\system.\core.$procmux$3596_CMP $auto$opt_reduce.cc:137:opt_pmux$5612 $flatten\system.\core.$procmux$3138_CMP $flatten\system.\core.$procmux$3139_CMP $flatten\system.\core.$procmux$3149_CMP $flatten\system.\core.$procmux$3150_CMP $flatten\system.\core.$procmux$3154_CMP $flatten\system.\core.$procmux$3155_CMP $flatten\system.\core.$procmux$3159_CMP $flatten\system.\core.$procmux$3160_CMP $flatten\system.\core.$procmux$3161_CMP $flatten\system.\core.$procmux$3174_CMP $flatten\system.\core.$procmux$3597_CMP $flatten\system.\core.$procmux$3180_CMP $flatten\system.\core.$procmux$3629_CMP $flatten\system.\core.$procmux$3187_CMP $flatten\system.\core.$procmux$3191_CMP $flatten\system.\core.$procmux$3599_CMP $flatten\system.\core.$procmux$3193_CMP $flatten\system.\core.$eq$rtl/core/known_spectral_core.sv:30$1193_Y }
    New ctrl vector for $pmux cell $flatten\system.\core.$procmux$2912: { $flatten\system.\core.$procmux$3578_CMP $flatten\system.\core.$eq$rtl/core/known_spectral_core.sv:30$1193_Y }
    New ctrl vector for $pmux cell $flatten\system.\core.$procmux$2603: { $auto$opt_reduce.cc:137:opt_pmux$5614 $flatten\system.\core.$procmux$3174_CMP }
    New ctrl vector for $pmux cell $flatten\system.\core.$procmux$2562: { $auto$opt_reduce.cc:137:opt_pmux$5616 $flatten\system.\core.$procmux$3174_CMP }
    Consolidated identical input bits for $mux cell $flatten\system.\core.$procmux$2233:
      Old ports: A=16'0000000000000000, B=16'1111111111111111, Y=$flatten\system.\core.$0$memwr$\windowed$rtl/core/known_spectral_core.sv:144$1192_EN[15:0]$1272
      New ports: A=1'0, B=1'1, Y=$flatten\system.\core.$0$memwr$\windowed$rtl/core/known_spectral_core.sv:144$1192_EN[15:0]$1272 [0]
      New connections: $flatten\system.\core.$0$memwr$\windowed$rtl/core/known_spectral_core.sv:144$1192_EN[15:0]$1272 [15:1] = { $flatten\system.\core.$0$memwr$\windowed$rtl/core/known_spectral_core.sv:144$1192_EN[15:0]$1272 [0] $flatten\system.\core.$0$memwr$\windowed$rtl/core/known_spectral_core.sv:144$1192_EN[15:0]$1272 [0] $flatten\system.\core.$0$memwr$\windowed$rtl/core/known_spectral_core.sv:144$1192_EN[15:0]$1272 [0] $flatten\system.\core.$0$memwr$\windowed$rtl/core/known_spectral_core.sv:144$1192_EN[15:0]$1272 [0] $flatten\system.\core.$0$memwr$\windowed$rtl/core/known_spectral_core.sv:144$1192_EN[15:0]$1272 [0] $flatten\system.\core.$0$memwr$\windowed$rtl/core/known_spectral_core.sv:144$1192_EN[15:0]$1272 [0] $flatten\system.\core.$0$memwr$\windowed$rtl/core/known_spectral_core.sv:144$1192_EN[15:0]$1272 [0] $flatten\system.\core.$0$memwr$\windowed$rtl/core/known_spectral_core.sv:144$1192_EN[15:0]$1272 [0] $flatten\system.\core.$0$memwr$\windowed$rtl/core/known_spectral_core.sv:144$1192_EN[15:0]$1272 [0] $flatten\system.\core.$0$memwr$\windowed$rtl/core/known_spectral_core.sv:144$1192_EN[15:0]$1272 [0] $flatten\system.\core.$0$memwr$\windowed$rtl/core/known_spectral_core.sv:144$1192_EN[15:0]$1272 [0] $flatten\system.\core.$0$memwr$\windowed$rtl/core/known_spectral_core.sv:144$1192_EN[15:0]$1272 [0] $flatten\system.\core.$0$memwr$\windowed$rtl/core/known_spectral_core.sv:144$1192_EN[15:0]$1272 [0] $flatten\system.\core.$0$memwr$\windowed$rtl/core/known_spectral_core.sv:144$1192_EN[15:0]$1272 [0] $flatten\system.\core.$0$memwr$\windowed$rtl/core/known_spectral_core.sv:144$1192_EN[15:0]$1272 [0] }
  Optimizing cells in module \upduino_known.
    Consolidated identical input bits for $mux cell $flatten\system.\core.\capture.$procmux$4931:
      Old ports: A=$flatten\system.\core.\capture.$5$memwr$\ids$rtl/core/known_capture.sv:51$1012_EN[31:0]$1163, B=0, Y=$flatten\system.\core.\capture.$procmux$4931_Y
      New ports: A=$flatten\system.\core.\capture.$procmux$4829_Y [0], B=1'0, Y=$flatten\system.\core.\capture.$procmux$4931_Y [0]
      New connections: $flatten\system.\core.\capture.$procmux$4931_Y [31:1] = { $flatten\system.\core.\capture.$procmux$4931_Y [0] $flatten\system.\core.\capture.$procmux$4931_Y [0] $flatten\system.\core.\capture.$procmux$4931_Y [0] $flatten\system.\core.\capture.$procmux$4931_Y [0] $flatten\system.\core.\capture.$procmux$4931_Y [0] $flatten\system.\core.\capture.$procmux$4931_Y [0] $flatten\system.\core.\capture.$procmux$4931_Y [0] $flatten\system.\core.\capture.$procmux$4931_Y [0] $flatten\system.\core.\capture.$procmux$4931_Y [0] $flatten\system.\core.\capture.$procmux$4931_Y [0] $flatten\system.\core.\capture.$procmux$4931_Y [0] $flatten\system.\core.\capture.$procmux$4931_Y [0] $flatten\system.\core.\capture.$procmux$4931_Y [0] $flatten\system.\core.\capture.$procmux$4931_Y [0] $flatten\system.\core.\capture.$procmux$4931_Y [0] $flatten\system.\core.\capture.$procmux$4931_Y [0] $flatten\system.\core.\capture.$procmux$4931_Y [0] $flatten\system.\core.\capture.$procmux$4931_Y [0] $flatten\system.\core.\capture.$procmux$4931_Y [0] $flatten\system.\core.\capture.$procmux$4931_Y [0] $flatten\system.\core.\capture.$procmux$4931_Y [0] $flatten\system.\core.\capture.$procmux$4931_Y [0] $flatten\system.\core.\capture.$procmux$4931_Y [0] $flatten\system.\core.\capture.$procmux$4931_Y [0] $flatten\system.\core.\capture.$procmux$4931_Y [0] $flatten\system.\core.\capture.$procmux$4931_Y [0] $flatten\system.\core.\capture.$procmux$4931_Y [0] $flatten\system.\core.\capture.$procmux$4931_Y [0] $flatten\system.\core.\capture.$procmux$4931_Y [0] $flatten\system.\core.\capture.$procmux$4931_Y [0] $flatten\system.\core.\capture.$procmux$4931_Y [0] }
    Consolidated identical input bits for $mux cell $flatten\system.\core.\capture.$procmux$4967:
      Old ports: A=$flatten\system.\core.\capture.$5$memwr$\sums$rtl/core/known_capture.sv:51$1011_EN[31:0]$1160, B=0, Y=$flatten\system.\core.\capture.$procmux$4967_Y
      New ports: A=$flatten\system.\core.\capture.$procmux$4874_Y [0], B=1'0, Y=$flatten\system.\core.\capture.$procmux$4967_Y [0]
      New connections: $flatten\system.\core.\capture.$procmux$4967_Y [31:1] = { $flatten\system.\core.\capture.$procmux$4967_Y [0] $flatten\system.\core.\capture.$procmux$4967_Y [0] $flatten\system.\core.\capture.$procmux$4967_Y [0] $flatten\system.\core.\capture.$procmux$4967_Y [0] $flatten\system.\core.\capture.$procmux$4967_Y [0] $flatten\system.\core.\capture.$procmux$4967_Y [0] $flatten\system.\core.\capture.$procmux$4967_Y [0] $flatten\system.\core.\capture.$procmux$4967_Y [0] $flatten\system.\core.\capture.$procmux$4967_Y [0] $flatten\system.\core.\capture.$procmux$4967_Y [0] $flatten\system.\core.\capture.$procmux$4967_Y [0] $flatten\system.\core.\capture.$procmux$4967_Y [0] $flatten\system.\core.\capture.$procmux$4967_Y [0] $flatten\system.\core.\capture.$procmux$4967_Y [0] $flatten\system.\core.\capture.$procmux$4967_Y [0] $flatten\system.\core.\capture.$procmux$4967_Y [0] $flatten\system.\core.\capture.$procmux$4967_Y [0] $flatten\system.\core.\capture.$procmux$4967_Y [0] $flatten\system.\core.\capture.$procmux$4967_Y [0] $flatten\system.\core.\capture.$procmux$4967_Y [0] $flatten\system.\core.\capture.$procmux$4967_Y [0] $flatten\system.\core.\capture.$procmux$4967_Y [0] $flatten\system.\core.\capture.$procmux$4967_Y [0] $flatten\system.\core.\capture.$procmux$4967_Y [0] $flatten\system.\core.\capture.$procmux$4967_Y [0] $flatten\system.\core.\capture.$procmux$4967_Y [0] $flatten\system.\core.\capture.$procmux$4967_Y [0] $flatten\system.\core.\capture.$procmux$4967_Y [0] $flatten\system.\core.\capture.$procmux$4967_Y [0] $flatten\system.\core.\capture.$procmux$4967_Y [0] $flatten\system.\core.\capture.$procmux$4967_Y [0] }
    Consolidated identical input bits for $mux cell $flatten\system.\core.\capture.$procmux$5254:
      Old ports: A=16'0000000000000000, B=$flatten\system.\core.\capture.$2$memwr$\raw0$rtl/core/known_capture.sv:34$1006_EN[15:0]$1081, Y=$flatten\system.\core.\capture.$0$memwr$\raw0$rtl/core/known_capture.sv:34$1006_EN[15:0]$1048
      New ports: A=1'0, B=$flatten\system.\core.\capture.$procmux$5237_Y [0], Y=$flatten\system.\core.\capture.$0$memwr$\raw0$rtl/core/known_capture.sv:34$1006_EN[15:0]$1048 [0]
      New connections: $flatten\system.\core.\capture.$0$memwr$\raw0$rtl/core/known_capture.sv:34$1006_EN[15:0]$1048 [15:1] = { $flatten\system.\core.\capture.$0$memwr$\raw0$rtl/core/known_capture.sv:34$1006_EN[15:0]$1048 [0] $flatten\system.\core.\capture.$0$memwr$\raw0$rtl/core/known_capture.sv:34$1006_EN[15:0]$1048 [0] $flatten\system.\core.\capture.$0$memwr$\raw0$rtl/core/known_capture.sv:34$1006_EN[15:0]$1048 [0] $flatten\system.\core.\capture.$0$memwr$\raw0$rtl/core/known_capture.sv:34$1006_EN[15:0]$1048 [0] $flatten\system.\core.\capture.$0$memwr$\raw0$rtl/core/known_capture.sv:34$1006_EN[15:0]$1048 [0] $flatten\system.\core.\capture.$0$memwr$\raw0$rtl/core/known_capture.sv:34$1006_EN[15:0]$1048 [0] $flatten\system.\core.\capture.$0$memwr$\raw0$rtl/core/known_capture.sv:34$1006_EN[15:0]$1048 [0] $flatten\system.\core.\capture.$0$memwr$\raw0$rtl/core/known_capture.sv:34$1006_EN[15:0]$1048 [0] $flatten\system.\core.\capture.$0$memwr$\raw0$rtl/core/known_capture.sv:34$1006_EN[15:0]$1048 [0] $flatten\system.\core.\capture.$0$memwr$\raw0$rtl/core/known_capture.sv:34$1006_EN[15:0]$1048 [0] $flatten\system.\core.\capture.$0$memwr$\raw0$rtl/core/known_capture.sv:34$1006_EN[15:0]$1048 [0] $flatten\system.\core.\capture.$0$memwr$\raw0$rtl/core/known_capture.sv:34$1006_EN[15:0]$1048 [0] $flatten\system.\core.\capture.$0$memwr$\raw0$rtl/core/known_capture.sv:34$1006_EN[15:0]$1048 [0] $flatten\system.\core.\capture.$0$memwr$\raw0$rtl/core/known_capture.sv:34$1006_EN[15:0]$1048 [0] $flatten\system.\core.\capture.$0$memwr$\raw0$rtl/core/known_capture.sv:34$1006_EN[15:0]$1048 [0] }
    Consolidated identical input bits for $mux cell $flatten\system.\core.\capture.$procmux$5263:
      Old ports: A=16'0000000000000000, B=$flatten\system.\core.\capture.$2$memwr$\raw1$rtl/core/known_capture.sv:34$1005_EN[15:0]$1078, Y=$flatten\system.\core.\capture.$0$memwr$\raw1$rtl/core/known_capture.sv:34$1005_EN[15:0]$1045
      New ports: A=1'0, B=$flatten\system.\core.\capture.$procmux$5219_Y [0], Y=$flatten\system.\core.\capture.$0$memwr$\raw1$rtl/core/known_capture.sv:34$1005_EN[15:0]$1045 [0]
      New connections: $flatten\system.\core.\capture.$0$memwr$\raw1$rtl/core/known_capture.sv:34$1005_EN[15:0]$1045 [15:1] = { $flatten\system.\core.\capture.$0$memwr$\raw1$rtl/core/known_capture.sv:34$1005_EN[15:0]$1045 [0] $flatten\system.\core.\capture.$0$memwr$\raw1$rtl/core/known_capture.sv:34$1005_EN[15:0]$1045 [0] $flatten\system.\core.\capture.$0$memwr$\raw1$rtl/core/known_capture.sv:34$1005_EN[15:0]$1045 [0] $flatten\system.\core.\capture.$0$memwr$\raw1$rtl/core/known_capture.sv:34$1005_EN[15:0]$1045 [0] $flatten\system.\core.\capture.$0$memwr$\raw1$rtl/core/known_capture.sv:34$1005_EN[15:0]$1045 [0] $flatten\system.\core.\capture.$0$memwr$\raw1$rtl/core/known_capture.sv:34$1005_EN[15:0]$1045 [0] $flatten\system.\core.\capture.$0$memwr$\raw1$rtl/core/known_capture.sv:34$1005_EN[15:0]$1045 [0] $flatten\system.\core.\capture.$0$memwr$\raw1$rtl/core/known_capture.sv:34$1005_EN[15:0]$1045 [0] $flatten\system.\core.\capture.$0$memwr$\raw1$rtl/core/known_capture.sv:34$1005_EN[15:0]$1045 [0] $flatten\system.\core.\capture.$0$memwr$\raw1$rtl/core/known_capture.sv:34$1005_EN[15:0]$1045 [0] $flatten\system.\core.\capture.$0$memwr$\raw1$rtl/core/known_capture.sv:34$1005_EN[15:0]$1045 [0] $flatten\system.\core.\capture.$0$memwr$\raw1$rtl/core/known_capture.sv:34$1005_EN[15:0]$1045 [0] $flatten\system.\core.\capture.$0$memwr$\raw1$rtl/core/known_capture.sv:34$1005_EN[15:0]$1045 [0] $flatten\system.\core.\capture.$0$memwr$\raw1$rtl/core/known_capture.sv:34$1005_EN[15:0]$1045 [0] $flatten\system.\core.\capture.$0$memwr$\raw1$rtl/core/known_capture.sv:34$1005_EN[15:0]$1045 [0] }
  Optimizing cells in module \upduino_known.
    Consolidated identical input bits for $mux cell $flatten\system.\core.\capture.$procmux$5024:
      Old ports: A=$flatten\system.\core.\capture.$4$memwr$\ids$rtl/core/known_capture.sv:51$1012_EN[31:0]$1151, B=0, Y=$flatten\system.\core.\capture.$procmux$5024_Y
      New ports: A=$flatten\system.\core.\capture.$procmux$4931_Y [0], B=1'0, Y=$flatten\system.\core.\capture.$procmux$5024_Y [0]
      New connections: $flatten\system.\core.\capture.$procmux$5024_Y [31:1] = { $flatten\system.\core.\capture.$procmux$5024_Y [0] $flatten\system.\core.\capture.$procmux$5024_Y [0] $flatten\system.\core.\capture.$procmux$5024_Y [0] $flatten\system.\core.\capture.$procmux$5024_Y [0] $flatten\system.\core.\capture.$procmux$5024_Y [0] $flatten\system.\core.\capture.$procmux$5024_Y [0] $flatten\system.\core.\capture.$procmux$5024_Y [0] $flatten\system.\core.\capture.$procmux$5024_Y [0] $flatten\system.\core.\capture.$procmux$5024_Y [0] $flatten\system.\core.\capture.$procmux$5024_Y [0] $flatten\system.\core.\capture.$procmux$5024_Y [0] $flatten\system.\core.\capture.$procmux$5024_Y [0] $flatten\system.\core.\capture.$procmux$5024_Y [0] $flatten\system.\core.\capture.$procmux$5024_Y [0] $flatten\system.\core.\capture.$procmux$5024_Y [0] $flatten\system.\core.\capture.$procmux$5024_Y [0] $flatten\system.\core.\capture.$procmux$5024_Y [0] $flatten\system.\core.\capture.$procmux$5024_Y [0] $flatten\system.\core.\capture.$procmux$5024_Y [0] $flatten\system.\core.\capture.$procmux$5024_Y [0] $flatten\system.\core.\capture.$procmux$5024_Y [0] $flatten\system.\core.\capture.$procmux$5024_Y [0] $flatten\system.\core.\capture.$procmux$5024_Y [0] $flatten\system.\core.\capture.$procmux$5024_Y [0] $flatten\system.\core.\capture.$procmux$5024_Y [0] $flatten\system.\core.\capture.$procmux$5024_Y [0] $flatten\system.\core.\capture.$procmux$5024_Y [0] $flatten\system.\core.\capture.$procmux$5024_Y [0] $flatten\system.\core.\capture.$procmux$5024_Y [0] $flatten\system.\core.\capture.$procmux$5024_Y [0] $flatten\system.\core.\capture.$procmux$5024_Y [0] }
    Consolidated identical input bits for $mux cell $flatten\system.\core.\capture.$procmux$5051:
      Old ports: A=$flatten\system.\core.\capture.$4$memwr$\sums$rtl/core/known_capture.sv:51$1011_EN[31:0]$1148, B=0, Y=$flatten\system.\core.\capture.$procmux$5051_Y
      New ports: A=$flatten\system.\core.\capture.$procmux$4967_Y [0], B=1'0, Y=$flatten\system.\core.\capture.$procmux$5051_Y [0]
      New connections: $flatten\system.\core.\capture.$procmux$5051_Y [31:1] = { $flatten\system.\core.\capture.$procmux$5051_Y [0] $flatten\system.\core.\capture.$procmux$5051_Y [0] $flatten\system.\core.\capture.$procmux$5051_Y [0] $flatten\system.\core.\capture.$procmux$5051_Y [0] $flatten\system.\core.\capture.$procmux$5051_Y [0] $flatten\system.\core.\capture.$procmux$5051_Y [0] $flatten\system.\core.\capture.$procmux$5051_Y [0] $flatten\system.\core.\capture.$procmux$5051_Y [0] $flatten\system.\core.\capture.$procmux$5051_Y [0] $flatten\system.\core.\capture.$procmux$5051_Y [0] $flatten\system.\core.\capture.$procmux$5051_Y [0] $flatten\system.\core.\capture.$procmux$5051_Y [0] $flatten\system.\core.\capture.$procmux$5051_Y [0] $flatten\system.\core.\capture.$procmux$5051_Y [0] $flatten\system.\core.\capture.$procmux$5051_Y [0] $flatten\system.\core.\capture.$procmux$5051_Y [0] $flatten\system.\core.\capture.$procmux$5051_Y [0] $flatten\system.\core.\capture.$procmux$5051_Y [0] $flatten\system.\core.\capture.$procmux$5051_Y [0] $flatten\system.\core.\capture.$procmux$5051_Y [0] $flatten\system.\core.\capture.$procmux$5051_Y [0] $flatten\system.\core.\capture.$procmux$5051_Y [0] $flatten\system.\core.\capture.$procmux$5051_Y [0] $flatten\system.\core.\capture.$procmux$5051_Y [0] $flatten\system.\core.\capture.$procmux$5051_Y [0] $flatten\system.\core.\capture.$procmux$5051_Y [0] $flatten\system.\core.\capture.$procmux$5051_Y [0] $flatten\system.\core.\capture.$procmux$5051_Y [0] $flatten\system.\core.\capture.$procmux$5051_Y [0] $flatten\system.\core.\capture.$procmux$5051_Y [0] $flatten\system.\core.\capture.$procmux$5051_Y [0] }
  Optimizing cells in module \upduino_known.
    Consolidated identical input bits for $mux cell $flatten\system.\core.\capture.$procmux$5092:
      Old ports: A=0, B=$flatten\system.\core.\capture.$3$memwr$\ids$rtl/core/known_capture.sv:51$1012_EN[31:0]$1143, Y=$flatten\system.\core.\capture.$procmux$5092_Y
      New ports: A=1'0, B=$flatten\system.\core.\capture.$procmux$5024_Y [0], Y=$flatten\system.\core.\capture.$procmux$5092_Y [0]
      New connections: $flatten\system.\core.\capture.$procmux$5092_Y [31:1] = { $flatten\system.\core.\capture.$procmux$5092_Y [0] $flatten\system.\core.\capture.$procmux$5092_Y [0] $flatten\system.\core.\capture.$procmux$5092_Y [0] $flatten\system.\core.\capture.$procmux$5092_Y [0] $flatten\system.\core.\capture.$procmux$5092_Y [0] $flatten\system.\core.\capture.$procmux$5092_Y [0] $flatten\system.\core.\capture.$procmux$5092_Y [0] $flatten\system.\core.\capture.$procmux$5092_Y [0] $flatten\system.\core.\capture.$procmux$5092_Y [0] $flatten\system.\core.\capture.$procmux$5092_Y [0] $flatten\system.\core.\capture.$procmux$5092_Y [0] $flatten\system.\core.\capture.$procmux$5092_Y [0] $flatten\system.\core.\capture.$procmux$5092_Y [0] $flatten\system.\core.\capture.$procmux$5092_Y [0] $flatten\system.\core.\capture.$procmux$5092_Y [0] $flatten\system.\core.\capture.$procmux$5092_Y [0] $flatten\system.\core.\capture.$procmux$5092_Y [0] $flatten\system.\core.\capture.$procmux$5092_Y [0] $flatten\system.\core.\capture.$procmux$5092_Y [0] $flatten\system.\core.\capture.$procmux$5092_Y [0] $flatten\system.\core.\capture.$procmux$5092_Y [0] $flatten\system.\core.\capture.$procmux$5092_Y [0] $flatten\system.\core.\capture.$procmux$5092_Y [0] $flatten\system.\core.\capture.$procmux$5092_Y [0] $flatten\system.\core.\capture.$procmux$5092_Y [0] $flatten\system.\core.\capture.$procmux$5092_Y [0] $flatten\system.\core.\capture.$procmux$5092_Y [0] $flatten\system.\core.\capture.$procmux$5092_Y [0] $flatten\system.\core.\capture.$procmux$5092_Y [0] $flatten\system.\core.\capture.$procmux$5092_Y [0] $flatten\system.\core.\capture.$procmux$5092_Y [0] }
    Consolidated identical input bits for $mux cell $flatten\system.\core.\capture.$procmux$5110:
      Old ports: A=0, B=$flatten\system.\core.\capture.$3$memwr$\sums$rtl/core/known_capture.sv:51$1011_EN[31:0]$1140, Y=$flatten\system.\core.\capture.$procmux$5110_Y
      New ports: A=1'0, B=$flatten\system.\core.\capture.$procmux$5051_Y [0], Y=$flatten\system.\core.\capture.$procmux$5110_Y [0]
      New connections: $flatten\system.\core.\capture.$procmux$5110_Y [31:1] = { $flatten\system.\core.\capture.$procmux$5110_Y [0] $flatten\system.\core.\capture.$procmux$5110_Y [0] $flatten\system.\core.\capture.$procmux$5110_Y [0] $flatten\system.\core.\capture.$procmux$5110_Y [0] $flatten\system.\core.\capture.$procmux$5110_Y [0] $flatten\system.\core.\capture.$procmux$5110_Y [0] $flatten\system.\core.\capture.$procmux$5110_Y [0] $flatten\system.\core.\capture.$procmux$5110_Y [0] $flatten\system.\core.\capture.$procmux$5110_Y [0] $flatten\system.\core.\capture.$procmux$5110_Y [0] $flatten\system.\core.\capture.$procmux$5110_Y [0] $flatten\system.\core.\capture.$procmux$5110_Y [0] $flatten\system.\core.\capture.$procmux$5110_Y [0] $flatten\system.\core.\capture.$procmux$5110_Y [0] $flatten\system.\core.\capture.$procmux$5110_Y [0] $flatten\system.\core.\capture.$procmux$5110_Y [0] $flatten\system.\core.\capture.$procmux$5110_Y [0] $flatten\system.\core.\capture.$procmux$5110_Y [0] $flatten\system.\core.\capture.$procmux$5110_Y [0] $flatten\system.\core.\capture.$procmux$5110_Y [0] $flatten\system.\core.\capture.$procmux$5110_Y [0] $flatten\system.\core.\capture.$procmux$5110_Y [0] $flatten\system.\core.\capture.$procmux$5110_Y [0] $flatten\system.\core.\capture.$procmux$5110_Y [0] $flatten\system.\core.\capture.$procmux$5110_Y [0] $flatten\system.\core.\capture.$procmux$5110_Y [0] $flatten\system.\core.\capture.$procmux$5110_Y [0] $flatten\system.\core.\capture.$procmux$5110_Y [0] $flatten\system.\core.\capture.$procmux$5110_Y [0] $flatten\system.\core.\capture.$procmux$5110_Y [0] $flatten\system.\core.\capture.$procmux$5110_Y [0] }
  Optimizing cells in module \upduino_known.
    Consolidated identical input bits for $mux cell $flatten\system.\core.\capture.$procmux$5188:
      Old ports: A=$flatten\system.\core.\capture.$2$memwr$\ids$rtl/core/known_capture.sv:51$1012_EN[31:0]$1134, B=0, Y=$flatten\system.\core.\capture.$0$memwr$\ids$rtl/core/known_capture.sv:51$1012_EN[31:0]$1058
      New ports: A=$flatten\system.\core.\capture.$procmux$5092_Y [0], B=1'0, Y=$flatten\system.\core.\capture.$0$memwr$\ids$rtl/core/known_capture.sv:51$1012_EN[31:0]$1058 [0]
      New connections: $flatten\system.\core.\capture.$0$memwr$\ids$rtl/core/known_capture.sv:51$1012_EN[31:0]$1058 [31:1] = { $flatten\system.\core.\capture.$0$memwr$\ids$rtl/core/known_capture.sv:51$1012_EN[31:0]$1058 [0] $flatten\system.\core.\capture.$0$memwr$\ids$rtl/core/known_capture.sv:51$1012_EN[31:0]$1058 [0] $flatten\system.\core.\capture.$0$memwr$\ids$rtl/core/known_capture.sv:51$1012_EN[31:0]$1058 [0] $flatten\system.\core.\capture.$0$memwr$\ids$rtl/core/known_capture.sv:51$1012_EN[31:0]$1058 [0] $flatten\system.\core.\capture.$0$memwr$\ids$rtl/core/known_capture.sv:51$1012_EN[31:0]$1058 [0] $flatten\system.\core.\capture.$0$memwr$\ids$rtl/core/known_capture.sv:51$1012_EN[31:0]$1058 [0] $flatten\system.\core.\capture.$0$memwr$\ids$rtl/core/known_capture.sv:51$1012_EN[31:0]$1058 [0] $flatten\system.\core.\capture.$0$memwr$\ids$rtl/core/known_capture.sv:51$1012_EN[31:0]$1058 [0] $flatten\system.\core.\capture.$0$memwr$\ids$rtl/core/known_capture.sv:51$1012_EN[31:0]$1058 [0] $flatten\system.\core.\capture.$0$memwr$\ids$rtl/core/known_capture.sv:51$1012_EN[31:0]$1058 [0] $flatten\system.\core.\capture.$0$memwr$\ids$rtl/core/known_capture.sv:51$1012_EN[31:0]$1058 [0] $flatten\system.\core.\capture.$0$memwr$\ids$rtl/core/known_capture.sv:51$1012_EN[31:0]$1058 [0] $flatten\system.\core.\capture.$0$memwr$\ids$rtl/core/known_capture.sv:51$1012_EN[31:0]$1058 [0] $flatten\system.\core.\capture.$0$memwr$\ids$rtl/core/known_capture.sv:51$1012_EN[31:0]$1058 [0] $flatten\system.\core.\capture.$0$memwr$\ids$rtl/core/known_capture.sv:51$1012_EN[31:0]$1058 [0] $flatten\system.\core.\capture.$0$memwr$\ids$rtl/core/known_capture.sv:51$1012_EN[31:0]$1058 [0] $flatten\system.\core.\capture.$0$memwr$\ids$rtl/core/known_capture.sv:51$1012_EN[31:0]$1058 [0] $flatten\system.\core.\capture.$0$memwr$\ids$rtl/core/known_capture.sv:51$1012_EN[31:0]$1058 [0] $flatten\system.\core.\capture.$0$memwr$\ids$rtl/core/known_capture.sv:51$1012_EN[31:0]$1058 [0] $flatten\system.\core.\capture.$0$memwr$\ids$rtl/core/known_capture.sv:51$1012_EN[31:0]$1058 [0] $flatten\system.\core.\capture.$0$memwr$\ids$rtl/core/known_capture.sv:51$1012_EN[31:0]$1058 [0] $flatten\system.\core.\capture.$0$memwr$\ids$rtl/core/known_capture.sv:51$1012_EN[31:0]$1058 [0] $flatten\system.\core.\capture.$0$memwr$\ids$rtl/core/known_capture.sv:51$1012_EN[31:0]$1058 [0] $flatten\system.\core.\capture.$0$memwr$\ids$rtl/core/known_capture.sv:51$1012_EN[31:0]$1058 [0] $flatten\system.\core.\capture.$0$memwr$\ids$rtl/core/known_capture.sv:51$1012_EN[31:0]$1058 [0] $flatten\system.\core.\capture.$0$memwr$\ids$rtl/core/known_capture.sv:51$1012_EN[31:0]$1058 [0] $flatten\system.\core.\capture.$0$memwr$\ids$rtl/core/known_capture.sv:51$1012_EN[31:0]$1058 [0] $flatten\system.\core.\capture.$0$memwr$\ids$rtl/core/known_capture.sv:51$1012_EN[31:0]$1058 [0] $flatten\system.\core.\capture.$0$memwr$\ids$rtl/core/known_capture.sv:51$1012_EN[31:0]$1058 [0] $flatten\system.\core.\capture.$0$memwr$\ids$rtl/core/known_capture.sv:51$1012_EN[31:0]$1058 [0] $flatten\system.\core.\capture.$0$memwr$\ids$rtl/core/known_capture.sv:51$1012_EN[31:0]$1058 [0] }
    Consolidated identical input bits for $mux cell $flatten\system.\core.\capture.$procmux$5197:
      Old ports: A=$flatten\system.\core.\capture.$2$memwr$\sums$rtl/core/known_capture.sv:51$1011_EN[31:0]$1131, B=0, Y=$flatten\system.\core.\capture.$0$memwr$\sums$rtl/core/known_capture.sv:51$1011_EN[31:0]$1055
      New ports: A=$flatten\system.\core.\capture.$procmux$5110_Y [0], B=1'0, Y=$flatten\system.\core.\capture.$0$memwr$\sums$rtl/core/known_capture.sv:51$1011_EN[31:0]$1055 [0]
      New connections: $flatten\system.\core.\capture.$0$memwr$\sums$rtl/core/known_capture.sv:51$1011_EN[31:0]$1055 [31:1] = { $flatten\system.\core.\capture.$0$memwr$\sums$rtl/core/known_capture.sv:51$1011_EN[31:0]$1055 [0] $flatten\system.\core.\capture.$0$memwr$\sums$rtl/core/known_capture.sv:51$1011_EN[31:0]$1055 [0] $flatten\system.\core.\capture.$0$memwr$\sums$rtl/core/known_capture.sv:51$1011_EN[31:0]$1055 [0] $flatten\system.\core.\capture.$0$memwr$\sums$rtl/core/known_capture.sv:51$1011_EN[31:0]$1055 [0] $flatten\system.\core.\capture.$0$memwr$\sums$rtl/core/known_capture.sv:51$1011_EN[31:0]$1055 [0] $flatten\system.\core.\capture.$0$memwr$\sums$rtl/core/known_capture.sv:51$1011_EN[31:0]$1055 [0] $flatten\system.\core.\capture.$0$memwr$\sums$rtl/core/known_capture.sv:51$1011_EN[31:0]$1055 [0] $flatten\system.\core.\capture.$0$memwr$\sums$rtl/core/known_capture.sv:51$1011_EN[31:0]$1055 [0] $flatten\system.\core.\capture.$0$memwr$\sums$rtl/core/known_capture.sv:51$1011_EN[31:0]$1055 [0] $flatten\system.\core.\capture.$0$memwr$\sums$rtl/core/known_capture.sv:51$1011_EN[31:0]$1055 [0] $flatten\system.\core.\capture.$0$memwr$\sums$rtl/core/known_capture.sv:51$1011_EN[31:0]$1055 [0] $flatten\system.\core.\capture.$0$memwr$\sums$rtl/core/known_capture.sv:51$1011_EN[31:0]$1055 [0] $flatten\system.\core.\capture.$0$memwr$\sums$rtl/core/known_capture.sv:51$1011_EN[31:0]$1055 [0] $flatten\system.\core.\capture.$0$memwr$\sums$rtl/core/known_capture.sv:51$1011_EN[31:0]$1055 [0] $flatten\system.\core.\capture.$0$memwr$\sums$rtl/core/known_capture.sv:51$1011_EN[31:0]$1055 [0] $flatten\system.\core.\capture.$0$memwr$\sums$rtl/core/known_capture.sv:51$1011_EN[31:0]$1055 [0] $flatten\system.\core.\capture.$0$memwr$\sums$rtl/core/known_capture.sv:51$1011_EN[31:0]$1055 [0] $flatten\system.\core.\capture.$0$memwr$\sums$rtl/core/known_capture.sv:51$1011_EN[31:0]$1055 [0] $flatten\system.\core.\capture.$0$memwr$\sums$rtl/core/known_capture.sv:51$1011_EN[31:0]$1055 [0] $flatten\system.\core.\capture.$0$memwr$\sums$rtl/core/known_capture.sv:51$1011_EN[31:0]$1055 [0] $flatten\system.\core.\capture.$0$memwr$\sums$rtl/core/known_capture.sv:51$1011_EN[31:0]$1055 [0] $flatten\system.\core.\capture.$0$memwr$\sums$rtl/core/known_capture.sv:51$1011_EN[31:0]$1055 [0] $flatten\system.\core.\capture.$0$memwr$\sums$rtl/core/known_capture.sv:51$1011_EN[31:0]$1055 [0] $flatten\system.\core.\capture.$0$memwr$\sums$rtl/core/known_capture.sv:51$1011_EN[31:0]$1055 [0] $flatten\system.\core.\capture.$0$memwr$\sums$rtl/core/known_capture.sv:51$1011_EN[31:0]$1055 [0] $flatten\system.\core.\capture.$0$memwr$\sums$rtl/core/known_capture.sv:51$1011_EN[31:0]$1055 [0] $flatten\system.\core.\capture.$0$memwr$\sums$rtl/core/known_capture.sv:51$1011_EN[31:0]$1055 [0] $flatten\system.\core.\capture.$0$memwr$\sums$rtl/core/known_capture.sv:51$1011_EN[31:0]$1055 [0] $flatten\system.\core.\capture.$0$memwr$\sums$rtl/core/known_capture.sv:51$1011_EN[31:0]$1055 [0] $flatten\system.\core.\capture.$0$memwr$\sums$rtl/core/known_capture.sv:51$1011_EN[31:0]$1055 [0] $flatten\system.\core.\capture.$0$memwr$\sums$rtl/core/known_capture.sv:51$1011_EN[31:0]$1055 [0] }
  Optimizing cells in module \upduino_known.
Performed a total of 33 changes.

10.12.5. Executing OPT_MERGE pass (detect identical cells).
Finding identical cells in module `\upduino_known'.
Computing hashes of 1368 cells of `\upduino_known'.
Finding duplicate cells in `\upduino_known'.
Computing hashes of 1351 cells of `\upduino_known'.
Finding duplicate cells in `\upduino_known'.
Computing hashes of 1346 cells of `\upduino_known'.
Finding duplicate cells in `\upduino_known'.
Computing hashes of 1344 cells of `\upduino_known'.
Finding duplicate cells in `\upduino_known'.
Computing hashes of 1342 cells of `\upduino_known'.
Finding duplicate cells in `\upduino_known'.
Computing hashes of 1340 cells of `\upduino_known'.
Finding duplicate cells in `\upduino_known'.
<suppressed ~84 debug messages>
Removed a total of 28 cells.

10.12.6. Executing OPT_DFF pass (perform DFF optimizations).

10.12.7. Executing OPT_CLEAN pass (remove unused cells and wires).
Finding unused cells or wires in module \upduino_known..
Removed 0 unused cells and 431 unused wires.
<suppressed ~1 debug messages>

10.12.8. Executing OPT_EXPR pass (perform const folding).
Optimizing module upduino_known.

10.12.9. Rerunning OPT passes. (Maybe there is more to do..)

10.12.10. Executing OPT_MUXTREE pass (detect dead branches in mux trees).
Running muxtree optimizer on module \upduino_known..
  Creating internal representation of mux trees.
  Evaluating internal representation of mux trees.
  Analyzing evaluation results.
Removed 0 multiplexer ports.
<suppressed ~1000 debug messages>

10.12.11. Executing OPT_REDUCE pass (consolidate $*mux and $reduce_* inputs).
  Optimizing cells in module \upduino_known.
    New ctrl vector for $pmux cell $flatten\system.\controller.$procmux$4280: { $auto$opt_reduce.cc:137:opt_pmux$5618 $flatten\system.\controller.$procmux$4303_CMP }
    New ctrl vector for $pmux cell $flatten\system.\core.$procmux$2477: { $auto$opt_reduce.cc:137:opt_pmux$5620 $flatten\system.\core.$procmux$1587_CMP $flatten\system.\core.$eq$rtl/core/known_spectral_core.sv:166$1315_Y }
    New ctrl vector for $pmux cell $flatten\system.\controller.$procmux$4458: { $auto$opt_reduce.cc:137:opt_pmux$5624 $auto$opt_reduce.cc:137:opt_pmux$5622 $flatten\system.\controller.$procmux$4231_CMP $flatten\system.\controller.$procmux$4303_CMP }
  Optimizing cells in module \upduino_known.
Performed a total of 3 changes.

10.12.12. Executing OPT_MERGE pass (detect identical cells).
Finding identical cells in module `\upduino_known'.
Computing hashes of 1344 cells of `\upduino_known'.
Finding duplicate cells in `\upduino_known'.
Computing hashes of 1342 cells of `\upduino_known'.
Finding duplicate cells in `\upduino_known'.
<suppressed ~6 debug messages>
Removed a total of 2 cells.

10.12.13. Executing OPT_DFF pass (perform DFF optimizations).

10.12.14. Executing OPT_CLEAN pass (remove unused cells and wires).
Finding unused cells or wires in module \upduino_known..
Removed 0 unused cells and 2 unused wires.
<suppressed ~1 debug messages>

10.12.15. Executing OPT_EXPR pass (perform const folding).
Optimizing module upduino_known.

10.12.16. Rerunning OPT passes. (Maybe there is more to do..)

10.12.17. Executing OPT_MUXTREE pass (detect dead branches in mux trees).
Running muxtree optimizer on module \upduino_known..
  Creating internal representation of mux trees.
  Evaluating internal representation of mux trees.
  Analyzing evaluation results.
Removed 0 multiplexer ports.
<suppressed ~982 debug messages>

10.12.18. Executing OPT_REDUCE pass (consolidate $*mux and $reduce_* inputs).
  Optimizing cells in module \upduino_known.
Performed a total of 0 changes.

10.12.19. Executing OPT_MERGE pass (detect identical cells).
Finding identical cells in module `\upduino_known'.
Computing hashes of 1342 cells of `\upduino_known'.
Finding duplicate cells in `\upduino_known'.
Removed a total of 0 cells.

10.12.20. Executing OPT_DFF pass (perform DFF optimizations).

10.12.21. Executing OPT_CLEAN pass (remove unused cells and wires).
Finding unused cells or wires in module \upduino_known..

10.12.22. Executing OPT_EXPR pass (perform const folding).
Optimizing module upduino_known.

10.12.23. Finished fast OPT passes. (There is nothing left to do.)

10.13. Executing FSM pass (extract and optimize FSM).

10.13.1. Executing FSM_DETECT pass (finding FSMs in design).
Found FSM state register upduino_known.system.controller.state.
Found FSM state register upduino_known.system.transport.state.
Found FSM state register upduino_known.system.core.purpose.
Not marking upduino_known.system.core.state as FSM state register:
    Users of register don't seem to benefit from recoding.

10.13.2. Executing FSM_EXTRACT pass (extracting FSM from design).
Extracting FSM `\system.controller.state' from module `\upduino_known'.
  found $dff cell for state register: $flatten\system.\controller.$procdff$5490
  root of input selection tree: $flatten\system.\controller.$0\state[3:0]
  found reset state: 4'0000 (guessed from mux tree)
  found ctrl input: \system.controller.rst
  found ctrl input: $flatten\system.\controller.$procmux$4281_CMP
  found ctrl input: $flatten\system.\controller.$procmux$4459_CMP
  found ctrl input: $flatten\system.\controller.$procmux$4462_CMP
  found ctrl input: $flatten\system.\controller.$procmux$4287_CMP
  found ctrl input: $flatten\system.\controller.$eq$rtl/io/known_replay_controller.sv:199$893_Y
  found ctrl input: $flatten\system.\controller.$procmux$4468_CMP
  found ctrl input: $flatten\system.\controller.$eq$rtl/io/known_replay_controller.sv:56$736_Y
  found ctrl input: $flatten\system.\controller.$eq$rtl/io/known_replay_controller.sv:119$809_Y
  found ctrl input: $flatten\system.\controller.$eq$rtl/io/known_replay_controller.sv:119$808_Y
  found ctrl input: $flatten\system.\controller.$procmux$4695_CMP
  found ctrl input: $flatten\system.\controller.$procmux$4231_CMP
  found ctrl input: $flatten\system.\controller.$procmux$4701_CMP
  found ctrl input: $flatten\system.\controller.$procmux$4303_CMP
  found ctrl input: $flatten\system.\controller.$procmux$4710_CMP
  found ctrl input: \system.transport.done
  found state code: 4'1110
  found ctrl input: $flatten\system.\controller.$logic_and$rtl/io/known_replay_controller.sv:188$883_Y
  found ctrl input: $flatten\system.\controller.$eq$rtl/io/known_replay_controller.sv:195$889_Y
  found state code: 4'1101
  found ctrl input: $flatten\system.\controller.$logic_and$rtl/io/known_replay_controller.sv:134$827_Y
  found state code: 4'1100
  found ctrl input: \system.transport.error
  found state code: 4'1011
  found ctrl input: $flatten\system.\controller.$eq$rtl/io/known_replay_controller.sv:189$885_Y
  found state code: 4'1010
  found state code: 4'1001
  found ctrl input: $flatten\system.\controller.$procmux$4185_CMP
  found ctrl input: $flatten\system.\controller.$logic_and$rtl/io/known_replay_controller.sv:179$873_Y
  found ctrl input: \system.controller.result_seen
  found state code: 4'1000
  found ctrl input: $flatten\system.\controller.$logic_or$rtl/io/known_replay_controller.sv:173$866_Y
  found state code: 4'0101
  found state code: 4'0111
  found state code: 4'0110
  found state code: 4'0100
  found state code: 4'0011
  found ctrl input: $flatten\system.\controller.$logic_or$rtl/io/known_replay_controller.sv:138$832_Y
  found state code: 4'0010
  found state code: 4'0001
  found state code: 4'0000
  found ctrl output: $flatten\system.\controller.$eq$rtl/io/known_replay_controller.sv:54$733_Y
  found ctrl output: $flatten\system.\controller.$procmux$4281_CMP
  found ctrl output: $flatten\system.\controller.$procmux$4287_CMP
  found ctrl output: $flatten\system.\controller.$eq$rtl/io/known_replay_controller.sv:56$736_Y
  found ctrl output: $flatten\system.\controller.$procmux$4695_CMP
  found ctrl output: $flatten\system.\controller.$procmux$4231_CMP
  found ctrl output: $flatten\system.\controller.$procmux$4303_CMP
  found ctrl output: $flatten\system.\controller.$eq$rtl/io/known_replay_controller.sv:119$808_Y
  found ctrl output: $flatten\system.\controller.$procmux$4701_CMP
  found ctrl output: $flatten\system.\controller.$procmux$4710_CMP
  found ctrl output: $flatten\system.\controller.$procmux$4459_CMP
  found ctrl output: $flatten\system.\controller.$eq$rtl/io/known_replay_controller.sv:199$893_Y
  found ctrl output: $flatten\system.\controller.$eq$rtl/io/known_replay_controller.sv:119$809_Y
  found ctrl output: $flatten\system.\controller.$procmux$4462_CMP
  found ctrl output: $flatten\system.\controller.$procmux$4468_CMP
  ctrl inputs: { \system.transport.error \system.transport.done $flatten\system.\controller.$procmux$4185_CMP $flatten\system.\controller.$eq$rtl/io/known_replay_controller.sv:195$889_Y $flatten\system.\controller.$eq$rtl/io/known_replay_controller.sv:189$885_Y $flatten\system.\controller.$logic_and$rtl/io/known_replay_controller.sv:188$883_Y $flatten\system.\controller.$logic_and$rtl/io/known_replay_controller.sv:179$873_Y $flatten\system.\controller.$logic_or$rtl/io/known_replay_controller.sv:173$866_Y $flatten\system.\controller.$logic_or$rtl/io/known_replay_controller.sv:138$832_Y $flatten\system.\controller.$logic_and$rtl/io/known_replay_controller.sv:134$827_Y \system.controller.result_seen \system.controller.rst }
  ctrl outputs: { $flatten\system.\controller.$procmux$4710_CMP $flatten\system.\controller.$procmux$4701_CMP $flatten\system.\controller.$procmux$4695_CMP $flatten\system.\controller.$procmux$4468_CMP $flatten\system.\controller.$procmux$4462_CMP $flatten\system.\controller.$procmux$4459_CMP $flatten\system.\controller.$procmux$4303_CMP $flatten\system.\controller.$procmux$4287_CMP $flatten\system.\controller.$procmux$4281_CMP $flatten\system.\controller.$procmux$4231_CMP $flatten\system.\controller.$eq$rtl/io/known_replay_controller.sv:199$893_Y $flatten\system.\controller.$eq$rtl/io/known_replay_controller.sv:119$809_Y $flatten\system.\controller.$eq$rtl/io/known_replay_controller.sv:119$808_Y $flatten\system.\controller.$0\state[3:0] $flatten\system.\controller.$eq$rtl/io/known_replay_controller.sv:56$736_Y $flatten\system.\controller.$eq$rtl/io/known_replay_controller.sv:54$733_Y }
  transition:     4'0000 12'---------0-0 ->     4'0000 19'1000000000000000000
  transition:     4'0000 12'---------1-0 ->     4'0001 19'1000000000000000100
  transition:     4'0000 12'-----------1 ->     4'0000 19'1000000000000000000
  transition:     4'1000 12'---------0-0 ->     4'1000 19'0001000000000100000
  transition:     4'1000 12'---------1-0 ->     4'1001 19'0001000000000100100
  transition:     4'1000 12'-----------1 ->     4'0000 19'0001000000000000000
  transition:     4'0100 12'--0--------0 ->     4'0101 19'0010000000000010100
  transition:     4'0100 12'--1--------0 ->     4'1000 19'0010000000000100000
  transition:     4'0100 12'-----------1 ->     4'0000 19'0010000000000000000
  transition:     4'1100 12'-----0-----0 ->     4'1100 19'0000010000000110000
  transition:     4'1100 12'---0-1-----0 ->     4'1100 19'0000010000000110000
  transition:     4'1100 12'---1-1-----0 ->     4'1101 19'0000010000000110100
  transition:     4'1100 12'-----------1 ->     4'0000 19'0000010000000000000
  transition:     4'0010 12'---------0-0 ->     4'0010 19'0100000000000001000
  transition:     4'0010 12'---------1-0 ->     4'0011 19'0100000000000001100
  transition:     4'0010 12'-----------1 ->     4'0000 19'0100000000000000000
  transition:     4'1010 12'-0---------0 ->     4'1010 19'0000000100000101000
  transition:     4'1010 12'01---------0 ->     4'1011 19'0000000100000101100
  transition:     4'1010 12'11---------0 ->     4'1110 19'0000000100000111000
  transition:     4'1010 12'-----------1 ->     4'0000 19'0000000100000000000
  transition:     4'0110 12'-0---------0 ->     4'0110 19'0000000000010011000
  transition:     4'0110 12'-1-----0---0 ->     4'0101 19'0000000000010010100
  transition:     4'0110 12'-1-----1---0 ->     4'0111 19'0000000000010011100
  transition:     4'0110 12'-----------1 ->     4'0000 19'0000000000010000000
  transition:     4'1110 12'-----------0 ->     4'1110 19'0000000000000111001
  transition:     4'1110 12'-----------1 ->     4'0000 19'0000000000000000001
  transition:     4'0001 12'-0---------0 ->     4'0001 19'0000001000000000100
  transition:     4'0001 12'-1------0--0 ->     4'0010 19'0000001000000001000
  transition:     4'0001 12'-1------1--0 ->     4'1110 19'0000001000000111000
  transition:     4'0001 12'-----------1 ->     4'0000 19'0000001000000000000
  transition:     4'1001 12'-----0-----0 ->     4'1001 19'0000000000100100100
  transition:     4'1001 12'----01-----0 ->     4'1001 19'0000000000100100100
  transition:     4'1001 12'----11-----0 ->     4'1010 19'0000000000100101000
  transition:     4'1001 12'-----------1 ->     4'0000 19'0000000000100000000
  transition:     4'0101 12'--0------0-0 ->     4'0101 19'0000000000001010100
  transition:     4'0101 12'--0------1-0 ->     4'0110 19'0000000000001011000
  transition:     4'0101 12'--1--------0 ->     4'0111 19'0000000000001011100
  transition:     4'0101 12'-----------1 ->     4'0000 19'0000000000001000000
  transition:     4'1101 12'-0---------0 ->     4'1101 19'0000000010000110100
  transition:     4'1101 12'-1---------0 ->     4'1110 19'0000000010000111000
  transition:     4'1101 12'-----------1 ->     4'0000 19'0000000010000000000
  transition:     4'0011 12'-0---------0 ->     4'0011 19'0000000001000001100
  transition:     4'0011 12'-1---------0 ->     4'0100 19'0000000001000010000
  transition:     4'0011 12'-----------1 ->     4'0000 19'0000000001000000000
  transition:     4'1011 12'---------0-0 ->     4'1011 19'0000100000000101100
  transition:     4'1011 12'---------1-0 ->     4'1100 19'0000100000000110000
  transition:     4'1011 12'-----------1 ->     4'0000 19'0000100000000000000
  transition:     4'0111 12'--0---0---00 ->     4'0111 19'0000000000000011110
  transition:     4'0111 12'--0---0---10 ->     4'1000 19'0000000000000100010
  transition:     4'0111 12'--0---1----0 ->     4'0111 19'0000000000000011110
  transition:     4'0111 12'--1--------0 ->     4'1000 19'0000000000000100010
  transition:     4'0111 12'-----------1 ->     4'0000 19'0000000000000000010
Extracting FSM `\system.transport.state' from module `\upduino_known'.
  found $dff cell for state register: $flatten\system.\transport.$procdff$5483
  root of input selection tree: $flatten\system.\transport.$0\state[3:0]
  found reset state: 4'1100 (guessed from mux tree)
  found ctrl input: \system.controller.rst
  found ctrl input: $flatten\system.\transport.$procmux$3820_CMP
  found ctrl input: $flatten\system.\transport.$procmux$3980_CMP
  found ctrl input: $flatten\system.\transport.$procmux$3983_CMP
  found ctrl input: $flatten\system.\transport.$procmux$3986_CMP
  found ctrl input: $flatten\system.\transport.$procmux$3826_CMP
  found ctrl input: $flatten\system.\transport.$procmux$3889_CMP
  found ctrl input: $flatten\system.\transport.$eq$rtl/io/flash_stream.sv:47$944_Y
  found ctrl input: $flatten\system.\transport.$procmux$3870_CMP
  found ctrl input: $flatten\system.\transport.$procmux$4013_CMP
  found ctrl input: $flatten\system.\transport.$procmux$4016_CMP
  found ctrl input: $flatten\system.\transport.$procmux$4019_CMP
  found ctrl input: $flatten\system.\transport.$eq$rtl/io/flash_stream.sv:46$939_Y
  found ctrl input: $flatten\system.\transport.$procmux$3938_CMP
  found ctrl input: $flatten\system.\transport.$procmux$3941_CMP
  found ctrl input: $flatten\system.\transport.$procmux$4035_CMP
  found state code: 4'0000
  found ctrl input: \system.transport.spi.rx_valid
  found ctrl input: \system.transport.spi.rx_data [0]
  found ctrl input: $flatten\system.\transport.$eq$rtl/io/flash_stream.sv:116$985_Y
  found state code: 4'1000
  found ctrl input: $flatten\system.\transport.$logic_and$rtl/io/flash_stream.sv:101$977_Y
  found state code: 4'1011
  found state code: 4'1010
  found state code: 4'1001
  found ctrl input: $flatten\system.\controller.$logic_and$rtl/io/known_replay_controller.sv:136$828_Y
  found ctrl input: $flatten\system.\transport.$eq$rtl/io/flash_stream.sv:109$981_Y
  found state code: 4'0101
  found ctrl input: \system.transport.writing
  found state code: 4'0111
  found ctrl input: $flatten\system.\transport.$eq$rtl/io/flash_stream.sv:105$979_Y
  found state code: 4'0110
  found ctrl input: $flatten\system.\transport.$eq$rtl/io/flash_stream.sv:98$975_Y
  found state code: 4'0011
  found state code: 4'0100
  found state code: 4'0010
  found ctrl input: $flatten\system.\controller.$logic_and$rtl/io/known_replay_controller.sv:134$827_Y
  found ctrl input: $flatten\system.\transport.$logic_or$rtl/io/flash_stream.sv:85$971_Y
  found ctrl input: \system.transport.cmd_write
  found state code: 4'0001
  found ctrl input: $flatten\system.\transport.$eq$rtl/io/flash_stream.sv:80$957_Y
  found state code: 4'1110
  found state code: 4'1101
  found state code: 4'1100
  found ctrl output: $flatten\system.\transport.$eq$rtl/io/flash_stream.sv:47$944_Y
  found ctrl output: $flatten\system.\transport.$procmux$3820_CMP
  found ctrl output: $flatten\system.\transport.$procmux$3826_CMP
  found ctrl output: $flatten\system.\transport.$eq$rtl/io/flash_stream.sv:46$939_Y
  found ctrl output: $flatten\system.\transport.$procmux$3870_CMP
  found ctrl output: $flatten\system.\transport.$procmux$3889_CMP
  found ctrl output: $flatten\system.\transport.$procmux$3938_CMP
  found ctrl output: $flatten\system.\transport.$procmux$3941_CMP
  found ctrl output: $flatten\system.\transport.$procmux$3980_CMP
  found ctrl output: $flatten\system.\transport.$procmux$3983_CMP
  found ctrl output: $flatten\system.\transport.$procmux$3986_CMP
  found ctrl output: $flatten\system.\transport.$procmux$4013_CMP
  found ctrl output: $flatten\system.\transport.$procmux$4016_CMP
  found ctrl output: $flatten\system.\transport.$procmux$4019_CMP
  found ctrl output: $flatten\system.\transport.$procmux$4035_CMP
  ctrl inputs: { \system.transport.spi.rx_valid \system.transport.spi.rx_data [0] $flatten\system.\transport.$eq$rtl/io/flash_stream.sv:116$985_Y $flatten\system.\transport.$eq$rtl/io/flash_stream.sv:109$981_Y $flatten\system.\transport.$eq$rtl/io/flash_stream.sv:105$979_Y $flatten\system.\transport.$logic_and$rtl/io/flash_stream.sv:101$977_Y $flatten\system.\transport.$eq$rtl/io/flash_stream.sv:98$975_Y $flatten\system.\transport.$logic_or$rtl/io/flash_stream.sv:85$971_Y $flatten\system.\transport.$eq$rtl/io/flash_stream.sv:80$957_Y \system.transport.writing \system.transport.cmd_write $flatten\system.\controller.$logic_and$rtl/io/known_replay_controller.sv:136$828_Y $flatten\system.\controller.$logic_and$rtl/io/known_replay_controller.sv:134$827_Y \system.controller.rst }
  ctrl outputs: { $flatten\system.\transport.$procmux$4035_CMP $flatten\system.\transport.$procmux$4019_CMP $flatten\system.\transport.$procmux$4016_CMP $flatten\system.\transport.$procmux$4013_CMP $flatten\system.\transport.$procmux$3986_CMP $flatten\system.\transport.$procmux$3983_CMP $flatten\system.\transport.$procmux$3980_CMP $flatten\system.\transport.$procmux$3941_CMP $flatten\system.\transport.$procmux$3938_CMP $flatten\system.\transport.$procmux$3889_CMP $flatten\system.\transport.$procmux$3870_CMP $flatten\system.\transport.$procmux$3826_CMP $flatten\system.\transport.$procmux$3820_CMP $flatten\system.\transport.$0\state[3:0] $flatten\system.\transport.$eq$rtl/io/flash_stream.sv:47$944_Y $flatten\system.\transport.$eq$rtl/io/flash_stream.sv:46$939_Y }
  transition:     4'0000 14'------------00 ->     4'0000 19'0000000000000000001
  transition:     4'0000 14'-------0--0-10 ->     4'0011 19'0000000000000001101
  transition:     4'0000 14'-------0--1-10 ->     4'0001 19'0000000000000000101
  transition:     4'0000 14'-------1----10 ->     4'0000 19'0000000000000000001
  transition:     4'0000 14'-------------1 ->     4'1100 19'0000000000000110001
  transition:     4'1000 14'-----0-------0 ->     4'1000 19'0000100000000100000
  transition:     4'1000 14'-----1-------0 ->     4'1001 19'0000100000000100100
  transition:     4'1000 14'-------------1 ->     4'1100 19'0000100000000110000
  transition:     4'0100 14'0------------0 ->     4'0100 19'0000000000100010000
  transition:     4'0100 14'1-----0------0 ->     4'0011 19'0000000000100001100
  transition:     4'0100 14'1-----1------0 ->     4'0101 19'0000000000100010100
  transition:     4'0100 14'-------------1 ->     4'1100 19'0000000000100110000
  transition:     4'1100 14'-----0-------0 ->     4'1100 19'1000000000000110000
  transition:     4'1100 14'-----1-------0 ->     4'1101 19'1000000000000110100
  transition:     4'1100 14'-------------1 ->     4'1100 19'1000000000000110000
  transition:     4'0010 14'0------------0 ->     4'0010 19'0010000000000001000
  transition:     4'0010 14'1------------0 ->     4'0011 19'0010000000000001100
  transition:     4'0010 14'-------------1 ->     4'1100 19'0010000000000110000
  transition:     4'1010 14'-----0-------0 ->     4'1010 19'0000001000000101000
  transition:     4'1010 14'-----1-------0 ->     4'1011 19'0000001000000101100
  transition:     4'1010 14'-------------1 ->     4'1100 19'0000001000000110000
  transition:     4'0110 14'0------------0 ->     4'0110 19'0000000001000011000
  transition:     4'0110 14'1--------0---0 ->     4'0111 19'0000000001000011100
  transition:     4'0110 14'1---0----1---0 ->     4'0101 19'0000000001000010100
  transition:     4'0110 14'1---1----1---0 ->     4'1000 19'0000000001000100000
  transition:     4'0110 14'-------------1 ->     4'1100 19'0000000001000110000
  transition:     4'1110 14'--------0----0 ->     4'1110 19'0000000010000111000
  transition:     4'1110 14'--------1----0 ->     4'0000 19'0000000010000000000
  transition:     4'1110 14'-------------1 ->     4'1100 19'0000000010000110000
  transition:     4'0001 14'-----0-------0 ->     4'0001 19'0100000000000000100
  transition:     4'0001 14'-----1-------0 ->     4'0010 19'0100000000000001000
  transition:     4'0001 14'-------------1 ->     4'1100 19'0100000000000110000
  transition:     4'1001 14'0------------0 ->     4'1001 19'0000010000000100100
  transition:     4'1001 14'1------------0 ->     4'1010 19'0000010000000101000
  transition:     4'1001 14'-------------1 ->     4'1100 19'0000010000000110000
  transition:     4'0101 14'-----0-------0 ->     4'0101 19'0000000000000010110
  transition:     4'0101 14'-----1-------0 ->     4'0110 19'0000000000000011010
  transition:     4'0101 14'-------------1 ->     4'1100 19'0000000000000110010
  transition:     4'1101 14'0------------0 ->     4'1101 19'0000000100000110100
  transition:     4'1101 14'1------------0 ->     4'1110 19'0000000100000111000
  transition:     4'1101 14'-------------1 ->     4'1100 19'0000000100000110000
  transition:     4'0011 14'-----0-------0 ->     4'0011 19'0001000000000001100
  transition:     4'0011 14'-----1-------0 ->     4'0100 19'0001000000000010000
  transition:     4'0011 14'-------------1 ->     4'1100 19'0001000000000110000
  transition:     4'1011 14'0------------0 ->     4'1011 19'0000000000001101100
  transition:     4'1011 14'10-----------0 ->     4'0000 19'0000000000001000000
  transition:     4'1011 14'110----------0 ->     4'1000 19'0000000000001100000
  transition:     4'1011 14'111----------0 ->     4'0000 19'0000000000001000000
  transition:     4'1011 14'-------------1 ->     4'1100 19'0000000000001110000
  transition:     4'0111 14'-----------0-0 ->     4'0111 19'0000000000010011100
  transition:     4'0111 14'---0-------1-0 ->     4'0101 19'0000000000010010100
  transition:     4'0111 14'---1-------1-0 ->     4'0000 19'0000000000010000000
  transition:     4'0111 14'-------------1 ->     4'1100 19'0000000000010110000
Extracting FSM `\system.core.purpose' from module `\upduino_known'.
  found $dff cell for state register: $flatten\system.\core.$procdff$5438
  root of input selection tree: $flatten\system.\core.$0\purpose[1:0]
  found reset state: 2'00 (guessed from mux tree)
  found ctrl input: \system.controller.rst
  found ctrl input: $flatten\system.\core.$procmux$2552_CMP
  found ctrl input: $flatten\system.\core.$eq$rtl/core/known_spectral_core.sv:166$1315_Y
  found ctrl input: $flatten\system.\core.$procmux$2574_CMP
  found state code: 2'10
  found ctrl input: $flatten\system.\core.$ne$rtl/core/known_spectral_core.sv:220$1382_Y
  found ctrl input: $flatten\system.\core.$eq$rtl/core/known_spectral_core.sv:221$1385_Y
  found state code: 2'01
  found state code: 2'00
  found ctrl output: $flatten\system.\core.$eq$rtl/core/known_spectral_core.sv:166$1317_Y
  found ctrl output: $flatten\system.\core.$eq$rtl/core/known_spectral_core.sv:221$1385_Y
  found ctrl output: $flatten\system.\core.$eq$rtl/core/known_spectral_core.sv:224$1389_Y
  ctrl inputs: { \system.controller.rst $flatten\system.\core.$procmux$2574_CMP $flatten\system.\core.$procmux$2552_CMP $flatten\system.\core.$ne$rtl/core/known_spectral_core.sv:220$1382_Y $flatten\system.\core.$eq$rtl/core/known_spectral_core.sv:166$1315_Y }
  ctrl outputs: { $flatten\system.\core.$eq$rtl/core/known_spectral_core.sv:224$1389_Y $flatten\system.\core.$eq$rtl/core/known_spectral_core.sv:221$1385_Y $flatten\system.\core.$eq$rtl/core/known_spectral_core.sv:166$1317_Y $flatten\system.\core.$0\purpose[1:0] }
  transition:       2'00 5'000-0 ->       2'00 5'01000
  transition:       2'00 5'01--- ->       2'00 5'01000
  transition:       2'00 5'0--01 ->       2'01 5'01001
  transition:       2'00 5'0--11 ->       2'00 5'01000
  transition:       2'00 5'0-1-- ->       2'10 5'01010
  transition:       2'00 5'1---- ->       2'00 5'01000
  transition:       2'10 5'000-0 ->       2'10 5'00110
  transition:       2'10 5'01--- ->       2'00 5'00100
  transition:       2'10 5'0--01 ->       2'10 5'00110
  transition:       2'10 5'0--11 ->       2'10 5'00110
  transition:       2'10 5'0-1-- ->       2'10 5'00110
  transition:       2'10 5'1---- ->       2'00 5'00100
  transition:       2'01 5'000-0 ->       2'01 5'10001
  transition:       2'01 5'01--- ->       2'00 5'10000
  transition:       2'01 5'0--01 ->       2'01 5'10001
  transition:       2'01 5'0--11 ->       2'01 5'10001
  transition:       2'01 5'0-1-- ->       2'10 5'10010
  transition:       2'01 5'1---- ->       2'00 5'10000

10.13.3. Executing FSM_OPT pass (simple optimizations of FSMs).
Optimizing FSM `$fsm$\system.core.purpose$5659' from module `\upduino_known'.
  Merging pattern 5'0--01 and 5'0--11 from group (1 1 5'00110).
  Merging pattern 5'0--11 and 5'0--01 from group (1 1 5'00110).
  Merging pattern 5'0--01 and 5'0--11 from group (2 2 5'10001).
  Merging pattern 5'0--11 and 5'0--01 from group (2 2 5'10001).
Optimizing FSM `$fsm$\system.transport.state$5642' from module `\upduino_known'.
Optimizing FSM `$fsm$\system.controller.state$5625' from module `\upduino_known'.

10.13.4. Executing OPT_CLEAN pass (remove unused cells and wires).
Finding unused cells or wires in module \upduino_known..
Removed 89 unused cells and 89 unused wires.
<suppressed ~90 debug messages>

10.13.5. Executing FSM_OPT pass (simple optimizations of FSMs).
Optimizing FSM `$fsm$\system.controller.state$5625' from module `\upduino_known'.
  Removing unused output signal $flatten\system.\controller.$0\state[3:0] [0].
  Removing unused output signal $flatten\system.\controller.$0\state[3:0] [1].
  Removing unused output signal $flatten\system.\controller.$0\state[3:0] [2].
  Removing unused output signal $flatten\system.\controller.$0\state[3:0] [3].
  Removing unused output signal $flatten\system.\controller.$procmux$4695_CMP.
Optimizing FSM `$fsm$\system.transport.state$5642' from module `\upduino_known'.
  Removing unused output signal $flatten\system.\transport.$0\state[3:0] [0].
  Removing unused output signal $flatten\system.\transport.$0\state[3:0] [1].
  Removing unused output signal $flatten\system.\transport.$0\state[3:0] [2].
  Removing unused output signal $flatten\system.\transport.$0\state[3:0] [3].
Optimizing FSM `$fsm$\system.core.purpose$5659' from module `\upduino_known'.
  Removing unused output signal $flatten\system.\core.$0\purpose[1:0] [0].
  Removing unused output signal $flatten\system.\core.$0\purpose[1:0] [1].

10.13.6. Executing FSM_RECODE pass (re-assigning FSM state encoding).
Recoding FSM `$fsm$\system.controller.state$5625' from module `\upduino_known' using `auto' encoding:
  mapping auto encoding to `one-hot` for this FSM.
  0000 -> --------------1
  1000 -> -------------1-
  0100 -> ------------1--
  1100 -> -----------1---
  0010 -> ----------1----
  1010 -> ---------1-----
  0110 -> --------1------
  1110 -> -------1-------
  0001 -> ------1--------
  1001 -> -----1---------
  0101 -> ----1----------
  1101 -> ---1-----------
  0011 -> --1------------
  1011 -> -1-------------
  0111 -> 1--------------
Recoding FSM `$fsm$\system.transport.state$5642' from module `\upduino_known' using `auto' encoding:
  mapping auto encoding to `one-hot` for this FSM.
  0000 -> -------------1-
  1000 -> ------------1--
  0100 -> -----------1---
  1100 -> --------------1
  0010 -> ----------1----
  1010 -> ---------1-----
  0110 -> --------1------
  1110 -> -------1-------
  0001 -> ------1--------
  1001 -> -----1---------
  0101 -> ----1----------
  1101 -> ---1-----------
  0011 -> --1------------
  1011 -> -1-------------
  0111 -> 1--------------
Recoding FSM `$fsm$\system.core.purpose$5659' from module `\upduino_known' using `auto' encoding:
  mapping auto encoding to `one-hot` for this FSM.
  00 -> --1
  10 -> -1-
  01 -> 1--

10.13.7. Executing FSM_INFO pass (dumping all available information on FSM cells).

FSM `$fsm$\system.controller.state$5625' from module `upduino_known':
-------------------------------------

  Information on FSM $fsm$\system.controller.state$5625 (\system.controller.state):

  Number of input signals:   12
  Number of output signals:  14
  Number of state bits:      15

  Input signals:
    0: \system.controller.rst
    1: \system.controller.result_seen
    2: $flatten\system.\controller.$logic_and$rtl/io/known_replay_controller.sv:134$827_Y
    3: $flatten\system.\controller.$logic_or$rtl/io/known_replay_controller.sv:138$832_Y
    4: $flatten\system.\controller.$logic_or$rtl/io/known_replay_controller.sv:173$866_Y
    5: $flatten\system.\controller.$logic_and$rtl/io/known_replay_controller.sv:179$873_Y
    6: $flatten\system.\controller.$logic_and$rtl/io/known_replay_controller.sv:188$883_Y
    7: $flatten\system.\controller.$eq$rtl/io/known_replay_controller.sv:189$885_Y
    8: $flatten\system.\controller.$eq$rtl/io/known_replay_controller.sv:195$889_Y
    9: $flatten\system.\controller.$procmux$4185_CMP
   10: \system.transport.done
   11: \system.transport.error

  Output signals:
    0: $flatten\system.\controller.$eq$rtl/io/known_replay_controller.sv:54$733_Y
    1: $flatten\system.\controller.$eq$rtl/io/known_replay_controller.sv:56$736_Y
    2: $flatten\system.\controller.$eq$rtl/io/known_replay_controller.sv:119$808_Y
    3: $flatten\system.\controller.$eq$rtl/io/known_replay_controller.sv:119$809_Y
    4: $flatten\system.\controller.$eq$rtl/io/known_replay_controller.sv:199$893_Y
    5: $flatten\system.\controller.$procmux$4231_CMP
    6: $flatten\system.\controller.$procmux$4281_CMP
    7: $flatten\system.\controller.$procmux$4287_CMP
    8: $flatten\system.\controller.$procmux$4303_CMP
    9: $flatten\system.\controller.$procmux$4459_CMP
   10: $flatten\system.\controller.$procmux$4462_CMP
   11: $flatten\system.\controller.$procmux$4468_CMP
   12: $flatten\system.\controller.$procmux$4701_CMP
   13: $flatten\system.\controller.$procmux$4710_CMP

  State encoding:
    0: 15'--------------1  <RESET STATE>
    1: 15'-------------1-
    2: 15'------------1--
    3: 15'-----------1---
    4: 15'----------1----
    5: 15'---------1-----
    6: 15'--------1------
    7: 15'-------1-------
    8: 15'------1--------
    9: 15'-----1---------
   10: 15'----1----------
   11: 15'---1-----------
   12: 15'--1------------
   13: 15'-1-------------
   14: 15'1--------------

  Transition Table (state_in, ctrl_in, state_out, ctrl_out):
      0:     0 12'---------0-0   ->     0 14'10000000000000
      1:     0 12'-----------1   ->     0 14'10000000000000
      2:     0 12'---------1-0   ->     8 14'10000000000000
      3:     1 12'-----------1   ->     0 14'00100000000000
      4:     1 12'---------0-0   ->     1 14'00100000000000
      5:     1 12'---------1-0   ->     9 14'00100000000000
      6:     2 12'-----------1   ->     0 14'00000000000000
      7:     2 12'--1--------0   ->     1 14'00000000000000
      8:     2 12'--0--------0   ->    10 14'00000000000000
      9:     3 12'-----------1   ->     0 14'00001000000000
     10:     3 12'-----0-----0   ->     3 14'00001000000000
     11:     3 12'---0-1-----0   ->     3 14'00001000000000
     12:     3 12'---1-1-----0   ->    11 14'00001000000000
     13:     4 12'-----------1   ->     0 14'01000000000000
     14:     4 12'---------0-0   ->     4 14'01000000000000
     15:     4 12'---------1-0   ->    12 14'01000000000000
     16:     5 12'-----------1   ->     0 14'00000010000000
     17:     5 12'-0---------0   ->     5 14'00000010000000
     18:     5 12'11---------0   ->     7 14'00000010000000
     19:     5 12'01---------0   ->    13 14'00000010000000
     20:     6 12'-----------1   ->     0 14'00000000001000
     21:     6 12'-0---------0   ->     6 14'00000000001000
     22:     6 12'-1-----0---0   ->    10 14'00000000001000
     23:     6 12'-1-----1---0   ->    14 14'00000000001000
     24:     7 12'-----------1   ->     0 14'00000000000001
     25:     7 12'-----------0   ->     7 14'00000000000001
     26:     8 12'-----------1   ->     0 14'00000100000000
     27:     8 12'-1------0--0   ->     4 14'00000100000000
     28:     8 12'-1------1--0   ->     7 14'00000100000000
     29:     8 12'-0---------0   ->     8 14'00000100000000
     30:     9 12'-----------1   ->     0 14'00000000010000
     31:     9 12'----11-----0   ->     5 14'00000000010000
     32:     9 12'-----0-----0   ->     9 14'00000000010000
     33:     9 12'----01-----0   ->     9 14'00000000010000
     34:    10 12'-----------1   ->     0 14'00000000000100
     35:    10 12'--0------1-0   ->     6 14'00000000000100
     36:    10 12'--0------0-0   ->    10 14'00000000000100
     37:    10 12'--1--------0   ->    14 14'00000000000100
     38:    11 12'-----------1   ->     0 14'00000001000000
     39:    11 12'-1---------0   ->     7 14'00000001000000
     40:    11 12'-0---------0   ->    11 14'00000001000000
     41:    12 12'-----------1   ->     0 14'00000000100000
     42:    12 12'-1---------0   ->     2 14'00000000100000
     43:    12 12'-0---------0   ->    12 14'00000000100000
     44:    13 12'-----------1   ->     0 14'00010000000000
     45:    13 12'---------1-0   ->     3 14'00010000000000
     46:    13 12'---------0-0   ->    13 14'00010000000000
     47:    14 12'-----------1   ->     0 14'00000000000010
     48:    14 12'--0---0---10   ->     1 14'00000000000010
     49:    14 12'--1--------0   ->     1 14'00000000000010
     50:    14 12'--0---0---00   ->    14 14'00000000000010
     51:    14 12'--0---1----0   ->    14 14'00000000000010

-------------------------------------

FSM `$fsm$\system.transport.state$5642' from module `upduino_known':
-------------------------------------

  Information on FSM $fsm$\system.transport.state$5642 (\system.transport.state):

  Number of input signals:   14
  Number of output signals:  15
  Number of state bits:      15

  Input signals:
    0: \system.controller.rst
    1: $flatten\system.\controller.$logic_and$rtl/io/known_replay_controller.sv:134$827_Y
    2: $flatten\system.\controller.$logic_and$rtl/io/known_replay_controller.sv:136$828_Y
    3: \system.transport.cmd_write
    4: \system.transport.writing
    5: $flatten\system.\transport.$eq$rtl/io/flash_stream.sv:80$957_Y
    6: $flatten\system.\transport.$logic_or$rtl/io/flash_stream.sv:85$971_Y
    7: $flatten\system.\transport.$eq$rtl/io/flash_stream.sv:98$975_Y
    8: $flatten\system.\transport.$logic_and$rtl/io/flash_stream.sv:101$977_Y
    9: $flatten\system.\transport.$eq$rtl/io/flash_stream.sv:105$979_Y
   10: $flatten\system.\transport.$eq$rtl/io/flash_stream.sv:109$981_Y
   11: $flatten\system.\transport.$eq$rtl/io/flash_stream.sv:116$985_Y
   12: \system.transport.spi.rx_data [0]
   13: \system.transport.spi.rx_valid

  Output signals:
    0: $flatten\system.\transport.$eq$rtl/io/flash_stream.sv:46$939_Y
    1: $flatten\system.\transport.$eq$rtl/io/flash_stream.sv:47$944_Y
    2: $flatten\system.\transport.$procmux$3820_CMP
    3: $flatten\system.\transport.$procmux$3826_CMP
    4: $flatten\system.\transport.$procmux$3870_CMP
    5: $flatten\system.\transport.$procmux$3889_CMP
    6: $flatten\system.\transport.$procmux$3938_CMP
    7: $flatten\system.\transport.$procmux$3941_CMP
    8: $flatten\system.\transport.$procmux$3980_CMP
    9: $flatten\system.\transport.$procmux$3983_CMP
   10: $flatten\system.\transport.$procmux$3986_CMP
   11: $flatten\system.\transport.$procmux$4013_CMP
   12: $flatten\system.\transport.$procmux$4016_CMP
   13: $flatten\system.\transport.$procmux$4019_CMP
   14: $flatten\system.\transport.$procmux$4035_CMP

  State encoding:
    0: 15'-------------1-
    1: 15'------------1--
    2: 15'-----------1---
    3: 15'--------------1  <RESET STATE>
    4: 15'----------1----
    5: 15'---------1-----
    6: 15'--------1------
    7: 15'-------1-------
    8: 15'------1--------
    9: 15'-----1---------
   10: 15'----1----------
   11: 15'---1-----------
   12: 15'--1------------
   13: 15'-1-------------
   14: 15'1--------------

  Transition Table (state_in, ctrl_in, state_out, ctrl_out):
      0:     0 14'------------00   ->     0 15'000000000000001
      1:     0 14'-------1----10   ->     0 15'000000000000001
      2:     0 14'-------------1   ->     3 15'000000000000001
      3:     0 14'-------0--1-10   ->     8 15'000000000000001
      4:     0 14'-------0--0-10   ->    12 15'000000000000001
      5:     1 14'-----0-------0   ->     1 15'000010000000000
      6:     1 14'-------------1   ->     3 15'000010000000000
      7:     1 14'-----1-------0   ->     9 15'000010000000000
      8:     2 14'0------------0   ->     2 15'000000000010000
      9:     2 14'-------------1   ->     3 15'000000000010000
     10:     2 14'1-----1------0   ->    10 15'000000000010000
     11:     2 14'1-----0------0   ->    12 15'000000000010000
     12:     3 14'-----0-------0   ->     3 15'100000000000000
     13:     3 14'-------------1   ->     3 15'100000000000000
     14:     3 14'-----1-------0   ->    11 15'100000000000000
     15:     4 14'-------------1   ->     3 15'001000000000000
     16:     4 14'0------------0   ->     4 15'001000000000000
     17:     4 14'1------------0   ->    12 15'001000000000000
     18:     5 14'-------------1   ->     3 15'000000100000000
     19:     5 14'-----0-------0   ->     5 15'000000100000000
     20:     5 14'-----1-------0   ->    13 15'000000100000000
     21:     6 14'1---1----1---0   ->     1 15'000000000100000
     22:     6 14'-------------1   ->     3 15'000000000100000
     23:     6 14'0------------0   ->     6 15'000000000100000
     24:     6 14'1---0----1---0   ->    10 15'000000000100000
     25:     6 14'1--------0---0   ->    14 15'000000000100000
     26:     7 14'--------1----0   ->     0 15'000000001000000
     27:     7 14'-------------1   ->     3 15'000000001000000
     28:     7 14'--------0----0   ->     7 15'000000001000000
     29:     8 14'-------------1   ->     3 15'010000000000000
     30:     8 14'-----1-------0   ->     4 15'010000000000000
     31:     8 14'-----0-------0   ->     8 15'010000000000000
     32:     9 14'-------------1   ->     3 15'000001000000000
     33:     9 14'1------------0   ->     5 15'000001000000000
     34:     9 14'0------------0   ->     9 15'000001000000000
     35:    10 14'-------------1   ->     3 15'000000000000010
     36:    10 14'-----1-------0   ->     6 15'000000000000010
     37:    10 14'-----0-------0   ->    10 15'000000000000010
     38:    11 14'-------------1   ->     3 15'000000010000000
     39:    11 14'1------------0   ->     7 15'000000010000000
     40:    11 14'0------------0   ->    11 15'000000010000000
     41:    12 14'-----1-------0   ->     2 15'000100000000000
     42:    12 14'-------------1   ->     3 15'000100000000000
     43:    12 14'-----0-------0   ->    12 15'000100000000000
     44:    13 14'111----------0   ->     0 15'000000000000100
     45:    13 14'10-----------0   ->     0 15'000000000000100
     46:    13 14'110----------0   ->     1 15'000000000000100
     47:    13 14'-------------1   ->     3 15'000000000000100
     48:    13 14'0------------0   ->    13 15'000000000000100
     49:    14 14'---1-------1-0   ->     0 15'000000000001000
     50:    14 14'-------------1   ->     3 15'000000000001000
     51:    14 14'---0-------1-0   ->    10 15'000000000001000
     52:    14 14'-----------0-0   ->    14 15'000000000001000

-------------------------------------

FSM `$fsm$\system.core.purpose$5659' from module `upduino_known':
-------------------------------------

  Information on FSM $fsm$\system.core.purpose$5659 (\system.core.purpose):

  Number of input signals:    5
  Number of output signals:   3
  Number of state bits:       3

  Input signals:
    0: $flatten\system.\core.$eq$rtl/core/known_spectral_core.sv:166$1315_Y
    1: $flatten\system.\core.$ne$rtl/core/known_spectral_core.sv:220$1382_Y
    2: $flatten\system.\core.$procmux$2552_CMP
    3: $flatten\system.\core.$procmux$2574_CMP
    4: \system.controller.rst

  Output signals:
    0: $flatten\system.\core.$eq$rtl/core/known_spectral_core.sv:166$1317_Y
    1: $flatten\system.\core.$eq$rtl/core/known_spectral_core.sv:221$1385_Y
    2: $flatten\system.\core.$eq$rtl/core/known_spectral_core.sv:224$1389_Y

  State encoding:
    0:      3'--1  <RESET STATE>
    1:      3'-1-
    2:      3'1--

  Transition Table (state_in, ctrl_in, state_out, ctrl_out):
      0:     0 5'000-0   ->     0 3'010
      1:     0 5'0--11   ->     0 3'010
      2:     0 5'01---   ->     0 3'010
      3:     0 5'1----   ->     0 3'010
      4:     0 5'0-1--   ->     1 3'010
      5:     0 5'0--01   ->     2 3'010
      6:     1 5'01---   ->     0 3'001
      7:     1 5'1----   ->     0 3'001
      8:     1 5'000-0   ->     1 3'001
      9:     1 5'0---1   ->     1 3'001
     10:     1 5'0-1--   ->     1 3'001
     11:     2 5'01---   ->     0 3'100
     12:     2 5'1----   ->     0 3'100
     13:     2 5'0-1--   ->     1 3'100
     14:     2 5'000-0   ->     2 3'100
     15:     2 5'0---1   ->     2 3'100

-------------------------------------

10.13.8. Executing FSM_MAP pass (mapping FSMs to basic logic).
Mapping FSM `$fsm$\system.controller.state$5625' from module `\upduino_known'.
Mapping FSM `$fsm$\system.transport.state$5642' from module `\upduino_known'.
Mapping FSM `$fsm$\system.core.purpose$5659' from module `\upduino_known'.

10.14. Executing OPT pass (performing simple optimizations).

10.14.1. Executing OPT_EXPR pass (perform const folding).
Optimizing module upduino_known.
<suppressed ~36 debug messages>

10.14.2. Executing OPT_MERGE pass (detect identical cells).
Finding identical cells in module `\upduino_known'.
Computing hashes of 1453 cells of `\upduino_known'.
Finding duplicate cells in `\upduino_known'.
Computing hashes of 1419 cells of `\upduino_known'.
Finding duplicate cells in `\upduino_known'.
<suppressed ~102 debug messages>
Removed a total of 34 cells.

10.14.3. Executing OPT_MUXTREE pass (detect dead branches in mux trees).
Running muxtree optimizer on module \upduino_known..
  Creating internal representation of mux trees.
  Evaluating internal representation of mux trees.
  Analyzing evaluation results.
Removed 0 multiplexer ports.
<suppressed ~926 debug messages>

10.14.4. Executing OPT_REDUCE pass (consolidate $*mux and $reduce_* inputs).
  Optimizing cells in module \upduino_known.
Performed a total of 0 changes.

10.14.5. Executing OPT_MERGE pass (detect identical cells).
Finding identical cells in module `\upduino_known'.
Computing hashes of 1419 cells of `\upduino_known'.
Finding duplicate cells in `\upduino_known'.
Removed a total of 0 cells.

10.14.6. Executing OPT_DFF pass (perform DFF optimizations).
Adding SRST signal on $flatten\system.\controller.$procdff$5496 ($dff) from module upduino_known (D = $flatten\system.\controller.$procmux$4573_Y, Q = \system.controller.period, rval = 14'00000000000000).
Adding EN signal on $auto$ff.cc:337:slice$6044 ($sdff) from module upduino_known (D = \system.controller.header_word [21:8], Q = \system.controller.period).
Adding EN signal on $procdff$5557 ($dff) from module upduino_known (D = $add$rtl/upduino_known.sv:11$395_Y, Q = \startup).
Adding EN signal on $flatten\system.\core.$procdff$5453 ($dff) from module upduino_known (D = $flatten\system.\core.$procmux$2264_Y, Q = \system.core.phases[2]).
Adding EN signal on $flatten\system.\core.$procdff$5452 ($dff) from module upduino_known (D = $flatten\system.\core.$procmux$2293_Y, Q = \system.core.phases[0]).
Adding EN signal on $flatten\system.\core.$procdff$5451 ($dff) from module upduino_known (D = $flatten\system.\core.$procmux$2322_Y, Q = \system.core.accumulator[3]).
Adding EN signal on $flatten\system.\core.$procdff$5450 ($dff) from module upduino_known (D = $flatten\system.\core.$procmux$2351_Y, Q = \system.core.accumulator[2]).
Adding EN signal on $flatten\system.\core.$procdff$5449 ($dff) from module upduino_known (D = $flatten\system.\core.$procmux$2380_Y, Q = \system.core.accumulator[1]).
Adding EN signal on $flatten\system.\core.$procdff$5448 ($dff) from module upduino_known (D = $flatten\system.\core.$procmux$2409_Y, Q = \system.core.accumulator[0]).
Adding SRST signal on $flatten\system.\core.$procdff$5447 ($dff) from module upduino_known (D = $flatten\system.\core.$procmux$2433_Y, Q = \system.core.exponent, rval = 8'00000000).
Adding EN signal on $auto$ff.cc:337:slice$6103 ($sdff) from module upduino_known (D = $flatten\system.\core.$procmux$2433_Y, Q = \system.core.exponent).
Adding EN signal on $flatten\system.\core.$procdff$5446 ($dff) from module upduino_known (D = $flatten\system.\core.$procmux$2457_Y, Q = \system.core.log_work).
Adding SRST signal on $flatten\system.\core.$procdff$5445 ($dff) from module upduino_known (D = $flatten\system.\core.$procmux$2477_Y, Q = \system.core.ram_part, rval = 2'00).
Adding EN signal on $auto$ff.cc:337:slice$6124 ($sdff) from module upduino_known (D = $flatten\system.\core.$procmux$2477_Y, Q = \system.core.ram_part).
Adding EN signal on $flatten\system.\core.$procdff$5442 ($dff) from module upduino_known (D = $flatten\system.\core.$sub$rtl/core/known_spectral_core.sv:270$1419_Y, Q = \system.core.difference).
Adding SRST signal on $flatten\system.\core.$procdff$5441 ($dff) from module upduino_known (D = $flatten\system.\core.$procmux$2551_Y, Q = \system.core.norm_negative, rval = 1'0).
Adding EN signal on $auto$ff.cc:337:slice$6143 ($sdff) from module upduino_known (D = \system.core.difference [31], Q = \system.core.norm_negative).
Adding EN signal on $flatten\system.\core.$procdff$5440 ($dff) from module upduino_known (D = $flatten\system.\core.$2$lookahead\power_buffer$1262[63:0]$1328, Q = \system.core.power_buffer).
Adding EN signal on $flatten\system.\core.$procdff$5444 ($dff) from module upduino_known (D = \system.core.quantized_feature, Q = \system.core.feature).
Adding SRST signal on $auto$ff.cc:337:slice$6160 ($dffe) from module upduino_known (D = $flatten\system.\core.$neg$rtl/core/known_spectral_core.sv:106$1244_Y [7], Q = \system.core.feature [7], rval = 1'0).
Adding EN signal on $flatten\system.\core.$procdff$5439 ($dff) from module upduino_known (D = $flatten\system.\core.$procmux$2562_Y, Q = \system.core.wide_acc).
Adding SRST signal on $flatten\system.\core.$procdff$5437 ($dff) from module upduino_known (D = $flatten\system.\core.$procmux$2603_Y, Q = \system.core.wide_part, rval = 2'00).
Adding EN signal on $auto$ff.cc:337:slice$6174 ($sdff) from module upduino_known (D = $flatten\system.\core.$procmux$2603_Y, Q = \system.core.wide_part).
Adding EN signal on $flatten\system.\core.$procdff$5436 ($dff) from module upduino_known (D = $flatten\system.\core.$procmux$2622_Y, Q = \system.core.wide_a).
Adding SRST signal on $flatten\system.\core.$procdff$5435 ($dff) from module upduino_known (D = $flatten\system.\core.$procmux$2657_Y, Q = \system.core.bin_index, rval = 9'000000000).
Adding EN signal on $auto$ff.cc:337:slice$6193 ($sdff) from module upduino_known (D = \system.core.component [9:1], Q = \system.core.bin_index).
Adding EN signal on $flatten\system.\core.$procdff$5434 ($dff) from module upduino_known (D = \system.core.rne$func$rtl/core/known_spectral_core.sv:82$1176.$result [31:0], Q = \system.core.imag_part).
Adding EN signal on $flatten\system.\core.$procdff$5433 ($dff) from module upduino_known (D = \system.core.rne$func$rtl/core/known_spectral_core.sv:82$1176.$result [31:0], Q = \system.core.real_part).
Adding SRST signal on $flatten\system.\core.$procdff$5432 ($dff) from module upduino_known (D = $flatten\system.\core.$procmux$2736_Y, Q = \system.core.valid1, rval = 1'0).
Adding EN signal on $auto$ff.cc:337:slice$6209 ($sdff) from module upduino_known (D = $flatten\system.\core.$procmux$2736_Y, Q = \system.core.valid1).
Adding SRST signal on $flatten\system.\core.$procdff$5431 ($dff) from module upduino_known (D = $flatten\system.\core.$procmux$2762_Y, Q = \system.core.valid0, rval = 1'0).
Adding EN signal on $auto$ff.cc:337:slice$6213 ($sdff) from module upduino_known (D = $flatten\system.\core.$procmux$2762_Y, Q = \system.core.valid0).
Adding SRST signal on $flatten\system.\controller.$procdff$5498 ($dff) from module upduino_known (D = $flatten\system.\controller.$procmux$4535_Y, Q = \system.controller.expected_crc, rval = 0).
Adding EN signal on $auto$ff.cc:337:slice$6217 ($sdff) from module upduino_known (D = { \system.transport.rd_data \system.controller.header_word [31:8] }, Q = \system.controller.expected_crc).
Adding SRST signal on $flatten\system.\transport.\spi.$procdff$5464 ($dff) from module upduino_known (D = $flatten\system.\transport.\spi.$procmux$3636_Y, Q = \system.transport.spi.rx_valid, rval = 1'0).
Adding SRST signal on $flatten\system.\transport.\spi.$procdff$5465 ($dff) from module upduino_known (D = $flatten\system.\transport.\spi.$procmux$3799_Y, Q = \system.transport.spi.rx_data, rval = 8'00000000).
Adding EN signal on $auto$ff.cc:337:slice$6226 ($sdff) from module upduino_known (D = \system.transport.spi.rx_shift, Q = \system.transport.spi.rx_data).
Adding SRST signal on $flatten\system.\transport.\spi.$procdff$5466 ($dff) from module upduino_known (D = $flatten\system.\transport.\spi.$procmux$3785_Y, Q = \system.transport.spi.sclk, rval = 1'0).
Adding EN signal on $auto$ff.cc:337:slice$6232 ($sdff) from module upduino_known (D = $flatten\system.\transport.\spi.$logic_not$rtl/io/spi_master.sv:66$1513_Y, Q = \system.transport.spi.sclk).
Adding SRST signal on $flatten\system.\transport.\spi.$procdff$5467 ($dff) from module upduino_known (D = $flatten\system.\transport.\spi.$procmux$3774_Y, Q = \system.transport.spi.mosi, rval = 1'0).
Adding EN signal on $auto$ff.cc:337:slice$6242 ($sdff) from module upduino_known (D = $flatten\system.\transport.\spi.$procmux$3774_Y, Q = \system.transport.spi.mosi).
Adding SRST signal on $flatten\system.\transport.\spi.$procdff$5468 ($dff) from module upduino_known (D = $flatten\system.\transport.\spi.$procmux$3755_Y, Q = \system.transport.spi.cs_n, rval = 1'1).
Adding EN signal on $auto$ff.cc:337:slice$6256 ($sdff) from module upduino_known (D = $flatten\system.\transport.\spi.$procmux$3755_Y, Q = \system.transport.spi.cs_n).
Adding SRST signal on $flatten\system.\transport.\spi.$procdff$5469 ($dff) from module upduino_known (D = $flatten\system.\transport.\spi.$procmux$3739_Y, Q = \system.transport.spi.divider, rval = 1'0).
Adding EN signal on $auto$ff.cc:337:slice$6266 ($sdff) from module upduino_known (D = $flatten\system.\transport.\spi.$procmux$3734_Y, Q = \system.transport.spi.divider).
Adding SRST signal on $flatten\system.\transport.\spi.$procdff$5470 ($dff) from module upduino_known (D = $flatten\system.\transport.\spi.$procmux$3728_Y, Q = \system.transport.spi.tx_shift, rval = 8'00000000).
Adding EN signal on $auto$ff.cc:337:slice$6274 ($sdff) from module upduino_known (D = $flatten\system.\transport.\spi.$procmux$3728_Y, Q = \system.transport.spi.tx_shift).
Adding SRST signal on $flatten\system.\transport.\spi.$procdff$5471 ($dff) from module upduino_known (D = $flatten\system.\transport.\spi.$procmux$3706_Y, Q = \system.transport.spi.rx_shift, rval = 8'00000000).
Adding EN signal on $auto$ff.cc:337:slice$6288 ($sdff) from module upduino_known (D = { \system.transport.spi.rx_shift [6:0] \flash_miso }, Q = \system.transport.spi.rx_shift).
Adding SRST signal on $flatten\system.\transport.\spi.$procdff$5472 ($dff) from module upduino_known (D = $flatten\system.\transport.\spi.$procmux$3689_Y, Q = \system.transport.spi.edge_count, rval = 4'0000).
Adding EN signal on $auto$ff.cc:337:slice$6300 ($sdff) from module upduino_known (D = $flatten\system.\transport.\spi.$add$rtl/io/spi_master.sv:77$1517_Y, Q = \system.transport.spi.edge_count).
Adding SRST signal on $flatten\system.\transport.\spi.$procdff$5473 ($dff) from module upduino_known (D = $flatten\system.\transport.\spi.$procmux$3675_Y, Q = \system.transport.spi.byte_active, rval = 1'0).
Adding SRST signal on $flatten\system.\transport.\spi.$procdff$5474 ($dff) from module upduino_known (D = $flatten\system.\transport.\spi.$procmux$3661_Y, Q = \system.transport.spi.finishing, rval = 1'0).
Adding EN signal on $auto$ff.cc:337:slice$6313 ($sdff) from module upduino_known (D = $flatten\system.\transport.\spi.$procmux$3659_Y, Q = \system.transport.spi.finishing).
Adding SRST signal on $flatten\system.\transport.\spi.$procdff$5475 ($dff) from module upduino_known (D = $flatten\system.\transport.\spi.$procmux$3647_Y, Q = \system.transport.spi.last_byte, rval = 1'0).
Adding EN signal on $auto$ff.cc:337:slice$6317 ($sdff) from module upduino_known (D = \system.transport.spi.tx_last, Q = \system.transport.spi.last_byte).
Adding SRST signal on $flatten\system.\transport.$procdff$5489 ($dff) from module upduino_known (D = $flatten\system.\transport.$procmux$3845_Y, Q = \system.transport.polls, rval = 12'000000000000).
Adding EN signal on $auto$ff.cc:337:slice$6319 ($sdff) from module upduino_known (D = $flatten\system.\transport.$procmux$3845_Y, Q = \system.transport.polls).
Adding SRST signal on $flatten\system.\transport.$procdff$5488 ($dff) from module upduino_known (D = $flatten\system.\transport.$procmux$3869_Y, Q = \system.transport.header_index, rval = 2'00).
Adding EN signal on $auto$ff.cc:337:slice$6335 ($sdff) from module upduino_known (D = $flatten\system.\transport.$procmux$3869_Y, Q = \system.transport.header_index).
Adding SRST signal on $flatten\system.\transport.$procdff$5487 ($dff) from module upduino_known (D = $flatten\system.\transport.$procmux$3888_Y, Q = \system.transport.remaining, rval = 16'0000000000000000).
Adding EN signal on $auto$ff.cc:337:slice$6349 ($sdff) from module upduino_known (D = $flatten\system.\transport.$procmux$3888_Y, Q = \system.transport.remaining).
Adding SRST signal on $flatten\system.\transport.$procdff$5486 ($dff) from module upduino_known (D = $flatten\system.\transport.$procmux$3916_Y, Q = \system.transport.writing, rval = 1'0).
Adding EN signal on $auto$ff.cc:337:slice$6361 ($sdff) from module upduino_known (D = \system.transport.cmd_write, Q = \system.transport.writing).
Adding SRST signal on $flatten\system.\transport.$procdff$5485 ($dff) from module upduino_known (D = $flatten\system.\transport.$procmux$3937_Y, Q = \system.transport.wake_count, rval = 8'00000000).
Adding EN signal on $auto$ff.cc:337:slice$6367 ($sdff) from module upduino_known (D = $flatten\system.\transport.$procmux$3937_Y, Q = \system.transport.wake_count).
Adding SRST signal on $flatten\system.\transport.$procdff$5484 ($dff) from module upduino_known (D = $flatten\system.\transport.$procmux$3962_Y, Q = \system.transport.address, rval = 24'000000000000000000000000).
Adding EN signal on $auto$ff.cc:337:slice$6377 ($sdff) from module upduino_known (D = \system.transport.cmd_address, Q = \system.transport.address).
Adding SRST signal on $flatten\system.\controller.$procdff$5497 ($dff) from module upduino_known (D = $flatten\system.\controller.$procmux$4546_Y, Q = \system.controller.header_word, rval = 0).
Adding EN signal on $auto$ff.cc:337:slice$6383 ($sdff) from module upduino_known (D = $flatten\system.\controller.$procmux$4546_Y, Q = \system.controller.header_word).
Adding SRST signal on $flatten\system.\transport.$procdff$5482 ($dff) from module upduino_known (D = $flatten\system.\transport.$procmux$4048_Y, Q = \system.transport.error, rval = 1'0).
Adding EN signal on $auto$ff.cc:337:slice$6391 ($sdff) from module upduino_known (D = $flatten\system.\transport.$procmux$4048_Y, Q = \system.transport.error).
Adding SRST signal on $flatten\system.\transport.$procdff$5481 ($dff) from module upduino_known (D = $flatten\system.\transport.$procmux$3819_Y, Q = \system.transport.done, rval = 1'0).
Adding SRST signal on $flatten\system.\transport.$procdff$5480 ($dff) from module upduino_known (D = $flatten\system.\transport.$procmux$4083_Y, Q = \system.transport.rd_data, rval = 8'00000000).
Adding EN signal on $auto$ff.cc:337:slice$6406 ($sdff) from module upduino_known (D = \system.transport.spi.rx_data, Q = \system.transport.rd_data).
Adding SRST signal on $flatten\system.\transport.$procdff$5479 ($dff) from module upduino_known (D = $flatten\system.\transport.$procmux$4101_Y, Q = \system.transport.rd_valid, rval = 1'0).
Adding SRST signal on $flatten\system.\controller.$procdff$5492 ($dff) from module upduino_known (D = { $flatten\system.\controller.$procmux$4186_Y $flatten\system.\controller.$procmux$4211_Y $flatten\system.\controller.$procmux$4280_Y $flatten\system.\controller.$procmux$4315_Y $flatten\system.\controller.$procmux$4326_Y $flatten\system.\controller.$procmux$4343_Y $flatten\system.\controller.$procmux$4230_Y $flatten\system.\controller.$procmux$4271_Y }, Q = \system.controller.errors, rval = 8'00000000).
Adding EN signal on $auto$ff.cc:337:slice$6413 ($sdff) from module upduino_known (D = 1'1, Q = \system.controller.errors [4]).
Adding EN signal on $auto$ff.cc:337:slice$6413 ($sdff) from module upduino_known (D = 1'1, Q = \system.controller.errors [3]).
Adding EN signal on $auto$ff.cc:337:slice$6413 ($sdff) from module upduino_known (D = 1'1, Q = \system.controller.errors [6]).
Adding EN signal on $auto$ff.cc:337:slice$6413 ($sdff) from module upduino_known (D = 1'1, Q = \system.controller.errors [7]).
Adding EN signal on $auto$ff.cc:337:slice$6413 ($sdff) from module upduino_known (D = 1'1, Q = \system.controller.errors [2]).
Adding EN signal on $auto$ff.cc:337:slice$6413 ($sdff) from module upduino_known (D = 1'1, Q = \system.controller.errors [1]).
Adding EN signal on $auto$ff.cc:337:slice$6413 ($sdff) from module upduino_known (D = $flatten\system.\controller.$procmux$4280_Y, Q = \system.controller.errors [5]).
Adding EN signal on $auto$ff.cc:337:slice$6413 ($sdff) from module upduino_known (D = $flatten\system.\controller.$procmux$4247_Y, Q = \system.controller.errors [0]).
Adding SRST signal on $flatten\system.\controller.$procdff$5491 ($dff) from module upduino_known (D = $flatten\system.\controller.$procmux$4645_Y, Q = \system.controller.phase, rval = 14'00000000000000).
Adding EN signal on $auto$ff.cc:337:slice$6480 ($sdff) from module upduino_known (D = $flatten\system.\controller.$procmux$4645_Y, Q = \system.controller.phase).
Adding SRST signal on $flatten\system.\core.$procdff$5430 ($dff) from module upduino_known (D = $flatten\system.\core.$procmux$2774_Y, Q = \system.core.lane_store, rval = 2'00).
Adding EN signal on $auto$ff.cc:337:slice$6484 ($sdff) from module upduino_known (D = $flatten\system.\core.$procmux$2774_Y, Q = \system.core.lane_store).
Adding EN signal on $flatten\system.\core.$procdff$5391 ($dff) from module upduino_known (D = $flatten\system.\core.$mul$rtl/core/known_spectral_core.sv:125$1500_Y, Q = \system.core.product[3]).
Adding EN signal on $flatten\system.\core.$procdff$5392 ($dff) from module upduino_known (D = $flatten\system.\core.$mul$rtl/core/known_spectral_core.sv:125$1492_Y, Q = \system.core.product[2]).
Adding EN signal on $flatten\system.\core.$procdff$5393 ($dff) from module upduino_known (D = $flatten\system.\core.$mul$rtl/core/known_spectral_core.sv:125$1485_Y, Q = \system.core.product[1]).
Adding EN signal on $flatten\system.\core.$procdff$5394 ($dff) from module upduino_known (D = $flatten\system.\core.$mul$rtl/core/known_spectral_core.sv:125$1477_Y, Q = \system.core.product[0]).
Adding SRST signal on $flatten\system.\core.$procdff$5396 ($dff) from module upduino_known (D = $flatten\system.\core.$procmux$3573_Y, Q = \system.core.out_valid, rval = 1'0).
Adding EN signal on $auto$ff.cc:337:slice$6500 ($sdff) from module upduino_known (D = 1'1, Q = \system.core.out_valid).
Adding SRST signal on $flatten\system.\core.$procdff$5397 ($dff) from module upduino_known (D = $flatten\system.\core.$procmux$3565_Y, Q = \system.core.out_class, rval = 1'0).
Adding EN signal on $auto$ff.cc:337:slice$6504 ($sdff) from module upduino_known (D = $flatten\system.\core.$gt$rtl/core/known_spectral_core.sv:288$1431_Y, Q = \system.core.out_class).
Adding SRST signal on $flatten\system.\core.$procdff$5398 ($dff) from module upduino_known (D = $flatten\system.\core.$procmux$3555_Y, Q = \system.core.out_score, rval = 0).
Adding EN signal on $auto$ff.cc:337:slice$6508 ($sdff) from module upduino_known (D = \system.core.score, Q = \system.core.out_score).
Adding SRST signal on $flatten\system.\core.$procdff$5399 ($dff) from module upduino_known (D = $flatten\system.\core.$procmux$3545_Y, Q = \system.core.out_error, rval = 8'00000000).
Adding EN signal on $auto$ff.cc:337:slice$6512 ($sdff) from module upduino_known (D = \system.core.arithmetic_error, Q = \system.core.out_error).
Adding SRST signal on $flatten\system.\core.$procdff$5400 ($dff) from module upduino_known (D = $flatten\system.\core.$procmux$3535_Y, Q = \system.core.out_frame_id, rval = 0).
Adding EN signal on $auto$ff.cc:337:slice$6516 ($sdff) from module upduino_known (D = \system.core.clip_id, Q = \system.core.out_frame_id).
Adding SRST signal on $flatten\system.\core.$procdff$5401 ($dff) from module upduino_known (D = $flatten\system.\core.$procmux$3525_Y, Q = \system.core.cycles_pre, rval = 0).
Adding SRST signal on $flatten\system.\core.$procdff$5402 ($dff) from module upduino_known (D = $flatten\system.\core.$procmux$3485_Y, Q = \system.core.cycles_dft, rval = 0).
Adding SRST signal on $flatten\system.\core.$procdff$5403 ($dff) from module upduino_known (D = $flatten\system.\core.$procmux$3442_Y, Q = \system.core.cycles_power, rval = 0).
Adding SRST signal on $flatten\system.\core.$procdff$5404 ($dff) from module upduino_known (D = $flatten\system.\core.$procmux$3396_Y, Q = \system.core.cycles_nn, rval = 0).
Adding SRST signal on $flatten\system.\core.$procdff$5405 ($dff) from module upduino_known (D = $flatten\system.\core.$procmux$3350_Y, Q = \system.core.cycles_total, rval = 0).
Adding SRST signal on $flatten\system.\core.$procdff$5411 ($dff) from module upduino_known (D = $flatten\system.\core.$procmux$3122_Y, Q = \system.core.state, rval = 5'00000).
Adding EN signal on $auto$ff.cc:337:slice$6525 ($sdff) from module upduino_known (D = $flatten\system.\core.$procmux$3122_Y, Q = \system.core.state).
Adding SRST signal on $flatten\system.\core.$procdff$5412 ($dff) from module upduino_known (D = $flatten\system.\core.$procmux$3114_Y, Q = \system.core.active_bank, rval = 1'0).
Adding EN signal on $auto$ff.cc:337:slice$6543 ($sdff) from module upduino_known (D = \system.core.capture.head_bank, Q = \system.core.active_bank).
Adding SRST signal on $flatten\system.\core.$procdff$5413 ($dff) from module upduino_known (D = $flatten\system.\core.$procmux$3077_Y, Q = \system.core.point, rval = 10'0000000000).
Adding EN signal on $auto$ff.cc:337:slice$6547 ($sdff) from module upduino_known (D = $flatten\system.\core.$procmux$3077_Y, Q = \system.core.point).
Adding EN signal on $flatten\system.\core.$procdff$5414 ($dff) from module upduino_known (D = $flatten\system.\core.$memrd$\windowed$rtl/core/known_spectral_core.sv:143$1274_DATA, Q = \system.core.sample_q).
Adding SRST signal on $flatten\system.\core.$procdff$5415 ($dff) from module upduino_known (D = $flatten\system.\core.$procmux$3045_Y, Q = \system.core.mean, rval = 16'0000000000000000).
Adding EN signal on $auto$ff.cc:337:slice$6558 ($sdff) from module upduino_known (D = $flatten\system.\core.$add$rtl/core/known_spectral_core.sv:79$1340_Y [15:0], Q = \system.core.mean).
Adding EN signal on $flatten\system.\core.$procdff$5416 ($dff) from module upduino_known (D = $flatten\system.\core.$memrd$\means$rtl/core/known_spectral_core.sv:146$1283_DATA, Q = \system.core.mean_q).
Adding EN signal on $flatten\system.\core.$procdff$5417 ($dff) from module upduino_known (D = $flatten\system.\core.$memrd$\gains$rtl/core/known_spectral_core.sv:146$1284_DATA, Q = \system.core.gain_q).
Adding EN signal on $flatten\system.\core.$procdff$5418 ($dff) from module upduino_known (D = $flatten\system.\core.$memrd$\weights$rtl/core/known_spectral_core.sv:146$1285_DATA, Q = \system.core.weight_q).
Adding EN signal on $flatten\system.\core.$procdff$5419 ($dff) from module upduino_known (D = $flatten\system.\core.$memrd$\log_table$rtl/core/known_spectral_core.sv:146$1282_DATA, Q = \system.core.log_q).
Adding SRST signal on $flatten\system.\core.$procdff$5420 ($dff) from module upduino_known (D = $flatten\system.\core.$procmux$3004_Y, Q = \system.core.active_id, rval = 0).
Adding EN signal on $auto$ff.cc:337:slice$6566 ($sdff) from module upduino_known (D = \system.core.window_id, Q = \system.core.active_id).
Adding SRST signal on $flatten\system.\core.$procdff$5421 ($dff) from module upduino_known (D = $flatten\system.\core.$procmux$2971_Y, Q = \system.core.clip_id, rval = 0).
Adding EN signal on $auto$ff.cc:337:slice$6570 ($sdff) from module upduino_known (D = \system.core.window_id, Q = \system.core.clip_id).
Adding SRST signal on $flatten\system.\core.$procdff$5422 ($dff) from module upduino_known (D = $flatten\system.\core.$procmux$2936_Y, Q = \system.core.previous_id, rval = 0).
Adding EN signal on $auto$ff.cc:337:slice$6574 ($sdff) from module upduino_known (D = \system.core.active_id, Q = \system.core.previous_id).
Adding SRST signal on $flatten\system.\core.$procdff$5423 ($dff) from module upduino_known (D = $flatten\system.\core.$procmux$2929_Y, Q = \system.core.previous_valid, rval = 1'0).
Adding EN signal on $auto$ff.cc:337:slice$6576 ($sdff) from module upduino_known (D = 1'1, Q = \system.core.previous_valid).
Adding SRST signal on $flatten\system.\core.$procdff$5424 ($dff) from module upduino_known (D = $flatten\system.\core.$procmux$2912_Y, Q = \system.core.clip_window, rval = 8'00000000).
Adding EN signal on $auto$ff.cc:337:slice$6578 ($sdff) from module upduino_known (D = $flatten\system.\core.$procmux$2912_Y, Q = \system.core.clip_window).
Adding SRST signal on $flatten\system.\core.$procdff$5425 ($dff) from module upduino_known (D = $flatten\system.\core.$procmux$2898_Y, Q = \system.core.score, rval = 1490).
Adding EN signal on $auto$ff.cc:337:slice$6590 ($sdff) from module upduino_known (D = $flatten\system.\core.$procmux$2898_Y, Q = \system.core.score).
Adding SRST signal on $flatten\system.\core.$procdff$5426 ($dff) from module upduino_known (D = { $flatten\system.\core.$procmux$1567_Y $flatten\system.\core.$procmux$1586_Y $flatten\system.\core.$procmux$1732_Y $flatten\system.\core.$procmux$1824_Y }, Q = \system.core.arithmetic_error, rval = 8'00000000).
Adding EN signal on $auto$ff.cc:337:slice$6600 ($sdff) from module upduino_known (D = 5'00000, Q = \system.core.arithmetic_error [7:3]).
Adding EN signal on $auto$ff.cc:337:slice$6600 ($sdff) from module upduino_known (D = $flatten\system.\core.$procmux$1586_Y, Q = \system.core.arithmetic_error [2]).
Adding EN signal on $auto$ff.cc:337:slice$6600 ($sdff) from module upduino_known (D = $flatten\system.\core.$procmux$1824_Y, Q = \system.core.arithmetic_error [0]).
Adding EN signal on $auto$ff.cc:337:slice$6600 ($sdff) from module upduino_known (D = $flatten\system.\core.$procmux$1732_Y, Q = \system.core.arithmetic_error [1]).
Adding SRST signal on $flatten\system.\core.$procdff$5427 ($dff) from module upduino_known (D = $flatten\system.\core.$procmux$2852_Y, Q = \system.core.component_base, rval = 11'00000000000).
Adding EN signal on $auto$ff.cc:337:slice$6637 ($sdff) from module upduino_known (D = $flatten\system.\core.$procmux$2852_Y, Q = \system.core.component_base).
Adding SRST signal on $flatten\system.\core.$procdff$5428 ($dff) from module upduino_known (D = $flatten\system.\core.$procmux$2837_Y, Q = \system.core.issued, rval = 11'00000000000).
Adding EN signal on $auto$ff.cc:337:slice$6649 ($sdff) from module upduino_known (D = $flatten\system.\core.$procmux$2837_Y, Q = \system.core.issued).
Adding SRST signal on $flatten\system.\core.$procdff$5429 ($dff) from module upduino_known (D = $flatten\system.\core.$procmux$2808_Y, Q = \system.core.retired, rval = 11'00000000000).
Adding EN signal on $auto$ff.cc:337:slice$6657 ($sdff) from module upduino_known (D = $flatten\system.\core.$procmux$2808_Y, Q = \system.core.retired).
Adding SRST signal on $flatten\system.\core.\capture.$procdff$5534 ($dff) from module upduino_known (D = $flatten\system.\core.\capture.$procmux$5281_Y, Q = \system.core.capture.sum, rval = 0).
Adding EN signal on $auto$ff.cc:337:slice$6665 ($sdff) from module upduino_known (D = $flatten\system.\core.\capture.$procmux$5276_Y, Q = \system.core.capture.sum).
Adding SRST signal on $flatten\system.\core.\capture.$procdff$5533 ($dff) from module upduino_known (D = $flatten\system.\core.\capture.$procmux$5295_Y, Q = \system.core.capture.current_id, rval = 0).
Adding EN signal on $auto$ff.cc:337:slice$6671 ($sdff) from module upduino_known (D = { 24'000000000000000000000000 \system.controller.generated [17:10] }, Q = \system.core.capture.current_id).
Adding SRST signal on $flatten\system.\core.\capture.$procdff$5532 ($dff) from module upduino_known (D = $flatten\system.\core.\capture.$procmux$5310_Y, Q = \system.core.capture.position, rval = 10'0000000000).
Adding EN signal on $auto$ff.cc:337:slice$6679 ($sdff) from module upduino_known (D = $flatten\system.\core.\capture.$procmux$5305_Y, Q = \system.core.capture.position).
Adding SRST signal on $flatten\system.\core.\capture.$procdff$5531 ($dff) from module upduino_known (D = $flatten\system.\core.\capture.$procmux$5324_Y, Q = \system.core.capture.draining, rval = 1'0).
Adding EN signal on $auto$ff.cc:337:slice$6685 ($sdff) from module upduino_known (D = $flatten\system.\core.\capture.$procmux$5322_Y, Q = \system.core.capture.draining).
Adding SRST signal on $flatten\system.\core.\capture.$procdff$5530 ($dff) from module upduino_known (D = $flatten\system.\core.\capture.$procmux$5330_Y, Q = \system.core.capture.head_bank, rval = 1'0).
Adding EN signal on $auto$ff.cc:337:slice$6687 ($sdff) from module upduino_known (D = $flatten\system.\core.\capture.$not$rtl/core/known_capture.sv:41$1117_Y, Q = \system.core.capture.head_bank).
Adding SRST signal on $flatten\system.\core.\capture.$procdff$5529 ($dff) from module upduino_known (D = $flatten\system.\core.\capture.$procmux$5345_Y, Q = \system.core.capture.wr_bank, rval = 1'0).
Adding EN signal on $auto$ff.cc:337:slice$6689 ($sdff) from module upduino_known (D = $flatten\system.\core.\capture.$not$rtl/core/known_capture.sv:52$1173_Y, Q = \system.core.capture.wr_bank).
Adding SRST signal on $flatten\system.\core.\capture.$procdff$5528 ($dff) from module upduino_known (D = $flatten\system.\core.\capture.$3$lookahead\full$1036[1:0]$1135, Q = \system.core.capture.full, rval = 2'00).
Adding EN signal on $flatten\system.\core.\capture.$procdff$5527 ($dff) from module upduino_known (D = $flatten\system.\core.\capture.$memrd$\raw1$rtl/core/known_capture.sv:32$1062_DATA, Q = \system.core.capture.q1).
Adding EN signal on $flatten\system.\core.\capture.$procdff$5526 ($dff) from module upduino_known (D = $flatten\system.\core.\capture.$memrd$\raw0$rtl/core/known_capture.sv:32$1061_DATA, Q = \system.core.capture.q0).
Adding SRST signal on $flatten\system.\core.\capture.$procdff$5525 ($dff) from module upduino_known (D = $flatten\system.\core.\capture.$3$lookahead\busy$1037[1:0]$1119, Q = \system.core.capture.busy, rval = 2'00).
Adding SRST signal on $flatten\system.\core.\capture.$procdff$5524 ($dff) from module upduino_known (D = $flatten\system.\core.\capture.$procmux$5355_Y, Q = \system.core.capture.accepted_samples, rval = 0).
Adding EN signal on $auto$ff.cc:337:slice$6701 ($sdff) from module upduino_known (D = $flatten\system.\core.\capture.$add$rtl/core/known_capture.sv:44$1136_Y, Q = \system.core.capture.accepted_samples).
Adding SRST signal on $flatten\system.\core.\capture.$procdff$5523 ($dff) from module upduino_known (D = $flatten\system.\core.\capture.$procmux$5367_Y, Q = \system.core.capture.protocol_errors, rval = 0).
Adding EN signal on $auto$ff.cc:337:slice$6703 ($sdff) from module upduino_known (D = $flatten\system.\core.\capture.$add$rtl/core/known_capture.sv:47$1153_Y, Q = \system.core.capture.protocol_errors).
Adding SRST signal on $flatten\system.\controller.$procdff$5499 ($dff) from module upduino_known (D = $flatten\system.\controller.$procmux$4513_Y, Q = \system.controller.crc, rval = 32'11111111111111111111111111111111).
Adding EN signal on $auto$ff.cc:337:slice$6709 ($sdff) from module upduino_known (D = $flatten\system.\controller.$procmux$4513_Y, Q = \system.controller.crc).
Adding SRST signal on $flatten\system.\controller.$procdff$5513 ($dff) from module upduino_known (D = $flatten\system.\controller.$procmux$4363_Y, Q = \system.controller.max_level, rval = 9'000000000).
Adding EN signal on $auto$ff.cc:337:slice$6717 ($sdff) from module upduino_known (D = \system.controller.level, Q = \system.controller.max_level).
Adding SRST signal on $flatten\system.\controller.$procdff$5493 ($dff) from module upduino_known (D = $flatten\system.\controller.$procmux$4632_Y, Q = \system.controller.blank, rval = 1'1).
Adding EN signal on $auto$ff.cc:337:slice$6719 ($sdff) from module upduino_known (D = 1'0, Q = \system.controller.blank).
Adding SRST signal on $flatten\system.\controller.$procdff$5512 ($dff) from module upduino_known (D = $flatten\system.\controller.$procmux$4368_Y, Q = \system.controller.level, rval = 9'000000000).
Adding EN signal on $auto$ff.cc:337:slice$6723 ($sdff) from module upduino_known (D = $flatten\system.\controller.$procmux$4368_Y, Q = \system.controller.level).
Adding SRST signal on $flatten\system.\controller.$procdff$5494 ($dff) from module upduino_known (D = $flatten\system.\controller.$procmux$4613_Y, Q = \system.controller.committed, rval = 1'0).
Adding EN signal on $auto$ff.cc:337:slice$6727 ($sdff) from module upduino_known (D = $flatten\system.\controller.$logic_not$rtl/io/known_replay_controller.sv:196$890_Y, Q = \system.controller.committed).
Adding SRST signal on $flatten\system.\controller.$procdff$5511 ($dff) from module upduino_known (D = $flatten\system.\controller.$procmux$4374_Y, Q = \system.controller.rp, rval = 8'00000000).
Adding EN signal on $auto$ff.cc:337:slice$6731 ($sdff) from module upduino_known (D = $flatten\system.\controller.$add$rtl/io/known_replay_controller.sv:116$801_Y, Q = \system.controller.rp).
Adding SRST signal on $flatten\system.\controller.$procdff$5510 ($dff) from module upduino_known (D = $flatten\system.\controller.$procmux$4379_Y, Q = \system.controller.wp, rval = 8'00000000).
Adding EN signal on $auto$ff.cc:337:slice$6733 ($sdff) from module upduino_known (D = $flatten\system.\controller.$add$rtl/io/known_replay_controller.sv:115$800_Y, Q = \system.controller.wp).
Adding SRST signal on $flatten\system.\controller.$procdff$5509 ($dff) from module upduino_known (D = $flatten\system.\controller.$procmux$4384_Y, Q = \system.controller.result_seen, rval = 1'0).
Adding EN signal on $auto$ff.cc:337:slice$6735 ($sdff) from module upduino_known (D = 1'1, Q = \system.controller.result_seen).
Adding SRST signal on $flatten\system.\controller.$procdff$5495 ($dff) from module upduino_known (D = $flatten\system.\controller.$procmux$4606_Y, Q = \system.controller.active, rval = 1'0).
Adding SRST signal on $flatten\system.\controller.$procdff$5508 ($dff) from module upduino_known (D = $flatten\system.\controller.$procmux$4409_Y, Q = \system.controller.tail, rval = 22'0000000000000000000000).
Adding EN signal on $auto$ff.cc:337:slice$6738 ($sdff) from module upduino_known (D = $flatten\system.\controller.$add$rtl/io/known_replay_controller.sv:184$881_Y, Q = \system.controller.tail).
Adding SRST signal on $flatten\system.\controller.$procdff$5507 ($dff) from module upduino_known (D = $flatten\system.\controller.$procmux$4414_Y, Q = \system.controller.result_tick, rval = 31'0000000000000000000000000000000).
Adding EN signal on $auto$ff.cc:337:slice$6750 ($sdff) from module upduino_known (D = \system.controller.tick, Q = \system.controller.result_tick).
Adding SRST signal on $flatten\system.\controller.$procdff$5500 ($dff) from module upduino_known (D = $flatten\system.\controller.$procmux$4498_Y, Q = \system.controller.loaded, rval = 19'0000000000000000000).
Adding EN signal on $auto$ff.cc:337:slice$6752 ($sdff) from module upduino_known (D = $flatten\system.\controller.$add$rtl/io/known_replay_controller.sv:169$863_Y, Q = \system.controller.loaded).
Adding SRST signal on $flatten\system.\controller.$procdff$5501 ($dff) from module upduino_known (D = $flatten\system.\controller.$procmux$4484_Y, Q = \system.controller.generated, rval = 18'000000000000000000).
Adding EN signal on $auto$ff.cc:337:slice$6756 ($sdff) from module upduino_known (D = $flatten\system.\controller.$add$rtl/io/known_replay_controller.sv:124$815_Y, Q = \system.controller.generated).
Adding SRST signal on $flatten\system.\controller.$procdff$5502 ($dff) from module upduino_known (D = $flatten\system.\controller.$procmux$4458_Y, Q = \system.controller.byte_index, rval = 8'00000000).
Adding EN signal on $auto$ff.cc:337:slice$6760 ($sdff) from module upduino_known (D = $flatten\system.\controller.$procmux$4458_Y, Q = \system.controller.byte_index).
Adding SRST signal on $flatten\system.\controller.$procdff$5503 ($dff) from module upduino_known (D = $flatten\system.\controller.$procmux$4450_Y, Q = \system.controller.low_byte, rval = 8'00000000).
Adding EN signal on $auto$ff.cc:337:slice$6776 ($sdff) from module upduino_known (D = \system.transport.rd_data, Q = \system.controller.low_byte).
Adding SRST signal on $flatten\system.\controller.$procdff$5504 ($dff) from module upduino_known (D = $flatten\system.\controller.$add$rtl/io/known_replay_controller.sv:109$797_Y, Q = \system.controller.tick, rval = 31'0000000000000000000000000000000).
Adding SRST signal on $flatten\system.\controller.$procdff$5505 ($dff) from module upduino_known (D = $flatten\system.\controller.$procmux$4434_Y, Q = \system.controller.first_tick, rval = 31'0000000000000000000000000000000).
Adding EN signal on $auto$ff.cc:337:slice$6783 ($sdff) from module upduino_known (D = \system.controller.tick, Q = \system.controller.first_tick).
Adding SRST signal on $flatten\system.\controller.$procdff$5506 ($dff) from module upduino_known (D = $flatten\system.\controller.$procmux$4424_Y, Q = \system.controller.last_tick, rval = 31'0000000000000000000000000000000).
Adding EN signal on $auto$ff.cc:337:slice$6787 ($sdff) from module upduino_known (D = \system.controller.tick, Q = \system.controller.last_tick).
Adding EN signal on $flatten\system.\core.\lanes[0].rom.$procdff$5478 ($dff) from module upduino_known (D = $flatten\system.\core.\lanes[0].rom.$logic_and$rtl/core/vib_coeff_rom.sv:30$995_Y, Q = \system.core.lanes[0].rom.is_zero).
Adding EN signal on $flatten\system.\core.\lanes[0].rom.$procdff$5477 ($dff) from module upduino_known (D = $flatten\system.\core.\lanes[0].rom.$logic_or$rtl/core/vib_coeff_rom.sv:29$993_Y, Q = \system.core.lanes[0].rom.negative).
Adding EN signal on $flatten\system.\core.\lanes[0].rom.$procdff$5476 ($dff) from module upduino_known (D = $flatten\system.\core.\lanes[0].rom.$memrd$\quarter$rtl/core/vib_coeff_rom.sv:28$990_DATA, Q = \system.core.lanes[0].rom.magnitude).
Adding EN signal on $flatten\system.\core.\lanes[1].rom.$procdff$5478 ($dff) from module upduino_known (D = $flatten\system.\core.\lanes[1].rom.$logic_and$rtl/core/vib_coeff_rom.sv:30$995_Y, Q = \system.core.lanes[1].rom.is_zero).
Adding EN signal on $flatten\system.\core.\lanes[1].rom.$procdff$5477 ($dff) from module upduino_known (D = $flatten\system.\core.\lanes[1].rom.$logic_or$rtl/core/vib_coeff_rom.sv:29$993_Y, Q = \system.core.lanes[1].rom.negative).
Adding EN signal on $flatten\system.\core.\lanes[1].rom.$procdff$5476 ($dff) from module upduino_known (D = $flatten\system.\core.\lanes[1].rom.$memrd$\quarter$rtl/core/vib_coeff_rom.sv:28$990_DATA, Q = \system.core.lanes[1].rom.magnitude).
Adding EN signal on $flatten\system.\core.\lanes[2].rom.$procdff$5478 ($dff) from module upduino_known (D = $flatten\system.\core.\lanes[2].rom.$logic_and$rtl/core/vib_coeff_rom.sv:30$995_Y, Q = \system.core.lanes[2].rom.is_zero).
Adding EN signal on $flatten\system.\core.\lanes[2].rom.$procdff$5477 ($dff) from module upduino_known (D = $flatten\system.\core.\lanes[2].rom.$logic_or$rtl/core/vib_coeff_rom.sv:29$993_Y, Q = \system.core.lanes[2].rom.negative).
Adding EN signal on $flatten\system.\core.\lanes[2].rom.$procdff$5476 ($dff) from module upduino_known (D = $flatten\system.\core.\lanes[2].rom.$memrd$\quarter$rtl/core/vib_coeff_rom.sv:28$990_DATA, Q = \system.core.lanes[2].rom.magnitude).
Adding EN signal on $flatten\system.\core.\lanes[3].rom.$procdff$5478 ($dff) from module upduino_known (D = $flatten\system.\core.\lanes[3].rom.$logic_and$rtl/core/vib_coeff_rom.sv:30$995_Y, Q = \system.core.lanes[3].rom.is_zero).
Adding EN signal on $flatten\system.\core.\lanes[3].rom.$procdff$5477 ($dff) from module upduino_known (D = $flatten\system.\core.\lanes[3].rom.$logic_or$rtl/core/vib_coeff_rom.sv:29$993_Y, Q = \system.core.lanes[3].rom.negative).
Adding EN signal on $flatten\system.\core.\lanes[3].rom.$procdff$5476 ($dff) from module upduino_known (D = $flatten\system.\core.\lanes[3].rom.$memrd$\quarter$rtl/core/vib_coeff_rom.sv:28$990_DATA, Q = \system.core.lanes[3].rom.magnitude).
Setting constant 0-bit at position 0 on $auto$ff.cc:337:slice$6601 ($sdffe) from module upduino_known.
Setting constant 0-bit at position 1 on $auto$ff.cc:337:slice$6601 ($sdffe) from module upduino_known.
Setting constant 0-bit at position 2 on $auto$ff.cc:337:slice$6601 ($sdffe) from module upduino_known.
Setting constant 0-bit at position 3 on $auto$ff.cc:337:slice$6601 ($sdffe) from module upduino_known.
Setting constant 0-bit at position 4 on $auto$ff.cc:337:slice$6601 ($sdffe) from module upduino_known.
Setting constant 0-bit at position 8 on $auto$ff.cc:337:slice$6672 ($sdffe) from module upduino_known.
Setting constant 0-bit at position 9 on $auto$ff.cc:337:slice$6672 ($sdffe) from module upduino_known.
Setting constant 0-bit at position 10 on $auto$ff.cc:337:slice$6672 ($sdffe) from module upduino_known.
Setting constant 0-bit at position 11 on $auto$ff.cc:337:slice$6672 ($sdffe) from module upduino_known.
Setting constant 0-bit at position 12 on $auto$ff.cc:337:slice$6672 ($sdffe) from module upduino_known.
Setting constant 0-bit at position 13 on $auto$ff.cc:337:slice$6672 ($sdffe) from module upduino_known.
Setting constant 0-bit at position 14 on $auto$ff.cc:337:slice$6672 ($sdffe) from module upduino_known.
Setting constant 0-bit at position 15 on $auto$ff.cc:337:slice$6672 ($sdffe) from module upduino_known.
Setting constant 0-bit at position 16 on $auto$ff.cc:337:slice$6672 ($sdffe) from module upduino_known.
Setting constant 0-bit at position 17 on $auto$ff.cc:337:slice$6672 ($sdffe) from module upduino_known.
Setting constant 0-bit at position 18 on $auto$ff.cc:337:slice$6672 ($sdffe) from module upduino_known.
Setting constant 0-bit at position 19 on $auto$ff.cc:337:slice$6672 ($sdffe) from module upduino_known.
Setting constant 0-bit at position 20 on $auto$ff.cc:337:slice$6672 ($sdffe) from module upduino_known.
Setting constant 0-bit at position 21 on $auto$ff.cc:337:slice$6672 ($sdffe) from module upduino_known.
Setting constant 0-bit at position 22 on $auto$ff.cc:337:slice$6672 ($sdffe) from module upduino_known.
Setting constant 0-bit at position 23 on $auto$ff.cc:337:slice$6672 ($sdffe) from module upduino_known.
Setting constant 0-bit at position 24 on $auto$ff.cc:337:slice$6672 ($sdffe) from module upduino_known.
Setting constant 0-bit at position 25 on $auto$ff.cc:337:slice$6672 ($sdffe) from module upduino_known.
Setting constant 0-bit at position 26 on $auto$ff.cc:337:slice$6672 ($sdffe) from module upduino_known.
Setting constant 0-bit at position 27 on $auto$ff.cc:337:slice$6672 ($sdffe) from module upduino_known.
Setting constant 0-bit at position 28 on $auto$ff.cc:337:slice$6672 ($sdffe) from module upduino_known.
Setting constant 0-bit at position 29 on $auto$ff.cc:337:slice$6672 ($sdffe) from module upduino_known.
Setting constant 0-bit at position 30 on $auto$ff.cc:337:slice$6672 ($sdffe) from module upduino_known.
Setting constant 0-bit at position 31 on $auto$ff.cc:337:slice$6672 ($sdffe) from module upduino_known.

10.14.7. Executing OPT_CLEAN pass (remove unused cells and wires).
Finding unused cells or wires in module \upduino_known..
Removed 284 unused cells and 353 unused wires.
<suppressed ~285 debug messages>

10.14.8. Executing OPT_EXPR pass (perform const folding).
Optimizing module upduino_known.
<suppressed ~48 debug messages>

10.14.9. Rerunning OPT passes. (Maybe there is more to do..)

10.14.10. Executing OPT_MUXTREE pass (detect dead branches in mux trees).
Running muxtree optimizer on module \upduino_known..
  Creating internal representation of mux trees.
  Evaluating internal representation of mux trees.
  Analyzing evaluation results.
Removed 0 multiplexer ports.
<suppressed ~568 debug messages>

10.14.11. Executing OPT_REDUCE pass (consolidate $*mux and $reduce_* inputs).
  Optimizing cells in module \upduino_known.
Performed a total of 0 changes.

10.14.12. Executing OPT_MERGE pass (detect identical cells).
Finding identical cells in module `\upduino_known'.
Computing hashes of 1419 cells of `\upduino_known'.
Finding duplicate cells in `\upduino_known'.
Computing hashes of 1325 cells of `\upduino_known'.
Finding duplicate cells in `\upduino_known'.
Computing hashes of 1316 cells of `\upduino_known'.
Finding duplicate cells in `\upduino_known'.
<suppressed ~309 debug messages>
Removed a total of 103 cells.

10.14.13. Executing OPT_DFF pass (perform DFF optimizations).
Setting constant 0-bit at position 3 on $auto$ff.cc:337:slice$6513 ($sdffe) from module upduino_known.
Setting constant 0-bit at position 4 on $auto$ff.cc:337:slice$6513 ($sdffe) from module upduino_known.
Setting constant 0-bit at position 5 on $auto$ff.cc:337:slice$6513 ($sdffe) from module upduino_known.
Setting constant 0-bit at position 6 on $auto$ff.cc:337:slice$6513 ($sdffe) from module upduino_known.
Setting constant 0-bit at position 7 on $auto$ff.cc:337:slice$6513 ($sdffe) from module upduino_known.

10.14.14. Executing OPT_CLEAN pass (remove unused cells and wires).
Finding unused cells or wires in module \upduino_known..
Removed 0 unused cells and 103 unused wires.
<suppressed ~1 debug messages>

10.14.15. Executing OPT_EXPR pass (perform const folding).
Optimizing module upduino_known.

10.14.16. Rerunning OPT passes. (Maybe there is more to do..)

10.14.17. Executing OPT_MUXTREE pass (detect dead branches in mux trees).
Running muxtree optimizer on module \upduino_known..
  Creating internal representation of mux trees.
  Evaluating internal representation of mux trees.
  Analyzing evaluation results.
Removed 0 multiplexer ports.
<suppressed ~571 debug messages>

10.14.18. Executing OPT_REDUCE pass (consolidate $*mux and $reduce_* inputs).
  Optimizing cells in module \upduino_known.
Performed a total of 0 changes.

10.14.19. Executing OPT_MERGE pass (detect identical cells).
Finding identical cells in module `\upduino_known'.
Computing hashes of 1316 cells of `\upduino_known'.
Finding duplicate cells in `\upduino_known'.
Removed a total of 0 cells.

10.14.20. Executing OPT_DFF pass (perform DFF optimizations).

10.14.21. Executing OPT_CLEAN pass (remove unused cells and wires).
Finding unused cells or wires in module \upduino_known..

10.14.22. Executing OPT_EXPR pass (perform const folding).
Optimizing module upduino_known.

10.14.23. Finished fast OPT passes. (There is nothing left to do.)

10.15. Executing WREDUCE pass (reducing word size of cells).
Removed top 24 address bits (of 32) from memory init port upduino_known.$flatten\system.\core.\lanes[3].rom.$meminit$\quarter$rtl/core/vib_coeff_rom.sv:24$999 (system.core.lanes[3].rom.quarter).
Removed top 24 address bits (of 32) from memory init port upduino_known.$flatten\system.\core.\lanes[2].rom.$meminit$\quarter$rtl/core/vib_coeff_rom.sv:24$999 (system.core.lanes[2].rom.quarter).
Removed top 24 address bits (of 32) from memory init port upduino_known.$flatten\system.\core.\lanes[1].rom.$meminit$\quarter$rtl/core/vib_coeff_rom.sv:24$999 (system.core.lanes[1].rom.quarter).
Removed top 24 address bits (of 32) from memory init port upduino_known.$flatten\system.\core.\lanes[0].rom.$meminit$\quarter$rtl/core/vib_coeff_rom.sv:24$999 (system.core.lanes[0].rom.quarter).
Removed top 31 address bits (of 32) from memory init port upduino_known.$flatten\system.\core.\capture.$auto$proc_memwr.cc:45:proc_memwr$5562 (system.core.capture.ids).
Removed top 31 address bits (of 32) from memory init port upduino_known.$flatten\system.\core.\capture.$auto$proc_memwr.cc:45:proc_memwr$5563 (system.core.capture.ids).
Removed top 31 address bits (of 32) from memory init port upduino_known.$flatten\system.\core.\capture.$auto$proc_memwr.cc:45:proc_memwr$5564 (system.core.capture.sums).
Removed top 31 address bits (of 32) from memory init port upduino_known.$flatten\system.\core.\capture.$auto$proc_memwr.cc:45:proc_memwr$5565 (system.core.capture.sums).
Removed top 22 address bits (of 32) from memory init port upduino_known.$flatten\system.\core.$meminit$\log_table$rtl/core/known_spectral_core.sv:53$1436 (system.core.log_table).
Removed top 23 address bits (of 32) from memory init port upduino_known.$flatten\system.\core.$meminit$\weights$rtl/core/known_spectral_core.sv:52$1435 (system.core.weights).
Removed top 23 address bits (of 32) from memory init port upduino_known.$flatten\system.\core.$meminit$\gains$rtl/core/known_spectral_core.sv:51$1434 (system.core.gains).
Removed top 23 address bits (of 32) from memory init port upduino_known.$flatten\system.\core.$meminit$\means$rtl/core/known_spectral_core.sv:50$1433 (system.core.means).
Removed top 1 bits (of 2) from port B of cell upduino_known.$auto$simple.cc:194:make_patterns_logic$6767 ($ne).
Removed top 1 bits (of 2) from port B of cell upduino_known.$auto$simple.cc:194:make_patterns_logic$6765 ($ne).
Removed top 1 bits (of 2) from port B of cell upduino_known.$auto$simple.cc:194:make_patterns_logic$6642 ($ne).
Removed top 1 bits (of 2) from port B of cell upduino_known.$auto$simple.cc:194:make_patterns_logic$6634 ($ne).
Removed top 1 bits (of 2) from port B of cell upduino_known.$auto$simple.cc:194:make_patterns_logic$6623 ($ne).
Removed top 1 bits (of 2) from port B of cell upduino_known.$auto$simple.cc:194:make_patterns_logic$6583 ($ne).
Removed top 1 bits (of 2) from port B of cell upduino_known.$auto$simple.cc:194:make_patterns_logic$6532 ($ne).
Removed top 1 bits (of 2) from port B of cell upduino_known.$auto$simple.cc:194:make_patterns_logic$6530 ($ne).
Removed top 1 bits (of 2) from port B of cell upduino_known.$auto$simple.cc:194:make_patterns_logic$6491 ($ne).
Removed top 1 bits (of 2) from port B of cell upduino_known.$auto$simple.cc:194:make_patterns_logic$6458 ($ne).
Removed top 1 bits (of 2) from port B of cell upduino_known.$auto$simple.cc:194:make_patterns_logic$6456 ($ne).
Removed top 1 bits (of 2) from port B of cell upduino_known.$auto$simple.cc:194:make_patterns_logic$6454 ($ne).
Removed top 1 bits (of 2) from port B of cell upduino_known.$auto$simple.cc:194:make_patterns_logic$6452 ($ne).
Removed top 1 bits (of 2) from port B of cell upduino_known.$auto$simple.cc:194:make_patterns_logic$6402 ($ne).
Removed top 1 bits (of 2) from port B of cell upduino_known.$auto$simple.cc:194:make_patterns_logic$6400 ($ne).
Removed top 1 bits (of 2) from port B of cell upduino_known.$auto$simple.cc:194:make_patterns_logic$6398 ($ne).
Removed top 1 bits (of 2) from port B of cell upduino_known.$auto$simple.cc:194:make_patterns_logic$6388 ($ne).
Removed top 1 bits (of 2) from port B of cell upduino_known.$auto$simple.cc:194:make_patterns_logic$6374 ($ne).
Removed top 1 bits (of 2) from port B of cell upduino_known.$auto$simple.cc:194:make_patterns_logic$6358 ($ne).
Removed top 1 bits (of 2) from port B of cell upduino_known.$auto$simple.cc:194:make_patterns_logic$6346 ($ne).
Removed top 1 bits (of 8) from FF cell upduino_known.$auto$ff.cc:337:slice$6275 ($sdffe).
Removed top 1 bits (of 3) from port B of cell upduino_known.$auto$simple.cc:194:make_patterns_logic$6179 ($ne).
Removed top 1 bits (of 2) from port B of cell upduino_known.$auto$simple.cc:194:make_patterns_logic$6153 ($ne).
Removed top 2 bits (of 3) from port B of cell upduino_known.$auto$fsm_map.cc:77:implement_pattern_cache$6036 ($eq).
Removed top 1 bits (of 2) from port B of cell upduino_known.$auto$fsm_map.cc:77:implement_pattern_cache$6029 ($eq).
Removed top 1 bits (of 2) from port B of cell upduino_known.$auto$fsm_map.cc:77:implement_pattern_cache$6025 ($eq).
Removed top 1 bits (of 2) from port B of cell upduino_known.$auto$fsm_map.cc:77:implement_pattern_cache$6016 ($eq).
Removed top 1 bits (of 3) from port B of cell upduino_known.$auto$fsm_map.cc:77:implement_pattern_cache$6012 ($eq).
Removed top 2 bits (of 4) from port B of cell upduino_known.$auto$fsm_map.cc:77:implement_pattern_cache$5969 ($eq).
Removed top 1 bits (of 3) from port B of cell upduino_known.$auto$fsm_map.cc:77:implement_pattern_cache$5943 ($eq).
Removed top 1 bits (of 4) from port B of cell upduino_known.$auto$fsm_map.cc:77:implement_pattern_cache$5925 ($eq).
Removed top 1 bits (of 3) from port B of cell upduino_known.$auto$fsm_map.cc:77:implement_pattern_cache$5822 ($eq).
Removed top 1 bits (of 3) from port B of cell upduino_known.$auto$fsm_map.cc:77:implement_pattern_cache$5809 ($eq).
Removed top 1 bits (of 3) from port B of cell upduino_known.$auto$fsm_map.cc:77:implement_pattern_cache$5769 ($eq).
Removed top 1 bits (of 3) from port B of cell upduino_known.$auto$fsm_map.cc:77:implement_pattern_cache$5726 ($eq).
Removed top 1 bits (of 3) from port B of cell upduino_known.$auto$fsm_map.cc:77:implement_pattern_cache$5703 ($eq).
Removed top 2 bits (of 4) from port B of cell upduino_known.$auto$fsm_map.cc:77:implement_pattern_cache$5676 ($eq).
Removed top 15 bits (of 32) from port B of cell upduino_known.$lt$rtl/upduino_known.sv:10$393 ($lt).
Removed top 1 bits (of 11) from port Y of cell upduino_known.$flatten\system.\core.$add$rtl/core/known_spectral_core.sv:61$1203 ($add).
Removed top 1 bits (of 11) from port A of cell upduino_known.$flatten\system.\core.$add$rtl/core/known_spectral_core.sv:61$1203 ($add).
Removed top 21 bits (of 32) from port B of cell upduino_known.$flatten\system.\core.$lt$rtl/core/known_spectral_core.sv:69$1205 ($lt).
Converting cell upduino_known.$flatten\system.\core.$sub$rtl/core/known_spectral_core.sv:70$1207 ($sub) from unsigned to signed.
Removed top 16 bits (of 32) from port A of cell upduino_known.$flatten\system.\core.$sub$rtl/core/known_spectral_core.sv:70$1207 ($sub).
Removed top 16 bits (of 32) from port B of cell upduino_known.$flatten\system.\core.$sub$rtl/core/known_spectral_core.sv:70$1207 ($sub).
Removed top 15 bits (of 32) from port Y of cell upduino_known.$flatten\system.\core.$sub$rtl/core/known_spectral_core.sv:70$1207 ($sub).
Converting cell upduino_known.$flatten\system.\core.$sub$rtl/core/known_spectral_core.sv:72$1212 ($sub) from unsigned to signed.
Removed top 1 bits (of 17) from port A of cell upduino_known.$flatten\system.\core.$sub$rtl/core/known_spectral_core.sv:72$1212 ($sub).
Removed top 1 bits (of 17) from port B of cell upduino_known.$flatten\system.\core.$sub$rtl/core/known_spectral_core.sv:72$1212 ($sub).
Removed top 1 bits (of 17) from port A of cell upduino_known.$flatten\system.\core.$add$rtl/core/known_spectral_core.sv:73$1215 ($add).
Removed top 16 bits (of 17) from port B of cell upduino_known.$flatten\system.\core.$add$rtl/core/known_spectral_core.sv:73$1215 ($add).
Removed top 1 bits (of 17) from port Y of cell upduino_known.$flatten\system.\core.$add$rtl/core/known_spectral_core.sv:73$1215 ($add).
Removed top 27 bits (of 32) from mux cell upduino_known.$flatten\system.\core.$ternary$rtl/core/known_spectral_core.sv:93$1226 ($mux).
Removed top 26 bits (of 32) from mux cell upduino_known.$flatten\system.\core.$ternary$rtl/core/known_spectral_core.sv:93$1227 ($mux).
Removed top 32 bits (of 64) from port A of cell upduino_known.$flatten\system.\core.$shl$rtl/core/known_spectral_core.sv:93$1228 ($shl).
Removed top 26 bits (of 32) from port B of cell upduino_known.$flatten\system.\core.$shl$rtl/core/known_spectral_core.sv:93$1228 ($shl).
Removed top 1 bits (of 65) from port A of cell upduino_known.$flatten\system.\core.$add$rtl/core/known_spectral_core.sv:95$1230 ($add).
Removed top 1 bits (of 65) from port B of cell upduino_known.$flatten\system.\core.$add$rtl/core/known_spectral_core.sv:95$1230 ($add).
Removed top 24 bits (of 32) from port B of cell upduino_known.$flatten\system.\core.$gt$rtl/core/known_spectral_core.sv:98$1232 ($gt).
Removed top 8 bits (of 64) from port A of cell upduino_known.$flatten\system.\core.$add$rtl/core/known_spectral_core.sv:98$1236 ($add).
Removed top 63 bits (of 64) from port B of cell upduino_known.$flatten\system.\core.$add$rtl/core/known_spectral_core.sv:98$1236 ($add).
Removed top 7 bits (of 64) from port Y of cell upduino_known.$flatten\system.\core.$add$rtl/core/known_spectral_core.sv:98$1236 ($add).
Removed top 39 bits (of 40) from port B of cell upduino_known.$flatten\system.\core.$add$rtl/core/known_spectral_core.sv:103$1241 ($add).
Removed top 25 bits (of 32) from port B of cell upduino_known.$flatten\system.\core.$gt$rtl/core/known_spectral_core.sv:105$1242 ($gt).
Converting cell upduino_known.$flatten\system.\core.$neg$rtl/core/known_spectral_core.sv:106$1244 ($neg) from signed to unsigned.
Removed top 1 bits (of 8) from port A of cell upduino_known.$flatten\system.\core.$neg$rtl/core/known_spectral_core.sv:106$1244 ($neg).
Removed top 1 bits (of 8) from mux cell upduino_known.$flatten\system.\core.$ternary$rtl/core/known_spectral_core.sv:106$1245 ($mux).
Removed top 21 bits (of 32) from port A of cell upduino_known.$flatten\system.\core.$add$rtl/core/known_spectral_core.sv:108$1247 ($add).
Removed top 20 bits (of 32) from port Y of cell upduino_known.$flatten\system.\core.$add$rtl/core/known_spectral_core.sv:108$1247 ($add).
Removed top 26 bits (of 32) from port B of cell upduino_known.$flatten\system.\core.$shr$rtl/core/known_spectral_core.sv:111$1252 ($shr).
Removed top 48 bits (of 64) from port Y of cell upduino_known.$flatten\system.\core.$shr$rtl/core/known_spectral_core.sv:111$1252 ($shr).
Converting cell upduino_known.$flatten\system.\core.$add$rtl/core/known_spectral_core.sv:113$1254 ($add) from unsigned to signed.
Removed top 12 bits (of 32) from port A of cell upduino_known.$flatten\system.\core.$add$rtl/core/known_spectral_core.sv:113$1254 ($add).
Removed top 19 bits (of 32) from port B of cell upduino_known.$flatten\system.\core.$add$rtl/core/known_spectral_core.sv:113$1254 ($add).
Removed top 11 bits (of 32) from port Y of cell upduino_known.$flatten\system.\core.$add$rtl/core/known_spectral_core.sv:113$1254 ($add).
Converting cell upduino_known.$flatten\system.\core.$sub$rtl/core/known_spectral_core.sv:113$1255 ($sub) from unsigned to signed.
Removed top 11 bits (of 32) from port A of cell upduino_known.$flatten\system.\core.$sub$rtl/core/known_spectral_core.sv:113$1255 ($sub).
Removed top 14 bits (of 32) from port B of cell upduino_known.$flatten\system.\core.$sub$rtl/core/known_spectral_core.sv:113$1255 ($sub).
Removed top 10 bits (of 32) from port Y of cell upduino_known.$flatten\system.\core.$sub$rtl/core/known_spectral_core.sv:113$1255 ($sub).
Removed top 10 bits (of 32) from port A of cell upduino_known.$flatten\system.\core.$lt$rtl/core/known_spectral_core.sv:114$1256 ($lt).
Removed top 13 bits (of 32) from port B of cell upduino_known.$flatten\system.\core.$lt$rtl/core/known_spectral_core.sv:114$1256 ($lt).
Removed top 26 bits (of 27) from port B of cell upduino_known.$flatten\system.\core.$add$rtl/core/known_spectral_core.sv:163$1296 ($add).
Removed top 4 bits (of 32) from port Y of cell upduino_known.$flatten\system.\core.$add$rtl/core/known_spectral_core.sv:163$1296 ($add).
Removed top 18 bits (of 19) from port B of cell upduino_known.$flatten\system.\core.$add$rtl/core/known_spectral_core.sv:164$1302 ($add).
Removed top 12 bits (of 32) from port Y of cell upduino_known.$flatten\system.\core.$add$rtl/core/known_spectral_core.sv:164$1302 ($add).
Removed top 25 bits (of 26) from port B of cell upduino_known.$flatten\system.\core.$add$rtl/core/known_spectral_core.sv:165$1308 ($add).
Removed top 5 bits (of 32) from port Y of cell upduino_known.$flatten\system.\core.$add$rtl/core/known_spectral_core.sv:165$1308 ($add).
Removed top 28 bits (of 32) from port B of cell upduino_known.$flatten\system.\core.$ge$rtl/core/known_spectral_core.sv:166$1310 ($ge).
Removed top 27 bits (of 32) from port B of cell upduino_known.$flatten\system.\core.$le$rtl/core/known_spectral_core.sv:166$1311 ($le).
Removed top 16 bits (of 17) from port B of cell upduino_known.$flatten\system.\core.$add$rtl/core/known_spectral_core.sv:166$1320 ($add).
Removed top 14 bits (of 32) from port Y of cell upduino_known.$flatten\system.\core.$add$rtl/core/known_spectral_core.sv:166$1320 ($add).
Removed top 22 bits (of 23) from port B of cell upduino_known.$flatten\system.\core.$add$rtl/core/known_spectral_core.sv:167$1321 ($add).
Removed top 8 bits (of 32) from port Y of cell upduino_known.$flatten\system.\core.$add$rtl/core/known_spectral_core.sv:167$1321 ($add).
Removed top 54 bits (of 64) from port A of cell upduino_known.$flatten\system.\core.$gt$rtl/core/known_spectral_core.sv:79$1336 ($gt).
Removed top 54 bits (of 64) from port B of cell upduino_known.$flatten\system.\core.$gt$rtl/core/known_spectral_core.sv:79$1336 ($gt).
Converting cell upduino_known.$flatten\system.\core.$add$rtl/core/known_spectral_core.sv:79$1340 ($add) from unsigned to signed.
Removed top 42 bits (of 64) from port A of cell upduino_known.$flatten\system.\core.$add$rtl/core/known_spectral_core.sv:79$1340 ($add).
Removed top 62 bits (of 64) from port B of cell upduino_known.$flatten\system.\core.$add$rtl/core/known_spectral_core.sv:79$1340 ($add).
Removed top 48 bits (of 64) from port Y of cell upduino_known.$flatten\system.\core.$add$rtl/core/known_spectral_core.sv:79$1340 ($add).
Removed top 6 bits (of 22) from port A of cell upduino_known.$flatten\system.\core.$add$rtl/core/known_spectral_core.sv:79$1340 ($add).
Removed top 31 bits (of 32) from port B of cell upduino_known.$flatten\system.\core.$add$rtl/core/known_spectral_core.sv:172$1342 ($add).
Removed top 15 bits (of 32) from port A of cell upduino_known.$flatten\system.\core.$gt$rtl/core/known_spectral_core.sv:180$1346 ($gt).
Removed top 16 bits (of 32) from port B of cell upduino_known.$flatten\system.\core.$gt$rtl/core/known_spectral_core.sv:180$1346 ($gt).
Removed top 15 bits (of 32) from port A of cell upduino_known.$flatten\system.\core.$lt$rtl/core/known_spectral_core.sv:180$1347 ($lt).
Removed top 16 bits (of 32) from port B of cell upduino_known.$flatten\system.\core.$lt$rtl/core/known_spectral_core.sv:180$1347 ($lt).
Removed top 1 bits (of 10) from mux cell upduino_known.$flatten\system.\core.$ternary$rtl/core/known_spectral_core.sv:192$1354 ($mux).
Removed top 1 bits (of 10) from mux cell upduino_known.$flatten\system.\core.$ternary$rtl/core/known_spectral_core.sv:192$1358 ($mux).
Removed top 22 bits (of 32) from port A of cell upduino_known.$flatten\system.\core.$add$rtl/core/known_spectral_core.sv:200$1362 ($add).
Removed top 31 bits (of 32) from port B of cell upduino_known.$flatten\system.\core.$add$rtl/core/known_spectral_core.sv:200$1362 ($add).
Removed top 22 bits (of 32) from port Y of cell upduino_known.$flatten\system.\core.$add$rtl/core/known_spectral_core.sv:200$1362 ($add).
Removed top 22 bits (of 32) from port Y of cell upduino_known.$flatten\system.\core.$add$rtl/core/known_spectral_core.sv:200$1363 ($add).
Removed top 30 bits (of 32) from port B of cell upduino_known.$flatten\system.\core.$add$rtl/core/known_spectral_core.sv:200$1364 ($add).
Removed top 20 bits (of 32) from port Y of cell upduino_known.$flatten\system.\core.$add$rtl/core/known_spectral_core.sv:200$1364 ($add).
Removed top 21 bits (of 32) from port A of cell upduino_known.$flatten\system.\core.$add$rtl/core/known_spectral_core.sv:200$1366 ($add).
Removed top 31 bits (of 32) from port B of cell upduino_known.$flatten\system.\core.$add$rtl/core/known_spectral_core.sv:200$1366 ($add).
Removed top 22 bits (of 32) from port Y of cell upduino_known.$flatten\system.\core.$add$rtl/core/known_spectral_core.sv:200$1366 ($add).
Removed top 1 bits (of 11) from port A of cell upduino_known.$flatten\system.\core.$add$rtl/core/known_spectral_core.sv:200$1366 ($add).
Removed top 22 bits (of 32) from port Y of cell upduino_known.$flatten\system.\core.$add$rtl/core/known_spectral_core.sv:200$1367 ($add).
Removed top 1 bits (of 11) from port B of cell upduino_known.$flatten\system.\core.$eq$rtl/core/known_spectral_core.sv:205$1373 ($eq).
Removed top 32 bits (of 64) from port B of cell upduino_known.$flatten\system.\core.$gt$rtl/core/known_spectral_core.sv:210$1376 ($gt).
Removed top 32 bits (of 64) from port B of cell upduino_known.$flatten\system.\core.$lt$rtl/core/known_spectral_core.sv:210$1377 ($lt).
Removed top 26 bits (of 33) from port A of cell upduino_known.$flatten\system.\core.$neg$rtl/core/known_spectral_core.sv:246$1399 ($neg).
Converting cell upduino_known.$flatten\system.\core.$neg$rtl/core/known_spectral_core.sv:246$1399 ($neg) from signed to unsigned.
Removed top 1 bits (of 7) from port A of cell upduino_known.$flatten\system.\core.$neg$rtl/core/known_spectral_core.sv:246$1399 ($neg).
Removed top 27 bits (of 32) from mux cell upduino_known.$flatten\system.\core.$ternary$rtl/core/known_spectral_core.sv:257$1406 ($mux).
Removed top 20 bits (of 32) from port B of cell upduino_known.$flatten\system.\core.$ge$rtl/core/known_spectral_core.sv:263$1409 ($ge).
Removed top 21 bits (of 32) from port B of cell upduino_known.$flatten\system.\core.$lt$rtl/core/known_spectral_core.sv:264$1412 ($lt).
Removed top 21 bits (of 32) from port B of cell upduino_known.$flatten\system.\core.$lt$rtl/core/known_spectral_core.sv:282$1428 ($lt).
Removed top 29 bits (of 32) from port B of cell upduino_known.$flatten\system.\core.$add$rtl/core/known_spectral_core.sv:282$1429 ($add).
Removed top 20 bits (of 32) from port Y of cell upduino_known.$flatten\system.\core.$add$rtl/core/known_spectral_core.sv:282$1429 ($add).
Removed top 17 bits (of 32) from port B of cell upduino_known.$flatten\system.\core.$gt$rtl/core/known_spectral_core.sv:288$1431 ($gt).
Removed top 56 bits (of 64) from port A of cell upduino_known.$flatten\system.\core.$gt$rtl/core/known_spectral_core.sv:79$1452 ($gt).
Removed top 56 bits (of 64) from port B of cell upduino_known.$flatten\system.\core.$gt$rtl/core/known_spectral_core.sv:79$1452 ($gt).
Converting cell upduino_known.$flatten\system.\core.$add$rtl/core/known_spectral_core.sv:79$1456 ($add) from unsigned to signed.
Removed top 24 bits (of 64) from port A of cell upduino_known.$flatten\system.\core.$add$rtl/core/known_spectral_core.sv:79$1456 ($add).
Removed top 62 bits (of 64) from port B of cell upduino_known.$flatten\system.\core.$add$rtl/core/known_spectral_core.sv:79$1456 ($add).
Removed top 23 bits (of 64) from port Y of cell upduino_known.$flatten\system.\core.$add$rtl/core/known_spectral_core.sv:79$1456 ($add).
Removed top 49 bits (of 64) from port A of cell upduino_known.$flatten\system.\core.$gt$rtl/core/known_spectral_core.sv:79$1466 ($gt).
Removed top 49 bits (of 64) from port B of cell upduino_known.$flatten\system.\core.$gt$rtl/core/known_spectral_core.sv:79$1466 ($gt).
Converting cell upduino_known.$flatten\system.\core.$add$rtl/core/known_spectral_core.sv:79$1470 ($add) from unsigned to signed.
Removed top 47 bits (of 64) from port A of cell upduino_known.$flatten\system.\core.$add$rtl/core/known_spectral_core.sv:79$1470 ($add).
Removed top 62 bits (of 64) from port B of cell upduino_known.$flatten\system.\core.$add$rtl/core/known_spectral_core.sv:79$1470 ($add).
Removed top 48 bits (of 64) from port Y of cell upduino_known.$flatten\system.\core.$add$rtl/core/known_spectral_core.sv:79$1470 ($add).
Removed top 1 bits (of 17) from port A of cell upduino_known.$flatten\system.\core.$add$rtl/core/known_spectral_core.sv:79$1470 ($add).
Removed top 1 bits (of 10) from port B of cell upduino_known.$flatten\system.\core.$add$rtl/core/known_spectral_core.sv:120$1478 ($add).
Removed top 1 bits (of 10) from port B of cell upduino_known.$flatten\system.\core.$add$rtl/core/known_spectral_core.sv:120$1493 ($add).
Removed top 1 bits (of 2) from port B of cell upduino_known.$flatten\system.\core.$procmux$1535_CMP0 ($eq).
Removed top 1 bits (of 5) from port B of cell upduino_known.$flatten\system.\core.$procmux$3149_CMP0 ($eq).
Removed top 1 bits (of 5) from port B of cell upduino_known.$flatten\system.\core.$procmux$3150_CMP0 ($eq).
Removed top 1 bits (of 5) from port B of cell upduino_known.$flatten\system.\core.$procmux$3154_CMP0 ($eq).
Removed top 1 bits (of 5) from port B of cell upduino_known.$flatten\system.\core.$procmux$3155_CMP0 ($eq).
Removed top 2 bits (of 5) from mux cell upduino_known.$flatten\system.\core.$procmux$3157 ($mux).
Removed top 1 bits (of 5) from port B of cell upduino_known.$flatten\system.\core.$procmux$3159_CMP0 ($eq).
Removed top 1 bits (of 5) from port B of cell upduino_known.$flatten\system.\core.$procmux$3160_CMP0 ($eq).
Removed top 2 bits (of 5) from mux cell upduino_known.$flatten\system.\core.$procmux$3164 ($mux).
Removed top 1 bits (of 5) from port B of cell upduino_known.$flatten\system.\core.$procmux$3174_CMP0 ($eq).
Removed top 2 bits (of 5) from port B of cell upduino_known.$flatten\system.\core.$procmux$3176_CMP0 ($eq).
Removed top 2 bits (of 5) from port B of cell upduino_known.$flatten\system.\core.$procmux$3180_CMP0 ($eq).
Removed top 2 bits (of 5) from port B of cell upduino_known.$flatten\system.\core.$procmux$3187_CMP0 ($eq).
Removed top 2 bits (of 5) from mux cell upduino_known.$flatten\system.\core.$procmux$3189 ($mux).
Removed top 3 bits (of 5) from port B of cell upduino_known.$flatten\system.\core.$procmux$3191_CMP0 ($eq).
Removed top 4 bits (of 5) from port B of cell upduino_known.$flatten\system.\core.$procmux$3193_CMP0 ($eq).
Removed top 1 bits (of 5) from port B of cell upduino_known.$flatten\system.\core.$procmux$3597_CMP0 ($eq).
Removed top 3 bits (of 5) from port B of cell upduino_known.$flatten\system.\core.$procmux$3599_CMP0 ($eq).
Removed top 2 bits (of 5) from port B of cell upduino_known.$flatten\system.\core.$procmux$3629_CMP0 ($eq).
Removed top 30 bits (of 32) from port Y of cell upduino_known.$flatten\system.\core.\capture.$or$rtl/core/known_capture.sv:52$1172 ($or).
Removed top 30 bits (of 32) from port A of cell upduino_known.$flatten\system.\core.\capture.$or$rtl/core/known_capture.sv:52$1172 ($or).
Removed top 30 bits (of 32) from port B of cell upduino_known.$flatten\system.\core.\capture.$or$rtl/core/known_capture.sv:52$1172 ($or).
Removed top 30 bits (of 32) from port Y of cell upduino_known.$flatten\system.\core.\capture.$and$rtl/core/known_capture.sv:52$1169 ($and).
Removed top 30 bits (of 32) from port B of cell upduino_known.$flatten\system.\core.\capture.$and$rtl/core/known_capture.sv:52$1169 ($and).
Removed top 30 bits (of 32) from port Y of cell upduino_known.$flatten\system.\core.\capture.$not$rtl/core/known_capture.sv:52$1168 ($not).
Removed top 30 bits (of 32) from port A of cell upduino_known.$flatten\system.\core.\capture.$not$rtl/core/known_capture.sv:52$1168 ($not).
Removed top 30 bits (of 32) from port Y of cell upduino_known.$flatten\system.\core.\capture.$shift$rtl/core/known_capture.sv:52$1167 ($shift).
Converting cell upduino_known.$flatten\system.\core.\capture.$neg$rtl/core/known_capture.sv:52$1166 ($neg) from signed to unsigned.
Removed top 1 bits (of 2) from port A of cell upduino_known.$flatten\system.\core.\capture.$neg$rtl/core/known_capture.sv:52$1166 ($neg).
Removed top 16 bits (of 32) from port B of cell upduino_known.$flatten\system.\core.\capture.$add$rtl/core/known_capture.sv:51$1165 ($add).
Removed top 31 bits (of 32) from port B of cell upduino_known.$flatten\system.\core.\capture.$add$rtl/core/known_capture.sv:47$1153 ($add).
Removed top 31 bits (of 32) from port B of cell upduino_known.$flatten\system.\core.\capture.$add$rtl/core/known_capture.sv:44$1136 ($add).
Removed top 30 bits (of 32) from port Y of cell upduino_known.$flatten\system.\core.\capture.$or$rtl/core/known_capture.sv:42$1126 ($or).
Removed top 30 bits (of 32) from port A of cell upduino_known.$flatten\system.\core.\capture.$or$rtl/core/known_capture.sv:42$1126 ($or).
Removed top 30 bits (of 32) from port B of cell upduino_known.$flatten\system.\core.\capture.$or$rtl/core/known_capture.sv:42$1126 ($or).
Removed top 30 bits (of 32) from port Y of cell upduino_known.$flatten\system.\core.\capture.$shift$rtl/core/known_capture.sv:42$1125 ($shift).
Removed top 30 bits (of 32) from port Y of cell upduino_known.$flatten\system.\core.\capture.$and$rtl/core/known_capture.sv:42$1123 ($and).
Removed top 30 bits (of 32) from port B of cell upduino_known.$flatten\system.\core.\capture.$and$rtl/core/known_capture.sv:42$1123 ($and).
Removed top 30 bits (of 32) from port Y of cell upduino_known.$flatten\system.\core.\capture.$not$rtl/core/known_capture.sv:42$1122 ($not).
Removed top 30 bits (of 32) from port A of cell upduino_known.$flatten\system.\core.\capture.$not$rtl/core/known_capture.sv:42$1122 ($not).
Removed top 30 bits (of 32) from port Y of cell upduino_known.$flatten\system.\core.\capture.$shift$rtl/core/known_capture.sv:42$1121 ($shift).
Converting cell upduino_known.$flatten\system.\core.\capture.$neg$rtl/core/known_capture.sv:42$1120 ($neg) from signed to unsigned.
Removed top 1 bits (of 2) from port A of cell upduino_known.$flatten\system.\core.\capture.$neg$rtl/core/known_capture.sv:42$1120 ($neg).
Removed top 30 bits (of 32) from port Y of cell upduino_known.$flatten\system.\core.\capture.$or$rtl/core/known_capture.sv:41$1116 ($or).
Removed top 30 bits (of 32) from port A of cell upduino_known.$flatten\system.\core.\capture.$or$rtl/core/known_capture.sv:41$1116 ($or).
Removed top 30 bits (of 32) from port B of cell upduino_known.$flatten\system.\core.\capture.$or$rtl/core/known_capture.sv:41$1116 ($or).
Removed top 30 bits (of 32) from port Y of cell upduino_known.$flatten\system.\core.\capture.$and$rtl/core/known_capture.sv:41$1113 ($and).
Removed top 30 bits (of 32) from port B of cell upduino_known.$flatten\system.\core.\capture.$and$rtl/core/known_capture.sv:41$1113 ($and).
Removed top 30 bits (of 32) from port Y of cell upduino_known.$flatten\system.\core.\capture.$or$rtl/core/known_capture.sv:41$1109 ($or).
Removed top 30 bits (of 32) from port A of cell upduino_known.$flatten\system.\core.\capture.$or$rtl/core/known_capture.sv:41$1109 ($or).
Removed top 30 bits (of 32) from port B of cell upduino_known.$flatten\system.\core.\capture.$or$rtl/core/known_capture.sv:41$1109 ($or).
Removed top 30 bits (of 32) from port Y of cell upduino_known.$flatten\system.\core.\capture.$shift$rtl/core/known_capture.sv:41$1108 ($shift).
Removed top 30 bits (of 32) from port Y of cell upduino_known.$flatten\system.\core.\capture.$and$rtl/core/known_capture.sv:41$1106 ($and).
Removed top 30 bits (of 32) from port B of cell upduino_known.$flatten\system.\core.\capture.$and$rtl/core/known_capture.sv:41$1106 ($and).
Removed top 30 bits (of 32) from port Y of cell upduino_known.$flatten\system.\core.\capture.$not$rtl/core/known_capture.sv:41$1105 ($not).
Removed top 30 bits (of 32) from port A of cell upduino_known.$flatten\system.\core.\capture.$not$rtl/core/known_capture.sv:41$1105 ($not).
Removed top 30 bits (of 32) from port Y of cell upduino_known.$flatten\system.\core.\capture.$shift$rtl/core/known_capture.sv:41$1104 ($shift).
Converting cell upduino_known.$flatten\system.\core.\capture.$neg$rtl/core/known_capture.sv:41$1103 ($neg) from signed to unsigned.
Removed top 1 bits (of 2) from port A of cell upduino_known.$flatten\system.\core.\capture.$neg$rtl/core/known_capture.sv:41$1103 ($neg).
Converting cell upduino_known.$flatten\system.\core.\capture.$add$rtl/core/known_capture.sv:23$1015 ($add) from unsigned to signed.
Removed top 1 bits (of 16) from port A of cell upduino_known.$flatten\system.\core.\capture.$add$rtl/core/known_capture.sv:23$1015 ($add).
Removed top 14 bits (of 16) from port B of cell upduino_known.$flatten\system.\core.\capture.$add$rtl/core/known_capture.sv:23$1015 ($add).
Removed top 1 bits (of 2) from port B of cell upduino_known.$flatten\system.\core.\lanes[0].rom.$eq$rtl/core/vib_coeff_rom.sv:29$991 ($eq).
Removed top 1 bits (of 2) from port B of cell upduino_known.$flatten\system.\core.\lanes[1].rom.$eq$rtl/core/vib_coeff_rom.sv:29$991 ($eq).
Removed top 1 bits (of 2) from port B of cell upduino_known.$flatten\system.\core.\lanes[2].rom.$eq$rtl/core/vib_coeff_rom.sv:29$991 ($eq).
Removed top 1 bits (of 2) from port B of cell upduino_known.$flatten\system.\core.\lanes[3].rom.$eq$rtl/core/vib_coeff_rom.sv:29$991 ($eq).
Removed top 31 bits (of 32) from mux cell upduino_known.$flatten\system.\controller.$ternary$rtl/io/known_replay_controller.sv:75$750 ($mux).
Removed top 29 bits (of 32) from mux cell upduino_known.$flatten\system.\controller.$ternary$rtl/io/known_replay_controller.sv:75$752 ($mux).
Removed top 26 bits (of 32) from port B of cell upduino_known.$flatten\system.\controller.$sub$rtl/io/known_replay_controller.sv:82$767 ($sub).
Removed top 25 bits (of 32) from port Y of cell upduino_known.$flatten\system.\controller.$sub$rtl/io/known_replay_controller.sv:82$767 ($sub).
Removed top 20 bits (of 32) from port B of cell upduino_known.$flatten\system.\controller.$shiftx$rtl/io/known_replay_controller.sv:82$770 ($shiftx).
Removed top 3 bits (of 24) from port A of cell upduino_known.$flatten\system.\controller.$add$rtl/io/known_replay_controller.sv:91$772 ($add).
Removed top 5 bits (of 24) from port B of cell upduino_known.$flatten\system.\controller.$add$rtl/io/known_replay_controller.sv:91$772 ($add).
Removed top 2 bits (of 24) from port Y of cell upduino_known.$flatten\system.\controller.$add$rtl/io/known_replay_controller.sv:91$772 ($add).
Removed top 21 bits (of 32) from port B of cell upduino_known.$flatten\system.\controller.$gt$rtl/io/known_replay_controller.sv:92$774 ($gt).
Removed top 13 bits (of 32) from port A of cell upduino_known.$flatten\system.\controller.$sub$rtl/io/known_replay_controller.sv:92$775 ($sub).
Removed top 12 bits (of 32) from port Y of cell upduino_known.$flatten\system.\controller.$sub$rtl/io/known_replay_controller.sv:92$775 ($sub).
Removed top 23 bits (of 32) from port B of cell upduino_known.$flatten\system.\controller.$lt$rtl/io/known_replay_controller.sv:93$779 ($lt).
Removed top 26 bits (of 32) from port B of cell upduino_known.$flatten\system.\controller.$shiftx$rtl/io/known_replay_controller.sv:95$783 ($shiftx).
Removed top 27 bits (of 32) from port B of cell upduino_known.$flatten\system.\controller.$shr$rtl/io/known_replay_controller.sv:97$785 ($shr).
Removed top 24 bits (of 32) from port Y of cell upduino_known.$flatten\system.\controller.$shr$rtl/io/known_replay_controller.sv:97$785 ($shr).
Removed top 26 bits (of 32) from port B of cell upduino_known.$flatten\system.\controller.$ge$rtl/io/known_replay_controller.sv:119$812 ($ge).
Removed top 26 bits (of 32) from port B of cell upduino_known.$flatten\system.\controller.$lt$rtl/io/known_replay_controller.sv:146$836 ($lt).
Removed top 2 bits (of 32) from port B of cell upduino_known.$flatten\system.\controller.$ne$rtl/io/known_replay_controller.sv:147$839 ($ne).
Removed top 31 bits (of 32) from port B of cell upduino_known.$flatten\system.\controller.$ne$rtl/io/known_replay_controller.sv:148$840 ($ne).
Removed top 21 bits (of 32) from port B of cell upduino_known.$flatten\system.\controller.$ne$rtl/io/known_replay_controller.sv:149$841 ($ne).
Removed top 24 bits (of 32) from port B of cell upduino_known.$flatten\system.\controller.$ne$rtl/io/known_replay_controller.sv:150$842 ($ne).
Removed top 29 bits (of 32) from port B of cell upduino_known.$flatten\system.\controller.$lt$rtl/io/known_replay_controller.sv:152$843 ($lt).
Removed top 18 bits (of 32) from port B of cell upduino_known.$flatten\system.\controller.$gt$rtl/io/known_replay_controller.sv:152$844 ($gt).
Removed top 13 bits (of 32) from port B of cell upduino_known.$flatten\system.\controller.$ne$rtl/io/known_replay_controller.sv:153$846 ($ne).
Removed top 26 bits (of 32) from port B of cell upduino_known.$flatten\system.\controller.$ge$rtl/io/known_replay_controller.sv:157$848 ($ge).
Removed top 26 bits (of 32) from port B of cell upduino_known.$flatten\system.\controller.$sub$rtl/io/known_replay_controller.sv:157$849 ($sub).
Removed top 23 bits (of 32) from port Y of cell upduino_known.$flatten\system.\controller.$sub$rtl/io/known_replay_controller.sv:157$849 ($sub).
Removed top 20 bits (of 32) from port B of cell upduino_known.$flatten\system.\controller.$shiftx$rtl/io/known_replay_controller.sv:157$852 ($shiftx).
Removed top 14 bits (of 32) from port B of cell upduino_known.$flatten\system.\controller.$ne$rtl/io/known_replay_controller.sv:181$875 ($ne).
Removed top 6 bits (of 8) from port B of cell upduino_known.$flatten\system.\controller.$eq$rtl/io/known_replay_controller.sv:195$889 ($eq).
Removed top 24 bits (of 32) from port B of cell upduino_known.$flatten\system.\controller.$lt$rtl/io/known_replay_controller.sv:199$896 ($lt).
Removed top 24 bits (of 32) from port B of cell upduino_known.$flatten\system.\controller.$xor$rtl/io/known_replay_controller.sv:63$906 ($xor).
Removed top 1 bits (of 14) from port A of cell upduino_known.$flatten\system.\controller.$auto$opt_expr.cc:702:replace_const_cells$5568 ($not).
Removed top 1 bits (of 14) from port A of cell upduino_known.$flatten\system.\controller.$auto$opt_expr.cc:702:replace_const_cells$5570 ($not).
Removed top 1 bits (of 14) from port A of cell upduino_known.$flatten\system.\controller.$auto$opt_expr.cc:702:replace_const_cells$5572 ($not).
Removed top 1 bits (of 14) from port A of cell upduino_known.$flatten\system.\controller.$auto$opt_expr.cc:702:replace_const_cells$5574 ($not).
Removed top 1 bits (of 14) from port A of cell upduino_known.$flatten\system.\controller.$auto$opt_expr.cc:702:replace_const_cells$5576 ($not).
Removed top 1 bits (of 14) from port A of cell upduino_known.$flatten\system.\controller.$auto$opt_expr.cc:702:replace_const_cells$5578 ($not).
Removed top 1 bits (of 14) from port A of cell upduino_known.$flatten\system.\controller.$auto$opt_expr.cc:702:replace_const_cells$5580 ($not).
Removed top 1 bits (of 14) from port A of cell upduino_known.$flatten\system.\controller.$auto$opt_expr.cc:702:replace_const_cells$5582 ($not).
Removed top 1 bits (of 3) from port B of cell upduino_known.$flatten\system.\controller.$procmux$4257_CMP0 ($eq).
Removed top 1 bits (of 3) from port B of cell upduino_known.$flatten\system.\controller.$procmux$4260_CMP0 ($eq).
Removed top 2 bits (of 3) from port B of cell upduino_known.$flatten\system.\controller.$procmux$4263_CMP0 ($eq).
Removed top 1 bits (of 2) from port B of cell upduino_known.$flatten\system.\controller.$procmux$4369_CMP0 ($eq).
Removed top 2 bits (of 24) from mux cell upduino_known.$flatten\system.\controller.$procmux$4724 ($pmux).
Removed top 1 bits (of 6) from port B of cell upduino_known.$flatten\system.\controller.$procmux$4762_CMP0 ($eq).
Removed top 1 bits (of 6) from port B of cell upduino_known.$flatten\system.\controller.$procmux$4763_CMP0 ($eq).
Removed top 1 bits (of 6) from port B of cell upduino_known.$flatten\system.\controller.$procmux$4764_CMP0 ($eq).
Removed top 1 bits (of 6) from port B of cell upduino_known.$flatten\system.\controller.$procmux$4765_CMP0 ($eq).
Removed top 1 bits (of 6) from port B of cell upduino_known.$flatten\system.\controller.$procmux$4766_CMP0 ($eq).
Removed top 1 bits (of 6) from port B of cell upduino_known.$flatten\system.\controller.$procmux$4767_CMP0 ($eq).
Removed top 1 bits (of 6) from port B of cell upduino_known.$flatten\system.\controller.$procmux$4768_CMP0 ($eq).
Removed top 1 bits (of 6) from port B of cell upduino_known.$flatten\system.\controller.$procmux$4769_CMP0 ($eq).
Removed top 1 bits (of 6) from port B of cell upduino_known.$flatten\system.\controller.$procmux$4770_CMP0 ($eq).
Removed top 1 bits (of 6) from port B of cell upduino_known.$flatten\system.\controller.$procmux$4771_CMP0 ($eq).
Removed top 2 bits (of 6) from port B of cell upduino_known.$flatten\system.\controller.$procmux$4772_CMP0 ($eq).
Removed top 2 bits (of 6) from port B of cell upduino_known.$flatten\system.\controller.$procmux$4773_CMP0 ($eq).
Removed top 2 bits (of 6) from port B of cell upduino_known.$flatten\system.\controller.$procmux$4774_CMP0 ($eq).
Removed top 2 bits (of 6) from port B of cell upduino_known.$flatten\system.\controller.$procmux$4775_CMP0 ($eq).
Removed top 2 bits (of 6) from port B of cell upduino_known.$flatten\system.\controller.$procmux$4776_CMP0 ($eq).
Removed top 2 bits (of 6) from port B of cell upduino_known.$flatten\system.\controller.$procmux$4777_CMP0 ($eq).
Removed top 2 bits (of 6) from port B of cell upduino_known.$flatten\system.\controller.$procmux$4778_CMP0 ($eq).
Removed top 2 bits (of 6) from port B of cell upduino_known.$flatten\system.\controller.$procmux$4779_CMP0 ($eq).
Removed top 3 bits (of 6) from port B of cell upduino_known.$flatten\system.\controller.$procmux$4780_CMP0 ($eq).
Removed top 3 bits (of 6) from port B of cell upduino_known.$flatten\system.\controller.$procmux$4781_CMP0 ($eq).
Removed top 3 bits (of 6) from port B of cell upduino_known.$flatten\system.\controller.$procmux$4782_CMP0 ($eq).
Removed top 3 bits (of 6) from port B of cell upduino_known.$flatten\system.\controller.$procmux$4783_CMP0 ($eq).
Removed top 4 bits (of 6) from port B of cell upduino_known.$flatten\system.\controller.$procmux$4784_CMP0 ($eq).
Removed top 4 bits (of 6) from port B of cell upduino_known.$flatten\system.\controller.$procmux$4785_CMP0 ($eq).
Removed top 5 bits (of 6) from port B of cell upduino_known.$flatten\system.\controller.$procmux$4786_CMP0 ($eq).
Removed top 7 bits (of 8) from mux cell upduino_known.$flatten\system.\transport.$ternary$rtl/io/flash_stream.sv:56$950 ($mux).
Removed top 23 bits (of 32) from port B of cell upduino_known.$flatten\system.\transport.$gt$rtl/io/flash_stream.sv:85$961 ($gt).
Removed top 24 bits (of 32) from port A of cell upduino_known.$flatten\system.\transport.$add$rtl/io/flash_stream.sv:86$962 ($add).
Removed top 16 bits (of 32) from port B of cell upduino_known.$flatten\system.\transport.$add$rtl/io/flash_stream.sv:86$962 ($add).
Removed top 15 bits (of 32) from port Y of cell upduino_known.$flatten\system.\transport.$add$rtl/io/flash_stream.sv:86$962 ($add).
Removed top 15 bits (of 32) from port A of cell upduino_known.$flatten\system.\transport.$gt$rtl/io/flash_stream.sv:86$963 ($gt).
Removed top 23 bits (of 32) from port B of cell upduino_known.$flatten\system.\transport.$gt$rtl/io/flash_stream.sv:86$963 ($gt).
Removed top 2 bits (of 24) from port A of cell upduino_known.$flatten\system.\transport.$lt$rtl/io/flash_stream.sv:87$965 ($lt).
Removed top 2 bits (of 24) from port B of cell upduino_known.$flatten\system.\transport.$lt$rtl/io/flash_stream.sv:87$965 ($lt).
Removed top 3 bits (of 25) from port A of cell upduino_known.$flatten\system.\transport.$add$rtl/io/flash_stream.sv:87$967 ($add).
Removed top 9 bits (of 25) from port B of cell upduino_known.$flatten\system.\transport.$add$rtl/io/flash_stream.sv:87$967 ($add).
Removed top 2 bits (of 25) from port Y of cell upduino_known.$flatten\system.\transport.$add$rtl/io/flash_stream.sv:87$967 ($add).
Removed top 2 bits (of 25) from port A of cell upduino_known.$flatten\system.\transport.$gt$rtl/io/flash_stream.sv:87$968 ($gt).
Removed top 3 bits (of 25) from port B of cell upduino_known.$flatten\system.\transport.$gt$rtl/io/flash_stream.sv:87$968 ($gt).
Removed top 15 bits (of 16) from port B of cell upduino_known.$flatten\system.\transport.$eq$rtl/io/flash_stream.sv:105$979 ($eq).
Removed top 1 bits (of 2) from port B of cell upduino_known.$flatten\system.\transport.$procmux$4113_CMP0 ($eq).
Removed top 1 bits (of 8) from mux cell upduino_known.$flatten\system.\transport.\spi.$procmux$3728 ($mux).
Removed top 1 bits (of 8) from mux cell upduino_known.$flatten\system.\transport.\spi.$procmux$3725 ($mux).
Removed top 1 bits (of 8) from mux cell upduino_known.$flatten\system.\transport.\spi.$procmux$3723 ($mux).
Removed top 1 bits (of 8) from mux cell upduino_known.$flatten\system.\transport.\spi.$procmux$3720 ($mux).
Removed top 1 bits (of 8) from mux cell upduino_known.$flatten\system.\transport.\spi.$procmux$3718 ($mux).
Removed top 1 bits (of 8) from mux cell upduino_known.$flatten\system.\transport.\spi.$procmux$3715 ($mux).
Removed top 1 bits (of 12) from port Y of cell upduino_known.$flatten\system.\core.$add$rtl/core/known_spectral_core.sv:200$1364 ($add).
Removed top 3 bits (of 32) from wire upduino_known.$flatten\system.\controller.$sub$rtl/io/known_replay_controller.sv:157$849_Y.
Removed top 24 bits (of 32) from wire upduino_known.$flatten\system.\controller.$shr$rtl/io/known_replay_controller.sv:97$785_Y.
Removed top 2 bits (of 24) from wire upduino_known.$flatten\system.\controller.$add$rtl/io/known_replay_controller.sv:91$772_Y.
Removed top 29 bits (of 32) from wire upduino_known.$flatten\system.\controller.$ternary$rtl/io/known_replay_controller.sv:75$752_Y.
Removed top 5 bits (of 32) from wire upduino_known.$flatten\system.\controller.$sub$rtl/io/known_replay_controller.sv:82$767_Y.
Removed top 31 bits (of 32) from wire upduino_known.$flatten\system.\controller.$ternary$rtl/io/known_replay_controller.sv:75$750_Y.
Removed top 2 bits (of 5) from wire upduino_known.$flatten\system.\core.$procmux$3189_Y.
Removed top 2 bits (of 5) from wire upduino_known.$flatten\system.\core.$procmux$3164_Y.
Removed top 2 bits (of 5) from wire upduino_known.$flatten\system.\core.$procmux$3157_Y.
Removed top 30 bits (of 32) from wire upduino_known.$flatten\system.\core.\capture.$or$rtl/core/known_capture.sv:52$1172_Y.
Removed top 30 bits (of 32) from wire upduino_known.$flatten\system.\core.\capture.$and$rtl/core/known_capture.sv:52$1169_Y.
Removed top 30 bits (of 32) from wire upduino_known.$flatten\system.\core.\capture.$not$rtl/core/known_capture.sv:52$1168_Y.
Removed top 30 bits (of 32) from wire upduino_known.$flatten\system.\core.\capture.$shift$rtl/core/known_capture.sv:52$1167_Y.
Removed top 7 bits (of 8) from wire upduino_known.$flatten\system.\transport.$ternary$rtl/io/flash_stream.sv:56$950_Y.
Removed top 15 bits (of 32) from wire upduino_known.$flatten\system.\transport.$add$rtl/io/flash_stream.sv:86$962_Y.
Removed top 2 bits (of 25) from wire upduino_known.$flatten\system.\transport.$add$rtl/io/flash_stream.sv:87$967_Y.
Removed top 30 bits (of 32) from wire upduino_known.$flatten\system.\core.\capture.$or$rtl/core/known_capture.sv:42$1126_Y.
Removed top 30 bits (of 32) from wire upduino_known.$flatten\system.\core.\capture.$shift$rtl/core/known_capture.sv:42$1125_Y.
Removed top 30 bits (of 32) from wire upduino_known.$flatten\system.\core.\capture.$and$rtl/core/known_capture.sv:42$1123_Y.
Removed top 30 bits (of 32) from wire upduino_known.$flatten\system.\core.\capture.$not$rtl/core/known_capture.sv:42$1122_Y.
Removed top 30 bits (of 32) from wire upduino_known.$flatten\system.\core.\capture.$shift$rtl/core/known_capture.sv:42$1121_Y.
Removed top 30 bits (of 32) from wire upduino_known.$flatten\system.\core.\capture.$or$rtl/core/known_capture.sv:41$1116_Y.
Removed top 30 bits (of 32) from wire upduino_known.$flatten\system.\core.\capture.$and$rtl/core/known_capture.sv:41$1113_Y.
Removed top 30 bits (of 32) from wire upduino_known.$flatten\system.\core.\capture.$or$rtl/core/known_capture.sv:41$1109_Y.
Removed top 30 bits (of 32) from wire upduino_known.$flatten\system.\core.\capture.$shift$rtl/core/known_capture.sv:41$1108_Y.
Removed top 30 bits (of 32) from wire upduino_known.$flatten\system.\core.\capture.$and$rtl/core/known_capture.sv:41$1106_Y.
Removed top 30 bits (of 32) from wire upduino_known.$flatten\system.\core.\capture.$not$rtl/core/known_capture.sv:41$1105_Y.
Removed top 30 bits (of 32) from wire upduino_known.$flatten\system.\core.\capture.$shift$rtl/core/known_capture.sv:41$1104_Y.
Removed top 1 bits (of 32) from wire upduino_known.$flatten\system.\controller.$shr$rtl/io/known_replay_controller.sv:63$907_Y.
Removed top 1 bits (of 32) from wire upduino_known.$flatten\system.\controller.$shr$rtl/io/known_replay_controller.sv:63$911_Y.
Removed top 1 bits (of 32) from wire upduino_known.$flatten\system.\controller.$shr$rtl/io/known_replay_controller.sv:63$915_Y.
Removed top 1 bits (of 32) from wire upduino_known.$flatten\system.\controller.$shr$rtl/io/known_replay_controller.sv:63$919_Y.
Removed top 63 bits (of 64) from wire upduino_known.$flatten\system.\core.$logic_or$rtl/core/known_spectral_core.sv:79$1469_Y.
Removed top 63 bits (of 64) from wire upduino_known.$flatten\system.\core.$logic_or$rtl/core/known_spectral_core.sv:79$1455_Y.
Removed top 1 bits (of 8) from wire upduino_known.$flatten\system.\transport.\spi.$procmux$3728_Y.
Removed top 1 bits (of 8) from wire upduino_known.$flatten\system.\transport.\spi.$procmux$3725_Y.
Removed top 20 bits (of 32) from wire upduino_known.$flatten\system.\core.$add$rtl/core/known_spectral_core.sv:282$1427_Y.
Removed top 1 bits (of 8) from wire upduino_known.$flatten\system.\transport.\spi.$procmux$3723_Y.
Removed top 1 bits (of 8) from wire upduino_known.$flatten\system.\transport.\spi.$procmux$3720_Y.
Removed top 1 bits (of 8) from wire upduino_known.$flatten\system.\transport.\spi.$procmux$3718_Y.
Removed top 27 bits (of 32) from wire upduino_known.$flatten\system.\core.$ternary$rtl/core/known_spectral_core.sv:257$1406_Y.
Removed top 1 bits (of 8) from wire upduino_known.$flatten\system.\transport.\spi.$procmux$3715_Y.
Removed top 22 bits (of 32) from wire upduino_known.$flatten\system.\core.$add$rtl/core/known_spectral_core.sv:200$1367_Y.
Removed top 22 bits (of 32) from wire upduino_known.$flatten\system.\core.$add$rtl/core/known_spectral_core.sv:200$1366_Y.
Removed top 22 bits (of 32) from wire upduino_known.$flatten\system.\core.$add$rtl/core/known_spectral_core.sv:200$1363_Y.
Removed top 22 bits (of 32) from wire upduino_known.$flatten\system.\core.$add$rtl/core/known_spectral_core.sv:200$1362_Y.
Removed top 1 bits (of 10) from wire upduino_known.$flatten\system.\core.$ternary$rtl/core/known_spectral_core.sv:192$1358_Y.
Removed top 21 bits (of 32) from wire upduino_known.$flatten\system.\core.$add$rtl/core/known_spectral_core.sv:192$1355_Y.
Removed top 1 bits (of 10) from wire upduino_known.$flatten\system.\core.$ternary$rtl/core/known_spectral_core.sv:192$1354_Y.
Removed top 48 bits (of 64) from wire upduino_known.$flatten\system.\core.$add$rtl/core/known_spectral_core.sv:79$1340_Y.
Removed top 63 bits (of 64) from wire upduino_known.$flatten\system.\core.$logic_or$rtl/core/known_spectral_core.sv:79$1339_Y.
Removed top 8 bits (of 32) from wire upduino_known.$flatten\system.\core.$add$rtl/core/known_spectral_core.sv:167$1321_Y.
Removed top 14 bits (of 32) from wire upduino_known.$flatten\system.\core.$add$rtl/core/known_spectral_core.sv:166$1320_Y.
Removed top 5 bits (of 32) from wire upduino_known.$flatten\system.\core.$add$rtl/core/known_spectral_core.sv:165$1308_Y.
Removed top 12 bits (of 32) from wire upduino_known.$flatten\system.\core.$add$rtl/core/known_spectral_core.sv:164$1302_Y.
Removed top 4 bits (of 32) from wire upduino_known.$flatten\system.\core.$add$rtl/core/known_spectral_core.sv:163$1296_Y.
Removed top 1 bits (of 32) from wire upduino_known.$flatten\system.\controller.$shr$rtl/io/known_replay_controller.sv:63$923_Y.
Removed top 1 bits (of 32) from wire upduino_known.$flatten\system.\controller.$shr$rtl/io/known_replay_controller.sv:63$927_Y.
Removed top 1 bits (of 32) from wire upduino_known.$flatten\system.\controller.$shr$rtl/io/known_replay_controller.sv:63$931_Y.
Removed top 1 bits (of 32) from wire upduino_known.$flatten\system.\controller.$shr$rtl/io/known_replay_controller.sv:63$935_Y.
Removed top 20 bits (of 32) from wire upduino_known.$flatten\system.\core.$add$rtl/core/known_spectral_core.sv:108$1247_Y.
Removed top 39 bits (of 40) from wire upduino_known.$flatten\system.\core.$logic_or$rtl/core/known_spectral_core.sv:103$1240_Y.
Removed top 63 bits (of 64) from wire upduino_known.$flatten\system.\core.$logic_or$rtl/core/known_spectral_core.sv:98$1235_Y.
Removed top 26 bits (of 32) from wire upduino_known.$flatten\system.\core.$ternary$rtl/core/known_spectral_core.sv:93$1227_Y.
Removed top 27 bits (of 32) from wire upduino_known.$flatten\system.\core.$ternary$rtl/core/known_spectral_core.sv:93$1226_Y.
Removed top 16 bits (of 17) from wire upduino_known.$flatten\system.\core.$logic_and$rtl/core/known_spectral_core.sv:73$1214_Y.

10.16. Executing PEEPOPT pass (run peephole optimizers).
shiftpow2 pattern in upduino_known: shift=$flatten\system.\controller.$shiftx$rtl/io/known_replay_controller.sv:95$783, index=\system.controller.byte_index [1:0], stride=8, width=8, ways=4
shiftpow2 pattern in upduino_known: shift=$flatten\system.\controller.$shr$rtl/io/known_replay_controller.sv:97$785, index=\system.controller.byte_index [1:0], stride=8, width=8, ways=4
shiftpow2 pattern in upduino_known: shift=$flatten\system.\core.$shr$rtl/core/known_spectral_core.sv:111$1252, index=\system.core.ram_part, stride=16, width=16, ways=4

10.17. Executing OPT_CLEAN pass (remove unused cells and wires).
Finding unused cells or wires in module \upduino_known..
Removed 0 unused cells and 71 unused wires.
<suppressed ~1 debug messages>

10.18. Executing SHARE pass (SAT-based resource sharing).

10.19. Executing TECHMAP pass (map to technology primitives).

10.19.1. Executing Verilog-2005 frontend: PROJECT_ROOT/.tools/oss-cad-suite/libexec/../share/yosys/cmp2lut.v
Parsing Verilog input from `PROJECT_ROOT/.tools/oss-cad-suite/libexec/../share/yosys/cmp2lut.v' to AST representation.
Generating RTLIL representation for module `\_90_lut_cmp_'.
Successfully finished Verilog frontend.

10.19.2. Continuing TECHMAP pass.
No more expansions possible.
<suppressed ~784 debug messages>

10.20. Executing OPT_EXPR pass (perform const folding).
Optimizing module upduino_known.

10.21. Executing OPT_CLEAN pass (remove unused cells and wires).
Finding unused cells or wires in module \upduino_known..

10.22. Executing MEMORY_DFF pass (merging $dff cells to $memrd).
Checking read port `\system.controller.queue'[0] in module `\upduino_known': merging output FF to cell.
    Write port 0: non-transparent.
Checking read port `\system.core.lanes[3].rom.quarter'[0] in module `\upduino_known': merging output FF to cell.
Checking read port `\system.core.lanes[2].rom.quarter'[0] in module `\upduino_known': merging output FF to cell.
Checking read port `\system.core.lanes[1].rom.quarter'[0] in module `\upduino_known': merging output FF to cell.
Checking read port `\system.core.lanes[0].rom.quarter'[0] in module `\upduino_known': merging output FF to cell.
Checking read port `\system.core.capture.raw0'[0] in module `\upduino_known': merging output FF to cell.
    Write port 0: non-transparent.
Checking read port `\system.core.capture.raw1'[0] in module `\upduino_known': merging output FF to cell.
    Write port 0: non-transparent.
Checking read port `\system.core.capture.ids'[0] in module `\upduino_known': no output FF found.
Checking read port `\system.core.capture.sums'[0] in module `\upduino_known': no output FF found.
Checking read port `\system.core.log_table'[0] in module `\upduino_known': merging output FF to cell.
Checking read port `\system.core.weights'[0] in module `\upduino_known': merging output FF to cell.
Checking read port `\system.core.gains'[0] in module `\upduino_known': merging output FF to cell.
Checking read port `\system.core.means'[0] in module `\upduino_known': merging output FF to cell.
Checking read port `\system.core.windowed'[0] in module `\upduino_known': merging output FF to cell.
    Write port 0: don't care on collision.
Checking read port address `\system.core.capture.ids'[0] in module `\upduino_known': merged address FF to cell.
Checking read port address `\system.core.capture.sums'[0] in module `\upduino_known': merged address FF to cell.

10.23. Executing WREDUCE pass (reducing word size of cells).

10.24. Executing TECHMAP pass (map to technology primitives).

10.24.1. Executing Verilog-2005 frontend: PROJECT_ROOT/.tools/oss-cad-suite/libexec/../share/yosys/mul2dsp.v
Parsing Verilog input from `PROJECT_ROOT/.tools/oss-cad-suite/libexec/../share/yosys/mul2dsp.v' to AST representation.
Generating RTLIL representation for module `\_80_mul'.
Generating RTLIL representation for module `\_90_soft_mul'.
Successfully finished Verilog frontend.

10.24.2. Executing Verilog-2005 frontend: PROJECT_ROOT/.tools/oss-cad-suite/libexec/../share/yosys/ice40/dsp_map.v
Parsing Verilog input from `PROJECT_ROOT/.tools/oss-cad-suite/libexec/../share/yosys/ice40/dsp_map.v' to AST representation.
Generating RTLIL representation for module `$__MUL16X16'.
Successfully finished Verilog frontend.

10.24.3. Continuing TECHMAP pass.
Using template $paramod$98b5abf51e25760e7ff42b5f29b6a0813dd63380\_80_mul for cells of type $mul.
Using template $paramod$47854eca91d30af97f481b6f686a93486e1c1fd1$__MUL16X16 for cells of type $__MUL16X16.
No more expansions possible.
<suppressed ~95 debug messages>

10.25. Executing OPT_EXPR pass (perform const folding).

10.26. Executing WREDUCE pass (reducing word size of cells).

10.27. Executing ICE40_DSP pass (map multipliers).
Checking upduino_known.$flatten\system.\core.$mul$rtl/core/known_spectral_core.sv:125$1500 for iCE40 DSP inference.
  clock: \clk (posedge) ffO:$auto$ff.cc:337:slice$6496
Checking upduino_known.$flatten\system.\core.$mul$rtl/core/known_spectral_core.sv:125$1485 for iCE40 DSP inference.
  clock: \clk (posedge) ffO:$auto$ff.cc:337:slice$6498
Checking upduino_known.$flatten\system.\core.$mul$rtl/core/known_spectral_core.sv:125$1477 for iCE40 DSP inference.
  clock: \clk (posedge) ffO:$auto$ff.cc:337:slice$6499
Checking upduino_known.$flatten\system.\core.$mul$rtl/core/known_spectral_core.sv:125$1492 for iCE40 DSP inference.
  clock: \clk (posedge) ffO:$auto$ff.cc:337:slice$6497
<suppressed ~40 debug messages>

10.28. Executing ALUMACC pass (create $alu and $macc cells).
Extracting $alu and $macc cells in module upduino_known:
  creating $macc model for $flatten\system.\controller.$sub$rtl/io/known_replay_controller.sv:92$775 ($sub).
  creating $macc model for $flatten\system.\controller.$add$rtl/io/known_replay_controller.sv:91$772 ($add).
  creating $macc model for $flatten\system.\controller.$sub$rtl/io/known_replay_controller.sv:82$767 ($sub).
  creating $macc model for $flatten\system.\core.\lanes[3].rom.$neg$rtl/core/vib_coeff_rom.sv:34$996 ($neg).
  creating $macc model for $flatten\system.\core.\lanes[2].rom.$neg$rtl/core/vib_coeff_rom.sv:34$996 ($neg).
  creating $macc model for $flatten\system.\core.\lanes[1].rom.$neg$rtl/core/vib_coeff_rom.sv:34$996 ($neg).
  creating $macc model for $flatten\system.\core.\lanes[0].rom.$neg$rtl/core/vib_coeff_rom.sv:34$996 ($neg).
  creating $macc model for $flatten\system.\core.\capture.$add$rtl/core/known_capture.sv:23$1015 ($add).
  creating $macc model for $flatten\system.\core.\capture.$neg$rtl/core/known_capture.sv:41$1103 ($neg).
  creating $macc model for $flatten\system.\core.\capture.$neg$rtl/core/known_capture.sv:42$1120 ($neg).
  creating $macc model for $flatten\system.\core.\capture.$add$rtl/core/known_capture.sv:44$1136 ($add).
  creating $macc model for $flatten\system.\core.\capture.$add$rtl/core/known_capture.sv:47$1153 ($add).
  creating $macc model for $flatten\system.\core.\capture.$add$rtl/core/known_capture.sv:51$1165 ($add).
  creating $macc model for $flatten\system.\core.\capture.$neg$rtl/core/known_capture.sv:52$1166 ($neg).
  creating $macc model for $flatten\system.\core.\capture.$add$rtl/core/known_capture.sv:53$1174 ($add).
  creating $macc model for $flatten\system.\controller.$add$rtl/io/known_replay_controller.sv:195$888 ($add).
  creating $macc model for $flatten\system.\controller.$add$rtl/io/known_replay_controller.sv:184$881 ($add).
  creating $macc model for $flatten\system.\controller.$sub$rtl/io/known_replay_controller.sv:129$821 ($sub).
  creating $macc model for $flatten\system.\controller.$sub$rtl/io/known_replay_controller.sv:124$816 ($sub).
  creating $macc model for $flatten\system.\controller.$add$rtl/io/known_replay_controller.sv:124$815 ($add).
  creating $macc model for $flatten\system.\controller.$add$rtl/io/known_replay_controller.sv:116$801 ($add).
  creating $macc model for $flatten\system.\controller.$add$rtl/io/known_replay_controller.sv:115$800 ($add).
  creating $macc model for $flatten\system.\controller.$sub$rtl/io/known_replay_controller.sv:112$799 ($sub).
  creating $macc model for $flatten\system.\controller.$add$rtl/io/known_replay_controller.sv:111$798 ($add).
  creating $macc model for $flatten\system.\controller.$add$rtl/io/known_replay_controller.sv:109$797 ($add).
  creating $macc model for $flatten\system.\transport.$sub$rtl/io/flash_stream.sv:103$978 ($sub).
  creating $macc model for $flatten\system.\transport.$add$rtl/io/flash_stream.sv:99$976 ($add).
  creating $macc model for $flatten\system.\controller.$sub$rtl/io/known_replay_controller.sv:157$849 ($sub).
  creating $macc model for $flatten\system.\transport.$add$rtl/io/flash_stream.sv:87$967 ($add).
  creating $macc model for $flatten\system.\controller.$add$rtl/io/known_replay_controller.sv:169$863 ($add).
  creating $macc model for $flatten\system.\transport.$add$rtl/io/flash_stream.sv:86$962 ($add).
  creating $macc model for $flatten\system.\transport.$add$rtl/io/flash_stream.sv:81$958 ($add).
  creating $macc model for $flatten\system.\core.\lanes[3].rom.$neg$rtl/core/vib_coeff_rom.sv:20$987 ($neg).
  creating $macc model for $flatten\system.\core.$add$rtl/core/known_spectral_core.sv:120$1493 ($add).
  creating $macc model for $flatten\system.\core.\lanes[2].rom.$neg$rtl/core/vib_coeff_rom.sv:20$987 ($neg).
  creating $macc model for $flatten\system.\core.\lanes[1].rom.$neg$rtl/core/vib_coeff_rom.sv:20$987 ($neg).
  creating $macc model for $flatten\system.\core.$add$rtl/core/known_spectral_core.sv:120$1478 ($add).
  creating $macc model for $flatten\system.\core.\lanes[0].rom.$neg$rtl/core/vib_coeff_rom.sv:20$987 ($neg).
  creating $macc model for $flatten\system.\core.$add$rtl/core/known_spectral_core.sv:79$1470 ($add).
  creating $macc model for $flatten\system.\core.$add$rtl/core/known_spectral_core.sv:79$1456 ($add).
  creating $macc model for $flatten\system.\core.$add$rtl/core/known_spectral_core.sv:290$1432 ($add).
  creating $macc model for $flatten\system.\core.$add$rtl/core/known_spectral_core.sv:282$1429 ($add).
  creating $macc model for $flatten\system.\core.$add$rtl/core/known_spectral_core.sv:281$1426 ($add).
  creating $macc model for $flatten\system.\core.$add$rtl/core/known_spectral_core.sv:279$1424 ($add).
  creating $macc model for $flatten\system.\core.$neg$rtl/core/known_spectral_core.sv:275$1422 ($neg).
  creating $macc model for $flatten\system.\core.$sub$rtl/core/known_spectral_core.sv:270$1419 ($sub).
  creating $macc model for $flatten\system.\core.$sub$rtl/core/known_spectral_core.sv:264$1414 ($sub).
  creating $macc model for $flatten\system.\core.$add$rtl/core/known_spectral_core.sv:263$1411 ($add).
  creating $macc model for $flatten\system.\core.$add$rtl/core/known_spectral_core.sv:258$1407 ($add).
  creating $macc model for $flatten\system.\core.$neg$rtl/core/known_spectral_core.sv:246$1399 ($neg).
  creating $macc model for $flatten\system.\core.$neg$rtl/core/known_spectral_core.sv:222$1387 ($neg).
  creating $macc model for $flatten\system.\core.$add$rtl/core/known_spectral_core.sv:220$1384 ($add).
  creating $macc model for $flatten\system.\core.$neg$rtl/core/known_spectral_core.sv:215$1380 ($neg).
  creating $macc model for $flatten\system.\core.$add$rtl/core/known_spectral_core.sv:204$1372 ($add).
  creating $macc model for $flatten\system.\core.$add$rtl/core/known_spectral_core.sv:203$1371 ($add).
  creating $macc model for $flatten\system.\core.$add$rtl/core/known_spectral_core.sv:203$1370 ($add).
  creating $macc model for $flatten\system.\core.$add$rtl/core/known_spectral_core.sv:203$1369 ($add).
  creating $macc model for $flatten\system.\core.$add$rtl/core/known_spectral_core.sv:203$1368 ($add).
  creating $macc model for $flatten\system.\core.$add$rtl/core/known_spectral_core.sv:200$1367 ($add).
  creating $macc model for $flatten\system.\core.$add$rtl/core/known_spectral_core.sv:200$1366 ($add).
  creating $macc model for $flatten\system.\core.$add$rtl/core/known_spectral_core.sv:200$1364 ($add).
  creating $macc model for $flatten\system.\core.$add$rtl/core/known_spectral_core.sv:200$1363 ($add).
  creating $macc model for $flatten\system.\core.$add$rtl/core/known_spectral_core.sv:200$1362 ($add).
  creating $macc model for $flatten\system.\transport.\spi.$add$rtl/io/spi_master.sv:77$1517 ($add).
  creating $macc model for $flatten\system.\core.$add$rtl/core/known_spectral_core.sv:199$1359 ($add).
  creating $macc model for $flatten\system.\transport.\spi.$sub$rtl/io/spi_master.sv:78$1518 ($sub).
  creating $macc model for $flatten\system.\core.$add$rtl/core/known_spectral_core.sv:186$1350 ($add).
  creating $macc model for $flatten\system.\core.$add$rtl/core/known_spectral_core.sv:172$1342 ($add).
  creating $macc model for $flatten\system.\core.$add$rtl/core/known_spectral_core.sv:79$1340 ($add).
  creating $macc model for $flatten\system.\core.$add$rtl/core/known_spectral_core.sv:167$1321 ($add).
  creating $macc model for $flatten\system.\core.$add$rtl/core/known_spectral_core.sv:166$1320 ($add).
  creating $macc model for $flatten\system.\core.$add$rtl/core/known_spectral_core.sv:165$1308 ($add).
  creating $macc model for $flatten\system.\core.$add$rtl/core/known_spectral_core.sv:164$1302 ($add).
  creating $macc model for $flatten\system.\transport.$add$rtl/io/flash_stream.sv:117$986 ($add).
  creating $macc model for $flatten\system.\core.$add$rtl/core/known_spectral_core.sv:163$1296 ($add).
  creating $macc model for $flatten\system.\core.$sub$rtl/core/known_spectral_core.sv:113$1255 ($sub).
  creating $macc model for $flatten\system.\core.$add$rtl/core/known_spectral_core.sv:113$1254 ($add).
  creating $macc model for $flatten\system.\core.$add$rtl/core/known_spectral_core.sv:108$1247 ($add).
  creating $macc model for $flatten\system.\core.$neg$rtl/core/known_spectral_core.sv:106$1244 ($neg).
  creating $macc model for $flatten\system.\core.$add$rtl/core/known_spectral_core.sv:103$1241 ($add).
  creating $macc model for $flatten\system.\core.$add$rtl/core/known_spectral_core.sv:98$1236 ($add).
  creating $macc model for $flatten\system.\core.$add$rtl/core/known_spectral_core.sv:95$1230 ($add).
  creating $macc model for $flatten\system.\core.$add$rtl/core/known_spectral_core.sv:94$1229 ($add).
  creating $macc model for $flatten\system.\core.$add$rtl/core/known_spectral_core.sv:91$1223 ($add).
  creating $macc model for $flatten\system.\core.$add$rtl/core/known_spectral_core.sv:91$1221 ($add).
  creating $macc model for $flatten\system.\core.$add$rtl/core/known_spectral_core.sv:73$1215 ($add).
  creating $macc model for $flatten\system.\core.$sub$rtl/core/known_spectral_core.sv:72$1212 ($sub).
  creating $macc model for $flatten\system.\core.$sub$rtl/core/known_spectral_core.sv:70$1207 ($sub).
  creating $macc model for $flatten\system.\core.$add$rtl/core/known_spectral_core.sv:61$1203 ($add).
  creating $macc model for $add$rtl/upduino_known.sv:11$395 ($add).
  merging $macc model for $flatten\system.\core.$add$rtl/core/known_spectral_core.sv:91$1221 into $flatten\system.\core.$add$rtl/core/known_spectral_core.sv:91$1223.
  merging $macc model for $flatten\system.\core.$add$rtl/core/known_spectral_core.sv:113$1254 into $flatten\system.\core.$sub$rtl/core/known_spectral_core.sv:113$1255.
  merging $macc model for $flatten\system.\core.$add$rtl/core/known_spectral_core.sv:200$1362 into $flatten\system.\core.$add$rtl/core/known_spectral_core.sv:200$1363.
  merging $macc model for $flatten\system.\core.$add$rtl/core/known_spectral_core.sv:200$1366 into $flatten\system.\core.$add$rtl/core/known_spectral_core.sv:200$1367.
  creating $alu model for $macc $flatten\system.\core.$add$rtl/core/known_spectral_core.sv:73$1215.
  creating $alu model for $macc $flatten\system.\core.$sub$rtl/core/known_spectral_core.sv:72$1212.
  creating $alu model for $macc $flatten\system.\core.$add$rtl/core/known_spectral_core.sv:94$1229.
  creating $alu model for $macc $flatten\system.\core.$add$rtl/core/known_spectral_core.sv:95$1230.
  creating $alu model for $macc $flatten\system.\core.$add$rtl/core/known_spectral_core.sv:98$1236.
  creating $alu model for $macc $flatten\system.\core.$add$rtl/core/known_spectral_core.sv:103$1241.
  creating $alu model for $macc $flatten\system.\core.$neg$rtl/core/known_spectral_core.sv:106$1244.
  creating $alu model for $macc $flatten\system.\core.$add$rtl/core/known_spectral_core.sv:108$1247.
  creating $alu model for $macc $flatten\system.\core.$sub$rtl/core/known_spectral_core.sv:70$1207.
  creating $alu model for $macc $flatten\system.\core.$add$rtl/core/known_spectral_core.sv:163$1296.
  creating $alu model for $macc $flatten\system.\transport.$add$rtl/io/flash_stream.sv:117$986.
  creating $alu model for $macc $flatten\system.\core.$add$rtl/core/known_spectral_core.sv:164$1302.
  creating $alu model for $macc $flatten\system.\core.$add$rtl/core/known_spectral_core.sv:165$1308.
  creating $alu model for $macc $flatten\system.\core.$add$rtl/core/known_spectral_core.sv:166$1320.
  creating $alu model for $macc $flatten\system.\core.$add$rtl/core/known_spectral_core.sv:167$1321.
  creating $alu model for $macc $flatten\system.\core.$add$rtl/core/known_spectral_core.sv:79$1340.
  creating $alu model for $macc $flatten\system.\core.$add$rtl/core/known_spectral_core.sv:172$1342.
  creating $alu model for $macc $flatten\system.\core.$add$rtl/core/known_spectral_core.sv:186$1350.
  creating $alu model for $macc $flatten\system.\transport.\spi.$sub$rtl/io/spi_master.sv:78$1518.
  creating $alu model for $macc $flatten\system.\core.$add$rtl/core/known_spectral_core.sv:199$1359.
  creating $alu model for $macc $flatten\system.\transport.\spi.$add$rtl/io/spi_master.sv:77$1517.
  creating $alu model for $macc $flatten\system.\core.$add$rtl/core/known_spectral_core.sv:61$1203.
  creating $alu model for $macc $flatten\system.\core.$add$rtl/core/known_spectral_core.sv:200$1363.
  creating $alu model for $macc $flatten\system.\core.$add$rtl/core/known_spectral_core.sv:200$1364.
  creating $alu model for $macc $add$rtl/upduino_known.sv:11$395.
  creating $alu model for $macc $flatten\system.\core.$add$rtl/core/known_spectral_core.sv:200$1367.
  creating $alu model for $macc $flatten\system.\core.$add$rtl/core/known_spectral_core.sv:203$1368.
  creating $alu model for $macc $flatten\system.\core.$add$rtl/core/known_spectral_core.sv:203$1369.
  creating $alu model for $macc $flatten\system.\core.$add$rtl/core/known_spectral_core.sv:203$1370.
  creating $alu model for $macc $flatten\system.\core.$add$rtl/core/known_spectral_core.sv:203$1371.
  creating $alu model for $macc $flatten\system.\core.$add$rtl/core/known_spectral_core.sv:204$1372.
  creating $alu model for $macc $flatten\system.\core.$neg$rtl/core/known_spectral_core.sv:215$1380.
  creating $alu model for $macc $flatten\system.\core.$add$rtl/core/known_spectral_core.sv:220$1384.
  creating $alu model for $macc $flatten\system.\core.$neg$rtl/core/known_spectral_core.sv:222$1387.
  creating $alu model for $macc $flatten\system.\core.$neg$rtl/core/known_spectral_core.sv:246$1399.
  creating $alu model for $macc $flatten\system.\core.$add$rtl/core/known_spectral_core.sv:258$1407.
  creating $alu model for $macc $flatten\system.\core.$add$rtl/core/known_spectral_core.sv:263$1411.
  creating $alu model for $macc $flatten\system.\core.$sub$rtl/core/known_spectral_core.sv:264$1414.
  creating $alu model for $macc $flatten\system.\core.$sub$rtl/core/known_spectral_core.sv:270$1419.
  creating $alu model for $macc $flatten\system.\core.$neg$rtl/core/known_spectral_core.sv:275$1422.
  creating $alu model for $macc $flatten\system.\core.$add$rtl/core/known_spectral_core.sv:279$1424.
  creating $alu model for $macc $flatten\system.\core.$add$rtl/core/known_spectral_core.sv:281$1426.
  creating $alu model for $macc $flatten\system.\core.$add$rtl/core/known_spectral_core.sv:282$1429.
  creating $alu model for $macc $flatten\system.\core.$add$rtl/core/known_spectral_core.sv:290$1432.
  creating $alu model for $macc $flatten\system.\core.$add$rtl/core/known_spectral_core.sv:79$1456.
  creating $alu model for $macc $flatten\system.\core.$add$rtl/core/known_spectral_core.sv:79$1470.
  creating $alu model for $macc $flatten\system.\core.\lanes[0].rom.$neg$rtl/core/vib_coeff_rom.sv:20$987.
  creating $alu model for $macc $flatten\system.\core.$add$rtl/core/known_spectral_core.sv:120$1478.
  creating $alu model for $macc $flatten\system.\core.\lanes[1].rom.$neg$rtl/core/vib_coeff_rom.sv:20$987.
  creating $alu model for $macc $flatten\system.\core.\lanes[2].rom.$neg$rtl/core/vib_coeff_rom.sv:20$987.
  creating $alu model for $macc $flatten\system.\core.$add$rtl/core/known_spectral_core.sv:120$1493.
  creating $alu model for $macc $flatten\system.\core.\lanes[3].rom.$neg$rtl/core/vib_coeff_rom.sv:20$987.
  creating $alu model for $macc $flatten\system.\transport.$add$rtl/io/flash_stream.sv:81$958.
  creating $alu model for $macc $flatten\system.\transport.$add$rtl/io/flash_stream.sv:86$962.
  creating $alu model for $macc $flatten\system.\controller.$add$rtl/io/known_replay_controller.sv:169$863.
  creating $alu model for $macc $flatten\system.\transport.$add$rtl/io/flash_stream.sv:87$967.
  creating $alu model for $macc $flatten\system.\controller.$sub$rtl/io/known_replay_controller.sv:157$849.
  creating $alu model for $macc $flatten\system.\transport.$add$rtl/io/flash_stream.sv:99$976.
  creating $alu model for $macc $flatten\system.\transport.$sub$rtl/io/flash_stream.sv:103$978.
  creating $alu model for $macc $flatten\system.\controller.$add$rtl/io/known_replay_controller.sv:109$797.
  creating $alu model for $macc $flatten\system.\controller.$add$rtl/io/known_replay_controller.sv:111$798.
  creating $alu model for $macc $flatten\system.\controller.$sub$rtl/io/known_replay_controller.sv:112$799.
  creating $alu model for $macc $flatten\system.\controller.$add$rtl/io/known_replay_controller.sv:115$800.
  creating $alu model for $macc $flatten\system.\controller.$add$rtl/io/known_replay_controller.sv:116$801.
  creating $alu model for $macc $flatten\system.\controller.$add$rtl/io/known_replay_controller.sv:124$815.
  creating $alu model for $macc $flatten\system.\controller.$sub$rtl/io/known_replay_controller.sv:124$816.
  creating $alu model for $macc $flatten\system.\controller.$sub$rtl/io/known_replay_controller.sv:129$821.
  creating $alu model for $macc $flatten\system.\controller.$add$rtl/io/known_replay_controller.sv:184$881.
  creating $alu model for $macc $flatten\system.\controller.$add$rtl/io/known_replay_controller.sv:195$888.
  creating $alu model for $macc $flatten\system.\core.\capture.$add$rtl/core/known_capture.sv:53$1174.
  creating $alu model for $macc $flatten\system.\core.\capture.$neg$rtl/core/known_capture.sv:52$1166.
  creating $alu model for $macc $flatten\system.\core.\capture.$add$rtl/core/known_capture.sv:51$1165.
  creating $alu model for $macc $flatten\system.\core.\capture.$add$rtl/core/known_capture.sv:47$1153.
  creating $alu model for $macc $flatten\system.\core.\capture.$add$rtl/core/known_capture.sv:44$1136.
  creating $alu model for $macc $flatten\system.\core.\capture.$neg$rtl/core/known_capture.sv:42$1120.
  creating $alu model for $macc $flatten\system.\core.\capture.$neg$rtl/core/known_capture.sv:41$1103.
  creating $alu model for $macc $flatten\system.\core.\capture.$add$rtl/core/known_capture.sv:23$1015.
  creating $alu model for $macc $flatten\system.\core.\lanes[0].rom.$neg$rtl/core/vib_coeff_rom.sv:34$996.
  creating $alu model for $macc $flatten\system.\core.\lanes[1].rom.$neg$rtl/core/vib_coeff_rom.sv:34$996.
  creating $alu model for $macc $flatten\system.\core.\lanes[2].rom.$neg$rtl/core/vib_coeff_rom.sv:34$996.
  creating $alu model for $macc $flatten\system.\core.\lanes[3].rom.$neg$rtl/core/vib_coeff_rom.sv:34$996.
  creating $alu model for $macc $flatten\system.\controller.$sub$rtl/io/known_replay_controller.sv:82$767.
  creating $alu model for $macc $flatten\system.\controller.$add$rtl/io/known_replay_controller.sv:91$772.
  creating $alu model for $macc $flatten\system.\controller.$sub$rtl/io/known_replay_controller.sv:92$775.
  creating $macc cell for $flatten\system.\core.$sub$rtl/core/known_spectral_core.sv:113$1255: $auto$alumacc.cc:399:replace_macc$7144
  creating $macc cell for $flatten\system.\core.$add$rtl/core/known_spectral_core.sv:91$1223: $auto$alumacc.cc:399:replace_macc$7145
  creating $alu model for $flatten\system.\controller.$lt$rtl/io/known_replay_controller.sv:93$779 ($lt): new $alu
  creating $alu model for $flatten\system.\controller.$gt$rtl/io/known_replay_controller.sv:92$774 ($gt): new $alu
  creating $alu model for $flatten\system.\controller.$ge$rtl/io/known_replay_controller.sv:119$812 ($ge): new $alu
  creating $alu model for $flatten\system.\controller.$gt$rtl/io/known_replay_controller.sv:117$802 ($gt): new $alu
  creating $alu model for $flatten\system.\controller.$lt$rtl/io/known_replay_controller.sv:152$843 ($lt): new $alu
  creating $alu model for $flatten\system.\controller.$gt$rtl/io/known_replay_controller.sv:152$844 ($gt): new $alu
  creating $alu model for $flatten\system.\controller.$lt$rtl/io/known_replay_controller.sv:199$896 ($lt): new $alu
  creating $alu model for $flatten\system.\controller.$ge$rtl/io/known_replay_controller.sv:157$848 ($ge): merged with $flatten\system.\controller.$sub$rtl/io/known_replay_controller.sv:157$849.
  creating $alu model for $flatten\system.\transport.$gt$rtl/io/flash_stream.sv:87$968 ($gt): new $alu
  creating $alu model for $flatten\system.\transport.$lt$rtl/io/flash_stream.sv:87$965 ($lt): new $alu
  creating $alu model for $flatten\system.\transport.$gt$rtl/io/flash_stream.sv:86$963 ($gt): new $alu
  creating $alu model for $flatten\system.\transport.$gt$rtl/io/flash_stream.sv:85$961 ($gt): new $alu
  creating $alu model for $flatten\system.\controller.$lt$rtl/io/known_replay_controller.sv:146$836 ($lt): merged with $flatten\system.\controller.$sub$rtl/io/known_replay_controller.sv:157$849.
  creating $alu model for $flatten\system.\core.$gt$rtl/core/known_spectral_core.sv:79$1466 ($gt): new $alu
  creating $alu model for $flatten\system.\core.$gt$rtl/core/known_spectral_core.sv:79$1452 ($gt): new $alu
  creating $alu model for $flatten\system.\core.$gt$rtl/core/known_spectral_core.sv:288$1431 ($gt): new $alu
  creating $alu model for $flatten\system.\core.$lt$rtl/core/known_spectral_core.sv:282$1428 ($lt): new $alu
  creating $alu model for $flatten\system.\core.$lt$rtl/core/known_spectral_core.sv:264$1412 ($lt): new $alu
  creating $alu model for $flatten\system.\core.$ge$rtl/core/known_spectral_core.sv:263$1409 ($ge): new $alu
  creating $alu model for $flatten\system.\core.$lt$rtl/core/known_spectral_core.sv:210$1377 ($lt): new $alu
  creating $alu model for $flatten\system.\core.$gt$rtl/core/known_spectral_core.sv:210$1376 ($gt): new $alu
  creating $alu model for $flatten\system.\core.$lt$rtl/core/known_spectral_core.sv:180$1347 ($lt): new $alu
  creating $alu model for $flatten\system.\core.$gt$rtl/core/known_spectral_core.sv:180$1346 ($gt): new $alu
  creating $alu model for $flatten\system.\core.$gt$rtl/core/known_spectral_core.sv:79$1336 ($gt): new $alu
  creating $alu model for $flatten\system.\core.$le$rtl/core/known_spectral_core.sv:166$1311 ($le): new $alu
  creating $alu model for $flatten\system.\core.$ge$rtl/core/known_spectral_core.sv:166$1310 ($ge): new $alu
  creating $alu model for $flatten\system.\core.$lt$rtl/core/known_spectral_core.sv:114$1256 ($lt): new $alu
  creating $alu model for $flatten\system.\core.$gt$rtl/core/known_spectral_core.sv:105$1242 ($gt): new $alu
  creating $alu model for $flatten\system.\core.$gt$rtl/core/known_spectral_core.sv:103$1237 ($gt): new $alu
  creating $alu model for $flatten\system.\core.$gt$rtl/core/known_spectral_core.sv:98$1232 ($gt): new $alu
  creating $alu model for $flatten\system.\core.$lt$rtl/core/known_spectral_core.sv:69$1205 ($lt): new $alu
  creating $alu model for $lt$rtl/upduino_known.sv:10$393 ($lt): new $alu
  creating $alu model for $flatten\system.\controller.$procmux$4761_CMP0 ($eq): merged with $flatten\system.\controller.$sub$rtl/io/known_replay_controller.sv:82$767.
  creating $alu model for $flatten\system.\transport.$eq$rtl/io/flash_stream.sv:105$979 ($eq): merged with $flatten\system.\transport.$sub$rtl/io/flash_stream.sv:103$978.
  creating $alu model for $flatten\system.\controller.$eq$rtl/io/known_replay_controller.sv:179$870 ($eq): merged with $flatten\system.\controller.$sub$rtl/io/known_replay_controller.sv:92$775.
  creating $alu model for $flatten\system.\core.$procmux$3150_CMP0 ($eq): merged with $flatten\system.\core.$ge$rtl/core/known_spectral_core.sv:166$1310.
  creating $alu model for $flatten\system.\core.$procmux$3135_CMP0 ($eq): merged with $flatten\system.\core.$le$rtl/core/known_spectral_core.sv:166$1311.
  creating $alu model for $flatten\system.\core.$eq$rtl/core/known_spectral_core.sv:79$1467 ($eq): merged with $flatten\system.\core.$gt$rtl/core/known_spectral_core.sv:79$1466.
  creating $alu model for $flatten\system.\core.$eq$rtl/core/known_spectral_core.sv:79$1453 ($eq): merged with $flatten\system.\core.$gt$rtl/core/known_spectral_core.sv:79$1452.
  creating $alu model for $flatten\system.\core.$eq$rtl/core/known_spectral_core.sv:79$1337 ($eq): merged with $flatten\system.\core.$gt$rtl/core/known_spectral_core.sv:79$1336.
  creating $alu model for $flatten\system.\core.$eq$rtl/core/known_spectral_core.sv:104$1238 ($eq): merged with $flatten\system.\core.$gt$rtl/core/known_spectral_core.sv:103$1237.
  creating $alu model for $flatten\system.\core.$eq$rtl/core/known_spectral_core.sv:98$1233 ($eq): merged with $flatten\system.\core.$gt$rtl/core/known_spectral_core.sv:98$1232.
  creating $alu cell for $lt$rtl/upduino_known.sv:10$393: $auto$alumacc.cc:548:replace_alu$7176
  creating $alu cell for $flatten\system.\core.$lt$rtl/core/known_spectral_core.sv:69$1205: $auto$alumacc.cc:548:replace_alu$7181
  creating $alu cell for $flatten\system.\core.$gt$rtl/core/known_spectral_core.sv:98$1232, $flatten\system.\core.$eq$rtl/core/known_spectral_core.sv:98$1233: $auto$alumacc.cc:548:replace_alu$7186
  creating $alu cell for $flatten\system.\core.$gt$rtl/core/known_spectral_core.sv:103$1237, $flatten\system.\core.$eq$rtl/core/known_spectral_core.sv:104$1238: $auto$alumacc.cc:548:replace_alu$7197
  creating $alu cell for $flatten\system.\core.$gt$rtl/core/known_spectral_core.sv:105$1242: $auto$alumacc.cc:548:replace_alu$7208
  creating $alu cell for $flatten\system.\core.$lt$rtl/core/known_spectral_core.sv:114$1256: $auto$alumacc.cc:548:replace_alu$7219
  creating $alu cell for $flatten\system.\core.$ge$rtl/core/known_spectral_core.sv:166$1310, $flatten\system.\core.$procmux$3150_CMP0: $auto$alumacc.cc:548:replace_alu$7226
  creating $alu cell for $flatten\system.\core.$le$rtl/core/known_spectral_core.sv:166$1311, $flatten\system.\core.$procmux$3135_CMP0: $auto$alumacc.cc:548:replace_alu$7239
  creating $alu cell for $flatten\system.\core.$gt$rtl/core/known_spectral_core.sv:79$1336, $flatten\system.\core.$eq$rtl/core/known_spectral_core.sv:79$1337: $auto$alumacc.cc:548:replace_alu$7248
  creating $alu cell for $flatten\system.\core.$gt$rtl/core/known_spectral_core.sv:180$1346: $auto$alumacc.cc:548:replace_alu$7259
  creating $alu cell for $flatten\system.\core.$lt$rtl/core/known_spectral_core.sv:180$1347: $auto$alumacc.cc:548:replace_alu$7272
  creating $alu cell for $flatten\system.\core.$gt$rtl/core/known_spectral_core.sv:210$1376: $auto$alumacc.cc:548:replace_alu$7279
  creating $alu cell for $flatten\system.\core.$lt$rtl/core/known_spectral_core.sv:210$1377: $auto$alumacc.cc:548:replace_alu$7292
  creating $alu cell for $flatten\system.\core.$ge$rtl/core/known_spectral_core.sv:263$1409: $auto$alumacc.cc:548:replace_alu$7299
  creating $alu cell for $flatten\system.\core.$lt$rtl/core/known_spectral_core.sv:264$1412: $auto$alumacc.cc:548:replace_alu$7312
  creating $alu cell for $flatten\system.\core.$lt$rtl/core/known_spectral_core.sv:282$1428: $auto$alumacc.cc:548:replace_alu$7317
  creating $alu cell for $flatten\system.\core.$gt$rtl/core/known_spectral_core.sv:288$1431: $auto$alumacc.cc:548:replace_alu$7322
  creating $alu cell for $flatten\system.\core.$gt$rtl/core/known_spectral_core.sv:79$1452, $flatten\system.\core.$eq$rtl/core/known_spectral_core.sv:79$1453: $auto$alumacc.cc:548:replace_alu$7335
  creating $alu cell for $flatten\system.\core.$gt$rtl/core/known_spectral_core.sv:79$1466, $flatten\system.\core.$eq$rtl/core/known_spectral_core.sv:79$1467: $auto$alumacc.cc:548:replace_alu$7346
  creating $alu cell for $flatten\system.\transport.$gt$rtl/io/flash_stream.sv:85$961: $auto$alumacc.cc:548:replace_alu$7357
  creating $alu cell for $flatten\system.\transport.$gt$rtl/io/flash_stream.sv:86$963: $auto$alumacc.cc:548:replace_alu$7368
  creating $alu cell for $flatten\system.\transport.$lt$rtl/io/flash_stream.sv:87$965: $auto$alumacc.cc:548:replace_alu$7379
  creating $alu cell for $flatten\system.\transport.$gt$rtl/io/flash_stream.sv:87$968: $auto$alumacc.cc:548:replace_alu$7384
  creating $alu cell for $flatten\system.\controller.$lt$rtl/io/known_replay_controller.sv:199$896: $auto$alumacc.cc:548:replace_alu$7395
  creating $alu cell for $flatten\system.\controller.$gt$rtl/io/known_replay_controller.sv:152$844: $auto$alumacc.cc:548:replace_alu$7400
  creating $alu cell for $flatten\system.\controller.$lt$rtl/io/known_replay_controller.sv:152$843: $auto$alumacc.cc:548:replace_alu$7411
  creating $alu cell for $flatten\system.\controller.$gt$rtl/io/known_replay_controller.sv:117$802: $auto$alumacc.cc:548:replace_alu$7416
  creating $alu cell for $flatten\system.\controller.$ge$rtl/io/known_replay_controller.sv:119$812: $auto$alumacc.cc:548:replace_alu$7427
  creating $alu cell for $flatten\system.\controller.$gt$rtl/io/known_replay_controller.sv:92$774: $auto$alumacc.cc:548:replace_alu$7440
  creating $alu cell for $flatten\system.\controller.$lt$rtl/io/known_replay_controller.sv:93$779: $auto$alumacc.cc:548:replace_alu$7451
  creating $alu cell for $flatten\system.\controller.$sub$rtl/io/known_replay_controller.sv:92$775, $flatten\system.\controller.$eq$rtl/io/known_replay_controller.sv:179$870: $auto$alumacc.cc:548:replace_alu$7456
  creating $alu cell for $flatten\system.\controller.$add$rtl/io/known_replay_controller.sv:91$772: $auto$alumacc.cc:548:replace_alu$7461
  creating $alu cell for $flatten\system.\controller.$sub$rtl/io/known_replay_controller.sv:82$767, $flatten\system.\controller.$procmux$4761_CMP0: $auto$alumacc.cc:548:replace_alu$7464
  creating $alu cell for $flatten\system.\core.\lanes[3].rom.$neg$rtl/core/vib_coeff_rom.sv:34$996: $auto$alumacc.cc:548:replace_alu$7469
  creating $alu cell for $flatten\system.\core.\lanes[2].rom.$neg$rtl/core/vib_coeff_rom.sv:34$996: $auto$alumacc.cc:548:replace_alu$7472
  creating $alu cell for $flatten\system.\core.\lanes[1].rom.$neg$rtl/core/vib_coeff_rom.sv:34$996: $auto$alumacc.cc:548:replace_alu$7475
  creating $alu cell for $flatten\system.\core.\lanes[0].rom.$neg$rtl/core/vib_coeff_rom.sv:34$996: $auto$alumacc.cc:548:replace_alu$7478
  creating $alu cell for $flatten\system.\core.\capture.$add$rtl/core/known_capture.sv:23$1015: $auto$alumacc.cc:548:replace_alu$7481
  creating $alu cell for $flatten\system.\core.\capture.$neg$rtl/core/known_capture.sv:41$1103: $auto$alumacc.cc:548:replace_alu$7484
  creating $alu cell for $flatten\system.\core.\capture.$neg$rtl/core/known_capture.sv:42$1120: $auto$alumacc.cc:548:replace_alu$7487
  creating $alu cell for $flatten\system.\core.\capture.$add$rtl/core/known_capture.sv:44$1136: $auto$alumacc.cc:548:replace_alu$7490
  creating $alu cell for $flatten\system.\core.\capture.$add$rtl/core/known_capture.sv:47$1153: $auto$alumacc.cc:548:replace_alu$7493
  creating $alu cell for $flatten\system.\core.\capture.$add$rtl/core/known_capture.sv:51$1165: $auto$alumacc.cc:548:replace_alu$7496
  creating $alu cell for $flatten\system.\core.\capture.$neg$rtl/core/known_capture.sv:52$1166: $auto$alumacc.cc:548:replace_alu$7499
  creating $alu cell for $flatten\system.\core.\capture.$add$rtl/core/known_capture.sv:53$1174: $auto$alumacc.cc:548:replace_alu$7502
  creating $alu cell for $flatten\system.\controller.$add$rtl/io/known_replay_controller.sv:195$888: $auto$alumacc.cc:548:replace_alu$7505
  creating $alu cell for $flatten\system.\controller.$add$rtl/io/known_replay_controller.sv:184$881: $auto$alumacc.cc:548:replace_alu$7508
  creating $alu cell for $flatten\system.\controller.$sub$rtl/io/known_replay_controller.sv:129$821: $auto$alumacc.cc:548:replace_alu$7511
  creating $alu cell for $flatten\system.\controller.$sub$rtl/io/known_replay_controller.sv:124$816: $auto$alumacc.cc:548:replace_alu$7514
  creating $alu cell for $flatten\system.\controller.$add$rtl/io/known_replay_controller.sv:124$815: $auto$alumacc.cc:548:replace_alu$7517
  creating $alu cell for $flatten\system.\controller.$add$rtl/io/known_replay_controller.sv:116$801: $auto$alumacc.cc:548:replace_alu$7520
  creating $alu cell for $flatten\system.\controller.$add$rtl/io/known_replay_controller.sv:115$800: $auto$alumacc.cc:548:replace_alu$7523
  creating $alu cell for $flatten\system.\controller.$sub$rtl/io/known_replay_controller.sv:112$799: $auto$alumacc.cc:548:replace_alu$7526
  creating $alu cell for $flatten\system.\controller.$add$rtl/io/known_replay_controller.sv:111$798: $auto$alumacc.cc:548:replace_alu$7529
  creating $alu cell for $flatten\system.\controller.$add$rtl/io/known_replay_controller.sv:109$797: $auto$alumacc.cc:548:replace_alu$7532
  creating $alu cell for $flatten\system.\transport.$sub$rtl/io/flash_stream.sv:103$978, $flatten\system.\transport.$eq$rtl/io/flash_stream.sv:105$979: $auto$alumacc.cc:548:replace_alu$7535
  creating $alu cell for $flatten\system.\transport.$add$rtl/io/flash_stream.sv:99$976: $auto$alumacc.cc:548:replace_alu$7540
  creating $alu cell for $flatten\system.\controller.$sub$rtl/io/known_replay_controller.sv:157$849, $flatten\system.\controller.$ge$rtl/io/known_replay_controller.sv:157$848, $flatten\system.\controller.$lt$rtl/io/known_replay_controller.sv:146$836: $auto$alumacc.cc:548:replace_alu$7543
  creating $alu cell for $flatten\system.\transport.$add$rtl/io/flash_stream.sv:87$967: $auto$alumacc.cc:548:replace_alu$7556
  creating $alu cell for $flatten\system.\controller.$add$rtl/io/known_replay_controller.sv:169$863: $auto$alumacc.cc:548:replace_alu$7559
  creating $alu cell for $flatten\system.\transport.$add$rtl/io/flash_stream.sv:86$962: $auto$alumacc.cc:548:replace_alu$7562
  creating $alu cell for $flatten\system.\transport.$add$rtl/io/flash_stream.sv:81$958: $auto$alumacc.cc:548:replace_alu$7565
  creating $alu cell for $flatten\system.\core.\lanes[3].rom.$neg$rtl/core/vib_coeff_rom.sv:20$987: $auto$alumacc.cc:548:replace_alu$7568
  creating $alu cell for $flatten\system.\core.$add$rtl/core/known_spectral_core.sv:120$1493: $auto$alumacc.cc:548:replace_alu$7571
  creating $alu cell for $flatten\system.\core.\lanes[2].rom.$neg$rtl/core/vib_coeff_rom.sv:20$987: $auto$alumacc.cc:548:replace_alu$7574
  creating $alu cell for $flatten\system.\core.\lanes[1].rom.$neg$rtl/core/vib_coeff_rom.sv:20$987: $auto$alumacc.cc:548:replace_alu$7577
  creating $alu cell for $flatten\system.\core.$add$rtl/core/known_spectral_core.sv:120$1478: $auto$alumacc.cc:548:replace_alu$7580
  creating $alu cell for $flatten\system.\core.\lanes[0].rom.$neg$rtl/core/vib_coeff_rom.sv:20$987: $auto$alumacc.cc:548:replace_alu$7583
  creating $alu cell for $flatten\system.\core.$add$rtl/core/known_spectral_core.sv:79$1470: $auto$alumacc.cc:548:replace_alu$7586
  creating $alu cell for $flatten\system.\core.$add$rtl/core/known_spectral_core.sv:79$1456: $auto$alumacc.cc:548:replace_alu$7589
  creating $alu cell for $flatten\system.\core.$add$rtl/core/known_spectral_core.sv:290$1432: $auto$alumacc.cc:548:replace_alu$7592
  creating $alu cell for $flatten\system.\core.$add$rtl/core/known_spectral_core.sv:282$1429: $auto$alumacc.cc:548:replace_alu$7595
  creating $alu cell for $flatten\system.\core.$add$rtl/core/known_spectral_core.sv:281$1426: $auto$alumacc.cc:548:replace_alu$7598
  creating $alu cell for $flatten\system.\core.$add$rtl/core/known_spectral_core.sv:279$1424: $auto$alumacc.cc:548:replace_alu$7601
  creating $alu cell for $flatten\system.\core.$neg$rtl/core/known_spectral_core.sv:275$1422: $auto$alumacc.cc:548:replace_alu$7604
  creating $alu cell for $flatten\system.\core.$sub$rtl/core/known_spectral_core.sv:270$1419: $auto$alumacc.cc:548:replace_alu$7607
  creating $alu cell for $flatten\system.\core.$sub$rtl/core/known_spectral_core.sv:264$1414: $auto$alumacc.cc:548:replace_alu$7610
  creating $alu cell for $flatten\system.\core.$add$rtl/core/known_spectral_core.sv:263$1411: $auto$alumacc.cc:548:replace_alu$7613
  creating $alu cell for $flatten\system.\core.$add$rtl/core/known_spectral_core.sv:258$1407: $auto$alumacc.cc:548:replace_alu$7616
  creating $alu cell for $flatten\system.\core.$neg$rtl/core/known_spectral_core.sv:246$1399: $auto$alumacc.cc:548:replace_alu$7619
  creating $alu cell for $flatten\system.\core.$neg$rtl/core/known_spectral_core.sv:222$1387: $auto$alumacc.cc:548:replace_alu$7622
  creating $alu cell for $flatten\system.\core.$add$rtl/core/known_spectral_core.sv:220$1384: $auto$alumacc.cc:548:replace_alu$7625
  creating $alu cell for $flatten\system.\core.$neg$rtl/core/known_spectral_core.sv:215$1380: $auto$alumacc.cc:548:replace_alu$7628
  creating $alu cell for $flatten\system.\core.$add$rtl/core/known_spectral_core.sv:204$1372: $auto$alumacc.cc:548:replace_alu$7631
  creating $alu cell for $flatten\system.\core.$add$rtl/core/known_spectral_core.sv:203$1371: $auto$alumacc.cc:548:replace_alu$7634
  creating $alu cell for $flatten\system.\core.$add$rtl/core/known_spectral_core.sv:203$1370: $auto$alumacc.cc:548:replace_alu$7637
  creating $alu cell for $flatten\system.\core.$add$rtl/core/known_spectral_core.sv:203$1369: $auto$alumacc.cc:548:replace_alu$7640
  creating $alu cell for $flatten\system.\core.$add$rtl/core/known_spectral_core.sv:203$1368: $auto$alumacc.cc:548:replace_alu$7643
  creating $alu cell for $flatten\system.\core.$add$rtl/core/known_spectral_core.sv:200$1367: $auto$alumacc.cc:548:replace_alu$7646
  creating $alu cell for $add$rtl/upduino_known.sv:11$395: $auto$alumacc.cc:548:replace_alu$7649
  creating $alu cell for $flatten\system.\core.$add$rtl/core/known_spectral_core.sv:200$1364: $auto$alumacc.cc:548:replace_alu$7652
  creating $alu cell for $flatten\system.\core.$add$rtl/core/known_spectral_core.sv:200$1363: $auto$alumacc.cc:548:replace_alu$7655
  creating $alu cell for $flatten\system.\core.$add$rtl/core/known_spectral_core.sv:61$1203: $auto$alumacc.cc:548:replace_alu$7658
  creating $alu cell for $flatten\system.\transport.\spi.$add$rtl/io/spi_master.sv:77$1517: $auto$alumacc.cc:548:replace_alu$7661
  creating $alu cell for $flatten\system.\core.$add$rtl/core/known_spectral_core.sv:199$1359: $auto$alumacc.cc:548:replace_alu$7664
  creating $alu cell for $flatten\system.\transport.\spi.$sub$rtl/io/spi_master.sv:78$1518: $auto$alumacc.cc:548:replace_alu$7667
  creating $alu cell for $flatten\system.\core.$add$rtl/core/known_spectral_core.sv:186$1350: $auto$alumacc.cc:548:replace_alu$7670
  creating $alu cell for $flatten\system.\core.$add$rtl/core/known_spectral_core.sv:172$1342: $auto$alumacc.cc:548:replace_alu$7673
  creating $alu cell for $flatten\system.\core.$add$rtl/core/known_spectral_core.sv:79$1340: $auto$alumacc.cc:548:replace_alu$7676
  creating $alu cell for $flatten\system.\core.$add$rtl/core/known_spectral_core.sv:167$1321: $auto$alumacc.cc:548:replace_alu$7679
  creating $alu cell for $flatten\system.\core.$add$rtl/core/known_spectral_core.sv:166$1320: $auto$alumacc.cc:548:replace_alu$7682
  creating $alu cell for $flatten\system.\core.$add$rtl/core/known_spectral_core.sv:165$1308: $auto$alumacc.cc:548:replace_alu$7685
  creating $alu cell for $flatten\system.\core.$add$rtl/core/known_spectral_core.sv:164$1302: $auto$alumacc.cc:548:replace_alu$7688
  creating $alu cell for $flatten\system.\transport.$add$rtl/io/flash_stream.sv:117$986: $auto$alumacc.cc:548:replace_alu$7691
  creating $alu cell for $flatten\system.\core.$add$rtl/core/known_spectral_core.sv:163$1296: $auto$alumacc.cc:548:replace_alu$7694
  creating $alu cell for $flatten\system.\core.$sub$rtl/core/known_spectral_core.sv:70$1207: $auto$alumacc.cc:548:replace_alu$7697
  creating $alu cell for $flatten\system.\core.$add$rtl/core/known_spectral_core.sv:108$1247: $auto$alumacc.cc:548:replace_alu$7700
  creating $alu cell for $flatten\system.\core.$neg$rtl/core/known_spectral_core.sv:106$1244: $auto$alumacc.cc:548:replace_alu$7703
  creating $alu cell for $flatten\system.\core.$add$rtl/core/known_spectral_core.sv:103$1241: $auto$alumacc.cc:548:replace_alu$7706
  creating $alu cell for $flatten\system.\core.$add$rtl/core/known_spectral_core.sv:98$1236: $auto$alumacc.cc:548:replace_alu$7709
  creating $alu cell for $flatten\system.\core.$add$rtl/core/known_spectral_core.sv:95$1230: $auto$alumacc.cc:548:replace_alu$7712
  creating $alu cell for $flatten\system.\core.$add$rtl/core/known_spectral_core.sv:94$1229: $auto$alumacc.cc:548:replace_alu$7715
  creating $alu cell for $flatten\system.\core.$sub$rtl/core/known_spectral_core.sv:72$1212: $auto$alumacc.cc:548:replace_alu$7718
  creating $alu cell for $flatten\system.\core.$add$rtl/core/known_spectral_core.sv:73$1215: $auto$alumacc.cc:548:replace_alu$7721
  created 114 $alu and 2 $macc cells.

10.29. Executing OPT pass (performing simple optimizations).

10.29.1. Executing OPT_EXPR pass (perform const folding).
Optimizing module upduino_known.
<suppressed ~111 debug messages>

10.29.2. Executing OPT_MERGE pass (detect identical cells).
Finding identical cells in module `\upduino_known'.
Computing hashes of 1413 cells of `\upduino_known'.
Finding duplicate cells in `\upduino_known'.
Computing hashes of 1410 cells of `\upduino_known'.
Finding duplicate cells in `\upduino_known'.
<suppressed ~9 debug messages>
Removed a total of 3 cells.

10.29.3. Executing OPT_MUXTREE pass (detect dead branches in mux trees).
Running muxtree optimizer on module \upduino_known..
  Creating internal representation of mux trees.
  Evaluating internal representation of mux trees.
  Analyzing evaluation results.
Removed 0 multiplexer ports.
<suppressed ~577 debug messages>

10.29.4. Executing OPT_REDUCE pass (consolidate $*mux and $reduce_* inputs).
  Optimizing cells in module \upduino_known.
Performed a total of 0 changes.

10.29.5. Executing OPT_MERGE pass (detect identical cells).
Finding identical cells in module `\upduino_known'.
Computing hashes of 1410 cells of `\upduino_known'.
Finding duplicate cells in `\upduino_known'.
Computing hashes of 1409 cells of `\upduino_known'.
Finding duplicate cells in `\upduino_known'.
Computing hashes of 1408 cells of `\upduino_known'.
Finding duplicate cells in `\upduino_known'.
<suppressed ~6 debug messages>
Removed a total of 2 cells.

10.29.6. Executing OPT_DFF pass (perform DFF optimizations).
Setting constant 0-bit at position 22 on $auto$ff.cc:337:slice$6378 ($sdffe) from module upduino_known.
Setting constant 0-bit at position 23 on $auto$ff.cc:337:slice$6378 ($sdffe) from module upduino_known.

10.29.7. Executing OPT_CLEAN pass (remove unused cells and wires).
Finding unused cells or wires in module \upduino_known..
Removed 23 unused cells and 323 unused wires.
<suppressed ~24 debug messages>

10.29.8. Executing OPT_EXPR pass (perform const folding).
Optimizing module upduino_known.

10.29.9. Rerunning OPT passes. (Maybe there is more to do..)

10.29.10. Executing OPT_MUXTREE pass (detect dead branches in mux trees).
Running muxtree optimizer on module \upduino_known..
  Creating internal representation of mux trees.
  Evaluating internal representation of mux trees.
  Analyzing evaluation results.
Removed 0 multiplexer ports.
<suppressed ~574 debug messages>

10.29.11. Executing OPT_REDUCE pass (consolidate $*mux and $reduce_* inputs).
  Optimizing cells in module \upduino_known.
Performed a total of 0 changes.

10.29.12. Executing OPT_MERGE pass (detect identical cells).
Finding identical cells in module `\upduino_known'.
Computing hashes of 1385 cells of `\upduino_known'.
Finding duplicate cells in `\upduino_known'.
Removed a total of 0 cells.

10.29.13. Executing OPT_DFF pass (perform DFF optimizations).

10.29.14. Executing OPT_CLEAN pass (remove unused cells and wires).
Finding unused cells or wires in module \upduino_known..

10.29.15. Executing OPT_EXPR pass (perform const folding).
Optimizing module upduino_known.

10.29.16. Finished fast OPT passes. (There is nothing left to do.)

10.30. Executing MEMORY pass.

10.30.1. Executing OPT_MEM pass (optimize memories).
upduino_known.system.core.lanes[3].rom.quarter: removing const-0 lane 15
upduino_known.system.core.lanes[2].rom.quarter: removing const-0 lane 15
upduino_known.system.core.lanes[1].rom.quarter: removing const-0 lane 15
upduino_known.system.core.lanes[0].rom.quarter: removing const-0 lane 15
upduino_known.system.core.gains: removing const-0 lane 18
upduino_known.system.core.gains: removing const-0 lane 19
upduino_known.system.core.gains: removing const-0 lane 20
upduino_known.system.core.gains: removing const-0 lane 21
upduino_known.system.core.gains: removing const-0 lane 22
upduino_known.system.core.gains: removing const-0 lane 23
upduino_known.system.core.gains: removing const-0 lane 24
upduino_known.system.core.gains: removing const-0 lane 25
upduino_known.system.core.gains: removing const-0 lane 26
upduino_known.system.core.gains: removing const-0 lane 27
upduino_known.system.core.gains: removing const-0 lane 28
upduino_known.system.core.gains: removing const-0 lane 29
upduino_known.system.core.gains: removing const-0 lane 30
upduino_known.system.core.gains: removing const-0 lane 31
Performed a total of 5 transformations.

10.30.2. Executing OPT_MEM_PRIORITY pass (removing unnecessary memory write priority relations).
Performed a total of 2 transformations.

10.30.3. Executing OPT_MEM_FEEDBACK pass (finding memory read-to-write feedback paths).

10.30.4. Executing MEMORY_BMUX2ROM pass (converting muxes to ROMs).

10.30.5. Executing MEMORY_DFF pass (merging $dff cells to $memrd).

10.30.6. Executing OPT_CLEAN pass (remove unused cells and wires).
Finding unused cells or wires in module \upduino_known..

10.30.7. Executing MEMORY_SHARE pass (consolidating $memrd/$memwr cells).
Consolidating write ports of memory upduino_known.system.core.capture.ids by address:
  Merging ports 0, 1 (address 1'0).
Consolidating write ports of memory upduino_known.system.core.capture.ids by address:
Consolidating write ports of memory upduino_known.system.core.capture.sums by address:
  Merging ports 0, 1 (address 1'0).
Consolidating write ports of memory upduino_known.system.core.capture.sums by address:
Consolidating write ports of memory upduino_known.system.core.capture.ids using sat-based resource sharing:
Consolidating write ports of memory upduino_known.system.core.capture.sums using sat-based resource sharing:

10.30.8. Executing OPT_MEM_WIDEN pass (optimize memories where all ports are wide).
Performed a total of 0 transformations.

10.30.9. Executing OPT_CLEAN pass (remove unused cells and wires).
Finding unused cells or wires in module \upduino_known..

10.30.10. Executing MEMORY_COLLECT pass (generating $mem cells).

10.31. Executing OPT_CLEAN pass (remove unused cells and wires).
Finding unused cells or wires in module \upduino_known..

10.32. Executing MEMORY_LIBMAP pass (mapping memories to cells).
found attribute 'ram_style = block' on memory upduino_known.system.controller.queue, forced mapping to block RAM
mapping memory upduino_known.system.controller.queue via $__ICE40_RAM4K_
found attribute 'ram_style = block' on memory upduino_known.system.core.lanes[3].rom.quarter, forced mapping to block RAM
mapping memory upduino_known.system.core.lanes[3].rom.quarter via $__ICE40_RAM4K_
found attribute 'ram_style = block' on memory upduino_known.system.core.lanes[2].rom.quarter, forced mapping to block RAM
mapping memory upduino_known.system.core.lanes[2].rom.quarter via $__ICE40_RAM4K_
found attribute 'ram_style = block' on memory upduino_known.system.core.lanes[1].rom.quarter, forced mapping to block RAM
mapping memory upduino_known.system.core.lanes[1].rom.quarter via $__ICE40_RAM4K_
found attribute 'ram_style = block' on memory upduino_known.system.core.lanes[0].rom.quarter, forced mapping to block RAM
mapping memory upduino_known.system.core.lanes[0].rom.quarter via $__ICE40_RAM4K_
using FF mapping for memory upduino_known.system.core.capture.ids
using FF mapping for memory upduino_known.system.core.capture.sums
found attribute 'ram_style = block' on memory upduino_known.system.core.capture.raw0, forced mapping to block RAM
mapping memory upduino_known.system.core.capture.raw0 via $__ICE40_RAM4K_
found attribute 'ram_style = block' on memory upduino_known.system.core.capture.raw1, forced mapping to block RAM
mapping memory upduino_known.system.core.capture.raw1 via $__ICE40_RAM4K_
found attribute 'ram_style = block' on memory upduino_known.system.core.weights, forced mapping to block RAM
mapping memory upduino_known.system.core.weights via $__ICE40_RAM4K_
found attribute 'ram_style = block' on memory upduino_known.system.core.gains, forced mapping to block RAM
mapping memory upduino_known.system.core.gains via $__ICE40_RAM4K_
found attribute 'ram_style = block' on memory upduino_known.system.core.means, forced mapping to block RAM
mapping memory upduino_known.system.core.means via $__ICE40_RAM4K_
found attribute 'ram_style = block' on memory upduino_known.system.core.log_table, forced mapping to block RAM
mapping memory upduino_known.system.core.log_table via $__ICE40_RAM4K_
found attribute 'ram_style = block' on memory upduino_known.system.core.windowed, forced mapping to block RAM
mapping memory upduino_known.system.core.windowed via $__ICE40_RAM4K_
<suppressed ~679 debug messages>

10.33. Executing TECHMAP pass (map to technology primitives).

10.33.1. Executing Verilog-2005 frontend: PROJECT_ROOT/.tools/oss-cad-suite/libexec/../share/yosys/ice40/brams_map.v
Parsing Verilog input from `PROJECT_ROOT/.tools/oss-cad-suite/libexec/../share/yosys/ice40/brams_map.v' to AST representation.
Generating RTLIL representation for module `$__ICE40_RAM4K_'.
Successfully finished Verilog frontend.

10.33.2. Executing Verilog-2005 frontend: PROJECT_ROOT/.tools/oss-cad-suite/libexec/../share/yosys/ice40/spram_map.v
Parsing Verilog input from `PROJECT_ROOT/.tools/oss-cad-suite/libexec/../share/yosys/ice40/spram_map.v' to AST representation.
Generating RTLIL representation for module `$__ICE40_SPRAM_'.
Successfully finished Verilog frontend.

10.33.3. Continuing TECHMAP pass.
Using template $paramod$d993f2bbbd1b196c00558ace1edbdffa8219133b$__ICE40_RAM4K_ for cells of type $__ICE40_RAM4K_.
Using template $paramod$90aba67349d4e46e4c5cc714535c58abc6908830$__ICE40_RAM4K_ for cells of type $__ICE40_RAM4K_.
Using template $paramod$152405ab8834e0c4f35bd7e4e60c34790a6f81fa$__ICE40_RAM4K_ for cells of type $__ICE40_RAM4K_.
Using template $paramod$9b3ab3cb0fbd1f5d29f2f9df6822b8eb1dc9ae8f$__ICE40_RAM4K_ for cells of type $__ICE40_RAM4K_.
Using template $paramod$a1f6b5309207cf102bfb625dccbd224ad06df61d$__ICE40_RAM4K_ for cells of type $__ICE40_RAM4K_.
Using template $paramod$04b722c985d1be611cd7da92c7339e56bf5c80c0$__ICE40_RAM4K_ for cells of type $__ICE40_RAM4K_.
Using template $paramod$9e58fa6d45291e64cc7d3b19daa2c12eeff9d9c7$__ICE40_RAM4K_ for cells of type $__ICE40_RAM4K_.
Using template $paramod$3db81bc44312e060d2fb3eb24fe8d19c2179c8af$__ICE40_RAM4K_ for cells of type $__ICE40_RAM4K_.
Using template $paramod$05f6439ceb68540e34f0a0796a91d84e05404b12$__ICE40_RAM4K_ for cells of type $__ICE40_RAM4K_.
Using template $paramod$69636e552d004a1bb627c48f8165857242793ec9$__ICE40_RAM4K_ for cells of type $__ICE40_RAM4K_.
Using template $paramod$f176b67210343f25c5c10b1499f72a9702eae806$__ICE40_RAM4K_ for cells of type $__ICE40_RAM4K_.
Using template $paramod$554cf42ffe639b79c882007799491ebe9f4b3436$__ICE40_RAM4K_ for cells of type $__ICE40_RAM4K_.
Using template $paramod$7b6313e5c4d88d1482ec31b17993b1d27ddb8516$__ICE40_RAM4K_ for cells of type $__ICE40_RAM4K_.
No more expansions possible.
<suppressed ~281 debug messages>

10.34. Executing ICE40_BRAMINIT pass.

10.35. Executing OPT pass (performing simple optimizations).

10.35.1. Executing OPT_EXPR pass (perform const folding).
Optimizing module upduino_known.
<suppressed ~522 debug messages>

10.35.2. Executing OPT_MERGE pass (detect identical cells).
Finding identical cells in module `\upduino_known'.
Computing hashes of 1552 cells of `\upduino_known'.
Finding duplicate cells in `\upduino_known'.
Computing hashes of 1510 cells of `\upduino_known'.
Finding duplicate cells in `\upduino_known'.
Computing hashes of 1508 cells of `\upduino_known'.
Finding duplicate cells in `\upduino_known'.
<suppressed ~132 debug messages>
Removed a total of 44 cells.

10.35.3. Executing OPT_DFF pass (perform DFF optimizations).
Adding SRST signal on $auto$ff.cc:337:slice$6049 ($dffe) from module upduino_known (D = $flatten\system.\core.$procmux$2262_Y [9], Q = \system.core.phases[2] [9], rval = 1'0).
Adding SRST signal on $auto$ff.cc:337:slice$6058 ($dffe) from module upduino_known (D = $flatten\system.\core.$procmux$2291_Y [9], Q = \system.core.phases[0] [9], rval = 1'0).
Adding SRST signal on $auto$ff.cc:337:slice$6067 ($dffe) from module upduino_known (D = $flatten\system.\core.$procmux$2320_Y, Q = \system.core.accumulator[3], rval = 48'000000000000000000000000000000000000000000000000).
Adding SRST signal on $auto$ff.cc:337:slice$6076 ($dffe) from module upduino_known (D = $flatten\system.\core.$procmux$2349_Y, Q = \system.core.accumulator[2], rval = 48'000000000000000000000000000000000000000000000000).
Adding SRST signal on $auto$ff.cc:337:slice$6085 ($dffe) from module upduino_known (D = $flatten\system.\core.$procmux$2378_Y, Q = \system.core.accumulator[1], rval = 48'000000000000000000000000000000000000000000000000).
Adding SRST signal on $auto$ff.cc:337:slice$6094 ($dffe) from module upduino_known (D = $flatten\system.\core.$procmux$2407_Y, Q = \system.core.accumulator[0], rval = 48'000000000000000000000000000000000000000000000000).
Adding SRST signal on $auto$ff.cc:337:slice$6167 ($dffe) from module upduino_known (D = $flatten\system.\core.$procmux$2571_Y, Q = \system.core.wide_acc, rval = 64'0000000000000000000000000000000000000000000000000000000000000000).
Adding EN signal on $auto$ff.cc:337:slice$6638 ($sdffe) from module upduino_known (D = $flatten\system.\core.$procmux$2852_Y [1:0], Q = \system.core.component_base [1:0]).
Removing always-active EN on $auto$mem.cc:1169:emulate_transparency$7750 ($dffe) from module upduino_known.
Adding SRST signal on $auto$mem.cc:1648:emulate_read_first$7771 ($dff) from module upduino_known (D = $flatten\system.\core.\capture.$2$memwr$\raw0$rtl/core/known_capture.sv:34$1006_EN[15:0]$1081 [0], Q = $auto$mem.cc:1645:emulate_read_first$7768, rval = 1'0).
Adding SRST signal on $auto$mem.cc:1648:emulate_read_first$7791 ($dff) from module upduino_known (D = $flatten\system.\core.\capture.$2$memwr$\raw1$rtl/core/known_capture.sv:34$1005_EN[15:0]$1078 [0], Q = $auto$mem.cc:1645:emulate_read_first$7788, rval = 1'0).
Setting constant 0-bit at position 0 on $auto$opt_mem.cc:128:execute$7740 ($dffe) from module upduino_known.
Setting constant 0-bit at position 0 on $auto$opt_mem.cc:128:execute$7725 ($dffe) from module upduino_known.
Setting constant 0-bit at position 0 on $auto$opt_mem.cc:128:execute$7728 ($dffe) from module upduino_known.

10.35.4. Executing OPT_CLEAN pass (remove unused cells and wires).
Finding unused cells or wires in module \upduino_known..
Removed 104 unused cells and 840 unused wires.
<suppressed ~106 debug messages>

10.35.5. Rerunning OPT passes. (Removed registers in this run.)

10.35.6. Executing OPT_EXPR pass (perform const folding).
Optimizing module upduino_known.
<suppressed ~4 debug messages>

10.35.7. Executing OPT_MERGE pass (detect identical cells).
Finding identical cells in module `\upduino_known'.
Computing hashes of 1402 cells of `\upduino_known'.
Finding duplicate cells in `\upduino_known'.
Removed a total of 0 cells.

10.35.8. Executing OPT_DFF pass (perform DFF optimizations).

10.35.9. Executing OPT_CLEAN pass (remove unused cells and wires).
Finding unused cells or wires in module \upduino_known..
Removed 0 unused cells and 3 unused wires.
<suppressed ~1 debug messages>

10.35.10. Finished fast OPT passes.

10.36. Executing MEMORY_MAP pass (converting memories to logic and flip-flops).
Mapping memory \system.core.capture.ids in module \upduino_known:
  created 2 $dff cells and 0 static cells of width 32.
Extracted addr FF from read port 0 of upduino_known.system.core.capture.ids: $\system.core.capture.ids$rdreg[0]
  read interface: 1 $dff and 1 $mux cells.
  write interface: 4 write mux blocks.
Mapping memory \system.core.capture.sums in module \upduino_known:
  created 2 $dff cells and 0 static cells of width 32.
Extracted addr FF from read port 0 of upduino_known.system.core.capture.sums: $\system.core.capture.sums$rdreg[0]
  read interface: 1 $dff and 1 $mux cells.
  write interface: 4 write mux blocks.

10.37. Executing OPT pass (performing simple optimizations).

10.37.1. Executing OPT_EXPR pass (perform const folding).
Optimizing module upduino_known.
<suppressed ~11 debug messages>

10.37.2. Executing OPT_MERGE pass (detect identical cells).
Finding identical cells in module `\upduino_known'.
Computing hashes of 1421 cells of `\upduino_known'.
Finding duplicate cells in `\upduino_known'.
Computing hashes of 1417 cells of `\upduino_known'.
Finding duplicate cells in `\upduino_known'.
<suppressed ~12 debug messages>
Removed a total of 4 cells.

10.37.3. Executing OPT_MUXTREE pass (detect dead branches in mux trees).
Running muxtree optimizer on module \upduino_known..
  Creating internal representation of mux trees.
  Evaluating internal representation of mux trees.
  Analyzing evaluation results.
    dead port 1/2 on $mux $flatten\system.\core.\capture.$procmux$5170.
    dead port 2/2 on $mux $flatten\system.\core.\capture.$procmux$5170.
Removed 2 multiplexer ports.
<suppressed ~407 debug messages>

10.37.4. Executing OPT_REDUCE pass (consolidate $*mux and $reduce_* inputs).
  Optimizing cells in module \upduino_known.
    New input vector for $reduce_and cell $auto$simple.cc:211:make_patterns_logic$8696: { $auto$simple.cc:193:make_patterns_logic$6639 $auto$simple.cc:193:make_patterns_logic$6641 $auto$simple.cc:193:make_patterns_logic$6643 $auto$simple.cc:193:make_patterns_logic$6645 $auto$simple.cc:193:make_patterns_logic$8693 }
    Consolidated identical input bits for $pmux cell $flatten\system.\controller.$procmux$4247:
      Old ports: A=1'1, B=6'111111, Y=$flatten\system.\controller.$procmux$4247_Y
      New connections: $flatten\system.\controller.$procmux$4247_Y = 1'1
    Consolidated identical input bits for $mux cell $flatten\system.\controller.$ternary$rtl/io/known_replay_controller.sv:63$938:
      Old ports: A={ 1'0 $auto$wreduce.cc:513:run$6865 [30:0] }, B={ 1'1 $auto$opt_expr.cc:206:group_cell_inputs$8675 [12:11] $auto$wreduce.cc:513:run$6865 [28] $auto$opt_expr.cc:206:group_cell_inputs$8675 [10:9] $auto$wreduce.cc:513:run$6865 [25] $auto$opt_expr.cc:206:group_cell_inputs$8675 [8:7] $auto$wreduce.cc:513:run$6865 [22] $auto$opt_expr.cc:206:group_cell_inputs$8675 [6:4] $auto$wreduce.cc:513:run$6865 [18:16] $auto$opt_expr.cc:206:group_cell_inputs$8675 [3] $auto$wreduce.cc:513:run$6865 [14:10] $auto$opt_expr.cc:206:group_cell_inputs$8675 [2:1] $auto$wreduce.cc:513:run$6865 [7:6] $auto$opt_expr.cc:206:group_cell_inputs$8675 [0] $auto$wreduce.cc:513:run$6865 [4:0] }, Y=$flatten\system.\controller.$ternary$rtl/io/known_replay_controller.sv:63$938_Y
      New ports: A={ 1'0 $auto$wreduce.cc:513:run$6865 [30:29] $auto$wreduce.cc:513:run$6865 [27:26] $auto$wreduce.cc:513:run$6865 [24:23] $auto$wreduce.cc:513:run$6865 [21:19] $auto$wreduce.cc:513:run$6865 [15] $auto$wreduce.cc:513:run$6865 [9:8] $auto$wreduce.cc:513:run$6865 [5] }, B={ 1'1 $auto$opt_expr.cc:206:group_cell_inputs$8675 }, Y={ $flatten\system.\controller.$ternary$rtl/io/known_replay_controller.sv:63$938_Y [31:29] $flatten\system.\controller.$ternary$rtl/io/known_replay_controller.sv:63$938_Y [27:26] $flatten\system.\controller.$ternary$rtl/io/known_replay_controller.sv:63$938_Y [24:23] $flatten\system.\controller.$ternary$rtl/io/known_replay_controller.sv:63$938_Y [21:19] $flatten\system.\controller.$ternary$rtl/io/known_replay_controller.sv:63$938_Y [15] $flatten\system.\controller.$ternary$rtl/io/known_replay_controller.sv:63$938_Y [9:8] $flatten\system.\controller.$ternary$rtl/io/known_replay_controller.sv:63$938_Y [5] }
      New connections: { $flatten\system.\controller.$ternary$rtl/io/known_replay_controller.sv:63$938_Y [28] $flatten\system.\controller.$ternary$rtl/io/known_replay_controller.sv:63$938_Y [25] $flatten\system.\controller.$ternary$rtl/io/known_replay_controller.sv:63$938_Y [22] $flatten\system.\controller.$ternary$rtl/io/known_replay_controller.sv:63$938_Y [18:16] $flatten\system.\controller.$ternary$rtl/io/known_replay_controller.sv:63$938_Y [14:10] $flatten\system.\controller.$ternary$rtl/io/known_replay_controller.sv:63$938_Y [7:6] $flatten\system.\controller.$ternary$rtl/io/known_replay_controller.sv:63$938_Y [4:0] } = { $auto$wreduce.cc:513:run$6865 [28] $auto$wreduce.cc:513:run$6865 [25] $auto$wreduce.cc:513:run$6865 [22] $auto$wreduce.cc:513:run$6865 [18:16] $auto$wreduce.cc:513:run$6865 [14:10] $auto$wreduce.cc:513:run$6865 [7:6] $auto$wreduce.cc:513:run$6865 [4:0] }
    Consolidated identical input bits for $mux cell $flatten\system.\controller.$ternary$rtl/io/known_replay_controller.sv:63$934:
      Old ports: A={ 1'0 $auto$wreduce.cc:513:run$6864 [30:0] }, B={ 1'1 $auto$opt_expr.cc:206:group_cell_inputs$8671 [12:11] $auto$wreduce.cc:513:run$6864 [28] $auto$opt_expr.cc:206:group_cell_inputs$8671 [10:9] $auto$wreduce.cc:513:run$6864 [25] $auto$opt_expr.cc:206:group_cell_inputs$8671 [8:7] $auto$wreduce.cc:513:run$6864 [22] $auto$opt_expr.cc:206:group_cell_inputs$8671 [6:4] $auto$wreduce.cc:513:run$6864 [18:16] $auto$opt_expr.cc:206:group_cell_inputs$8671 [3] $auto$wreduce.cc:513:run$6864 [14:10] $auto$opt_expr.cc:206:group_cell_inputs$8671 [2:1] $auto$wreduce.cc:513:run$6864 [7:6] $auto$opt_expr.cc:206:group_cell_inputs$8671 [0] $auto$wreduce.cc:513:run$6864 [4:0] }, Y={ $auto$wreduce.cc:513:run$6865 [30:0] $flatten\system.\controller.$ternary$rtl/io/known_replay_controller.sv:63$934_Y [0] }
      New ports: A={ 1'0 $auto$wreduce.cc:513:run$6864 [30:29] $auto$wreduce.cc:513:run$6864 [27:26] $auto$wreduce.cc:513:run$6864 [24:23] $auto$wreduce.cc:513:run$6864 [21:19] $auto$wreduce.cc:513:run$6864 [15] $auto$wreduce.cc:513:run$6864 [9:8] $auto$wreduce.cc:513:run$6864 [5] }, B={ 1'1 $auto$opt_expr.cc:206:group_cell_inputs$8671 }, Y={ $auto$wreduce.cc:513:run$6865 [30:28] $auto$wreduce.cc:513:run$6865 [26:25] $auto$wreduce.cc:513:run$6865 [23:22] $auto$wreduce.cc:513:run$6865 [20:18] $auto$wreduce.cc:513:run$6865 [14] $auto$wreduce.cc:513:run$6865 [8:7] $auto$wreduce.cc:513:run$6865 [4] }
      New connections: { $auto$wreduce.cc:513:run$6865 [27] $auto$wreduce.cc:513:run$6865 [24] $auto$wreduce.cc:513:run$6865 [21] $auto$wreduce.cc:513:run$6865 [17:15] $auto$wreduce.cc:513:run$6865 [13:9] $auto$wreduce.cc:513:run$6865 [6:5] $auto$wreduce.cc:513:run$6865 [3:0] $flatten\system.\controller.$ternary$rtl/io/known_replay_controller.sv:63$934_Y [0] } = { $auto$wreduce.cc:513:run$6864 [28] $auto$wreduce.cc:513:run$6864 [25] $auto$wreduce.cc:513:run$6864 [22] $auto$wreduce.cc:513:run$6864 [18:16] $auto$wreduce.cc:513:run$6864 [14:10] $auto$wreduce.cc:513:run$6864 [7:6] $auto$wreduce.cc:513:run$6864 [4:0] }
    Consolidated identical input bits for $mux cell $flatten\system.\controller.$ternary$rtl/io/known_replay_controller.sv:63$930:
      Old ports: A={ 1'0 $auto$wreduce.cc:513:run$6863 [30:0] }, B={ 1'1 $auto$opt_expr.cc:206:group_cell_inputs$8667 [12:11] $auto$wreduce.cc:513:run$6863 [28] $auto$opt_expr.cc:206:group_cell_inputs$8667 [10:9] $auto$wreduce.cc:513:run$6863 [25] $auto$opt_expr.cc:206:group_cell_inputs$8667 [8:7] $auto$wreduce.cc:513:run$6863 [22] $auto$opt_expr.cc:206:group_cell_inputs$8667 [6:4] $auto$wreduce.cc:513:run$6863 [18:16] $auto$opt_expr.cc:206:group_cell_inputs$8667 [3] $auto$wreduce.cc:513:run$6863 [14:10] $auto$opt_expr.cc:206:group_cell_inputs$8667 [2:1] $auto$wreduce.cc:513:run$6863 [7:6] $auto$opt_expr.cc:206:group_cell_inputs$8667 [0] $auto$wreduce.cc:513:run$6863 [4:0] }, Y={ $auto$wreduce.cc:513:run$6864 [30:0] $flatten\system.\controller.$ternary$rtl/io/known_replay_controller.sv:63$930_Y [0] }
      New ports: A={ 1'0 $auto$wreduce.cc:513:run$6863 [30:29] $auto$wreduce.cc:513:run$6863 [27:26] $auto$wreduce.cc:513:run$6863 [24:23] $auto$wreduce.cc:513:run$6863 [21:19] $auto$wreduce.cc:513:run$6863 [15] $auto$wreduce.cc:513:run$6863 [9:8] $auto$wreduce.cc:513:run$6863 [5] }, B={ 1'1 $auto$opt_expr.cc:206:group_cell_inputs$8667 }, Y={ $auto$wreduce.cc:513:run$6864 [30:28] $auto$wreduce.cc:513:run$6864 [26:25] $auto$wreduce.cc:513:run$6864 [23:22] $auto$wreduce.cc:513:run$6864 [20:18] $auto$wreduce.cc:513:run$6864 [14] $auto$wreduce.cc:513:run$6864 [8:7] $auto$wreduce.cc:513:run$6864 [4] }
      New connections: { $auto$wreduce.cc:513:run$6864 [27] $auto$wreduce.cc:513:run$6864 [24] $auto$wreduce.cc:513:run$6864 [21] $auto$wreduce.cc:513:run$6864 [17:15] $auto$wreduce.cc:513:run$6864 [13:9] $auto$wreduce.cc:513:run$6864 [6:5] $auto$wreduce.cc:513:run$6864 [3:0] $flatten\system.\controller.$ternary$rtl/io/known_replay_controller.sv:63$930_Y [0] } = { $auto$wreduce.cc:513:run$6863 [28] $auto$wreduce.cc:513:run$6863 [25] $auto$wreduce.cc:513:run$6863 [22] $auto$wreduce.cc:513:run$6863 [18:16] $auto$wreduce.cc:513:run$6863 [14:10] $auto$wreduce.cc:513:run$6863 [7:6] $auto$wreduce.cc:513:run$6863 [4:0] }
    Consolidated identical input bits for $mux cell $flatten\system.\controller.$ternary$rtl/io/known_replay_controller.sv:63$926:
      Old ports: A={ 1'0 $auto$wreduce.cc:513:run$6862 [30:0] }, B={ 1'1 $auto$opt_expr.cc:206:group_cell_inputs$8663 [12:11] $auto$wreduce.cc:513:run$6862 [28] $auto$opt_expr.cc:206:group_cell_inputs$8663 [10:9] $auto$wreduce.cc:513:run$6862 [25] $auto$opt_expr.cc:206:group_cell_inputs$8663 [8:7] $auto$wreduce.cc:513:run$6862 [22] $auto$opt_expr.cc:206:group_cell_inputs$8663 [6:4] $auto$wreduce.cc:513:run$6862 [18:16] $auto$opt_expr.cc:206:group_cell_inputs$8663 [3] $auto$wreduce.cc:513:run$6862 [14:10] $auto$opt_expr.cc:206:group_cell_inputs$8663 [2:1] $auto$wreduce.cc:513:run$6862 [7:6] $auto$opt_expr.cc:206:group_cell_inputs$8663 [0] $auto$wreduce.cc:513:run$6862 [4:0] }, Y={ $auto$wreduce.cc:513:run$6863 [30:0] $flatten\system.\controller.$ternary$rtl/io/known_replay_controller.sv:63$926_Y [0] }
      New ports: A={ 1'0 $auto$wreduce.cc:513:run$6862 [30:29] $auto$wreduce.cc:513:run$6862 [27:26] $auto$wreduce.cc:513:run$6862 [24:23] $auto$wreduce.cc:513:run$6862 [21:19] $auto$wreduce.cc:513:run$6862 [15] $auto$wreduce.cc:513:run$6862 [9:8] $auto$wreduce.cc:513:run$6862 [5] }, B={ 1'1 $auto$opt_expr.cc:206:group_cell_inputs$8663 }, Y={ $auto$wreduce.cc:513:run$6863 [30:28] $auto$wreduce.cc:513:run$6863 [26:25] $auto$wreduce.cc:513:run$6863 [23:22] $auto$wreduce.cc:513:run$6863 [20:18] $auto$wreduce.cc:513:run$6863 [14] $auto$wreduce.cc:513:run$6863 [8:7] $auto$wreduce.cc:513:run$6863 [4] }
      New connections: { $auto$wreduce.cc:513:run$6863 [27] $auto$wreduce.cc:513:run$6863 [24] $auto$wreduce.cc:513:run$6863 [21] $auto$wreduce.cc:513:run$6863 [17:15] $auto$wreduce.cc:513:run$6863 [13:9] $auto$wreduce.cc:513:run$6863 [6:5] $auto$wreduce.cc:513:run$6863 [3:0] $flatten\system.\controller.$ternary$rtl/io/known_replay_controller.sv:63$926_Y [0] } = { $auto$wreduce.cc:513:run$6862 [28] $auto$wreduce.cc:513:run$6862 [25] $auto$wreduce.cc:513:run$6862 [22] $auto$wreduce.cc:513:run$6862 [18:16] $auto$wreduce.cc:513:run$6862 [14:10] $auto$wreduce.cc:513:run$6862 [7:6] $auto$wreduce.cc:513:run$6862 [4:0] }
    Consolidated identical input bits for $mux cell $flatten\system.\controller.$ternary$rtl/io/known_replay_controller.sv:63$922:
      Old ports: A={ 1'0 $auto$wreduce.cc:513:run$6837 [30:0] }, B={ 1'1 $auto$opt_expr.cc:206:group_cell_inputs$8659 [12:11] $auto$wreduce.cc:513:run$6837 [28] $auto$opt_expr.cc:206:group_cell_inputs$8659 [10:9] $auto$wreduce.cc:513:run$6837 [25] $auto$opt_expr.cc:206:group_cell_inputs$8659 [8:7] $auto$wreduce.cc:513:run$6837 [22] $auto$opt_expr.cc:206:group_cell_inputs$8659 [6:4] $auto$wreduce.cc:513:run$6837 [18:16] $auto$opt_expr.cc:206:group_cell_inputs$8659 [3] $auto$wreduce.cc:513:run$6837 [14:10] $auto$opt_expr.cc:206:group_cell_inputs$8659 [2:1] $auto$wreduce.cc:513:run$6837 [7:6] $auto$opt_expr.cc:206:group_cell_inputs$8659 [0] $auto$wreduce.cc:513:run$6837 [4:0] }, Y={ $auto$wreduce.cc:513:run$6862 [30:0] $flatten\system.\controller.$ternary$rtl/io/known_replay_controller.sv:63$922_Y [0] }
      New ports: A={ 1'0 $auto$wreduce.cc:513:run$6837 [30:29] $auto$wreduce.cc:513:run$6837 [27:26] $auto$wreduce.cc:513:run$6837 [24:23] $auto$wreduce.cc:513:run$6837 [21:19] $auto$wreduce.cc:513:run$6837 [15] $auto$wreduce.cc:513:run$6837 [9:8] $auto$wreduce.cc:513:run$6837 [5] }, B={ 1'1 $auto$opt_expr.cc:206:group_cell_inputs$8659 }, Y={ $auto$wreduce.cc:513:run$6862 [30:28] $auto$wreduce.cc:513:run$6862 [26:25] $auto$wreduce.cc:513:run$6862 [23:22] $auto$wreduce.cc:513:run$6862 [20:18] $auto$wreduce.cc:513:run$6862 [14] $auto$wreduce.cc:513:run$6862 [8:7] $auto$wreduce.cc:513:run$6862 [4] }
      New connections: { $auto$wreduce.cc:513:run$6862 [27] $auto$wreduce.cc:513:run$6862 [24] $auto$wreduce.cc:513:run$6862 [21] $auto$wreduce.cc:513:run$6862 [17:15] $auto$wreduce.cc:513:run$6862 [13:9] $auto$wreduce.cc:513:run$6862 [6:5] $auto$wreduce.cc:513:run$6862 [3:0] $flatten\system.\controller.$ternary$rtl/io/known_replay_controller.sv:63$922_Y [0] } = { $auto$wreduce.cc:513:run$6837 [28] $auto$wreduce.cc:513:run$6837 [25] $auto$wreduce.cc:513:run$6837 [22] $auto$wreduce.cc:513:run$6837 [18:16] $auto$wreduce.cc:513:run$6837 [14:10] $auto$wreduce.cc:513:run$6837 [7:6] $auto$wreduce.cc:513:run$6837 [4:0] }
    Consolidated identical input bits for $mux cell $flatten\system.\controller.$ternary$rtl/io/known_replay_controller.sv:63$918:
      Old ports: A={ 1'0 $auto$wreduce.cc:513:run$6836 [30:0] }, B={ 1'1 $auto$opt_expr.cc:206:group_cell_inputs$8655 [12:11] $auto$wreduce.cc:513:run$6836 [28] $auto$opt_expr.cc:206:group_cell_inputs$8655 [10:9] $auto$wreduce.cc:513:run$6836 [25] $auto$opt_expr.cc:206:group_cell_inputs$8655 [8:7] $auto$wreduce.cc:513:run$6836 [22] $auto$opt_expr.cc:206:group_cell_inputs$8655 [6:4] $auto$wreduce.cc:513:run$6836 [18:16] $auto$opt_expr.cc:206:group_cell_inputs$8655 [3] $auto$wreduce.cc:513:run$6836 [14:10] $auto$opt_expr.cc:206:group_cell_inputs$8655 [2:1] $auto$wreduce.cc:513:run$6836 [7:6] $auto$opt_expr.cc:206:group_cell_inputs$8655 [0] $auto$wreduce.cc:513:run$6836 [4:0] }, Y={ $auto$wreduce.cc:513:run$6837 [30:0] $flatten\system.\controller.$ternary$rtl/io/known_replay_controller.sv:63$918_Y [0] }
      New ports: A={ 1'0 $auto$wreduce.cc:513:run$6836 [30:29] $auto$wreduce.cc:513:run$6836 [27:26] $auto$wreduce.cc:513:run$6836 [24:23] $auto$wreduce.cc:513:run$6836 [21:19] $auto$wreduce.cc:513:run$6836 [15] $auto$wreduce.cc:513:run$6836 [9:8] $auto$wreduce.cc:513:run$6836 [5] }, B={ 1'1 $auto$opt_expr.cc:206:group_cell_inputs$8655 }, Y={ $auto$wreduce.cc:513:run$6837 [30:28] $auto$wreduce.cc:513:run$6837 [26:25] $auto$wreduce.cc:513:run$6837 [23:22] $auto$wreduce.cc:513:run$6837 [20:18] $auto$wreduce.cc:513:run$6837 [14] $auto$wreduce.cc:513:run$6837 [8:7] $auto$wreduce.cc:513:run$6837 [4] }
      New connections: { $auto$wreduce.cc:513:run$6837 [27] $auto$wreduce.cc:513:run$6837 [24] $auto$wreduce.cc:513:run$6837 [21] $auto$wreduce.cc:513:run$6837 [17:15] $auto$wreduce.cc:513:run$6837 [13:9] $auto$wreduce.cc:513:run$6837 [6:5] $auto$wreduce.cc:513:run$6837 [3:0] $flatten\system.\controller.$ternary$rtl/io/known_replay_controller.sv:63$918_Y [0] } = { $auto$wreduce.cc:513:run$6836 [28] $auto$wreduce.cc:513:run$6836 [25] $auto$wreduce.cc:513:run$6836 [22] $auto$wreduce.cc:513:run$6836 [18:16] $auto$wreduce.cc:513:run$6836 [14:10] $auto$wreduce.cc:513:run$6836 [7:6] $auto$wreduce.cc:513:run$6836 [4:0] }
    New ctrl vector for $pmux cell $flatten\system.\transport.$procmux$4048: \system.transport.state [1]
    Consolidated identical input bits for $mux cell $flatten\system.\core.$procmux$3189:
      Old ports: A=3'001, B=3'100, Y=$auto$wreduce.cc:513:run$6812 [2:0]
      New ports: A=2'01, B=2'10, Y={ $auto$wreduce.cc:513:run$6812 [2] $auto$wreduce.cc:513:run$6812 [0] }
      New connections: $auto$wreduce.cc:513:run$6812 [1] = 1'0
    Consolidated identical input bits for $mux cell $flatten\system.\core.$procmux$3178:
      Old ports: A=5'10101, B=5'00111, Y=$flatten\system.\core.$procmux$3178_Y
      New ports: A=2'10, B=2'01, Y={ $flatten\system.\core.$procmux$3178_Y [4] $flatten\system.\core.$procmux$3178_Y [1] }
      New connections: { $flatten\system.\core.$procmux$3178_Y [3:2] $flatten\system.\core.$procmux$3178_Y [0] } = 3'011
    Consolidated identical input bits for $mux cell $flatten\system.\core.$procmux$3166:
      Old ports: A=5'11000, B={ 2'01 $auto$wreduce.cc:513:run$6813 [2:0] }, Y=$flatten\system.\core.$procmux$3166_Y
      New ports: A=4'1000, B={ 1'0 $auto$wreduce.cc:513:run$6813 [2:0] }, Y={ $flatten\system.\core.$procmux$3166_Y [4] $flatten\system.\core.$procmux$3166_Y [2:0] }
      New connections: $flatten\system.\core.$procmux$3166_Y [3] = 1'1
    Consolidated identical input bits for $mux cell $flatten\system.\core.$procmux$3164:
      Old ports: A=3'010, B=3'101, Y=$auto$wreduce.cc:513:run$6813 [2:0]
      New ports: A=2'10, B=2'01, Y=$auto$wreduce.cc:513:run$6813 [1:0]
      New connections: $auto$wreduce.cc:513:run$6813 [2] = $auto$wreduce.cc:513:run$6813 [0]
    Consolidated identical input bits for $mux cell $flatten\system.\core.$procmux$3157:
      Old ports: A=3'010, B=3'100, Y=$auto$wreduce.cc:513:run$6814 [2:0]
      New ports: A=2'01, B=2'10, Y=$auto$wreduce.cc:513:run$6814 [2:1]
      New connections: $auto$wreduce.cc:513:run$6814 [0] = 1'0
    Consolidated identical input bits for $mux cell $flatten\system.\core.$procmux$3129:
      Old ports: A=5'00100, B=5'10110, Y=$flatten\system.\core.$procmux$3129_Y
      New ports: A=1'0, B=1'1, Y=$flatten\system.\core.$procmux$3129_Y [1]
      New connections: { $flatten\system.\core.$procmux$3129_Y [4:2] $flatten\system.\core.$procmux$3129_Y [0] } = { $flatten\system.\core.$procmux$3129_Y [1] 3'010 }
    Consolidated identical input bits for $mux cell $flatten\system.\core.$procmux$3125:
      Old ports: A=5'00000, B=5'10111, Y=$flatten\system.\core.$procmux$3125_Y
      New ports: A=1'0, B=1'1, Y=$flatten\system.\core.$procmux$3125_Y [0]
      New connections: $flatten\system.\core.$procmux$3125_Y [4:1] = { $flatten\system.\core.$procmux$3125_Y [0] 1'0 $flatten\system.\core.$procmux$3125_Y [0] $flatten\system.\core.$procmux$3125_Y [0] }
    Consolidated identical input bits for $mux cell $flatten\system.\core.$procmux$2852:
      Old ports: A=11'00000000000, B={ $auto$wreduce.cc:513:run$6842 [10] $auto$alumacc.cc:483:extract_cmp_alu$7160 [9:2] 2'x }, Y=$flatten\system.\core.$procmux$2852_Y
      New ports: A=10'0000000000, B={ $auto$wreduce.cc:513:run$6842 [10] $auto$alumacc.cc:483:extract_cmp_alu$7160 [9:2] 1'x }, Y={ $flatten\system.\core.$procmux$2852_Y [10:2] $flatten\system.\core.$procmux$2852_Y [0] }
      New connections: $flatten\system.\core.$procmux$2852_Y [1] = $flatten\system.\core.$procmux$2852_Y [0]
    New ctrl vector for $pmux cell $flatten\system.\core.$procmux$2477: $auto$opt_reduce.cc:137:opt_pmux$8756
    New ctrl vector for $pmux cell $flatten\system.\controller.$procmux$4458: $auto$opt_reduce.cc:137:opt_pmux$8758
    Consolidated identical input bits for $bmux cell $auto$peepopt_pm.h:1372:block_17$6873:
      Old ports: A=32'11000000010011010001011111101101, Y=$auto$wreduce.cc:513:run$6807 [7:0]
      New ports: A=24'110000010101000011111101, Y={ $auto$wreduce.cc:513:run$6807 [7:5] $auto$wreduce.cc:513:run$6807 [3] $auto$wreduce.cc:513:run$6807 [1:0] }
      New connections: { $auto$wreduce.cc:513:run$6807 [4] $auto$wreduce.cc:513:run$6807 [2] } = $auto$wreduce.cc:513:run$6807 [1:0]
    Consolidated identical input bits for $mux cell $flatten\system.\controller.$ternary$rtl/io/known_replay_controller.sv:63$914:
      Old ports: A={ 1'0 $auto$wreduce.cc:513:run$6835 [30:0] }, B={ 1'1 $auto$opt_expr.cc:206:group_cell_inputs$8651 [12:11] $auto$wreduce.cc:513:run$6835 [28] $auto$opt_expr.cc:206:group_cell_inputs$8651 [10:9] $auto$wreduce.cc:513:run$6835 [25] $auto$opt_expr.cc:206:group_cell_inputs$8651 [8:7] $auto$wreduce.cc:513:run$6835 [22] $auto$opt_expr.cc:206:group_cell_inputs$8651 [6:4] $auto$wreduce.cc:513:run$6835 [18:16] $auto$opt_expr.cc:206:group_cell_inputs$8651 [3] $auto$wreduce.cc:513:run$6835 [14:10] $auto$opt_expr.cc:206:group_cell_inputs$8651 [2:1] $auto$wreduce.cc:513:run$6835 [7:6] $auto$opt_expr.cc:206:group_cell_inputs$8651 [0] $auto$wreduce.cc:513:run$6835 [4:0] }, Y={ $auto$wreduce.cc:513:run$6836 [30:0] $flatten\system.\controller.$ternary$rtl/io/known_replay_controller.sv:63$914_Y [0] }
      New ports: A={ 1'0 $auto$wreduce.cc:513:run$6835 [30:29] $auto$wreduce.cc:513:run$6835 [27:26] $auto$wreduce.cc:513:run$6835 [24:23] $auto$wreduce.cc:513:run$6835 [21:19] $auto$wreduce.cc:513:run$6835 [15] $auto$wreduce.cc:513:run$6835 [9:8] $auto$wreduce.cc:513:run$6835 [5] }, B={ 1'1 $auto$opt_expr.cc:206:group_cell_inputs$8651 }, Y={ $auto$wreduce.cc:513:run$6836 [30:28] $auto$wreduce.cc:513:run$6836 [26:25] $auto$wreduce.cc:513:run$6836 [23:22] $auto$wreduce.cc:513:run$6836 [20:18] $auto$wreduce.cc:513:run$6836 [14] $auto$wreduce.cc:513:run$6836 [8:7] $auto$wreduce.cc:513:run$6836 [4] }
      New connections: { $auto$wreduce.cc:513:run$6836 [27] $auto$wreduce.cc:513:run$6836 [24] $auto$wreduce.cc:513:run$6836 [21] $auto$wreduce.cc:513:run$6836 [17:15] $auto$wreduce.cc:513:run$6836 [13:9] $auto$wreduce.cc:513:run$6836 [6:5] $auto$wreduce.cc:513:run$6836 [3:0] $flatten\system.\controller.$ternary$rtl/io/known_replay_controller.sv:63$914_Y [0] } = { $auto$wreduce.cc:513:run$6835 [28] $auto$wreduce.cc:513:run$6835 [25] $auto$wreduce.cc:513:run$6835 [22] $auto$wreduce.cc:513:run$6835 [18:16] $auto$wreduce.cc:513:run$6835 [14:10] $auto$wreduce.cc:513:run$6835 [7:6] $auto$wreduce.cc:513:run$6835 [4:0] }
    Consolidated identical input bits for $mux cell $flatten\system.\controller.$ternary$rtl/io/known_replay_controller.sv:63$910:
      Old ports: A={ 1'0 \system.controller.crc [31:8] $auto$opt_expr.cc:206:group_cell_inputs$8644 [7:1] }, B={ 1'1 $auto$opt_expr.cc:206:group_cell_inputs$8647 [12:11] \system.controller.crc [29] $auto$opt_expr.cc:206:group_cell_inputs$8647 [10:9] \system.controller.crc [26] $auto$opt_expr.cc:206:group_cell_inputs$8647 [8:7] \system.controller.crc [23] $auto$opt_expr.cc:206:group_cell_inputs$8647 [6:4] \system.controller.crc [19:17] $auto$opt_expr.cc:206:group_cell_inputs$8647 [3] \system.controller.crc [15:11] $auto$opt_expr.cc:206:group_cell_inputs$8647 [2:1] \system.controller.crc [8] $auto$opt_expr.cc:206:group_cell_inputs$8644 [7] $auto$opt_expr.cc:206:group_cell_inputs$8647 [0] $auto$opt_expr.cc:206:group_cell_inputs$8644 [5:1] }, Y={ $auto$wreduce.cc:513:run$6835 [30:0] $flatten\system.\controller.$ternary$rtl/io/known_replay_controller.sv:63$910_Y [0] }
      New ports: A={ 1'0 \system.controller.crc [31:30] \system.controller.crc [28:27] \system.controller.crc [25:24] \system.controller.crc [22:20] \system.controller.crc [16] \system.controller.crc [10:9] $auto$opt_expr.cc:206:group_cell_inputs$8644 [6] }, B={ 1'1 $auto$opt_expr.cc:206:group_cell_inputs$8647 }, Y={ $auto$wreduce.cc:513:run$6835 [30:28] $auto$wreduce.cc:513:run$6835 [26:25] $auto$wreduce.cc:513:run$6835 [23:22] $auto$wreduce.cc:513:run$6835 [20:18] $auto$wreduce.cc:513:run$6835 [14] $auto$wreduce.cc:513:run$6835 [8:7] $auto$wreduce.cc:513:run$6835 [4] }
      New connections: { $auto$wreduce.cc:513:run$6835 [27] $auto$wreduce.cc:513:run$6835 [24] $auto$wreduce.cc:513:run$6835 [21] $auto$wreduce.cc:513:run$6835 [17:15] $auto$wreduce.cc:513:run$6835 [13:9] $auto$wreduce.cc:513:run$6835 [6:5] $auto$wreduce.cc:513:run$6835 [3:0] $flatten\system.\controller.$ternary$rtl/io/known_replay_controller.sv:63$910_Y [0] } = { \system.controller.crc [29] \system.controller.crc [26] \system.controller.crc [23] \system.controller.crc [19:17] \system.controller.crc [15:11] \system.controller.crc [8] $auto$opt_expr.cc:206:group_cell_inputs$8644 [7] $auto$opt_expr.cc:206:group_cell_inputs$8644 [5:1] }
    Consolidated identical input bits for $mux cell $flatten\system.\core.$ternary$rtl/core/known_spectral_core.sv:257$1406:
      Old ports: A=5'10101, B=5'01110, Y=$auto$wreduce.cc:513:run$6846 [4:0]
      New ports: A=2'01, B=2'10, Y=$auto$wreduce.cc:513:run$6846 [1:0]
      New connections: $auto$wreduce.cc:513:run$6846 [4:2] = { $auto$wreduce.cc:513:run$6846 [0] $auto$wreduce.cc:513:run$6846 [1] 1'1 }
    Consolidated identical input bits for $mux cell $flatten\system.\core.$ternary$rtl/core/known_spectral_core.sv:192$1358:
      Old ports: A=9'000000000, B=9'100000000, Y=$auto$wreduce.cc:513:run$6852 [8:0]
      New ports: A=1'0, B=1'1, Y=$auto$wreduce.cc:513:run$6852 [8]
      New connections: $auto$wreduce.cc:513:run$6852 [7:0] = 8'00000000
    Consolidated identical input bits for $mux cell $flatten\system.\core.$ternary$rtl/core/known_spectral_core.sv:114$1257:
      Old ports: A={ \system.core.computed_log [21] \system.core.computed_log [21] \system.core.computed_log [21] \system.core.computed_log [21] \system.core.computed_log [21] \system.core.computed_log [21] \system.core.computed_log [21] \system.core.computed_log [21] \system.core.computed_log [21] \system.core.computed_log [21] \system.core.computed_log [21:0] }, B=32'11111111111111011000001000110001, Y=\system.core.bounded_log
      New ports: A=\system.core.computed_log [21:0], B=22'1111011000001000110001, Y=\system.core.bounded_log [21:0]
      New connections: \system.core.bounded_log [31:22] = { \system.core.bounded_log [21] \system.core.bounded_log [21] \system.core.bounded_log [21] \system.core.bounded_log [21] \system.core.bounded_log [21] \system.core.bounded_log [21] \system.core.bounded_log [21] \system.core.bounded_log [21] \system.core.bounded_log [21] \system.core.bounded_log [21] }
    Consolidated identical input bits for $mux cell $flatten\system.\core.$ternary$rtl/core/known_spectral_core.sv:93$1226:
      Old ports: A=5'10000, B=5'00000, Y=$auto$wreduce.cc:513:run$6870 [4:0]
      New ports: A=1'1, B=1'0, Y=$auto$wreduce.cc:513:run$6870 [4]
      New connections: $auto$wreduce.cc:513:run$6870 [3:0] = 4'0000
    Consolidated identical input bits for $mux cell $flatten\system.\core.$ternary$rtl/core/known_spectral_core.sv:92$1222:
      Old ports: A=0, B={ \system.core.wide_limb_a 16'0000000000000000 }, Y=$flatten\system.\core.$ternary$rtl/core/known_spectral_core.sv:92$1222_Y
      New ports: A=16'0000000000000000, B=\system.core.wide_limb_a, Y=$flatten\system.\core.$ternary$rtl/core/known_spectral_core.sv:92$1222_Y [31:16]
      New connections: $flatten\system.\core.$ternary$rtl/core/known_spectral_core.sv:92$1222_Y [15:0] = 16'0000000000000000
    Consolidated identical input bits for $mux cell $flatten\system.\core.$ternary$rtl/core/known_spectral_core.sv:91$1220:
      Old ports: A=0, B={ \system.core.wide_limb_b 16'0000000000000000 }, Y=$flatten\system.\core.$ternary$rtl/core/known_spectral_core.sv:91$1220_Y
      New ports: A=16'0000000000000000, B=\system.core.wide_limb_b, Y=$flatten\system.\core.$ternary$rtl/core/known_spectral_core.sv:91$1220_Y [31:16]
      New connections: $flatten\system.\core.$ternary$rtl/core/known_spectral_core.sv:91$1220_Y [15:0] = 16'0000000000000000
    New input vector for $reduce_or cell $auto$opt_reduce.cc:131:opt_pmux$8757: { \system.controller.state [13] \system.controller.state [8] \system.controller.state [1] }
  Optimizing cells in module \upduino_known.
    Consolidated identical input bits for $mux cell $flatten\system.\core.$procmux$3169:
      Old ports: A=$flatten\system.\core.$procmux$3166_Y, B=5'01000, Y=$flatten\system.\core.$procmux$3169_Y
      New ports: A={ $flatten\system.\core.$procmux$3166_Y [4] $flatten\system.\core.$procmux$3166_Y [2:0] }, B=4'0000, Y={ $flatten\system.\core.$procmux$3169_Y [4] $flatten\system.\core.$procmux$3169_Y [2:0] }
      New connections: $flatten\system.\core.$procmux$3169_Y [3] = 1'1
    Consolidated identical input bits for $mux cell $flatten\system.\core.$procmux$3166:
      Old ports: A=4'1000, B={ 1'0 $auto$wreduce.cc:513:run$6813 [2:0] }, Y={ $flatten\system.\core.$procmux$3166_Y [4] $flatten\system.\core.$procmux$3166_Y [2:0] }
      New ports: A=3'100, B={ 1'0 $auto$wreduce.cc:513:run$6813 [1:0] }, Y={ $flatten\system.\core.$procmux$3166_Y [4] $flatten\system.\core.$procmux$3166_Y [1:0] }
      New connections: $flatten\system.\core.$procmux$3166_Y [2] = $flatten\system.\core.$procmux$3166_Y [0]
    Consolidated identical input bits for $mux cell $flatten\system.\core.$procmux$3132:
      Old ports: A=$flatten\system.\core.$procmux$3129_Y, B=5'00110, Y=$flatten\system.\core.$procmux$3132_Y
      New ports: A={ $flatten\system.\core.$procmux$3129_Y [1] $flatten\system.\core.$procmux$3129_Y [1] }, B=2'01, Y={ $flatten\system.\core.$procmux$3132_Y [4] $flatten\system.\core.$procmux$3132_Y [1] }
      New connections: { $flatten\system.\core.$procmux$3132_Y [3:2] $flatten\system.\core.$procmux$3132_Y [0] } = 3'010
    Consolidated identical input bits for $mux cell $flatten\system.\core.$ternary$rtl/core/known_spectral_core.sv:270$1418:
      Old ports: A=\system.core.bounded_log, B=32'11111111111111011000001000110001, Y=$flatten\system.\core.$ternary$rtl/core/known_spectral_core.sv:270$1418_Y
      New ports: A=\system.core.bounded_log [21:0], B=22'1111011000001000110001, Y=$flatten\system.\core.$ternary$rtl/core/known_spectral_core.sv:270$1418_Y [21:0]
      New connections: $flatten\system.\core.$ternary$rtl/core/known_spectral_core.sv:270$1418_Y [31:22] = { $flatten\system.\core.$ternary$rtl/core/known_spectral_core.sv:270$1418_Y [21] $flatten\system.\core.$ternary$rtl/core/known_spectral_core.sv:270$1418_Y [21] $flatten\system.\core.$ternary$rtl/core/known_spectral_core.sv:270$1418_Y [21] $flatten\system.\core.$ternary$rtl/core/known_spectral_core.sv:270$1418_Y [21] $flatten\system.\core.$ternary$rtl/core/known_spectral_core.sv:270$1418_Y [21] $flatten\system.\core.$ternary$rtl/core/known_spectral_core.sv:270$1418_Y [21] $flatten\system.\core.$ternary$rtl/core/known_spectral_core.sv:270$1418_Y [21] $flatten\system.\core.$ternary$rtl/core/known_spectral_core.sv:270$1418_Y [21] $flatten\system.\core.$ternary$rtl/core/known_spectral_core.sv:270$1418_Y [21] $flatten\system.\core.$ternary$rtl/core/known_spectral_core.sv:270$1418_Y [21] }
    Consolidated identical input bits for $mux cell $flatten\system.\core.$ternary$rtl/core/known_spectral_core.sv:93$1227:
      Old ports: A={ 1'0 $auto$wreduce.cc:513:run$6870 [4:0] }, B=6'100000, Y=$auto$wreduce.cc:513:run$6869 [5:0]
      New ports: A={ 1'0 $auto$wreduce.cc:513:run$6870 [4] }, B=2'10, Y=$auto$wreduce.cc:513:run$6869 [5:4]
      New connections: $auto$wreduce.cc:513:run$6869 [3:0] = 4'0000
  Optimizing cells in module \upduino_known.
    Consolidated identical input bits for $mux cell $flatten\system.\core.$procmux$3172:
      Old ports: A=$flatten\system.\core.$procmux$3169_Y, B=5'01000, Y=$flatten\system.\core.$procmux$3172_Y
      New ports: A={ $flatten\system.\core.$procmux$3169_Y [4] $flatten\system.\core.$procmux$3169_Y [2:0] }, B=4'0000, Y={ $flatten\system.\core.$procmux$3172_Y [4] $flatten\system.\core.$procmux$3172_Y [2:0] }
      New connections: $flatten\system.\core.$procmux$3172_Y [3] = 1'1
    Consolidated identical input bits for $mux cell $flatten\system.\core.$procmux$3169:
      Old ports: A={ $flatten\system.\core.$procmux$3166_Y [4] $flatten\system.\core.$procmux$3166_Y [2:0] }, B=4'0000, Y={ $flatten\system.\core.$procmux$3169_Y [4] $flatten\system.\core.$procmux$3169_Y [2:0] }
      New ports: A={ $flatten\system.\core.$procmux$3166_Y [4] $flatten\system.\core.$procmux$3166_Y [1:0] }, B=3'000, Y={ $flatten\system.\core.$procmux$3169_Y [4] $flatten\system.\core.$procmux$3169_Y [1:0] }
      New connections: $flatten\system.\core.$procmux$3169_Y [2] = $flatten\system.\core.$procmux$3169_Y [0]
  Optimizing cells in module \upduino_known.
    Consolidated identical input bits for $mux cell $flatten\system.\core.$procmux$3172:
      Old ports: A={ $flatten\system.\core.$procmux$3169_Y [4] $flatten\system.\core.$procmux$3169_Y [2:0] }, B=4'0000, Y={ $flatten\system.\core.$procmux$3172_Y [4] $flatten\system.\core.$procmux$3172_Y [2:0] }
      New ports: A={ $flatten\system.\core.$procmux$3169_Y [4] $flatten\system.\core.$procmux$3169_Y [1:0] }, B=3'000, Y={ $flatten\system.\core.$procmux$3172_Y [4] $flatten\system.\core.$procmux$3172_Y [1:0] }
      New connections: $flatten\system.\core.$procmux$3172_Y [2] = $flatten\system.\core.$procmux$3172_Y [0]
  Optimizing cells in module \upduino_known.
Performed a total of 37 changes.

10.37.5. Executing OPT_MERGE pass (detect identical cells).
Finding identical cells in module `\upduino_known'.
Computing hashes of 1417 cells of `\upduino_known'.
Finding duplicate cells in `\upduino_known'.
Removed a total of 0 cells.

10.37.6. Executing OPT_DFF pass (perform DFF optimizations).
Adding SRST signal on $\system.core.capture.sums$rdreg[0] ($dff) from module upduino_known (D = $auto$rtlil.cc:3386:Mux$7104, Q = $\system.core.capture.sums$rdreg[0]$q, rval = 1'0).

10.37.7. Executing OPT_CLEAN pass (remove unused cells and wires).
Finding unused cells or wires in module \upduino_known..
Removed 1 unused cells and 28 unused wires.
<suppressed ~2 debug messages>

10.37.8. Executing OPT_EXPR pass (perform const folding).
Optimizing module upduino_known.

10.37.9. Rerunning OPT passes. (Maybe there is more to do..)

10.37.10. Executing OPT_MUXTREE pass (detect dead branches in mux trees).
Running muxtree optimizer on module \upduino_known..
  Creating internal representation of mux trees.
  Evaluating internal representation of mux trees.
  Analyzing evaluation results.
Removed 0 multiplexer ports.
<suppressed ~404 debug messages>

10.37.11. Executing OPT_REDUCE pass (consolidate $*mux and $reduce_* inputs).
  Optimizing cells in module \upduino_known.
Performed a total of 0 changes.

10.37.12. Executing OPT_MERGE pass (detect identical cells).
Finding identical cells in module `\upduino_known'.
Computing hashes of 1416 cells of `\upduino_known'.
Finding duplicate cells in `\upduino_known'.
Removed a total of 0 cells.

10.37.13. Executing OPT_DFF pass (perform DFF optimizations).
Adding SRST signal on $auto$ff.cc:337:slice$8686 ($dffe) from module upduino_known (D = $auto$wreduce.cc:513:run$6850 [7:0], Q = \system.core.phases[0] [7:0], rval = 8'00000000).
Adding SRST signal on $auto$ff.cc:337:slice$8684 ($dffe) from module upduino_known (D = $auto$wreduce.cc:513:run$6848 [7:0], Q = \system.core.phases[2] [7:0], rval = 8'00000000).
Adding EN signal on $memory\system.core.capture.sums[0]$8732 ($dff) from module upduino_known (D = $memory\system.core.capture.sums$wrmux[0][1][0]$y$8746, Q = \system.core.capture.sums[0]).
Adding EN signal on $memory\system.core.capture.sums[1]$8734 ($dff) from module upduino_known (D = $memory\system.core.capture.sums$wrmux[1][1][0]$y$8754, Q = \system.core.capture.sums[1]).
Adding SRST signal on $memory\system.core.capture.ids[0]$8703 ($dff) from module upduino_known (D = $memory\system.core.capture.ids$wrmux[0][0][0]$y$8715 [31:8], Q = \system.core.capture.ids[0] [31:8], rval = 24'000000000000000000000000).
Adding EN signal on $memory\system.core.capture.ids[0]$8703 ($dff) from module upduino_known (D = $memory\system.core.capture.ids$wrmux[0][1][0]$y$8721 [7:0], Q = \system.core.capture.ids[0] [7:0]).
Adding EN signal on $auto$ff.cc:337:slice$8770 ($sdff) from module upduino_known (D = 24'000000000000000000000000, Q = \system.core.capture.ids[0] [31:8]).
Adding SRST signal on $memory\system.core.capture.ids[1]$8705 ($dff) from module upduino_known (D = $memory\system.core.capture.ids$wrmux[1][0][0]$y$8725 [31:8], Q = \system.core.capture.ids[1] [31:8], rval = 24'000000000000000000000000).
Adding EN signal on $memory\system.core.capture.ids[1]$8705 ($dff) from module upduino_known (D = $memory\system.core.capture.ids$wrmux[1][1][0]$y$8731 [7:0], Q = \system.core.capture.ids[1] [7:0]).
Adding EN signal on $auto$ff.cc:337:slice$8776 ($sdff) from module upduino_known (D = 24'000000000000000000000000, Q = \system.core.capture.ids[1] [31:8]).
Setting constant 0-bit at position 0 on $auto$ff.cc:337:slice$8781 ($sdffe) from module upduino_known.
Setting constant 0-bit at position 1 on $auto$ff.cc:337:slice$8781 ($sdffe) from module upduino_known.
Setting constant 0-bit at position 2 on $auto$ff.cc:337:slice$8781 ($sdffe) from module upduino_known.
Setting constant 0-bit at position 3 on $auto$ff.cc:337:slice$8781 ($sdffe) from module upduino_known.
Setting constant 0-bit at position 4 on $auto$ff.cc:337:slice$8781 ($sdffe) from module upduino_known.
Setting constant 0-bit at position 5 on $auto$ff.cc:337:slice$8781 ($sdffe) from module upduino_known.
Setting constant 0-bit at position 6 on $auto$ff.cc:337:slice$8781 ($sdffe) from module upduino_known.
Setting constant 0-bit at position 7 on $auto$ff.cc:337:slice$8781 ($sdffe) from module upduino_known.
Setting constant 0-bit at position 8 on $auto$ff.cc:337:slice$8781 ($sdffe) from module upduino_known.
Setting constant 0-bit at position 9 on $auto$ff.cc:337:slice$8781 ($sdffe) from module upduino_known.
Setting constant 0-bit at position 10 on $auto$ff.cc:337:slice$8781 ($sdffe) from module upduino_known.
Setting constant 0-bit at position 11 on $auto$ff.cc:337:slice$8781 ($sdffe) from module upduino_known.
Setting constant 0-bit at position 12 on $auto$ff.cc:337:slice$8781 ($sdffe) from module upduino_known.
Setting constant 0-bit at position 13 on $auto$ff.cc:337:slice$8781 ($sdffe) from module upduino_known.
Setting constant 0-bit at position 14 on $auto$ff.cc:337:slice$8781 ($sdffe) from module upduino_known.
Setting constant 0-bit at position 15 on $auto$ff.cc:337:slice$8781 ($sdffe) from module upduino_known.
Setting constant 0-bit at position 16 on $auto$ff.cc:337:slice$8781 ($sdffe) from module upduino_known.
Setting constant 0-bit at position 17 on $auto$ff.cc:337:slice$8781 ($sdffe) from module upduino_known.
Setting constant 0-bit at position 18 on $auto$ff.cc:337:slice$8781 ($sdffe) from module upduino_known.
Setting constant 0-bit at position 19 on $auto$ff.cc:337:slice$8781 ($sdffe) from module upduino_known.
Setting constant 0-bit at position 20 on $auto$ff.cc:337:slice$8781 ($sdffe) from module upduino_known.
Setting constant 0-bit at position 21 on $auto$ff.cc:337:slice$8781 ($sdffe) from module upduino_known.
Setting constant 0-bit at position 22 on $auto$ff.cc:337:slice$8781 ($sdffe) from module upduino_known.
Setting constant 0-bit at position 23 on $auto$ff.cc:337:slice$8781 ($sdffe) from module upduino_known.
Setting constant 0-bit at position 0 on $auto$ff.cc:337:slice$8775 ($sdffe) from module upduino_known.
Setting constant 0-bit at position 1 on $auto$ff.cc:337:slice$8775 ($sdffe) from module upduino_known.
Setting constant 0-bit at position 2 on $auto$ff.cc:337:slice$8775 ($sdffe) from module upduino_known.
Setting constant 0-bit at position 3 on $auto$ff.cc:337:slice$8775 ($sdffe) from module upduino_known.
Setting constant 0-bit at position 4 on $auto$ff.cc:337:slice$8775 ($sdffe) from module upduino_known.
Setting constant 0-bit at position 5 on $auto$ff.cc:337:slice$8775 ($sdffe) from module upduino_known.
Setting constant 0-bit at position 6 on $auto$ff.cc:337:slice$8775 ($sdffe) from module upduino_known.
Setting constant 0-bit at position 7 on $auto$ff.cc:337:slice$8775 ($sdffe) from module upduino_known.
Setting constant 0-bit at position 8 on $auto$ff.cc:337:slice$8775 ($sdffe) from module upduino_known.
Setting constant 0-bit at position 9 on $auto$ff.cc:337:slice$8775 ($sdffe) from module upduino_known.
Setting constant 0-bit at position 10 on $auto$ff.cc:337:slice$8775 ($sdffe) from module upduino_known.
Setting constant 0-bit at position 11 on $auto$ff.cc:337:slice$8775 ($sdffe) from module upduino_known.
Setting constant 0-bit at position 12 on $auto$ff.cc:337:slice$8775 ($sdffe) from module upduino_known.
Setting constant 0-bit at position 13 on $auto$ff.cc:337:slice$8775 ($sdffe) from module upduino_known.
Setting constant 0-bit at position 14 on $auto$ff.cc:337:slice$8775 ($sdffe) from module upduino_known.
Setting constant 0-bit at position 15 on $auto$ff.cc:337:slice$8775 ($sdffe) from module upduino_known.
Setting constant 0-bit at position 16 on $auto$ff.cc:337:slice$8775 ($sdffe) from module upduino_known.
Setting constant 0-bit at position 17 on $auto$ff.cc:337:slice$8775 ($sdffe) from module upduino_known.
Setting constant 0-bit at position 18 on $auto$ff.cc:337:slice$8775 ($sdffe) from module upduino_known.
Setting constant 0-bit at position 19 on $auto$ff.cc:337:slice$8775 ($sdffe) from module upduino_known.
Setting constant 0-bit at position 20 on $auto$ff.cc:337:slice$8775 ($sdffe) from module upduino_known.
Setting constant 0-bit at position 21 on $auto$ff.cc:337:slice$8775 ($sdffe) from module upduino_known.
Setting constant 0-bit at position 22 on $auto$ff.cc:337:slice$8775 ($sdffe) from module upduino_known.
Setting constant 0-bit at position 23 on $auto$ff.cc:337:slice$8775 ($sdffe) from module upduino_known.

10.37.14. Executing OPT_CLEAN pass (remove unused cells and wires).
Finding unused cells or wires in module \upduino_known..

10.37.15. Executing OPT_EXPR pass (perform const folding).
Optimizing module upduino_known.

10.37.16. Rerunning OPT passes. (Maybe there is more to do..)

10.37.17. Executing OPT_MUXTREE pass (detect dead branches in mux trees).
Running muxtree optimizer on module \upduino_known..
  Creating internal representation of mux trees.
  Evaluating internal representation of mux trees.
  Analyzing evaluation results.
Removed 0 multiplexer ports.
<suppressed ~404 debug messages>

10.37.18. Executing OPT_REDUCE pass (consolidate $*mux and $reduce_* inputs).
  Optimizing cells in module \upduino_known.
    Consolidated identical input bits for $mux cell $memory\system.core.capture.ids$wrmux[1][0][0]$8724:
      Old ports: A=0, B=32'000000000000000000000000xxxxxxxx, Y=$memory\system.core.capture.ids$wrmux[1][0][0]$y$8725
      New ports: A=1'0, B=1'x, Y=$memory\system.core.capture.ids$wrmux[1][0][0]$y$8725 [0]
      New connections: $memory\system.core.capture.ids$wrmux[1][0][0]$y$8725 [31:1] = { 24'000000000000000000000000 $memory\system.core.capture.ids$wrmux[1][0][0]$y$8725 [0] $memory\system.core.capture.ids$wrmux[1][0][0]$y$8725 [0] $memory\system.core.capture.ids$wrmux[1][0][0]$y$8725 [0] $memory\system.core.capture.ids$wrmux[1][0][0]$y$8725 [0] $memory\system.core.capture.ids$wrmux[1][0][0]$y$8725 [0] $memory\system.core.capture.ids$wrmux[1][0][0]$y$8725 [0] $memory\system.core.capture.ids$wrmux[1][0][0]$y$8725 [0] }
    Consolidated identical input bits for $mux cell $memory\system.core.capture.ids$wrmux[0][0][0]$8714:
      Old ports: A=0, B=32'000000000000000000000000xxxxxxxx, Y=$memory\system.core.capture.ids$wrmux[0][0][0]$y$8715
      New ports: A=1'0, B=1'x, Y=$memory\system.core.capture.ids$wrmux[0][0][0]$y$8715 [0]
      New connections: $memory\system.core.capture.ids$wrmux[0][0][0]$y$8715 [31:1] = { 24'000000000000000000000000 $memory\system.core.capture.ids$wrmux[0][0][0]$y$8715 [0] $memory\system.core.capture.ids$wrmux[0][0][0]$y$8715 [0] $memory\system.core.capture.ids$wrmux[0][0][0]$y$8715 [0] $memory\system.core.capture.ids$wrmux[0][0][0]$y$8715 [0] $memory\system.core.capture.ids$wrmux[0][0][0]$y$8715 [0] $memory\system.core.capture.ids$wrmux[0][0][0]$y$8715 [0] $memory\system.core.capture.ids$wrmux[0][0][0]$y$8715 [0] }
    Consolidated identical input bits for $mux cell $memory\system.core.capture.sums$wrmux[0][0][0]$8741:
      Old ports: A=0, B=32'x, Y=$memory\system.core.capture.sums$wrmux[0][0][0]$y$8742
      New ports: A=1'0, B=1'x, Y=$memory\system.core.capture.sums$wrmux[0][0][0]$y$8742 [0]
      New connections: $memory\system.core.capture.sums$wrmux[0][0][0]$y$8742 [31:1] = { $memory\system.core.capture.sums$wrmux[0][0][0]$y$8742 [0] $memory\system.core.capture.sums$wrmux[0][0][0]$y$8742 [0] $memory\system.core.capture.sums$wrmux[0][0][0]$y$8742 [0] $memory\system.core.capture.sums$wrmux[0][0][0]$y$8742 [0] $memory\system.core.capture.sums$wrmux[0][0][0]$y$8742 [0] $memory\system.core.capture.sums$wrmux[0][0][0]$y$8742 [0] $memory\system.core.capture.sums$wrmux[0][0][0]$y$8742 [0] $memory\system.core.capture.sums$wrmux[0][0][0]$y$8742 [0] $memory\system.core.capture.sums$wrmux[0][0][0]$y$8742 [0] $memory\system.core.capture.sums$wrmux[0][0][0]$y$8742 [0] $memory\system.core.capture.sums$wrmux[0][0][0]$y$8742 [0] $memory\system.core.capture.sums$wrmux[0][0][0]$y$8742 [0] $memory\system.core.capture.sums$wrmux[0][0][0]$y$8742 [0] $memory\system.core.capture.sums$wrmux[0][0][0]$y$8742 [0] $memory\system.core.capture.sums$wrmux[0][0][0]$y$8742 [0] $memory\system.core.capture.sums$wrmux[0][0][0]$y$8742 [0] $memory\system.core.capture.sums$wrmux[0][0][0]$y$8742 [0] $memory\system.core.capture.sums$wrmux[0][0][0]$y$8742 [0] $memory\system.core.capture.sums$wrmux[0][0][0]$y$8742 [0] $memory\system.core.capture.sums$wrmux[0][0][0]$y$8742 [0] $memory\system.core.capture.sums$wrmux[0][0][0]$y$8742 [0] $memory\system.core.capture.sums$wrmux[0][0][0]$y$8742 [0] $memory\system.core.capture.sums$wrmux[0][0][0]$y$8742 [0] $memory\system.core.capture.sums$wrmux[0][0][0]$y$8742 [0] $memory\system.core.capture.sums$wrmux[0][0][0]$y$8742 [0] $memory\system.core.capture.sums$wrmux[0][0][0]$y$8742 [0] $memory\system.core.capture.sums$wrmux[0][0][0]$y$8742 [0] $memory\system.core.capture.sums$wrmux[0][0][0]$y$8742 [0] $memory\system.core.capture.sums$wrmux[0][0][0]$y$8742 [0] $memory\system.core.capture.sums$wrmux[0][0][0]$y$8742 [0] $memory\system.core.capture.sums$wrmux[0][0][0]$y$8742 [0] }
    Consolidated identical input bits for $mux cell $memory\system.core.capture.sums$wrmux[1][0][0]$8749:
      Old ports: A=0, B=32'x, Y=$memory\system.core.capture.sums$wrmux[1][0][0]$y$8750
      New ports: A=1'0, B=1'x, Y=$memory\system.core.capture.sums$wrmux[1][0][0]$y$8750 [0]
      New connections: $memory\system.core.capture.sums$wrmux[1][0][0]$y$8750 [31:1] = { $memory\system.core.capture.sums$wrmux[1][0][0]$y$8750 [0] $memory\system.core.capture.sums$wrmux[1][0][0]$y$8750 [0] $memory\system.core.capture.sums$wrmux[1][0][0]$y$8750 [0] $memory\system.core.capture.sums$wrmux[1][0][0]$y$8750 [0] $memory\system.core.capture.sums$wrmux[1][0][0]$y$8750 [0] $memory\system.core.capture.sums$wrmux[1][0][0]$y$8750 [0] $memory\system.core.capture.sums$wrmux[1][0][0]$y$8750 [0] $memory\system.core.capture.sums$wrmux[1][0][0]$y$8750 [0] $memory\system.core.capture.sums$wrmux[1][0][0]$y$8750 [0] $memory\system.core.capture.sums$wrmux[1][0][0]$y$8750 [0] $memory\system.core.capture.sums$wrmux[1][0][0]$y$8750 [0] $memory\system.core.capture.sums$wrmux[1][0][0]$y$8750 [0] $memory\system.core.capture.sums$wrmux[1][0][0]$y$8750 [0] $memory\system.core.capture.sums$wrmux[1][0][0]$y$8750 [0] $memory\system.core.capture.sums$wrmux[1][0][0]$y$8750 [0] $memory\system.core.capture.sums$wrmux[1][0][0]$y$8750 [0] $memory\system.core.capture.sums$wrmux[1][0][0]$y$8750 [0] $memory\system.core.capture.sums$wrmux[1][0][0]$y$8750 [0] $memory\system.core.capture.sums$wrmux[1][0][0]$y$8750 [0] $memory\system.core.capture.sums$wrmux[1][0][0]$y$8750 [0] $memory\system.core.capture.sums$wrmux[1][0][0]$y$8750 [0] $memory\system.core.capture.sums$wrmux[1][0][0]$y$8750 [0] $memory\system.core.capture.sums$wrmux[1][0][0]$y$8750 [0] $memory\system.core.capture.sums$wrmux[1][0][0]$y$8750 [0] $memory\system.core.capture.sums$wrmux[1][0][0]$y$8750 [0] $memory\system.core.capture.sums$wrmux[1][0][0]$y$8750 [0] $memory\system.core.capture.sums$wrmux[1][0][0]$y$8750 [0] $memory\system.core.capture.sums$wrmux[1][0][0]$y$8750 [0] $memory\system.core.capture.sums$wrmux[1][0][0]$y$8750 [0] $memory\system.core.capture.sums$wrmux[1][0][0]$y$8750 [0] $memory\system.core.capture.sums$wrmux[1][0][0]$y$8750 [0] }
    Consolidated identical input bits for $mux cell $memory\system.core.capture.ids$rdmux[0][0][0]$8707:
      Old ports: A={ 24'000000000000000000000000 \system.core.capture.ids[0] [7:0] }, B={ 24'000000000000000000000000 \system.core.capture.ids[1] [7:0] }, Y=\system.core.window_id
      New ports: A=\system.core.capture.ids[0] [7:0], B=\system.core.capture.ids[1] [7:0], Y=\system.core.window_id [7:0]
      New connections: \system.core.window_id [31:8] = 24'000000000000000000000000
  Optimizing cells in module \upduino_known.
    Consolidated identical input bits for $mux cell $memory\system.core.capture.ids$wrmux[0][1][0]$8720:
      Old ports: A=$memory\system.core.capture.ids$wrmux[0][0][0]$y$8715, B={ 24'000000000000000000000000 \system.controller.generated [17:10] }, Y=$memory\system.core.capture.ids$wrmux[0][1][0]$y$8721
      New ports: A={ $memory\system.core.capture.ids$wrmux[0][0][0]$y$8715 [0] $memory\system.core.capture.ids$wrmux[0][0][0]$y$8715 [0] $memory\system.core.capture.ids$wrmux[0][0][0]$y$8715 [0] $memory\system.core.capture.ids$wrmux[0][0][0]$y$8715 [0] $memory\system.core.capture.ids$wrmux[0][0][0]$y$8715 [0] $memory\system.core.capture.ids$wrmux[0][0][0]$y$8715 [0] $memory\system.core.capture.ids$wrmux[0][0][0]$y$8715 [0] $memory\system.core.capture.ids$wrmux[0][0][0]$y$8715 [0] }, B=\system.controller.generated [17:10], Y=$memory\system.core.capture.ids$wrmux[0][1][0]$y$8721 [7:0]
      New connections: $memory\system.core.capture.ids$wrmux[0][1][0]$y$8721 [31:8] = 24'000000000000000000000000
    Consolidated identical input bits for $mux cell $memory\system.core.capture.ids$wrmux[1][1][0]$8730:
      Old ports: A=$memory\system.core.capture.ids$wrmux[1][0][0]$y$8725, B={ 24'000000000000000000000000 \system.controller.generated [17:10] }, Y=$memory\system.core.capture.ids$wrmux[1][1][0]$y$8731
      New ports: A={ $memory\system.core.capture.ids$wrmux[1][0][0]$y$8725 [0] $memory\system.core.capture.ids$wrmux[1][0][0]$y$8725 [0] $memory\system.core.capture.ids$wrmux[1][0][0]$y$8725 [0] $memory\system.core.capture.ids$wrmux[1][0][0]$y$8725 [0] $memory\system.core.capture.ids$wrmux[1][0][0]$y$8725 [0] $memory\system.core.capture.ids$wrmux[1][0][0]$y$8725 [0] $memory\system.core.capture.ids$wrmux[1][0][0]$y$8725 [0] $memory\system.core.capture.ids$wrmux[1][0][0]$y$8725 [0] }, B=\system.controller.generated [17:10], Y=$memory\system.core.capture.ids$wrmux[1][1][0]$y$8731 [7:0]
      New connections: $memory\system.core.capture.ids$wrmux[1][1][0]$y$8731 [31:8] = 24'000000000000000000000000
  Optimizing cells in module \upduino_known.
Performed a total of 7 changes.

10.37.19. Executing OPT_MERGE pass (detect identical cells).
Finding identical cells in module `\upduino_known'.
Computing hashes of 1422 cells of `\upduino_known'.
Finding duplicate cells in `\upduino_known'.
Computing hashes of 1417 cells of `\upduino_known'.
Finding duplicate cells in `\upduino_known'.
<suppressed ~15 debug messages>
Removed a total of 5 cells.

10.37.20. Executing OPT_DFF pass (perform DFF optimizations).
Setting constant 0-bit at position 8 on $auto$ff.cc:337:slice$6571 ($sdffe) from module upduino_known.
Setting constant 0-bit at position 9 on $auto$ff.cc:337:slice$6571 ($sdffe) from module upduino_known.
Setting constant 0-bit at position 10 on $auto$ff.cc:337:slice$6571 ($sdffe) from module upduino_known.
Setting constant 0-bit at position 11 on $auto$ff.cc:337:slice$6571 ($sdffe) from module upduino_known.
Setting constant 0-bit at position 12 on $auto$ff.cc:337:slice$6571 ($sdffe) from module upduino_known.
Setting constant 0-bit at position 13 on $auto$ff.cc:337:slice$6571 ($sdffe) from module upduino_known.
Setting constant 0-bit at position 14 on $auto$ff.cc:337:slice$6571 ($sdffe) from module upduino_known.
Setting constant 0-bit at position 15 on $auto$ff.cc:337:slice$6571 ($sdffe) from module upduino_known.
Setting constant 0-bit at position 16 on $auto$ff.cc:337:slice$6571 ($sdffe) from module upduino_known.
Setting constant 0-bit at position 17 on $auto$ff.cc:337:slice$6571 ($sdffe) from module upduino_known.
Setting constant 0-bit at position 18 on $auto$ff.cc:337:slice$6571 ($sdffe) from module upduino_known.
Setting constant 0-bit at position 19 on $auto$ff.cc:337:slice$6571 ($sdffe) from module upduino_known.
Setting constant 0-bit at position 20 on $auto$ff.cc:337:slice$6571 ($sdffe) from module upduino_known.
Setting constant 0-bit at position 21 on $auto$ff.cc:337:slice$6571 ($sdffe) from module upduino_known.
Setting constant 0-bit at position 22 on $auto$ff.cc:337:slice$6571 ($sdffe) from module upduino_known.
Setting constant 0-bit at position 23 on $auto$ff.cc:337:slice$6571 ($sdffe) from module upduino_known.
Setting constant 0-bit at position 24 on $auto$ff.cc:337:slice$6571 ($sdffe) from module upduino_known.
Setting constant 0-bit at position 25 on $auto$ff.cc:337:slice$6571 ($sdffe) from module upduino_known.
Setting constant 0-bit at position 26 on $auto$ff.cc:337:slice$6571 ($sdffe) from module upduino_known.
Setting constant 0-bit at position 27 on $auto$ff.cc:337:slice$6571 ($sdffe) from module upduino_known.
Setting constant 0-bit at position 28 on $auto$ff.cc:337:slice$6571 ($sdffe) from module upduino_known.
Setting constant 0-bit at position 29 on $auto$ff.cc:337:slice$6571 ($sdffe) from module upduino_known.
Setting constant 0-bit at position 30 on $auto$ff.cc:337:slice$6571 ($sdffe) from module upduino_known.
Setting constant 0-bit at position 31 on $auto$ff.cc:337:slice$6571 ($sdffe) from module upduino_known.
Setting constant 0-bit at position 8 on $auto$ff.cc:337:slice$6567 ($sdffe) from module upduino_known.
Setting constant 0-bit at position 9 on $auto$ff.cc:337:slice$6567 ($sdffe) from module upduino_known.
Setting constant 0-bit at position 10 on $auto$ff.cc:337:slice$6567 ($sdffe) from module upduino_known.
Setting constant 0-bit at position 11 on $auto$ff.cc:337:slice$6567 ($sdffe) from module upduino_known.
Setting constant 0-bit at position 12 on $auto$ff.cc:337:slice$6567 ($sdffe) from module upduino_known.
Setting constant 0-bit at position 13 on $auto$ff.cc:337:slice$6567 ($sdffe) from module upduino_known.
Setting constant 0-bit at position 14 on $auto$ff.cc:337:slice$6567 ($sdffe) from module upduino_known.
Setting constant 0-bit at position 15 on $auto$ff.cc:337:slice$6567 ($sdffe) from module upduino_known.
Setting constant 0-bit at position 16 on $auto$ff.cc:337:slice$6567 ($sdffe) from module upduino_known.
Setting constant 0-bit at position 17 on $auto$ff.cc:337:slice$6567 ($sdffe) from module upduino_known.
Setting constant 0-bit at position 18 on $auto$ff.cc:337:slice$6567 ($sdffe) from module upduino_known.
Setting constant 0-bit at position 19 on $auto$ff.cc:337:slice$6567 ($sdffe) from module upduino_known.
Setting constant 0-bit at position 20 on $auto$ff.cc:337:slice$6567 ($sdffe) from module upduino_known.
Setting constant 0-bit at position 21 on $auto$ff.cc:337:slice$6567 ($sdffe) from module upduino_known.
Setting constant 0-bit at position 22 on $auto$ff.cc:337:slice$6567 ($sdffe) from module upduino_known.
Setting constant 0-bit at position 23 on $auto$ff.cc:337:slice$6567 ($sdffe) from module upduino_known.
Setting constant 0-bit at position 24 on $auto$ff.cc:337:slice$6567 ($sdffe) from module upduino_known.
Setting constant 0-bit at position 25 on $auto$ff.cc:337:slice$6567 ($sdffe) from module upduino_known.
Setting constant 0-bit at position 26 on $auto$ff.cc:337:slice$6567 ($sdffe) from module upduino_known.
Setting constant 0-bit at position 27 on $auto$ff.cc:337:slice$6567 ($sdffe) from module upduino_known.
Setting constant 0-bit at position 28 on $auto$ff.cc:337:slice$6567 ($sdffe) from module upduino_known.
Setting constant 0-bit at position 29 on $auto$ff.cc:337:slice$6567 ($sdffe) from module upduino_known.
Setting constant 0-bit at position 30 on $auto$ff.cc:337:slice$6567 ($sdffe) from module upduino_known.
Setting constant 0-bit at position 31 on $auto$ff.cc:337:slice$6567 ($sdffe) from module upduino_known.

10.37.21. Executing OPT_CLEAN pass (remove unused cells and wires).
Finding unused cells or wires in module \upduino_known..
Removed 0 unused cells and 5 unused wires.
<suppressed ~1 debug messages>

10.37.22. Executing OPT_EXPR pass (perform const folding).
Optimizing module upduino_known.

10.37.23. Rerunning OPT passes. (Maybe there is more to do..)

10.37.24. Executing OPT_MUXTREE pass (detect dead branches in mux trees).
Running muxtree optimizer on module \upduino_known..
  Creating internal representation of mux trees.
  Evaluating internal representation of mux trees.
  Analyzing evaluation results.
Removed 0 multiplexer ports.
<suppressed ~406 debug messages>

10.37.25. Executing OPT_REDUCE pass (consolidate $*mux and $reduce_* inputs).
  Optimizing cells in module \upduino_known.
Performed a total of 0 changes.

10.37.26. Executing OPT_MERGE pass (detect identical cells).
Finding identical cells in module `\upduino_known'.
Computing hashes of 1417 cells of `\upduino_known'.
Finding duplicate cells in `\upduino_known'.
Removed a total of 0 cells.

10.37.27. Executing OPT_DFF pass (perform DFF optimizations).
Setting constant 0-bit at position 8 on $auto$ff.cc:337:slice$6575 ($sdffe) from module upduino_known.
Setting constant 0-bit at position 9 on $auto$ff.cc:337:slice$6575 ($sdffe) from module upduino_known.
Setting constant 0-bit at position 10 on $auto$ff.cc:337:slice$6575 ($sdffe) from module upduino_known.
Setting constant 0-bit at position 11 on $auto$ff.cc:337:slice$6575 ($sdffe) from module upduino_known.
Setting constant 0-bit at position 12 on $auto$ff.cc:337:slice$6575 ($sdffe) from module upduino_known.
Setting constant 0-bit at position 13 on $auto$ff.cc:337:slice$6575 ($sdffe) from module upduino_known.
Setting constant 0-bit at position 14 on $auto$ff.cc:337:slice$6575 ($sdffe) from module upduino_known.
Setting constant 0-bit at position 15 on $auto$ff.cc:337:slice$6575 ($sdffe) from module upduino_known.
Setting constant 0-bit at position 16 on $auto$ff.cc:337:slice$6575 ($sdffe) from module upduino_known.
Setting constant 0-bit at position 17 on $auto$ff.cc:337:slice$6575 ($sdffe) from module upduino_known.
Setting constant 0-bit at position 18 on $auto$ff.cc:337:slice$6575 ($sdffe) from module upduino_known.
Setting constant 0-bit at position 19 on $auto$ff.cc:337:slice$6575 ($sdffe) from module upduino_known.
Setting constant 0-bit at position 20 on $auto$ff.cc:337:slice$6575 ($sdffe) from module upduino_known.
Setting constant 0-bit at position 21 on $auto$ff.cc:337:slice$6575 ($sdffe) from module upduino_known.
Setting constant 0-bit at position 22 on $auto$ff.cc:337:slice$6575 ($sdffe) from module upduino_known.
Setting constant 0-bit at position 23 on $auto$ff.cc:337:slice$6575 ($sdffe) from module upduino_known.
Setting constant 0-bit at position 24 on $auto$ff.cc:337:slice$6575 ($sdffe) from module upduino_known.
Setting constant 0-bit at position 25 on $auto$ff.cc:337:slice$6575 ($sdffe) from module upduino_known.
Setting constant 0-bit at position 26 on $auto$ff.cc:337:slice$6575 ($sdffe) from module upduino_known.
Setting constant 0-bit at position 27 on $auto$ff.cc:337:slice$6575 ($sdffe) from module upduino_known.
Setting constant 0-bit at position 28 on $auto$ff.cc:337:slice$6575 ($sdffe) from module upduino_known.
Setting constant 0-bit at position 29 on $auto$ff.cc:337:slice$6575 ($sdffe) from module upduino_known.
Setting constant 0-bit at position 30 on $auto$ff.cc:337:slice$6575 ($sdffe) from module upduino_known.
Setting constant 0-bit at position 31 on $auto$ff.cc:337:slice$6575 ($sdffe) from module upduino_known.
Setting constant 0-bit at position 8 on $auto$ff.cc:337:slice$6517 ($sdffe) from module upduino_known.
Setting constant 0-bit at position 9 on $auto$ff.cc:337:slice$6517 ($sdffe) from module upduino_known.
Setting constant 0-bit at position 10 on $auto$ff.cc:337:slice$6517 ($sdffe) from module upduino_known.
Setting constant 0-bit at position 11 on $auto$ff.cc:337:slice$6517 ($sdffe) from module upduino_known.
Setting constant 0-bit at position 12 on $auto$ff.cc:337:slice$6517 ($sdffe) from module upduino_known.
Setting constant 0-bit at position 13 on $auto$ff.cc:337:slice$6517 ($sdffe) from module upduino_known.
Setting constant 0-bit at position 14 on $auto$ff.cc:337:slice$6517 ($sdffe) from module upduino_known.
Setting constant 0-bit at position 15 on $auto$ff.cc:337:slice$6517 ($sdffe) from module upduino_known.
Setting constant 0-bit at position 16 on $auto$ff.cc:337:slice$6517 ($sdffe) from module upduino_known.
Setting constant 0-bit at position 17 on $auto$ff.cc:337:slice$6517 ($sdffe) from module upduino_known.
Setting constant 0-bit at position 18 on $auto$ff.cc:337:slice$6517 ($sdffe) from module upduino_known.
Setting constant 0-bit at position 19 on $auto$ff.cc:337:slice$6517 ($sdffe) from module upduino_known.
Setting constant 0-bit at position 20 on $auto$ff.cc:337:slice$6517 ($sdffe) from module upduino_known.
Setting constant 0-bit at position 21 on $auto$ff.cc:337:slice$6517 ($sdffe) from module upduino_known.
Setting constant 0-bit at position 22 on $auto$ff.cc:337:slice$6517 ($sdffe) from module upduino_known.
Setting constant 0-bit at position 23 on $auto$ff.cc:337:slice$6517 ($sdffe) from module upduino_known.
Setting constant 0-bit at position 24 on $auto$ff.cc:337:slice$6517 ($sdffe) from module upduino_known.
Setting constant 0-bit at position 25 on $auto$ff.cc:337:slice$6517 ($sdffe) from module upduino_known.
Setting constant 0-bit at position 26 on $auto$ff.cc:337:slice$6517 ($sdffe) from module upduino_known.
Setting constant 0-bit at position 27 on $auto$ff.cc:337:slice$6517 ($sdffe) from module upduino_known.
Setting constant 0-bit at position 28 on $auto$ff.cc:337:slice$6517 ($sdffe) from module upduino_known.
Setting constant 0-bit at position 29 on $auto$ff.cc:337:slice$6517 ($sdffe) from module upduino_known.
Setting constant 0-bit at position 30 on $auto$ff.cc:337:slice$6517 ($sdffe) from module upduino_known.
Setting constant 0-bit at position 31 on $auto$ff.cc:337:slice$6517 ($sdffe) from module upduino_known.

10.37.28. Executing OPT_CLEAN pass (remove unused cells and wires).
Finding unused cells or wires in module \upduino_known..

10.37.29. Executing OPT_EXPR pass (perform const folding).
Optimizing module upduino_known.
<suppressed ~94 debug messages>

10.37.30. Rerunning OPT passes. (Maybe there is more to do..)

10.37.31. Executing OPT_MUXTREE pass (detect dead branches in mux trees).
Running muxtree optimizer on module \upduino_known..
  Creating internal representation of mux trees.
  Evaluating internal representation of mux trees.
  Analyzing evaluation results.
Removed 0 multiplexer ports.
<suppressed ~406 debug messages>

10.37.32. Executing OPT_REDUCE pass (consolidate $*mux and $reduce_* inputs).
  Optimizing cells in module \upduino_known.
    Consolidated identical input bits for $mux cell $flatten\system.\controller.$ternary$rtl/io/known_replay_controller.sv:76$754:
      Old ports: A={ 24'000000000000000000000000 \system.core.out_frame_id [7:0] }, B=0, Y=$flatten\system.\controller.$ternary$rtl/io/known_replay_controller.sv:76$754_Y
      New ports: A=\system.core.out_frame_id [7:0], B=8'00000000, Y=$flatten\system.\controller.$ternary$rtl/io/known_replay_controller.sv:76$754_Y [7:0]
      New connections: $flatten\system.\controller.$ternary$rtl/io/known_replay_controller.sv:76$754_Y [31:8] = 24'000000000000000000000000
  Optimizing cells in module \upduino_known.
Performed a total of 1 changes.

10.37.33. Executing OPT_MERGE pass (detect identical cells).
Finding identical cells in module `\upduino_known'.
Computing hashes of 1417 cells of `\upduino_known'.
Finding duplicate cells in `\upduino_known'.
Removed a total of 0 cells.

10.37.34. Executing OPT_DFF pass (perform DFF optimizations).

10.37.35. Executing OPT_CLEAN pass (remove unused cells and wires).
Finding unused cells or wires in module \upduino_known..
Removed 0 unused cells and 23 unused wires.
<suppressed ~1 debug messages>

10.37.36. Executing OPT_EXPR pass (perform const folding).
Optimizing module upduino_known.

10.37.37. Rerunning OPT passes. (Maybe there is more to do..)

10.37.38. Executing OPT_MUXTREE pass (detect dead branches in mux trees).
Running muxtree optimizer on module \upduino_known..
  Creating internal representation of mux trees.
  Evaluating internal representation of mux trees.
  Analyzing evaluation results.
Removed 0 multiplexer ports.
<suppressed ~406 debug messages>

10.37.39. Executing OPT_REDUCE pass (consolidate $*mux and $reduce_* inputs).
  Optimizing cells in module \upduino_known.
Performed a total of 0 changes.

10.37.40. Executing OPT_MERGE pass (detect identical cells).
Finding identical cells in module `\upduino_known'.
Computing hashes of 1417 cells of `\upduino_known'.
Finding duplicate cells in `\upduino_known'.
Removed a total of 0 cells.

10.37.41. Executing OPT_DFF pass (perform DFF optimizations).

10.37.42. Executing OPT_CLEAN pass (remove unused cells and wires).
Finding unused cells or wires in module \upduino_known..

10.37.43. Executing OPT_EXPR pass (perform const folding).
Optimizing module upduino_known.

10.37.44. Finished fast OPT passes. (There is nothing left to do.)

10.38. Executing ICE40_WRAPCARRY pass (wrap carries).

10.39. Executing TECHMAP pass (map to technology primitives).

10.39.1. Executing Verilog-2005 frontend: PROJECT_ROOT/.tools/oss-cad-suite/libexec/../share/yosys/techmap.v
Parsing Verilog input from `PROJECT_ROOT/.tools/oss-cad-suite/libexec/../share/yosys/techmap.v' to AST representation.
Generating RTLIL representation for module `\_90_simplemap_bool_ops'.
Generating RTLIL representation for module `\_90_simplemap_reduce_ops'.
Generating RTLIL representation for module `\_90_simplemap_logic_ops'.
Generating RTLIL representation for module `\_90_simplemap_compare_ops'.
Generating RTLIL representation for module `\_90_simplemap_various'.
Generating RTLIL representation for module `\_90_simplemap_registers'.
Generating RTLIL representation for module `\_90_shift_ops_shr_shl_sshl_sshr'.
Generating RTLIL representation for module `\_90_shift_shiftx'.
Generating RTLIL representation for module `\_90_fa'.
Generating RTLIL representation for module `\_90_lcu_brent_kung'.
Generating RTLIL representation for module `\_90_alu'.
Generating RTLIL representation for module `\_90_macc'.
Generating RTLIL representation for module `\_90_alumacc'.
Generating RTLIL representation for module `$__div_mod_u'.
Generating RTLIL representation for module `$__div_mod_trunc'.
Generating RTLIL representation for module `\_90_div'.
Generating RTLIL representation for module `\_90_mod'.
Generating RTLIL representation for module `$__div_mod_floor'.
Generating RTLIL representation for module `\_90_divfloor'.
Generating RTLIL representation for module `\_90_modfloor'.
Generating RTLIL representation for module `\_90_pow'.
Generating RTLIL representation for module `\_90_demux'.
Generating RTLIL representation for module `\_90_lut'.
Generating RTLIL representation for module `$connect'.
Generating RTLIL representation for module `$input_port'.
Successfully finished Verilog frontend.

10.39.2. Executing Verilog-2005 frontend: PROJECT_ROOT/.tools/oss-cad-suite/libexec/../share/yosys/ice40/arith_map.v
Parsing Verilog input from `PROJECT_ROOT/.tools/oss-cad-suite/libexec/../share/yosys/ice40/arith_map.v' to AST representation.
Generating RTLIL representation for module `\_80_ice40_alu'.
Successfully finished Verilog frontend.

10.39.3. Continuing TECHMAP pass.
Using template $paramod$d2fa05d38998afabc6d4f34471305d0af4b8b2df\_80_ice40_alu for cells of type $alu.
Using extmapper simplemap for cells of type $sdffe.
Using extmapper simplemap for cells of type $ne.
Using extmapper simplemap for cells of type $dffe.
Using extmapper simplemap for cells of type $sdffce.
Using extmapper simplemap for cells of type $sdff.
Using extmapper simplemap for cells of type $reduce_or.
Using extmapper simplemap for cells of type $not.
Using extmapper simplemap for cells of type $reduce_and.
Using extmapper simplemap for cells of type $xor.
Using template $paramod$091610cd349a68bd5539cffd7126f0d76e9bca00\_80_ice40_alu for cells of type $alu.
Using extmapper simplemap for cells of type $mux.
Using extmapper simplemap for cells of type $and.
Using extmapper simplemap for cells of type $eq.
Using extmapper simplemap for cells of type $dff.
Using template $paramod$0b0cde3dd6fc83a3fc5535dbeb0d4e3a480de834\_90_alu for cells of type $alu.
Using template $paramod$2af30114e9bd4ccb04dad757b3f0a8f6bf0615b0\_80_ice40_alu for cells of type $alu.
Using template $paramod$constmap:fccb679318acdbc219ad4d42be042cc72878fb9d$paramod$8ac1cd03185838f516ceef7d902199c92b3a1cdd\_90_shift_ops_shr_shl_sshl_sshr for cells of type $shl.
Using template $paramod$039520c137afc9cd69dd56c3fb11a4e1fbe5f664\_80_ice40_alu for cells of type $alu.
Using template $paramod$f880710029b6e56fdc272865cd0a3010fe99cd13\_80_ice40_alu for cells of type $alu.
Using template $paramod$fa61ee5b768ace58cd668eab52c7e5862b6c69f0\_80_ice40_alu for cells of type $alu.
Using template $paramod$34c222451c49cd573fa5351335ef4308a65abab0\_80_ice40_alu for cells of type $alu.
Using template $paramod$c9d98d2d0793a6d8797b9c088dbedb26a7be7121\_80_ice40_alu for cells of type $alu.
Using template $paramod$2470b7ea32c975a55c3ab8b283381b72d09e16d3\_80_ice40_alu for cells of type $alu.
Using template $paramod$2d44f64c3e9fb538f2c448e842550bcfcb299828\_80_ice40_alu for cells of type $alu.
Using template $paramod$8f780356cb6cdb52f6a744190131b65634639c4e\_80_ice40_alu for cells of type $alu.
Using template $paramod$19d71cf4a78a3e7142dac3f236c406c8947b8115\_80_ice40_alu for cells of type $alu.
Using template $paramod$83784888def4f70dbbded37c6d05d2ea1157c936\_80_ice40_alu for cells of type $alu.
Using template $paramod$4a5474979e92ac299b9d7366adf0780f6b2e4f28\_80_ice40_alu for cells of type $alu.
Using template $paramod$7fa1593b7bd93374b34bfd9ac1fe703a5be6addb\_80_ice40_alu for cells of type $alu.
Using template $paramod$fe36d6d725c0243822683f7451312ebcd99a78d3\_80_ice40_alu for cells of type $alu.
Using template $paramod$754650b284649a026620fc6856e5b6886cbfe794\_80_ice40_alu for cells of type $alu.
Using template $paramod$fc972a7a46956c1788f3cb5257b53c8f1df2d0cc\_90_alu for cells of type $alu.
Using template $paramod$2f5fb04daf2da94d981bf9455fa4454c6ec8b705\_80_ice40_alu for cells of type $alu.
Using template $paramod$32a7b7b86c07519b7537abc18e96f0331f97914d\_80_ice40_alu for cells of type $alu.
Using template $paramod$3aebdfec64e5f53407607c4fc3bf29211d900439\_80_ice40_alu for cells of type $alu.
Using template $paramod$484d51534650924b7ed4c69e46eed3a56904771f\_80_ice40_alu for cells of type $alu.
Using template $paramod$18205a5da979f93ffab44671dcc4a48cf14e25e2\_80_ice40_alu for cells of type $alu.
Using template $paramod$88aad6f8473fb7e4e5fbfb8335ddebad03429eaa\_80_ice40_alu for cells of type $alu.
Using template $paramod$c6baa65225090ac0a120feab1b920965244aa496\_80_ice40_alu for cells of type $alu.
Using template $paramod$175e67c02b86e96b1288b9dc100122520d7240d8\_90_alu for cells of type $alu.
Using template $paramod$3ef274a4ad1e446c08416d1cf6cb5ab03146d407\_80_ice40_alu for cells of type $alu.
Using template $paramod$c3cd1564c35d873179656addd6052d7ea8b6d991\_80_ice40_alu for cells of type $alu.
Using template $paramod$403a3c2fa431a154c52a6a5429d7a6260b5d144f\_80_ice40_alu for cells of type $alu.
Using template $paramod$2653f68ddb8eab7b1907b4a20767b72a824a7a36\_80_ice40_alu for cells of type $alu.
Using template $paramod$b2626aff51a34e60b9c57dceb41667aaf5650a38\_80_ice40_alu for cells of type $alu.
Using template $paramod$645b2985ffa05920973af4de55fcfd0cb8f80c20\_80_ice40_alu for cells of type $alu.
Using template $paramod$fd7bfb1a4f3a7c2ac1a35670d0fa64ccc7b91841\_80_ice40_alu for cells of type $alu.
Using template $paramod$0670e2b5f39a952ee2dd39072443556343a2df97\_80_ice40_alu for cells of type $alu.
Using template $paramod$20b1d0597707d55efcb9664e40f63985956d7680\_80_ice40_alu for cells of type $alu.
Using template $paramod$d6bdbc77d5e9f30d855e12cd5722914b2712fdb7\_80_ice40_alu for cells of type $alu.
Using extmapper simplemap for cells of type $or.
Using template $paramod$1a9b2adc0e90ccf2d22dba8d72430d10741e65ed\_80_ice40_alu for cells of type $alu.
Using template $paramod$a1665ef28c749ebcdbe9aecd466e644647b56463\_80_ice40_alu for cells of type $alu.
Using template $paramod$788c3d57e5abb3a3f89aea6d4acd665be37f4e9b\_80_ice40_alu for cells of type $alu.
Using template $paramod$53700bbee849b2010ad0b60a61ccd204a10e24ca\_80_ice40_alu for cells of type $alu.
Using template $paramod$6f67705c43e5e94c02b6ebb52209ce5aa5ade4c1\_80_ice40_alu for cells of type $alu.
Using template $paramod$ea402187f386206c0840504755479bf827f47707\_80_ice40_alu for cells of type $alu.
Using template $paramod$1ed7ec530b1ba361931392f2f8504f82ccdfecaa\_80_ice40_alu for cells of type $alu.
Using template $paramod$080e6a70eb8bfa1ccf22d9718e795074645029a4\_80_ice40_alu for cells of type $alu.
Using template $paramod$9e8c19db10db5b8954224cafa0587db20bab09bd\_90_alu for cells of type $alu.
Using template $paramod$d217a17758e2e945dd317b847eb4def4b9d031fa\_80_ice40_alu for cells of type $alu.
Using template $paramod$bee2d9b174e5d569acba3e70eed4e815564102b5\_80_ice40_alu for cells of type $alu.
Using template $paramod$6a42b6fefed750f8a1c58eab59479d960557103c\_80_ice40_alu for cells of type $alu.
Using template $paramod$02488ff6fa51b28bbfa470bdd9b0e548b3357746\_80_ice40_alu for cells of type $alu.
Using template $paramod$1d1e68f77481583066c6d429218f48ea9d5739b3\_90_alu for cells of type $alu.
Using template $paramod$aac77111ec976962096d49169906492758c7e4cd\_80_ice40_alu for cells of type $alu.
Using template $paramod$336b1fb79b1d6be5a93bb9daed6b253aadd9b6ea\_80_ice40_alu for cells of type $alu.
Using template $paramod$8742280fdebca84e1c87f2a86ed84f62d558f4cc\_80_ice40_alu for cells of type $alu.
Using template $paramod$861f5302217787cd55fd1a501bc728125f176580\_80_ice40_alu for cells of type $alu.
Using template $paramod$5dbd7e17058f2e39dd7b50f2958e370cd13be1ca\_80_ice40_alu for cells of type $alu.
Using template $paramod$b18e16801adf491a64caa0542270798e5d4ac6b6\_80_ice40_alu for cells of type $alu.
Using template $paramod$a40b3a69ab2154dca9743e30e1e84efb03b892b4\_80_ice40_alu for cells of type $alu.
Using template $paramod$7e708ae28ab761f11d0fb59d3ffc72f6a4baf5d9\_90_alu for cells of type $alu.
Using template $paramod$94f92ce7a06b2e48b96c5e71441ef8fb5ea69707\_80_ice40_alu for cells of type $alu.
Using template $paramod$5e5c8b0021e49c50f7602af858629c991ef7602a\_80_ice40_alu for cells of type $alu.
Using template $paramod$716a39fe093f83af45d6be30e7708e9f3ad9df82\_80_ice40_alu for cells of type $alu.
Using template $paramod$5f8e947c341c1c04d2e3de9da46befa2f4d2575f\_80_ice40_alu for cells of type $alu.
Using template $paramod$5a5030a887f04d37e4563fbb8099d337a994ee1e\_80_ice40_alu for cells of type $alu.
Using template $paramod$c262a9eba992bd375aee69244ae82bb2c8f55fe5\_90_alu for cells of type $alu.
Using template $paramod$cff66329c78f14c05756fa469890bd1a4784ffc2\_80_ice40_alu for cells of type $alu.
Using template $paramod$78e969f2586efcf3a5b0b0440bcca0db83d5cca2\_80_ice40_alu for cells of type $alu.
Using template $paramod$f956edc9fe4df758d9fdb10bfc518a364c99e75e\_80_ice40_alu for cells of type $alu.
Using template $paramod$a1875ff20ca23255974c2fd3685f305ba8a550d9\_80_ice40_alu for cells of type $alu.
Using template $paramod$9b23bda5b7ff5d3b0ada391f7ca3efc07b6d2867\_80_ice40_alu for cells of type $alu.
Using template $paramod$ec32b97001540459632a2df9accd677d3703ea0f\_80_ice40_alu for cells of type $alu.
Using extmapper maccmap for cells of type $macc_v2.
  add \system.core.product[0] (32 bits, unsigned)
  add { $flatten\system.\core.$ternary$rtl/core/known_spectral_core.sv:92$1222_Y [31:16] 16'0000000000000000 } (32 bits, unsigned)
  add { $flatten\system.\core.$ternary$rtl/core/known_spectral_core.sv:91$1220_Y [31:16] 16'0000000000000000 } (32 bits, unsigned)
  add { \system.core.exponent 12'000000000000 } (20 bits, signed)
  add { 1'0 \system.core.log_q } (13 bits, signed)
  add 22'1111100000101101101111 (22 bits, unsigned)
Using extmapper simplemap for cells of type $bmux.
Using extmapper simplemap for cells of type $reduce_bool.
Using extmapper simplemap for cells of type $logic_not.
Using extmapper simplemap for cells of type $logic_and.
Using extmapper simplemap for cells of type $logic_or.
Using template $paramod$constmap:decda5b4632abbcf04bf9650a2dac76960d9cb80$paramod$08bf5f0725d292174acacf8edfe87d18d48f6e70\_90_shift_shiftx for cells of type $shift.
Analyzing pattern of constant bits for this cell:
Creating constmapped module `$paramod$constmap:5a4bd879cde68fe23882c6a271f9c4bb8714bccb$paramod$08bf5f0725d292174acacf8edfe87d18d48f6e70\_90_shift_shiftx'.

10.39.163. Executing OPT_MUXTREE pass (detect dead branches in mux trees).
Running muxtree optimizer on module $paramod$constmap:5a4bd879cde68fe23882c6a271f9c4bb8714bccb$paramod$08bf5f0725d292174acacf8edfe87d18d48f6e70\_90_shift_shiftx..
  Creating internal representation of mux trees.
  Evaluating internal representation of mux trees.
  Analyzing evaluation results.
    dead port 2/2 on $mux $procmux$14790.
    dead port 2/2 on $mux $procmux$14796.
    dead port 2/2 on $mux $procmux$14802.
    dead port 2/2 on $mux $procmux$14808.
    dead port 2/2 on $mux $procmux$14814.
    dead port 2/2 on $mux $procmux$14820.
    dead port 2/2 on $mux $procmux$14826.
Removed 7 multiplexer ports.
<suppressed ~3580 debug messages>

10.39.164. Executing OPT_EXPR pass (perform const folding).
Optimizing module $paramod$constmap:5a4bd879cde68fe23882c6a271f9c4bb8714bccb$paramod$08bf5f0725d292174acacf8edfe87d18d48f6e70\_90_shift_shiftx.
<suppressed ~27 debug messages>
Removed 0 unused cells and 12 unused wires.
Using template $paramod$constmap:5a4bd879cde68fe23882c6a271f9c4bb8714bccb$paramod$08bf5f0725d292174acacf8edfe87d18d48f6e70\_90_shift_shiftx for cells of type $shift.
Using extmapper simplemap for cells of type $pmux.
Using template $paramod$constmap:dd82805e02d0c05f7629d78043ee7bd4bcc370d0$paramod$5aa0fbdc3e385f336e95d2896ce5aed0c003c799\_90_shift_shiftx for cells of type $shift.
Analyzing pattern of constant bits for this cell:
  Constant input on bit 0 of port A: 1'0
Creating constmapped module `$paramod$constmap:d8aefc1ccc4cc8f7577de99159ea22c4a240a5fa$paramod$5aa0fbdc3e385f336e95d2896ce5aed0c003c799\_90_shift_shiftx'.

10.39.170. Executing OPT_MUXTREE pass (detect dead branches in mux trees).
Running muxtree optimizer on module $paramod$constmap:d8aefc1ccc4cc8f7577de99159ea22c4a240a5fa$paramod$5aa0fbdc3e385f336e95d2896ce5aed0c003c799\_90_shift_shiftx..
  Creating internal representation of mux trees.
  Evaluating internal representation of mux trees.
  Analyzing evaluation results.
    dead port 2/2 on $mux $procmux$19394.
Removed 1 multiplexer ports.
<suppressed ~257 debug messages>

10.39.171. Executing OPT_EXPR pass (perform const folding).
Optimizing module $paramod$constmap:d8aefc1ccc4cc8f7577de99159ea22c4a240a5fa$paramod$5aa0fbdc3e385f336e95d2896ce5aed0c003c799\_90_shift_shiftx.
<suppressed ~4 debug messages>
Removed 0 unused cells and 9 unused wires.
Using template $paramod$constmap:d8aefc1ccc4cc8f7577de99159ea22c4a240a5fa$paramod$5aa0fbdc3e385f336e95d2896ce5aed0c003c799\_90_shift_shiftx for cells of type $shift.
Using template $paramod$constmap:de554f9cc18e049d5b7dc95f0bcf8e03e57019ff$paramod$1e265d9719406ee45a570be27d6567e3eeff81e5\_90_shift_shiftx for cells of type $shiftx.
Using template $paramod$constmap:9b43f6c03fce712582c7142f2ced03a60e8b00be$paramod$073d0ff2f3bbf394fb5ad2923b84417742309f8c\_90_shift_shiftx for cells of type $shiftx.
Using template $paramod$constmap:5db82a4dd3d87b13e0a0825614970b7eabac296c$paramod$cc7ab7964291ccc4bd8775dda867ad606b789314\_90_shift_shiftx for cells of type $shiftx.
Using template $paramod$e161c1674351796cd6dd381e70ff05458bfe7755\_80_ice40_alu for cells of type $alu.
Using template $paramod\_90_fa\WIDTH=32'00000000000000000000000000100000 for cells of type $fa.
Using template $paramod$fbc7873bff55778c0b3173955b7e4bce1d9d6834\_80_ice40_alu for cells of type $alu.
Using extmapper simplemap for cells of type $pos.
Using template $paramod\_90_fa\WIDTH=32'00000000000000000000000000000001 for cells of type $fa.
Using template $paramod\_90_lcu_brent_kung\WIDTH=32'00000000000000000000000000000001 for cells of type $lcu.
Using template $paramod\_90_fa\WIDTH=32'00000000000000000000000000000010 for cells of type $fa.
Using template $paramod\_90_lcu_brent_kung\WIDTH=32'00000000000000000000000000000010 for cells of type $lcu.
No more expansions possible.
<suppressed ~2575 debug messages>

10.40. Executing OPT pass (performing simple optimizations).

10.40.1. Executing OPT_EXPR pass (perform const folding).
Optimizing module upduino_known.
<suppressed ~11502 debug messages>

10.40.2. Executing OPT_MERGE pass (detect identical cells).
Finding identical cells in module `\upduino_known'.
Computing hashes of 23552 cells of `\upduino_known'.
Finding duplicate cells in `\upduino_known'.
Computing hashes of 21428 cells of `\upduino_known'.
Finding duplicate cells in `\upduino_known'.
Computing hashes of 20142 cells of `\upduino_known'.
Finding duplicate cells in `\upduino_known'.
Computing hashes of 19044 cells of `\upduino_known'.
Finding duplicate cells in `\upduino_known'.
Computing hashes of 18505 cells of `\upduino_known'.
Finding duplicate cells in `\upduino_known'.
Computing hashes of 18305 cells of `\upduino_known'.
Finding duplicate cells in `\upduino_known'.
Computing hashes of 18245 cells of `\upduino_known'.
Finding duplicate cells in `\upduino_known'.
Computing hashes of 18226 cells of `\upduino_known'.
Finding duplicate cells in `\upduino_known'.
Computing hashes of 18225 cells of `\upduino_known'.
Finding duplicate cells in `\upduino_known'.
Computing hashes of 18224 cells of `\upduino_known'.
Finding duplicate cells in `\upduino_known'.
Computing hashes of 18223 cells of `\upduino_known'.
Finding duplicate cells in `\upduino_known'.
Computing hashes of 18222 cells of `\upduino_known'.
Finding duplicate cells in `\upduino_known'.
Computing hashes of 18221 cells of `\upduino_known'.
Finding duplicate cells in `\upduino_known'.
Computing hashes of 18220 cells of `\upduino_known'.
Finding duplicate cells in `\upduino_known'.
Computing hashes of 18219 cells of `\upduino_known'.
Finding duplicate cells in `\upduino_known'.
Computing hashes of 18218 cells of `\upduino_known'.
Finding duplicate cells in `\upduino_known'.
Computing hashes of 18217 cells of `\upduino_known'.
Finding duplicate cells in `\upduino_known'.
Computing hashes of 18216 cells of `\upduino_known'.
Finding duplicate cells in `\upduino_known'.
Computing hashes of 18215 cells of `\upduino_known'.
Finding duplicate cells in `\upduino_known'.
Computing hashes of 18214 cells of `\upduino_known'.
Finding duplicate cells in `\upduino_known'.
Computing hashes of 18213 cells of `\upduino_known'.
Finding duplicate cells in `\upduino_known'.
Computing hashes of 18212 cells of `\upduino_known'.
Finding duplicate cells in `\upduino_known'.
Computing hashes of 18211 cells of `\upduino_known'.
Finding duplicate cells in `\upduino_known'.
Computing hashes of 18210 cells of `\upduino_known'.
Finding duplicate cells in `\upduino_known'.
Computing hashes of 18209 cells of `\upduino_known'.
Finding duplicate cells in `\upduino_known'.
Computing hashes of 18208 cells of `\upduino_known'.
Finding duplicate cells in `\upduino_known'.
<suppressed ~16032 debug messages>
Removed a total of 5344 cells.

10.40.3. Executing OPT_DFF pass (perform DFF optimizations).
Adding SRST signal on $auto$ff.cc:337:slice$13388 ($_DFFE_PP_) from module upduino_known (D = $auto$simplemap.cc:189:logic_reduce$16329, Q = \system.core.power_buffer [63], rval = 1'0).
Adding SRST signal on $auto$ff.cc:337:slice$12776 ($_SDFF_PN0_) from module upduino_known (D = $auto$simplemap.cc:189:logic_reduce$26048, Q = \system.transport.done, rval = 1'0).
Adding SRST signal on $auto$ff.cc:337:slice$13382 ($_DFFE_PP_) from module upduino_known (D = $auto$simplemap.cc:189:logic_reduce$16287, Q = \system.core.power_buffer [57], rval = 1'0).
Adding SRST signal on $auto$ff.cc:337:slice$13383 ($_DFFE_PP_) from module upduino_known (D = $auto$simplemap.cc:189:logic_reduce$16294, Q = \system.core.power_buffer [58], rval = 1'0).
Adding SRST signal on $auto$ff.cc:337:slice$13384 ($_DFFE_PP_) from module upduino_known (D = $auto$simplemap.cc:189:logic_reduce$16301, Q = \system.core.power_buffer [59], rval = 1'0).
Adding SRST signal on $auto$ff.cc:337:slice$13385 ($_DFFE_PP_) from module upduino_known (D = $auto$simplemap.cc:189:logic_reduce$16308, Q = \system.core.power_buffer [60], rval = 1'0).
Adding SRST signal on $auto$ff.cc:337:slice$13386 ($_DFFE_PP_) from module upduino_known (D = $auto$simplemap.cc:189:logic_reduce$16315, Q = \system.core.power_buffer [61], rval = 1'0).
Adding SRST signal on $auto$ff.cc:337:slice$13387 ($_DFFE_PP_) from module upduino_known (D = $auto$simplemap.cc:189:logic_reduce$16322, Q = \system.core.power_buffer [62], rval = 1'0).

10.40.4. Executing OPT_CLEAN pass (remove unused cells and wires).
Finding unused cells or wires in module \upduino_known..
Removed 5074 unused cells and 4931 unused wires.
<suppressed ~5075 debug messages>

10.40.5. Rerunning OPT passes. (Removed registers in this run.)

10.40.6. Executing OPT_EXPR pass (perform const folding).
Optimizing module upduino_known.
<suppressed ~33 debug messages>

10.40.7. Executing OPT_MERGE pass (detect identical cells).
Finding identical cells in module `\upduino_known'.
Computing hashes of 13102 cells of `\upduino_known'.
Finding duplicate cells in `\upduino_known'.
Removed a total of 0 cells.

10.40.8. Executing OPT_DFF pass (perform DFF optimizations).

10.40.9. Executing OPT_CLEAN pass (remove unused cells and wires).
Finding unused cells or wires in module \upduino_known..
Removed 1 unused cells and 3 unused wires.
<suppressed ~2 debug messages>

10.40.10. Finished fast OPT passes.

10.41. Executing ICE40_OPT pass (performing simple optimizations).

10.41.1. Running ICE40 specific optimizations.
Optimized $__ICE40_CARRY_WRAPPER cell back to logic (without SB_CARRY) upduino_known.$auto$maccmap.cc:240:synth$11500.slice[0].carry: CO=1'0
Optimized $__ICE40_CARRY_WRAPPER cell back to logic (without SB_CARRY) upduino_known.$auto$maccmap.cc:240:synth$11504.slice[0].carry: CO=\system.core.log_q [0]
Optimized $__ICE40_CARRY_WRAPPER cell back to logic (without SB_CARRY) upduino_known.$auto$alumacc.cc:548:replace_alu$7176.slice[0].carry: CO=\startup [6]
Optimized $__ICE40_CARRY_WRAPPER cell back to logic (without SB_CARRY) upduino_known.$auto$alumacc.cc:548:replace_alu$7208.slice[0].carry: CO=\system.core.rounded_magnitude [0]
Optimized $__ICE40_CARRY_WRAPPER cell back to logic (without SB_CARRY) upduino_known.$auto$alumacc.cc:548:replace_alu$7219.slice[0].carry: CO=\system.core.computed_log [0]
Optimized $__ICE40_CARRY_WRAPPER cell back to logic (without SB_CARRY) upduino_known.$auto$alumacc.cc:548:replace_alu$7226.slice[0].carry: CO=\system.core.state [1]
Optimized $__ICE40_CARRY_WRAPPER cell back to logic (without SB_CARRY) upduino_known.$auto$alumacc.cc:548:replace_alu$7239.slice[0].carry: CO=\system.core.state [2]
Optimized $__ICE40_CARRY_WRAPPER cell back to logic (without SB_CARRY) upduino_known.$auto$alumacc.cc:548:replace_alu$7259.slice[0].carry: CO=\system.core.centered [0]
Optimized $__ICE40_CARRY_WRAPPER cell back to logic (without SB_CARRY) upduino_known.$auto$alumacc.cc:548:replace_alu$7279.slice[0].carry: CO=\system.core.rne$func$rtl/core/known_spectral_core.sv:82$1176.$result [0]
Optimized $__ICE40_CARRY_WRAPPER cell back to logic (without SB_CARRY) upduino_known.$auto$alumacc.cc:548:replace_alu$7292.slice[0].carry: CO=\system.core.rne$func$rtl/core/known_spectral_core.sv:82$1176.$result [31]
Optimized $__ICE40_CARRY_WRAPPER cell back to logic (without SB_CARRY) upduino_known.$auto$alumacc.cc:548:replace_alu$7299.slice[0].carry: CO=\system.core.log_work [11]
Optimized $__ICE40_CARRY_WRAPPER cell back to logic (without SB_CARRY) upduino_known.$auto$alumacc.cc:548:replace_alu$7312.slice[0].carry: CO=\system.core.log_work [10]
Optimized $__ICE40_CARRY_WRAPPER cell back to logic (without SB_CARRY) upduino_known.$auto$alumacc.cc:548:replace_alu$7317.slice[0].carry: CO=$auto$alumacc.cc:548:replace_alu$7317.A [0]
Optimized $__ICE40_CARRY_WRAPPER cell back to logic (without SB_CARRY) upduino_known.$auto$alumacc.cc:548:replace_alu$7317.slice[2].carry: CO=$auto$alumacc.cc:548:replace_alu$7317.C [2]
Optimized $__ICE40_CARRY_WRAPPER cell back to logic (without SB_CARRY) upduino_known.$auto$alumacc.cc:548:replace_alu$7317.slice[3].carry: CO=$auto$alumacc.cc:548:replace_alu$7317.C [3]
Optimized $__ICE40_CARRY_WRAPPER cell back to logic (without SB_CARRY) upduino_known.$auto$alumacc.cc:548:replace_alu$7317.slice[4].carry: CO=$auto$alumacc.cc:548:replace_alu$7317.C [4]
Optimized $__ICE40_CARRY_WRAPPER cell back to logic (without SB_CARRY) upduino_known.$auto$alumacc.cc:548:replace_alu$7317.slice[5].carry: CO=$auto$alumacc.cc:548:replace_alu$7317.C [5]
Optimized $__ICE40_CARRY_WRAPPER cell back to logic (without SB_CARRY) upduino_known.$auto$alumacc.cc:548:replace_alu$7317.slice[6].carry: CO=$auto$alumacc.cc:548:replace_alu$7317.C [6]
Optimized $__ICE40_CARRY_WRAPPER cell back to logic (without SB_CARRY) upduino_known.$auto$alumacc.cc:548:replace_alu$7317.slice[7].carry: CO=$auto$alumacc.cc:548:replace_alu$7317.C [7]
Optimized $__ICE40_CARRY_WRAPPER cell back to logic (without SB_CARRY) upduino_known.$auto$alumacc.cc:548:replace_alu$7317.slice[8].carry: CO=$auto$alumacc.cc:548:replace_alu$7317.C [8]
Optimized $__ICE40_CARRY_WRAPPER cell back to logic (without SB_CARRY) upduino_known.$auto$alumacc.cc:548:replace_alu$7317.slice[9].carry: CO=$auto$alumacc.cc:548:replace_alu$7317.C [9]
Optimized $__ICE40_CARRY_WRAPPER cell back to logic (without SB_CARRY) upduino_known.$auto$alumacc.cc:548:replace_alu$7317.slice[10].carry: CO=$auto$alumacc.cc:548:replace_alu$7317.C [10]
Optimized $__ICE40_CARRY_WRAPPER cell back to logic (without SB_CARRY) upduino_known.$auto$alumacc.cc:548:replace_alu$7317.slice[11].carry: CO=$auto$alumacc.cc:548:replace_alu$7317.C [11]
Optimized $__ICE40_CARRY_WRAPPER cell back to logic (without SB_CARRY) upduino_known.$auto$alumacc.cc:548:replace_alu$7317.slice[12].carry: CO=$auto$alumacc.cc:548:replace_alu$7317.C [12]
Optimized $__ICE40_CARRY_WRAPPER cell back to logic (without SB_CARRY) upduino_known.$auto$alumacc.cc:548:replace_alu$7317.slice[13].carry: CO=$auto$alumacc.cc:548:replace_alu$7317.C [13]
Optimized $__ICE40_CARRY_WRAPPER cell back to logic (without SB_CARRY) upduino_known.$auto$alumacc.cc:548:replace_alu$7317.slice[14].carry: CO=$auto$alumacc.cc:548:replace_alu$7317.C [14]
Optimized $__ICE40_CARRY_WRAPPER cell back to logic (without SB_CARRY) upduino_known.$auto$alumacc.cc:548:replace_alu$7317.slice[15].carry: CO=$auto$alumacc.cc:548:replace_alu$7317.C [15]
Optimized $__ICE40_CARRY_WRAPPER cell back to logic (without SB_CARRY) upduino_known.$auto$alumacc.cc:548:replace_alu$7317.slice[16].carry: CO=$auto$alumacc.cc:548:replace_alu$7317.C [16]
Optimized $__ICE40_CARRY_WRAPPER cell back to logic (without SB_CARRY) upduino_known.$auto$alumacc.cc:548:replace_alu$7317.slice[17].carry: CO=$auto$alumacc.cc:548:replace_alu$7317.C [17]
Optimized $__ICE40_CARRY_WRAPPER cell back to logic (without SB_CARRY) upduino_known.$auto$alumacc.cc:548:replace_alu$7317.slice[18].carry: CO=$auto$alumacc.cc:548:replace_alu$7317.C [18]
Optimized $__ICE40_CARRY_WRAPPER cell back to logic (without SB_CARRY) upduino_known.$auto$alumacc.cc:548:replace_alu$7317.slice[19].carry: CO=$auto$alumacc.cc:548:replace_alu$7317.C [19]
Optimized $__ICE40_CARRY_WRAPPER cell back to logic (without SB_CARRY) upduino_known.$auto$alumacc.cc:548:replace_alu$7317.slice[20].carry: CO=$auto$alumacc.cc:548:replace_alu$7317.C [20]
Optimized $__ICE40_CARRY_WRAPPER cell back to logic (without SB_CARRY) upduino_known.$auto$alumacc.cc:548:replace_alu$7317.slice[21].carry: CO=$auto$alumacc.cc:548:replace_alu$7317.C [21]
Optimized $__ICE40_CARRY_WRAPPER cell back to logic (without SB_CARRY) upduino_known.$auto$alumacc.cc:548:replace_alu$7322.slice[0].carry: CO=\system.core.score [0]
Optimized $__ICE40_CARRY_WRAPPER cell back to logic (without SB_CARRY) upduino_known.$auto$alumacc.cc:548:replace_alu$7357.slice[0].carry: CO=\system.transport.cmd_length [8]
Optimized $__ICE40_CARRY_WRAPPER cell back to logic (without SB_CARRY) upduino_known.$auto$alumacc.cc:548:replace_alu$7368.slice[0].carry: CO=$auto$alumacc.cc:548:replace_alu$7368.A [0]
Optimized $__ICE40_CARRY_WRAPPER cell back to logic (without SB_CARRY) upduino_known.$auto$alumacc.cc:548:replace_alu$7384.slice[0].carry: CO=$auto$alumacc.cc:548:replace_alu$7384.A [0]
Optimized $__ICE40_CARRY_WRAPPER cell back to logic (without SB_CARRY) upduino_known.$auto$alumacc.cc:548:replace_alu$7395.slice[0].carry: CO=\system.controller.byte_index [3]
Optimized $__ICE40_CARRY_WRAPPER cell back to logic (without SB_CARRY) upduino_known.$auto$alumacc.cc:548:replace_alu$7400.slice[0].carry: CO=\system.controller.header_word [13]
Optimized $__ICE40_CARRY_WRAPPER cell back to logic (without SB_CARRY) upduino_known.$auto$alumacc.cc:548:replace_alu$7411.slice[0].carry: CO=\system.controller.header_word [10]
Optimized $__ICE40_CARRY_WRAPPER cell back to logic (without SB_CARRY) upduino_known.$auto$alumacc.cc:548:replace_alu$7427.slice[0].carry: CO=\system.controller.level [5]
Optimized $__ICE40_CARRY_WRAPPER cell back to logic (without SB_CARRY) upduino_known.$auto$alumacc.cc:548:replace_alu$7440.slice[0].carry: CO=$auto$alumacc.cc:548:replace_alu$7440.A [0]
Optimized $__ICE40_CARRY_WRAPPER cell back to logic (without SB_CARRY) upduino_known.$auto$alumacc.cc:548:replace_alu$7456.slice[0].carry: CO=$auto$alumacc.cc:548:replace_alu$7456.BB [0]
Optimized $__ICE40_CARRY_WRAPPER cell back to logic (without SB_CARRY) upduino_known.$auto$alumacc.cc:548:replace_alu$7456.slice[19].carry: CO=$auto$alumacc.cc:548:replace_alu$7456.C [19]
Optimized $__ICE40_CARRY_WRAPPER cell back to logic (without SB_CARRY) upduino_known.$auto$alumacc.cc:548:replace_alu$7469.slice[0].carry: CO=$auto$alumacc.cc:548:replace_alu$7469.BB [0]
Optimized $__ICE40_CARRY_WRAPPER cell back to logic (without SB_CARRY) upduino_known.$auto$alumacc.cc:548:replace_alu$7469.slice[15].carry: CO=$auto$alumacc.cc:548:replace_alu$7469.C [15]
Optimized $__ICE40_CARRY_WRAPPER cell back to logic (without SB_CARRY) upduino_known.$auto$alumacc.cc:548:replace_alu$7472.slice[0].carry: CO=$auto$alumacc.cc:548:replace_alu$7472.BB [0]
Optimized $__ICE40_CARRY_WRAPPER cell back to logic (without SB_CARRY) upduino_known.$auto$alumacc.cc:548:replace_alu$7472.slice[15].carry: CO=$auto$alumacc.cc:548:replace_alu$7472.C [15]
Optimized $__ICE40_CARRY_WRAPPER cell back to logic (without SB_CARRY) upduino_known.$auto$alumacc.cc:548:replace_alu$7475.slice[0].carry: CO=$auto$alumacc.cc:548:replace_alu$7475.BB [0]
Optimized $__ICE40_CARRY_WRAPPER cell back to logic (without SB_CARRY) upduino_known.$auto$alumacc.cc:548:replace_alu$7475.slice[15].carry: CO=$auto$alumacc.cc:548:replace_alu$7475.C [15]
Optimized $__ICE40_CARRY_WRAPPER cell back to logic (without SB_CARRY) upduino_known.$auto$alumacc.cc:548:replace_alu$7478.slice[0].carry: CO=$auto$alumacc.cc:548:replace_alu$7478.BB [0]
Optimized $__ICE40_CARRY_WRAPPER cell back to logic (without SB_CARRY) upduino_known.$auto$alumacc.cc:548:replace_alu$7478.slice[15].carry: CO=$auto$alumacc.cc:548:replace_alu$7478.C [15]
Optimized $__ICE40_CARRY_WRAPPER cell back to logic (without SB_CARRY) upduino_known.$auto$alumacc.cc:548:replace_alu$7490.slice[0].carry: CO=\system.core.capture.accepted_samples [0]
Optimized $__ICE40_CARRY_WRAPPER cell back to logic (without SB_CARRY) upduino_known.$auto$alumacc.cc:548:replace_alu$7493.slice[0].carry: CO=\system.core.capture.protocol_errors [0]
Optimized $__ICE40_CARRY_WRAPPER cell back to logic (without SB_CARRY) upduino_known.$auto$alumacc.cc:548:replace_alu$7502.slice[0].carry: CO=\system.core.capture.position [0]
Optimized $__ICE40_CARRY_WRAPPER cell back to logic (without SB_CARRY) upduino_known.$auto$alumacc.cc:548:replace_alu$7505.slice[0].carry: CO=\system.controller.byte_index [0]
Optimized $__ICE40_CARRY_WRAPPER cell back to logic (without SB_CARRY) upduino_known.$auto$alumacc.cc:548:replace_alu$7508.slice[0].carry: CO=\system.controller.tail [0]
Optimized $__ICE40_CARRY_WRAPPER cell back to logic (without SB_CARRY) upduino_known.$auto$alumacc.cc:548:replace_alu$7511.slice[0].carry: CO=\system.controller.phase [0]
Optimized $__ICE40_CARRY_WRAPPER cell back to logic (without SB_CARRY) upduino_known.$auto$alumacc.cc:548:replace_alu$7514.slice[0].carry: CO=\system.controller.period [0]
Optimized $__ICE40_CARRY_WRAPPER cell back to logic (without SB_CARRY) upduino_known.$auto$alumacc.cc:548:replace_alu$7517.slice[0].carry: CO=\system.controller.generated [0]
Optimized $__ICE40_CARRY_WRAPPER cell back to logic (without SB_CARRY) upduino_known.$auto$alumacc.cc:548:replace_alu$7520.slice[0].carry: CO=\system.controller.rp [0]
Optimized $__ICE40_CARRY_WRAPPER cell back to logic (without SB_CARRY) upduino_known.$auto$alumacc.cc:548:replace_alu$7523.slice[0].carry: CO=\system.controller.wp [0]
Optimized $__ICE40_CARRY_WRAPPER cell back to logic (without SB_CARRY) upduino_known.$auto$alumacc.cc:548:replace_alu$7526.slice[0].carry: CO=\system.controller.level [0]
Optimized $__ICE40_CARRY_WRAPPER cell back to logic (without SB_CARRY) upduino_known.$auto$alumacc.cc:548:replace_alu$7529.slice[0].carry: CO=\system.controller.level [0]
Optimized $__ICE40_CARRY_WRAPPER cell back to logic (without SB_CARRY) upduino_known.$auto$alumacc.cc:548:replace_alu$7532.slice[0].carry: CO=\system.controller.tick [0]
Optimized $__ICE40_CARRY_WRAPPER cell back to logic (without SB_CARRY) upduino_known.$auto$alumacc.cc:548:replace_alu$7535.slice[0].carry: CO=\system.transport.remaining [0]
Optimized $__ICE40_CARRY_WRAPPER cell back to logic (without SB_CARRY) upduino_known.$auto$alumacc.cc:548:replace_alu$7543.slice[0].carry: CO=\system.controller.byte_index [5]
Optimized $__ICE40_CARRY_WRAPPER cell back to logic (without SB_CARRY) upduino_known.$auto$alumacc.cc:548:replace_alu$7543.slice[3].carry: CO=$auto$alumacc.cc:548:replace_alu$7543.C [3]
Optimized $__ICE40_CARRY_WRAPPER cell back to logic (without SB_CARRY) upduino_known.$auto$alumacc.cc:548:replace_alu$7556.slice[22].carry: CO=1'0
Optimized $__ICE40_CARRY_WRAPPER cell back to logic (without SB_CARRY) upduino_known.$auto$alumacc.cc:548:replace_alu$7559.slice[0].carry: CO=\system.controller.loaded [0]
Optimized $__ICE40_CARRY_WRAPPER cell back to logic (without SB_CARRY) upduino_known.$auto$alumacc.cc:548:replace_alu$7562.slice[16].carry: CO=1'0
Optimized $__ICE40_CARRY_WRAPPER cell back to logic (without SB_CARRY) upduino_known.$auto$alumacc.cc:548:replace_alu$7565.slice[0].carry: CO=\system.transport.wake_count [0]
Optimized $__ICE40_CARRY_WRAPPER cell back to logic (without SB_CARRY) upduino_known.$auto$alumacc.cc:548:replace_alu$7568.slice[0].carry: CO=$auto$alumacc.cc:548:replace_alu$7568.BB [0]
Optimized $__ICE40_CARRY_WRAPPER cell back to logic (without SB_CARRY) upduino_known.$auto$alumacc.cc:548:replace_alu$7574.slice[0].carry: CO=$auto$alumacc.cc:548:replace_alu$7568.BB [0]
Optimized $__ICE40_CARRY_WRAPPER cell back to logic (without SB_CARRY) upduino_known.$auto$alumacc.cc:548:replace_alu$7577.slice[0].carry: CO=$auto$alumacc.cc:548:replace_alu$7577.BB [0]
Optimized $__ICE40_CARRY_WRAPPER cell back to logic (without SB_CARRY) upduino_known.$auto$alumacc.cc:548:replace_alu$7583.slice[0].carry: CO=$auto$alumacc.cc:548:replace_alu$7577.BB [0]
Optimized $__ICE40_CARRY_WRAPPER cell back to logic (without SB_CARRY) upduino_known.$auto$alumacc.cc:548:replace_alu$7592.slice[0].carry: CO=\system.core.clip_window [0]
Optimized $__ICE40_CARRY_WRAPPER cell back to logic (without SB_CARRY) upduino_known.$auto$alumacc.cc:548:replace_alu$7595.slice[0].carry: CO=\system.core.component_base [2]
Optimized $__ICE40_CARRY_WRAPPER cell back to logic (without SB_CARRY) upduino_known.$auto$alumacc.cc:548:replace_alu$7595.slice[9].carry: CO=1'0
Optimized $__ICE40_CARRY_WRAPPER cell back to logic (without SB_CARRY) upduino_known.$auto$alumacc.cc:548:replace_alu$7604.slice[0].carry: CO=$auto$alumacc.cc:548:replace_alu$7604.BB [0]
Optimized $__ICE40_CARRY_WRAPPER cell back to logic (without SB_CARRY) upduino_known.$auto$alumacc.cc:548:replace_alu$7610.slice[0].carry: CO=\system.core.exponent [0]
Optimized $__ICE40_CARRY_WRAPPER cell back to logic (without SB_CARRY) upduino_known.$auto$alumacc.cc:548:replace_alu$7613.slice[0].carry: CO=\system.core.exponent [0]
Optimized $__ICE40_CARRY_WRAPPER cell back to logic (without SB_CARRY) upduino_known.$auto$alumacc.cc:548:replace_alu$7619.slice[0].carry: CO=1'1
Optimized $__ICE40_CARRY_WRAPPER cell back to logic (without SB_CARRY) upduino_known.$auto$alumacc.cc:548:replace_alu$7619.slice[1].carry: CO=$auto$alumacc.cc:548:replace_alu$7619.C [1]
Optimized $__ICE40_CARRY_WRAPPER cell back to logic (without SB_CARRY) upduino_known.$auto$alumacc.cc:548:replace_alu$7619.slice[2].carry: CO=$auto$alumacc.cc:548:replace_alu$7619.C [2]
Optimized $__ICE40_CARRY_WRAPPER cell back to logic (without SB_CARRY) upduino_known.$auto$alumacc.cc:548:replace_alu$7619.slice[3].carry: CO=$auto$alumacc.cc:548:replace_alu$7619.C [3]
Optimized $__ICE40_CARRY_WRAPPER cell back to logic (without SB_CARRY) upduino_known.$auto$alumacc.cc:548:replace_alu$7619.slice[6].carry: CO=$auto$alumacc.cc:548:replace_alu$7619.C [6]
Optimized $__ICE40_CARRY_WRAPPER cell back to logic (without SB_CARRY) upduino_known.$auto$alumacc.cc:548:replace_alu$7619.slice[7].carry: CO=$auto$alumacc.cc:548:replace_alu$7619.C [7]
Optimized $__ICE40_CARRY_WRAPPER cell back to logic (without SB_CARRY) upduino_known.$auto$alumacc.cc:548:replace_alu$7619.slice[8].carry: CO=$auto$alumacc.cc:548:replace_alu$7619.C [8]
Optimized $__ICE40_CARRY_WRAPPER cell back to logic (without SB_CARRY) upduino_known.$auto$alumacc.cc:548:replace_alu$7619.slice[9].carry: CO=$auto$alumacc.cc:548:replace_alu$7619.C [9]
Optimized $__ICE40_CARRY_WRAPPER cell back to logic (without SB_CARRY) upduino_known.$auto$alumacc.cc:548:replace_alu$7619.slice[10].carry: CO=$auto$alumacc.cc:548:replace_alu$7619.C [10]
Optimized $__ICE40_CARRY_WRAPPER cell back to logic (without SB_CARRY) upduino_known.$auto$alumacc.cc:548:replace_alu$7619.slice[11].carry: CO=$auto$alumacc.cc:548:replace_alu$7619.C [11]
Optimized $__ICE40_CARRY_WRAPPER cell back to logic (without SB_CARRY) upduino_known.$auto$alumacc.cc:548:replace_alu$7619.slice[12].carry: CO=$auto$alumacc.cc:548:replace_alu$7619.C [12]
Optimized $__ICE40_CARRY_WRAPPER cell back to logic (without SB_CARRY) upduino_known.$auto$alumacc.cc:548:replace_alu$7619.slice[13].carry: CO=$auto$alumacc.cc:548:replace_alu$7619.C [13]
Optimized $__ICE40_CARRY_WRAPPER cell back to logic (without SB_CARRY) upduino_known.$auto$alumacc.cc:548:replace_alu$7619.slice[14].carry: CO=$auto$alumacc.cc:548:replace_alu$7619.C [14]
Optimized $__ICE40_CARRY_WRAPPER cell back to logic (without SB_CARRY) upduino_known.$auto$alumacc.cc:548:replace_alu$7619.slice[15].carry: CO=$auto$alumacc.cc:548:replace_alu$7619.C [15]
Optimized $__ICE40_CARRY_WRAPPER cell back to logic (without SB_CARRY) upduino_known.$auto$alumacc.cc:548:replace_alu$7619.slice[16].carry: CO=$auto$alumacc.cc:548:replace_alu$7619.C [16]
Optimized $__ICE40_CARRY_WRAPPER cell back to logic (without SB_CARRY) upduino_known.$auto$alumacc.cc:548:replace_alu$7619.slice[17].carry: CO=$auto$alumacc.cc:548:replace_alu$7619.C [17]
Optimized $__ICE40_CARRY_WRAPPER cell back to logic (without SB_CARRY) upduino_known.$auto$alumacc.cc:548:replace_alu$7619.slice[18].carry: CO=$auto$alumacc.cc:548:replace_alu$7619.C [18]
Optimized $__ICE40_CARRY_WRAPPER cell back to logic (without SB_CARRY) upduino_known.$auto$alumacc.cc:548:replace_alu$7619.slice[19].carry: CO=$auto$alumacc.cc:548:replace_alu$7619.C [19]
Optimized $__ICE40_CARRY_WRAPPER cell back to logic (without SB_CARRY) upduino_known.$auto$alumacc.cc:548:replace_alu$7619.slice[20].carry: CO=$auto$alumacc.cc:548:replace_alu$7619.C [20]
Optimized $__ICE40_CARRY_WRAPPER cell back to logic (without SB_CARRY) upduino_known.$auto$alumacc.cc:548:replace_alu$7619.slice[21].carry: CO=$auto$alumacc.cc:548:replace_alu$7619.C [21]
Optimized $__ICE40_CARRY_WRAPPER cell back to logic (without SB_CARRY) upduino_known.$auto$alumacc.cc:548:replace_alu$7619.slice[22].carry: CO=$auto$alumacc.cc:548:replace_alu$7619.C [22]
Optimized $__ICE40_CARRY_WRAPPER cell back to logic (without SB_CARRY) upduino_known.$auto$alumacc.cc:548:replace_alu$7619.slice[23].carry: CO=$auto$alumacc.cc:548:replace_alu$7619.C [23]
Optimized $__ICE40_CARRY_WRAPPER cell back to logic (without SB_CARRY) upduino_known.$auto$alumacc.cc:548:replace_alu$7619.slice[24].carry: CO=$auto$alumacc.cc:548:replace_alu$7619.C [24]
Optimized $__ICE40_CARRY_WRAPPER cell back to logic (without SB_CARRY) upduino_known.$auto$alumacc.cc:548:replace_alu$7619.slice[25].carry: CO=$auto$alumacc.cc:548:replace_alu$7619.C [25]
Optimized $__ICE40_CARRY_WRAPPER cell back to logic (without SB_CARRY) upduino_known.$auto$alumacc.cc:548:replace_alu$7619.slice[26].carry: CO=$auto$alumacc.cc:548:replace_alu$7619.C [26]
Optimized $__ICE40_CARRY_WRAPPER cell back to logic (without SB_CARRY) upduino_known.$auto$alumacc.cc:548:replace_alu$7619.slice[27].carry: CO=$auto$alumacc.cc:548:replace_alu$7619.C [27]
Optimized $__ICE40_CARRY_WRAPPER cell back to logic (without SB_CARRY) upduino_known.$auto$alumacc.cc:548:replace_alu$7619.slice[28].carry: CO=$auto$alumacc.cc:548:replace_alu$7619.C [28]
Optimized $__ICE40_CARRY_WRAPPER cell back to logic (without SB_CARRY) upduino_known.$auto$alumacc.cc:548:replace_alu$7619.slice[29].carry: CO=$auto$alumacc.cc:548:replace_alu$7619.C [29]
Optimized $__ICE40_CARRY_WRAPPER cell back to logic (without SB_CARRY) upduino_known.$auto$alumacc.cc:548:replace_alu$7619.slice[30].carry: CO=$auto$alumacc.cc:548:replace_alu$7619.C [30]
Optimized $__ICE40_CARRY_WRAPPER cell back to logic (without SB_CARRY) upduino_known.$auto$alumacc.cc:548:replace_alu$7619.slice[31].carry: CO=$auto$alumacc.cc:548:replace_alu$7619.C [31]
Optimized $__ICE40_CARRY_WRAPPER cell back to logic (without SB_CARRY) upduino_known.$auto$alumacc.cc:548:replace_alu$7619.slice[32].carry: CO=$auto$alumacc.cc:548:replace_alu$7619.C [32]
Optimized $__ICE40_CARRY_WRAPPER cell back to logic (without SB_CARRY) upduino_known.$auto$alumacc.cc:548:replace_alu$7622.slice[0].carry: CO=$auto$alumacc.cc:548:replace_alu$7622.BB [0]
Optimized $__ICE40_CARRY_WRAPPER cell back to logic (without SB_CARRY) upduino_known.$auto$alumacc.cc:548:replace_alu$7628.slice[0].carry: CO=$auto$alumacc.cc:548:replace_alu$7628.BB [0]
Optimized $__ICE40_CARRY_WRAPPER cell back to logic (without SB_CARRY) upduino_known.$auto$alumacc.cc:548:replace_alu$7631.slice[0].carry: CO=\system.core.retired [0]
Optimized $__ICE40_CARRY_WRAPPER cell back to logic (without SB_CARRY) upduino_known.$auto$alumacc.cc:548:replace_alu$7649.slice[0].carry: CO=\startup [0]
Optimized $__ICE40_CARRY_WRAPPER cell back to logic (without SB_CARRY) upduino_known.$auto$alumacc.cc:548:replace_alu$7652.slice[0].carry: CO=\system.core.component_base [0]
Optimized $__ICE40_CARRY_WRAPPER cell back to logic (without SB_CARRY) upduino_known.$auto$alumacc.cc:548:replace_alu$7661.slice[0].carry: CO=\system.transport.spi.edge_count [0]
Optimized $__ICE40_CARRY_WRAPPER cell back to logic (without SB_CARRY) upduino_known.$auto$alumacc.cc:548:replace_alu$7664.slice[0].carry: CO=\system.core.issued [0]
Optimized $__ICE40_CARRY_WRAPPER cell back to logic (without SB_CARRY) upduino_known.$auto$alumacc.cc:548:replace_alu$7670.slice[0].carry: CO=\system.core.point [0]
Optimized $__ICE40_CARRY_WRAPPER cell back to logic (without SB_CARRY) upduino_known.$auto$alumacc.cc:548:replace_alu$7679.slice[0].carry: CO=\system.core.cycles_power [0]
Optimized $__ICE40_CARRY_WRAPPER cell back to logic (without SB_CARRY) upduino_known.$auto$alumacc.cc:548:replace_alu$7679.slice[23].carry: CO=1'0
Optimized $__ICE40_CARRY_WRAPPER cell back to logic (without SB_CARRY) upduino_known.$auto$alumacc.cc:548:replace_alu$7682.slice[0].carry: CO=\system.core.cycles_nn [0]
Optimized $__ICE40_CARRY_WRAPPER cell back to logic (without SB_CARRY) upduino_known.$auto$alumacc.cc:548:replace_alu$7682.slice[17].carry: CO=1'0
Optimized $__ICE40_CARRY_WRAPPER cell back to logic (without SB_CARRY) upduino_known.$auto$alumacc.cc:548:replace_alu$7685.slice[0].carry: CO=\system.core.cycles_dft [0]
Optimized $__ICE40_CARRY_WRAPPER cell back to logic (without SB_CARRY) upduino_known.$auto$alumacc.cc:548:replace_alu$7685.slice[26].carry: CO=1'0
Optimized $__ICE40_CARRY_WRAPPER cell back to logic (without SB_CARRY) upduino_known.$auto$alumacc.cc:548:replace_alu$7688.slice[0].carry: CO=\system.core.cycles_pre [0]
Optimized $__ICE40_CARRY_WRAPPER cell back to logic (without SB_CARRY) upduino_known.$auto$alumacc.cc:548:replace_alu$7688.slice[19].carry: CO=1'0
Optimized $__ICE40_CARRY_WRAPPER cell back to logic (without SB_CARRY) upduino_known.$auto$alumacc.cc:548:replace_alu$7691.slice[0].carry: CO=\system.transport.polls [0]
Optimized $__ICE40_CARRY_WRAPPER cell back to logic (without SB_CARRY) upduino_known.$auto$alumacc.cc:548:replace_alu$7694.slice[0].carry: CO=\system.core.cycles_total [0]
Optimized $__ICE40_CARRY_WRAPPER cell back to logic (without SB_CARRY) upduino_known.$auto$alumacc.cc:548:replace_alu$7694.slice[27].carry: CO=1'0
Optimized $__ICE40_CARRY_WRAPPER cell back to logic (without SB_CARRY) upduino_known.$auto$alumacc.cc:548:replace_alu$7703.slice[0].carry: CO=$auto$alumacc.cc:548:replace_alu$7703.BB [0]
Optimized $__ICE40_CARRY_WRAPPER cell back to logic (without SB_CARRY) upduino_known.$auto$alumacc.cc:548:replace_alu$7703.slice[7].carry: CO=$auto$alumacc.cc:548:replace_alu$7703.C [7]
Optimized $__ICE40_CARRY_WRAPPER cell back to logic (without SB_CARRY) upduino_known.$auto$alumacc.cc:548:replace_alu$7709.slice[56].carry: CO=1'0
Optimized $__ICE40_CARRY_WRAPPER cell back to logic (without SB_CARRY) upduino_known.$auto$alumacc.cc:548:replace_alu$7712.slice[64].carry: CO=1'0
Optimized $__ICE40_CARRY_WRAPPER cell back to logic (without SB_CARRY) upduino_known.$auto$alumacc.cc:548:replace_alu$7721.slice[15].carry: CO=1'0
Optimized $__ICE40_CARRY_WRAPPER cell back to logic (without SB_CARRY) upduino_known.$auto$opt_expr.cc:1942:replace_const_cells$8274.slice[0].carry: CO=\system.controller.loaded [6]
Optimized $__ICE40_CARRY_WRAPPER cell back to logic (without SB_CARRY) upduino_known.$auto$opt_expr.cc:1942:replace_const_cells$8274.slice[13].carry: CO=1'0
Optimized $__ICE40_CARRY_WRAPPER cell back to logic (without SB_CARRY) upduino_known.$auto$opt_expr.cc:1942:replace_const_cells$8788.slice[0].carry: CO=\system.core.previous_id [0]
Optimized $__ICE40_CARRY_WRAPPER cell back to logic (without SB_CARRY) upduino_known.$auto$opt_expr.cc:1942:replace_const_cells$8788.slice[8].carry: CO=1'0

10.41.2. Executing OPT_EXPR pass (perform const folding).
Optimizing module upduino_known.
<suppressed ~70 debug messages>

10.41.3. Executing OPT_MERGE pass (detect identical cells).
Finding identical cells in module `\upduino_known'.
Computing hashes of 13049 cells of `\upduino_known'.
Finding duplicate cells in `\upduino_known'.
Computing hashes of 12994 cells of `\upduino_known'.
Finding duplicate cells in `\upduino_known'.
Computing hashes of 12957 cells of `\upduino_known'.
Finding duplicate cells in `\upduino_known'.
Computing hashes of 12945 cells of `\upduino_known'.
Finding duplicate cells in `\upduino_known'.
Computing hashes of 12933 cells of `\upduino_known'.
Finding duplicate cells in `\upduino_known'.
<suppressed ~348 debug messages>
Removed a total of 116 cells.

10.41.4. Executing OPT_DFF pass (perform DFF optimizations).
Adding SRST signal on $auto$ff.cc:337:slice$8974 ($_DFFE_PP_) from module upduino_known (D = \system.controller.generated [17], Q = \system.core.capture.ids[0] [7], rval = 1'0).
Adding SRST signal on $auto$ff.cc:337:slice$8959 ($_DFFE_PP_) from module upduino_known (D = \system.controller.generated [17], Q = \system.core.capture.ids[1] [7], rval = 1'0).
Adding SRST signal on $auto$ff.cc:337:slice$8952 ($_DFFE_PP_) from module upduino_known (D = \system.controller.generated [10], Q = \system.core.capture.ids[1] [0], rval = 1'0).
Adding SRST signal on $auto$ff.cc:337:slice$8953 ($_DFFE_PP_) from module upduino_known (D = \system.controller.generated [11], Q = \system.core.capture.ids[1] [1], rval = 1'0).
Adding SRST signal on $auto$ff.cc:337:slice$8954 ($_DFFE_PP_) from module upduino_known (D = \system.controller.generated [12], Q = \system.core.capture.ids[1] [2], rval = 1'0).
Adding SRST signal on $auto$ff.cc:337:slice$8955 ($_DFFE_PP_) from module upduino_known (D = \system.controller.generated [13], Q = \system.core.capture.ids[1] [3], rval = 1'0).
Adding SRST signal on $auto$ff.cc:337:slice$8956 ($_DFFE_PP_) from module upduino_known (D = \system.controller.generated [14], Q = \system.core.capture.ids[1] [4], rval = 1'0).
Adding SRST signal on $auto$ff.cc:337:slice$8957 ($_DFFE_PP_) from module upduino_known (D = \system.controller.generated [15], Q = \system.core.capture.ids[1] [5], rval = 1'0).
Adding SRST signal on $auto$ff.cc:337:slice$8958 ($_DFFE_PP_) from module upduino_known (D = \system.controller.generated [16], Q = \system.core.capture.ids[1] [6], rval = 1'0).
Adding SRST signal on $auto$ff.cc:337:slice$8967 ($_DFFE_PP_) from module upduino_known (D = \system.controller.generated [10], Q = \system.core.capture.ids[0] [0], rval = 1'0).
Adding SRST signal on $auto$ff.cc:337:slice$8968 ($_DFFE_PP_) from module upduino_known (D = \system.controller.generated [11], Q = \system.core.capture.ids[0] [1], rval = 1'0).
Adding SRST signal on $auto$ff.cc:337:slice$8969 ($_DFFE_PP_) from module upduino_known (D = \system.controller.generated [12], Q = \system.core.capture.ids[0] [2], rval = 1'0).
Adding SRST signal on $auto$ff.cc:337:slice$8970 ($_DFFE_PP_) from module upduino_known (D = \system.controller.generated [13], Q = \system.core.capture.ids[0] [3], rval = 1'0).
Adding SRST signal on $auto$ff.cc:337:slice$8971 ($_DFFE_PP_) from module upduino_known (D = \system.controller.generated [14], Q = \system.core.capture.ids[0] [4], rval = 1'0).
Adding SRST signal on $auto$ff.cc:337:slice$8972 ($_DFFE_PP_) from module upduino_known (D = \system.controller.generated [15], Q = \system.core.capture.ids[0] [5], rval = 1'0).
Adding SRST signal on $auto$ff.cc:337:slice$8973 ($_DFFE_PP_) from module upduino_known (D = \system.controller.generated [16], Q = \system.core.capture.ids[0] [6], rval = 1'0).
Adding SRST signal on $auto$ff.cc:337:slice$8975 ($_DFFE_PP_) from module upduino_known (D = $auto$alumacc.cc:548:replace_alu$7496.Y [0], Q = \system.core.capture.sums[1] [0], rval = 1'0).
Adding SRST signal on $auto$ff.cc:337:slice$8976 ($_DFFE_PP_) from module upduino_known (D = $auto$alumacc.cc:548:replace_alu$7496.Y [1], Q = \system.core.capture.sums[1] [1], rval = 1'0).
Adding SRST signal on $auto$ff.cc:337:slice$8977 ($_DFFE_PP_) from module upduino_known (D = $auto$alumacc.cc:548:replace_alu$7496.Y [2], Q = \system.core.capture.sums[1] [2], rval = 1'0).
Adding SRST signal on $auto$ff.cc:337:slice$8978 ($_DFFE_PP_) from module upduino_known (D = $auto$alumacc.cc:548:replace_alu$7496.Y [3], Q = \system.core.capture.sums[1] [3], rval = 1'0).
Adding SRST signal on $auto$ff.cc:337:slice$8979 ($_DFFE_PP_) from module upduino_known (D = $auto$alumacc.cc:548:replace_alu$7496.Y [4], Q = \system.core.capture.sums[1] [4], rval = 1'0).
Adding SRST signal on $auto$ff.cc:337:slice$8980 ($_DFFE_PP_) from module upduino_known (D = $auto$alumacc.cc:548:replace_alu$7496.Y [5], Q = \system.core.capture.sums[1] [5], rval = 1'0).
Adding SRST signal on $auto$ff.cc:337:slice$8981 ($_DFFE_PP_) from module upduino_known (D = $auto$alumacc.cc:548:replace_alu$7496.Y [6], Q = \system.core.capture.sums[1] [6], rval = 1'0).
Adding SRST signal on $auto$ff.cc:337:slice$8982 ($_DFFE_PP_) from module upduino_known (D = $auto$alumacc.cc:548:replace_alu$7496.Y [7], Q = \system.core.capture.sums[1] [7], rval = 1'0).
Adding SRST signal on $auto$ff.cc:337:slice$8983 ($_DFFE_PP_) from module upduino_known (D = $auto$alumacc.cc:548:replace_alu$7496.Y [8], Q = \system.core.capture.sums[1] [8], rval = 1'0).
Adding SRST signal on $auto$ff.cc:337:slice$8984 ($_DFFE_PP_) from module upduino_known (D = $auto$alumacc.cc:548:replace_alu$7496.Y [9], Q = \system.core.capture.sums[1] [9], rval = 1'0).
Adding SRST signal on $auto$ff.cc:337:slice$8985 ($_DFFE_PP_) from module upduino_known (D = $auto$alumacc.cc:548:replace_alu$7496.Y [10], Q = \system.core.capture.sums[1] [10], rval = 1'0).
Adding SRST signal on $auto$ff.cc:337:slice$8986 ($_DFFE_PP_) from module upduino_known (D = $auto$alumacc.cc:548:replace_alu$7496.Y [11], Q = \system.core.capture.sums[1] [11], rval = 1'0).
Adding SRST signal on $auto$ff.cc:337:slice$8987 ($_DFFE_PP_) from module upduino_known (D = $auto$alumacc.cc:548:replace_alu$7496.Y [12], Q = \system.core.capture.sums[1] [12], rval = 1'0).
Adding SRST signal on $auto$ff.cc:337:slice$8988 ($_DFFE_PP_) from module upduino_known (D = $auto$alumacc.cc:548:replace_alu$7496.Y [13], Q = \system.core.capture.sums[1] [13], rval = 1'0).
Adding SRST signal on $auto$ff.cc:337:slice$8989 ($_DFFE_PP_) from module upduino_known (D = $auto$alumacc.cc:548:replace_alu$7496.Y [14], Q = \system.core.capture.sums[1] [14], rval = 1'0).
Adding SRST signal on $auto$ff.cc:337:slice$8990 ($_DFFE_PP_) from module upduino_known (D = $auto$alumacc.cc:548:replace_alu$7496.Y [15], Q = \system.core.capture.sums[1] [15], rval = 1'0).
Adding SRST signal on $auto$ff.cc:337:slice$8991 ($_DFFE_PP_) from module upduino_known (D = $auto$alumacc.cc:548:replace_alu$7496.Y [16], Q = \system.core.capture.sums[1] [16], rval = 1'0).
Adding SRST signal on $auto$ff.cc:337:slice$8992 ($_DFFE_PP_) from module upduino_known (D = $auto$alumacc.cc:548:replace_alu$7496.Y [17], Q = \system.core.capture.sums[1] [17], rval = 1'0).
Adding SRST signal on $auto$ff.cc:337:slice$8993 ($_DFFE_PP_) from module upduino_known (D = $auto$alumacc.cc:548:replace_alu$7496.Y [18], Q = \system.core.capture.sums[1] [18], rval = 1'0).
Adding SRST signal on $auto$ff.cc:337:slice$8994 ($_DFFE_PP_) from module upduino_known (D = $auto$alumacc.cc:548:replace_alu$7496.Y [19], Q = \system.core.capture.sums[1] [19], rval = 1'0).
Adding SRST signal on $auto$ff.cc:337:slice$8995 ($_DFFE_PP_) from module upduino_known (D = $auto$alumacc.cc:548:replace_alu$7496.Y [20], Q = \system.core.capture.sums[1] [20], rval = 1'0).
Adding SRST signal on $auto$ff.cc:337:slice$8996 ($_DFFE_PP_) from module upduino_known (D = $auto$alumacc.cc:548:replace_alu$7496.Y [21], Q = \system.core.capture.sums[1] [21], rval = 1'0).
Adding SRST signal on $auto$ff.cc:337:slice$8997 ($_DFFE_PP_) from module upduino_known (D = $auto$alumacc.cc:548:replace_alu$7496.Y [22], Q = \system.core.capture.sums[1] [22], rval = 1'0).
Adding SRST signal on $auto$ff.cc:337:slice$8998 ($_DFFE_PP_) from module upduino_known (D = $auto$alumacc.cc:548:replace_alu$7496.Y [23], Q = \system.core.capture.sums[1] [23], rval = 1'0).
Adding SRST signal on $auto$ff.cc:337:slice$8999 ($_DFFE_PP_) from module upduino_known (D = $auto$alumacc.cc:548:replace_alu$7496.Y [24], Q = \system.core.capture.sums[1] [24], rval = 1'0).
Adding SRST signal on $auto$ff.cc:337:slice$9000 ($_DFFE_PP_) from module upduino_known (D = $auto$alumacc.cc:548:replace_alu$7496.Y [25], Q = \system.core.capture.sums[1] [25], rval = 1'0).
Adding SRST signal on $auto$ff.cc:337:slice$9007 ($_DFFE_PP_) from module upduino_known (D = $auto$alumacc.cc:548:replace_alu$7496.Y [0], Q = \system.core.capture.sums[0] [0], rval = 1'0).
Adding SRST signal on $auto$ff.cc:337:slice$9008 ($_DFFE_PP_) from module upduino_known (D = $auto$alumacc.cc:548:replace_alu$7496.Y [1], Q = \system.core.capture.sums[0] [1], rval = 1'0).
Adding SRST signal on $auto$ff.cc:337:slice$9009 ($_DFFE_PP_) from module upduino_known (D = $auto$alumacc.cc:548:replace_alu$7496.Y [2], Q = \system.core.capture.sums[0] [2], rval = 1'0).
Adding SRST signal on $auto$ff.cc:337:slice$9010 ($_DFFE_PP_) from module upduino_known (D = $auto$alumacc.cc:548:replace_alu$7496.Y [3], Q = \system.core.capture.sums[0] [3], rval = 1'0).
Adding SRST signal on $auto$ff.cc:337:slice$9011 ($_DFFE_PP_) from module upduino_known (D = $auto$alumacc.cc:548:replace_alu$7496.Y [4], Q = \system.core.capture.sums[0] [4], rval = 1'0).
Adding SRST signal on $auto$ff.cc:337:slice$9012 ($_DFFE_PP_) from module upduino_known (D = $auto$alumacc.cc:548:replace_alu$7496.Y [5], Q = \system.core.capture.sums[0] [5], rval = 1'0).
Adding SRST signal on $auto$ff.cc:337:slice$9013 ($_DFFE_PP_) from module upduino_known (D = $auto$alumacc.cc:548:replace_alu$7496.Y [6], Q = \system.core.capture.sums[0] [6], rval = 1'0).
Adding SRST signal on $auto$ff.cc:337:slice$9014 ($_DFFE_PP_) from module upduino_known (D = $auto$alumacc.cc:548:replace_alu$7496.Y [7], Q = \system.core.capture.sums[0] [7], rval = 1'0).
Adding SRST signal on $auto$ff.cc:337:slice$9015 ($_DFFE_PP_) from module upduino_known (D = $auto$alumacc.cc:548:replace_alu$7496.Y [8], Q = \system.core.capture.sums[0] [8], rval = 1'0).
Adding SRST signal on $auto$ff.cc:337:slice$9016 ($_DFFE_PP_) from module upduino_known (D = $auto$alumacc.cc:548:replace_alu$7496.Y [9], Q = \system.core.capture.sums[0] [9], rval = 1'0).
Adding SRST signal on $auto$ff.cc:337:slice$9017 ($_DFFE_PP_) from module upduino_known (D = $auto$alumacc.cc:548:replace_alu$7496.Y [10], Q = \system.core.capture.sums[0] [10], rval = 1'0).
Adding SRST signal on $auto$ff.cc:337:slice$9018 ($_DFFE_PP_) from module upduino_known (D = $auto$alumacc.cc:548:replace_alu$7496.Y [11], Q = \system.core.capture.sums[0] [11], rval = 1'0).
Adding SRST signal on $auto$ff.cc:337:slice$9019 ($_DFFE_PP_) from module upduino_known (D = $auto$alumacc.cc:548:replace_alu$7496.Y [12], Q = \system.core.capture.sums[0] [12], rval = 1'0).
Adding SRST signal on $auto$ff.cc:337:slice$9020 ($_DFFE_PP_) from module upduino_known (D = $auto$alumacc.cc:548:replace_alu$7496.Y [13], Q = \system.core.capture.sums[0] [13], rval = 1'0).
Adding SRST signal on $auto$ff.cc:337:slice$9021 ($_DFFE_PP_) from module upduino_known (D = $auto$alumacc.cc:548:replace_alu$7496.Y [14], Q = \system.core.capture.sums[0] [14], rval = 1'0).
Adding SRST signal on $auto$ff.cc:337:slice$9022 ($_DFFE_PP_) from module upduino_known (D = $auto$alumacc.cc:548:replace_alu$7496.Y [15], Q = \system.core.capture.sums[0] [15], rval = 1'0).
Adding SRST signal on $auto$ff.cc:337:slice$9023 ($_DFFE_PP_) from module upduino_known (D = $auto$alumacc.cc:548:replace_alu$7496.Y [16], Q = \system.core.capture.sums[0] [16], rval = 1'0).
Adding SRST signal on $auto$ff.cc:337:slice$9024 ($_DFFE_PP_) from module upduino_known (D = $auto$alumacc.cc:548:replace_alu$7496.Y [17], Q = \system.core.capture.sums[0] [17], rval = 1'0).
Adding SRST signal on $auto$ff.cc:337:slice$9025 ($_DFFE_PP_) from module upduino_known (D = $auto$alumacc.cc:548:replace_alu$7496.Y [18], Q = \system.core.capture.sums[0] [18], rval = 1'0).
Adding SRST signal on $auto$ff.cc:337:slice$9026 ($_DFFE_PP_) from module upduino_known (D = $auto$alumacc.cc:548:replace_alu$7496.Y [19], Q = \system.core.capture.sums[0] [19], rval = 1'0).
Adding SRST signal on $auto$ff.cc:337:slice$9027 ($_DFFE_PP_) from module upduino_known (D = $auto$alumacc.cc:548:replace_alu$7496.Y [20], Q = \system.core.capture.sums[0] [20], rval = 1'0).
Adding SRST signal on $auto$ff.cc:337:slice$9028 ($_DFFE_PP_) from module upduino_known (D = $auto$alumacc.cc:548:replace_alu$7496.Y [21], Q = \system.core.capture.sums[0] [21], rval = 1'0).
Adding SRST signal on $auto$ff.cc:337:slice$9029 ($_DFFE_PP_) from module upduino_known (D = $auto$alumacc.cc:548:replace_alu$7496.Y [22], Q = \system.core.capture.sums[0] [22], rval = 1'0).
Adding SRST signal on $auto$ff.cc:337:slice$9030 ($_DFFE_PP_) from module upduino_known (D = $auto$alumacc.cc:548:replace_alu$7496.Y [23], Q = \system.core.capture.sums[0] [23], rval = 1'0).
Adding SRST signal on $auto$ff.cc:337:slice$9031 ($_DFFE_PP_) from module upduino_known (D = $auto$alumacc.cc:548:replace_alu$7496.Y [24], Q = \system.core.capture.sums[0] [24], rval = 1'0).
Adding SRST signal on $auto$ff.cc:337:slice$9032 ($_DFFE_PP_) from module upduino_known (D = $auto$alumacc.cc:548:replace_alu$7496.Y [25], Q = \system.core.capture.sums[0] [25], rval = 1'0).
Setting constant 0-bit at position 0 on $auto$ff.cc:337:slice$9084 ($_SDFFE_PN0P_) from module upduino_known.

10.41.5. Executing OPT_CLEAN pass (remove unused cells and wires).
Finding unused cells or wires in module \upduino_known..
Removed 95 unused cells and 64 unused wires.
<suppressed ~96 debug messages>

10.41.6. Rerunning OPT passes. (Removed registers in this run.)

10.41.7. Running ICE40 specific optimizations.
Optimized $__ICE40_CARRY_WRAPPER cell back to logic (without SB_CARRY) upduino_known.$auto$maccmap.cc:240:synth$11500.slice[1].carry: CO=1'0
Optimized $__ICE40_CARRY_WRAPPER cell back to logic (without SB_CARRY) upduino_known.$auto$alumacc.cc:548:replace_alu$7619.slice[4].carry: CO=$auto$alumacc.cc:548:replace_alu$7616.P [0]
Optimized $__ICE40_CARRY_WRAPPER cell back to logic (without SB_CARRY) upduino_known.$auto$alumacc.cc:548:replace_alu$7652.slice[1].carry: CO=1'0
Optimized $__ICE40_CARRY_WRAPPER cell back to logic (without SB_CARRY) upduino_known.$auto$alumacc.cc:548:replace_alu$7655.slice[0].carry: CO=\system.core.phases[0] [0]
Optimized $__ICE40_CARRY_WRAPPER cell back to logic (without SB_CARRY) upduino_known.$auto$alumacc.cc:548:replace_alu$7658.slice[0].carry: CO=1'0

10.41.8. Executing OPT_EXPR pass (perform const folding).
Optimizing module upduino_known.
<suppressed ~43 debug messages>

10.41.9. Executing OPT_MERGE pass (detect identical cells).
Finding identical cells in module `\upduino_known'.
Computing hashes of 12794 cells of `\upduino_known'.
Finding duplicate cells in `\upduino_known'.
Removed a total of 0 cells.

10.41.10. Executing OPT_DFF pass (perform DFF optimizations).
Adding SRST signal on $auto$ff.cc:337:slice$9048 ($_DFFE_PP_) from module upduino_known (D = $auto$alumacc.cc:548:replace_alu$7655.Y [8], Q = \system.core.phases[0] [8], rval = 1'0).
Adding SRST signal on $auto$ff.cc:337:slice$9039 ($_DFFE_PP_) from module upduino_known (D = $auto$alumacc.cc:548:replace_alu$7646.Y [8], Q = \system.core.phases[2] [8], rval = 1'0).

10.41.11. Executing OPT_CLEAN pass (remove unused cells and wires).
Finding unused cells or wires in module \upduino_known..
Removed 2 unused cells and 29 unused wires.
<suppressed ~3 debug messages>

10.41.12. Rerunning OPT passes. (Removed registers in this run.)

10.41.13. Running ICE40 specific optimizations.
Optimized $__ICE40_CARRY_WRAPPER cell back to logic (without SB_CARRY) upduino_known.$auto$maccmap.cc:240:synth$11500.slice[2].carry: CO=1'0
Optimized $__ICE40_CARRY_WRAPPER cell back to logic (without SB_CARRY) upduino_known.$auto$alumacc.cc:548:replace_alu$7652.slice[2].carry: CO=1'0
Optimized $__ICE40_CARRY_WRAPPER cell back to logic (without SB_CARRY) upduino_known.$auto$alumacc.cc:548:replace_alu$7658.slice[1].carry: CO=1'0

10.41.14. Executing OPT_EXPR pass (perform const folding).
Optimizing module upduino_known.

10.41.15. Executing OPT_MERGE pass (detect identical cells).
Finding identical cells in module `\upduino_known'.
Computing hashes of 12792 cells of `\upduino_known'.
Finding duplicate cells in `\upduino_known'.
Removed a total of 0 cells.

10.41.16. Executing OPT_DFF pass (perform DFF optimizations).

10.41.17. Executing OPT_CLEAN pass (remove unused cells and wires).
Finding unused cells or wires in module \upduino_known..

10.41.18. Rerunning OPT passes. (Removed registers in this run.)

10.41.19. Running ICE40 specific optimizations.
Optimized $__ICE40_CARRY_WRAPPER cell back to logic (without SB_CARRY) upduino_known.$auto$maccmap.cc:240:synth$11500.slice[3].carry: CO=1'0
Optimized $__ICE40_CARRY_WRAPPER cell back to logic (without SB_CARRY) upduino_known.$auto$alumacc.cc:548:replace_alu$7652.slice[3].carry: CO=1'0
Optimized $__ICE40_CARRY_WRAPPER cell back to logic (without SB_CARRY) upduino_known.$auto$alumacc.cc:548:replace_alu$7658.slice[2].carry: CO=1'0

10.41.20. Executing OPT_EXPR pass (perform const folding).
Optimizing module upduino_known.

10.41.21. Executing OPT_MERGE pass (detect identical cells).
Finding identical cells in module `\upduino_known'.
Computing hashes of 12792 cells of `\upduino_known'.
Finding duplicate cells in `\upduino_known'.
Computing hashes of 12791 cells of `\upduino_known'.
Finding duplicate cells in `\upduino_known'.
<suppressed ~3 debug messages>
Removed a total of 1 cells.

10.41.22. Executing OPT_DFF pass (perform DFF optimizations).

10.41.23. Executing OPT_CLEAN pass (remove unused cells and wires).
Finding unused cells or wires in module \upduino_known..

10.41.24. Rerunning OPT passes. (Removed registers in this run.)

10.41.25. Running ICE40 specific optimizations.
Optimized $__ICE40_CARRY_WRAPPER cell back to logic (without SB_CARRY) upduino_known.$auto$maccmap.cc:240:synth$11500.slice[4].carry: CO=1'0
Optimized $__ICE40_CARRY_WRAPPER cell back to logic (without SB_CARRY) upduino_known.$auto$alumacc.cc:548:replace_alu$7652.slice[4].carry: CO=1'0
Optimized $__ICE40_CARRY_WRAPPER cell back to logic (without SB_CARRY) upduino_known.$auto$alumacc.cc:548:replace_alu$7658.slice[3].carry: CO=1'0

10.41.26. Executing OPT_EXPR pass (perform const folding).
Optimizing module upduino_known.

10.41.27. Executing OPT_MERGE pass (detect identical cells).
Finding identical cells in module `\upduino_known'.
Computing hashes of 12791 cells of `\upduino_known'.
Finding duplicate cells in `\upduino_known'.
Computing hashes of 12790 cells of `\upduino_known'.
Finding duplicate cells in `\upduino_known'.
<suppressed ~3 debug messages>
Removed a total of 1 cells.

10.41.28. Executing OPT_DFF pass (perform DFF optimizations).

10.41.29. Executing OPT_CLEAN pass (remove unused cells and wires).
Finding unused cells or wires in module \upduino_known..

10.41.30. Rerunning OPT passes. (Removed registers in this run.)

10.41.31. Running ICE40 specific optimizations.
Optimized $__ICE40_CARRY_WRAPPER cell back to logic (without SB_CARRY) upduino_known.$auto$maccmap.cc:240:synth$11500.slice[5].carry: CO=1'0
Optimized $__ICE40_CARRY_WRAPPER cell back to logic (without SB_CARRY) upduino_known.$auto$alumacc.cc:548:replace_alu$7652.slice[5].carry: CO=1'0
Optimized $__ICE40_CARRY_WRAPPER cell back to logic (without SB_CARRY) upduino_known.$auto$alumacc.cc:548:replace_alu$7658.slice[4].carry: CO=1'0

10.41.32. Executing OPT_EXPR pass (perform const folding).
Optimizing module upduino_known.

10.41.33. Executing OPT_MERGE pass (detect identical cells).
Finding identical cells in module `\upduino_known'.
Computing hashes of 12790 cells of `\upduino_known'.
Finding duplicate cells in `\upduino_known'.
Computing hashes of 12789 cells of `\upduino_known'.
Finding duplicate cells in `\upduino_known'.
<suppressed ~3 debug messages>
Removed a total of 1 cells.

10.41.34. Executing OPT_DFF pass (perform DFF optimizations).

10.41.35. Executing OPT_CLEAN pass (remove unused cells and wires).
Finding unused cells or wires in module \upduino_known..

10.41.36. Rerunning OPT passes. (Removed registers in this run.)

10.41.37. Running ICE40 specific optimizations.
Optimized $__ICE40_CARRY_WRAPPER cell back to logic (without SB_CARRY) upduino_known.$auto$maccmap.cc:240:synth$11500.slice[6].carry: CO=1'0
Optimized $__ICE40_CARRY_WRAPPER cell back to logic (without SB_CARRY) upduino_known.$auto$alumacc.cc:548:replace_alu$7652.slice[6].carry: CO=1'0
Optimized $__ICE40_CARRY_WRAPPER cell back to logic (without SB_CARRY) upduino_known.$auto$alumacc.cc:548:replace_alu$7658.slice[5].carry: CO=1'0

10.41.38. Executing OPT_EXPR pass (perform const folding).
Optimizing module upduino_known.

10.41.39. Executing OPT_MERGE pass (detect identical cells).
Finding identical cells in module `\upduino_known'.
Computing hashes of 12789 cells of `\upduino_known'.
Finding duplicate cells in `\upduino_known'.
Computing hashes of 12788 cells of `\upduino_known'.
Finding duplicate cells in `\upduino_known'.
<suppressed ~3 debug messages>
Removed a total of 1 cells.

10.41.40. Executing OPT_DFF pass (perform DFF optimizations).

10.41.41. Executing OPT_CLEAN pass (remove unused cells and wires).
Finding unused cells or wires in module \upduino_known..

10.41.42. Rerunning OPT passes. (Removed registers in this run.)

10.41.43. Running ICE40 specific optimizations.
Optimized $__ICE40_CARRY_WRAPPER cell back to logic (without SB_CARRY) upduino_known.$auto$maccmap.cc:240:synth$11500.slice[7].carry: CO=1'0
Optimized $__ICE40_CARRY_WRAPPER cell back to logic (without SB_CARRY) upduino_known.$auto$alumacc.cc:548:replace_alu$7652.slice[7].carry: CO=1'0
Optimized $__ICE40_CARRY_WRAPPER cell back to logic (without SB_CARRY) upduino_known.$auto$alumacc.cc:548:replace_alu$7658.slice[6].carry: CO=1'0

10.41.44. Executing OPT_EXPR pass (perform const folding).
Optimizing module upduino_known.

10.41.45. Executing OPT_MERGE pass (detect identical cells).
Finding identical cells in module `\upduino_known'.
Computing hashes of 12788 cells of `\upduino_known'.
Finding duplicate cells in `\upduino_known'.
Computing hashes of 12787 cells of `\upduino_known'.
Finding duplicate cells in `\upduino_known'.
<suppressed ~3 debug messages>
Removed a total of 1 cells.

10.41.46. Executing OPT_DFF pass (perform DFF optimizations).

10.41.47. Executing OPT_CLEAN pass (remove unused cells and wires).
Finding unused cells or wires in module \upduino_known..

10.41.48. Rerunning OPT passes. (Removed registers in this run.)

10.41.49. Running ICE40 specific optimizations.
Optimized $__ICE40_CARRY_WRAPPER cell back to logic (without SB_CARRY) upduino_known.$auto$maccmap.cc:240:synth$11500.slice[8].carry: CO=1'0
Optimized $__ICE40_CARRY_WRAPPER cell back to logic (without SB_CARRY) upduino_known.$auto$alumacc.cc:548:replace_alu$7652.slice[8].carry: CO=1'0
Optimized $__ICE40_CARRY_WRAPPER cell back to logic (without SB_CARRY) upduino_known.$auto$alumacc.cc:548:replace_alu$7658.slice[7].carry: CO=1'0

10.41.50. Executing OPT_EXPR pass (perform const folding).
Optimizing module upduino_known.

10.41.51. Executing OPT_MERGE pass (detect identical cells).
Finding identical cells in module `\upduino_known'.
Computing hashes of 12787 cells of `\upduino_known'.
Finding duplicate cells in `\upduino_known'.
Computing hashes of 12786 cells of `\upduino_known'.
Finding duplicate cells in `\upduino_known'.
<suppressed ~3 debug messages>
Removed a total of 1 cells.

10.41.52. Executing OPT_DFF pass (perform DFF optimizations).

10.41.53. Executing OPT_CLEAN pass (remove unused cells and wires).
Finding unused cells or wires in module \upduino_known..
Removed 0 unused cells and 1 unused wires.
<suppressed ~1 debug messages>

10.41.54. Rerunning OPT passes. (Removed registers in this run.)

10.41.55. Running ICE40 specific optimizations.
Optimized $__ICE40_CARRY_WRAPPER cell back to logic (without SB_CARRY) upduino_known.$auto$maccmap.cc:240:synth$11500.slice[9].carry: CO=1'0
Optimized $__ICE40_CARRY_WRAPPER cell back to logic (without SB_CARRY) upduino_known.$auto$alumacc.cc:548:replace_alu$7652.slice[9].carry: CO=1'0
Optimized $__ICE40_CARRY_WRAPPER cell back to logic (without SB_CARRY) upduino_known.$auto$alumacc.cc:548:replace_alu$7658.slice[8].carry: CO=1'0

10.41.56. Executing OPT_EXPR pass (perform const folding).
Optimizing module upduino_known.

10.41.57. Executing OPT_MERGE pass (detect identical cells).
Finding identical cells in module `\upduino_known'.
Computing hashes of 12786 cells of `\upduino_known'.
Finding duplicate cells in `\upduino_known'.
Computing hashes of 12785 cells of `\upduino_known'.
Finding duplicate cells in `\upduino_known'.
<suppressed ~3 debug messages>
Removed a total of 1 cells.

10.41.58. Executing OPT_DFF pass (perform DFF optimizations).

10.41.59. Executing OPT_CLEAN pass (remove unused cells and wires).
Finding unused cells or wires in module \upduino_known..
Removed 0 unused cells and 2 unused wires.
<suppressed ~1 debug messages>

10.41.60. Rerunning OPT passes. (Removed registers in this run.)

10.41.61. Running ICE40 specific optimizations.
Optimized $__ICE40_CARRY_WRAPPER cell back to logic (without SB_CARRY) upduino_known.$auto$maccmap.cc:240:synth$11500.slice[10].carry: CO=1'0
Optimized $__ICE40_CARRY_WRAPPER cell back to logic (without SB_CARRY) upduino_known.$auto$alumacc.cc:548:replace_alu$7658.slice[9].carry: CO=1'0

10.41.62. Executing OPT_EXPR pass (perform const folding).
Optimizing module upduino_known.

10.41.63. Executing OPT_MERGE pass (detect identical cells).
Finding identical cells in module `\upduino_known'.
Computing hashes of 12785 cells of `\upduino_known'.
Finding duplicate cells in `\upduino_known'.
Computing hashes of 12784 cells of `\upduino_known'.
Finding duplicate cells in `\upduino_known'.
<suppressed ~3 debug messages>
Removed a total of 1 cells.

10.41.64. Executing OPT_DFF pass (perform DFF optimizations).

10.41.65. Executing OPT_CLEAN pass (remove unused cells and wires).
Finding unused cells or wires in module \upduino_known..
Removed 0 unused cells and 1 unused wires.
<suppressed ~1 debug messages>

10.41.66. Rerunning OPT passes. (Removed registers in this run.)

10.41.67. Running ICE40 specific optimizations.
Optimized $__ICE40_CARRY_WRAPPER cell back to logic (without SB_CARRY) upduino_known.$auto$maccmap.cc:240:synth$11500.slice[11].carry: CO=1'0

10.41.68. Executing OPT_EXPR pass (perform const folding).
Optimizing module upduino_known.

10.41.69. Executing OPT_MERGE pass (detect identical cells).
Finding identical cells in module `\upduino_known'.
Computing hashes of 12784 cells of `\upduino_known'.
Finding duplicate cells in `\upduino_known'.
Removed a total of 0 cells.

10.41.70. Executing OPT_DFF pass (perform DFF optimizations).

10.41.71. Executing OPT_CLEAN pass (remove unused cells and wires).
Finding unused cells or wires in module \upduino_known..

10.41.72. Rerunning OPT passes. (Removed registers in this run.)

10.41.73. Running ICE40 specific optimizations.
Optimized $__ICE40_CARRY_WRAPPER cell back to logic (without SB_CARRY) upduino_known.$auto$maccmap.cc:240:synth$11500.slice[12].carry: CO=1'0

10.41.74. Executing OPT_EXPR pass (perform const folding).
Optimizing module upduino_known.

10.41.75. Executing OPT_MERGE pass (detect identical cells).
Finding identical cells in module `\upduino_known'.
Computing hashes of 12784 cells of `\upduino_known'.
Finding duplicate cells in `\upduino_known'.
Removed a total of 0 cells.

10.41.76. Executing OPT_DFF pass (perform DFF optimizations).

10.41.77. Executing OPT_CLEAN pass (remove unused cells and wires).
Finding unused cells or wires in module \upduino_known..

10.41.78. Rerunning OPT passes. (Removed registers in this run.)

10.41.79. Running ICE40 specific optimizations.
Optimized $__ICE40_CARRY_WRAPPER cell back to logic (without SB_CARRY) upduino_known.$auto$maccmap.cc:240:synth$11500.slice[13].carry: CO=1'0

10.41.80. Executing OPT_EXPR pass (perform const folding).
Optimizing module upduino_known.

10.41.81. Executing OPT_MERGE pass (detect identical cells).
Finding identical cells in module `\upduino_known'.
Computing hashes of 12784 cells of `\upduino_known'.
Finding duplicate cells in `\upduino_known'.
Removed a total of 0 cells.

10.41.82. Executing OPT_DFF pass (perform DFF optimizations).

10.41.83. Executing OPT_CLEAN pass (remove unused cells and wires).
Finding unused cells or wires in module \upduino_known..

10.41.84. Rerunning OPT passes. (Removed registers in this run.)

10.41.85. Running ICE40 specific optimizations.
Optimized $__ICE40_CARRY_WRAPPER cell back to logic (without SB_CARRY) upduino_known.$auto$maccmap.cc:240:synth$11500.slice[14].carry: CO=1'0

10.41.86. Executing OPT_EXPR pass (perform const folding).
Optimizing module upduino_known.

10.41.87. Executing OPT_MERGE pass (detect identical cells).
Finding identical cells in module `\upduino_known'.
Computing hashes of 12784 cells of `\upduino_known'.
Finding duplicate cells in `\upduino_known'.
Removed a total of 0 cells.

10.41.88. Executing OPT_DFF pass (perform DFF optimizations).

10.41.89. Executing OPT_CLEAN pass (remove unused cells and wires).
Finding unused cells or wires in module \upduino_known..

10.41.90. Rerunning OPT passes. (Removed registers in this run.)

10.41.91. Running ICE40 specific optimizations.
Optimized $__ICE40_CARRY_WRAPPER cell back to logic (without SB_CARRY) upduino_known.$auto$maccmap.cc:240:synth$11500.slice[15].carry: CO=1'0

10.41.92. Executing OPT_EXPR pass (perform const folding).
Optimizing module upduino_known.

10.41.93. Executing OPT_MERGE pass (detect identical cells).
Finding identical cells in module `\upduino_known'.
Computing hashes of 12784 cells of `\upduino_known'.
Finding duplicate cells in `\upduino_known'.
Removed a total of 0 cells.

10.41.94. Executing OPT_DFF pass (perform DFF optimizations).

10.41.95. Executing OPT_CLEAN pass (remove unused cells and wires).
Finding unused cells or wires in module \upduino_known..

10.41.96. Rerunning OPT passes. (Removed registers in this run.)

10.41.97. Running ICE40 specific optimizations.
Optimized $__ICE40_CARRY_WRAPPER cell back to logic (without SB_CARRY) upduino_known.$auto$maccmap.cc:240:synth$11500.slice[16].carry: CO=1'0

10.41.98. Executing OPT_EXPR pass (perform const folding).
Optimizing module upduino_known.

10.41.99. Executing OPT_MERGE pass (detect identical cells).
Finding identical cells in module `\upduino_known'.
Computing hashes of 12784 cells of `\upduino_known'.
Finding duplicate cells in `\upduino_known'.
Removed a total of 0 cells.

10.41.100. Executing OPT_DFF pass (perform DFF optimizations).

10.41.101. Executing OPT_CLEAN pass (remove unused cells and wires).
Finding unused cells or wires in module \upduino_known..

10.41.102. Rerunning OPT passes. (Removed registers in this run.)

10.41.103. Running ICE40 specific optimizations.

10.41.104. Executing OPT_EXPR pass (perform const folding).
Optimizing module upduino_known.

10.41.105. Executing OPT_MERGE pass (detect identical cells).
Finding identical cells in module `\upduino_known'.
Computing hashes of 12784 cells of `\upduino_known'.
Finding duplicate cells in `\upduino_known'.
Removed a total of 0 cells.

10.41.106. Executing OPT_DFF pass (perform DFF optimizations).

10.41.107. Executing OPT_CLEAN pass (remove unused cells and wires).
Finding unused cells or wires in module \upduino_known..

10.41.108. Finished OPT passes. (There is nothing left to do.)

10.42. Executing DFFLEGALIZE pass (convert FFs and LATCHes to types supported by the target).

10.43. Executing TECHMAP pass (map to technology primitives).

10.43.1. Executing Verilog-2005 frontend: PROJECT_ROOT/.tools/oss-cad-suite/libexec/../share/yosys/ice40/ff_map.v
Parsing Verilog input from `PROJECT_ROOT/.tools/oss-cad-suite/libexec/../share/yosys/ice40/ff_map.v' to AST representation.
Generating RTLIL representation for module `$_DFF_N_'.
Generating RTLIL representation for module `$_DFF_P_'.
Generating RTLIL representation for module `$_DFFE_NP_'.
Generating RTLIL representation for module `$_DFFE_PP_'.
Generating RTLIL representation for module `$_DFF_NP0_'.
Generating RTLIL representation for module `$_DFF_NP1_'.
Generating RTLIL representation for module `$_DFF_PP0_'.
Generating RTLIL representation for module `$_DFF_PP1_'.
Generating RTLIL representation for module `$_DFFE_NP0P_'.
Generating RTLIL representation for module `$_DFFE_NP1P_'.
Generating RTLIL representation for module `$_DFFE_PP0P_'.
Generating RTLIL representation for module `$_DFFE_PP1P_'.
Generating RTLIL representation for module `$_SDFF_NP0_'.
Generating RTLIL representation for module `$_SDFF_NP1_'.
Generating RTLIL representation for module `$_SDFF_PP0_'.
Generating RTLIL representation for module `$_SDFF_PP1_'.
Generating RTLIL representation for module `$_SDFFCE_NP0P_'.
Generating RTLIL representation for module `$_SDFFCE_NP1P_'.
Generating RTLIL representation for module `$_SDFFCE_PP0P_'.
Generating RTLIL representation for module `$_SDFFCE_PP1P_'.
Successfully finished Verilog frontend.

10.43.2. Continuing TECHMAP pass.
Using template $_SDFFCE_PP0P_ for cells of type $_SDFFCE_PP0P_.
Using template $_SDFF_PP0_ for cells of type $_SDFF_PP0_.
Using template $_DFF_P_ for cells of type $_DFF_P_.
Using template $_DFFE_PP_ for cells of type $_DFFE_PP_.
Using template $_SDFFCE_PP1P_ for cells of type $_SDFFCE_PP1P_.
No more expansions possible.
<suppressed ~1736 debug messages>

10.44. Executing OPT_EXPR pass (perform const folding).
Optimizing module upduino_known.
<suppressed ~274 debug messages>

10.45. Executing SIMPLEMAP pass (map simple cells to gate primitives).
Mapping upduino_known.$auto$alumacc.cc:548:replace_alu$7456.slice[0].carry ($lut).
Mapping upduino_known.$auto$alumacc.cc:548:replace_alu$7456.slice[19].carry ($lut).
Mapping upduino_known.$auto$alumacc.cc:548:replace_alu$7469.slice[0].carry ($lut).
Mapping upduino_known.$auto$alumacc.cc:548:replace_alu$7469.slice[15].carry ($lut).
Mapping upduino_known.$auto$alumacc.cc:548:replace_alu$7472.slice[0].carry ($lut).
Mapping upduino_known.$auto$alumacc.cc:548:replace_alu$7472.slice[15].carry ($lut).
Mapping upduino_known.$auto$alumacc.cc:548:replace_alu$7475.slice[0].carry ($lut).
Mapping upduino_known.$auto$alumacc.cc:548:replace_alu$7475.slice[15].carry ($lut).
Mapping upduino_known.$auto$alumacc.cc:548:replace_alu$7478.slice[0].carry ($lut).
Mapping upduino_known.$auto$alumacc.cc:548:replace_alu$7478.slice[15].carry ($lut).
Mapping upduino_known.$auto$alumacc.cc:548:replace_alu$7490.slice[0].carry ($lut).
Mapping upduino_known.$auto$alumacc.cc:548:replace_alu$7493.slice[0].carry ($lut).
Mapping upduino_known.$auto$alumacc.cc:548:replace_alu$7502.slice[0].carry ($lut).
Mapping upduino_known.$auto$alumacc.cc:548:replace_alu$7505.slice[0].carry ($lut).
Mapping upduino_known.$auto$alumacc.cc:548:replace_alu$7508.slice[0].carry ($lut).
Mapping upduino_known.$auto$alumacc.cc:548:replace_alu$7511.slice[0].carry ($lut).
Mapping upduino_known.$auto$alumacc.cc:548:replace_alu$7514.slice[0].carry ($lut).
Mapping upduino_known.$auto$alumacc.cc:548:replace_alu$7517.slice[0].carry ($lut).
Mapping upduino_known.$auto$alumacc.cc:548:replace_alu$7520.slice[0].carry ($lut).
Mapping upduino_known.$auto$alumacc.cc:548:replace_alu$7523.slice[0].carry ($lut).
Mapping upduino_known.$auto$alumacc.cc:548:replace_alu$7526.slice[0].carry ($lut).
Mapping upduino_known.$auto$alumacc.cc:548:replace_alu$7529.slice[0].carry ($lut).
Mapping upduino_known.$auto$alumacc.cc:548:replace_alu$7532.slice[0].carry ($lut).
Mapping upduino_known.$auto$alumacc.cc:548:replace_alu$7535.slice[0].carry ($lut).
Mapping upduino_known.$auto$alumacc.cc:548:replace_alu$7556.slice[22].carry ($lut).
Mapping upduino_known.$auto$alumacc.cc:548:replace_alu$7559.slice[0].carry ($lut).
Mapping upduino_known.$auto$alumacc.cc:548:replace_alu$7562.slice[16].carry ($lut).
Mapping upduino_known.$auto$alumacc.cc:548:replace_alu$7565.slice[0].carry ($lut).
Mapping upduino_known.$auto$alumacc.cc:548:replace_alu$7568.slice[0].carry ($lut).
Mapping upduino_known.$auto$alumacc.cc:548:replace_alu$7577.slice[0].carry ($lut).
Mapping upduino_known.$auto$alumacc.cc:548:replace_alu$7592.slice[0].carry ($lut).
Mapping upduino_known.$auto$alumacc.cc:548:replace_alu$7595.slice[0].carry ($lut).
Mapping upduino_known.$auto$alumacc.cc:548:replace_alu$7595.slice[9].carry ($lut).
Mapping upduino_known.$auto$alumacc.cc:548:replace_alu$7604.slice[0].carry ($lut).
Mapping upduino_known.$auto$alumacc.cc:548:replace_alu$7610.slice[0].carry ($lut).
Mapping upduino_known.$auto$alumacc.cc:548:replace_alu$7613.slice[0].carry ($lut).
Mapping upduino_known.$auto$alumacc.cc:548:replace_alu$7619.slice[0].carry ($lut).
Mapping upduino_known.$auto$alumacc.cc:548:replace_alu$7619.slice[4].carry ($lut).
Mapping upduino_known.$auto$alumacc.cc:548:replace_alu$7619.slice[6].carry ($lut).
Mapping upduino_known.$auto$alumacc.cc:548:replace_alu$7622.slice[0].carry ($lut).
Mapping upduino_known.$auto$alumacc.cc:548:replace_alu$7628.slice[0].carry ($lut).
Mapping upduino_known.$auto$alumacc.cc:548:replace_alu$7631.slice[0].carry ($lut).
Mapping upduino_known.$auto$alumacc.cc:548:replace_alu$7649.slice[0].carry ($lut).
Mapping upduino_known.$auto$alumacc.cc:548:replace_alu$7652.slice[0].carry ($lut).
Mapping upduino_known.$auto$alumacc.cc:548:replace_alu$7652.slice[1].carry ($lut).
Mapping upduino_known.$auto$alumacc.cc:548:replace_alu$7652.slice[2].carry ($lut).
Mapping upduino_known.$auto$alumacc.cc:548:replace_alu$7652.slice[3].carry ($lut).
Mapping upduino_known.$auto$alumacc.cc:548:replace_alu$7652.slice[4].carry ($lut).
Mapping upduino_known.$auto$alumacc.cc:548:replace_alu$7652.slice[5].carry ($lut).
Mapping upduino_known.$auto$alumacc.cc:548:replace_alu$7652.slice[6].carry ($lut).
Mapping upduino_known.$auto$alumacc.cc:548:replace_alu$7652.slice[7].carry ($lut).
Mapping upduino_known.$auto$alumacc.cc:548:replace_alu$7652.slice[8].carry ($lut).
Mapping upduino_known.$auto$alumacc.cc:548:replace_alu$7652.slice[9].carry ($lut).
Mapping upduino_known.$auto$alumacc.cc:548:replace_alu$7655.slice[0].carry ($lut).
Mapping upduino_known.$auto$alumacc.cc:548:replace_alu$7658.slice[0].carry ($lut).
Mapping upduino_known.$auto$alumacc.cc:548:replace_alu$7658.slice[1].carry ($lut).
Mapping upduino_known.$auto$alumacc.cc:548:replace_alu$7661.slice[0].carry ($lut).
Mapping upduino_known.$auto$alumacc.cc:548:replace_alu$7664.slice[0].carry ($lut).
Mapping upduino_known.$auto$alumacc.cc:548:replace_alu$7670.slice[0].carry ($lut).
Mapping upduino_known.$auto$alumacc.cc:548:replace_alu$7679.slice[0].carry ($lut).
Mapping upduino_known.$auto$alumacc.cc:548:replace_alu$7679.slice[23].carry ($lut).
Mapping upduino_known.$auto$alumacc.cc:548:replace_alu$7682.slice[0].carry ($lut).
Mapping upduino_known.$auto$alumacc.cc:548:replace_alu$7682.slice[17].carry ($lut).
Mapping upduino_known.$auto$alumacc.cc:548:replace_alu$7685.slice[0].carry ($lut).
Mapping upduino_known.$auto$alumacc.cc:548:replace_alu$7685.slice[26].carry ($lut).
Mapping upduino_known.$auto$alumacc.cc:548:replace_alu$7688.slice[0].carry ($lut).
Mapping upduino_known.$auto$alumacc.cc:548:replace_alu$7688.slice[19].carry ($lut).
Mapping upduino_known.$auto$alumacc.cc:548:replace_alu$7691.slice[0].carry ($lut).
Mapping upduino_known.$auto$alumacc.cc:548:replace_alu$7694.slice[0].carry ($lut).
Mapping upduino_known.$auto$alumacc.cc:548:replace_alu$7694.slice[27].carry ($lut).
Mapping upduino_known.$auto$alumacc.cc:548:replace_alu$7703.slice[0].carry ($lut).
Mapping upduino_known.$auto$alumacc.cc:548:replace_alu$7703.slice[7].carry ($lut).
Mapping upduino_known.$auto$alumacc.cc:548:replace_alu$7709.slice[56].carry ($lut).
Mapping upduino_known.$auto$alumacc.cc:548:replace_alu$7712.slice[64].carry ($lut).
Mapping upduino_known.$auto$alumacc.cc:548:replace_alu$7721.slice[15].carry ($lut).
Mapping upduino_known.$auto$maccmap.cc:240:synth$11500.slice[0].carry ($lut).
Mapping upduino_known.$auto$maccmap.cc:240:synth$11500.slice[10].carry ($lut).
Mapping upduino_known.$auto$maccmap.cc:240:synth$11500.slice[11].carry ($lut).
Mapping upduino_known.$auto$maccmap.cc:240:synth$11500.slice[12].carry ($lut).
Mapping upduino_known.$auto$maccmap.cc:240:synth$11500.slice[13].carry ($lut).
Mapping upduino_known.$auto$maccmap.cc:240:synth$11500.slice[14].carry ($lut).
Mapping upduino_known.$auto$maccmap.cc:240:synth$11500.slice[15].carry ($lut).
Mapping upduino_known.$auto$maccmap.cc:240:synth$11500.slice[16].carry ($lut).
Mapping upduino_known.$auto$maccmap.cc:240:synth$11500.slice[1].carry ($lut).
Mapping upduino_known.$auto$maccmap.cc:240:synth$11500.slice[2].carry ($lut).
Mapping upduino_known.$auto$maccmap.cc:240:synth$11500.slice[3].carry ($lut).
Mapping upduino_known.$auto$maccmap.cc:240:synth$11500.slice[4].carry ($lut).
Mapping upduino_known.$auto$maccmap.cc:240:synth$11500.slice[5].carry ($lut).
Mapping upduino_known.$auto$maccmap.cc:240:synth$11500.slice[6].carry ($lut).
Mapping upduino_known.$auto$maccmap.cc:240:synth$11500.slice[7].carry ($lut).
Mapping upduino_known.$auto$maccmap.cc:240:synth$11500.slice[8].carry ($lut).
Mapping upduino_known.$auto$maccmap.cc:240:synth$11500.slice[9].carry ($lut).
Mapping upduino_known.$auto$maccmap.cc:240:synth$11504.slice[0].carry ($lut).
Mapping upduino_known.$auto$opt_expr.cc:1942:replace_const_cells$8274.slice[0].carry ($lut).
Mapping upduino_known.$auto$opt_expr.cc:1942:replace_const_cells$8274.slice[13].carry ($lut).
Mapping upduino_known.$auto$opt_expr.cc:1942:replace_const_cells$8788.slice[0].carry ($lut).
Mapping upduino_known.$auto$opt_expr.cc:1942:replace_const_cells$8788.slice[8].carry ($lut).

10.46. Executing ICE40_OPT pass (performing simple optimizations).

10.46.1. Running ICE40 specific optimizations.

10.46.2. Executing OPT_EXPR pass (perform const folding).
Optimizing module upduino_known.
<suppressed ~2286 debug messages>

10.46.3. Executing OPT_MERGE pass (detect identical cells).
Finding identical cells in module `\upduino_known'.
Computing hashes of 14323 cells of `\upduino_known'.
Finding duplicate cells in `\upduino_known'.
Computing hashes of 12479 cells of `\upduino_known'.
Finding duplicate cells in `\upduino_known'.
Computing hashes of 12414 cells of `\upduino_known'.
Finding duplicate cells in `\upduino_known'.
Computing hashes of 12358 cells of `\upduino_known'.
Finding duplicate cells in `\upduino_known'.
Computing hashes of 12302 cells of `\upduino_known'.
Finding duplicate cells in `\upduino_known'.
<suppressed ~6063 debug messages>
Removed a total of 2021 cells.

10.46.4. Executing OPT_DFF pass (perform DFF optimizations).

10.46.5. Executing OPT_CLEAN pass (remove unused cells and wires).
Finding unused cells or wires in module \upduino_known..
Removed 10 unused cells and 11985 unused wires.
<suppressed ~11 debug messages>

10.46.6. Rerunning OPT passes. (Removed registers in this run.)

10.46.7. Running ICE40 specific optimizations.
Optimized $__ICE40_CARRY_WRAPPER cell back to logic (without SB_CARRY) upduino_known.$auto$alumacc.cc:548:replace_alu$7646.slice[0].carry: CO=1'1

10.46.8. Executing OPT_EXPR pass (perform const folding).
Optimizing module upduino_known.
<suppressed ~50 debug messages>

10.46.9. Executing OPT_MERGE pass (detect identical cells).
Finding identical cells in module `\upduino_known'.
Computing hashes of 12290 cells of `\upduino_known'.
Finding duplicate cells in `\upduino_known'.
Computing hashes of 12287 cells of `\upduino_known'.
Finding duplicate cells in `\upduino_known'.
Computing hashes of 12283 cells of `\upduino_known'.
Finding duplicate cells in `\upduino_known'.
Computing hashes of 12280 cells of `\upduino_known'.
Finding duplicate cells in `\upduino_known'.
Computing hashes of 12278 cells of `\upduino_known'.
Finding duplicate cells in `\upduino_known'.
<suppressed ~36 debug messages>
Removed a total of 12 cells.

10.46.10. Executing OPT_DFF pass (perform DFF optimizations).

10.46.11. Executing OPT_CLEAN pass (remove unused cells and wires).
Finding unused cells or wires in module \upduino_known..

10.46.12. Rerunning OPT passes. (Removed registers in this run.)

10.46.13. Running ICE40 specific optimizations.

10.46.14. Executing OPT_EXPR pass (perform const folding).
Optimizing module upduino_known.

10.46.15. Executing OPT_MERGE pass (detect identical cells).
Finding identical cells in module `\upduino_known'.
Computing hashes of 12278 cells of `\upduino_known'.
Finding duplicate cells in `\upduino_known'.
Removed a total of 0 cells.

10.46.16. Executing OPT_DFF pass (perform DFF optimizations).

10.46.17. Executing OPT_CLEAN pass (remove unused cells and wires).
Finding unused cells or wires in module \upduino_known..

10.46.18. Finished OPT passes. (There is nothing left to do.)

10.47. Executing CHECK pass (checking for obvious problems).
Checking module upduino_known...
Found and reported 0 problems.

10.48. Executing TECHMAP pass (map to technology primitives).

10.48.1. Executing Verilog-2005 frontend: PROJECT_ROOT/.tools/oss-cad-suite/libexec/../share/yosys/ice40/latches_map.v
Parsing Verilog input from `PROJECT_ROOT/.tools/oss-cad-suite/libexec/../share/yosys/ice40/latches_map.v' to AST representation.
Generating RTLIL representation for module `$_DLATCH_N_'.
Generating RTLIL representation for module `$_DLATCH_P_'.
Successfully finished Verilog frontend.

10.48.2. Continuing TECHMAP pass.
No more expansions possible.
<suppressed ~4 debug messages>

10.49. Executing Verilog-2005 frontend: PROJECT_ROOT/.tools/oss-cad-suite/libexec/../share/yosys/ice40/abc9_model.v
Parsing Verilog input from `PROJECT_ROOT/.tools/oss-cad-suite/libexec/../share/yosys/ice40/abc9_model.v' to AST representation.
Generating RTLIL representation for module `$__ICE40_CARRY_WRAPPER'.
Successfully finished Verilog frontend.

10.50. Executing ABC9 pass.

10.50.1. Executing ABC9_OPS pass (helper functions for ABC9).

10.50.2. Executing PROC pass (convert processes to netlists).

10.50.2.1. Executing PROC_CLEAN pass (remove empty switches from decision trees).
Cleaned up 0 empty switches.

10.50.2.2. Executing PROC_RMDEAD pass (remove dead branches from decision trees).
Marked 1 switch rules as full_case in process $proc$LOCAL_PRIVATE_PATH in module SB_DFFESR.
Removed a total of 0 dead cases.

10.50.2.3. Executing PROC_PRUNE pass (remove redundant assignments in processes).
Removed 0 redundant assignments.
Promoted 1 assignment to connection.

10.50.2.4. Executing PROC_INIT pass (extract init attributes).
Found init rule in `\SB_DFFESR.$proc$LOCAL_PRIVATE_PATH'.
  Set init value: \Q = 1'0

10.50.2.5. Executing PROC_ARST pass (detect async resets in processes).

10.50.2.6. Executing PROC_ROM pass (convert switches to ROMs).
Converted 0 switches.
<suppressed ~2 debug messages>

10.50.2.7. Executing PROC_MUX pass (convert decision trees to multiplexers).
Creating decoders for process `\SB_DFFESR.$proc$LOCAL_PRIVATE_PATH'.
Creating decoders for process `\SB_DFFESR.$proc$LOCAL_PRIVATE_PATH'.
     1/1: $0\Q[0:0]

10.50.2.8. Executing PROC_DLATCH pass (convert process syncs to latches).

10.50.2.9. Executing PROC_DFF pass (convert process syncs to FFs).
Creating register for signal `\SB_DFFESR.\Q' using process `\SB_DFFESR.$proc$LOCAL_PRIVATE_PATH'.
  created $dff cell `$procdff$55623' with positive edge clock.

10.50.2.10. Executing PROC_MEMWR pass (convert process memory writes to cells).

10.50.2.11. Executing PROC_CLEAN pass (remove empty switches from decision trees).
Removing empty process `SB_DFFESR.$proc$LOCAL_PRIVATE_PATH'.
Found and cleaned up 2 empty switches in `\SB_DFFESR.$proc$LOCAL_PRIVATE_PATH'.
Removing empty process `SB_DFFESR.$proc$LOCAL_PRIVATE_PATH'.
Cleaned up 2 empty switches.

10.50.3. Executing PROC pass (convert processes to netlists).

10.50.3.1. Executing PROC_CLEAN pass (remove empty switches from decision trees).
Cleaned up 0 empty switches.

10.50.3.2. Executing PROC_RMDEAD pass (remove dead branches from decision trees).
Removed a total of 0 dead cases.

10.50.3.3. Executing PROC_PRUNE pass (remove redundant assignments in processes).
Removed 0 redundant assignments.
Promoted 1 assignment to connection.

10.50.3.4. Executing PROC_INIT pass (extract init attributes).
Found init rule in `\SB_DFFE.$proc$LOCAL_PRIVATE_PATH'.
  Set init value: \Q = 1'0

10.50.3.5. Executing PROC_ARST pass (detect async resets in processes).

10.50.3.6. Executing PROC_ROM pass (convert switches to ROMs).
Converted 0 switches.
<suppressed ~1 debug messages>

10.50.3.7. Executing PROC_MUX pass (convert decision trees to multiplexers).
Creating decoders for process `\SB_DFFE.$proc$LOCAL_PRIVATE_PATH'.
Creating decoders for process `\SB_DFFE.$proc$LOCAL_PRIVATE_PATH'.
     1/1: $0\Q[0:0]

10.50.3.8. Executing PROC_DLATCH pass (convert process syncs to latches).

10.50.3.9. Executing PROC_DFF pass (convert process syncs to FFs).
Creating register for signal `\SB_DFFE.\Q' using process `\SB_DFFE.$proc$LOCAL_PRIVATE_PATH'.
  created $dff cell `$procdff$55626' with positive edge clock.

10.50.3.10. Executing PROC_MEMWR pass (convert process memory writes to cells).

10.50.3.11. Executing PROC_CLEAN pass (remove empty switches from decision trees).
Removing empty process `SB_DFFE.$proc$LOCAL_PRIVATE_PATH'.
Found and cleaned up 1 empty switch in `\SB_DFFE.$proc$LOCAL_PRIVATE_PATH'.
Removing empty process `SB_DFFE.$proc$LOCAL_PRIVATE_PATH'.
Cleaned up 1 empty switch.

10.50.4. Executing PROC pass (convert processes to netlists).

10.50.4.1. Executing PROC_CLEAN pass (remove empty switches from decision trees).
Cleaned up 0 empty switches.

10.50.4.2. Executing PROC_RMDEAD pass (remove dead branches from decision trees).
Marked 1 switch rules as full_case in process $proc$LOCAL_PRIVATE_PATH in module SB_DFFSR.
Removed a total of 0 dead cases.

10.50.4.3. Executing PROC_PRUNE pass (remove redundant assignments in processes).
Removed 1 redundant assignment.
Promoted 1 assignment to connection.

10.50.4.4. Executing PROC_INIT pass (extract init attributes).
Found init rule in `\SB_DFFSR.$proc$LOCAL_PRIVATE_PATH'.
  Set init value: \Q = 1'0

10.50.4.5. Executing PROC_ARST pass (detect async resets in processes).

10.50.4.6. Executing PROC_ROM pass (convert switches to ROMs).
Converted 0 switches.
<suppressed ~1 debug messages>

10.50.4.7. Executing PROC_MUX pass (convert decision trees to multiplexers).
Creating decoders for process `\SB_DFFSR.$proc$LOCAL_PRIVATE_PATH'.
Creating decoders for process `\SB_DFFSR.$proc$LOCAL_PRIVATE_PATH'.
     1/1: $0\Q[0:0]

10.50.4.8. Executing PROC_DLATCH pass (convert process syncs to latches).

10.50.4.9. Executing PROC_DFF pass (convert process syncs to FFs).
Creating register for signal `\SB_DFFSR.\Q' using process `\SB_DFFSR.$proc$LOCAL_PRIVATE_PATH'.
  created $dff cell `$procdff$55630' with positive edge clock.

10.50.4.10. Executing PROC_MEMWR pass (convert process memory writes to cells).

10.50.4.11. Executing PROC_CLEAN pass (remove empty switches from decision trees).
Removing empty process `SB_DFFSR.$proc$LOCAL_PRIVATE_PATH'.
Found and cleaned up 1 empty switch in `\SB_DFFSR.$proc$LOCAL_PRIVATE_PATH'.
Removing empty process `SB_DFFSR.$proc$LOCAL_PRIVATE_PATH'.
Cleaned up 1 empty switch.

10.50.5. Executing PROC pass (convert processes to netlists).

10.50.5.1. Executing PROC_CLEAN pass (remove empty switches from decision trees).
Cleaned up 0 empty switches.

10.50.5.2. Executing PROC_RMDEAD pass (remove dead branches from decision trees).
Marked 1 switch rules as full_case in process $proc$LOCAL_PRIVATE_PATH in module SB_DFFESS.
Removed a total of 0 dead cases.

10.50.5.3. Executing PROC_PRUNE pass (remove redundant assignments in processes).
Removed 0 redundant assignments.
Promoted 1 assignment to connection.

10.50.5.4. Executing PROC_INIT pass (extract init attributes).
Found init rule in `\SB_DFFESS.$proc$LOCAL_PRIVATE_PATH'.
  Set init value: \Q = 1'0

10.50.5.5. Executing PROC_ARST pass (detect async resets in processes).

10.50.5.6. Executing PROC_ROM pass (convert switches to ROMs).
Converted 0 switches.
<suppressed ~2 debug messages>

10.50.5.7. Executing PROC_MUX pass (convert decision trees to multiplexers).
Creating decoders for process `\SB_DFFESS.$proc$LOCAL_PRIVATE_PATH'.
Creating decoders for process `\SB_DFFESS.$proc$LOCAL_PRIVATE_PATH'.
     1/1: $0\Q[0:0]

10.50.5.8. Executing PROC_DLATCH pass (convert process syncs to latches).

10.50.5.9. Executing PROC_DFF pass (convert process syncs to FFs).
Creating register for signal `\SB_DFFESS.\Q' using process `\SB_DFFESS.$proc$LOCAL_PRIVATE_PATH'.
  created $dff cell `$procdff$55636' with positive edge clock.

10.50.5.10. Executing PROC_MEMWR pass (convert process memory writes to cells).

10.50.5.11. Executing PROC_CLEAN pass (remove empty switches from decision trees).
Removing empty process `SB_DFFESS.$proc$LOCAL_PRIVATE_PATH'.
Found and cleaned up 2 empty switches in `\SB_DFFESS.$proc$LOCAL_PRIVATE_PATH'.
Removing empty process `SB_DFFESS.$proc$LOCAL_PRIVATE_PATH'.
Cleaned up 2 empty switches.

10.50.6. Executing PROC pass (convert processes to netlists).

10.50.6.1. Executing PROC_CLEAN pass (remove empty switches from decision trees).
Cleaned up 0 empty switches.

10.50.6.2. Executing PROC_RMDEAD pass (remove dead branches from decision trees).
Removed a total of 0 dead cases.

10.50.6.3. Executing PROC_PRUNE pass (remove redundant assignments in processes).
Removed 0 redundant assignments.
Promoted 2 assignments to connections.

10.50.6.4. Executing PROC_INIT pass (extract init attributes).
Found init rule in `\SB_DFF.$proc$LOCAL_PRIVATE_PATH'.
  Set init value: \Q = 1'0

10.50.6.5. Executing PROC_ARST pass (detect async resets in processes).

10.50.6.6. Executing PROC_ROM pass (convert switches to ROMs).
Converted 0 switches.

10.50.6.7. Executing PROC_MUX pass (convert decision trees to multiplexers).
Creating decoders for process `\SB_DFF.$proc$LOCAL_PRIVATE_PATH'.
Creating decoders for process `\SB_DFF.$proc$LOCAL_PRIVATE_PATH'.

10.50.6.8. Executing PROC_DLATCH pass (convert process syncs to latches).

10.50.6.9. Executing PROC_DFF pass (convert process syncs to FFs).
Creating register for signal `\SB_DFF.\Q' using process `\SB_DFF.$proc$LOCAL_PRIVATE_PATH'.
  created $dff cell `$procdff$55637' with positive edge clock.

10.50.6.10. Executing PROC_MEMWR pass (convert process memory writes to cells).

10.50.6.11. Executing PROC_CLEAN pass (remove empty switches from decision trees).
Removing empty process `SB_DFF.$proc$LOCAL_PRIVATE_PATH'.
Removing empty process `SB_DFF.$proc$LOCAL_PRIVATE_PATH'.
Cleaned up 0 empty switches.

10.50.7. Executing ABC9_OPS pass (helper functions for ABC9).

10.50.8. Executing SCC pass (detecting logic loops).
Found 0 SCCs in module upduino_known.
Found 0 SCCs.

10.50.9. Executing ABC9_OPS pass (helper functions for ABC9).

10.50.10. Executing TECHMAP pass (map to technology primitives).

10.50.10.1. Executing Verilog-2005 frontend: PROJECT_ROOT/.tools/oss-cad-suite/libexec/../share/yosys/techmap.v
Parsing Verilog input from `PROJECT_ROOT/.tools/oss-cad-suite/libexec/../share/yosys/techmap.v' to AST representation.
Generating RTLIL representation for module `\_90_simplemap_bool_ops'.
Generating RTLIL representation for module `\_90_simplemap_reduce_ops'.
Generating RTLIL representation for module `\_90_simplemap_logic_ops'.
Generating RTLIL representation for module `\_90_simplemap_compare_ops'.
Generating RTLIL representation for module `\_90_simplemap_various'.
Generating RTLIL representation for module `\_90_simplemap_registers'.
Generating RTLIL representation for module `\_90_shift_ops_shr_shl_sshl_sshr'.
Generating RTLIL representation for module `\_90_shift_shiftx'.
Generating RTLIL representation for module `\_90_fa'.
Generating RTLIL representation for module `\_90_lcu_brent_kung'.
Generating RTLIL representation for module `\_90_alu'.
Generating RTLIL representation for module `\_90_macc'.
Generating RTLIL representation for module `\_90_alumacc'.
Generating RTLIL representation for module `$__div_mod_u'.
Generating RTLIL representation for module `$__div_mod_trunc'.
Generating RTLIL representation for module `\_90_div'.
Generating RTLIL representation for module `\_90_mod'.
Generating RTLIL representation for module `$__div_mod_floor'.
Generating RTLIL representation for module `\_90_divfloor'.
Generating RTLIL representation for module `\_90_modfloor'.
Generating RTLIL representation for module `\_90_pow'.
Generating RTLIL representation for module `\_90_demux'.
Generating RTLIL representation for module `\_90_lut'.
Generating RTLIL representation for module `$connect'.
Generating RTLIL representation for module `$input_port'.
Successfully finished Verilog frontend.

10.50.10.2. Continuing TECHMAP pass.
Using extmapper simplemap for cells of type $logic_not.
Using extmapper simplemap for cells of type $dff.
Using extmapper simplemap for cells of type $mux.
Using extmapper simplemap for cells of type $logic_and.
No more expansions possible.
<suppressed ~165 debug messages>

10.50.11. Executing OPT pass (performing simple optimizations).

10.50.11.1. Executing OPT_EXPR pass (perform const folding).
Optimizing module SB_DFF.
Optimizing module SB_DFFE.
Optimizing module SB_DFFESR.
Optimizing module SB_DFFESS.
Optimizing module SB_DFFSR.

10.50.11.2. Executing OPT_MERGE pass (detect identical cells).
Finding identical cells in module `\SB_DFF'.
Computing hashes of 3 cells of `\SB_DFF'.
Finding duplicate cells in `\SB_DFF'.
Finding identical cells in module `\SB_DFFE'.
Computing hashes of 5 cells of `\SB_DFFE'.
Finding duplicate cells in `\SB_DFFE'.
Finding identical cells in module `\SB_DFFESR'.
Computing hashes of 13 cells of `\SB_DFFESR'.
Finding duplicate cells in `\SB_DFFESR'.
Computing hashes of 12 cells of `\SB_DFFESR'.
Finding duplicate cells in `\SB_DFFESR'.
Computing hashes of 11 cells of `\SB_DFFESR'.
Finding duplicate cells in `\SB_DFFESR'.
<suppressed ~6 debug messages>
Finding identical cells in module `\SB_DFFESS'.
Computing hashes of 13 cells of `\SB_DFFESS'.
Finding duplicate cells in `\SB_DFFESS'.
Computing hashes of 12 cells of `\SB_DFFESS'.
Finding duplicate cells in `\SB_DFFESS'.
Computing hashes of 11 cells of `\SB_DFFESS'.
Finding duplicate cells in `\SB_DFFESS'.
<suppressed ~6 debug messages>
Finding identical cells in module `\SB_DFFSR'.
Computing hashes of 7 cells of `\SB_DFFSR'.
Finding duplicate cells in `\SB_DFFSR'.
Removed a total of 4 cells.

10.50.11.3. Executing OPT_MUXTREE pass (detect dead branches in mux trees).
Running muxtree optimizer on module \SB_DFF..
  Creating internal representation of mux trees.
  No muxes found in this module.
Running muxtree optimizer on module \SB_DFFE..
  Creating internal representation of mux trees.
  No muxes found in this module.
Running muxtree optimizer on module \SB_DFFESR..
  Creating internal representation of mux trees.
  No muxes found in this module.
Running muxtree optimizer on module \SB_DFFESS..
  Creating internal representation of mux trees.
  No muxes found in this module.
Running muxtree optimizer on module \SB_DFFSR..
  Creating internal representation of mux trees.
  No muxes found in this module.
Removed 0 multiplexer ports.

10.50.11.4. Executing OPT_REDUCE pass (consolidate $*mux and $reduce_* inputs).
  Optimizing cells in module \SB_DFF.
  Optimizing cells in module \SB_DFFE.
  Optimizing cells in module \SB_DFFESR.
  Optimizing cells in module \SB_DFFESS.
  Optimizing cells in module \SB_DFFSR.
Performed a total of 0 changes.

10.50.11.5. Executing OPT_MERGE pass (detect identical cells).
Finding identical cells in module `\SB_DFF'.
Computing hashes of 3 cells of `\SB_DFF'.
Finding duplicate cells in `\SB_DFF'.
Finding identical cells in module `\SB_DFFE'.
Computing hashes of 5 cells of `\SB_DFFE'.
Finding duplicate cells in `\SB_DFFE'.
Finding identical cells in module `\SB_DFFESR'.
Computing hashes of 11 cells of `\SB_DFFESR'.
Finding duplicate cells in `\SB_DFFESR'.
Finding identical cells in module `\SB_DFFESS'.
Computing hashes of 11 cells of `\SB_DFFESS'.
Finding duplicate cells in `\SB_DFFESS'.
Finding identical cells in module `\SB_DFFSR'.
Computing hashes of 7 cells of `\SB_DFFSR'.
Finding duplicate cells in `\SB_DFFSR'.
Removed a total of 0 cells.

10.50.11.6. Executing OPT_DFF pass (perform DFF optimizations).

10.50.11.7. Executing OPT_CLEAN pass (remove unused cells and wires).
Finding unused cells or wires in module \SB_DFF..
Finding unused cells or wires in module \SB_DFFE..
Finding unused cells or wires in module \SB_DFFESR..
Finding unused cells or wires in module \SB_DFFESS..
Finding unused cells or wires in module \SB_DFFSR..
Removed 0 unused cells and 20 unused wires.
<suppressed ~5 debug messages>

10.50.11.8. Executing OPT_EXPR pass (perform const folding).
Optimizing module SB_DFF.
Optimizing module SB_DFFE.
Optimizing module SB_DFFESR.
Optimizing module SB_DFFESS.
Optimizing module SB_DFFSR.

10.50.11.9. Rerunning OPT passes. (Maybe there is more to do..)

10.50.11.10. Executing OPT_MUXTREE pass (detect dead branches in mux trees).
Running muxtree optimizer on module \SB_DFF..
  Creating internal representation of mux trees.
  No muxes found in this module.
Running muxtree optimizer on module \SB_DFFE..
  Creating internal representation of mux trees.
  No muxes found in this module.
Running muxtree optimizer on module \SB_DFFESR..
  Creating internal representation of mux trees.
  No muxes found in this module.
Running muxtree optimizer on module \SB_DFFESS..
  Creating internal representation of mux trees.
  No muxes found in this module.
Running muxtree optimizer on module \SB_DFFSR..
  Creating internal representation of mux trees.
  No muxes found in this module.
Removed 0 multiplexer ports.

10.50.11.11. Executing OPT_REDUCE pass (consolidate $*mux and $reduce_* inputs).
  Optimizing cells in module \SB_DFF.
  Optimizing cells in module \SB_DFFE.
  Optimizing cells in module \SB_DFFESR.
  Optimizing cells in module \SB_DFFESS.
  Optimizing cells in module \SB_DFFSR.
Performed a total of 0 changes.

10.50.11.12. Executing OPT_MERGE pass (detect identical cells).
Finding identical cells in module `\SB_DFF'.
Computing hashes of 3 cells of `\SB_DFF'.
Finding duplicate cells in `\SB_DFF'.
Finding identical cells in module `\SB_DFFE'.
Computing hashes of 5 cells of `\SB_DFFE'.
Finding duplicate cells in `\SB_DFFE'.
Finding identical cells in module `\SB_DFFESR'.
Computing hashes of 11 cells of `\SB_DFFESR'.
Finding duplicate cells in `\SB_DFFESR'.
Finding identical cells in module `\SB_DFFESS'.
Computing hashes of 11 cells of `\SB_DFFESS'.
Finding duplicate cells in `\SB_DFFESS'.
Finding identical cells in module `\SB_DFFSR'.
Computing hashes of 7 cells of `\SB_DFFSR'.
Finding duplicate cells in `\SB_DFFSR'.
Removed a total of 0 cells.

10.50.11.13. Executing OPT_DFF pass (perform DFF optimizations).

10.50.11.14. Executing OPT_CLEAN pass (remove unused cells and wires).
Finding unused cells or wires in module \SB_DFF..
Finding unused cells or wires in module \SB_DFFE..
Finding unused cells or wires in module \SB_DFFESR..
Finding unused cells or wires in module \SB_DFFESS..
Finding unused cells or wires in module \SB_DFFSR..

10.50.11.15. Executing OPT_EXPR pass (perform const folding).
Optimizing module SB_DFF.
Optimizing module SB_DFFE.
Optimizing module SB_DFFESR.
Optimizing module SB_DFFESS.
Optimizing module SB_DFFSR.

10.50.11.16. Finished fast OPT passes. (There is nothing left to do.)

10.50.12. Executing ABC9_OPS pass (helper functions for ABC9).

10.50.13. Executing SUBMOD pass (moving cells to submodules as requested).

10.50.13.1. Executing OPT_CLEAN pass (remove unused cells and wires).
Finding unused cells or wires in module \SB_DFF..
Finding unused cells or wires in module \SB_DFFE..
Finding unused cells or wires in module \SB_DFFESR..
Finding unused cells or wires in module \SB_DFFESS..
Finding unused cells or wires in module \SB_DFFSR..

10.50.13.2. Continuing SUBMOD pass.
Creating submodule $abc9_flop (\SB_DFF_$abc9_flop) of module \SB_DFF.
  signal \C: input \C
  signal \D: input \D
  signal \Q: input \Q
  signal $auto$abc9_ops.cc:499:prep_dff_submod$55783: output \n1
  cell $specify$21 ($specify3)
  cell $specify$20 ($specrule)
  cell $auto$abc9_ops.cc:500:prep_dff_submod$55784 ($_MUX_)
Creating submodule $abc9_flop (\SB_DFFE_$abc9_flop) of module \SB_DFFE.
  signal $0\Q[0:0]: internal
  signal \C: input \C
  signal \D: input \D
  signal \E: input \E
  signal \Q: input \Q
  signal $auto$abc9_ops.cc:499:prep_dff_submod$55785: output \n1
  cell $specify$24 ($specify3)
  cell $specify$23 ($specrule)
  cell $specify$22 ($specrule)
  cell $auto$simplemap.cc:298:simplemap_mux$55781 ($_MUX_)
  cell $auto$abc9_ops.cc:500:prep_dff_submod$55786 ($_MUX_)
Creating submodule $abc9_flop (\SB_DFFESR_$abc9_flop) of module \SB_DFFESR.
  signal $auto$abc9_ops.cc:499:prep_dff_submod$55787: output \n1
  signal $procmux$55619_Y: internal
  signal $0\Q[0:0]: internal
  signal $logic_and$LOCAL_PRIVATE_PATH internal
  signal $logic_and$LOCAL_PRIVATE_PATH internal
  signal $logic_not$LOCAL_PRIVATE_PATH internal
  signal \C: input \C
  signal \D: input \D
  signal \E: input \E
  signal \Q: input \Q
  signal \R: input \R
  cell $specify$45 ($specify3)
  cell $specify$44 ($specify3)
  cell $specify$43 ($specrule)
  cell $specify$42 ($specrule)
  cell $specify$41 ($specrule)
  cell $auto$simplemap.cc:227:simplemap_lognot$55772 ($_NOT_)
  cell $auto$simplemap.cc:298:simplemap_mux$55778 ($_MUX_)
  cell $auto$simplemap.cc:256:simplemap_logbin$55774 ($_AND_)
  cell $auto$simplemap.cc:256:simplemap_logbin$55773 ($_AND_)
  cell $auto$simplemap.cc:298:simplemap_mux$55779 ($_MUX_)
  cell $auto$abc9_ops.cc:500:prep_dff_submod$55788 ($_MUX_)
Creating submodule $abc9_flop (\SB_DFFESS_$abc9_flop) of module \SB_DFFESS.
  signal $auto$abc9_ops.cc:499:prep_dff_submod$55789: output \n1
  signal $procmux$55632_Y: internal
  signal $0\Q[0:0]: internal
  signal $logic_and$LOCAL_PRIVATE_PATH internal
  signal $logic_and$LOCAL_PRIVATE_PATH internal
  signal $logic_not$LOCAL_PRIVATE_PATH internal
  signal \C: input \C
  signal \D: input \D
  signal \E: input \E
  signal \Q: input \Q
  signal \S: input \S
  cell $specify$55 ($specify3)
  cell $specify$54 ($specify3)
  cell $specify$53 ($specrule)
  cell $specify$52 ($specrule)
  cell $specify$51 ($specrule)
  cell $auto$simplemap.cc:227:simplemap_lognot$55764 ($_NOT_)
  cell $auto$simplemap.cc:298:simplemap_mux$55770 ($_MUX_)
  cell $auto$simplemap.cc:256:simplemap_logbin$55766 ($_AND_)
  cell $auto$simplemap.cc:256:simplemap_logbin$55765 ($_AND_)
  cell $auto$simplemap.cc:298:simplemap_mux$55771 ($_MUX_)
  cell $auto$abc9_ops.cc:500:prep_dff_submod$55790 ($_MUX_)
Creating submodule $abc9_flop (\SB_DFFSR_$abc9_flop) of module \SB_DFFSR.
  signal \Q: input \Q
  signal \D: input \D
  signal \C: input \C
  signal $logic_not$LOCAL_PRIVATE_PATH internal
  signal \R: input \R
  signal $auto$abc9_ops.cc:499:prep_dff_submod$55791: output \n1
  signal $0\Q[0:0]: internal
  cell $specify$28 ($specify3)
  cell $specify$27 ($specify3)
  cell $specify$26 ($specrule)
  cell $specify$25 ($specrule)
  cell $auto$simplemap.cc:227:simplemap_lognot$55761 ($_NOT_)
  cell $auto$simplemap.cc:298:simplemap_mux$55763 ($_MUX_)
  cell $auto$abc9_ops.cc:500:prep_dff_submod$55792 ($_MUX_)

10.50.13.3. Executing OPT_CLEAN pass (remove unused cells and wires).
Finding unused cells or wires in module \SB_DFFSR_$abc9_flop..
Finding unused cells or wires in module \SB_DFFESS_$abc9_flop..
Finding unused cells or wires in module \SB_DFFESR_$abc9_flop..
Finding unused cells or wires in module \SB_DFFE_$abc9_flop..
Finding unused cells or wires in module \SB_DFF_$abc9_flop..
Finding unused cells or wires in module \SB_DFF..
Finding unused cells or wires in module \SB_DFFE..
Finding unused cells or wires in module \SB_DFFESR..
Finding unused cells or wires in module \SB_DFFESS..
Finding unused cells or wires in module \SB_DFFSR..
Removed 0 unused cells and 13 unused wires.
<suppressed ~4 debug messages>
Warning: Ignoring boxed module SB_DFFSR_$abc9_flop.
Warning: Ignoring boxed module SB_DFFESS_$abc9_flop.
Warning: Ignoring boxed module SB_DFFESR_$abc9_flop.
Warning: Ignoring boxed module SB_DFFE_$abc9_flop.
Warning: Ignoring boxed module SB_DFF_$abc9_flop.
Renaming cell SB_DFF_$abc9_flop to _TECHMAP_REPLACE_ in module SB_DFF.
Renaming cell SB_DFFE_$abc9_flop to _TECHMAP_REPLACE_ in module SB_DFFE.
Renaming cell SB_DFFESR_$abc9_flop to _TECHMAP_REPLACE_ in module SB_DFFESR.
Renaming cell SB_DFFESS_$abc9_flop to _TECHMAP_REPLACE_ in module SB_DFFESS.
Renaming cell SB_DFFSR_$abc9_flop to _TECHMAP_REPLACE_ in module SB_DFFSR.

10.50.14. Executing ABC9_OPS pass (helper functions for ABC9).
Warning: Ignoring boxed module SB_DFFSR_$abc9_flop.
Warning: Ignoring boxed module SB_DFFESS_$abc9_flop.
Warning: Ignoring boxed module SB_DFFESR_$abc9_flop.
Warning: Ignoring boxed module SB_DFFE_$abc9_flop.
Warning: Ignoring boxed module SB_DFF_$abc9_flop.

10.50.15. Executing TECHMAP pass (map to technology primitives).

10.50.15.1. Executing Verilog-2005 frontend: PROJECT_ROOT/.tools/oss-cad-suite/libexec/../share/yosys/abc9_map.v
Parsing Verilog input from `PROJECT_ROOT/.tools/oss-cad-suite/libexec/../share/yosys/abc9_map.v' to AST representation.
Generating RTLIL representation for module `$_DFF_x_'.
Successfully finished Verilog frontend.

10.50.15.2. Continuing TECHMAP pass.
Using template SB_DFFESR for cells of type SB_DFFESR.
Using template SB_DFFSR for cells of type SB_DFFSR.
Using template SB_DFF for cells of type SB_DFF.
Using template SB_DFFE for cells of type SB_DFFE.
Using template SB_DFFESS for cells of type SB_DFFESS.
No more expansions possible.
<suppressed ~1723 debug messages>

10.50.16. Executing Verilog-2005 frontend: PROJECT_ROOT/.tools/oss-cad-suite/libexec/../share/yosys/abc9_model.v
Parsing Verilog input from `PROJECT_ROOT/.tools/oss-cad-suite/libexec/../share/yosys/abc9_model.v' to AST representation.
Generating RTLIL representation for module `$__ABC9_DELAY'.
Generating RTLIL representation for module `$__ABC9_SCC_BREAKER'.
Generating RTLIL representation for module `$__DFF_N__$abc9_flop'.
Generating RTLIL representation for module `$__DFF_P__$abc9_flop'.
Successfully finished Verilog frontend.

10.50.17. Executing ABC9_OPS pass (helper functions for ABC9).
<suppressed ~1626 debug messages>

10.50.18. Executing ABC9_OPS pass (helper functions for ABC9).

10.50.19. Executing ABC9_OPS pass (helper functions for ABC9).
<suppressed ~13 debug messages>

10.50.20. Executing TECHMAP pass (map to technology primitives).

10.50.20.1. Executing Verilog-2005 frontend: PROJECT_ROOT/.tools/oss-cad-suite/libexec/../share/yosys/techmap.v
Parsing Verilog input from `PROJECT_ROOT/.tools/oss-cad-suite/libexec/../share/yosys/techmap.v' to AST representation.
Generating RTLIL representation for module `\_90_simplemap_bool_ops'.
Generating RTLIL representation for module `\_90_simplemap_reduce_ops'.
Generating RTLIL representation for module `\_90_simplemap_logic_ops'.
Generating RTLIL representation for module `\_90_simplemap_compare_ops'.
Generating RTLIL representation for module `\_90_simplemap_various'.
Generating RTLIL representation for module `\_90_simplemap_registers'.
Generating RTLIL representation for module `\_90_shift_ops_shr_shl_sshl_sshr'.
Generating RTLIL representation for module `\_90_shift_shiftx'.
Generating RTLIL representation for module `\_90_fa'.
Generating RTLIL representation for module `\_90_lcu_brent_kung'.
Generating RTLIL representation for module `\_90_alu'.
Generating RTLIL representation for module `\_90_macc'.
Generating RTLIL representation for module `\_90_alumacc'.
Generating RTLIL representation for module `$__div_mod_u'.
Generating RTLIL representation for module `$__div_mod_trunc'.
Generating RTLIL representation for module `\_90_div'.
Generating RTLIL representation for module `\_90_mod'.
Generating RTLIL representation for module `$__div_mod_floor'.
Generating RTLIL representation for module `\_90_divfloor'.
Generating RTLIL representation for module `\_90_modfloor'.
Generating RTLIL representation for module `\_90_pow'.
Generating RTLIL representation for module `\_90_demux'.
Generating RTLIL representation for module `\_90_lut'.
Generating RTLIL representation for module `$connect'.
Generating RTLIL representation for module `$input_port'.
Successfully finished Verilog frontend.

10.50.20.2. Continuing TECHMAP pass.
Using template SB_DFF_$abc9_flop for cells of type SB_DFF_$abc9_flop.
Using template SB_DFFESS_$abc9_flop for cells of type SB_DFFESS_$abc9_flop.
Using template SB_DFFSR_$abc9_flop for cells of type SB_DFFSR_$abc9_flop.
Using template SB_DFFE_$abc9_flop for cells of type SB_DFFE_$abc9_flop.
Using template SB_DFFESR_$abc9_flop for cells of type SB_DFFESR_$abc9_flop.
Using template $paramod$__ICE40_CARRY_WRAPPER\LUT=16'0110100110010110\I3_IS_CI=1'1 for cells of type $paramod$__ICE40_CARRY_WRAPPER\LUT=16'0110100110010110\I3_IS_CI=1'1.
Using template $paramod\SB_LUT4\LUT_INIT=16'0110100110010110 for cells of type SB_LUT4.
Using template SB_CARRY for cells of type SB_CARRY.
Using extmapper simplemap for cells of type $mux.
Using extmapper simplemap for cells of type $logic_and.
Using extmapper simplemap for cells of type $logic_or.
No more expansions possible.
<suppressed ~178 debug messages>

10.50.21. Executing OPT pass (performing simple optimizations).

10.50.21.1. Executing OPT_EXPR pass (perform const folding).
Optimizing module upduino_known.
<suppressed ~9 debug messages>

10.50.21.2. Executing OPT_MERGE pass (detect identical cells).
Finding identical cells in module `\upduino_known'.
Computing hashes of 62 cells of `\upduino_known'.
Finding duplicate cells in `\upduino_known'.
Computing hashes of 45 cells of `\upduino_known'.
Finding duplicate cells in `\upduino_known'.
Computing hashes of 42 cells of `\upduino_known'.
Finding duplicate cells in `\upduino_known'.
Computing hashes of 41 cells of `\upduino_known'.
Finding duplicate cells in `\upduino_known'.
<suppressed ~51 debug messages>
Removed a total of 21 cells.

10.50.21.3. Executing OPT_MUXTREE pass (detect dead branches in mux trees).
Running muxtree optimizer on module \upduino_known..
  Creating internal representation of mux trees.
  No muxes found in this module.
Removed 0 multiplexer ports.

10.50.21.4. Executing OPT_REDUCE pass (consolidate $*mux and $reduce_* inputs).
  Optimizing cells in module \upduino_known.
Performed a total of 0 changes.

10.50.21.5. Executing OPT_MERGE pass (detect identical cells).
Finding identical cells in module `\upduino_known'.
Computing hashes of 41 cells of `\upduino_known'.
Finding duplicate cells in `\upduino_known'.
Removed a total of 0 cells.

10.50.21.6. Executing OPT_DFF pass (perform DFF optimizations).

10.50.21.7. Executing OPT_CLEAN pass (remove unused cells and wires).
Finding unused cells or wires in module \upduino_known..
Removed 0 unused cells and 63 unused wires.
<suppressed ~6 debug messages>

10.50.21.8. Executing OPT_EXPR pass (perform const folding).
Optimizing module upduino_known.

10.50.21.9. Rerunning OPT passes. (Maybe there is more to do..)

10.50.21.10. Executing OPT_MUXTREE pass (detect dead branches in mux trees).
Running muxtree optimizer on module \upduino_known..
  Creating internal representation of mux trees.
  No muxes found in this module.
Removed 0 multiplexer ports.

10.50.21.11. Executing OPT_REDUCE pass (consolidate $*mux and $reduce_* inputs).
  Optimizing cells in module \upduino_known.
Performed a total of 0 changes.

10.50.21.12. Executing OPT_MERGE pass (detect identical cells).
Finding identical cells in module `\upduino_known'.
Computing hashes of 41 cells of `\upduino_known'.
Finding duplicate cells in `\upduino_known'.
Removed a total of 0 cells.

10.50.21.13. Executing OPT_DFF pass (perform DFF optimizations).

10.50.21.14. Executing OPT_CLEAN pass (remove unused cells and wires).
Finding unused cells or wires in module \upduino_known..

10.50.21.15. Executing OPT_EXPR pass (perform const folding).
Optimizing module upduino_known.

10.50.21.16. Finished fast OPT passes. (There is nothing left to do.)

10.50.22. Executing AIGMAP pass (map logic to AIG).
Module upduino_known: replaced 13 cells with 85 new cells, skipped 28 cells.
  replaced 2 cell types:
      11 $_MUX_
       2 $_OR_
  not replaced 5 cell types:
       4 $_AND_
       2 $_NOT_
       8 $specify2
       8 $specify3
       6 $specrule

10.50.23. Executing AIGMAP pass (map logic to AIG).
Module upduino_known: replaced 5201 cells with 29914 new cells, skipped 10415 cells.
  replaced 4 cell types:
    2915 $_MUX_
      64 $_ORNOT_
    2079 $_OR_
     143 $_XOR_
  not replaced 34 cell types:
    2405 $_AND_
    1714 $_DFF_P_
    1092 $_NOT_
       1 $lut
      11 $scopeinfo
       4 SB_MAC16
       1 SB_HFOSC
       1 SB_SPRAM256KA
      28 $paramod$__ABC9_DELAY\DELAY=32'00000000000000000000000010000101
     448 $paramod$__ABC9_DELAY\DELAY=32'00000000000000000000000010100001
     308 $paramod$__ABC9_DELAY\DELAY=32'00000000000000000000000011100000
      28 $paramod$__ABC9_DELAY\DELAY=32'00000000000000000000000001100010
      56 $paramod$__ABC9_DELAY\DELAY=32'00000000000000000000000100001011
     308 $paramod$__ABC9_DELAY\DELAY=32'00000000000000000000000011001011
     448 $paramod$__ABC9_DELAY\DELAY=32'00000000000000000000000100010010
       1 $paramod$25b5a1c03c4190d1c5638f4d1b0e5308c4d42f4b\SB_RAM40_4K
       2 $paramod$49578bf6ab7541c7cd478c659127586652b531b1\SB_RAM40_4K
       1 $paramod$ba14478c95af1f607a9678f4cad76e7733e3495c\SB_RAM40_4K
       1 $paramod$21d5c811389616724b2041351e7461cefd731579\SB_RAM40_4K
       1 $paramod$4aabaeff307fabfe5a32ce19079898411b691c08\SB_RAM40_4K
       1 $paramod$b3c085a0717438d2e20867d50a2c61dc94fb0f18\SB_RAM40_4K
       1 $paramod$1c5ab41e74301f067e1fcaef4dca2c6aadbe9e80\SB_RAM40_4K
       4 $paramod$458302e63a7c986fa07839cc7ed7b29f837ce729\SB_RAM40_4K
       1 $paramod$e4eb6bc9bfa86800103e62aabc65a09487e41921\SB_RAM40_4K
       1 $paramod$567523a541a344d9fbe830f698623e3024a97cba\SB_RAM40_4K
       1 $paramod$4fdd3aa83c7928b10d8fdd33647f303efbd6b3e3\SB_RAM40_4K
      12 $paramod$85a472072107804a1e6bedb8b52fb3de6104e462\SB_RAM40_4K
       1 $paramod$65b9e5893759870fd62e6b87dc6ba151fdc97e95\SB_RAM40_4K
    1820 $paramod$__ICE40_CARRY_WRAPPER\LUT=16'0110100110010110\I3_IS_CI=1'1
     203 SB_DFFSR_$abc9_flop
      40 SB_DFFESS_$abc9_flop
    1071 SB_DFFESR_$abc9_flop
     299 SB_DFFE_$abc9_flop
     101 SB_DFF_$abc9_flop

10.50.23.1. Executing ABC9_OPS pass (helper functions for ABC9).

10.50.23.2. Executing ABC9_OPS pass (helper functions for ABC9).

10.50.23.3. Executing XAIGER backend.
<suppressed ~3887 debug messages>
Extracted 13722 AND gates and 43649 wires from module `upduino_known' to a netlist network with 341 inputs and 1757 outputs.

10.50.23.4. Executing ABC9_EXE pass (technology mapping using ABC9).

10.50.23.5. Executing ABC9.
Running ABC command: "<yosys-exe-dir>/yosys-abc" -s -f <abc-temp-dir>/abc.script 2>&1
ABC: ======== ABC command line "source <abc-temp-dir>/abc.script"
ABC: + read_lut <abc-temp-dir>/input.lut
ABC: + read_box <abc-temp-dir>/input.box
ABC: + &read <abc-temp-dir>/input.xaig
ABC: + &ps
ABC: <abc-temp-dir>/input : i/o =    341/   1757  boxff =1714(1)  and =   11563  lev =   38 (1.15)  mem = 0.61 MB  box = 3444  bb = 1624
ABC: Warning: AIG with boxes has internal fanout in 0 complex flops and 948 carries.
ABC: + &scorr
ABC: + &sweep
ABC: + &dc2
ABC: + &dch -f -r
ABC: + &ps
ABC: <abc-temp-dir>/input : i/o =    341/   1757  boxff =1653(1)  and =   12684  lev =   39 (0.96)  mem = 0.61 MB  ch = 1677  box = 3403  bb = 1624
ABC: cst =       0  cls =   1481  lit =    1677  unused =   18355  proof =     0
ABC: Warning: AIG with boxes has internal fanout in 0 complex flops and 886 carries.
ABC: + &if -W 250 -v
ABC: K = 4. Memory (bytes): Truth =    0. Cut =   64. Obj =  144. Set =  672. CutMin = no
ABC: Node =   12684.  Ch =  1481.  Total mem =    6.57 MB. Peak cut mem =    0.16 MB.
ABC: P:  Del = 12982.00.  Ar =    3903.0.  Edge =    13313.  Cut =    70344.  T =     0.01 sec
ABC: P:  Del = 12982.00.  Ar =    3538.0.  Edge =    12754.  Cut =    67517.  T =     0.01 sec
ABC: P:  Del = 12968.00.  Ar =    3124.0.  Edge =    10121.  Cut =    73914.  T =     0.01 sec
ABC: F:  Del = 12968.00.  Ar =    2942.0.  Edge =     9836.  Cut =    75282.  T =     0.01 sec
ABC: A:  Del = 12968.00.  Ar =    2832.0.  Edge =     9416.  Cut =    74160.  T =     0.01 sec
ABC: A:  Del = 12968.00.  Ar =    2827.0.  Edge =     9410.  Cut =    74247.  T =     0.01 sec
ABC: Total time =     0.05 sec
ABC: + &write -n <abc-temp-dir>/output.aig
ABC: + &mfs
ABC: + &ps -l
ABC: <abc-temp-dir>/input : i/o =    341/   1757  boxff =1653(1)  and =    7954  lev =   31 (0.98)  mem = 0.55 MB  box = 3371  bb = 1624
ABC: Mapping (K=4)  :  lut =   2757  edge =    9107  lev =   16 (0.64)  levB =   72  mem = 0.20 MB
ABC: LUT = 2757 : 2=485 17.6 %  3=951 34.5 %  4=1321 47.9 %  Ave = 3.30
ABC: Warning: AIG with boxes has internal fanout in 0 complex flops and 884 carries.
ABC: + &write -n <abc-temp-dir>/output.aig
ABC: + &verify -s
ABC: Networks are equivalent.  Time =    19.11 sec
ABC: + time
ABC: elapse: 22.16 seconds, total: 22.16 seconds

10.50.23.6. Executing AIGER frontend.
<suppressed ~11 debug messages>
Removed 10854 unused cells and 40994 unused wires.

10.50.23.7. Executing ABC_OPS_REINTEGRATE pass (reintegrate ABC mapped design into module).
ABC RESULTS:              $lut cells:     3012
ABC RESULTS:   $paramod$__ICE40_CARRY_WRAPPER\LUT=16'0110100110010110\I3_IS_CI=1'1 cells:     1747
ABC RESULTS:   \SB_DFFSR_$abc9_flop cells:      160
ABC RESULTS:   \SB_DFFESS_$abc9_flop cells:       40
ABC RESULTS:   \SB_DFFESR_$abc9_flop cells:     1054
ABC RESULTS:   \SB_DFFE_$abc9_flop cells:      299
ABC RESULTS:   \SB_DFF_$abc9_flop cells:      100
ABC RESULTS:           input signals:       21
ABC RESULTS:          output signals:     1643
<suppressed ~4330 debug messages>
Removing temp directory.

10.50.24. Executing TECHMAP pass (map to technology primitives).

10.50.24.1. Executing Verilog-2005 frontend: PROJECT_ROOT/.tools/oss-cad-suite/libexec/../share/yosys/abc9_unmap.v
Parsing Verilog input from `PROJECT_ROOT/.tools/oss-cad-suite/libexec/../share/yosys/abc9_unmap.v' to AST representation.
Generating RTLIL representation for module `$__DFF_x__$abc9_flop'.
Generating RTLIL representation for module `$__ABC9_SCC_BREAKER'.
Successfully finished Verilog frontend.

10.50.24.2. Continuing TECHMAP pass.
Using template SB_DFFESR_$abc9_flop for cells of type SB_DFFESR_$abc9_flop.
Using template $paramod$__ICE40_CARRY_WRAPPER\LUT=16'0110100110010110\I3_IS_CI=1'1 for cells of type $paramod$__ICE40_CARRY_WRAPPER\LUT=16'0110100110010110\I3_IS_CI=1'1.
Using template SB_DFFSR_$abc9_flop for cells of type SB_DFFSR_$abc9_flop.
Using template SB_DFF_$abc9_flop for cells of type SB_DFF_$abc9_flop.
Using template SB_DFFE_$abc9_flop for cells of type SB_DFFE_$abc9_flop.
Using template SB_DFFESS_$abc9_flop for cells of type SB_DFFESS_$abc9_flop.
Using template $paramod$1c5ab41e74301f067e1fcaef4dca2c6aadbe9e80\SB_RAM40_4K for cells of type $paramod$1c5ab41e74301f067e1fcaef4dca2c6aadbe9e80\SB_RAM40_4K.
Using template $paramod$b3c085a0717438d2e20867d50a2c61dc94fb0f18\SB_RAM40_4K for cells of type $paramod$b3c085a0717438d2e20867d50a2c61dc94fb0f18\SB_RAM40_4K.
Using template $paramod$4aabaeff307fabfe5a32ce19079898411b691c08\SB_RAM40_4K for cells of type $paramod$4aabaeff307fabfe5a32ce19079898411b691c08\SB_RAM40_4K.
Using template $paramod$4fdd3aa83c7928b10d8fdd33647f303efbd6b3e3\SB_RAM40_4K for cells of type $paramod$4fdd3aa83c7928b10d8fdd33647f303efbd6b3e3\SB_RAM40_4K.
Using template $paramod$25b5a1c03c4190d1c5638f4d1b0e5308c4d42f4b\SB_RAM40_4K for cells of type $paramod$25b5a1c03c4190d1c5638f4d1b0e5308c4d42f4b\SB_RAM40_4K.
Using template $paramod$85a472072107804a1e6bedb8b52fb3de6104e462\SB_RAM40_4K for cells of type $paramod$85a472072107804a1e6bedb8b52fb3de6104e462\SB_RAM40_4K.
Using template $paramod$458302e63a7c986fa07839cc7ed7b29f837ce729\SB_RAM40_4K for cells of type $paramod$458302e63a7c986fa07839cc7ed7b29f837ce729\SB_RAM40_4K.
Using template $paramod$65b9e5893759870fd62e6b87dc6ba151fdc97e95\SB_RAM40_4K for cells of type $paramod$65b9e5893759870fd62e6b87dc6ba151fdc97e95\SB_RAM40_4K.
Using template $paramod$49578bf6ab7541c7cd478c659127586652b531b1\SB_RAM40_4K for cells of type $paramod$49578bf6ab7541c7cd478c659127586652b531b1\SB_RAM40_4K.
Using template $paramod$ba14478c95af1f607a9678f4cad76e7733e3495c\SB_RAM40_4K for cells of type $paramod$ba14478c95af1f607a9678f4cad76e7733e3495c\SB_RAM40_4K.
Using template $paramod$21d5c811389616724b2041351e7461cefd731579\SB_RAM40_4K for cells of type $paramod$21d5c811389616724b2041351e7461cefd731579\SB_RAM40_4K.
Using template $paramod$e4eb6bc9bfa86800103e62aabc65a09487e41921\SB_RAM40_4K for cells of type $paramod$e4eb6bc9bfa86800103e62aabc65a09487e41921\SB_RAM40_4K.
Using template $paramod$567523a541a344d9fbe830f698623e3024a97cba\SB_RAM40_4K for cells of type $paramod$567523a541a344d9fbe830f698623e3024a97cba\SB_RAM40_4K.
No more expansions possible.
<suppressed ~3452 debug messages>

10.51. Executing ICE40_WRAPCARRY pass (wrap carries).

10.52. Executing TECHMAP pass (map to technology primitives).

10.52.1. Executing Verilog-2005 frontend: PROJECT_ROOT/.tools/oss-cad-suite/libexec/../share/yosys/ice40/ff_map.v
Parsing Verilog input from `PROJECT_ROOT/.tools/oss-cad-suite/libexec/../share/yosys/ice40/ff_map.v' to AST representation.
Generating RTLIL representation for module `$_DFF_N_'.
Generating RTLIL representation for module `$_DFF_P_'.
Generating RTLIL representation for module `$_DFFE_NP_'.
Generating RTLIL representation for module `$_DFFE_PP_'.
Generating RTLIL representation for module `$_DFF_NP0_'.
Generating RTLIL representation for module `$_DFF_NP1_'.
Generating RTLIL representation for module `$_DFF_PP0_'.
Generating RTLIL representation for module `$_DFF_PP1_'.
Generating RTLIL representation for module `$_DFFE_NP0P_'.
Generating RTLIL representation for module `$_DFFE_NP1P_'.
Generating RTLIL representation for module `$_DFFE_PP0P_'.
Generating RTLIL representation for module `$_DFFE_PP1P_'.
Generating RTLIL representation for module `$_SDFF_NP0_'.
Generating RTLIL representation for module `$_SDFF_NP1_'.
Generating RTLIL representation for module `$_SDFF_PP0_'.
Generating RTLIL representation for module `$_SDFF_PP1_'.
Generating RTLIL representation for module `$_SDFFCE_NP0P_'.
Generating RTLIL representation for module `$_SDFFCE_NP1P_'.
Generating RTLIL representation for module `$_SDFFCE_PP0P_'.
Generating RTLIL representation for module `$_SDFFCE_PP1P_'.
Successfully finished Verilog frontend.

10.52.2. Continuing TECHMAP pass.
No more expansions possible.
<suppressed ~22 debug messages>
Removed 1065 unused cells and 72773 unused wires.

10.53. Executing OPT_LUT pass (optimize LUTs).
Discovering LUTs.
Number of LUTs:     4324
  1-LUT              258
  2-LUT              532
  3-LUT             2213
  4-LUT             1321
  with \SB_CARRY    (#0) 1250
  with \SB_CARRY    (#1) 1290

Eliminating LUTs.
Number of LUTs:     4323
  1-LUT              257
  2-LUT              532
  3-LUT             2213
  4-LUT             1321
  with \SB_CARRY    (#0) 1250
  with \SB_CARRY    (#1) 1290

Combining LUTs.
Number of LUTs:     4182
  1-LUT              252
  2-LUT              391
  3-LUT             2095
  4-LUT             1444
  with \SB_CARRY    (#0) 1250
  with \SB_CARRY    (#1) 1290

Eliminated 1 LUTs.
Combined 141 LUTs.
<suppressed ~28964 debug messages>

10.54. Executing TECHMAP pass (map to technology primitives).

10.54.1. Executing Verilog-2005 frontend: PROJECT_ROOT/.tools/oss-cad-suite/libexec/../share/yosys/ice40/cells_map.v
Parsing Verilog input from `PROJECT_ROOT/.tools/oss-cad-suite/libexec/../share/yosys/ice40/cells_map.v' to AST representation.
Generating RTLIL representation for module `$lut'.
Successfully finished Verilog frontend.

10.54.2. Continuing TECHMAP pass.
Using template $paramod$fd904e9e35cfd343a9df248824bd3f1408724879$lut for cells of type $lut.
Using template $paramod$lut\WIDTH=32'00000000000000000000000000000010\LUT=4'0100 for cells of type $lut.
Using template $paramod$lut\WIDTH=32'00000000000000000000000000000010\LUT=4'1000 for cells of type $lut.
Using template $paramod$0de052767abdccc3aefc818722bdc3c7850d25d6$lut for cells of type $lut.
Using template $paramod$lut\WIDTH=32'00000000000000000000000000000011\LUT=8'00011011 for cells of type $lut.
Using template $paramod$09e47bac4a372b3f1872607fbb89d1f53789de83$lut for cells of type $lut.
Using template $paramod$lut\WIDTH=32'00000000000000000000000000000011\LUT=8'11011000 for cells of type $lut.
Using template $paramod$lut\WIDTH=32'00000000000000000000000000000010\LUT=4'0010 for cells of type $lut.
Using template $paramod$da98d9e875932ba6a280d468e3b5f7014491d245$lut for cells of type $lut.
Using template $paramod$lut\WIDTH=32'00000000000000000000000000000011\LUT=8'11101000 for cells of type $lut.
Using template $paramod$ff7561cfb7d3ae7112e6974b98c96c3d891737ce$lut for cells of type $lut.
Using template $paramod$lut\WIDTH=32'00000000000000000000000000000011\LUT=8'10010110 for cells of type $lut.
Using template $paramod$6cdcdffb7f2536598ad1b78cf02ad7d5776e11e4$lut for cells of type $lut.
Using template $paramod$lut\WIDTH=32'00000000000000000000000000000001\LUT=2'01 for cells of type $lut.
Using template $paramod$8d7a8d6e3356de09670738ba85f2c6b874f6b06d$lut for cells of type $lut.
Using template $paramod$8512f4fb47fa9596f76cdbe5b407a5b54df368e7$lut for cells of type $lut.
Using template $paramod$571404c0889eaf57f492cb5e37f8acb5df5852f9$lut for cells of type $lut.
Using template $paramod$658b9ed803f0d3d335616d3858b53e0a2522f1e8$lut for cells of type $lut.
Using template $paramod$272652f6c6fbe9a75eff76e45cc7e2788835518b$lut for cells of type $lut.
Using template $paramod$lut\WIDTH=32'00000000000000000000000000000010\LUT=4'0001 for cells of type $lut.
Using template $paramod$lut\WIDTH=32'00000000000000000000000000000011\LUT=8'00001001 for cells of type $lut.
Using template $paramod$9d707d218adbd63b6f9a0c79d7ee037306fb6296$lut for cells of type $lut.
Using template $paramod$10a806adf7217260ab221bd7e7639919f916c655$lut for cells of type $lut.
Using template $paramod$db08fd84fb3c4d6a41eaec6adfffe445fb7eb17f$lut for cells of type $lut.
Using template $paramod$018d71a0fe325d6362687fe53ac13dd6340e400d$lut for cells of type $lut.
Using template $paramod$lut\WIDTH=32'00000000000000000000000000000011\LUT=8'01101001 for cells of type $lut.
Using template $paramod$58c6a068a8cfa75a9c8f86c553497ecb1bcc7253$lut for cells of type $lut.
Using template $paramod$917e2de5dfafd3d1729245d79cfae6d413a0e20d$lut for cells of type $lut.
Using template $paramod$lut\WIDTH=32'00000000000000000000000000000011\LUT=8'00010000 for cells of type $lut.
Using template $paramod$lut\WIDTH=32'00000000000000000000000000000010\LUT=4'0111 for cells of type $lut.
Using template $paramod$a59507d273cd827eb6c46c37820d50a1b717efdf$lut for cells of type $lut.
Using template $paramod$0f3deea72cb5b6821ab0fe5add6e3e605c598785$lut for cells of type $lut.
Using template $paramod$lut\WIDTH=32'00000000000000000000000000000010\LUT=4'1110 for cells of type $lut.
Using template $paramod$97e449d15b607612c49291044eca4e2c8b59088e$lut for cells of type $lut.
Using template $paramod$lut\WIDTH=32'00000000000000000000000000000011\LUT=8'10110011 for cells of type $lut.
Using template $paramod$556f1f8248d46fa51b5b76abd5030284b37d6d0e$lut for cells of type $lut.
Using template $paramod$5e9374f44a27c3f8a1c38af244ec43ceb4fb8d4f$lut for cells of type $lut.
Using template $paramod$lut\WIDTH=32'00000000000000000000000000000011\LUT=8'01000000 for cells of type $lut.
Using template $paramod$lut\WIDTH=32'00000000000000000000000000000011\LUT=8'11001010 for cells of type $lut.
Using template $paramod$lut\WIDTH=32'00000000000000000000000000000011\LUT=8'01000111 for cells of type $lut.
Using template $paramod$lut\WIDTH=32'00000000000000000000000000000011\LUT=8'00100111 for cells of type $lut.
Using template $paramod$65d5928f10d93820ad360cabb53aaf31b165496d$lut for cells of type $lut.
Using template $paramod$9bfed69a345df7296febbc24dd2ff619a7c21a85$lut for cells of type $lut.
Using template $paramod$lut\WIDTH=32'00000000000000000000000000000011\LUT=8'01010011 for cells of type $lut.
Using template $paramod$lut\WIDTH=32'00000000000000000000000000000011\LUT=8'00000010 for cells of type $lut.
Using template $paramod$6e238df02989b317f10820a22773676e71120644$lut for cells of type $lut.
Using template $paramod$lut\WIDTH=32'00000000000000000000000000000011\LUT=8'10001010 for cells of type $lut.
Using template $paramod$lut\WIDTH=32'00000000000000000000000000000011\LUT=8'00000100 for cells of type $lut.
Using template $paramod$8f6dfa794b1d3f9618c82a2cc39314f90c176df1$lut for cells of type $lut.
Using template $paramod$lut\WIDTH=32'00000000000000000000000000000011\LUT=8'10000000 for cells of type $lut.
Using template $paramod$ab2e45f7a350a5d7d54d88d8019d5256ae32568f$lut for cells of type $lut.
Using template $paramod$7836f7ccc96a0a2083e9883e06c087e1a0063641$lut for cells of type $lut.
Using template $paramod$lut\WIDTH=32'00000000000000000000000000000011\LUT=8'10110000 for cells of type $lut.
Using template $paramod$30305e55a780880b9c824fe3509a4d981acb0f2b$lut for cells of type $lut.
Using template $paramod$52953750219effadf43093a566baf492fdd6b6c8$lut for cells of type $lut.
Using template $paramod$2c5817780d9444592c099c51d073c53934aa8456$lut for cells of type $lut.
Using template $paramod$8dd40deea49581a838ff870c116d34036dccb2e5$lut for cells of type $lut.
Using template $paramod$a1d323730045824cfc84bb9f4ee8031f1c4dcc9e$lut for cells of type $lut.
Using template $paramod$9e354de8d358bf081aa0c089488ea3bc5b7c2fd9$lut for cells of type $lut.
Using template $paramod$lut\WIDTH=32'00000000000000000000000000000011\LUT=8'10001111 for cells of type $lut.
Using template $paramod$lut\WIDTH=32'00000000000000000000000000000011\LUT=8'11111110 for cells of type $lut.
Using template $paramod$9850450c7f2ce6ec6d61697515f47872a7c4eee5$lut for cells of type $lut.
Using template $paramod$1644affdabe7f65febd25ca1c4d1e050be54e54f$lut for cells of type $lut.
Using template $paramod$lut\WIDTH=32'00000000000000000000000000000011\LUT=8'00000001 for cells of type $lut.
Using template $paramod$61c4cbf8581170b67138b98e32863cf2de767f72$lut for cells of type $lut.
Using template $paramod$debd9b669717840687fe3e52f7822c4b59921848$lut for cells of type $lut.
Using template $paramod$lut\WIDTH=32'00000000000000000000000000000011\LUT=8'10111000 for cells of type $lut.
Using template $paramod$6e87a29d18a99caa1dd7167449fef31e04ce86bc$lut for cells of type $lut.
Using template $paramod$4282def8dbd6df3d1248ad282c629bee684502c2$lut for cells of type $lut.
Using template $paramod$66caeb00a39d236782a97659e3bd99621b74681b$lut for cells of type $lut.
Using template $paramod$c8f16510db975553c8b0be1064e8f5234175f8a8$lut for cells of type $lut.
Using template $paramod$722bfd9af0ae56ca9d1d12a221cb5ede16461f26$lut for cells of type $lut.
Using template $paramod$lut\WIDTH=32'00000000000000000000000000000011\LUT=8'00010101 for cells of type $lut.
Using template $paramod$a5516fc31d1e552de2435200bb732b4d4ad63a9c$lut for cells of type $lut.
Using template $paramod$lut\WIDTH=32'00000000000000000000000000000011\LUT=8'01110000 for cells of type $lut.
Using template $paramod$7e8d331d1e06632d29fbdf6c3afc2de1856d3c67$lut for cells of type $lut.
Using template $paramod$c958b3a888f937f082b94811ff62d71e32a2b4eb$lut for cells of type $lut.
Using template $paramod$179512a187da069f3b79ef6612a41e494e7d54b6$lut for cells of type $lut.
Using template $paramod$b1680225cc6a5792caa95f54b8b3218fae21705d$lut for cells of type $lut.
Using template $paramod$590bbae288d702591db2eb27047d638738d3426a$lut for cells of type $lut.
Using template $paramod$498daa9936ffa1c0b12d774cacc95a35d14b818e$lut for cells of type $lut.
Using template $paramod$lut\WIDTH=32'00000000000000000000000000000011\LUT=8'11111101 for cells of type $lut.
Using template $paramod$lut\WIDTH=32'00000000000000000000000000000011\LUT=8'11101010 for cells of type $lut.
Using template $paramod$lut\WIDTH=32'00000000000000000000000000000011\LUT=8'10101110 for cells of type $lut.
Using template $paramod$068092ddede495d8462ffe530e6d91711913edbc$lut for cells of type $lut.
Using template $paramod$lut\WIDTH=32'00000000000000000000000000000011\LUT=8'00100000 for cells of type $lut.
Using template $paramod$lut\WIDTH=32'00000000000000000000000000000011\LUT=8'11100010 for cells of type $lut.
Using template $paramod$lut\WIDTH=32'00000000000000000000000000000011\LUT=8'11100100 for cells of type $lut.
Using template $paramod$0d5e420ccfc2dddc13533c0817d1e17e68a2c136$lut for cells of type $lut.
Using template $paramod$lut\WIDTH=32'00000000000000000000000000000011\LUT=8'00110001 for cells of type $lut.
Using template $paramod$lut\WIDTH=32'00000000000000000000000000000010\LUT=4'1101 for cells of type $lut.
Using template $paramod$lut\WIDTH=32'00000000000000000000000000000010\LUT=4'0110 for cells of type $lut.
Using template $paramod$6a34cd5b50e324824168b4186d0b04ba5e83b039$lut for cells of type $lut.
Using template $paramod$d6ca727e39f31d51d29072e0f33aa09c65e37336$lut for cells of type $lut.
Using template $paramod$364c9ffbffac467d60dfec81bba4e18476c15602$lut for cells of type $lut.
Using template $paramod$09b06d345e53bda5390d95b44ab7173ce8c35316$lut for cells of type $lut.
Using template $paramod$64b84593fae19d6c4d7d26333a195e5cc6b30160$lut for cells of type $lut.
Using template $paramod$lut\WIDTH=32'00000000000000000000000000000011\LUT=8'11010000 for cells of type $lut.
Using template $paramod$a7c36edc05c8db41cbf46577da74e02a7f2a516f$lut for cells of type $lut.
Using template $paramod$7f8dcbbcc0931c3398304053d9bb53ce1acb1b1f$lut for cells of type $lut.
Using template $paramod$52d96bfa17866bab828b9f1286c638d27fce0ef0$lut for cells of type $lut.
Using template $paramod$lut\WIDTH=32'00000000000000000000000000000011\LUT=8'01100000 for cells of type $lut.
Using template $paramod$bbb10333e84a7e80f65e1494ebbfbf3f28568fcd$lut for cells of type $lut.
Using template $paramod$873c285bdccf0ac2b60d2304ea5cd14bf211d2a6$lut for cells of type $lut.
Using template $paramod$85b779ce5ab505dbf25e5e046fb43ca2b76b878b$lut for cells of type $lut.
Using template $paramod$2af7fd5c408581c2b6e80048f54948ce05a232f8$lut for cells of type $lut.
Using template $paramod$6d6beead1425af15cf78b27fd9b11b41b5d4bce8$lut for cells of type $lut.
Using template $paramod$47a8214374025465e226fa66bee690ff33268a25$lut for cells of type $lut.
Using template $paramod$101238f3d8d49ab12a9b49a2f01cd503b26e9c61$lut for cells of type $lut.
Using template $paramod$lut\WIDTH=32'00000000000000000000000000000011\LUT=8'01110101 for cells of type $lut.
Using template $paramod$eaea85d27cc0950ed001348e061727a194f5cf9c$lut for cells of type $lut.
Using template $paramod$lut\WIDTH=32'00000000000000000000000000000010\LUT=4'1011 for cells of type $lut.
Using template $paramod$lut\WIDTH=32'00000000000000000000000000000011\LUT=8'01111101 for cells of type $lut.
Using template $paramod$f3e1547c4b47e64c590e75cf09078b2507c8cc75$lut for cells of type $lut.
Using template $paramod$865395c0228487a64a8e4011cecafc2c64b79f2b$lut for cells of type $lut.
Using template $paramod$lut\WIDTH=32'00000000000000000000000000000011\LUT=8'00001000 for cells of type $lut.
Using template $paramod$11ec7271d8e6e5aeaace08c13e4c601f10e31038$lut for cells of type $lut.
Using template $paramod$bba54c1ef87367812b4c15f4aed5ac70773df775$lut for cells of type $lut.
Using template $paramod$1c4dba04c7b1b6f9ae2fbd2ebcdbd37f5c14a3e3$lut for cells of type $lut.
Using template $paramod$097592bb16245531f0716c5ddb18d7090f9c7d9d$lut for cells of type $lut.
Using template $paramod$a6ef2a845efd4ff0d96bc4fd2f06cc3516fa63ff$lut for cells of type $lut.
Using template $paramod$lut\WIDTH=32'00000000000000000000000000000011\LUT=8'00010011 for cells of type $lut.
Using template $paramod$59f2a3e232df3029c8bc36978b9bbe72a71dfb5a$lut for cells of type $lut.
Using template $paramod$f9813472aa48e533b3838c6f2316dc2e78c66111$lut for cells of type $lut.
Using template $paramod$f8f63b209b7230e81958663ff24fef1613156af7$lut for cells of type $lut.
Using template $paramod$326baeb905294417d8c371efbade1819f03d0df5$lut for cells of type $lut.
Using template $paramod$lut\WIDTH=32'00000000000000000000000000000011\LUT=8'00001011 for cells of type $lut.
Using template $paramod$20235ca863361fbc253329cfc7eeea38c77404dc$lut for cells of type $lut.
Using template $paramod$1632c1c0242796acfc963a05742c4acd2f475c4e$lut for cells of type $lut.
Using template $paramod$b4410865e8124402796f9dfbf73ef8d279fdbd08$lut for cells of type $lut.
Using template $paramod$a670b08a47dd8a34f954c50cd06e9996d77e8467$lut for cells of type $lut.
Using template $paramod$8829675bb8c52553aed9f101ec0d5ef0c865e5c7$lut for cells of type $lut.
Using template $paramod$dbdbcb07b9994e498bb1324e5c006c6aa08a7a37$lut for cells of type $lut.
Using template $paramod$e01a027fedb28671a20c130493a89c7afd4e87d3$lut for cells of type $lut.
Using template $paramod$cad45b6c9da81941161a13849773fe2ed4bc1c6f$lut for cells of type $lut.
Using template $paramod$df9855fa7e798ac48f8ba40c6b704dfcd2d4bfb3$lut for cells of type $lut.
Using template $paramod$lut\WIDTH=32'00000000000000000000000000000011\LUT=8'11101101 for cells of type $lut.
Using template $paramod$a4399ab9ab2086a4dd8377a70187771efe5d8c8a$lut for cells of type $lut.
Using template $paramod$41326ad8644342a66dfb051d050f2b6fbf15015b$lut for cells of type $lut.
Using template $paramod$58bd588a49a6a3b9d057d75f907cb4932e1635f6$lut for cells of type $lut.
Using template $paramod$e5759512db67494ff77fbdfc66dff4006376568f$lut for cells of type $lut.
Using template $paramod$6b0849254d6c87461fb93e37cc18f089f61eb912$lut for cells of type $lut.
Using template $paramod$a6c5403192a47fe46aef0c78c1fbd6aa4f5f4e84$lut for cells of type $lut.
Using template $paramod$7d35f3eb4056e6484203c99fe42cfcf1dfaba704$lut for cells of type $lut.
Using template $paramod$219b71aec9a19e7a27754ed85a7d6cdad9e5ec96$lut for cells of type $lut.
Using template $paramod$68f8a3050868da669d94d4e494c893d3dce59229$lut for cells of type $lut.
Using template $paramod$a5dd9ee10fc2202a29791f7d68d4afcce241aee5$lut for cells of type $lut.
Using template $paramod$f58e0d90afc57a738914697b6a4a7319b30d7e7e$lut for cells of type $lut.
Using template $paramod$81d8a60fd95b1a9f9ef71c12a774ae6988cb9fd5$lut for cells of type $lut.
Using template $paramod$ff57586860d858df073cc347616179272abafe7c$lut for cells of type $lut.
Using template $paramod$lut\WIDTH=32'00000000000000000000000000000011\LUT=8'00000111 for cells of type $lut.
Using template $paramod$82ed25b11a6a11eb861f4dd3d46f5fc9aa1eebaf$lut for cells of type $lut.
Using template $paramod$be48d952fcad8a16b8d84daa4c48a3065f343e5e$lut for cells of type $lut.
Using template $paramod$f85f1073c412d406200a6a72283f918c8b751314$lut for cells of type $lut.
Using template $paramod$lut\WIDTH=32'00000000000000000000000000000011\LUT=8'10010000 for cells of type $lut.
Using template $paramod$lut\WIDTH=32'00000000000000000000000000000011\LUT=8'01001100 for cells of type $lut.
Using template $paramod$a90f4bcd135c811fcdc131af322e4bc1811a9d5d$lut for cells of type $lut.
Using template $paramod$18df3812bc12364e5ebcb6c3ed05c0294e4c26fc$lut for cells of type $lut.
Using template $paramod$373d637619c29cb9150902df9528107e5f3b8288$lut for cells of type $lut.
Using template $paramod$de0cfbf042671e74ccda8afd309cd5db894ca1a6$lut for cells of type $lut.
Using template $paramod$25003f26a78bb2f583f23824f1e0b8cc16b88761$lut for cells of type $lut.
Using template $paramod$4cab3b31c601551ff65536bf4f533afa0b2094ee$lut for cells of type $lut.
Using template $paramod$b9501e510ca582aa11a211428c1c6c7ada7f03ae$lut for cells of type $lut.
Using template $paramod$c28a8b7ce0535d090c4cfb52e9c74affd52b110c$lut for cells of type $lut.
Using template $paramod$9808e6aeeef7f389ded7a4b7c21de3ef52bd315c$lut for cells of type $lut.
Using template $paramod$044e8b1893c94f717651c5cd428e71c892566f52$lut for cells of type $lut.
Using template $paramod$fcff9a7b1687e357a40264efcefe8443c8b2971a$lut for cells of type $lut.
Using template $paramod$24ced899438e172604a424008974634c832673b7$lut for cells of type $lut.
Using template $paramod$4133fe00eb18442862a284ccc67a95f8194d041c$lut for cells of type $lut.
Using template $paramod$4fd3428c4b8b1accf8f8fb4bb88555a2b5fa688d$lut for cells of type $lut.
Using template $paramod$5c6307ab5bf83eeb834c32320af2e964a658e65b$lut for cells of type $lut.
Using template $paramod$lut\WIDTH=32'00000000000000000000000000000011\LUT=8'11011110 for cells of type $lut.
Using template $paramod$0bd56cf5130d265bdf3651844aad5160126b46af$lut for cells of type $lut.
Using template $paramod$lut\WIDTH=32'00000000000000000000000000000010\LUT=4'1001 for cells of type $lut.
Using template $paramod$9ce83c401f07863ef6c07aa36141bf86d010bac8$lut for cells of type $lut.
Using template $paramod$lut\WIDTH=32'00000000000000000000000000000011\LUT=8'10111110 for cells of type $lut.
Using template $paramod$lut\WIDTH=32'00000000000000000000000000000011\LUT=8'11101011 for cells of type $lut.
Using template $paramod$4bf055ca8a75a6b2e0a7cc21f3141b6576bbc879$lut for cells of type $lut.
Using template $paramod$c1a19a87ccbbb03d43a72335db63f692ddf82cc1$lut for cells of type $lut.
Using template $paramod$5d16e795d6c582b27c818459b159f81a7f4525c4$lut for cells of type $lut.
Using template $paramod$c24d0e2a94559837d969df5b5aaf84188feaf3d8$lut for cells of type $lut.
Using template $paramod$52b0f43ae6cb52b5e726dd3244952f6f33bb5f19$lut for cells of type $lut.
Using template $paramod$lut\WIDTH=32'00000000000000000000000000000011\LUT=8'11111011 for cells of type $lut.
Using template $paramod$lut\WIDTH=32'00000000000000000000000000000011\LUT=8'10000010 for cells of type $lut.
Using template $paramod$lut\WIDTH=32'00000000000000000000000000000011\LUT=8'00001110 for cells of type $lut.
Using template $paramod$cf027e66652c88fcc3ee0d11bed7616b3baf5c1d$lut for cells of type $lut.
Using template $paramod$dcba541ad53a9873d71bfba6c13dc2a8e2a60a79$lut for cells of type $lut.
Using template $paramod$lut\WIDTH=32'00000000000000000000000000000011\LUT=8'10101100 for cells of type $lut.
Using template $paramod$3462e54ca2376756c33702763e1da4d242b0940d$lut for cells of type $lut.
Using template $paramod$lut\WIDTH=32'00000000000000000000000000000011\LUT=8'11001000 for cells of type $lut.
Using template $paramod$01a094e3a22c5b0eaa66f01f6adf434b3ba350ff$lut for cells of type $lut.
Using template $paramod$fe9a0158d0352193457c4f5b6282ac86d35fb3ee$lut for cells of type $lut.
Using template $paramod$82b4a585d1edcb5c6e755dc9bd3392228a1c1304$lut for cells of type $lut.
Using template $paramod$cd6c4b4da6d8737b72fd2dc8f5d83d8967445809$lut for cells of type $lut.
Using template $paramod$70dcc34b3190ff5541006bab0f38ffad9d439d5a$lut for cells of type $lut.
Using template $paramod$4853050665c020c8d21fb1a749196950a09d9df8$lut for cells of type $lut.
Using template $paramod$fbed19fb84ee7c8a884778d28a96daea96245184$lut for cells of type $lut.
Using template $paramod$lut\WIDTH=32'00000000000000000000000000000011\LUT=8'10111111 for cells of type $lut.
Using template $paramod$a15fd389a2f54cb7b94707b25934d226e68d9e2e$lut for cells of type $lut.
Using template $paramod$lut\WIDTH=32'00000000000000000000000000000011\LUT=8'01011101 for cells of type $lut.
Using template $paramod$ec6c71d259df49ae0842190ffaff1179e43a8db4$lut for cells of type $lut.
Using template $paramod$4c41f1623393f37dcc4e2d184a7f0d948ea506e4$lut for cells of type $lut.
Using template $paramod$5dc745bb48e2cf535179547ba13f0fe5364d6d54$lut for cells of type $lut.
Using template $paramod$e51a8a571bee774247b38f52d6e85fd62ae52cea$lut for cells of type $lut.
Using template $paramod$8e44661def013b6bf9fe6f8b049ef2c838d749f9$lut for cells of type $lut.
Using template $paramod$lut\WIDTH=32'00000000000000000000000000000011\LUT=8'00101010 for cells of type $lut.
Using template $paramod$608f40069c27841a5b3bdf03643a34bdc8974072$lut for cells of type $lut.
Using template $paramod$3ccc23db184ad4ca7ed34ebe2511de41d5d97e78$lut for cells of type $lut.
Using template $paramod$039cb9cfde3b9173e6974746c4f867554e44440a$lut for cells of type $lut.
Using template $paramod$e49f6e3576ef1a6d2f58c54414dbb786af8cc869$lut for cells of type $lut.
Using template $paramod$1a45527f4d0ab4870fb4de033bc737de3cfb8016$lut for cells of type $lut.
Using template $paramod$b40080b643baa8bb528ec249e10d82b2d80dfed9$lut for cells of type $lut.
Using template $paramod$lut\WIDTH=32'00000000000000000000000000000011\LUT=8'10100010 for cells of type $lut.
Using template $paramod$9c431b511c06506f9a1ef92ce73352313a62b2bd$lut for cells of type $lut.
Using template $paramod$6e46ec5a196ba1a24b8e69ab094cadc07c13ac1f$lut for cells of type $lut.
Using template $paramod$011998c9bc40e79d3b9378981668ce5683b7cfe4$lut for cells of type $lut.
Using template $paramod$lut\WIDTH=32'00000000000000000000000000000011\LUT=8'01010110 for cells of type $lut.
Using template $paramod$8e7b1ec7df4c8852d827365421a6d41e55bd7752$lut for cells of type $lut.
Using template $paramod$3834e2239f05e6b9b27d483b2e01a04de47c5bd6$lut for cells of type $lut.
Using template $paramod$fa3b30705cf3aa0fcd4b8d618b26502b2a458b14$lut for cells of type $lut.
Using template $paramod$39b0d201a18bed5573a88835da3f39d40814d360$lut for cells of type $lut.
Using template $paramod$31cc7b63b0f792654e13c88689b1cfc1cedd0e79$lut for cells of type $lut.
Using template $paramod$caec20293febbd0abf58b15b75ae5fd8cb89e5b9$lut for cells of type $lut.
Using template $paramod$adc0b354bb960519a616db7423a6274fc380540e$lut for cells of type $lut.
Using template $paramod$b86b68a00733dbecb31d58a14a13683475a2002a$lut for cells of type $lut.
Using template $paramod$2f7deae5fb594b0c70bb82efd4d3682a7baaa352$lut for cells of type $lut.
Using template $paramod$4ddd86098fad1da5f963cac660b91a6d5f8ce442$lut for cells of type $lut.
Using template $paramod$6a3d1b4c6389888034ca851571f0d03f46d1c4e9$lut for cells of type $lut.
Using template $paramod$75d5c453cca75cc7a7ca320c4fb7be0932b6aaa7$lut for cells of type $lut.
Using template $paramod$lut\WIDTH=32'00000000000000000000000000000011\LUT=8'01100101 for cells of type $lut.
Using template $paramod$829fd42cd1af3f4fb87b4384c3fa48616ce300f4$lut for cells of type $lut.
Using template $paramod$480273aedff341609bb0d70e79d3d629c4101764$lut for cells of type $lut.
Using template $paramod$e6a488add0b5a2d742e2ae29f62ce7616e04271d$lut for cells of type $lut.
Using template $paramod$fe70bb3280659663b8fa2b45f42fda9ccf4ccfaa$lut for cells of type $lut.
Using template $paramod$8921e608da57eb3483e6390a11938d2bd4d7314d$lut for cells of type $lut.
Using template $paramod$dfd9554a582a920d11d7753ea572fbaadb57ce87$lut for cells of type $lut.
Using template $paramod$4cb6ffbf5a338a8a9e8c5ebb3e1abd9c29759518$lut for cells of type $lut.
Using template $paramod$e00d03686849cf5e50e9f0c13f0f78958ff5e7ae$lut for cells of type $lut.
Using template $paramod$606c6ab78249f89cde01cff70cd45a768152d261$lut for cells of type $lut.
Using template $paramod$633914843c64e31f419056ce052208905aeb77cd$lut for cells of type $lut.
Using template $paramod$583294f05aaec818beb341e1ee966bc090a0a81c$lut for cells of type $lut.
Using template $paramod$badb3c1c69caa5f720b71d9bbc9a910359e2e894$lut for cells of type $lut.
Using template $paramod$lut\WIDTH=32'00000000000000000000000000000011\LUT=8'11010101 for cells of type $lut.
Using template $paramod$lut\WIDTH=32'00000000000000000000000000000011\LUT=8'11101100 for cells of type $lut.
Using template $paramod$lut\WIDTH=32'00000000000000000000000000000011\LUT=8'11000100 for cells of type $lut.
Using template $paramod$8f303bc32ecb1b5f2f8235cccaffc8ff1c6bed57$lut for cells of type $lut.
Using template $paramod$d909494d67d7075f17a422f7cb5526f6d6564ea6$lut for cells of type $lut.
Using template $paramod$8c061bc3212ac67fe729ddfc4ae44d8f6499cae7$lut for cells of type $lut.
Using template $paramod$a453c648339339cf8085b4c74072c3d56ec2bae9$lut for cells of type $lut.
Using template $paramod$cfecf3f0fd8f495ea1841ba7c35805f59dea20e1$lut for cells of type $lut.
Using template $paramod$5e0b307f14366a17a93679427a5c75920beb8023$lut for cells of type $lut.
Using template $paramod$95454eff2b0bb0c7425b41d029b34bbd8fbe521a$lut for cells of type $lut.
Using template $paramod$413d040dcd860cd74ca61a70644516a95d328ae7$lut for cells of type $lut.
Using template $paramod$lut\WIDTH=32'00000000000000000000000000000011\LUT=8'01001111 for cells of type $lut.
Using template $paramod$fb5496753f4cd235e71c284b2ffee9d41a960ca2$lut for cells of type $lut.
Using template $paramod$3a75385b1beb239786b9fcdc898b53110e63595f$lut for cells of type $lut.
Using template $paramod$27dd7ea71d2126c74d85758e5a06b7f432d9242f$lut for cells of type $lut.
Using template $paramod$lut\WIDTH=32'00000000000000000000000000000011\LUT=8'10001011 for cells of type $lut.
Using template $paramod$e0286d7bdebdb6346cb367bb1962e01892ba2e32$lut for cells of type $lut.
Using template $paramod$a76afe794e55ba422468b9db09d48da3f250b812$lut for cells of type $lut.
Using template $paramod$fda6887b37f599177ed9cb69271d882b63df7e66$lut for cells of type $lut.
Using template $paramod$eeea089431e54644147af2c573dc3d2eca0e3b09$lut for cells of type $lut.
Using template $paramod$lut\WIDTH=32'00000000000000000000000000000011\LUT=8'00111011 for cells of type $lut.
Using template $paramod$58df2c605746858c7e53492c8f57d6f1fafa12d2$lut for cells of type $lut.
Using template $paramod$e57bcb018bfe8170bc04f13a73befe2def28cdf3$lut for cells of type $lut.
Using template $paramod$bb4fff1cc3b827238aa40993cafede1c5beecbe3$lut for cells of type $lut.
Using template $paramod$lut\WIDTH=32'00000000000000000000000000000011\LUT=8'11101111 for cells of type $lut.
Using template $paramod$8494168726d27c2200605afcf1fb7470bf987857$lut for cells of type $lut.
Using template $paramod$lut\WIDTH=32'00000000000000000000000000000011\LUT=8'00101111 for cells of type $lut.
Using template $paramod$679c0497bd344cd028193ec8906efb780eb00cd8$lut for cells of type $lut.
Using template $paramod$7d3cbfc289ec00e0691f33de08826f2254fca668$lut for cells of type $lut.
Using template $paramod$181733d3e31dcdcea8c52d0a4fc252b3aa453564$lut for cells of type $lut.
Using template $paramod$15d3dd50cc31557057274aea687fe2a8296cd155$lut for cells of type $lut.
Using template $paramod$lut\WIDTH=32'00000000000000000000000000000011\LUT=8'01010111 for cells of type $lut.
Using template $paramod$526e4703e3f9e5bf75da836fd3d4410dd76747a6$lut for cells of type $lut.
Using template $paramod$b2e8d279775d333b39e310bd45fd5952acdde290$lut for cells of type $lut.
Using template $paramod$ea2b11aca30aa162d3b93de07d97b9c1565643dd$lut for cells of type $lut.
Using template $paramod$53ce561f80f32d4298a3beadc88b6c5c78293221$lut for cells of type $lut.
Using template $paramod$d6a246575d0ba3dcbbccd768ad41b602f82ff057$lut for cells of type $lut.
Using template $paramod$a707fff23748f6aa14ef55b3ae1f771b0f87b0eb$lut for cells of type $lut.
Using template $paramod$lut\WIDTH=32'00000000000000000000000000000011\LUT=8'00101110 for cells of type $lut.
Using template $paramod$f24ba3ced4b870f8e829f5ac5a8af88573350e6f$lut for cells of type $lut.
Using template $paramod$lut\WIDTH=32'00000000000000000000000000000011\LUT=8'01111011 for cells of type $lut.
Using template $paramod$993b568456e6a6e555ee59a904f362dc3c1a3032$lut for cells of type $lut.
Using template $paramod$ea01c267d60de3df2a073e256dd58614b0b52c59$lut for cells of type $lut.
Using template $paramod$ea2ed7b6000d8bc7d418a28d22dd562f94afdeff$lut for cells of type $lut.
Using template $paramod$70f68cc10fbeada9b6fa90c3bb75475e348ca467$lut for cells of type $lut.
Using template $paramod$e277a522d8a930c8c8c8cdb56d33d42914aefec4$lut for cells of type $lut.
Using template $paramod$lut\WIDTH=32'00000000000000000000000000000011\LUT=8'01010001 for cells of type $lut.
Using template $paramod$60096d1cdb5f7f55fdf4ed3aab322b5c7375f61e$lut for cells of type $lut.
Using template $paramod$176a6ceafa512d807921d7dfc76320dfbbfb5fe4$lut for cells of type $lut.
Using template $paramod$5b4b4ed558983d9f3ab4c896a7a011d129b0db9a$lut for cells of type $lut.
Using template $paramod$59848369e5f408d15e0c8c710ff689c98ce02999$lut for cells of type $lut.
Using template $paramod$32ccf65669c41e1e3bce1f16051f6d60ad96a2a0$lut for cells of type $lut.
Using template $paramod$lut\WIDTH=32'00000000000000000000000000000011\LUT=8'01110011 for cells of type $lut.
Using template $paramod$452071dd5b4d2cf3c491a87328b95851097aed44$lut for cells of type $lut.
Using template $paramod$077caa0fe67e147edfc4c4dc820ac55adfc6d436$lut for cells of type $lut.
Using template $paramod$lut\WIDTH=32'00000000000000000000000000000011\LUT=8'11111000 for cells of type $lut.
Using template $paramod$121f66828c71d3c18a58c99e9f44b94525cfca81$lut for cells of type $lut.
Using template $paramod$d4fae2c0d9ad2966369cd4e39b81c71bcd1327c9$lut for cells of type $lut.
Using template $paramod$42e71e31e297b50055ec7db4ab476d45bc6e8eae$lut for cells of type $lut.
Using template $paramod$91d6743ceb0f093b57d242b538f7f23d2346d4c9$lut for cells of type $lut.
Using template $paramod$c5f3c57a6d466a2f42208bafb8985b96ce884440$lut for cells of type $lut.
Using template $paramod$1b53a9695a0f80de7517b50863b438fd2b7f56da$lut for cells of type $lut.
Using template $paramod$6e3b22478ca21c5590744f2e30b92938c4d90996$lut for cells of type $lut.
Using template $paramod$4972722c284f07fee673f7cb99e6a36ce4a244f0$lut for cells of type $lut.
Using template $paramod$lut\WIDTH=32'00000000000000000000000000000011\LUT=8'10110001 for cells of type $lut.
Using template $paramod$0ee0167fb5dd83bdfe7197fff23e2c7146c57037$lut for cells of type $lut.
Using template $paramod$3a0a392069bc969f34c65c546a8c56fbbb67e282$lut for cells of type $lut.
Using template $paramod$d21d214a5aa271f2d9da3f90f22432c0ecee130f$lut for cells of type $lut.
Using template $paramod$lut\WIDTH=32'00000000000000000000000000000011\LUT=8'00111010 for cells of type $lut.
Using template $paramod$lut\WIDTH=32'00000000000000000000000000000011\LUT=8'01110010 for cells of type $lut.
Using template $paramod$9fcf2314b06bf8475a41a06506d87acad1afbbaf$lut for cells of type $lut.
Using template $paramod$54ef21ccddfa27629768f219f304bb4163ac6894$lut for cells of type $lut.
Using template $paramod$0e021b5ab9c9dffe82b887dcb2beb3fac2b87759$lut for cells of type $lut.
Using template $paramod$ee82f1504b2c48e70160208feb4e1f2a1b612b8d$lut for cells of type $lut.
Using template $paramod$15efa44280f2a77bf023b68f95d9df5681d9dd99$lut for cells of type $lut.
Using template $paramod$234fd643079033ba0cbc98ff572df9b7b7a0dc86$lut for cells of type $lut.
Using template $paramod$1241d759e3df4cac11dc7c99c36b0d1b07f7a673$lut for cells of type $lut.
Using template $paramod$fca001e3e0b52158a872e76e56c01ec10dfbb1de$lut for cells of type $lut.
Using template $paramod$8614da24b3846fe751594d00fba789cfcb7b874c$lut for cells of type $lut.
Using template $paramod$b28b4ecbaa07efdcc51c93348ccdc2395f8b41c1$lut for cells of type $lut.
Using template $paramod$lut\WIDTH=32'00000000000000000000000000000011\LUT=8'01000101 for cells of type $lut.
Using template $paramod$lut\WIDTH=32'00000000000000000000000000000011\LUT=8'00100011 for cells of type $lut.
Using template $paramod$f4c73d849f7d47805ca1aefb950c4e26e4eae9d0$lut for cells of type $lut.
Using template $paramod$6b7c9c56fc2a32a479d463d5f3b0d3f4673b67f1$lut for cells of type $lut.
Using template $paramod$adced61c8bdf2f99ab21927eac5130f60c85f86f$lut for cells of type $lut.
Using template $paramod$a06aa83841491819ea0cf939b57a7ccfb595b114$lut for cells of type $lut.
Using template $paramod$620586420e818d3afa7e5b51fcf19f5c6ea83ad4$lut for cells of type $lut.
Using template $paramod$4976b5f7a7b9f6e596e742c7d9dd919d8c62448f$lut for cells of type $lut.
Using template $paramod$b4d0f4738a5ce50c7f36c2aa2ecc09cfb874f2b6$lut for cells of type $lut.
Using template $paramod$lut\WIDTH=32'00000000000000000000000000000011\LUT=8'11100000 for cells of type $lut.
Using template $paramod$lut\WIDTH=32'00000000000000000000000000000011\LUT=8'01001011 for cells of type $lut.
Using template $paramod$b287726797d0722f64e731f1134f7c05af8f1578$lut for cells of type $lut.
Using template $paramod$f7cbd8f5974233f70d25c33ef6a692898e4f6377$lut for cells of type $lut.
Using template $paramod$lut\WIDTH=32'00000000000000000000000000000011\LUT=8'00000110 for cells of type $lut.
Using template $paramod$8cc3490ab42a63312b8ab36121eb7c9227093866$lut for cells of type $lut.
Using template $paramod$b45e5cb971154e30a797eecb0461619c3eeae12d$lut for cells of type $lut.
Using template $paramod$lut\WIDTH=32'00000000000000000000000000000011\LUT=8'01001110 for cells of type $lut.
Using template $paramod$94ac66a11090dca84889e55fcf03297912a5b7ec$lut for cells of type $lut.
Using template $paramod$5f99aa1a31b4f0c356281a67e16706e1e689d29f$lut for cells of type $lut.
Using template $paramod$e5b29079c1a88f3fc663c746ec8e3359690ef674$lut for cells of type $lut.
Using template $paramod$cd05caaf261e4148f336c0ecc488c806e4433d99$lut for cells of type $lut.
Using template $paramod$fdcae86fcfd036c1880a04306ae771a9d7579c31$lut for cells of type $lut.
Using template $paramod$1780bd352ec1af971e2f8a4e64b861091a94595b$lut for cells of type $lut.
Using template $paramod$288ab8481316136ea3e3f683d345747dffb4c3c5$lut for cells of type $lut.
Using template $paramod$1bf62ab10e48d71d6497bccacf5c70420c470fe9$lut for cells of type $lut.
Using template $paramod$lut\WIDTH=32'00000000000000000000000000000011\LUT=8'00101000 for cells of type $lut.
No more expansions possible.
<suppressed ~8013 debug messages>
Removed 0 unused cells and 9284 unused wires.

10.55. Executing AUTONAME pass.
Renamed 12645 objects in module upduino_known.
<suppressed ~12645 debug messages>

10.56. Executing HIERARCHY pass (managing design hierarchy).
Attribute `top' found on module `upduino_known'. Setting top module to upduino_known.

10.56.1. Analyzing design hierarchy..
Top module:  \upduino_known

10.56.2. Analyzing design hierarchy..
Top module:  \upduino_known
Removed 0 unused modules.

10.57. Printing statistics.

=== upduino_known ===

        +----------Local Count, excluding submodules.
        |
     5362 wires
    14860 wire bits
     5362 public wires
    14860 public wire bits
        7 ports
        7 port bits
       45 cells
       11   $scopeinfo
        1   SB_HFOSC
        4   SB_MAC16
       28   SB_RAM40_4K
        1   SB_SPRAM256KA
     7528 submodules
     1693   SB_CARRY
      100   SB_DFF
      299   SB_DFFE
     1054   SB_DFFESR
       40   SB_DFFESS
      160   SB_DFFSR
     4182   SB_LUT4

=== design hierarchy ===

        +----------Count including submodules.
        |
       45 upduino_known

        +----------Count including submodules.
        |
     5362 wires
    14860 wire bits
     5362 public wires
    14860 public wire bits
        7 ports
        7 port bits
        - memories
        - memory bits
        - processes
       45 cells
       11   $scopeinfo
        1   SB_HFOSC
        4   SB_MAC16
       28   SB_RAM40_4K
        1   SB_SPRAM256KA
     7528 submodules
     1693   SB_CARRY
      100   SB_DFF
      299   SB_DFFE
     1054   SB_DFFESR
       40   SB_DFFESS
      160   SB_DFFSR
     4182   SB_LUT4

10.58. Executing CHECK pass (checking for obvious problems).
Checking module upduino_known...
Found and reported 0 problems.

10.59. Executing JSON backend.

11. Printing statistics.

=== upduino_known ===

        +----------Local Count, excluding submodules.
        |
     5362 wires
    14860 wire bits
     5362 public wires
    14860 public wire bits
        7 ports
        7 port bits
     7573 cells
       11   $scopeinfo
     1693   SB_CARRY
      100   SB_DFF
      299   SB_DFFE
     1054   SB_DFFESR
       40   SB_DFFESS
      160   SB_DFFSR
        1   SB_HFOSC
     4182   SB_LUT4
        4   SB_MAC16
       28   SB_RAM40_4K
        1   SB_SPRAM256KA
