
-- Executing script file `./build/hardware-2026-09-10/runs/l1-wake/board_neighbor_l1_hfosc12/synth.ys' --

1. Executing Verilog-2005 frontend: rtl/core/vib_coeff_rom.sv
Parsing SystemVerilog input from `rtl/core/vib_coeff_rom.sv' to AST representation.
Storing AST representation for module `$abstract\vib_coeff_rom'.
Successfully finished Verilog frontend.

2. Executing Verilog-2005 frontend: rtl/core/vibration_core.sv
Parsing SystemVerilog input from `rtl/core/vibration_core.sv' to AST representation.
Storing AST representation for module `$abstract\vibration_core'.
Successfully finished Verilog frontend.

3. Executing Verilog-2005 frontend: rtl/core/sync_fifo.sv
Parsing SystemVerilog input from `rtl/core/sync_fifo.sv' to AST representation.
Storing AST representation for module `$abstract\sync_fifo'.
Successfully finished Verilog frontend.

4. Executing Verilog-2005 frontend: rtl/platform/spram16k.sv
Parsing SystemVerilog input from `rtl/platform/spram16k.sv' to AST representation.
Storing AST representation for module `$abstract\spram16k'.
Successfully finished Verilog frontend.

5. Executing Verilog-2005 frontend: rtl/io/spi_master.sv
Parsing SystemVerilog input from `rtl/io/spi_master.sv' to AST representation.
Storing AST representation for module `$abstract\spi_master'.
Successfully finished Verilog frontend.

6. Executing Verilog-2005 frontend: rtl/io/flash_stream.sv
Parsing SystemVerilog input from `rtl/io/flash_stream.sv' to AST representation.
Storing AST representation for module `$abstract\flash_stream'.
Successfully finished Verilog frontend.

7. Executing Verilog-2005 frontend: rtl/io/replay_source.sv
Parsing SystemVerilog input from `rtl/io/replay_source.sv' to AST representation.
Storing AST representation for module `$abstract\replay_source'.
Successfully finished Verilog frontend.

8. Executing Verilog-2005 frontend: rtl/upduino_replay.sv
Parsing SystemVerilog input from `rtl/upduino_replay.sv' to AST representation.
Storing AST representation for module `$abstract\upduino_replay'.
Storing AST representation for module `$abstract\replay_system'.
Storing AST representation for module `$abstract\replay_fifo'.
Successfully finished Verilog frontend.
Parameter \LANES = 1
Parameter \INTERNAL_OSC = 1
Parameter \BANDS = 3
Parameter \MODEL_DIR = 600'001011110101010101110011011001010111001001110011001011110111001101110100011000010110111001101100011001010111100100101111010001000110010101110011011010110111010001101111011100000010111111100110100101011001100111100110100111011001000000101111010001100110000101101100011011000010000000110010001100000011001000110110001011110110010001101001011001110110100101110100011000010110110000100000011010010110001100101111011000010111001001110100011010010110011001100001011000110111010001110011001011110110110101101111011001000110010101101100010111110110111001100101011010010110011101101000011000100110111101110010
Parameter \HIDDEN_SHIFT = 8
Parameter \MODEL_HASH = 256'0001011110100001011111110001110100001110011001100100010111110101110010111000101011100010011101010000001001000011000011011011111010111001000111110001110001110111010111100001001100010101001110011001000001110010100100000100101011111101110011011010101100010010

9. Executing AST frontend in derive mode using pre-parsed AST for module `\upduino_replay'.
Parameter \LANES = 1
Parameter \INTERNAL_OSC = 1
Parameter \BANDS = 3
Parameter \MODEL_DIR = 600'001011110101010101110011011001010111001001110011001011110111001101110100011000010110111001101100011001010111100100101111010001000110010101110011011010110111010001101111011100000010111111100110100101011001100111100110100111011001000000101111010001100110000101101100011011000010000000110010001100000011001000110110001011110110010001101001011001110110100101110100011000010110110000100000011010010110001100101111011000010111001001110100011010010110011001100001011000110111010001110011001011110110110101101111011001000110010101101100010111110110111001100101011010010110011101101000011000100110111101110010
Parameter \HIDDEN_SHIFT = 8
Parameter \MODEL_HASH = 256'0001011110100001011111110001110100001110011001100100010111110101110010111000101011100010011101010000001001000011000011011011111010111001000111110001110001110111010111100001001100010101001110011001000001110010100100000100101011111101110011011010101100010010
Generating RTLIL representation for module `$paramod$19883e4189e2606090149b643ba55795c20c7f5f\upduino_replay'.

10. Executing SYNTH_ICE40 pass.

10.1. Executing Verilog-2005 frontend: ./.tools/oss-cad-suite/libexec/../share/yosys/ice40/cells_sim.v
Parsing Verilog input from `./.tools/oss-cad-suite/libexec/../share/yosys/ice40/cells_sim.v' to AST representation.
Generating RTLIL representation for module `\SB_IO'.
Generating RTLIL representation for module `\SB_GB_IO'.
Generating RTLIL representation for module `\SB_GB'.
Generating RTLIL representation for module `\SB_LUT4'.
Generating RTLIL representation for module `\SB_CARRY'.
Generating RTLIL representation for module `\SB_DFF'.
Generating RTLIL representation for module `\SB_DFFE'.
Generating RTLIL representation for module `\SB_DFFSR'.
Generating RTLIL representation for module `\SB_DFFR'.
Generating RTLIL representation for module `\SB_DFFSS'.
Generating RTLIL representation for module `\SB_DFFS'.
Generating RTLIL representation for module `\SB_DFFESR'.
Generating RTLIL representation for module `\SB_DFFER'.
Generating RTLIL representation for module `\SB_DFFESS'.
Generating RTLIL representation for module `\SB_DFFES'.
Generating RTLIL representation for module `\SB_DFFN'.
Generating RTLIL representation for module `\SB_DFFNE'.
Generating RTLIL representation for module `\SB_DFFNSR'.
Generating RTLIL representation for module `\SB_DFFNR'.
Generating RTLIL representation for module `\SB_DFFNSS'.
Generating RTLIL representation for module `\SB_DFFNS'.
Generating RTLIL representation for module `\SB_DFFNESR'.
Generating RTLIL representation for module `\SB_DFFNER'.
Generating RTLIL representation for module `\SB_DFFNESS'.
Generating RTLIL representation for module `\SB_DFFNES'.
Generating RTLIL representation for module `\SB_RAM40_4K'.
Generating RTLIL representation for module `\SB_RAM40_4KNR'.
Generating RTLIL representation for module `\SB_RAM40_4KNW'.
Generating RTLIL representation for module `\SB_RAM40_4KNRNW'.
Generating RTLIL representation for module `\ICESTORM_LC'.
Generating RTLIL representation for module `\SB_PLL40_CORE'.
Generating RTLIL representation for module `\SB_PLL40_PAD'.
Generating RTLIL representation for module `\SB_PLL40_2_PAD'.
Generating RTLIL representation for module `\SB_PLL40_2F_CORE'.
Generating RTLIL representation for module `\SB_PLL40_2F_PAD'.
Generating RTLIL representation for module `\SB_WARMBOOT'.
Generating RTLIL representation for module `\SB_SPRAM256KA'.
Generating RTLIL representation for module `\SB_HFOSC'.
Generating RTLIL representation for module `\SB_LFOSC'.
Generating RTLIL representation for module `\SB_RGBA_DRV'.
Generating RTLIL representation for module `\SB_LED_DRV_CUR'.
Generating RTLIL representation for module `\SB_RGB_DRV'.
Generating RTLIL representation for module `\SB_I2C'.
Generating RTLIL representation for module `\SB_SPI'.
Generating RTLIL representation for module `\SB_LEDDA_IP'.
Generating RTLIL representation for module `\SB_FILTER_50NS'.
Generating RTLIL representation for module `\SB_IO_I3C'.
Generating RTLIL representation for module `\SB_IO_OD'.
Generating RTLIL representation for module `\SB_MAC16'.
Generating RTLIL representation for module `\ICESTORM_RAM'.
Successfully finished Verilog frontend.

10.2. Executing HIERARCHY pass (managing design hierarchy).

10.3. Executing AST frontend in derive mode using pre-parsed AST for module `\upduino_replay'.
Generating RTLIL representation for module `\upduino_replay'.

10.3.1. Analyzing design hierarchy..
Top module:  \upduino_replay
Parameter \LANES = 1
Parameter \BANDS = 3
Parameter \MODEL_DIR = 600'001011110101010101110011011001010111001001110011001011110111001101110100011000010110111001101100011001010111100100101111010001000110010101110011011010110111010001101111011100000010111111100110100101011001100111100110100111011001000000101111010001100110000101101100011011000010000000110010001100000011001000110110001011110110010001101001011001110110100101110100011000010110110000100000011010010110001100101111011000010111001001110100011010010110011001100001011000110111010001110011001011110110110101101111011001000110010101101100010111110110111001100101011010010110011101101000011000100110111101110010
Parameter \HIDDEN_SHIFT = 8
Parameter \MODEL_HASH = 256'0001011110100001011111110001110100001110011001100100010111110101110010111000101011100010011101010000001001000011000011011011111010111001000111110001110001110111010111100001001100010101001110011001000001110010100100000100101011111101110011011010101100010010
Parameter \TAIL_TIMEOUT = 1200000

10.3.2. Executing AST frontend in derive mode using pre-parsed AST for module `\replay_system'.
Parameter \LANES = 1
Parameter \BANDS = 3
Parameter \MODEL_DIR = 600'001011110101010101110011011001010111001001110011001011110111001101110100011000010110111001101100011001010111100100101111010001000110010101110011011010110111010001101111011100000010111111100110100101011001100111100110100111011001000000101111010001100110000101101100011011000010000000110010001100000011001000110110001011110110010001101001011001110110100101110100011000010110110000100000011010010110001100101111011000010111001001110100011010010110011001100001011000110111010001110011001011110110110101101111011001000110010101101100010111110110111001100101011010010110011101101000011000100110111101110010
Parameter \HIDDEN_SHIFT = 8
Parameter \MODEL_HASH = 256'0001011110100001011111110001110100001110011001100100010111110101110010111000101011100010011101010000001001000011000011011011111010111001000111110001110001110111010111100001001100010101001110011001000001110010100100000100101011111101110011011010101100010010
Parameter \TAIL_TIMEOUT = 1200000
Generating RTLIL representation for module `$paramod$a8d9e5618d08157bc2c8e9d2e07ce983284599f4\replay_system'.

10.3.3. Analyzing design hierarchy..
Top module:  \upduino_replay
Used module:     $paramod$a8d9e5618d08157bc2c8e9d2e07ce983284599f4\replay_system

10.3.4. Executing AST frontend in derive mode using pre-parsed AST for module `\spram16k'.
Generating RTLIL representation for module `\spram16k'.
Parameter \LANES = 1
Parameter \BANDS = 3
Parameter \MODEL_DIR = 600'001011110101010101110011011001010111001001110011001011110111001101110100011000010110111001101100011001010111100100101111010001000110010101110011011010110111010001101111011100000010111111100110100101011001100111100110100111011001000000101111010001100110000101101100011011000010000000110010001100000011001000110110001011110110010001101001011001110110100101110100011000010110110000100000011010010110001100101111011000010111001001110100011010010110011001100001011000110111010001110011001011110110110101101111011001000110010101101100010111110110111001100101011010010110011101101000011000100110111101110010
Parameter \HIDDEN_SHIFT = 8

10.3.5. Executing AST frontend in derive mode using pre-parsed AST for module `\vibration_core'.
Parameter \LANES = 1
Parameter \BANDS = 3
Parameter \MODEL_DIR = 600'001011110101010101110011011001010111001001110011001011110111001101110100011000010110111001101100011001010111100100101111010001000110010101110011011010110111010001101111011100000010111111100110100101011001100111100110100111011001000000101111010001100110000101101100011011000010000000110010001100000011001000110110001011110110010001101001011001110110100101110100011000010110110000100000011010010110001100101111011000010111001001110100011010010110011001100001011000110111010001110011001011110110110101101111011001000110010101101100010111110110111001100101011010010110011101101000011000100110111101110010
Parameter \HIDDEN_SHIFT = 8
Generating RTLIL representation for module `$paramod$ed27a80ce8e9c8cdb72402fae5cc7062e38f5eed\vibration_core'.
Warning: Replacing memory \product with list of registers. See rtl/core/vibration_core.sv:216
Warning: Replacing memory \phase with list of registers. See rtl/core/vibration_core.sv:270
Warning: Replacing memory \accumulator with list of registers. See rtl/core/vibration_core.sv:270
Warning: Replacing memory \operand_b with list of registers. See rtl/core/vibration_core.sv:224
Warning: Replacing memory \operand_a with list of registers. See rtl/core/vibration_core.sv:224

10.3.6. Executing AST frontend in derive mode using pre-parsed AST for module `\replay_fifo'.
Generating RTLIL representation for module `\replay_fifo'.

10.3.7. Executing AST frontend in derive mode using pre-parsed AST for module `\replay_source'.
Generating RTLIL representation for module `\replay_source'.

10.3.8. Executing AST frontend in derive mode using pre-parsed AST for module `\flash_stream'.
Generating RTLIL representation for module `\flash_stream'.

10.3.9. Analyzing design hierarchy..
Top module:  \upduino_replay
Used module:     $paramod$a8d9e5618d08157bc2c8e9d2e07ce983284599f4\replay_system
Used module:         \spram16k
Used module:         $paramod$ed27a80ce8e9c8cdb72402fae5cc7062e38f5eed\vibration_core
Used module:         \replay_fifo
Used module:         \replay_source
Used module:         \flash_stream
Parameter \CPOL = 0
Parameter \CPHA = 0
Parameter \HALF_PERIOD = 1

10.3.10. Executing AST frontend in derive mode using pre-parsed AST for module `\spi_master'.
Parameter \CPOL = 0
Parameter \CPHA = 0
Parameter \HALF_PERIOD = 1
Generating RTLIL representation for module `$paramod$78dc09561539cbddd67c345fb430e65d2d8515c0\spi_master'.
Parameter \N = 1024
Parameter \MODEL_DIR = 600'001011110101010101110011011001010111001001110011001011110111001101110100011000010110111001101100011001010111100100101111010001000110010101110011011010110111010001101111011100000010111111100110100101011001100111100110100111011001000000101111010001100110000101101100011011000010000000110010001100000011001000110110001011110110010001101001011001110110100101110100011000010110110000100000011010010110001100101111011000010111001001110100011010010110011001100001011000110111010001110011001011110110110101101111011001000110010101101100010111110110111001100101011010010110011101101000011000100110111101110010

10.3.11. Executing AST frontend in derive mode using pre-parsed AST for module `\vib_coeff_rom'.
Parameter \N = 1024
Parameter \MODEL_DIR = 600'001011110101010101110011011001010111001001110011001011110111001101110100011000010110111001101100011001010111100100101111010001000110010101110011011010110111010001101111011100000010111111100110100101011001100111100110100111011001000000101111010001100110000101101100011011000010000000110010001100000011001000110110001011110110010001101001011001110110100101110100011000010110110000100000011010010110001100101111011000010111001001110100011010010110011001100001011000110111010001110011001011110110110101101111011001000110010101101100010111110110111001100101011010010110011101101000011000100110111101110010
Generating RTLIL representation for module `$paramod$ea48439dded9a7c914470dcea54bb6988d9224bf\vib_coeff_rom'.
Parameter \N = 1024
Parameter \HANN = 1
Parameter \MODEL_DIR = 600'001011110101010101110011011001010111001001110011001011110111001101110100011000010110111001101100011001010111100100101111010001000110010101110011011010110111010001101111011100000010111111100110100101011001100111100110100111011001000000101111010001100110000101101100011011000010000000110010001100000011001000110110001011110110010001101001011001110110100101110100011000010110110000100000011010010110001100101111011000010111001001110100011010010110011001100001011000110111010001110011001011110110110101101111011001000110010101101100010111110110111001100101011010010110011101101000011000100110111101110010

10.3.12. Executing AST frontend in derive mode using pre-parsed AST for module `\vib_coeff_rom'.
Parameter \N = 1024
Parameter \HANN = 1
Parameter \MODEL_DIR = 600'001011110101010101110011011001010111001001110011001011110111001101110100011000010110111001101100011001010111100100101111010001000110010101110011011010110111010001101111011100000010111111100110100101011001100111100110100111011001000000101111010001100110000101101100011011000010000000110010001100000011001000110110001011110110010001101001011001110110100101110100011000010110110000100000011010010110001100101111011000010111001001110100011010010110011001100001011000110111010001110011001011110110110101101111011001000110010101101100010111110110111001100101011010010110011101101000011000100110111101110010
Generating RTLIL representation for module `$paramod$c0e8b3b86a5ee2d1e6e803371652dd23b3cd3c98\vib_coeff_rom'.
Reprocessing module $paramod$ed27a80ce8e9c8cdb72402fae5cc7062e38f5eed\vibration_core because instantiated module $paramod$ea48439dded9a7c914470dcea54bb6988d9224bf\vib_coeff_rom has become available.
Generating RTLIL representation for module `$paramod$ed27a80ce8e9c8cdb72402fae5cc7062e38f5eed\vibration_core'.
Warning: Replacing memory \product with list of registers. See rtl/core/vibration_core.sv:216
Warning: Replacing memory \phase with list of registers. See rtl/core/vibration_core.sv:270
Warning: Replacing memory \accumulator with list of registers. See rtl/core/vibration_core.sv:270
Warning: Replacing memory \operand_b with list of registers. See rtl/core/vibration_core.sv:224
Warning: Replacing memory \operand_a with list of registers. See rtl/core/vibration_core.sv:224

10.3.13. Analyzing design hierarchy..
Top module:  \upduino_replay
Used module:     $paramod$a8d9e5618d08157bc2c8e9d2e07ce983284599f4\replay_system
Used module:         \spram16k
Used module:         $paramod$ed27a80ce8e9c8cdb72402fae5cc7062e38f5eed\vibration_core
Used module:         \replay_fifo
Used module:         \replay_source
Used module:         \flash_stream
Used module:             $paramod$78dc09561539cbddd67c345fb430e65d2d8515c0\spi_master
Parameter \N = 1024
Parameter \MODEL_DIR = 600'001011110101010101110011011001010111001001110011001011110111001101110100011000010110111001101100011001010111100100101111010001000110010101110011011010110111010001101111011100000010111111100110100101011001100111100110100111011001000000101111010001100110000101101100011011000010000000110010001100000011001000110110001011110110010001101001011001110110100101110100011000010110110000100000011010010110001100101111011000010111001001110100011010010110011001100001011000110111010001110011001011110110110101101111011001000110010101101100010111110110111001100101011010010110011101101000011000100110111101110010
Found cached RTLIL representation for module `$paramod$ea48439dded9a7c914470dcea54bb6988d9224bf\vib_coeff_rom'.
Parameter \N = 1024
Parameter \HANN = 1
Parameter \MODEL_DIR = 600'001011110101010101110011011001010111001001110011001011110111001101110100011000010110111001101100011001010111100100101111010001000110010101110011011010110111010001101111011100000010111111100110100101011001100111100110100111011001000000101111010001100110000101101100011011000010000000110010001100000011001000110110001011110110010001101001011001110110100101110100011000010110110000100000011010010110001100101111011000010111001001110100011010010110011001100001011000110111010001110011001011110110110101101111011001000110010101101100010111110110111001100101011010010110011101101000011000100110111101110010
Found cached RTLIL representation for module `$paramod$c0e8b3b86a5ee2d1e6e803371652dd23b3cd3c98\vib_coeff_rom'.

10.3.14. Analyzing design hierarchy..
Top module:  \upduino_replay
Used module:     $paramod$a8d9e5618d08157bc2c8e9d2e07ce983284599f4\replay_system
Used module:         \spram16k
Used module:         $paramod$ed27a80ce8e9c8cdb72402fae5cc7062e38f5eed\vibration_core
Used module:             $paramod$ea48439dded9a7c914470dcea54bb6988d9224bf\vib_coeff_rom
Used module:             $paramod$c0e8b3b86a5ee2d1e6e803371652dd23b3cd3c98\vib_coeff_rom
Used module:         \replay_fifo
Used module:         \replay_source
Used module:         \flash_stream
Used module:             $paramod$78dc09561539cbddd67c345fb430e65d2d8515c0\spi_master

10.3.15. Analyzing design hierarchy..
Top module:  \upduino_replay
Used module:     $paramod$a8d9e5618d08157bc2c8e9d2e07ce983284599f4\replay_system
Used module:         \spram16k
Used module:         $paramod$ed27a80ce8e9c8cdb72402fae5cc7062e38f5eed\vibration_core
Used module:             $paramod$ea48439dded9a7c914470dcea54bb6988d9224bf\vib_coeff_rom
Used module:             $paramod$c0e8b3b86a5ee2d1e6e803371652dd23b3cd3c98\vib_coeff_rom
Used module:         \replay_fifo
Used module:         \replay_source
Used module:         \flash_stream
Used module:             $paramod$78dc09561539cbddd67c345fb430e65d2d8515c0\spi_master
Removing unused module `$abstract\replay_fifo'.
Removing unused module `$abstract\replay_system'.
Removing unused module `$abstract\upduino_replay'.
Removing unused module `$abstract\replay_source'.
Removing unused module `$abstract\flash_stream'.
Removing unused module `$abstract\spi_master'.
Removing unused module `$abstract\spram16k'.
Removing unused module `$abstract\sync_fifo'.
Removing unused module `$abstract\vibration_core'.
Removing unused module `$abstract\vib_coeff_rom'.
Removed 10 unused modules.

10.4. Executing PROC pass (convert processes to netlists).

10.4.1. Executing PROC_CLEAN pass (remove empty switches from decision trees).
Removing empty process `$paramod$ed27a80ce8e9c8cdb72402fae5cc7062e38f5eed\vibration_core.$proc$rtl/core/vibration_core.sv:212$2277'.
Removing empty process `$paramod$ed27a80ce8e9c8cdb72402fae5cc7062e38f5eed\vibration_core.$proc$rtl/core/vibration_core.sv:80$2276'.
Removing empty process `$paramod$ed27a80ce8e9c8cdb72402fae5cc7062e38f5eed\vibration_core.$proc$rtl/core/vibration_core.sv:73$2275'.
Found and cleaned up 6 empty switches in `$paramod$ed27a80ce8e9c8cdb72402fae5cc7062e38f5eed\vibration_core.$proc$rtl/core/vibration_core.sv:259$1659'.
Found and cleaned up 1 empty switch in `$paramod$ed27a80ce8e9c8cdb72402fae5cc7062e38f5eed\vibration_core.$proc$rtl/core/vibration_core.sv:246$1585'.
Found and cleaned up 1 empty switch in `$paramod$ed27a80ce8e9c8cdb72402fae5cc7062e38f5eed\vibration_core.$proc$rtl/core/vibration_core.sv:222$1549'.
Removing empty process `$paramod$ea48439dded9a7c914470dcea54bb6988d9224bf\vib_coeff_rom.$proc$rtl/core/vib_coeff_rom.sv:24$1464'.
Found and cleaned up 2 empty switches in `$paramod$78dc09561539cbddd67c345fb430e65d2d8515c0\spi_master.$proc$rtl/io/spi_master.sv:29$1442'.
Removing empty process `$paramod$c0e8b3b86a5ee2d1e6e803371652dd23b3cd3c98\vib_coeff_rom.$proc$rtl/core/vib_coeff_rom.sv:22$1478'.
Cleaned up 10 empty switches.

10.4.2. Executing PROC_RMDEAD pass (remove dead branches from decision trees).
Marked 43 switch rules as full_case in process $proc$rtl/core/vibration_core.sv:259$1659 in module $paramod$ed27a80ce8e9c8cdb72402fae5cc7062e38f5eed\vibration_core.
Marked 5 switch rules as full_case in process $proc$rtl/core/vibration_core.sv:246$1585 in module $paramod$ed27a80ce8e9c8cdb72402fae5cc7062e38f5eed\vibration_core.
Marked 3 switch rules as full_case in process $proc$rtl/core/vibration_core.sv:222$1549 in module $paramod$ed27a80ce8e9c8cdb72402fae5cc7062e38f5eed\vibration_core.
Marked 6 switch rules as full_case in process $proc$rtl/io/spi_master.sv:29$1442 in module $paramod$78dc09561539cbddd67c345fb430e65d2d8515c0\spi_master.
Marked 10 switch rules as full_case in process $proc$rtl/io/flash_stream.sv:69$1405 in module flash_stream.
Removed 1 dead cases from process $proc$rtl/io/flash_stream.sv:48$1400 in module flash_stream.
Marked 2 switch rules as full_case in process $proc$rtl/io/flash_stream.sv:48$1400 in module flash_stream.
Marked 4 switch rules as full_case in process $proc$rtl/io/replay_source.sv:21$1371 in module replay_source.
Marked 2 switch rules as full_case in process $proc$rtl/upduino_replay.sv:347$1365 in module replay_fifo.
Removed 1 dead cases from process $proc$rtl/upduino_replay.sv:214$435 in module $paramod$a8d9e5618d08157bc2c8e9d2e07ce983284599f4\replay_system.
Marked 18 switch rules as full_case in process $proc$rtl/upduino_replay.sv:214$435 in module $paramod$a8d9e5618d08157bc2c8e9d2e07ce983284599f4\replay_system.
Removed 1 dead cases from process $proc$rtl/upduino_replay.sv:167$418 in module $paramod$a8d9e5618d08157bc2c8e9d2e07ce983284599f4\replay_system.
Marked 6 switch rules as full_case in process $proc$rtl/upduino_replay.sv:167$418 in module $paramod$a8d9e5618d08157bc2c8e9d2e07ce983284599f4\replay_system.
Removed a total of 3 dead cases.

10.4.3. Executing PROC_PRUNE pass (remove redundant assignments in processes).
Removed 5 redundant assignments.
Promoted 138 assignments to connections.

10.4.4. Executing PROC_INIT pass (extract init attributes).
Found init rule in `\upduino_replay.$proc$rtl/upduino_replay.sv:25$398'.
  Set init value: \startup = 24'000000000000000000000000

10.4.5. Executing PROC_ARST pass (detect async resets in processes).

10.4.6. Executing PROC_ROM pass (convert switches to ROMs).
Converted 0 switches.
<suppressed ~167 debug messages>

10.4.7. Executing PROC_MUX pass (convert decision trees to multiplexers).
Creating decoders for process `$paramod$ed27a80ce8e9c8cdb72402fae5cc7062e38f5eed\vibration_core.$proc$rtl/core/vibration_core.sv:218$2274'.
Creating decoders for process `$paramod$ed27a80ce8e9c8cdb72402fae5cc7062e38f5eed\vibration_core.$proc$rtl/core/vibration_core.sv:203$2273'.
Creating decoders for process `$paramod$ed27a80ce8e9c8cdb72402fae5cc7062e38f5eed\vibration_core.$proc$rtl/core/vibration_core.sv:213$2269'.
     1/2: $0\product[0][31:0]
     2/2: $0\g_lane[0].selected_weight[7:0]
Creating decoders for process `$paramod$ed27a80ce8e9c8cdb72402fae5cc7062e38f5eed\vibration_core.$proc$rtl/core/vibration_core.sv:259$1659'.
     1/350: $4$memwr$\logits$rtl/core/vibration_core.sv:407$1518_EN[31:0]$2238
     2/350: $4$memwr$\logits$rtl/core/vibration_core.sv:407$1518_DATA[31:0]$2237
     3/350: $4$memwr$\logits$rtl/core/vibration_core.sv:407$1518_ADDR[1:0]$2236
     4/350: $5\relu_quant$func$rtl/core/vibration_core.sv:405$1502.$result[7:0]$2234
     5/350: $4\relu_quant$func$rtl/core/vibration_core.sv:405$1502.$result[7:0]$2232
     6/350: $4\rne$func$rtl/core/vibration_core.sv:173$1503.$result[39:0]$2219
     7/350: $4\rne$func$rtl/core/vibration_core.sv:173$1503.halfway[39:0]$2222
     8/350: $4\rne$func$rtl/core/vibration_core.sv:173$1503.remainder[39:0]$2221
     9/350: $4\rne$func$rtl/core/vibration_core.sv:173$1503.quotient[39:0]$2220
    10/350: $5\relu_quant$func$rtl/core/vibration_core.sv:403$1500.$result[7:0]$2218
    11/350: $4\relu_quant$func$rtl/core/vibration_core.sv:403$1500.$result[7:0]$2216
    12/350: $4\rne$func$rtl/core/vibration_core.sv:173$1501.$result[39:0]$2203
    13/350: $4\rne$func$rtl/core/vibration_core.sv:173$1501.halfway[39:0]$2206
    14/350: $4\rne$func$rtl/core/vibration_core.sv:173$1501.remainder[39:0]$2205
    15/350: $4\rne$func$rtl/core/vibration_core.sv:173$1501.quotient[39:0]$2204
    16/350: $3\relu_quant$func$rtl/core/vibration_core.sv:405$1502.$result[7:0]$2189
    17/350: $3\relu_quant$func$rtl/core/vibration_core.sv:405$1502.rounded[39:0]$2191
    18/350: $3\rne$func$rtl/core/vibration_core.sv:173$1503.halfway[39:0]$2196
    19/350: $3\rne$func$rtl/core/vibration_core.sv:173$1503.remainder[39:0]$2195
    20/350: $3\rne$func$rtl/core/vibration_core.sv:173$1503.quotient[39:0]$2194
    21/350: $3\rne$func$rtl/core/vibration_core.sv:173$1503.$result[39:0]$2192
    22/350: $3\rne$func$rtl/core/vibration_core.sv:173$1503.value[39:0]$2193
    23/350: $3\relu_quant$func$rtl/core/vibration_core.sv:405$1502.value[39:0]$2190
    24/350: $3$memwr$\hidden$rtl/core/vibration_core.sv:403$1517_EN[7:0]$2199
    25/350: $3$memwr$\hidden$rtl/core/vibration_core.sv:403$1517_DATA[7:0]$2198
    26/350: $3$memwr$\hidden$rtl/core/vibration_core.sv:403$1517_ADDR[3:0]$2197
    27/350: $3\relu_quant$func$rtl/core/vibration_core.sv:403$1500.$result[7:0]$2181
    28/350: $3\relu_quant$func$rtl/core/vibration_core.sv:403$1500.rounded[39:0]$2183
    29/350: $3\rne$func$rtl/core/vibration_core.sv:173$1501.halfway[39:0]$2188
    30/350: $3\rne$func$rtl/core/vibration_core.sv:173$1501.remainder[39:0]$2187
    31/350: $3\rne$func$rtl/core/vibration_core.sv:173$1501.quotient[39:0]$2186
    32/350: $3\rne$func$rtl/core/vibration_core.sv:173$1501.$result[39:0]$2184
    33/350: $3\rne$func$rtl/core/vibration_core.sv:173$1501.value[39:0]$2185
    34/350: $3\relu_quant$func$rtl/core/vibration_core.sv:403$1500.value[39:0]$2182
    35/350: $3$memwr$\logits$rtl/core/vibration_core.sv:407$1518_EN[31:0]$2202
    36/350: $3$memwr$\logits$rtl/core/vibration_core.sv:407$1518_DATA[31:0]$2201
    37/350: $3$memwr$\logits$rtl/core/vibration_core.sv:407$1518_ADDR[1:0]$2200
    38/350: $0\arithmetic_errors[7:0] [7:1]
    39/350: $0\arithmetic_errors[7:0] [0]
    40/350: $3\sat16$func$rtl/core/vibration_core.sv:344$1499.$result[15:0]$2141
    41/350: $3\rne$func$rtl/core/vibration_core.sv:344$1498.$result[39:0]$2128
    42/350: $3\rne$func$rtl/core/vibration_core.sv:344$1498.halfway[39:0]$2131
    43/350: $3\rne$func$rtl/core/vibration_core.sv:344$1498.remainder[39:0]$2130
    44/350: $3\rne$func$rtl/core/vibration_core.sv:344$1498.quotient[39:0]$2129
    45/350: $5\sat16$func$rtl/core/vibration_core.sv:342$1497.$result[15:0]$2126
    46/350: $4\sat16$func$rtl/core/vibration_core.sv:342$1497.$result[15:0]$2124
    47/350: $4\rne$func$rtl/core/vibration_core.sv:342$1496.$result[39:0]$2111
    48/350: $4\rne$func$rtl/core/vibration_core.sv:342$1496.halfway[39:0]$2114
    49/350: $4\rne$func$rtl/core/vibration_core.sv:342$1496.remainder[39:0]$2113
    50/350: $4\rne$func$rtl/core/vibration_core.sv:342$1496.quotient[39:0]$2112
    51/350: $5\sat16$func$rtl/core/vibration_core.sv:341$1495.$result[15:0]$2110
    52/350: $4\sat16$func$rtl/core/vibration_core.sv:341$1495.$result[15:0]$2108
    53/350: $4\rne$func$rtl/core/vibration_core.sv:341$1494.$result[39:0]$2095
    54/350: $4\rne$func$rtl/core/vibration_core.sv:341$1494.halfway[39:0]$2098
    55/350: $4\rne$func$rtl/core/vibration_core.sv:341$1494.remainder[39:0]$2097
    56/350: $4\rne$func$rtl/core/vibration_core.sv:341$1494.quotient[39:0]$2096
    57/350: $3$memwr$\imag_part$rtl/core/vibration_core.sv:341$1514_EN[15:0]$2091
    58/350: $3$memwr$\imag_part$rtl/core/vibration_core.sv:341$1514_DATA[15:0]$2090
    59/350: $3$memwr$\imag_part$rtl/core/vibration_core.sv:341$1514_ADDR[5:0]$2089
    60/350: $3\sat16$func$rtl/core/vibration_core.sv:341$1495.$result[15:0]$2080
    61/350: $3\sat16$func$rtl/core/vibration_core.sv:341$1495.value[39:0]$2081
    62/350: $3\rne$func$rtl/core/vibration_core.sv:341$1494.halfway[39:0]$2079
    63/350: $3\rne$func$rtl/core/vibration_core.sv:341$1494.remainder[39:0]$2078
    64/350: $3\rne$func$rtl/core/vibration_core.sv:341$1494.quotient[39:0]$2077
    65/350: $3\rne$func$rtl/core/vibration_core.sv:341$1494.$result[39:0]$2075
    66/350: $3\rne$func$rtl/core/vibration_core.sv:341$1494.value[39:0]$2076
    67/350: $3$memwr$\real_part$rtl/core/vibration_core.sv:342$1515_EN[15:0]$2094
    68/350: $3$memwr$\real_part$rtl/core/vibration_core.sv:342$1515_DATA[15:0]$2093
    69/350: $3$memwr$\real_part$rtl/core/vibration_core.sv:342$1515_ADDR[5:0]$2092
    70/350: $3\sat16$func$rtl/core/vibration_core.sv:342$1497.value[39:0]$2088
    71/350: $3\sat16$func$rtl/core/vibration_core.sv:342$1497.$result[15:0]$2087
    72/350: $3\rne$func$rtl/core/vibration_core.sv:342$1496.halfway[39:0]$2086
    73/350: $3\rne$func$rtl/core/vibration_core.sv:342$1496.remainder[39:0]$2085
    74/350: $3\rne$func$rtl/core/vibration_core.sv:342$1496.quotient[39:0]$2084
    75/350: $3\rne$func$rtl/core/vibration_core.sv:342$1496.value[39:0]$2083
    76/350: $3\rne$func$rtl/core/vibration_core.sv:342$1496.$result[39:0]$2082
    77/350: $4$lookahead\busy$1658[1:0]$2055
    78/350: $3$bitselwrite$pos$rtl/core/vibration_core.sv:322$1493[0:0]$2054
    79/350: $4\sat12$func$rtl/core/vibration_core.sv:321$1492.$result[15:0]$2052
    80/350: $3\sat12$func$rtl/core/vibration_core.sv:321$1492.$result[15:0]$2050
    81/350: $3\rne$func$rtl/core/vibration_core.sv:321$1491.$result[39:0]$2037
    82/350: $3\rne$func$rtl/core/vibration_core.sv:321$1491.halfway[39:0]$2040
    83/350: $3\rne$func$rtl/core/vibration_core.sv:321$1491.remainder[39:0]$2039
    84/350: $3\rne$func$rtl/core/vibration_core.sv:321$1491.quotient[39:0]$2038
    85/350: $3\rne$func$rtl/core/vibration_core.sv:315$1490.$result[39:0]$2025
    86/350: $3\rne$func$rtl/core/vibration_core.sv:315$1490.halfway[39:0]$2028
    87/350: $3\rne$func$rtl/core/vibration_core.sv:315$1490.remainder[39:0]$2027
    88/350: $3\rne$func$rtl/core/vibration_core.sv:315$1490.quotient[39:0]$2026
    89/350: $3\rne$func$rtl/core/vibration_core.sv:314$1489.$result[39:0]$2011
    90/350: $3\rne$func$rtl/core/vibration_core.sv:314$1489.halfway[39:0]$2014
    91/350: $3\rne$func$rtl/core/vibration_core.sv:314$1489.remainder[39:0]$2013
    92/350: $3\rne$func$rtl/core/vibration_core.sv:314$1489.quotient[39:0]$2012
    93/350: $3$lookahead\busy$1658[1:0]$1992
    94/350: $3$bitselwrite$pos$rtl/core/vibration_core.sv:308$1488[0:0]$1990
    95/350: $8$lookahead\full$1657[1:0]$1991
    96/350: $3$bitselwrite$pos$rtl/core/vibration_core.sv:308$1487[0:0]$1989
    97/350: $2$lookahead\busy$1658[1:0]$1987
    98/350: $7$lookahead\full$1657[1:0]$1986
    99/350: $2$bitselwrite$pos$rtl/core/vibration_core.sv:308$1488[0:0]$1913
   100/350: $2$bitselwrite$pos$rtl/core/vibration_core.sv:308$1487[0:0]$1912
   101/350: $2$memwr$\logits$rtl/core/vibration_core.sv:407$1518_EN[31:0]$1985
   102/350: $2$memwr$\logits$rtl/core/vibration_core.sv:407$1518_DATA[31:0]$1984
   103/350: $2$memwr$\logits$rtl/core/vibration_core.sv:407$1518_ADDR[1:0]$1983
   104/350: $2$memwr$\hidden$rtl/core/vibration_core.sv:403$1517_EN[7:0]$1982
   105/350: $2$memwr$\hidden$rtl/core/vibration_core.sv:403$1517_DATA[7:0]$1981
   106/350: $2$memwr$\hidden$rtl/core/vibration_core.sv:403$1517_ADDR[3:0]$1980
   107/350: $2$memwr$\features$rtl/core/vibration_core.sv:379$1516_EN[7:0]$1979
   108/350: $2$memwr$\features$rtl/core/vibration_core.sv:379$1516_DATA[7:0]$1978
   109/350: $2$memwr$\features$rtl/core/vibration_core.sv:379$1516_ADDR[3:0]$1977
   110/350: $2$memwr$\real_part$rtl/core/vibration_core.sv:342$1515_EN[15:0]$1976
   111/350: $2$memwr$\real_part$rtl/core/vibration_core.sv:342$1515_DATA[15:0]$1975
   112/350: $2$memwr$\real_part$rtl/core/vibration_core.sv:342$1515_ADDR[5:0]$1974
   113/350: $2$memwr$\imag_part$rtl/core/vibration_core.sv:341$1514_EN[15:0]$1973
   114/350: $2$memwr$\imag_part$rtl/core/vibration_core.sv:341$1514_DATA[15:0]$1972
   115/350: $2$memwr$\imag_part$rtl/core/vibration_core.sv:341$1514_ADDR[5:0]$1971
   116/350: $2$mem2bits$\frame_sums$rtl/core/vibration_core.sv:315$1513[25:0]$1970
   117/350: $2$mem2bits$\frame_sums$rtl/core/vibration_core.sv:314$1512[25:0]$1969
   118/350: $2\rne$func$rtl/core/vibration_core.sv:173$1503.halfway[39:0]$1968
   119/350: $2\rne$func$rtl/core/vibration_core.sv:173$1503.remainder[39:0]$1967
   120/350: $2\rne$func$rtl/core/vibration_core.sv:173$1503.quotient[39:0]$1966
   121/350: $2\rne$func$rtl/core/vibration_core.sv:173$1503.value[39:0]$1965
   122/350: $2\rne$func$rtl/core/vibration_core.sv:173$1503.$result[39:0]$1964
   123/350: $2\relu_quant$func$rtl/core/vibration_core.sv:405$1502.rounded[39:0]$1963
   124/350: $2\relu_quant$func$rtl/core/vibration_core.sv:405$1502.value[39:0]$1962
   125/350: $2\relu_quant$func$rtl/core/vibration_core.sv:405$1502.$result[7:0]$1961
   126/350: $2\rne$func$rtl/core/vibration_core.sv:173$1501.halfway[39:0]$1960
   127/350: $2\rne$func$rtl/core/vibration_core.sv:173$1501.remainder[39:0]$1959
   128/350: $2\rne$func$rtl/core/vibration_core.sv:173$1501.quotient[39:0]$1958
   129/350: $2\rne$func$rtl/core/vibration_core.sv:173$1501.value[39:0]$1957
   130/350: $2\rne$func$rtl/core/vibration_core.sv:173$1501.$result[39:0]$1956
   131/350: $2\relu_quant$func$rtl/core/vibration_core.sv:403$1500.rounded[39:0]$1955
   132/350: $2\relu_quant$func$rtl/core/vibration_core.sv:403$1500.value[39:0]$1954
   133/350: $2\relu_quant$func$rtl/core/vibration_core.sv:403$1500.$result[7:0]$1953
   134/350: $2\sat16$func$rtl/core/vibration_core.sv:344$1499.value[39:0]$1952
   135/350: $2\sat16$func$rtl/core/vibration_core.sv:344$1499.$result[15:0]$1951
   136/350: $2\rne$func$rtl/core/vibration_core.sv:344$1498.halfway[39:0]$1950
   137/350: $2\rne$func$rtl/core/vibration_core.sv:344$1498.remainder[39:0]$1949
   138/350: $2\rne$func$rtl/core/vibration_core.sv:344$1498.quotient[39:0]$1948
   139/350: $2\rne$func$rtl/core/vibration_core.sv:344$1498.value[39:0]$1947
   140/350: $2\rne$func$rtl/core/vibration_core.sv:344$1498.$result[39:0]$1946
   141/350: $2\sat16$func$rtl/core/vibration_core.sv:342$1497.value[39:0]$1945
   142/350: $2\sat16$func$rtl/core/vibration_core.sv:342$1497.$result[15:0]$1944
   143/350: $2\rne$func$rtl/core/vibration_core.sv:342$1496.halfway[39:0]$1943
   144/350: $2\rne$func$rtl/core/vibration_core.sv:342$1496.remainder[39:0]$1942
   145/350: $2\rne$func$rtl/core/vibration_core.sv:342$1496.quotient[39:0]$1941
   146/350: $2\rne$func$rtl/core/vibration_core.sv:342$1496.value[39:0]$1940
   147/350: $2\rne$func$rtl/core/vibration_core.sv:342$1496.$result[39:0]$1939
   148/350: $2\sat16$func$rtl/core/vibration_core.sv:341$1495.value[39:0]$1938
   149/350: $2\sat16$func$rtl/core/vibration_core.sv:341$1495.$result[15:0]$1937
   150/350: $2\rne$func$rtl/core/vibration_core.sv:341$1494.halfway[39:0]$1936
   151/350: $2\rne$func$rtl/core/vibration_core.sv:341$1494.remainder[39:0]$1935
   152/350: $2\rne$func$rtl/core/vibration_core.sv:341$1494.quotient[39:0]$1934
   153/350: $2\rne$func$rtl/core/vibration_core.sv:341$1494.value[39:0]$1933
   154/350: $2\rne$func$rtl/core/vibration_core.sv:341$1494.$result[39:0]$1932
   155/350: $2$bitselwrite$pos$rtl/core/vibration_core.sv:322$1493[0:0]$1931
   156/350: $2\sat12$func$rtl/core/vibration_core.sv:321$1492.value[39:0]$1930
   157/350: $2\sat12$func$rtl/core/vibration_core.sv:321$1492.$result[15:0]$1929
   158/350: $2\rne$func$rtl/core/vibration_core.sv:321$1491.halfway[39:0]$1928
   159/350: $2\rne$func$rtl/core/vibration_core.sv:321$1491.remainder[39:0]$1927
   160/350: $2\rne$func$rtl/core/vibration_core.sv:321$1491.quotient[39:0]$1926
   161/350: $2\rne$func$rtl/core/vibration_core.sv:321$1491.value[39:0]$1925
   162/350: $2\rne$func$rtl/core/vibration_core.sv:321$1491.$result[39:0]$1924
   163/350: $2\rne$func$rtl/core/vibration_core.sv:315$1490.halfway[39:0]$1923
   164/350: $2\rne$func$rtl/core/vibration_core.sv:315$1490.remainder[39:0]$1922
   165/350: $2\rne$func$rtl/core/vibration_core.sv:315$1490.quotient[39:0]$1921
   166/350: $2\rne$func$rtl/core/vibration_core.sv:315$1490.value[39:0]$1920
   167/350: $2\rne$func$rtl/core/vibration_core.sv:315$1490.$result[39:0]$1919
   168/350: $2\rne$func$rtl/core/vibration_core.sv:314$1489.halfway[39:0]$1918
   169/350: $2\rne$func$rtl/core/vibration_core.sv:314$1489.remainder[39:0]$1917
   170/350: $2\rne$func$rtl/core/vibration_core.sv:314$1489.quotient[39:0]$1916
   171/350: $2\rne$func$rtl/core/vibration_core.sv:314$1489.value[39:0]$1915
   172/350: $2\rne$func$rtl/core/vibration_core.sv:314$1489.$result[39:0]$1914
   173/350: $2\k[31:0]
   174/350: $6$memwr$\frame_sums$rtl/core/vibration_core.sv:290$1511_EN[25:0]$1875
   175/350: $6$memwr$\frame_sums$rtl/core/vibration_core.sv:290$1511_DATA[25:0]$1874
   176/350: $6$memwr$\frame_sums$rtl/core/vibration_core.sv:290$1511_ADDR[0:0]$1873
   177/350: $6$memwr$\frame_ids$rtl/core/vibration_core.sv:289$1510_EN[31:0]$1872
   178/350: $6$memwr$\frame_ids$rtl/core/vibration_core.sv:289$1510_DATA[31:0]$1871
   179/350: $6$memwr$\frame_ids$rtl/core/vibration_core.sv:289$1510_ADDR[0:0]$1870
   180/350: $6$lookahead\full$1657[1:0]$1876
   181/350: $6$bitselwrite$pos$rtl/core/vibration_core.sv:289$1486[0:0]$1869
   182/350: $5$lookahead\full$1657[1:0]$1867
   183/350: $5$memwr$\frame_sums$rtl/core/vibration_core.sv:290$1511_EN[25:0]$1866
   184/350: $5$memwr$\frame_sums$rtl/core/vibration_core.sv:290$1511_DATA[25:0]$1865
   185/350: $5$memwr$\frame_sums$rtl/core/vibration_core.sv:290$1511_ADDR[0:0]$1864
   186/350: $5$memwr$\frame_ids$rtl/core/vibration_core.sv:289$1510_EN[31:0]$1863
   187/350: $5$memwr$\frame_ids$rtl/core/vibration_core.sv:289$1510_DATA[31:0]$1862
   188/350: $5$memwr$\frame_ids$rtl/core/vibration_core.sv:289$1510_ADDR[0:0]$1861
   189/350: $5$bitselwrite$pos$rtl/core/vibration_core.sv:289$1486[0:0]$1860
   190/350: $4$lookahead\full$1657[1:0]$1858
   191/350: $4$memwr$\frame_sums$rtl/core/vibration_core.sv:290$1511_EN[25:0]$1857
   192/350: $4$memwr$\frame_sums$rtl/core/vibration_core.sv:290$1511_DATA[25:0]$1856
   193/350: $4$memwr$\frame_sums$rtl/core/vibration_core.sv:290$1511_ADDR[0:0]$1855
   194/350: $4$memwr$\frame_ids$rtl/core/vibration_core.sv:289$1510_EN[31:0]$1854
   195/350: $4$memwr$\frame_ids$rtl/core/vibration_core.sv:289$1510_DATA[31:0]$1853
   196/350: $4$memwr$\frame_ids$rtl/core/vibration_core.sv:289$1510_ADDR[0:0]$1852
   197/350: $4$bitselwrite$pos$rtl/core/vibration_core.sv:289$1486[0:0]$1851
   198/350: $3$lookahead\full$1657[1:0]$1848
   199/350: $3$memwr$\frame_sums$rtl/core/vibration_core.sv:290$1511_EN[25:0]$1847
   200/350: $3$memwr$\frame_sums$rtl/core/vibration_core.sv:290$1511_DATA[25:0]$1846
   201/350: $3$memwr$\frame_sums$rtl/core/vibration_core.sv:290$1511_ADDR[0:0]$1845
   202/350: $3$memwr$\frame_ids$rtl/core/vibration_core.sv:289$1510_EN[31:0]$1844
   203/350: $3$memwr$\frame_ids$rtl/core/vibration_core.sv:289$1510_DATA[31:0]$1843
   204/350: $3$memwr$\frame_ids$rtl/core/vibration_core.sv:289$1510_ADDR[0:0]$1842
   205/350: $3$bitselwrite$pos$rtl/core/vibration_core.sv:289$1486[0:0]$1841
   206/350: $2$lookahead\full$1657[1:0]$1840
   207/350: $2$memwr$\frame_sums$rtl/core/vibration_core.sv:290$1511_EN[25:0]$1839
   208/350: $2$memwr$\frame_sums$rtl/core/vibration_core.sv:290$1511_DATA[25:0]$1838
   209/350: $2$memwr$\frame_sums$rtl/core/vibration_core.sv:290$1511_ADDR[0:0]$1837
   210/350: $2$memwr$\frame_ids$rtl/core/vibration_core.sv:289$1510_EN[31:0]$1836
   211/350: $2$memwr$\frame_ids$rtl/core/vibration_core.sv:289$1510_DATA[31:0]$1835
   212/350: $2$memwr$\frame_ids$rtl/core/vibration_core.sv:289$1510_ADDR[0:0]$1834
   213/350: $2$bitselwrite$pos$rtl/core/vibration_core.sv:289$1486[0:0]$1833
   214/350: $1\k[31:0]
   215/350: $1$memwr$\logits$rtl/core/vibration_core.sv:271$1509_EN[31:0]$1806
   216/350: $1$memwr$\logits$rtl/core/vibration_core.sv:271$1508_EN[31:0]$1805
   217/350: $1$memwr$\logits$rtl/core/vibration_core.sv:271$1507_EN[31:0]$1804
   218/350: $0\dbg_valid[0:0]
   219/350: $1$lookahead\busy$1658[1:0]$1831
   220/350: $1$lookahead\full$1657[1:0]$1830
   221/350: $1$memwr$\logits$rtl/core/vibration_core.sv:407$1518_EN[31:0]$1829
   222/350: $1$memwr$\logits$rtl/core/vibration_core.sv:407$1518_DATA[31:0]$1828
   223/350: $1$memwr$\logits$rtl/core/vibration_core.sv:407$1518_ADDR[1:0]$1827
   224/350: $1$memwr$\hidden$rtl/core/vibration_core.sv:403$1517_EN[7:0]$1826
   225/350: $1$memwr$\hidden$rtl/core/vibration_core.sv:403$1517_DATA[7:0]$1825
   226/350: $1$memwr$\hidden$rtl/core/vibration_core.sv:403$1517_ADDR[3:0]$1824
   227/350: $1$memwr$\features$rtl/core/vibration_core.sv:379$1516_EN[7:0]$1823
   228/350: $1$memwr$\features$rtl/core/vibration_core.sv:379$1516_DATA[7:0]$1822
   229/350: $1$memwr$\features$rtl/core/vibration_core.sv:379$1516_ADDR[3:0]$1821
   230/350: $1$memwr$\real_part$rtl/core/vibration_core.sv:342$1515_EN[15:0]$1820
   231/350: $1$memwr$\real_part$rtl/core/vibration_core.sv:342$1515_DATA[15:0]$1819
   232/350: $1$memwr$\real_part$rtl/core/vibration_core.sv:342$1515_ADDR[5:0]$1818
   233/350: $1$memwr$\imag_part$rtl/core/vibration_core.sv:341$1514_EN[15:0]$1817
   234/350: $1$memwr$\imag_part$rtl/core/vibration_core.sv:341$1514_DATA[15:0]$1816
   235/350: $1$memwr$\imag_part$rtl/core/vibration_core.sv:341$1514_ADDR[5:0]$1815
   236/350: $1$mem2bits$\frame_sums$rtl/core/vibration_core.sv:315$1513[25:0]$1814
   237/350: $1$mem2bits$\frame_sums$rtl/core/vibration_core.sv:314$1512[25:0]$1813
   238/350: $1$memwr$\frame_sums$rtl/core/vibration_core.sv:290$1511_EN[25:0]$1812
   239/350: $1$memwr$\frame_sums$rtl/core/vibration_core.sv:290$1511_DATA[25:0]$1811
   240/350: $1$memwr$\frame_sums$rtl/core/vibration_core.sv:290$1511_ADDR[0:0]$1810
   241/350: $1$memwr$\frame_ids$rtl/core/vibration_core.sv:289$1510_EN[31:0]$1809
   242/350: $1$memwr$\frame_ids$rtl/core/vibration_core.sv:289$1510_DATA[31:0]$1808
   243/350: $1$memwr$\frame_ids$rtl/core/vibration_core.sv:289$1510_ADDR[0:0]$1807
   244/350: $1\rne$func$rtl/core/vibration_core.sv:173$1503.halfway[39:0]$1803
   245/350: $1\rne$func$rtl/core/vibration_core.sv:173$1503.remainder[39:0]$1802
   246/350: $1\rne$func$rtl/core/vibration_core.sv:173$1503.quotient[39:0]$1801
   247/350: $1\rne$func$rtl/core/vibration_core.sv:173$1503.value[39:0]$1800
   248/350: $1\rne$func$rtl/core/vibration_core.sv:173$1503.$result[39:0]$1799
   249/350: $1\relu_quant$func$rtl/core/vibration_core.sv:405$1502.rounded[39:0]$1798
   250/350: $1\relu_quant$func$rtl/core/vibration_core.sv:405$1502.value[39:0]$1797
   251/350: $1\relu_quant$func$rtl/core/vibration_core.sv:405$1502.$result[7:0]$1796
   252/350: $1\rne$func$rtl/core/vibration_core.sv:173$1501.halfway[39:0]$1795
   253/350: $1\rne$func$rtl/core/vibration_core.sv:173$1501.remainder[39:0]$1794
   254/350: $1\rne$func$rtl/core/vibration_core.sv:173$1501.quotient[39:0]$1793
   255/350: $1\rne$func$rtl/core/vibration_core.sv:173$1501.value[39:0]$1792
   256/350: $1\rne$func$rtl/core/vibration_core.sv:173$1501.$result[39:0]$1791
   257/350: $1\relu_quant$func$rtl/core/vibration_core.sv:403$1500.rounded[39:0]$1790
   258/350: $1\relu_quant$func$rtl/core/vibration_core.sv:403$1500.value[39:0]$1789
   259/350: $1\relu_quant$func$rtl/core/vibration_core.sv:403$1500.$result[7:0]$1788
   260/350: $1\sat16$func$rtl/core/vibration_core.sv:344$1499.value[39:0]$1787
   261/350: $1\sat16$func$rtl/core/vibration_core.sv:344$1499.$result[15:0]$1786
   262/350: $1\rne$func$rtl/core/vibration_core.sv:344$1498.halfway[39:0]$1785
   263/350: $1\rne$func$rtl/core/vibration_core.sv:344$1498.remainder[39:0]$1784
   264/350: $1\rne$func$rtl/core/vibration_core.sv:344$1498.quotient[39:0]$1783
   265/350: $1\rne$func$rtl/core/vibration_core.sv:344$1498.value[39:0]$1782
   266/350: $1\rne$func$rtl/core/vibration_core.sv:344$1498.$result[39:0]$1781
   267/350: $1\sat16$func$rtl/core/vibration_core.sv:342$1497.value[39:0]$1780
   268/350: $1\sat16$func$rtl/core/vibration_core.sv:342$1497.$result[15:0]$1779
   269/350: $1\rne$func$rtl/core/vibration_core.sv:342$1496.halfway[39:0]$1778
   270/350: $1\rne$func$rtl/core/vibration_core.sv:342$1496.remainder[39:0]$1777
   271/350: $1\rne$func$rtl/core/vibration_core.sv:342$1496.quotient[39:0]$1776
   272/350: $1\rne$func$rtl/core/vibration_core.sv:342$1496.value[39:0]$1775
   273/350: $1\rne$func$rtl/core/vibration_core.sv:342$1496.$result[39:0]$1774
   274/350: $1\sat16$func$rtl/core/vibration_core.sv:341$1495.value[39:0]$1773
   275/350: $1\sat16$func$rtl/core/vibration_core.sv:341$1495.$result[15:0]$1772
   276/350: $1\rne$func$rtl/core/vibration_core.sv:341$1494.halfway[39:0]$1771
   277/350: $1\rne$func$rtl/core/vibration_core.sv:341$1494.remainder[39:0]$1770
   278/350: $1\rne$func$rtl/core/vibration_core.sv:341$1494.quotient[39:0]$1769
   279/350: $1\rne$func$rtl/core/vibration_core.sv:341$1494.value[39:0]$1768
   280/350: $1\rne$func$rtl/core/vibration_core.sv:341$1494.$result[39:0]$1767
   281/350: $1$bitselwrite$pos$rtl/core/vibration_core.sv:322$1493[0:0]$1766
   282/350: $1\sat12$func$rtl/core/vibration_core.sv:321$1492.value[39:0]$1765
   283/350: $1\sat12$func$rtl/core/vibration_core.sv:321$1492.$result[15:0]$1764
   284/350: $1\rne$func$rtl/core/vibration_core.sv:321$1491.halfway[39:0]$1763
   285/350: $1\rne$func$rtl/core/vibration_core.sv:321$1491.remainder[39:0]$1762
   286/350: $1\rne$func$rtl/core/vibration_core.sv:321$1491.quotient[39:0]$1761
   287/350: $1\rne$func$rtl/core/vibration_core.sv:321$1491.value[39:0]$1760
   288/350: $1\rne$func$rtl/core/vibration_core.sv:321$1491.$result[39:0]$1759
   289/350: $1\rne$func$rtl/core/vibration_core.sv:315$1490.halfway[39:0]$1758
   290/350: $1\rne$func$rtl/core/vibration_core.sv:315$1490.remainder[39:0]$1757
   291/350: $1\rne$func$rtl/core/vibration_core.sv:315$1490.quotient[39:0]$1756
   292/350: $1\rne$func$rtl/core/vibration_core.sv:315$1490.value[39:0]$1755
   293/350: $1\rne$func$rtl/core/vibration_core.sv:315$1490.$result[39:0]$1754
   294/350: $1\rne$func$rtl/core/vibration_core.sv:314$1489.halfway[39:0]$1753
   295/350: $1\rne$func$rtl/core/vibration_core.sv:314$1489.remainder[39:0]$1752
   296/350: $1\rne$func$rtl/core/vibration_core.sv:314$1489.quotient[39:0]$1751
   297/350: $1\rne$func$rtl/core/vibration_core.sv:314$1489.value[39:0]$1750
   298/350: $1\rne$func$rtl/core/vibration_core.sv:314$1489.$result[39:0]$1749
   299/350: $1$bitselwrite$pos$rtl/core/vibration_core.sv:308$1488[0:0]$1748
   300/350: $1$bitselwrite$pos$rtl/core/vibration_core.sv:308$1487[0:0]$1747
   301/350: $1$bitselwrite$pos$rtl/core/vibration_core.sv:289$1486[0:0]$1746
   302/350: $0\phase[0][9:0]
   303/350: $0\accumulator[0][39:0]
   304/350: $0\count_total[18:0]
   305/350: $0\count_nn[9:0]
   306/350: $0\count_power[9:0]
   307/350: $0\count_dft[18:0]
   308/350: $0\count_pre[11:0]
   309/350: $4\sat16$func$rtl/core/vibration_core.sv:344$1499.$result[15:0]$2143
   310/350: $0\activation_q[7:0]
   311/350: $0\nn_input[3:0]
   312/350: $0\nn_group[3:0]
   313/350: $0\nn_layer[0:0]
   314/350: $0\quant_sticky[0:0]
   315/350: $0\quant_guard[0:0]
   316/350: $0\quant_remaining[7:0]
   317/350: $0\quant_work[32:0]
   318/350: $0\power_sum[32:0]
   319/350: $0\band_sum[32:0]
   320/350: $0\band_part[1:0]
   321/350: $0\power_index[5:0]
   322/350: $0\feature_index[3:0]
   323/350: $0\store_lane[0:0]
   324/350: $0\dft_group[6:0]
   325/350: $0\mean[15:0]
   326/350: $0\point[9:0]
   327/350: $0\active_id[31:0]
   328/350: $0\input_sum[25:0]
   329/350: $0\receiving_id[31:0]
   330/350: $0\input_index[9:0]
   331/350: $0\draining[0:0]
   332/350: $0\receiving[0:0]
   333/350: $0\active_bank[0:0]
   334/350: $0\read_bank[0:0]
   335/350: $0\write_bank[0:0]
   336/350: $0\dbg_value[39:0]
   337/350: $0\dbg_index[15:0]
   338/350: $0\dbg_kind[3:0]
   339/350: $0\out_error[7:0]
   340/350: $0\out_class[1:0]
   341/350: $0\out_logits[95:0]
   342/350: $0\out_frame_id[31:0]
   343/350: $0\out_valid[0:0]
   344/350: $0\protocol_errors[31:0]
   345/350: $0\cycles_total[31:0]
   346/350: $0\cycles_nn[31:0]
   347/350: $0\cycles_power[31:0]
   348/350: $0\cycles_dft[31:0]
   349/350: $0\cycles_pre[31:0]
   350/350: $0\state[4:0]
Creating decoders for process `$paramod$ed27a80ce8e9c8cdb72402fae5cc7062e38f5eed\vibration_core.$proc$rtl/core/vibration_core.sv:246$1585'.
     1/30: $3\sat12$func$rtl/core/vibration_core.sv:254$1485.$result[15:0]$1654
     2/30: $2\sat12$func$rtl/core/vibration_core.sv:254$1485.$result[15:0]$1652
     3/30: $2\rne$func$rtl/core/vibration_core.sv:254$1484.$result[39:0]$1639
     4/30: $2\rne$func$rtl/core/vibration_core.sv:254$1484.halfway[39:0]$1642
     5/30: $2\rne$func$rtl/core/vibration_core.sv:254$1484.remainder[39:0]$1641
     6/30: $2\rne$func$rtl/core/vibration_core.sv:254$1484.quotient[39:0]$1640
     7/30: $1$memwr$\windowed$rtl/core/vibration_core.sv:254$1506_EN[15:0]$1638
     8/30: $1$memwr$\windowed$rtl/core/vibration_core.sv:254$1506_DATA[15:0]$1637
     9/30: $1$memwr$\windowed$rtl/core/vibration_core.sv:254$1506_ADDR[9:0]$1636
    10/30: $1\sat12$func$rtl/core/vibration_core.sv:254$1485.$result[15:0]$1634
    11/30: $1\sat12$func$rtl/core/vibration_core.sv:254$1485.value[39:0]$1635
    12/30: $1\rne$func$rtl/core/vibration_core.sv:254$1484.halfway[39:0]$1633
    13/30: $1\rne$func$rtl/core/vibration_core.sv:254$1484.remainder[39:0]$1632
    14/30: $1\rne$func$rtl/core/vibration_core.sv:254$1484.quotient[39:0]$1631
    15/30: $1\rne$func$rtl/core/vibration_core.sv:254$1484.$result[39:0]$1629
    16/30: $1\rne$func$rtl/core/vibration_core.sv:254$1484.value[39:0]$1630
    17/30: $2$memwr$\raw1$rtl/core/vibration_core.sv:248$1504_EN[15:0]$1616
    18/30: $2$memwr$\raw1$rtl/core/vibration_core.sv:248$1504_DATA[15:0]$1615
    19/30: $2$memwr$\raw1$rtl/core/vibration_core.sv:248$1504_ADDR[31:0]$1614
    20/30: $2$memwr$\raw0$rtl/core/vibration_core.sv:249$1505_EN[15:0]$1619
    21/30: $2$memwr$\raw0$rtl/core/vibration_core.sv:249$1505_DATA[15:0]$1618
    22/30: $2$memwr$\raw0$rtl/core/vibration_core.sv:249$1505_ADDR[31:0]$1617
    23/30: $1$memwr$\raw0$rtl/core/vibration_core.sv:249$1505_EN[15:0]$1613
    24/30: $1$memwr$\raw0$rtl/core/vibration_core.sv:249$1505_DATA[15:0]$1612
    25/30: $1$memwr$\raw0$rtl/core/vibration_core.sv:249$1505_ADDR[31:0]$1611
    26/30: $1$memwr$\raw1$rtl/core/vibration_core.sv:248$1504_EN[15:0]$1610
    27/30: $1$memwr$\raw1$rtl/core/vibration_core.sv:248$1504_DATA[15:0]$1609
    28/30: $1$memwr$\raw1$rtl/core/vibration_core.sv:248$1504_ADDR[31:0]$1608
    29/30: $0\sample_q[15:0]
    30/30: $0\raw_q[15:0]
Creating decoders for process `$paramod$ed27a80ce8e9c8cdb72402fae5cc7062e38f5eed\vibration_core.$proc$rtl/core/vibration_core.sv:222$1549'.
     1/17: $3\sat12$func$rtl/core/vibration_core.sv:228$1483.$result[15:0]$1580
     2/17: $2\sat12$func$rtl/core/vibration_core.sv:228$1483.$result[15:0]$1578
     3/17: $2\rne$func$rtl/core/vibration_core.sv:228$1482.$result[39:0]$1565
     4/17: $2\rne$func$rtl/core/vibration_core.sv:228$1482.halfway[39:0]$1568
     5/17: $2\rne$func$rtl/core/vibration_core.sv:228$1482.remainder[39:0]$1567
     6/17: $2\rne$func$rtl/core/vibration_core.sv:228$1482.quotient[39:0]$1566
     7/17: $1\operand_b[0][15:0]
     8/17: $1\operand_a[0][15:0]
     9/17: $1\sat12$func$rtl/core/vibration_core.sv:228$1483.$result[15:0]$1562
    10/17: $1\sat12$func$rtl/core/vibration_core.sv:228$1483.value[39:0]$1563
    11/17: $1\rne$func$rtl/core/vibration_core.sv:228$1482.halfway[39:0]$1561
    12/17: $1\rne$func$rtl/core/vibration_core.sv:228$1482.remainder[39:0]$1560
    13/17: $1\rne$func$rtl/core/vibration_core.sv:228$1482.quotient[39:0]$1559
    14/17: $1\rne$func$rtl/core/vibration_core.sv:228$1482.$result[39:0]$1557
    15/17: $1\rne$func$rtl/core/vibration_core.sv:228$1482.value[39:0]$1558
    16/17: $1\multiply_enable[0:0]
    17/17: $1\m[31:0]
Creating decoders for process `$paramod$ea48439dded9a7c914470dcea54bb6988d9224bf\vib_coeff_rom.$proc$rtl/core/vib_coeff_rom.sv:26$1453'.
     1/3: $0\is_zero[0:0]
     2/3: $0\negative[0:0]
     3/3: $0\magnitude[15:0]
Creating decoders for process `$paramod$78dc09561539cbddd67c345fb430e65d2d8515c0\spi_master.$proc$rtl/io/spi_master.sv:29$1442'.
     1/12: $0\rx_valid[0:0]
     2/12: $0\last_byte[0:0]
     3/12: $0\finishing[0:0]
     4/12: $0\byte_active[0:0]
     5/12: $0\edge_count[3:0]
     6/12: $0\rx_shift[7:0]
     7/12: $0\tx_shift[7:0]
     8/12: $0\divider[0:0]
     9/12: $0\cs_n[0:0]
    10/12: $0\mosi[0:0]
    11/12: $0\sclk[0:0]
    12/12: $0\rx_data[7:0]
Creating decoders for process `\flash_stream.$proc$rtl/io/flash_stream.sv:69$1405'.
     1/11: $0\done[0:0]
     2/11: $0\polls[15:0]
     3/11: $0\header_index[1:0]
     4/11: $0\remaining[15:0]
     5/11: $0\writing[0:0]
     6/11: $0\wake_count[7:0]
     7/11: $0\address[23:0]
     8/11: $0\error[0:0]
     9/11: $0\rd_data[7:0]
    10/11: $0\rd_valid[0:0]
    11/11: $0\state[3:0]
Creating decoders for process `\flash_stream.$proc$rtl/io/flash_stream.sv:48$1400'.
     1/4: $2\tx_data[7:0]
     2/4: $1\tx_data[7:0]
     3/4: $1\tx_last[0:0]
     4/4: $1\tx_valid[0:0]
Creating decoders for process `\replay_source.$proc$rtl/io/replay_source.sv:21$1371'.
     1/11: $0\sample_valid[0:0]
     2/11: $0\read_address[13:0]
     3/11: $0\generated_count[19:0]
     4/11: $0\current_frame[9:0]
     5/11: $0\active[0:0]
     6/11: $0\phase[15:0]
     7/11: $0\point[9:0]
     8/11: $0\finished[0:0]
     9/11: $0\sample_last[0:0]
    10/11: $0\frame_id[31:0]
    11/11: $0\sample[15:0]
Creating decoders for process `\replay_fifo.$proc$rtl/upduino_replay.sv:347$1365'.
     1/5: $0\wp[0:0]
     2/5: $0\rp[0:0]
     3/5: $0\slot1[48:0]
     4/5: $0\slot0[48:0]
     5/5: $0\occupancy[1:0]
Creating decoders for process `$paramod$c0e8b3b86a5ee2d1e6e803371652dd23b3cd3c98\vib_coeff_rom.$proc$rtl/core/vib_coeff_rom.sv:26$1467'.
     1/3: $0\is_zero[0:0]
     2/3: $0\negative[0:0]
     3/3: $0\magnitude[15:0]
Creating decoders for process `$paramod$a8d9e5618d08157bc2c8e9d2e07ce983284599f4\replay_system.$proc$rtl/upduino_replay.sv:214$435'.
     1/57: $0\error_flags[7:0] [7]
     2/57: $0\error_flags[7:0] [6]
     3/57: $0\error_flags[7:0] [5]
     4/57: $3\crc_byte$func$rtl/upduino_replay.sv:291$400.i[31:0]$499
     5/57: $3\crc_byte$func$rtl/upduino_replay.sv:291$400.c[31:0]$498
     6/57: $3\crc_byte$func$rtl/upduino_replay.sv:291$400.data[7:0]$497
     7/57: $3\crc_byte$func$rtl/upduino_replay.sv:291$400.prior[31:0]$496
     8/57: $0\error_flags[7:0] [2]
     9/57: $0\error_flags[7:0] [1]
    10/57: $0\error_flags[7:0] [0]
    11/57: $2\crc_byte$func$rtl/upduino_replay.sv:291$400.c[31:0]$462
    12/57: $2\crc_byte$func$rtl/upduino_replay.sv:291$400.data[7:0]$461
    13/57: $2\crc_byte$func$rtl/upduino_replay.sv:291$400.prior[31:0]$460
    14/57: $2\crc_byte$func$rtl/upduino_replay.sv:291$400.$result[31:0]$459
    15/57: $3\crc_byte$func$rtl/upduino_replay.sv:291$400.$result[31:0]$495
    16/57: $0\error_flags[7:0] [4]
    17/57: $0\error_flags[7:0] [3]
    18/57: $2\crc_byte$func$rtl/upduino_replay.sv:291$400.i[31:0]$463
    19/57: $1\crc_byte$func$rtl/upduino_replay.sv:291$400.i[31:0]$445
    20/57: $1\crc_byte$func$rtl/upduino_replay.sv:291$400.c[31:0]$444
    21/57: $1\crc_byte$func$rtl/upduino_replay.sv:291$400.data[7:0]$443
    22/57: $1\crc_byte$func$rtl/upduino_replay.sv:291$400.prior[31:0]$442
    23/57: $1\crc_byte$func$rtl/upduino_replay.sv:291$400.$result[31:0]$441
    24/57: $0\page_remaining[8:0]
    25/57: $0\write_kind[1:0]
    26/57: $0\write_end[16:0]
    27/57: $0\write_position[16:0]
    28/57: $0\result_count[9:0]
    29/57: $0\record_maxfifo[1:0]
    30/57: $0\record_protocol[31:0]
    31/57: $0\record_accepted[19:0]
    32/57: $0\record_generated[19:0]
    33/57: $0\record_word[4:0]
    34/57: $0\storing[0:0]
    35/57: $0\tail_cycles[20:0]
    36/57: $0\max_fifo[1:0]
    37/57: $0\accepted_samples[19:0]
    38/57: $0\overflow_count[19:0]
    39/57: $0\load_data[15:0]
    40/57: $0\load_address[13:0]
    41/57: $0\low_byte[7:0]
    42/57: $0\payload_size[15:0]
    43/57: $0\crc[31:0]
    44/57: $0\expected_crc[31:0]
    45/57: $0\period_cycles[15:0]
    46/57: $0\run_frames[9:0]
    47/57: $0\source_frames[4:0]
    48/57: $0\log_scan_chunk[1:0]
    49/57: $0\log_blank[0:0]
    50/57: $0\byte_index[15:0]
    51/57: $0\hash_bad[0:0]
    52/57: $0\header_bad[0:0]
    53/57: $0\header_word[31:0]
    54/57: $0\existing_log[0:0]
    55/57: $0\committed[0:0]
    56/57: $0\load_we[0:0]
    57/57: $0\state[3:0]
Creating decoders for process `$paramod$a8d9e5618d08157bc2c8e9d2e07ce983284599f4\replay_system.$proc$rtl/upduino_replay.sv:167$418'.
     1/11: $4\wr_data[7:0]
     2/11: $3\wr_data[7:0]
     3/11: $2\wr_data[7:0]
     4/11: $1\cmd_length[15:0]
     5/11: $1\cmd_address[23:0]
     6/11: $1\cmd_valid[0:0]
     7/11: $1\wr_data[7:0]
     8/11: $1\wr_valid[0:0]
     9/11: $1\cmd_write[0:0]
    10/11: $1\selected_record_word[31:0]
    11/11: $1\log_header_word$func$rtl/upduino_replay.sv:170$399.$result[31:0]$421
Creating decoders for process `\upduino_replay.$proc$rtl/upduino_replay.sv:25$398'.
Creating decoders for process `\upduino_replay.$proc$rtl/upduino_replay.sv:27$396'.
     1/1: $0\startup[23:0]

10.4.8. Executing PROC_DLATCH pass (convert process syncs to latches).
No latch inferred for signal `$paramod$ed27a80ce8e9c8cdb72402fae5cc7062e38f5eed\vibration_core.\weight_q[0]' from process `$paramod$ed27a80ce8e9c8cdb72402fae5cc7062e38f5eed\vibration_core.$proc$rtl/core/vibration_core.sv:218$2274'.
No latch inferred for signal `$paramod$ed27a80ce8e9c8cdb72402fae5cc7062e38f5eed\vibration_core.\coefficient[0]' from process `$paramod$ed27a80ce8e9c8cdb72402fae5cc7062e38f5eed\vibration_core.$proc$rtl/core/vibration_core.sv:203$2273'.
No latch inferred for signal `$paramod$ed27a80ce8e9c8cdb72402fae5cc7062e38f5eed\vibration_core.\multiply_enable' from process `$paramod$ed27a80ce8e9c8cdb72402fae5cc7062e38f5eed\vibration_core.$proc$rtl/core/vibration_core.sv:222$1549'.
No latch inferred for signal `$paramod$ed27a80ce8e9c8cdb72402fae5cc7062e38f5eed\vibration_core.\m' from process `$paramod$ed27a80ce8e9c8cdb72402fae5cc7062e38f5eed\vibration_core.$proc$rtl/core/vibration_core.sv:222$1549'.
No latch inferred for signal `$paramod$ed27a80ce8e9c8cdb72402fae5cc7062e38f5eed\vibration_core.\operand_a[0]' from process `$paramod$ed27a80ce8e9c8cdb72402fae5cc7062e38f5eed\vibration_core.$proc$rtl/core/vibration_core.sv:222$1549'.
No latch inferred for signal `$paramod$ed27a80ce8e9c8cdb72402fae5cc7062e38f5eed\vibration_core.\operand_b[0]' from process `$paramod$ed27a80ce8e9c8cdb72402fae5cc7062e38f5eed\vibration_core.$proc$rtl/core/vibration_core.sv:222$1549'.
No latch inferred for signal `\flash_stream.\tx_valid' from process `\flash_stream.$proc$rtl/io/flash_stream.sv:48$1400'.
No latch inferred for signal `\flash_stream.\tx_last' from process `\flash_stream.$proc$rtl/io/flash_stream.sv:48$1400'.
No latch inferred for signal `\flash_stream.\tx_data' from process `\flash_stream.$proc$rtl/io/flash_stream.sv:48$1400'.
No latch inferred for signal `$paramod$a8d9e5618d08157bc2c8e9d2e07ce983284599f4\replay_system.\cmd_valid' from process `$paramod$a8d9e5618d08157bc2c8e9d2e07ce983284599f4\replay_system.$proc$rtl/upduino_replay.sv:167$418'.
No latch inferred for signal `$paramod$a8d9e5618d08157bc2c8e9d2e07ce983284599f4\replay_system.\cmd_write' from process `$paramod$a8d9e5618d08157bc2c8e9d2e07ce983284599f4\replay_system.$proc$rtl/upduino_replay.sv:167$418'.
No latch inferred for signal `$paramod$a8d9e5618d08157bc2c8e9d2e07ce983284599f4\replay_system.\wr_valid' from process `$paramod$a8d9e5618d08157bc2c8e9d2e07ce983284599f4\replay_system.$proc$rtl/upduino_replay.sv:167$418'.
No latch inferred for signal `$paramod$a8d9e5618d08157bc2c8e9d2e07ce983284599f4\replay_system.\rd_ready' from process `$paramod$a8d9e5618d08157bc2c8e9d2e07ce983284599f4\replay_system.$proc$rtl/upduino_replay.sv:167$418'.
No latch inferred for signal `$paramod$a8d9e5618d08157bc2c8e9d2e07ce983284599f4\replay_system.\cmd_address' from process `$paramod$a8d9e5618d08157bc2c8e9d2e07ce983284599f4\replay_system.$proc$rtl/upduino_replay.sv:167$418'.
No latch inferred for signal `$paramod$a8d9e5618d08157bc2c8e9d2e07ce983284599f4\replay_system.\cmd_length' from process `$paramod$a8d9e5618d08157bc2c8e9d2e07ce983284599f4\replay_system.$proc$rtl/upduino_replay.sv:167$418'.
No latch inferred for signal `$paramod$a8d9e5618d08157bc2c8e9d2e07ce983284599f4\replay_system.\wr_data' from process `$paramod$a8d9e5618d08157bc2c8e9d2e07ce983284599f4\replay_system.$proc$rtl/upduino_replay.sv:167$418'.
No latch inferred for signal `$paramod$a8d9e5618d08157bc2c8e9d2e07ce983284599f4\replay_system.\selected_header_word' from process `$paramod$a8d9e5618d08157bc2c8e9d2e07ce983284599f4\replay_system.$proc$rtl/upduino_replay.sv:167$418'.
No latch inferred for signal `$paramod$a8d9e5618d08157bc2c8e9d2e07ce983284599f4\replay_system.\selected_record_word' from process `$paramod$a8d9e5618d08157bc2c8e9d2e07ce983284599f4\replay_system.$proc$rtl/upduino_replay.sv:167$418'.

10.4.9. Executing PROC_DFF pass (convert process syncs to FFs).
Creating register for signal `$paramod$ed27a80ce8e9c8cdb72402fae5cc7062e38f5eed\vibration_core.\g_lane[0].selected_weight' using process `$paramod$ed27a80ce8e9c8cdb72402fae5cc7062e38f5eed\vibration_core.$proc$rtl/core/vibration_core.sv:213$2269'.
  created $dff cell `$procdff$9397' with positive edge clock.
Creating register for signal `$paramod$ed27a80ce8e9c8cdb72402fae5cc7062e38f5eed\vibration_core.\product[0]' using process `$paramod$ed27a80ce8e9c8cdb72402fae5cc7062e38f5eed\vibration_core.$proc$rtl/core/vibration_core.sv:213$2269'.
  created $dff cell `$procdff$9398' with positive edge clock.
Creating register for signal `$paramod$ed27a80ce8e9c8cdb72402fae5cc7062e38f5eed\vibration_core.\state' using process `$paramod$ed27a80ce8e9c8cdb72402fae5cc7062e38f5eed\vibration_core.$proc$rtl/core/vibration_core.sv:259$1659'.
  created $dff cell `$procdff$9399' with positive edge clock.
Creating register for signal `$paramod$ed27a80ce8e9c8cdb72402fae5cc7062e38f5eed\vibration_core.\cycles_pre' using process `$paramod$ed27a80ce8e9c8cdb72402fae5cc7062e38f5eed\vibration_core.$proc$rtl/core/vibration_core.sv:259$1659'.
  created $dff cell `$procdff$9400' with positive edge clock.
Creating register for signal `$paramod$ed27a80ce8e9c8cdb72402fae5cc7062e38f5eed\vibration_core.\cycles_dft' using process `$paramod$ed27a80ce8e9c8cdb72402fae5cc7062e38f5eed\vibration_core.$proc$rtl/core/vibration_core.sv:259$1659'.
  created $dff cell `$procdff$9401' with positive edge clock.
Creating register for signal `$paramod$ed27a80ce8e9c8cdb72402fae5cc7062e38f5eed\vibration_core.\cycles_power' using process `$paramod$ed27a80ce8e9c8cdb72402fae5cc7062e38f5eed\vibration_core.$proc$rtl/core/vibration_core.sv:259$1659'.
  created $dff cell `$procdff$9402' with positive edge clock.
Creating register for signal `$paramod$ed27a80ce8e9c8cdb72402fae5cc7062e38f5eed\vibration_core.\cycles_nn' using process `$paramod$ed27a80ce8e9c8cdb72402fae5cc7062e38f5eed\vibration_core.$proc$rtl/core/vibration_core.sv:259$1659'.
  created $dff cell `$procdff$9403' with positive edge clock.
Creating register for signal `$paramod$ed27a80ce8e9c8cdb72402fae5cc7062e38f5eed\vibration_core.\cycles_total' using process `$paramod$ed27a80ce8e9c8cdb72402fae5cc7062e38f5eed\vibration_core.$proc$rtl/core/vibration_core.sv:259$1659'.
  created $dff cell `$procdff$9404' with positive edge clock.
Creating register for signal `$paramod$ed27a80ce8e9c8cdb72402fae5cc7062e38f5eed\vibration_core.\protocol_errors' using process `$paramod$ed27a80ce8e9c8cdb72402fae5cc7062e38f5eed\vibration_core.$proc$rtl/core/vibration_core.sv:259$1659'.
  created $dff cell `$procdff$9405' with positive edge clock.
Creating register for signal `$paramod$ed27a80ce8e9c8cdb72402fae5cc7062e38f5eed\vibration_core.\out_valid' using process `$paramod$ed27a80ce8e9c8cdb72402fae5cc7062e38f5eed\vibration_core.$proc$rtl/core/vibration_core.sv:259$1659'.
  created $dff cell `$procdff$9406' with positive edge clock.
Creating register for signal `$paramod$ed27a80ce8e9c8cdb72402fae5cc7062e38f5eed\vibration_core.\out_frame_id' using process `$paramod$ed27a80ce8e9c8cdb72402fae5cc7062e38f5eed\vibration_core.$proc$rtl/core/vibration_core.sv:259$1659'.
  created $dff cell `$procdff$9407' with positive edge clock.
Creating register for signal `$paramod$ed27a80ce8e9c8cdb72402fae5cc7062e38f5eed\vibration_core.\out_logits' using process `$paramod$ed27a80ce8e9c8cdb72402fae5cc7062e38f5eed\vibration_core.$proc$rtl/core/vibration_core.sv:259$1659'.
  created $dff cell `$procdff$9408' with positive edge clock.
Creating register for signal `$paramod$ed27a80ce8e9c8cdb72402fae5cc7062e38f5eed\vibration_core.\out_class' using process `$paramod$ed27a80ce8e9c8cdb72402fae5cc7062e38f5eed\vibration_core.$proc$rtl/core/vibration_core.sv:259$1659'.
  created $dff cell `$procdff$9409' with positive edge clock.
Creating register for signal `$paramod$ed27a80ce8e9c8cdb72402fae5cc7062e38f5eed\vibration_core.\out_error' using process `$paramod$ed27a80ce8e9c8cdb72402fae5cc7062e38f5eed\vibration_core.$proc$rtl/core/vibration_core.sv:259$1659'.
  created $dff cell `$procdff$9410' with positive edge clock.
Creating register for signal `$paramod$ed27a80ce8e9c8cdb72402fae5cc7062e38f5eed\vibration_core.\dbg_valid' using process `$paramod$ed27a80ce8e9c8cdb72402fae5cc7062e38f5eed\vibration_core.$proc$rtl/core/vibration_core.sv:259$1659'.
  created $dff cell `$procdff$9411' with positive edge clock.
Creating register for signal `$paramod$ed27a80ce8e9c8cdb72402fae5cc7062e38f5eed\vibration_core.\dbg_kind' using process `$paramod$ed27a80ce8e9c8cdb72402fae5cc7062e38f5eed\vibration_core.$proc$rtl/core/vibration_core.sv:259$1659'.
  created $dff cell `$procdff$9412' with positive edge clock.
Creating register for signal `$paramod$ed27a80ce8e9c8cdb72402fae5cc7062e38f5eed\vibration_core.\dbg_index' using process `$paramod$ed27a80ce8e9c8cdb72402fae5cc7062e38f5eed\vibration_core.$proc$rtl/core/vibration_core.sv:259$1659'.
  created $dff cell `$procdff$9413' with positive edge clock.
Creating register for signal `$paramod$ed27a80ce8e9c8cdb72402fae5cc7062e38f5eed\vibration_core.\dbg_value' using process `$paramod$ed27a80ce8e9c8cdb72402fae5cc7062e38f5eed\vibration_core.$proc$rtl/core/vibration_core.sv:259$1659'.
  created $dff cell `$procdff$9414' with positive edge clock.
Creating register for signal `$paramod$ed27a80ce8e9c8cdb72402fae5cc7062e38f5eed\vibration_core.\full' using process `$paramod$ed27a80ce8e9c8cdb72402fae5cc7062e38f5eed\vibration_core.$proc$rtl/core/vibration_core.sv:259$1659'.
  created $dff cell `$procdff$9415' with positive edge clock.
Creating register for signal `$paramod$ed27a80ce8e9c8cdb72402fae5cc7062e38f5eed\vibration_core.\busy' using process `$paramod$ed27a80ce8e9c8cdb72402fae5cc7062e38f5eed\vibration_core.$proc$rtl/core/vibration_core.sv:259$1659'.
  created $dff cell `$procdff$9416' with positive edge clock.
Creating register for signal `$paramod$ed27a80ce8e9c8cdb72402fae5cc7062e38f5eed\vibration_core.\write_bank' using process `$paramod$ed27a80ce8e9c8cdb72402fae5cc7062e38f5eed\vibration_core.$proc$rtl/core/vibration_core.sv:259$1659'.
  created $dff cell `$procdff$9417' with positive edge clock.
Creating register for signal `$paramod$ed27a80ce8e9c8cdb72402fae5cc7062e38f5eed\vibration_core.\read_bank' using process `$paramod$ed27a80ce8e9c8cdb72402fae5cc7062e38f5eed\vibration_core.$proc$rtl/core/vibration_core.sv:259$1659'.
  created $dff cell `$procdff$9418' with positive edge clock.
Creating register for signal `$paramod$ed27a80ce8e9c8cdb72402fae5cc7062e38f5eed\vibration_core.\active_bank' using process `$paramod$ed27a80ce8e9c8cdb72402fae5cc7062e38f5eed\vibration_core.$proc$rtl/core/vibration_core.sv:259$1659'.
  created $dff cell `$procdff$9419' with positive edge clock.
Creating register for signal `$paramod$ed27a80ce8e9c8cdb72402fae5cc7062e38f5eed\vibration_core.\receiving' using process `$paramod$ed27a80ce8e9c8cdb72402fae5cc7062e38f5eed\vibration_core.$proc$rtl/core/vibration_core.sv:259$1659'.
  created $dff cell `$procdff$9420' with positive edge clock.
Creating register for signal `$paramod$ed27a80ce8e9c8cdb72402fae5cc7062e38f5eed\vibration_core.\draining' using process `$paramod$ed27a80ce8e9c8cdb72402fae5cc7062e38f5eed\vibration_core.$proc$rtl/core/vibration_core.sv:259$1659'.
  created $dff cell `$procdff$9421' with positive edge clock.
Creating register for signal `$paramod$ed27a80ce8e9c8cdb72402fae5cc7062e38f5eed\vibration_core.\input_index' using process `$paramod$ed27a80ce8e9c8cdb72402fae5cc7062e38f5eed\vibration_core.$proc$rtl/core/vibration_core.sv:259$1659'.
  created $dff cell `$procdff$9422' with positive edge clock.
Creating register for signal `$paramod$ed27a80ce8e9c8cdb72402fae5cc7062e38f5eed\vibration_core.\receiving_id' using process `$paramod$ed27a80ce8e9c8cdb72402fae5cc7062e38f5eed\vibration_core.$proc$rtl/core/vibration_core.sv:259$1659'.
  created $dff cell `$procdff$9423' with positive edge clock.
Creating register for signal `$paramod$ed27a80ce8e9c8cdb72402fae5cc7062e38f5eed\vibration_core.\input_sum' using process `$paramod$ed27a80ce8e9c8cdb72402fae5cc7062e38f5eed\vibration_core.$proc$rtl/core/vibration_core.sv:259$1659'.
  created $dff cell `$procdff$9424' with positive edge clock.
Creating register for signal `$paramod$ed27a80ce8e9c8cdb72402fae5cc7062e38f5eed\vibration_core.\active_id' using process `$paramod$ed27a80ce8e9c8cdb72402fae5cc7062e38f5eed\vibration_core.$proc$rtl/core/vibration_core.sv:259$1659'.
  created $dff cell `$procdff$9425' with positive edge clock.
Creating register for signal `$paramod$ed27a80ce8e9c8cdb72402fae5cc7062e38f5eed\vibration_core.\point' using process `$paramod$ed27a80ce8e9c8cdb72402fae5cc7062e38f5eed\vibration_core.$proc$rtl/core/vibration_core.sv:259$1659'.
  created $dff cell `$procdff$9426' with positive edge clock.
Creating register for signal `$paramod$ed27a80ce8e9c8cdb72402fae5cc7062e38f5eed\vibration_core.\mean' using process `$paramod$ed27a80ce8e9c8cdb72402fae5cc7062e38f5eed\vibration_core.$proc$rtl/core/vibration_core.sv:259$1659'.
  created $dff cell `$procdff$9427' with positive edge clock.
Creating register for signal `$paramod$ed27a80ce8e9c8cdb72402fae5cc7062e38f5eed\vibration_core.\dft_group' using process `$paramod$ed27a80ce8e9c8cdb72402fae5cc7062e38f5eed\vibration_core.$proc$rtl/core/vibration_core.sv:259$1659'.
  created $dff cell `$procdff$9428' with positive edge clock.
Creating register for signal `$paramod$ed27a80ce8e9c8cdb72402fae5cc7062e38f5eed\vibration_core.\store_lane' using process `$paramod$ed27a80ce8e9c8cdb72402fae5cc7062e38f5eed\vibration_core.$proc$rtl/core/vibration_core.sv:259$1659'.
  created $dff cell `$procdff$9429' with positive edge clock.
Creating register for signal `$paramod$ed27a80ce8e9c8cdb72402fae5cc7062e38f5eed\vibration_core.\feature_index' using process `$paramod$ed27a80ce8e9c8cdb72402fae5cc7062e38f5eed\vibration_core.$proc$rtl/core/vibration_core.sv:259$1659'.
  created $dff cell `$procdff$9430' with positive edge clock.
Creating register for signal `$paramod$ed27a80ce8e9c8cdb72402fae5cc7062e38f5eed\vibration_core.\power_index' using process `$paramod$ed27a80ce8e9c8cdb72402fae5cc7062e38f5eed\vibration_core.$proc$rtl/core/vibration_core.sv:259$1659'.
  created $dff cell `$procdff$9431' with positive edge clock.
Creating register for signal `$paramod$ed27a80ce8e9c8cdb72402fae5cc7062e38f5eed\vibration_core.\band_part' using process `$paramod$ed27a80ce8e9c8cdb72402fae5cc7062e38f5eed\vibration_core.$proc$rtl/core/vibration_core.sv:259$1659'.
  created $dff cell `$procdff$9432' with positive edge clock.
Creating register for signal `$paramod$ed27a80ce8e9c8cdb72402fae5cc7062e38f5eed\vibration_core.\band_sum' using process `$paramod$ed27a80ce8e9c8cdb72402fae5cc7062e38f5eed\vibration_core.$proc$rtl/core/vibration_core.sv:259$1659'.
  created $dff cell `$procdff$9433' with positive edge clock.
Creating register for signal `$paramod$ed27a80ce8e9c8cdb72402fae5cc7062e38f5eed\vibration_core.\power_sum' using process `$paramod$ed27a80ce8e9c8cdb72402fae5cc7062e38f5eed\vibration_core.$proc$rtl/core/vibration_core.sv:259$1659'.
  created $dff cell `$procdff$9434' with positive edge clock.
Creating register for signal `$paramod$ed27a80ce8e9c8cdb72402fae5cc7062e38f5eed\vibration_core.\quant_work' using process `$paramod$ed27a80ce8e9c8cdb72402fae5cc7062e38f5eed\vibration_core.$proc$rtl/core/vibration_core.sv:259$1659'.
  created $dff cell `$procdff$9435' with positive edge clock.
Creating register for signal `$paramod$ed27a80ce8e9c8cdb72402fae5cc7062e38f5eed\vibration_core.\quant_remaining' using process `$paramod$ed27a80ce8e9c8cdb72402fae5cc7062e38f5eed\vibration_core.$proc$rtl/core/vibration_core.sv:259$1659'.
  created $dff cell `$procdff$9436' with positive edge clock.
Creating register for signal `$paramod$ed27a80ce8e9c8cdb72402fae5cc7062e38f5eed\vibration_core.\quant_guard' using process `$paramod$ed27a80ce8e9c8cdb72402fae5cc7062e38f5eed\vibration_core.$proc$rtl/core/vibration_core.sv:259$1659'.
  created $dff cell `$procdff$9437' with positive edge clock.
Creating register for signal `$paramod$ed27a80ce8e9c8cdb72402fae5cc7062e38f5eed\vibration_core.\quant_sticky' using process `$paramod$ed27a80ce8e9c8cdb72402fae5cc7062e38f5eed\vibration_core.$proc$rtl/core/vibration_core.sv:259$1659'.
  created $dff cell `$procdff$9438' with positive edge clock.
Creating register for signal `$paramod$ed27a80ce8e9c8cdb72402fae5cc7062e38f5eed\vibration_core.\nn_layer' using process `$paramod$ed27a80ce8e9c8cdb72402fae5cc7062e38f5eed\vibration_core.$proc$rtl/core/vibration_core.sv:259$1659'.
  created $dff cell `$procdff$9439' with positive edge clock.
Creating register for signal `$paramod$ed27a80ce8e9c8cdb72402fae5cc7062e38f5eed\vibration_core.\nn_group' using process `$paramod$ed27a80ce8e9c8cdb72402fae5cc7062e38f5eed\vibration_core.$proc$rtl/core/vibration_core.sv:259$1659'.
  created $dff cell `$procdff$9440' with positive edge clock.
Creating register for signal `$paramod$ed27a80ce8e9c8cdb72402fae5cc7062e38f5eed\vibration_core.\nn_input' using process `$paramod$ed27a80ce8e9c8cdb72402fae5cc7062e38f5eed\vibration_core.$proc$rtl/core/vibration_core.sv:259$1659'.
  created $dff cell `$procdff$9441' with positive edge clock.
Creating register for signal `$paramod$ed27a80ce8e9c8cdb72402fae5cc7062e38f5eed\vibration_core.\activation_q' using process `$paramod$ed27a80ce8e9c8cdb72402fae5cc7062e38f5eed\vibration_core.$proc$rtl/core/vibration_core.sv:259$1659'.
  created $dff cell `$procdff$9442' with positive edge clock.
Creating register for signal `$paramod$ed27a80ce8e9c8cdb72402fae5cc7062e38f5eed\vibration_core.\arithmetic_errors' using process `$paramod$ed27a80ce8e9c8cdb72402fae5cc7062e38f5eed\vibration_core.$proc$rtl/core/vibration_core.sv:259$1659'.
  created $dff cell `$procdff$9443' with positive edge clock.
Creating register for signal `$paramod$ed27a80ce8e9c8cdb72402fae5cc7062e38f5eed\vibration_core.\count_pre' using process `$paramod$ed27a80ce8e9c8cdb72402fae5cc7062e38f5eed\vibration_core.$proc$rtl/core/vibration_core.sv:259$1659'.
  created $dff cell `$procdff$9444' with positive edge clock.
Creating register for signal `$paramod$ed27a80ce8e9c8cdb72402fae5cc7062e38f5eed\vibration_core.\count_dft' using process `$paramod$ed27a80ce8e9c8cdb72402fae5cc7062e38f5eed\vibration_core.$proc$rtl/core/vibration_core.sv:259$1659'.
  created $dff cell `$procdff$9445' with positive edge clock.
Creating register for signal `$paramod$ed27a80ce8e9c8cdb72402fae5cc7062e38f5eed\vibration_core.\count_power' using process `$paramod$ed27a80ce8e9c8cdb72402fae5cc7062e38f5eed\vibration_core.$proc$rtl/core/vibration_core.sv:259$1659'.
  created $dff cell `$procdff$9446' with positive edge clock.
Creating register for signal `$paramod$ed27a80ce8e9c8cdb72402fae5cc7062e38f5eed\vibration_core.\count_nn' using process `$paramod$ed27a80ce8e9c8cdb72402fae5cc7062e38f5eed\vibration_core.$proc$rtl/core/vibration_core.sv:259$1659'.
  created $dff cell `$procdff$9447' with positive edge clock.
Creating register for signal `$paramod$ed27a80ce8e9c8cdb72402fae5cc7062e38f5eed\vibration_core.\count_total' using process `$paramod$ed27a80ce8e9c8cdb72402fae5cc7062e38f5eed\vibration_core.$proc$rtl/core/vibration_core.sv:259$1659'.
  created $dff cell `$procdff$9448' with positive edge clock.
Creating register for signal `$paramod$ed27a80ce8e9c8cdb72402fae5cc7062e38f5eed\vibration_core.\k' using process `$paramod$ed27a80ce8e9c8cdb72402fae5cc7062e38f5eed\vibration_core.$proc$rtl/core/vibration_core.sv:259$1659'.
  created $dff cell `$procdff$9449' with positive edge clock.
Creating register for signal `$paramod$ed27a80ce8e9c8cdb72402fae5cc7062e38f5eed\vibration_core.\accumulator[0]' using process `$paramod$ed27a80ce8e9c8cdb72402fae5cc7062e38f5eed\vibration_core.$proc$rtl/core/vibration_core.sv:259$1659'.
  created $dff cell `$procdff$9450' with positive edge clock.
Creating register for signal `$paramod$ed27a80ce8e9c8cdb72402fae5cc7062e38f5eed\vibration_core.\phase[0]' using process `$paramod$ed27a80ce8e9c8cdb72402fae5cc7062e38f5eed\vibration_core.$proc$rtl/core/vibration_core.sv:259$1659'.
  created $dff cell `$procdff$9451' with positive edge clock.
Creating register for signal `$paramod$ed27a80ce8e9c8cdb72402fae5cc7062e38f5eed\vibration_core.$bitselwrite$pos$rtl/core/vibration_core.sv:289$1486' using process `$paramod$ed27a80ce8e9c8cdb72402fae5cc7062e38f5eed\vibration_core.$proc$rtl/core/vibration_core.sv:259$1659'.
  created $dff cell `$procdff$9452' with positive edge clock.
Creating register for signal `$paramod$ed27a80ce8e9c8cdb72402fae5cc7062e38f5eed\vibration_core.$bitselwrite$pos$rtl/core/vibration_core.sv:308$1487' using process `$paramod$ed27a80ce8e9c8cdb72402fae5cc7062e38f5eed\vibration_core.$proc$rtl/core/vibration_core.sv:259$1659'.
  created $dff cell `$procdff$9453' with positive edge clock.
Creating register for signal `$paramod$ed27a80ce8e9c8cdb72402fae5cc7062e38f5eed\vibration_core.$bitselwrite$pos$rtl/core/vibration_core.sv:308$1488' using process `$paramod$ed27a80ce8e9c8cdb72402fae5cc7062e38f5eed\vibration_core.$proc$rtl/core/vibration_core.sv:259$1659'.
  created $dff cell `$procdff$9454' with positive edge clock.
Creating register for signal `$paramod$ed27a80ce8e9c8cdb72402fae5cc7062e38f5eed\vibration_core.\rne$func$rtl/core/vibration_core.sv:314$1489.$result' using process `$paramod$ed27a80ce8e9c8cdb72402fae5cc7062e38f5eed\vibration_core.$proc$rtl/core/vibration_core.sv:259$1659'.
  created $dff cell `$procdff$9455' with positive edge clock.
Creating register for signal `$paramod$ed27a80ce8e9c8cdb72402fae5cc7062e38f5eed\vibration_core.\rne$func$rtl/core/vibration_core.sv:314$1489.value' using process `$paramod$ed27a80ce8e9c8cdb72402fae5cc7062e38f5eed\vibration_core.$proc$rtl/core/vibration_core.sv:259$1659'.
  created $dff cell `$procdff$9456' with positive edge clock.
Creating register for signal `$paramod$ed27a80ce8e9c8cdb72402fae5cc7062e38f5eed\vibration_core.\rne$func$rtl/core/vibration_core.sv:314$1489.quotient' using process `$paramod$ed27a80ce8e9c8cdb72402fae5cc7062e38f5eed\vibration_core.$proc$rtl/core/vibration_core.sv:259$1659'.
  created $dff cell `$procdff$9457' with positive edge clock.
Creating register for signal `$paramod$ed27a80ce8e9c8cdb72402fae5cc7062e38f5eed\vibration_core.\rne$func$rtl/core/vibration_core.sv:314$1489.remainder' using process `$paramod$ed27a80ce8e9c8cdb72402fae5cc7062e38f5eed\vibration_core.$proc$rtl/core/vibration_core.sv:259$1659'.
  created $dff cell `$procdff$9458' with positive edge clock.
Creating register for signal `$paramod$ed27a80ce8e9c8cdb72402fae5cc7062e38f5eed\vibration_core.\rne$func$rtl/core/vibration_core.sv:314$1489.halfway' using process `$paramod$ed27a80ce8e9c8cdb72402fae5cc7062e38f5eed\vibration_core.$proc$rtl/core/vibration_core.sv:259$1659'.
  created $dff cell `$procdff$9459' with positive edge clock.
Creating register for signal `$paramod$ed27a80ce8e9c8cdb72402fae5cc7062e38f5eed\vibration_core.\rne$func$rtl/core/vibration_core.sv:315$1490.$result' using process `$paramod$ed27a80ce8e9c8cdb72402fae5cc7062e38f5eed\vibration_core.$proc$rtl/core/vibration_core.sv:259$1659'.
  created $dff cell `$procdff$9460' with positive edge clock.
Creating register for signal `$paramod$ed27a80ce8e9c8cdb72402fae5cc7062e38f5eed\vibration_core.\rne$func$rtl/core/vibration_core.sv:315$1490.value' using process `$paramod$ed27a80ce8e9c8cdb72402fae5cc7062e38f5eed\vibration_core.$proc$rtl/core/vibration_core.sv:259$1659'.
  created $dff cell `$procdff$9461' with positive edge clock.
Creating register for signal `$paramod$ed27a80ce8e9c8cdb72402fae5cc7062e38f5eed\vibration_core.\rne$func$rtl/core/vibration_core.sv:315$1490.quotient' using process `$paramod$ed27a80ce8e9c8cdb72402fae5cc7062e38f5eed\vibration_core.$proc$rtl/core/vibration_core.sv:259$1659'.
  created $dff cell `$procdff$9462' with positive edge clock.
Creating register for signal `$paramod$ed27a80ce8e9c8cdb72402fae5cc7062e38f5eed\vibration_core.\rne$func$rtl/core/vibration_core.sv:315$1490.remainder' using process `$paramod$ed27a80ce8e9c8cdb72402fae5cc7062e38f5eed\vibration_core.$proc$rtl/core/vibration_core.sv:259$1659'.
  created $dff cell `$procdff$9463' with positive edge clock.
Creating register for signal `$paramod$ed27a80ce8e9c8cdb72402fae5cc7062e38f5eed\vibration_core.\rne$func$rtl/core/vibration_core.sv:315$1490.halfway' using process `$paramod$ed27a80ce8e9c8cdb72402fae5cc7062e38f5eed\vibration_core.$proc$rtl/core/vibration_core.sv:259$1659'.
  created $dff cell `$procdff$9464' with positive edge clock.
Creating register for signal `$paramod$ed27a80ce8e9c8cdb72402fae5cc7062e38f5eed\vibration_core.\rne$func$rtl/core/vibration_core.sv:321$1491.$result' using process `$paramod$ed27a80ce8e9c8cdb72402fae5cc7062e38f5eed\vibration_core.$proc$rtl/core/vibration_core.sv:259$1659'.
  created $dff cell `$procdff$9465' with positive edge clock.
Creating register for signal `$paramod$ed27a80ce8e9c8cdb72402fae5cc7062e38f5eed\vibration_core.\rne$func$rtl/core/vibration_core.sv:321$1491.value' using process `$paramod$ed27a80ce8e9c8cdb72402fae5cc7062e38f5eed\vibration_core.$proc$rtl/core/vibration_core.sv:259$1659'.
  created $dff cell `$procdff$9466' with positive edge clock.
Creating register for signal `$paramod$ed27a80ce8e9c8cdb72402fae5cc7062e38f5eed\vibration_core.\rne$func$rtl/core/vibration_core.sv:321$1491.quotient' using process `$paramod$ed27a80ce8e9c8cdb72402fae5cc7062e38f5eed\vibration_core.$proc$rtl/core/vibration_core.sv:259$1659'.
  created $dff cell `$procdff$9467' with positive edge clock.
Creating register for signal `$paramod$ed27a80ce8e9c8cdb72402fae5cc7062e38f5eed\vibration_core.\rne$func$rtl/core/vibration_core.sv:321$1491.remainder' using process `$paramod$ed27a80ce8e9c8cdb72402fae5cc7062e38f5eed\vibration_core.$proc$rtl/core/vibration_core.sv:259$1659'.
  created $dff cell `$procdff$9468' with positive edge clock.
Creating register for signal `$paramod$ed27a80ce8e9c8cdb72402fae5cc7062e38f5eed\vibration_core.\rne$func$rtl/core/vibration_core.sv:321$1491.halfway' using process `$paramod$ed27a80ce8e9c8cdb72402fae5cc7062e38f5eed\vibration_core.$proc$rtl/core/vibration_core.sv:259$1659'.
  created $dff cell `$procdff$9469' with positive edge clock.
Creating register for signal `$paramod$ed27a80ce8e9c8cdb72402fae5cc7062e38f5eed\vibration_core.\sat12$func$rtl/core/vibration_core.sv:321$1492.$result' using process `$paramod$ed27a80ce8e9c8cdb72402fae5cc7062e38f5eed\vibration_core.$proc$rtl/core/vibration_core.sv:259$1659'.
  created $dff cell `$procdff$9470' with positive edge clock.
Creating register for signal `$paramod$ed27a80ce8e9c8cdb72402fae5cc7062e38f5eed\vibration_core.\sat12$func$rtl/core/vibration_core.sv:321$1492.value' using process `$paramod$ed27a80ce8e9c8cdb72402fae5cc7062e38f5eed\vibration_core.$proc$rtl/core/vibration_core.sv:259$1659'.
  created $dff cell `$procdff$9471' with positive edge clock.
Creating register for signal `$paramod$ed27a80ce8e9c8cdb72402fae5cc7062e38f5eed\vibration_core.$bitselwrite$pos$rtl/core/vibration_core.sv:322$1493' using process `$paramod$ed27a80ce8e9c8cdb72402fae5cc7062e38f5eed\vibration_core.$proc$rtl/core/vibration_core.sv:259$1659'.
  created $dff cell `$procdff$9472' with positive edge clock.
Creating register for signal `$paramod$ed27a80ce8e9c8cdb72402fae5cc7062e38f5eed\vibration_core.\rne$func$rtl/core/vibration_core.sv:341$1494.$result' using process `$paramod$ed27a80ce8e9c8cdb72402fae5cc7062e38f5eed\vibration_core.$proc$rtl/core/vibration_core.sv:259$1659'.
  created $dff cell `$procdff$9473' with positive edge clock.
Creating register for signal `$paramod$ed27a80ce8e9c8cdb72402fae5cc7062e38f5eed\vibration_core.\rne$func$rtl/core/vibration_core.sv:341$1494.value' using process `$paramod$ed27a80ce8e9c8cdb72402fae5cc7062e38f5eed\vibration_core.$proc$rtl/core/vibration_core.sv:259$1659'.
  created $dff cell `$procdff$9474' with positive edge clock.
Creating register for signal `$paramod$ed27a80ce8e9c8cdb72402fae5cc7062e38f5eed\vibration_core.\rne$func$rtl/core/vibration_core.sv:341$1494.quotient' using process `$paramod$ed27a80ce8e9c8cdb72402fae5cc7062e38f5eed\vibration_core.$proc$rtl/core/vibration_core.sv:259$1659'.
  created $dff cell `$procdff$9475' with positive edge clock.
Creating register for signal `$paramod$ed27a80ce8e9c8cdb72402fae5cc7062e38f5eed\vibration_core.\rne$func$rtl/core/vibration_core.sv:341$1494.remainder' using process `$paramod$ed27a80ce8e9c8cdb72402fae5cc7062e38f5eed\vibration_core.$proc$rtl/core/vibration_core.sv:259$1659'.
  created $dff cell `$procdff$9476' with positive edge clock.
Creating register for signal `$paramod$ed27a80ce8e9c8cdb72402fae5cc7062e38f5eed\vibration_core.\rne$func$rtl/core/vibration_core.sv:341$1494.halfway' using process `$paramod$ed27a80ce8e9c8cdb72402fae5cc7062e38f5eed\vibration_core.$proc$rtl/core/vibration_core.sv:259$1659'.
  created $dff cell `$procdff$9477' with positive edge clock.
Creating register for signal `$paramod$ed27a80ce8e9c8cdb72402fae5cc7062e38f5eed\vibration_core.\sat16$func$rtl/core/vibration_core.sv:341$1495.$result' using process `$paramod$ed27a80ce8e9c8cdb72402fae5cc7062e38f5eed\vibration_core.$proc$rtl/core/vibration_core.sv:259$1659'.
  created $dff cell `$procdff$9478' with positive edge clock.
Creating register for signal `$paramod$ed27a80ce8e9c8cdb72402fae5cc7062e38f5eed\vibration_core.\sat16$func$rtl/core/vibration_core.sv:341$1495.value' using process `$paramod$ed27a80ce8e9c8cdb72402fae5cc7062e38f5eed\vibration_core.$proc$rtl/core/vibration_core.sv:259$1659'.
  created $dff cell `$procdff$9479' with positive edge clock.
Creating register for signal `$paramod$ed27a80ce8e9c8cdb72402fae5cc7062e38f5eed\vibration_core.\rne$func$rtl/core/vibration_core.sv:342$1496.$result' using process `$paramod$ed27a80ce8e9c8cdb72402fae5cc7062e38f5eed\vibration_core.$proc$rtl/core/vibration_core.sv:259$1659'.
  created $dff cell `$procdff$9480' with positive edge clock.
Creating register for signal `$paramod$ed27a80ce8e9c8cdb72402fae5cc7062e38f5eed\vibration_core.\rne$func$rtl/core/vibration_core.sv:342$1496.value' using process `$paramod$ed27a80ce8e9c8cdb72402fae5cc7062e38f5eed\vibration_core.$proc$rtl/core/vibration_core.sv:259$1659'.
  created $dff cell `$procdff$9481' with positive edge clock.
Creating register for signal `$paramod$ed27a80ce8e9c8cdb72402fae5cc7062e38f5eed\vibration_core.\rne$func$rtl/core/vibration_core.sv:342$1496.quotient' using process `$paramod$ed27a80ce8e9c8cdb72402fae5cc7062e38f5eed\vibration_core.$proc$rtl/core/vibration_core.sv:259$1659'.
  created $dff cell `$procdff$9482' with positive edge clock.
Creating register for signal `$paramod$ed27a80ce8e9c8cdb72402fae5cc7062e38f5eed\vibration_core.\rne$func$rtl/core/vibration_core.sv:342$1496.remainder' using process `$paramod$ed27a80ce8e9c8cdb72402fae5cc7062e38f5eed\vibration_core.$proc$rtl/core/vibration_core.sv:259$1659'.
  created $dff cell `$procdff$9483' with positive edge clock.
Creating register for signal `$paramod$ed27a80ce8e9c8cdb72402fae5cc7062e38f5eed\vibration_core.\rne$func$rtl/core/vibration_core.sv:342$1496.halfway' using process `$paramod$ed27a80ce8e9c8cdb72402fae5cc7062e38f5eed\vibration_core.$proc$rtl/core/vibration_core.sv:259$1659'.
  created $dff cell `$procdff$9484' with positive edge clock.
Creating register for signal `$paramod$ed27a80ce8e9c8cdb72402fae5cc7062e38f5eed\vibration_core.\sat16$func$rtl/core/vibration_core.sv:342$1497.$result' using process `$paramod$ed27a80ce8e9c8cdb72402fae5cc7062e38f5eed\vibration_core.$proc$rtl/core/vibration_core.sv:259$1659'.
  created $dff cell `$procdff$9485' with positive edge clock.
Creating register for signal `$paramod$ed27a80ce8e9c8cdb72402fae5cc7062e38f5eed\vibration_core.\sat16$func$rtl/core/vibration_core.sv:342$1497.value' using process `$paramod$ed27a80ce8e9c8cdb72402fae5cc7062e38f5eed\vibration_core.$proc$rtl/core/vibration_core.sv:259$1659'.
  created $dff cell `$procdff$9486' with positive edge clock.
Creating register for signal `$paramod$ed27a80ce8e9c8cdb72402fae5cc7062e38f5eed\vibration_core.\rne$func$rtl/core/vibration_core.sv:344$1498.$result' using process `$paramod$ed27a80ce8e9c8cdb72402fae5cc7062e38f5eed\vibration_core.$proc$rtl/core/vibration_core.sv:259$1659'.
  created $dff cell `$procdff$9487' with positive edge clock.
Creating register for signal `$paramod$ed27a80ce8e9c8cdb72402fae5cc7062e38f5eed\vibration_core.\rne$func$rtl/core/vibration_core.sv:344$1498.value' using process `$paramod$ed27a80ce8e9c8cdb72402fae5cc7062e38f5eed\vibration_core.$proc$rtl/core/vibration_core.sv:259$1659'.
  created $dff cell `$procdff$9488' with positive edge clock.
Creating register for signal `$paramod$ed27a80ce8e9c8cdb72402fae5cc7062e38f5eed\vibration_core.\rne$func$rtl/core/vibration_core.sv:344$1498.quotient' using process `$paramod$ed27a80ce8e9c8cdb72402fae5cc7062e38f5eed\vibration_core.$proc$rtl/core/vibration_core.sv:259$1659'.
  created $dff cell `$procdff$9489' with positive edge clock.
Creating register for signal `$paramod$ed27a80ce8e9c8cdb72402fae5cc7062e38f5eed\vibration_core.\rne$func$rtl/core/vibration_core.sv:344$1498.remainder' using process `$paramod$ed27a80ce8e9c8cdb72402fae5cc7062e38f5eed\vibration_core.$proc$rtl/core/vibration_core.sv:259$1659'.
  created $dff cell `$procdff$9490' with positive edge clock.
Creating register for signal `$paramod$ed27a80ce8e9c8cdb72402fae5cc7062e38f5eed\vibration_core.\rne$func$rtl/core/vibration_core.sv:344$1498.halfway' using process `$paramod$ed27a80ce8e9c8cdb72402fae5cc7062e38f5eed\vibration_core.$proc$rtl/core/vibration_core.sv:259$1659'.
  created $dff cell `$procdff$9491' with positive edge clock.
Creating register for signal `$paramod$ed27a80ce8e9c8cdb72402fae5cc7062e38f5eed\vibration_core.\sat16$func$rtl/core/vibration_core.sv:344$1499.$result' using process `$paramod$ed27a80ce8e9c8cdb72402fae5cc7062e38f5eed\vibration_core.$proc$rtl/core/vibration_core.sv:259$1659'.
  created $dff cell `$procdff$9492' with positive edge clock.
Creating register for signal `$paramod$ed27a80ce8e9c8cdb72402fae5cc7062e38f5eed\vibration_core.\sat16$func$rtl/core/vibration_core.sv:344$1499.value' using process `$paramod$ed27a80ce8e9c8cdb72402fae5cc7062e38f5eed\vibration_core.$proc$rtl/core/vibration_core.sv:259$1659'.
  created $dff cell `$procdff$9493' with positive edge clock.
Creating register for signal `$paramod$ed27a80ce8e9c8cdb72402fae5cc7062e38f5eed\vibration_core.\relu_quant$func$rtl/core/vibration_core.sv:403$1500.$result' using process `$paramod$ed27a80ce8e9c8cdb72402fae5cc7062e38f5eed\vibration_core.$proc$rtl/core/vibration_core.sv:259$1659'.
  created $dff cell `$procdff$9494' with positive edge clock.
Creating register for signal `$paramod$ed27a80ce8e9c8cdb72402fae5cc7062e38f5eed\vibration_core.\relu_quant$func$rtl/core/vibration_core.sv:403$1500.value' using process `$paramod$ed27a80ce8e9c8cdb72402fae5cc7062e38f5eed\vibration_core.$proc$rtl/core/vibration_core.sv:259$1659'.
  created $dff cell `$procdff$9495' with positive edge clock.
Creating register for signal `$paramod$ed27a80ce8e9c8cdb72402fae5cc7062e38f5eed\vibration_core.\relu_quant$func$rtl/core/vibration_core.sv:403$1500.rounded' using process `$paramod$ed27a80ce8e9c8cdb72402fae5cc7062e38f5eed\vibration_core.$proc$rtl/core/vibration_core.sv:259$1659'.
  created $dff cell `$procdff$9496' with positive edge clock.
Creating register for signal `$paramod$ed27a80ce8e9c8cdb72402fae5cc7062e38f5eed\vibration_core.\rne$func$rtl/core/vibration_core.sv:173$1501.$result' using process `$paramod$ed27a80ce8e9c8cdb72402fae5cc7062e38f5eed\vibration_core.$proc$rtl/core/vibration_core.sv:259$1659'.
  created $dff cell `$procdff$9497' with positive edge clock.
Creating register for signal `$paramod$ed27a80ce8e9c8cdb72402fae5cc7062e38f5eed\vibration_core.\rne$func$rtl/core/vibration_core.sv:173$1501.value' using process `$paramod$ed27a80ce8e9c8cdb72402fae5cc7062e38f5eed\vibration_core.$proc$rtl/core/vibration_core.sv:259$1659'.
  created $dff cell `$procdff$9498' with positive edge clock.
Creating register for signal `$paramod$ed27a80ce8e9c8cdb72402fae5cc7062e38f5eed\vibration_core.\rne$func$rtl/core/vibration_core.sv:173$1501.quotient' using process `$paramod$ed27a80ce8e9c8cdb72402fae5cc7062e38f5eed\vibration_core.$proc$rtl/core/vibration_core.sv:259$1659'.
  created $dff cell `$procdff$9499' with positive edge clock.
Creating register for signal `$paramod$ed27a80ce8e9c8cdb72402fae5cc7062e38f5eed\vibration_core.\rne$func$rtl/core/vibration_core.sv:173$1501.remainder' using process `$paramod$ed27a80ce8e9c8cdb72402fae5cc7062e38f5eed\vibration_core.$proc$rtl/core/vibration_core.sv:259$1659'.
  created $dff cell `$procdff$9500' with positive edge clock.
Creating register for signal `$paramod$ed27a80ce8e9c8cdb72402fae5cc7062e38f5eed\vibration_core.\rne$func$rtl/core/vibration_core.sv:173$1501.halfway' using process `$paramod$ed27a80ce8e9c8cdb72402fae5cc7062e38f5eed\vibration_core.$proc$rtl/core/vibration_core.sv:259$1659'.
  created $dff cell `$procdff$9501' with positive edge clock.
Creating register for signal `$paramod$ed27a80ce8e9c8cdb72402fae5cc7062e38f5eed\vibration_core.\relu_quant$func$rtl/core/vibration_core.sv:405$1502.$result' using process `$paramod$ed27a80ce8e9c8cdb72402fae5cc7062e38f5eed\vibration_core.$proc$rtl/core/vibration_core.sv:259$1659'.
  created $dff cell `$procdff$9502' with positive edge clock.
Creating register for signal `$paramod$ed27a80ce8e9c8cdb72402fae5cc7062e38f5eed\vibration_core.\relu_quant$func$rtl/core/vibration_core.sv:405$1502.value' using process `$paramod$ed27a80ce8e9c8cdb72402fae5cc7062e38f5eed\vibration_core.$proc$rtl/core/vibration_core.sv:259$1659'.
  created $dff cell `$procdff$9503' with positive edge clock.
Creating register for signal `$paramod$ed27a80ce8e9c8cdb72402fae5cc7062e38f5eed\vibration_core.\relu_quant$func$rtl/core/vibration_core.sv:405$1502.rounded' using process `$paramod$ed27a80ce8e9c8cdb72402fae5cc7062e38f5eed\vibration_core.$proc$rtl/core/vibration_core.sv:259$1659'.
  created $dff cell `$procdff$9504' with positive edge clock.
Creating register for signal `$paramod$ed27a80ce8e9c8cdb72402fae5cc7062e38f5eed\vibration_core.\rne$func$rtl/core/vibration_core.sv:173$1503.$result' using process `$paramod$ed27a80ce8e9c8cdb72402fae5cc7062e38f5eed\vibration_core.$proc$rtl/core/vibration_core.sv:259$1659'.
  created $dff cell `$procdff$9505' with positive edge clock.
Creating register for signal `$paramod$ed27a80ce8e9c8cdb72402fae5cc7062e38f5eed\vibration_core.\rne$func$rtl/core/vibration_core.sv:173$1503.value' using process `$paramod$ed27a80ce8e9c8cdb72402fae5cc7062e38f5eed\vibration_core.$proc$rtl/core/vibration_core.sv:259$1659'.
  created $dff cell `$procdff$9506' with positive edge clock.
Creating register for signal `$paramod$ed27a80ce8e9c8cdb72402fae5cc7062e38f5eed\vibration_core.\rne$func$rtl/core/vibration_core.sv:173$1503.quotient' using process `$paramod$ed27a80ce8e9c8cdb72402fae5cc7062e38f5eed\vibration_core.$proc$rtl/core/vibration_core.sv:259$1659'.
  created $dff cell `$procdff$9507' with positive edge clock.
Creating register for signal `$paramod$ed27a80ce8e9c8cdb72402fae5cc7062e38f5eed\vibration_core.\rne$func$rtl/core/vibration_core.sv:173$1503.remainder' using process `$paramod$ed27a80ce8e9c8cdb72402fae5cc7062e38f5eed\vibration_core.$proc$rtl/core/vibration_core.sv:259$1659'.
  created $dff cell `$procdff$9508' with positive edge clock.
Creating register for signal `$paramod$ed27a80ce8e9c8cdb72402fae5cc7062e38f5eed\vibration_core.\rne$func$rtl/core/vibration_core.sv:173$1503.halfway' using process `$paramod$ed27a80ce8e9c8cdb72402fae5cc7062e38f5eed\vibration_core.$proc$rtl/core/vibration_core.sv:259$1659'.
  created $dff cell `$procdff$9509' with positive edge clock.
Creating register for signal `$paramod$ed27a80ce8e9c8cdb72402fae5cc7062e38f5eed\vibration_core.$memwr$\logits$rtl/core/vibration_core.sv:271$1507_EN' using process `$paramod$ed27a80ce8e9c8cdb72402fae5cc7062e38f5eed\vibration_core.$proc$rtl/core/vibration_core.sv:259$1659'.
  created $dff cell `$procdff$9510' with positive edge clock.
Creating register for signal `$paramod$ed27a80ce8e9c8cdb72402fae5cc7062e38f5eed\vibration_core.$memwr$\logits$rtl/core/vibration_core.sv:271$1508_EN' using process `$paramod$ed27a80ce8e9c8cdb72402fae5cc7062e38f5eed\vibration_core.$proc$rtl/core/vibration_core.sv:259$1659'.
  created $dff cell `$procdff$9511' with positive edge clock.
Creating register for signal `$paramod$ed27a80ce8e9c8cdb72402fae5cc7062e38f5eed\vibration_core.$memwr$\logits$rtl/core/vibration_core.sv:271$1509_EN' using process `$paramod$ed27a80ce8e9c8cdb72402fae5cc7062e38f5eed\vibration_core.$proc$rtl/core/vibration_core.sv:259$1659'.
  created $dff cell `$procdff$9512' with positive edge clock.
Creating register for signal `$paramod$ed27a80ce8e9c8cdb72402fae5cc7062e38f5eed\vibration_core.$memwr$\frame_ids$rtl/core/vibration_core.sv:289$1510_ADDR' using process `$paramod$ed27a80ce8e9c8cdb72402fae5cc7062e38f5eed\vibration_core.$proc$rtl/core/vibration_core.sv:259$1659'.
  created $dff cell `$procdff$9513' with positive edge clock.
Creating register for signal `$paramod$ed27a80ce8e9c8cdb72402fae5cc7062e38f5eed\vibration_core.$memwr$\frame_ids$rtl/core/vibration_core.sv:289$1510_DATA' using process `$paramod$ed27a80ce8e9c8cdb72402fae5cc7062e38f5eed\vibration_core.$proc$rtl/core/vibration_core.sv:259$1659'.
  created $dff cell `$procdff$9514' with positive edge clock.
Creating register for signal `$paramod$ed27a80ce8e9c8cdb72402fae5cc7062e38f5eed\vibration_core.$memwr$\frame_ids$rtl/core/vibration_core.sv:289$1510_EN' using process `$paramod$ed27a80ce8e9c8cdb72402fae5cc7062e38f5eed\vibration_core.$proc$rtl/core/vibration_core.sv:259$1659'.
  created $dff cell `$procdff$9515' with positive edge clock.
Creating register for signal `$paramod$ed27a80ce8e9c8cdb72402fae5cc7062e38f5eed\vibration_core.$memwr$\frame_sums$rtl/core/vibration_core.sv:290$1511_ADDR' using process `$paramod$ed27a80ce8e9c8cdb72402fae5cc7062e38f5eed\vibration_core.$proc$rtl/core/vibration_core.sv:259$1659'.
  created $dff cell `$procdff$9516' with positive edge clock.
Creating register for signal `$paramod$ed27a80ce8e9c8cdb72402fae5cc7062e38f5eed\vibration_core.$memwr$\frame_sums$rtl/core/vibration_core.sv:290$1511_DATA' using process `$paramod$ed27a80ce8e9c8cdb72402fae5cc7062e38f5eed\vibration_core.$proc$rtl/core/vibration_core.sv:259$1659'.
  created $dff cell `$procdff$9517' with positive edge clock.
Creating register for signal `$paramod$ed27a80ce8e9c8cdb72402fae5cc7062e38f5eed\vibration_core.$memwr$\frame_sums$rtl/core/vibration_core.sv:290$1511_EN' using process `$paramod$ed27a80ce8e9c8cdb72402fae5cc7062e38f5eed\vibration_core.$proc$rtl/core/vibration_core.sv:259$1659'.
  created $dff cell `$procdff$9518' with positive edge clock.
Creating register for signal `$paramod$ed27a80ce8e9c8cdb72402fae5cc7062e38f5eed\vibration_core.$mem2bits$\frame_sums$rtl/core/vibration_core.sv:314$1512' using process `$paramod$ed27a80ce8e9c8cdb72402fae5cc7062e38f5eed\vibration_core.$proc$rtl/core/vibration_core.sv:259$1659'.
  created $dff cell `$procdff$9519' with positive edge clock.
Creating register for signal `$paramod$ed27a80ce8e9c8cdb72402fae5cc7062e38f5eed\vibration_core.$mem2bits$\frame_sums$rtl/core/vibration_core.sv:315$1513' using process `$paramod$ed27a80ce8e9c8cdb72402fae5cc7062e38f5eed\vibration_core.$proc$rtl/core/vibration_core.sv:259$1659'.
  created $dff cell `$procdff$9520' with positive edge clock.
Creating register for signal `$paramod$ed27a80ce8e9c8cdb72402fae5cc7062e38f5eed\vibration_core.$memwr$\imag_part$rtl/core/vibration_core.sv:341$1514_ADDR' using process `$paramod$ed27a80ce8e9c8cdb72402fae5cc7062e38f5eed\vibration_core.$proc$rtl/core/vibration_core.sv:259$1659'.
  created $dff cell `$procdff$9521' with positive edge clock.
Creating register for signal `$paramod$ed27a80ce8e9c8cdb72402fae5cc7062e38f5eed\vibration_core.$memwr$\imag_part$rtl/core/vibration_core.sv:341$1514_DATA' using process `$paramod$ed27a80ce8e9c8cdb72402fae5cc7062e38f5eed\vibration_core.$proc$rtl/core/vibration_core.sv:259$1659'.
  created $dff cell `$procdff$9522' with positive edge clock.
Creating register for signal `$paramod$ed27a80ce8e9c8cdb72402fae5cc7062e38f5eed\vibration_core.$memwr$\imag_part$rtl/core/vibration_core.sv:341$1514_EN' using process `$paramod$ed27a80ce8e9c8cdb72402fae5cc7062e38f5eed\vibration_core.$proc$rtl/core/vibration_core.sv:259$1659'.
  created $dff cell `$procdff$9523' with positive edge clock.
Creating register for signal `$paramod$ed27a80ce8e9c8cdb72402fae5cc7062e38f5eed\vibration_core.$memwr$\real_part$rtl/core/vibration_core.sv:342$1515_ADDR' using process `$paramod$ed27a80ce8e9c8cdb72402fae5cc7062e38f5eed\vibration_core.$proc$rtl/core/vibration_core.sv:259$1659'.
  created $dff cell `$procdff$9524' with positive edge clock.
Creating register for signal `$paramod$ed27a80ce8e9c8cdb72402fae5cc7062e38f5eed\vibration_core.$memwr$\real_part$rtl/core/vibration_core.sv:342$1515_DATA' using process `$paramod$ed27a80ce8e9c8cdb72402fae5cc7062e38f5eed\vibration_core.$proc$rtl/core/vibration_core.sv:259$1659'.
  created $dff cell `$procdff$9525' with positive edge clock.
Creating register for signal `$paramod$ed27a80ce8e9c8cdb72402fae5cc7062e38f5eed\vibration_core.$memwr$\real_part$rtl/core/vibration_core.sv:342$1515_EN' using process `$paramod$ed27a80ce8e9c8cdb72402fae5cc7062e38f5eed\vibration_core.$proc$rtl/core/vibration_core.sv:259$1659'.
  created $dff cell `$procdff$9526' with positive edge clock.
Creating register for signal `$paramod$ed27a80ce8e9c8cdb72402fae5cc7062e38f5eed\vibration_core.$memwr$\features$rtl/core/vibration_core.sv:379$1516_ADDR' using process `$paramod$ed27a80ce8e9c8cdb72402fae5cc7062e38f5eed\vibration_core.$proc$rtl/core/vibration_core.sv:259$1659'.
  created $dff cell `$procdff$9527' with positive edge clock.
Creating register for signal `$paramod$ed27a80ce8e9c8cdb72402fae5cc7062e38f5eed\vibration_core.$memwr$\features$rtl/core/vibration_core.sv:379$1516_DATA' using process `$paramod$ed27a80ce8e9c8cdb72402fae5cc7062e38f5eed\vibration_core.$proc$rtl/core/vibration_core.sv:259$1659'.
  created $dff cell `$procdff$9528' with positive edge clock.
Creating register for signal `$paramod$ed27a80ce8e9c8cdb72402fae5cc7062e38f5eed\vibration_core.$memwr$\features$rtl/core/vibration_core.sv:379$1516_EN' using process `$paramod$ed27a80ce8e9c8cdb72402fae5cc7062e38f5eed\vibration_core.$proc$rtl/core/vibration_core.sv:259$1659'.
  created $dff cell `$procdff$9529' with positive edge clock.
Creating register for signal `$paramod$ed27a80ce8e9c8cdb72402fae5cc7062e38f5eed\vibration_core.$memwr$\hidden$rtl/core/vibration_core.sv:403$1517_ADDR' using process `$paramod$ed27a80ce8e9c8cdb72402fae5cc7062e38f5eed\vibration_core.$proc$rtl/core/vibration_core.sv:259$1659'.
  created $dff cell `$procdff$9530' with positive edge clock.
Creating register for signal `$paramod$ed27a80ce8e9c8cdb72402fae5cc7062e38f5eed\vibration_core.$memwr$\hidden$rtl/core/vibration_core.sv:403$1517_DATA' using process `$paramod$ed27a80ce8e9c8cdb72402fae5cc7062e38f5eed\vibration_core.$proc$rtl/core/vibration_core.sv:259$1659'.
  created $dff cell `$procdff$9531' with positive edge clock.
Creating register for signal `$paramod$ed27a80ce8e9c8cdb72402fae5cc7062e38f5eed\vibration_core.$memwr$\hidden$rtl/core/vibration_core.sv:403$1517_EN' using process `$paramod$ed27a80ce8e9c8cdb72402fae5cc7062e38f5eed\vibration_core.$proc$rtl/core/vibration_core.sv:259$1659'.
  created $dff cell `$procdff$9532' with positive edge clock.
Creating register for signal `$paramod$ed27a80ce8e9c8cdb72402fae5cc7062e38f5eed\vibration_core.$memwr$\logits$rtl/core/vibration_core.sv:407$1518_ADDR' using process `$paramod$ed27a80ce8e9c8cdb72402fae5cc7062e38f5eed\vibration_core.$proc$rtl/core/vibration_core.sv:259$1659'.
  created $dff cell `$procdff$9533' with positive edge clock.
Creating register for signal `$paramod$ed27a80ce8e9c8cdb72402fae5cc7062e38f5eed\vibration_core.$memwr$\logits$rtl/core/vibration_core.sv:407$1518_DATA' using process `$paramod$ed27a80ce8e9c8cdb72402fae5cc7062e38f5eed\vibration_core.$proc$rtl/core/vibration_core.sv:259$1659'.
  created $dff cell `$procdff$9534' with positive edge clock.
Creating register for signal `$paramod$ed27a80ce8e9c8cdb72402fae5cc7062e38f5eed\vibration_core.$memwr$\logits$rtl/core/vibration_core.sv:407$1518_EN' using process `$paramod$ed27a80ce8e9c8cdb72402fae5cc7062e38f5eed\vibration_core.$proc$rtl/core/vibration_core.sv:259$1659'.
  created $dff cell `$procdff$9535' with positive edge clock.
Creating register for signal `$paramod$ed27a80ce8e9c8cdb72402fae5cc7062e38f5eed\vibration_core.$lookahead\full$1657' using process `$paramod$ed27a80ce8e9c8cdb72402fae5cc7062e38f5eed\vibration_core.$proc$rtl/core/vibration_core.sv:259$1659'.
  created $dff cell `$procdff$9536' with positive edge clock.
Creating register for signal `$paramod$ed27a80ce8e9c8cdb72402fae5cc7062e38f5eed\vibration_core.$lookahead\busy$1658' using process `$paramod$ed27a80ce8e9c8cdb72402fae5cc7062e38f5eed\vibration_core.$proc$rtl/core/vibration_core.sv:259$1659'.
  created $dff cell `$procdff$9537' with positive edge clock.
Creating register for signal `$paramod$ed27a80ce8e9c8cdb72402fae5cc7062e38f5eed\vibration_core.\raw_q' using process `$paramod$ed27a80ce8e9c8cdb72402fae5cc7062e38f5eed\vibration_core.$proc$rtl/core/vibration_core.sv:246$1585'.
  created $dff cell `$procdff$9538' with positive edge clock.
Creating register for signal `$paramod$ed27a80ce8e9c8cdb72402fae5cc7062e38f5eed\vibration_core.\sample_q' using process `$paramod$ed27a80ce8e9c8cdb72402fae5cc7062e38f5eed\vibration_core.$proc$rtl/core/vibration_core.sv:246$1585'.
  created $dff cell `$procdff$9539' with positive edge clock.
Creating register for signal `$paramod$ed27a80ce8e9c8cdb72402fae5cc7062e38f5eed\vibration_core.\rne$func$rtl/core/vibration_core.sv:254$1484.$result' using process `$paramod$ed27a80ce8e9c8cdb72402fae5cc7062e38f5eed\vibration_core.$proc$rtl/core/vibration_core.sv:246$1585'.
  created $dff cell `$procdff$9540' with positive edge clock.
Creating register for signal `$paramod$ed27a80ce8e9c8cdb72402fae5cc7062e38f5eed\vibration_core.\rne$func$rtl/core/vibration_core.sv:254$1484.value' using process `$paramod$ed27a80ce8e9c8cdb72402fae5cc7062e38f5eed\vibration_core.$proc$rtl/core/vibration_core.sv:246$1585'.
  created $dff cell `$procdff$9541' with positive edge clock.
Creating register for signal `$paramod$ed27a80ce8e9c8cdb72402fae5cc7062e38f5eed\vibration_core.\rne$func$rtl/core/vibration_core.sv:254$1484.quotient' using process `$paramod$ed27a80ce8e9c8cdb72402fae5cc7062e38f5eed\vibration_core.$proc$rtl/core/vibration_core.sv:246$1585'.
  created $dff cell `$procdff$9542' with positive edge clock.
Creating register for signal `$paramod$ed27a80ce8e9c8cdb72402fae5cc7062e38f5eed\vibration_core.\rne$func$rtl/core/vibration_core.sv:254$1484.remainder' using process `$paramod$ed27a80ce8e9c8cdb72402fae5cc7062e38f5eed\vibration_core.$proc$rtl/core/vibration_core.sv:246$1585'.
  created $dff cell `$procdff$9543' with positive edge clock.
Creating register for signal `$paramod$ed27a80ce8e9c8cdb72402fae5cc7062e38f5eed\vibration_core.\rne$func$rtl/core/vibration_core.sv:254$1484.halfway' using process `$paramod$ed27a80ce8e9c8cdb72402fae5cc7062e38f5eed\vibration_core.$proc$rtl/core/vibration_core.sv:246$1585'.
  created $dff cell `$procdff$9544' with positive edge clock.
Creating register for signal `$paramod$ed27a80ce8e9c8cdb72402fae5cc7062e38f5eed\vibration_core.\sat12$func$rtl/core/vibration_core.sv:254$1485.$result' using process `$paramod$ed27a80ce8e9c8cdb72402fae5cc7062e38f5eed\vibration_core.$proc$rtl/core/vibration_core.sv:246$1585'.
  created $dff cell `$procdff$9545' with positive edge clock.
Creating register for signal `$paramod$ed27a80ce8e9c8cdb72402fae5cc7062e38f5eed\vibration_core.\sat12$func$rtl/core/vibration_core.sv:254$1485.value' using process `$paramod$ed27a80ce8e9c8cdb72402fae5cc7062e38f5eed\vibration_core.$proc$rtl/core/vibration_core.sv:246$1585'.
  created $dff cell `$procdff$9546' with positive edge clock.
Creating register for signal `$paramod$ed27a80ce8e9c8cdb72402fae5cc7062e38f5eed\vibration_core.$memwr$\raw1$rtl/core/vibration_core.sv:248$1504_ADDR' using process `$paramod$ed27a80ce8e9c8cdb72402fae5cc7062e38f5eed\vibration_core.$proc$rtl/core/vibration_core.sv:246$1585'.
  created $dff cell `$procdff$9547' with positive edge clock.
Creating register for signal `$paramod$ed27a80ce8e9c8cdb72402fae5cc7062e38f5eed\vibration_core.$memwr$\raw1$rtl/core/vibration_core.sv:248$1504_DATA' using process `$paramod$ed27a80ce8e9c8cdb72402fae5cc7062e38f5eed\vibration_core.$proc$rtl/core/vibration_core.sv:246$1585'.
  created $dff cell `$procdff$9548' with positive edge clock.
Creating register for signal `$paramod$ed27a80ce8e9c8cdb72402fae5cc7062e38f5eed\vibration_core.$memwr$\raw1$rtl/core/vibration_core.sv:248$1504_EN' using process `$paramod$ed27a80ce8e9c8cdb72402fae5cc7062e38f5eed\vibration_core.$proc$rtl/core/vibration_core.sv:246$1585'.
  created $dff cell `$procdff$9549' with positive edge clock.
Creating register for signal `$paramod$ed27a80ce8e9c8cdb72402fae5cc7062e38f5eed\vibration_core.$memwr$\raw0$rtl/core/vibration_core.sv:249$1505_ADDR' using process `$paramod$ed27a80ce8e9c8cdb72402fae5cc7062e38f5eed\vibration_core.$proc$rtl/core/vibration_core.sv:246$1585'.
  created $dff cell `$procdff$9550' with positive edge clock.
Creating register for signal `$paramod$ed27a80ce8e9c8cdb72402fae5cc7062e38f5eed\vibration_core.$memwr$\raw0$rtl/core/vibration_core.sv:249$1505_DATA' using process `$paramod$ed27a80ce8e9c8cdb72402fae5cc7062e38f5eed\vibration_core.$proc$rtl/core/vibration_core.sv:246$1585'.
  created $dff cell `$procdff$9551' with positive edge clock.
Creating register for signal `$paramod$ed27a80ce8e9c8cdb72402fae5cc7062e38f5eed\vibration_core.$memwr$\raw0$rtl/core/vibration_core.sv:249$1505_EN' using process `$paramod$ed27a80ce8e9c8cdb72402fae5cc7062e38f5eed\vibration_core.$proc$rtl/core/vibration_core.sv:246$1585'.
  created $dff cell `$procdff$9552' with positive edge clock.
Creating register for signal `$paramod$ed27a80ce8e9c8cdb72402fae5cc7062e38f5eed\vibration_core.$memwr$\windowed$rtl/core/vibration_core.sv:254$1506_ADDR' using process `$paramod$ed27a80ce8e9c8cdb72402fae5cc7062e38f5eed\vibration_core.$proc$rtl/core/vibration_core.sv:246$1585'.
  created $dff cell `$procdff$9553' with positive edge clock.
Creating register for signal `$paramod$ed27a80ce8e9c8cdb72402fae5cc7062e38f5eed\vibration_core.$memwr$\windowed$rtl/core/vibration_core.sv:254$1506_DATA' using process `$paramod$ed27a80ce8e9c8cdb72402fae5cc7062e38f5eed\vibration_core.$proc$rtl/core/vibration_core.sv:246$1585'.
  created $dff cell `$procdff$9554' with positive edge clock.
Creating register for signal `$paramod$ed27a80ce8e9c8cdb72402fae5cc7062e38f5eed\vibration_core.$memwr$\windowed$rtl/core/vibration_core.sv:254$1506_EN' using process `$paramod$ed27a80ce8e9c8cdb72402fae5cc7062e38f5eed\vibration_core.$proc$rtl/core/vibration_core.sv:246$1585'.
  created $dff cell `$procdff$9555' with positive edge clock.
Creating register for signal `$paramod$ea48439dded9a7c914470dcea54bb6988d9224bf\vib_coeff_rom.\magnitude' using process `$paramod$ea48439dded9a7c914470dcea54bb6988d9224bf\vib_coeff_rom.$proc$rtl/core/vib_coeff_rom.sv:26$1453'.
  created $dff cell `$procdff$9556' with positive edge clock.
Creating register for signal `$paramod$ea48439dded9a7c914470dcea54bb6988d9224bf\vib_coeff_rom.\negative' using process `$paramod$ea48439dded9a7c914470dcea54bb6988d9224bf\vib_coeff_rom.$proc$rtl/core/vib_coeff_rom.sv:26$1453'.
  created $dff cell `$procdff$9557' with positive edge clock.
Creating register for signal `$paramod$ea48439dded9a7c914470dcea54bb6988d9224bf\vib_coeff_rom.\is_zero' using process `$paramod$ea48439dded9a7c914470dcea54bb6988d9224bf\vib_coeff_rom.$proc$rtl/core/vib_coeff_rom.sv:26$1453'.
  created $dff cell `$procdff$9558' with positive edge clock.
Creating register for signal `$paramod$78dc09561539cbddd67c345fb430e65d2d8515c0\spi_master.\rx_valid' using process `$paramod$78dc09561539cbddd67c345fb430e65d2d8515c0\spi_master.$proc$rtl/io/spi_master.sv:29$1442'.
  created $dff cell `$procdff$9559' with positive edge clock.
Creating register for signal `$paramod$78dc09561539cbddd67c345fb430e65d2d8515c0\spi_master.\rx_data' using process `$paramod$78dc09561539cbddd67c345fb430e65d2d8515c0\spi_master.$proc$rtl/io/spi_master.sv:29$1442'.
  created $dff cell `$procdff$9560' with positive edge clock.
Creating register for signal `$paramod$78dc09561539cbddd67c345fb430e65d2d8515c0\spi_master.\sclk' using process `$paramod$78dc09561539cbddd67c345fb430e65d2d8515c0\spi_master.$proc$rtl/io/spi_master.sv:29$1442'.
  created $dff cell `$procdff$9561' with positive edge clock.
Creating register for signal `$paramod$78dc09561539cbddd67c345fb430e65d2d8515c0\spi_master.\mosi' using process `$paramod$78dc09561539cbddd67c345fb430e65d2d8515c0\spi_master.$proc$rtl/io/spi_master.sv:29$1442'.
  created $dff cell `$procdff$9562' with positive edge clock.
Creating register for signal `$paramod$78dc09561539cbddd67c345fb430e65d2d8515c0\spi_master.\cs_n' using process `$paramod$78dc09561539cbddd67c345fb430e65d2d8515c0\spi_master.$proc$rtl/io/spi_master.sv:29$1442'.
  created $dff cell `$procdff$9563' with positive edge clock.
Creating register for signal `$paramod$78dc09561539cbddd67c345fb430e65d2d8515c0\spi_master.\divider' using process `$paramod$78dc09561539cbddd67c345fb430e65d2d8515c0\spi_master.$proc$rtl/io/spi_master.sv:29$1442'.
  created $dff cell `$procdff$9564' with positive edge clock.
Creating register for signal `$paramod$78dc09561539cbddd67c345fb430e65d2d8515c0\spi_master.\tx_shift' using process `$paramod$78dc09561539cbddd67c345fb430e65d2d8515c0\spi_master.$proc$rtl/io/spi_master.sv:29$1442'.
  created $dff cell `$procdff$9565' with positive edge clock.
Creating register for signal `$paramod$78dc09561539cbddd67c345fb430e65d2d8515c0\spi_master.\rx_shift' using process `$paramod$78dc09561539cbddd67c345fb430e65d2d8515c0\spi_master.$proc$rtl/io/spi_master.sv:29$1442'.
  created $dff cell `$procdff$9566' with positive edge clock.
Creating register for signal `$paramod$78dc09561539cbddd67c345fb430e65d2d8515c0\spi_master.\edge_count' using process `$paramod$78dc09561539cbddd67c345fb430e65d2d8515c0\spi_master.$proc$rtl/io/spi_master.sv:29$1442'.
  created $dff cell `$procdff$9567' with positive edge clock.
Creating register for signal `$paramod$78dc09561539cbddd67c345fb430e65d2d8515c0\spi_master.\byte_active' using process `$paramod$78dc09561539cbddd67c345fb430e65d2d8515c0\spi_master.$proc$rtl/io/spi_master.sv:29$1442'.
  created $dff cell `$procdff$9568' with positive edge clock.
Creating register for signal `$paramod$78dc09561539cbddd67c345fb430e65d2d8515c0\spi_master.\finishing' using process `$paramod$78dc09561539cbddd67c345fb430e65d2d8515c0\spi_master.$proc$rtl/io/spi_master.sv:29$1442'.
  created $dff cell `$procdff$9569' with positive edge clock.
Creating register for signal `$paramod$78dc09561539cbddd67c345fb430e65d2d8515c0\spi_master.\last_byte' using process `$paramod$78dc09561539cbddd67c345fb430e65d2d8515c0\spi_master.$proc$rtl/io/spi_master.sv:29$1442'.
  created $dff cell `$procdff$9570' with positive edge clock.
Creating register for signal `\flash_stream.\state' using process `\flash_stream.$proc$rtl/io/flash_stream.sv:69$1405'.
  created $dff cell `$procdff$9571' with positive edge clock.
Creating register for signal `\flash_stream.\rd_valid' using process `\flash_stream.$proc$rtl/io/flash_stream.sv:69$1405'.
  created $dff cell `$procdff$9572' with positive edge clock.
Creating register for signal `\flash_stream.\rd_data' using process `\flash_stream.$proc$rtl/io/flash_stream.sv:69$1405'.
  created $dff cell `$procdff$9573' with positive edge clock.
Creating register for signal `\flash_stream.\done' using process `\flash_stream.$proc$rtl/io/flash_stream.sv:69$1405'.
  created $dff cell `$procdff$9574' with positive edge clock.
Creating register for signal `\flash_stream.\error' using process `\flash_stream.$proc$rtl/io/flash_stream.sv:69$1405'.
  created $dff cell `$procdff$9575' with positive edge clock.
Creating register for signal `\flash_stream.\address' using process `\flash_stream.$proc$rtl/io/flash_stream.sv:69$1405'.
  created $dff cell `$procdff$9576' with positive edge clock.
Creating register for signal `\flash_stream.\wake_count' using process `\flash_stream.$proc$rtl/io/flash_stream.sv:69$1405'.
  created $dff cell `$procdff$9577' with positive edge clock.
Creating register for signal `\flash_stream.\writing' using process `\flash_stream.$proc$rtl/io/flash_stream.sv:69$1405'.
  created $dff cell `$procdff$9578' with positive edge clock.
Creating register for signal `\flash_stream.\remaining' using process `\flash_stream.$proc$rtl/io/flash_stream.sv:69$1405'.
  created $dff cell `$procdff$9579' with positive edge clock.
Creating register for signal `\flash_stream.\header_index' using process `\flash_stream.$proc$rtl/io/flash_stream.sv:69$1405'.
  created $dff cell `$procdff$9580' with positive edge clock.
Creating register for signal `\flash_stream.\polls' using process `\flash_stream.$proc$rtl/io/flash_stream.sv:69$1405'.
  created $dff cell `$procdff$9581' with positive edge clock.
Creating register for signal `\replay_source.\sample_valid' using process `\replay_source.$proc$rtl/io/replay_source.sv:21$1371'.
  created $dff cell `$procdff$9582' with positive edge clock.
Creating register for signal `\replay_source.\sample' using process `\replay_source.$proc$rtl/io/replay_source.sv:21$1371'.
  created $dff cell `$procdff$9583' with positive edge clock.
Creating register for signal `\replay_source.\frame_id' using process `\replay_source.$proc$rtl/io/replay_source.sv:21$1371'.
  created $dff cell `$procdff$9584' with positive edge clock.
Creating register for signal `\replay_source.\sample_last' using process `\replay_source.$proc$rtl/io/replay_source.sv:21$1371'.
  created $dff cell `$procdff$9585' with positive edge clock.
Creating register for signal `\replay_source.\finished' using process `\replay_source.$proc$rtl/io/replay_source.sv:21$1371'.
  created $dff cell `$procdff$9586' with positive edge clock.
Creating register for signal `\replay_source.\point' using process `\replay_source.$proc$rtl/io/replay_source.sv:21$1371'.
  created $dff cell `$procdff$9587' with positive edge clock.
Creating register for signal `\replay_source.\phase' using process `\replay_source.$proc$rtl/io/replay_source.sv:21$1371'.
  created $dff cell `$procdff$9588' with positive edge clock.
Creating register for signal `\replay_source.\active' using process `\replay_source.$proc$rtl/io/replay_source.sv:21$1371'.
  created $dff cell `$procdff$9589' with positive edge clock.
Creating register for signal `\replay_source.\current_frame' using process `\replay_source.$proc$rtl/io/replay_source.sv:21$1371'.
  created $dff cell `$procdff$9590' with positive edge clock.
Creating register for signal `\replay_source.\generated_count' using process `\replay_source.$proc$rtl/io/replay_source.sv:21$1371'.
  created $dff cell `$procdff$9591' with positive edge clock.
Creating register for signal `\replay_source.\read_address' using process `\replay_source.$proc$rtl/io/replay_source.sv:21$1371'.
  created $dff cell `$procdff$9592' with positive edge clock.
Creating register for signal `\replay_fifo.\occupancy' using process `\replay_fifo.$proc$rtl/upduino_replay.sv:347$1365'.
  created $dff cell `$procdff$9593' with positive edge clock.
Creating register for signal `\replay_fifo.\slot0' using process `\replay_fifo.$proc$rtl/upduino_replay.sv:347$1365'.
  created $dff cell `$procdff$9594' with positive edge clock.
Creating register for signal `\replay_fifo.\slot1' using process `\replay_fifo.$proc$rtl/upduino_replay.sv:347$1365'.
  created $dff cell `$procdff$9595' with positive edge clock.
Creating register for signal `\replay_fifo.\rp' using process `\replay_fifo.$proc$rtl/upduino_replay.sv:347$1365'.
  created $dff cell `$procdff$9596' with positive edge clock.
Creating register for signal `\replay_fifo.\wp' using process `\replay_fifo.$proc$rtl/upduino_replay.sv:347$1365'.
  created $dff cell `$procdff$9597' with positive edge clock.
Creating register for signal `$paramod$c0e8b3b86a5ee2d1e6e803371652dd23b3cd3c98\vib_coeff_rom.\magnitude' using process `$paramod$c0e8b3b86a5ee2d1e6e803371652dd23b3cd3c98\vib_coeff_rom.$proc$rtl/core/vib_coeff_rom.sv:26$1467'.
  created $dff cell `$procdff$9598' with positive edge clock.
Creating register for signal `$paramod$c0e8b3b86a5ee2d1e6e803371652dd23b3cd3c98\vib_coeff_rom.\negative' using process `$paramod$c0e8b3b86a5ee2d1e6e803371652dd23b3cd3c98\vib_coeff_rom.$proc$rtl/core/vib_coeff_rom.sv:26$1467'.
  created $dff cell `$procdff$9599' with positive edge clock.
Creating register for signal `$paramod$c0e8b3b86a5ee2d1e6e803371652dd23b3cd3c98\vib_coeff_rom.\is_zero' using process `$paramod$c0e8b3b86a5ee2d1e6e803371652dd23b3cd3c98\vib_coeff_rom.$proc$rtl/core/vib_coeff_rom.sv:26$1467'.
  created $dff cell `$procdff$9600' with positive edge clock.
Creating register for signal `$paramod$a8d9e5618d08157bc2c8e9d2e07ce983284599f4\replay_system.\state' using process `$paramod$a8d9e5618d08157bc2c8e9d2e07ce983284599f4\replay_system.$proc$rtl/upduino_replay.sv:214$435'.
  created $dff cell `$procdff$9601' with positive edge clock.
Creating register for signal `$paramod$a8d9e5618d08157bc2c8e9d2e07ce983284599f4\replay_system.\error_flags' using process `$paramod$a8d9e5618d08157bc2c8e9d2e07ce983284599f4\replay_system.$proc$rtl/upduino_replay.sv:214$435'.
  created $dff cell `$procdff$9602' with positive edge clock.
Creating register for signal `$paramod$a8d9e5618d08157bc2c8e9d2e07ce983284599f4\replay_system.\committed' using process `$paramod$a8d9e5618d08157bc2c8e9d2e07ce983284599f4\replay_system.$proc$rtl/upduino_replay.sv:214$435'.
  created $dff cell `$procdff$9603' with positive edge clock.
Creating register for signal `$paramod$a8d9e5618d08157bc2c8e9d2e07ce983284599f4\replay_system.\existing_log' using process `$paramod$a8d9e5618d08157bc2c8e9d2e07ce983284599f4\replay_system.$proc$rtl/upduino_replay.sv:214$435'.
  created $dff cell `$procdff$9604' with positive edge clock.
Creating register for signal `$paramod$a8d9e5618d08157bc2c8e9d2e07ce983284599f4\replay_system.\header_word' using process `$paramod$a8d9e5618d08157bc2c8e9d2e07ce983284599f4\replay_system.$proc$rtl/upduino_replay.sv:214$435'.
  created $dff cell `$procdff$9605' with positive edge clock.
Creating register for signal `$paramod$a8d9e5618d08157bc2c8e9d2e07ce983284599f4\replay_system.\header_bad' using process `$paramod$a8d9e5618d08157bc2c8e9d2e07ce983284599f4\replay_system.$proc$rtl/upduino_replay.sv:214$435'.
  created $dff cell `$procdff$9606' with positive edge clock.
Creating register for signal `$paramod$a8d9e5618d08157bc2c8e9d2e07ce983284599f4\replay_system.\hash_bad' using process `$paramod$a8d9e5618d08157bc2c8e9d2e07ce983284599f4\replay_system.$proc$rtl/upduino_replay.sv:214$435'.
  created $dff cell `$procdff$9607' with positive edge clock.
Creating register for signal `$paramod$a8d9e5618d08157bc2c8e9d2e07ce983284599f4\replay_system.\byte_index' using process `$paramod$a8d9e5618d08157bc2c8e9d2e07ce983284599f4\replay_system.$proc$rtl/upduino_replay.sv:214$435'.
  created $dff cell `$procdff$9608' with positive edge clock.
Creating register for signal `$paramod$a8d9e5618d08157bc2c8e9d2e07ce983284599f4\replay_system.\log_blank' using process `$paramod$a8d9e5618d08157bc2c8e9d2e07ce983284599f4\replay_system.$proc$rtl/upduino_replay.sv:214$435'.
  created $dff cell `$procdff$9609' with positive edge clock.
Creating register for signal `$paramod$a8d9e5618d08157bc2c8e9d2e07ce983284599f4\replay_system.\log_scan_chunk' using process `$paramod$a8d9e5618d08157bc2c8e9d2e07ce983284599f4\replay_system.$proc$rtl/upduino_replay.sv:214$435'.
  created $dff cell `$procdff$9610' with positive edge clock.
Creating register for signal `$paramod$a8d9e5618d08157bc2c8e9d2e07ce983284599f4\replay_system.\source_frames' using process `$paramod$a8d9e5618d08157bc2c8e9d2e07ce983284599f4\replay_system.$proc$rtl/upduino_replay.sv:214$435'.
  created $dff cell `$procdff$9611' with positive edge clock.
Creating register for signal `$paramod$a8d9e5618d08157bc2c8e9d2e07ce983284599f4\replay_system.\run_frames' using process `$paramod$a8d9e5618d08157bc2c8e9d2e07ce983284599f4\replay_system.$proc$rtl/upduino_replay.sv:214$435'.
  created $dff cell `$procdff$9612' with positive edge clock.
Creating register for signal `$paramod$a8d9e5618d08157bc2c8e9d2e07ce983284599f4\replay_system.\period_cycles' using process `$paramod$a8d9e5618d08157bc2c8e9d2e07ce983284599f4\replay_system.$proc$rtl/upduino_replay.sv:214$435'.
  created $dff cell `$procdff$9613' with positive edge clock.
Creating register for signal `$paramod$a8d9e5618d08157bc2c8e9d2e07ce983284599f4\replay_system.\expected_crc' using process `$paramod$a8d9e5618d08157bc2c8e9d2e07ce983284599f4\replay_system.$proc$rtl/upduino_replay.sv:214$435'.
  created $dff cell `$procdff$9614' with positive edge clock.
Creating register for signal `$paramod$a8d9e5618d08157bc2c8e9d2e07ce983284599f4\replay_system.\crc' using process `$paramod$a8d9e5618d08157bc2c8e9d2e07ce983284599f4\replay_system.$proc$rtl/upduino_replay.sv:214$435'.
  created $dff cell `$procdff$9615' with positive edge clock.
Creating register for signal `$paramod$a8d9e5618d08157bc2c8e9d2e07ce983284599f4\replay_system.\payload_size' using process `$paramod$a8d9e5618d08157bc2c8e9d2e07ce983284599f4\replay_system.$proc$rtl/upduino_replay.sv:214$435'.
  created $dff cell `$procdff$9616' with positive edge clock.
Creating register for signal `$paramod$a8d9e5618d08157bc2c8e9d2e07ce983284599f4\replay_system.\low_byte' using process `$paramod$a8d9e5618d08157bc2c8e9d2e07ce983284599f4\replay_system.$proc$rtl/upduino_replay.sv:214$435'.
  created $dff cell `$procdff$9617' with positive edge clock.
Creating register for signal `$paramod$a8d9e5618d08157bc2c8e9d2e07ce983284599f4\replay_system.\load_we' using process `$paramod$a8d9e5618d08157bc2c8e9d2e07ce983284599f4\replay_system.$proc$rtl/upduino_replay.sv:214$435'.
  created $dff cell `$procdff$9618' with positive edge clock.
Creating register for signal `$paramod$a8d9e5618d08157bc2c8e9d2e07ce983284599f4\replay_system.\load_address' using process `$paramod$a8d9e5618d08157bc2c8e9d2e07ce983284599f4\replay_system.$proc$rtl/upduino_replay.sv:214$435'.
  created $dff cell `$procdff$9619' with positive edge clock.
Creating register for signal `$paramod$a8d9e5618d08157bc2c8e9d2e07ce983284599f4\replay_system.\load_data' using process `$paramod$a8d9e5618d08157bc2c8e9d2e07ce983284599f4\replay_system.$proc$rtl/upduino_replay.sv:214$435'.
  created $dff cell `$procdff$9620' with positive edge clock.
Creating register for signal `$paramod$a8d9e5618d08157bc2c8e9d2e07ce983284599f4\replay_system.\overflow_count' using process `$paramod$a8d9e5618d08157bc2c8e9d2e07ce983284599f4\replay_system.$proc$rtl/upduino_replay.sv:214$435'.
  created $dff cell `$procdff$9621' with positive edge clock.
Creating register for signal `$paramod$a8d9e5618d08157bc2c8e9d2e07ce983284599f4\replay_system.\accepted_samples' using process `$paramod$a8d9e5618d08157bc2c8e9d2e07ce983284599f4\replay_system.$proc$rtl/upduino_replay.sv:214$435'.
  created $dff cell `$procdff$9622' with positive edge clock.
Creating register for signal `$paramod$a8d9e5618d08157bc2c8e9d2e07ce983284599f4\replay_system.\max_fifo' using process `$paramod$a8d9e5618d08157bc2c8e9d2e07ce983284599f4\replay_system.$proc$rtl/upduino_replay.sv:214$435'.
  created $dff cell `$procdff$9623' with positive edge clock.
Creating register for signal `$paramod$a8d9e5618d08157bc2c8e9d2e07ce983284599f4\replay_system.\tail_cycles' using process `$paramod$a8d9e5618d08157bc2c8e9d2e07ce983284599f4\replay_system.$proc$rtl/upduino_replay.sv:214$435'.
  created $dff cell `$procdff$9624' with positive edge clock.
Creating register for signal `$paramod$a8d9e5618d08157bc2c8e9d2e07ce983284599f4\replay_system.\storing' using process `$paramod$a8d9e5618d08157bc2c8e9d2e07ce983284599f4\replay_system.$proc$rtl/upduino_replay.sv:214$435'.
  created $dff cell `$procdff$9625' with positive edge clock.
Creating register for signal `$paramod$a8d9e5618d08157bc2c8e9d2e07ce983284599f4\replay_system.\record_word' using process `$paramod$a8d9e5618d08157bc2c8e9d2e07ce983284599f4\replay_system.$proc$rtl/upduino_replay.sv:214$435'.
  created $dff cell `$procdff$9626' with positive edge clock.
Creating register for signal `$paramod$a8d9e5618d08157bc2c8e9d2e07ce983284599f4\replay_system.\record_generated' using process `$paramod$a8d9e5618d08157bc2c8e9d2e07ce983284599f4\replay_system.$proc$rtl/upduino_replay.sv:214$435'.
  created $dff cell `$procdff$9627' with positive edge clock.
Creating register for signal `$paramod$a8d9e5618d08157bc2c8e9d2e07ce983284599f4\replay_system.\record_accepted' using process `$paramod$a8d9e5618d08157bc2c8e9d2e07ce983284599f4\replay_system.$proc$rtl/upduino_replay.sv:214$435'.
  created $dff cell `$procdff$9628' with positive edge clock.
Creating register for signal `$paramod$a8d9e5618d08157bc2c8e9d2e07ce983284599f4\replay_system.\record_protocol' using process `$paramod$a8d9e5618d08157bc2c8e9d2e07ce983284599f4\replay_system.$proc$rtl/upduino_replay.sv:214$435'.
  created $dff cell `$procdff$9629' with positive edge clock.
Creating register for signal `$paramod$a8d9e5618d08157bc2c8e9d2e07ce983284599f4\replay_system.\record_maxfifo' using process `$paramod$a8d9e5618d08157bc2c8e9d2e07ce983284599f4\replay_system.$proc$rtl/upduino_replay.sv:214$435'.
  created $dff cell `$procdff$9630' with positive edge clock.
Creating register for signal `$paramod$a8d9e5618d08157bc2c8e9d2e07ce983284599f4\replay_system.\result_count' using process `$paramod$a8d9e5618d08157bc2c8e9d2e07ce983284599f4\replay_system.$proc$rtl/upduino_replay.sv:214$435'.
  created $dff cell `$procdff$9631' with positive edge clock.
Creating register for signal `$paramod$a8d9e5618d08157bc2c8e9d2e07ce983284599f4\replay_system.\write_position' using process `$paramod$a8d9e5618d08157bc2c8e9d2e07ce983284599f4\replay_system.$proc$rtl/upduino_replay.sv:214$435'.
  created $dff cell `$procdff$9632' with positive edge clock.
Creating register for signal `$paramod$a8d9e5618d08157bc2c8e9d2e07ce983284599f4\replay_system.\write_end' using process `$paramod$a8d9e5618d08157bc2c8e9d2e07ce983284599f4\replay_system.$proc$rtl/upduino_replay.sv:214$435'.
  created $dff cell `$procdff$9633' with positive edge clock.
Creating register for signal `$paramod$a8d9e5618d08157bc2c8e9d2e07ce983284599f4\replay_system.\write_kind' using process `$paramod$a8d9e5618d08157bc2c8e9d2e07ce983284599f4\replay_system.$proc$rtl/upduino_replay.sv:214$435'.
  created $dff cell `$procdff$9634' with positive edge clock.
Creating register for signal `$paramod$a8d9e5618d08157bc2c8e9d2e07ce983284599f4\replay_system.\page_remaining' using process `$paramod$a8d9e5618d08157bc2c8e9d2e07ce983284599f4\replay_system.$proc$rtl/upduino_replay.sv:214$435'.
  created $dff cell `$procdff$9635' with positive edge clock.
Creating register for signal `$paramod$a8d9e5618d08157bc2c8e9d2e07ce983284599f4\replay_system.\crc_byte$func$rtl/upduino_replay.sv:291$400.$result' using process `$paramod$a8d9e5618d08157bc2c8e9d2e07ce983284599f4\replay_system.$proc$rtl/upduino_replay.sv:214$435'.
  created $dff cell `$procdff$9636' with positive edge clock.
Creating register for signal `$paramod$a8d9e5618d08157bc2c8e9d2e07ce983284599f4\replay_system.\crc_byte$func$rtl/upduino_replay.sv:291$400.prior' using process `$paramod$a8d9e5618d08157bc2c8e9d2e07ce983284599f4\replay_system.$proc$rtl/upduino_replay.sv:214$435'.
  created $dff cell `$procdff$9637' with positive edge clock.
Creating register for signal `$paramod$a8d9e5618d08157bc2c8e9d2e07ce983284599f4\replay_system.\crc_byte$func$rtl/upduino_replay.sv:291$400.data' using process `$paramod$a8d9e5618d08157bc2c8e9d2e07ce983284599f4\replay_system.$proc$rtl/upduino_replay.sv:214$435'.
  created $dff cell `$procdff$9638' with positive edge clock.
Creating register for signal `$paramod$a8d9e5618d08157bc2c8e9d2e07ce983284599f4\replay_system.\crc_byte$func$rtl/upduino_replay.sv:291$400.c' using process `$paramod$a8d9e5618d08157bc2c8e9d2e07ce983284599f4\replay_system.$proc$rtl/upduino_replay.sv:214$435'.
  created $dff cell `$procdff$9639' with positive edge clock.
Creating register for signal `$paramod$a8d9e5618d08157bc2c8e9d2e07ce983284599f4\replay_system.\crc_byte$func$rtl/upduino_replay.sv:291$400.i' using process `$paramod$a8d9e5618d08157bc2c8e9d2e07ce983284599f4\replay_system.$proc$rtl/upduino_replay.sv:214$435'.
  created $dff cell `$procdff$9640' with positive edge clock.
Creating register for signal `\upduino_replay.\startup' using process `\upduino_replay.$proc$rtl/upduino_replay.sv:27$396'.
  created $dff cell `$procdff$9641' with positive edge clock.

10.4.10. Executing PROC_MEMWR pass (convert process memory writes to cells).

10.4.11. Executing PROC_CLEAN pass (remove empty switches from decision trees).
Removing empty process `$paramod$ed27a80ce8e9c8cdb72402fae5cc7062e38f5eed\vibration_core.$proc$rtl/core/vibration_core.sv:218$2274'.
Removing empty process `$paramod$ed27a80ce8e9c8cdb72402fae5cc7062e38f5eed\vibration_core.$proc$rtl/core/vibration_core.sv:203$2273'.
Found and cleaned up 2 empty switches in `$paramod$ed27a80ce8e9c8cdb72402fae5cc7062e38f5eed\vibration_core.$proc$rtl/core/vibration_core.sv:213$2269'.
Removing empty process `$paramod$ed27a80ce8e9c8cdb72402fae5cc7062e38f5eed\vibration_core.$proc$rtl/core/vibration_core.sv:213$2269'.
Found and cleaned up 53 empty switches in `$paramod$ed27a80ce8e9c8cdb72402fae5cc7062e38f5eed\vibration_core.$proc$rtl/core/vibration_core.sv:259$1659'.
Removing empty process `$paramod$ed27a80ce8e9c8cdb72402fae5cc7062e38f5eed\vibration_core.$proc$rtl/core/vibration_core.sv:259$1659'.
Found and cleaned up 7 empty switches in `$paramod$ed27a80ce8e9c8cdb72402fae5cc7062e38f5eed\vibration_core.$proc$rtl/core/vibration_core.sv:246$1585'.
Removing empty process `$paramod$ed27a80ce8e9c8cdb72402fae5cc7062e38f5eed\vibration_core.$proc$rtl/core/vibration_core.sv:246$1585'.
Found and cleaned up 3 empty switches in `$paramod$ed27a80ce8e9c8cdb72402fae5cc7062e38f5eed\vibration_core.$proc$rtl/core/vibration_core.sv:222$1549'.
Removing empty process `$paramod$ed27a80ce8e9c8cdb72402fae5cc7062e38f5eed\vibration_core.$proc$rtl/core/vibration_core.sv:222$1549'.
Found and cleaned up 1 empty switch in `$paramod$ea48439dded9a7c914470dcea54bb6988d9224bf\vib_coeff_rom.$proc$rtl/core/vib_coeff_rom.sv:26$1453'.
Removing empty process `$paramod$ea48439dded9a7c914470dcea54bb6988d9224bf\vib_coeff_rom.$proc$rtl/core/vib_coeff_rom.sv:26$1453'.
Found and cleaned up 9 empty switches in `$paramod$78dc09561539cbddd67c345fb430e65d2d8515c0\spi_master.$proc$rtl/io/spi_master.sv:29$1442'.
Removing empty process `$paramod$78dc09561539cbddd67c345fb430e65d2d8515c0\spi_master.$proc$rtl/io/spi_master.sv:29$1442'.
Found and cleaned up 25 empty switches in `\flash_stream.$proc$rtl/io/flash_stream.sv:69$1405'.
Removing empty process `flash_stream.$proc$rtl/io/flash_stream.sv:69$1405'.
Found and cleaned up 2 empty switches in `\flash_stream.$proc$rtl/io/flash_stream.sv:48$1400'.
Removing empty process `flash_stream.$proc$rtl/io/flash_stream.sv:48$1400'.
Found and cleaned up 8 empty switches in `\replay_source.$proc$rtl/io/replay_source.sv:21$1371'.
Removing empty process `replay_source.$proc$rtl/io/replay_source.sv:21$1371'.
Found and cleaned up 5 empty switches in `\replay_fifo.$proc$rtl/upduino_replay.sv:347$1365'.
Removing empty process `replay_fifo.$proc$rtl/upduino_replay.sv:347$1365'.
Found and cleaned up 1 empty switch in `$paramod$c0e8b3b86a5ee2d1e6e803371652dd23b3cd3c98\vib_coeff_rom.$proc$rtl/core/vib_coeff_rom.sv:26$1467'.
Removing empty process `$paramod$c0e8b3b86a5ee2d1e6e803371652dd23b3cd3c98\vib_coeff_rom.$proc$rtl/core/vib_coeff_rom.sv:26$1467'.
Found and cleaned up 44 empty switches in `$paramod$a8d9e5618d08157bc2c8e9d2e07ce983284599f4\replay_system.$proc$rtl/upduino_replay.sv:214$435'.
Removing empty process `$paramod$a8d9e5618d08157bc2c8e9d2e07ce983284599f4\replay_system.$proc$rtl/upduino_replay.sv:214$435'.
Found and cleaned up 6 empty switches in `$paramod$a8d9e5618d08157bc2c8e9d2e07ce983284599f4\replay_system.$proc$rtl/upduino_replay.sv:167$418'.
Removing empty process `$paramod$a8d9e5618d08157bc2c8e9d2e07ce983284599f4\replay_system.$proc$rtl/upduino_replay.sv:167$418'.
Removing empty process `upduino_replay.$proc$rtl/upduino_replay.sv:25$398'.
Found and cleaned up 1 empty switch in `\upduino_replay.$proc$rtl/upduino_replay.sv:27$396'.
Removing empty process `upduino_replay.$proc$rtl/upduino_replay.sv:27$396'.
Cleaned up 167 empty switches.

10.4.12. Executing OPT_EXPR pass (perform const folding).
Optimizing module $paramod$ed27a80ce8e9c8cdb72402fae5cc7062e38f5eed\vibration_core.
<suppressed ~99 debug messages>
Optimizing module $paramod$ea48439dded9a7c914470dcea54bb6988d9224bf\vib_coeff_rom.
<suppressed ~1 debug messages>
Optimizing module $paramod$78dc09561539cbddd67c345fb430e65d2d8515c0\spi_master.
<suppressed ~12 debug messages>
Optimizing module flash_stream.
<suppressed ~16 debug messages>
Optimizing module replay_source.
Optimizing module replay_fifo.
<suppressed ~1 debug messages>
Optimizing module $paramod$c0e8b3b86a5ee2d1e6e803371652dd23b3cd3c98\vib_coeff_rom.
<suppressed ~1 debug messages>
Optimizing module spram16k.
Optimizing module $paramod$a8d9e5618d08157bc2c8e9d2e07ce983284599f4\replay_system.
<suppressed ~49 debug messages>
Optimizing module upduino_replay.

10.5. Executing CHECK pass (checking for obvious problems).
Checking module $paramod$ed27a80ce8e9c8cdb72402fae5cc7062e38f5eed\vibration_core...
Checking module $paramod$ea48439dded9a7c914470dcea54bb6988d9224bf\vib_coeff_rom...
Checking module $paramod$78dc09561539cbddd67c345fb430e65d2d8515c0\spi_master...
Checking module flash_stream...
Checking module replay_source...
Checking module replay_fifo...
Checking module $paramod$c0e8b3b86a5ee2d1e6e803371652dd23b3cd3c98\vib_coeff_rom...
Checking module spram16k...
Checking module $paramod$a8d9e5618d08157bc2c8e9d2e07ce983284599f4\replay_system...
Checking module upduino_replay...
Found and reported 0 problems.

10.6. Executing FLATTEN pass (flatten design).
Deleting now unused module $paramod$ed27a80ce8e9c8cdb72402fae5cc7062e38f5eed\vibration_core.
Deleting now unused module $paramod$ea48439dded9a7c914470dcea54bb6988d9224bf\vib_coeff_rom.
Deleting now unused module $paramod$78dc09561539cbddd67c345fb430e65d2d8515c0\spi_master.
Deleting now unused module flash_stream.
Deleting now unused module replay_source.
Deleting now unused module replay_fifo.
Deleting now unused module $paramod$c0e8b3b86a5ee2d1e6e803371652dd23b3cd3c98\vib_coeff_rom.
Deleting now unused module spram16k.
Deleting now unused module $paramod$a8d9e5618d08157bc2c8e9d2e07ce983284599f4\replay_system.
<suppressed ~11 debug messages>

10.7. Executing TRIBUF pass.

10.8. Executing DEMINOUT pass (demote inout ports to input or output).

10.9. Executing OPT_EXPR pass (perform const folding).
Optimizing module upduino_replay.
<suppressed ~23 debug messages>

10.10. Executing OPT_CLEAN pass (remove unused cells and wires).
Finding unused cells or wires in module \upduino_replay..
Removed 871 unused cells and 2751 unused wires.
<suppressed ~938 debug messages>

10.11. Executing CHECK pass (checking for obvious problems).
Checking module upduino_replay...
Found and reported 0 problems.

10.12. Executing OPT pass (performing simple optimizations).

10.12.1. Executing OPT_EXPR pass (perform const folding).
Optimizing module upduino_replay.
<suppressed ~1 debug messages>

10.12.2. Executing OPT_MERGE pass (detect identical cells).
Finding identical cells in module `\upduino_replay'.
Computing hashes of 1892 cells of `\upduino_replay'.
Finding duplicate cells in `\upduino_replay'.
Computing hashes of 1588 cells of `\upduino_replay'.
Finding duplicate cells in `\upduino_replay'.
Computing hashes of 1584 cells of `\upduino_replay'.
Finding duplicate cells in `\upduino_replay'.
Computing hashes of 1582 cells of `\upduino_replay'.
Finding duplicate cells in `\upduino_replay'.
<suppressed ~930 debug messages>
Removed a total of 310 cells.

10.12.3. Executing OPT_MUXTREE pass (detect dead branches in mux trees).
Running muxtree optimizer on module \upduino_replay..
  Creating internal representation of mux trees.
  Evaluating internal representation of mux trees.
      Replacing known input bits on port A of cell $flatten\system.\transport.\spi.$procmux$7694: \system.transport.spi.byte_active -> 1'0
      Replacing known input bits on port A of cell $flatten\system.\transport.\spi.$procmux$7692: \system.transport.spi.byte_active -> 1'1
      Replacing known input bits on port A of cell $flatten\system.\source.$procmux$8206: \system.source.active -> 1'0
      Replacing known input bits on port A of cell $flatten\system.\source.$procmux$8204: \system.source.active -> 1'1
      Replacing known input bits on port A of cell $flatten\system.\source.$procmux$8202: \system.source.active -> 1'1
      Replacing known input bits on port B of cell $flatten\system.\transport.\spi.$procmux$7678: \system.transport.spi.finishing -> 1'0
      Replacing known input bits on port A of cell $flatten\system.\transport.\spi.$procmux$7676: \system.transport.spi.finishing -> 1'0
      Replacing known input bits on port A of cell $flatten\system.\core.$procmux$7053: \system.core.draining -> 1'1
      Replacing known input bits on port B of cell $flatten\system.\core.$procmux$7050: \system.core.draining -> 1'0
      Replacing known input bits on port A of cell $flatten\system.\core.$procmux$7047: \system.core.draining -> 1'0
      Replacing known input bits on port A of cell $flatten\system.\core.$procmux$6864: \system.core.store_lane -> 1'0
      Replacing known input bits on port A of cell $flatten\system.\core.$procmux$6873: \system.core.store_lane -> 1'0
      Replacing known input bits on port A of cell $flatten\system.\transport.$procmux$8032: \system.transport.rd_valid -> 1'0
  Analyzing evaluation results.
    dead port 2/2 on $mux $flatten\system.\core.$procmux$7545.
    dead port 2/2 on $mux $flatten\system.\core.$procmux$7535.
    dead port 1/2 on $mux $flatten\system.\core.$procmux$7533.
    dead port 2/2 on $mux $flatten\system.\core.$procmux$7500.
    dead port 2/2 on $mux $flatten\system.\core.$procmux$7494.
    dead port 2/2 on $mux $flatten\system.\core.$procmux$7488.
    dead port 2/2 on $mux $flatten\system.\core.$procmux$7482.
    dead port 2/2 on $mux $flatten\system.\core.$procmux$7476.
    dead port 2/2 on $mux $flatten\system.\core.$procmux$7470.
    dead port 2/2 on $mux $flatten\system.\core.$procmux$7422.
    dead port 2/2 on $mux $flatten\system.\core.$procmux$7416.
    dead port 1/2 on $mux $flatten\system.\core.$procmux$7414.
    dead port 2/2 on $mux $flatten\system.$procmux$9333.
    dead port 2/2 on $mux $flatten\system.$procmux$9327.
    dead port 1/2 on $mux $flatten\system.$procmux$9325.
    dead port 2/2 on $mux $flatten\system.$procmux$9318.
    dead port 1/2 on $mux $flatten\system.$procmux$9316.
    dead port 2/2 on $mux $flatten\system.$procmux$9313.
    dead port 1/2 on $mux $flatten\system.\core.$procmux$6082.
    dead port 1/2 on $mux $flatten\system.\core.$procmux$6076.
    dead port 1/2 on $mux $flatten\system.\core.$procmux$6070.
    dead port 1/2 on $mux $flatten\system.\core.$procmux$6064.
    dead port 1/2 on $mux $flatten\system.\core.$procmux$6058.
    dead port 1/2 on $mux $flatten\system.\core.$procmux$6052.
    dead port 1/2 on $mux $flatten\system.\core.$procmux$6031.
    dead port 2/2 on $mux $flatten\system.\core.$procmux$6028.
    dead port 1/2 on $mux $flatten\system.\core.$procmux$6022.
    dead port 2/2 on $mux $flatten\system.\core.$procmux$6019.
    dead port 1/2 on $mux $flatten\system.\core.$procmux$6013.
    dead port 2/2 on $mux $flatten\system.\core.$procmux$6010.
    dead port 1/2 on $mux $flatten\system.\core.$procmux$6004.
    dead port 2/2 on $mux $flatten\system.\core.$procmux$6001.
    dead port 1/2 on $mux $flatten\system.\core.$procmux$5995.
    dead port 2/2 on $mux $flatten\system.\core.$procmux$5992.
    dead port 1/2 on $mux $flatten\system.\core.$procmux$5986.
    dead port 2/2 on $mux $flatten\system.\core.$procmux$5983.
    dead port 1/2 on $mux $flatten\system.\core.$procmux$5977.
    dead port 2/2 on $mux $flatten\system.\core.$procmux$5974.
    dead port 1/2 on $mux $flatten\system.\core.$procmux$5956.
    dead port 2/2 on $mux $flatten\system.\core.$procmux$5953.
    dead port 1/2 on $mux $flatten\system.\core.$procmux$5951.
    dead port 1/2 on $mux $flatten\system.\core.$procmux$5944.
    dead port 2/2 on $mux $flatten\system.\core.$procmux$5941.
    dead port 1/2 on $mux $flatten\system.\core.$procmux$5939.
    dead port 1/2 on $mux $flatten\system.\core.$procmux$5932.
    dead port 2/2 on $mux $flatten\system.\core.$procmux$5929.
    dead port 1/2 on $mux $flatten\system.\core.$procmux$5927.
    dead port 1/2 on $mux $flatten\system.\core.$procmux$5920.
    dead port 2/2 on $mux $flatten\system.\core.$procmux$5917.
    dead port 1/2 on $mux $flatten\system.\core.$procmux$5915.
    dead port 1/2 on $mux $flatten\system.\core.$procmux$5908.
    dead port 2/2 on $mux $flatten\system.\core.$procmux$5905.
    dead port 1/2 on $mux $flatten\system.\core.$procmux$5903.
    dead port 1/2 on $mux $flatten\system.\core.$procmux$5896.
    dead port 2/2 on $mux $flatten\system.\core.$procmux$5893.
    dead port 1/2 on $mux $flatten\system.\core.$procmux$5891.
    dead port 1/2 on $mux $flatten\system.\core.$procmux$5884.
    dead port 2/2 on $mux $flatten\system.\core.$procmux$5881.
    dead port 1/2 on $mux $flatten\system.\core.$procmux$5879.
    dead port 1/2 on $mux $flatten\system.\core.$procmux$5857.
    dead port 2/2 on $mux $flatten\system.\core.$procmux$5854.
    dead port 1/2 on $mux $flatten\system.\core.$procmux$5852.
    dead port 1/2 on $mux $flatten\system.\core.$procmux$5849.
    dead port 1/2 on $mux $flatten\system.\core.$procmux$5842.
    dead port 2/2 on $mux $flatten\system.\core.$procmux$5839.
    dead port 1/2 on $mux $flatten\system.\core.$procmux$5837.
    dead port 1/2 on $mux $flatten\system.\core.$procmux$5834.
    dead port 1/2 on $mux $flatten\system.\core.$procmux$5827.
    dead port 2/2 on $mux $flatten\system.\core.$procmux$5824.
    dead port 1/2 on $mux $flatten\system.\core.$procmux$5822.
    dead port 1/2 on $mux $flatten\system.\core.$procmux$5819.
    dead port 1/2 on $mux $flatten\system.\core.$procmux$5812.
    dead port 2/2 on $mux $flatten\system.\core.$procmux$5809.
    dead port 1/2 on $mux $flatten\system.\core.$procmux$5807.
    dead port 1/2 on $mux $flatten\system.\core.$procmux$5804.
    dead port 1/2 on $mux $flatten\system.\core.$procmux$5797.
    dead port 2/2 on $mux $flatten\system.\core.$procmux$5794.
    dead port 1/2 on $mux $flatten\system.\core.$procmux$5792.
    dead port 1/2 on $mux $flatten\system.\core.$procmux$5789.
    dead port 1/2 on $mux $flatten\system.\core.$procmux$5782.
    dead port 2/2 on $mux $flatten\system.\core.$procmux$5779.
    dead port 1/2 on $mux $flatten\system.\core.$procmux$5777.
    dead port 1/2 on $mux $flatten\system.\core.$procmux$5774.
    dead port 1/2 on $mux $flatten\system.\core.$procmux$5767.
    dead port 2/2 on $mux $flatten\system.\core.$procmux$5764.
    dead port 1/2 on $mux $flatten\system.\core.$procmux$5762.
    dead port 1/2 on $mux $flatten\system.\core.$procmux$5759.
    dead port 1/2 on $mux $flatten\system.\core.$procmux$5734.
    dead port 2/2 on $mux $flatten\system.\core.$procmux$5731.
    dead port 1/2 on $mux $flatten\system.\core.$procmux$5729.
    dead port 1/2 on $mux $flatten\system.\core.$procmux$5726.
    dead port 2/2 on $mux $flatten\system.\core.$procmux$5723.
    dead port 1/2 on $mux $flatten\system.\core.$procmux$5716.
    dead port 2/2 on $mux $flatten\system.\core.$procmux$5713.
    dead port 1/2 on $mux $flatten\system.\core.$procmux$5711.
    dead port 1/2 on $mux $flatten\system.\core.$procmux$5708.
    dead port 2/2 on $mux $flatten\system.\core.$procmux$5705.
    dead port 1/2 on $mux $flatten\system.\core.$procmux$5698.
    dead port 2/2 on $mux $flatten\system.\core.$procmux$5695.
    dead port 1/2 on $mux $flatten\system.\core.$procmux$5693.
    dead port 1/2 on $mux $flatten\system.\core.$procmux$5690.
    dead port 2/2 on $mux $flatten\system.\core.$procmux$5687.
    dead port 1/2 on $mux $flatten\system.\core.$procmux$5680.
    dead port 2/2 on $mux $flatten\system.\core.$procmux$5677.
    dead port 1/2 on $mux $flatten\system.\core.$procmux$5675.
    dead port 1/2 on $mux $flatten\system.\core.$procmux$5672.
    dead port 2/2 on $mux $flatten\system.\core.$procmux$5669.
    dead port 1/2 on $mux $flatten\system.\core.$procmux$5662.
    dead port 2/2 on $mux $flatten\system.\core.$procmux$5659.
    dead port 1/2 on $mux $flatten\system.\core.$procmux$5657.
    dead port 1/2 on $mux $flatten\system.\core.$procmux$5654.
    dead port 2/2 on $mux $flatten\system.\core.$procmux$5651.
    dead port 1/2 on $mux $flatten\system.\core.$procmux$5644.
    dead port 2/2 on $mux $flatten\system.\core.$procmux$5641.
    dead port 1/2 on $mux $flatten\system.\core.$procmux$5639.
    dead port 1/2 on $mux $flatten\system.\core.$procmux$5636.
    dead port 2/2 on $mux $flatten\system.\core.$procmux$5633.
    dead port 1/2 on $mux $flatten\system.\core.$procmux$5626.
    dead port 2/2 on $mux $flatten\system.\core.$procmux$5623.
    dead port 1/2 on $mux $flatten\system.\core.$procmux$5621.
    dead port 1/2 on $mux $flatten\system.\core.$procmux$5618.
    dead port 2/2 on $mux $flatten\system.\core.$procmux$5615.
    dead port 1/2 on $mux $flatten\system.\core.$procmux$4512.
    dead port 1/2 on $mux $flatten\system.\core.$procmux$4492.
    dead port 1/2 on $mux $flatten\system.\core.$procmux$4472.
    dead port 1/2 on $mux $flatten\system.\core.$procmux$4452.
    dead port 1/2 on $mux $flatten\system.\core.$procmux$4432.
    dead port 1/2 on $mux $flatten\system.\core.$procmux$4412.
    dead port 1/2 on $mux $flatten\system.\core.$procmux$4392.
    dead port 1/2 on $mux $flatten\system.\core.$procmux$4379.
    dead port 1/2 on $mux $flatten\system.\core.$procmux$4366.
    dead port 1/2 on $mux $flatten\system.\core.$procmux$4353.
    dead port 1/2 on $mux $flatten\system.\core.$procmux$4345.
    dead port 1/2 on $mux $flatten\system.\core.$procmux$4337.
    dead port 1/2 on $mux $flatten\system.\core.$procmux$4329.
    dead port 1/2 on $mux $flatten\system.\core.$procmux$4321.
    dead port 1/2 on $mux $flatten\system.\core.$procmux$4313.
    dead port 1/2 on $mux $flatten\system.\core.$procmux$4247.
    dead port 1/2 on $mux $flatten\system.\core.$procmux$4218.
    dead port 1/2 on $mux $flatten\system.\core.$procmux$4160.
    dead port 2/2 on $mux $flatten\system.\core.$procmux$4157.
    dead port 1/2 on $mux $flatten\system.\core.$procmux$4096.
    dead port 2/2 on $mux $flatten\system.\core.$procmux$4093.
    dead port 1/2 on $mux $flatten\system.\core.$procmux$3980.
    dead port 2/2 on $mux $flatten\system.\core.$procmux$3977.
    dead port 1/2 on $mux $flatten\system.\core.$procmux$3653.
    dead port 2/2 on $mux $flatten\system.\core.$procmux$3650.
    dead port 2/2 on $mux $flatten\system.\transport.$procmux$8131.
    dead port 1/2 on $mux $flatten\system.\core.$procmux$3464.
    dead port 2/2 on $mux $flatten\system.\core.$procmux$3461.
    dead port 1/2 on $mux $flatten\system.\core.$procmux$3441.
    dead port 2/2 on $mux $flatten\system.\core.$procmux$3438.
    dead port 1/2 on $mux $flatten\system.\core.$procmux$3418.
    dead port 2/2 on $mux $flatten\system.\core.$procmux$3415.
    dead port 1/2 on $mux $flatten\system.\core.$procmux$3234.
    dead port 2/2 on $mux $flatten\system.\core.$procmux$3231.
    dead port 1/2 on $mux $flatten\system.\core.$procmux$3211.
    dead port 2/2 on $mux $flatten\system.\core.$procmux$3208.
    dead port 1/2 on $mux $flatten\system.\core.$procmux$3188.
    dead port 2/2 on $mux $flatten\system.\core.$procmux$3185.
    dead port 1/2 on $mux $flatten\system.\core.$procmux$3073.
    dead port 2/2 on $mux $flatten\system.\core.$procmux$3070.
    dead port 2/2 on $mux $flatten\system.\core.$procmux$3068.
    dead port 1/2 on $mux $flatten\system.\core.$procmux$3047.
    dead port 2/2 on $mux $flatten\system.\core.$procmux$3044.
    dead port 2/2 on $mux $flatten\system.\core.$procmux$3042.
    dead port 1/2 on $mux $flatten\system.\core.$procmux$3040.
    dead port 1/2 on $mux $flatten\system.\core.$procmux$2926.
    dead port 2/2 on $mux $flatten\system.\core.$procmux$2923.
    dead port 1/2 on $mux $flatten\system.\core.$procmux$2921.
    dead port 1/2 on $mux $flatten\system.\core.$procmux$2900.
    dead port 2/2 on $mux $flatten\system.\core.$procmux$2897.
    dead port 1/2 on $mux $flatten\system.\core.$procmux$2895.
    dead port 1/2 on $mux $flatten\system.\core.$procmux$2892.
    dead port 1/2 on $mux $flatten\system.\core.$procmux$2718.
    dead port 2/2 on $mux $flatten\system.\core.$procmux$2715.
    dead port 1/2 on $mux $flatten\system.\core.$procmux$2707.
    dead port 2/2 on $mux $flatten\system.\core.$procmux$2704.
    dead port 1/2 on $mux $flatten\system.\core.$procmux$2696.
    dead port 2/2 on $mux $flatten\system.\core.$procmux$2693.
    dead port 1/2 on $mux $flatten\system.\core.$procmux$2597.
    dead port 2/2 on $mux $flatten\system.\core.$procmux$2594.
    dead port 1/2 on $mux $flatten\system.\core.$procmux$2586.
    dead port 2/2 on $mux $flatten\system.\core.$procmux$2583.
    dead port 1/2 on $mux $flatten\system.\core.$procmux$2575.
    dead port 2/2 on $mux $flatten\system.\core.$procmux$2572.
    dead port 1/2 on $mux $flatten\system.\core.$procmux$2432.
    dead port 2/2 on $mux $flatten\system.\core.$procmux$2429.
    dead port 1/2 on $mux $flatten\system.\core.$procmux$2427.
    dead port 1/2 on $mux $flatten\system.\core.$procmux$2418.
    dead port 2/2 on $mux $flatten\system.\core.$procmux$2415.
    dead port 1/2 on $mux $flatten\system.\core.$procmux$2413.
    dead port 1/2 on $mux $flatten\system.\core.$procmux$2411.
    dead port 1/2 on $mux $flatten\system.\core.$procmux$2322.
    dead port 2/2 on $mux $flatten\system.\core.$procmux$2319.
    dead port 2/2 on $mux $flatten\system.\core.$procmux$2317.
    dead port 1/2 on $mux $flatten\system.\core.$procmux$2308.
    dead port 2/2 on $mux $flatten\system.\core.$procmux$2305.
    dead port 2/2 on $mux $flatten\system.\core.$procmux$2303.
    dead port 1/2 on $mux $flatten\system.\core.$procmux$2294.
    dead port 2/2 on $mux $flatten\system.\core.$procmux$2291.
    dead port 2/2 on $mux $flatten\system.\core.$procmux$2289.
Removed 202 multiplexer ports.
<suppressed ~1273 debug messages>

10.12.4. Executing OPT_REDUCE pass (consolidate $*mux and $reduce_* inputs).
  Optimizing cells in module \upduino_replay.
    New ctrl vector for $pmux cell $flatten\system.\core.$procmux$6399: { $auto$opt_reduce.cc:137:opt_pmux$9685 $flatten\system.\core.$procmux$7359_CMP $flatten\system.\core.$procmux$7394_CMP }
    New ctrl vector for $pmux cell $flatten\system.$procmux$9351: $auto$opt_reduce.cc:137:opt_pmux$9687
    Consolidated identical input bits for $mux cell $flatten\system.\core.$procmux$6100:
      Old ports: A=0, B=32'11111111111111111111111111111111, Y=$flatten\system.\core.$0$memwr$\logits$rtl/core/vibration_core.sv:271$1507_EN[31:0]$1718
      New ports: A=1'0, B=1'1, Y=$flatten\system.\core.$0$memwr$\logits$rtl/core/vibration_core.sv:271$1507_EN[31:0]$1718 [0]
      New connections: $flatten\system.\core.$0$memwr$\logits$rtl/core/vibration_core.sv:271$1507_EN[31:0]$1718 [31:1] = { $flatten\system.\core.$0$memwr$\logits$rtl/core/vibration_core.sv:271$1507_EN[31:0]$1718 [0] $flatten\system.\core.$0$memwr$\logits$rtl/core/vibration_core.sv:271$1507_EN[31:0]$1718 [0] $flatten\system.\core.$0$memwr$\logits$rtl/core/vibration_core.sv:271$1507_EN[31:0]$1718 [0] $flatten\system.\core.$0$memwr$\logits$rtl/core/vibration_core.sv:271$1507_EN[31:0]$1718 [0] $flatten\system.\core.$0$memwr$\logits$rtl/core/vibration_core.sv:271$1507_EN[31:0]$1718 [0] $flatten\system.\core.$0$memwr$\logits$rtl/core/vibration_core.sv:271$1507_EN[31:0]$1718 [0] $flatten\system.\core.$0$memwr$\logits$rtl/core/vibration_core.sv:271$1507_EN[31:0]$1718 [0] $flatten\system.\core.$0$memwr$\logits$rtl/core/vibration_core.sv:271$1507_EN[31:0]$1718 [0] $flatten\system.\core.$0$memwr$\logits$rtl/core/vibration_core.sv:271$1507_EN[31:0]$1718 [0] $flatten\system.\core.$0$memwr$\logits$rtl/core/vibration_core.sv:271$1507_EN[31:0]$1718 [0] $flatten\system.\core.$0$memwr$\logits$rtl/core/vibration_core.sv:271$1507_EN[31:0]$1718 [0] $flatten\system.\core.$0$memwr$\logits$rtl/core/vibration_core.sv:271$1507_EN[31:0]$1718 [0] $flatten\system.\core.$0$memwr$\logits$rtl/core/vibration_core.sv:271$1507_EN[31:0]$1718 [0] $flatten\system.\core.$0$memwr$\logits$rtl/core/vibration_core.sv:271$1507_EN[31:0]$1718 [0] $flatten\system.\core.$0$memwr$\logits$rtl/core/vibration_core.sv:271$1507_EN[31:0]$1718 [0] $flatten\system.\core.$0$memwr$\logits$rtl/core/vibration_core.sv:271$1507_EN[31:0]$1718 [0] $flatten\system.\core.$0$memwr$\logits$rtl/core/vibration_core.sv:271$1507_EN[31:0]$1718 [0] $flatten\system.\core.$0$memwr$\logits$rtl/core/vibration_core.sv:271$1507_EN[31:0]$1718 [0] $flatten\system.\core.$0$memwr$\logits$rtl/core/vibration_core.sv:271$1507_EN[31:0]$1718 [0] $flatten\system.\core.$0$memwr$\logits$rtl/core/vibration_core.sv:271$1507_EN[31:0]$1718 [0] $flatten\system.\core.$0$memwr$\logits$rtl/core/vibration_core.sv:271$1507_EN[31:0]$1718 [0] $flatten\system.\core.$0$memwr$\logits$rtl/core/vibration_core.sv:271$1507_EN[31:0]$1718 [0] $flatten\system.\core.$0$memwr$\logits$rtl/core/vibration_core.sv:271$1507_EN[31:0]$1718 [0] $flatten\system.\core.$0$memwr$\logits$rtl/core/vibration_core.sv:271$1507_EN[31:0]$1718 [0] $flatten\system.\core.$0$memwr$\logits$rtl/core/vibration_core.sv:271$1507_EN[31:0]$1718 [0] $flatten\system.\core.$0$memwr$\logits$rtl/core/vibration_core.sv:271$1507_EN[31:0]$1718 [0] $flatten\system.\core.$0$memwr$\logits$rtl/core/vibration_core.sv:271$1507_EN[31:0]$1718 [0] $flatten\system.\core.$0$memwr$\logits$rtl/core/vibration_core.sv:271$1507_EN[31:0]$1718 [0] $flatten\system.\core.$0$memwr$\logits$rtl/core/vibration_core.sv:271$1507_EN[31:0]$1718 [0] $flatten\system.\core.$0$memwr$\logits$rtl/core/vibration_core.sv:271$1507_EN[31:0]$1718 [0] $flatten\system.\core.$0$memwr$\logits$rtl/core/vibration_core.sv:271$1507_EN[31:0]$1718 [0] }
    Consolidated identical input bits for $mux cell $flatten\system.\core.$procmux$6097:
      Old ports: A=0, B=32'11111111111111111111111111111111, Y=$flatten\system.\core.$0$memwr$\logits$rtl/core/vibration_core.sv:271$1508_EN[31:0]$1719
      New ports: A=1'0, B=1'1, Y=$flatten\system.\core.$0$memwr$\logits$rtl/core/vibration_core.sv:271$1508_EN[31:0]$1719 [0]
      New connections: $flatten\system.\core.$0$memwr$\logits$rtl/core/vibration_core.sv:271$1508_EN[31:0]$1719 [31:1] = { $flatten\system.\core.$0$memwr$\logits$rtl/core/vibration_core.sv:271$1508_EN[31:0]$1719 [0] $flatten\system.\core.$0$memwr$\logits$rtl/core/vibration_core.sv:271$1508_EN[31:0]$1719 [0] $flatten\system.\core.$0$memwr$\logits$rtl/core/vibration_core.sv:271$1508_EN[31:0]$1719 [0] $flatten\system.\core.$0$memwr$\logits$rtl/core/vibration_core.sv:271$1508_EN[31:0]$1719 [0] $flatten\system.\core.$0$memwr$\logits$rtl/core/vibration_core.sv:271$1508_EN[31:0]$1719 [0] $flatten\system.\core.$0$memwr$\logits$rtl/core/vibration_core.sv:271$1508_EN[31:0]$1719 [0] $flatten\system.\core.$0$memwr$\logits$rtl/core/vibration_core.sv:271$1508_EN[31:0]$1719 [0] $flatten\system.\core.$0$memwr$\logits$rtl/core/vibration_core.sv:271$1508_EN[31:0]$1719 [0] $flatten\system.\core.$0$memwr$\logits$rtl/core/vibration_core.sv:271$1508_EN[31:0]$1719 [0] $flatten\system.\core.$0$memwr$\logits$rtl/core/vibration_core.sv:271$1508_EN[31:0]$1719 [0] $flatten\system.\core.$0$memwr$\logits$rtl/core/vibration_core.sv:271$1508_EN[31:0]$1719 [0] $flatten\system.\core.$0$memwr$\logits$rtl/core/vibration_core.sv:271$1508_EN[31:0]$1719 [0] $flatten\system.\core.$0$memwr$\logits$rtl/core/vibration_core.sv:271$1508_EN[31:0]$1719 [0] $flatten\system.\core.$0$memwr$\logits$rtl/core/vibration_core.sv:271$1508_EN[31:0]$1719 [0] $flatten\system.\core.$0$memwr$\logits$rtl/core/vibration_core.sv:271$1508_EN[31:0]$1719 [0] $flatten\system.\core.$0$memwr$\logits$rtl/core/vibration_core.sv:271$1508_EN[31:0]$1719 [0] $flatten\system.\core.$0$memwr$\logits$rtl/core/vibration_core.sv:271$1508_EN[31:0]$1719 [0] $flatten\system.\core.$0$memwr$\logits$rtl/core/vibration_core.sv:271$1508_EN[31:0]$1719 [0] $flatten\system.\core.$0$memwr$\logits$rtl/core/vibration_core.sv:271$1508_EN[31:0]$1719 [0] $flatten\system.\core.$0$memwr$\logits$rtl/core/vibration_core.sv:271$1508_EN[31:0]$1719 [0] $flatten\system.\core.$0$memwr$\logits$rtl/core/vibration_core.sv:271$1508_EN[31:0]$1719 [0] $flatten\system.\core.$0$memwr$\logits$rtl/core/vibration_core.sv:271$1508_EN[31:0]$1719 [0] $flatten\system.\core.$0$memwr$\logits$rtl/core/vibration_core.sv:271$1508_EN[31:0]$1719 [0] $flatten\system.\core.$0$memwr$\logits$rtl/core/vibration_core.sv:271$1508_EN[31:0]$1719 [0] $flatten\system.\core.$0$memwr$\logits$rtl/core/vibration_core.sv:271$1508_EN[31:0]$1719 [0] $flatten\system.\core.$0$memwr$\logits$rtl/core/vibration_core.sv:271$1508_EN[31:0]$1719 [0] $flatten\system.\core.$0$memwr$\logits$rtl/core/vibration_core.sv:271$1508_EN[31:0]$1719 [0] $flatten\system.\core.$0$memwr$\logits$rtl/core/vibration_core.sv:271$1508_EN[31:0]$1719 [0] $flatten\system.\core.$0$memwr$\logits$rtl/core/vibration_core.sv:271$1508_EN[31:0]$1719 [0] $flatten\system.\core.$0$memwr$\logits$rtl/core/vibration_core.sv:271$1508_EN[31:0]$1719 [0] $flatten\system.\core.$0$memwr$\logits$rtl/core/vibration_core.sv:271$1508_EN[31:0]$1719 [0] }
    Consolidated identical input bits for $mux cell $flatten\system.\core.$procmux$6094:
      Old ports: A=0, B=32'11111111111111111111111111111111, Y=$flatten\system.\core.$0$memwr$\logits$rtl/core/vibration_core.sv:271$1509_EN[31:0]$1720
      New ports: A=1'0, B=1'1, Y=$flatten\system.\core.$0$memwr$\logits$rtl/core/vibration_core.sv:271$1509_EN[31:0]$1720 [0]
      New connections: $flatten\system.\core.$0$memwr$\logits$rtl/core/vibration_core.sv:271$1509_EN[31:0]$1720 [31:1] = { $flatten\system.\core.$0$memwr$\logits$rtl/core/vibration_core.sv:271$1509_EN[31:0]$1720 [0] $flatten\system.\core.$0$memwr$\logits$rtl/core/vibration_core.sv:271$1509_EN[31:0]$1720 [0] $flatten\system.\core.$0$memwr$\logits$rtl/core/vibration_core.sv:271$1509_EN[31:0]$1720 [0] $flatten\system.\core.$0$memwr$\logits$rtl/core/vibration_core.sv:271$1509_EN[31:0]$1720 [0] $flatten\system.\core.$0$memwr$\logits$rtl/core/vibration_core.sv:271$1509_EN[31:0]$1720 [0] $flatten\system.\core.$0$memwr$\logits$rtl/core/vibration_core.sv:271$1509_EN[31:0]$1720 [0] $flatten\system.\core.$0$memwr$\logits$rtl/core/vibration_core.sv:271$1509_EN[31:0]$1720 [0] $flatten\system.\core.$0$memwr$\logits$rtl/core/vibration_core.sv:271$1509_EN[31:0]$1720 [0] $flatten\system.\core.$0$memwr$\logits$rtl/core/vibration_core.sv:271$1509_EN[31:0]$1720 [0] $flatten\system.\core.$0$memwr$\logits$rtl/core/vibration_core.sv:271$1509_EN[31:0]$1720 [0] $flatten\system.\core.$0$memwr$\logits$rtl/core/vibration_core.sv:271$1509_EN[31:0]$1720 [0] $flatten\system.\core.$0$memwr$\logits$rtl/core/vibration_core.sv:271$1509_EN[31:0]$1720 [0] $flatten\system.\core.$0$memwr$\logits$rtl/core/vibration_core.sv:271$1509_EN[31:0]$1720 [0] $flatten\system.\core.$0$memwr$\logits$rtl/core/vibration_core.sv:271$1509_EN[31:0]$1720 [0] $flatten\system.\core.$0$memwr$\logits$rtl/core/vibration_core.sv:271$1509_EN[31:0]$1720 [0] $flatten\system.\core.$0$memwr$\logits$rtl/core/vibration_core.sv:271$1509_EN[31:0]$1720 [0] $flatten\system.\core.$0$memwr$\logits$rtl/core/vibration_core.sv:271$1509_EN[31:0]$1720 [0] $flatten\system.\core.$0$memwr$\logits$rtl/core/vibration_core.sv:271$1509_EN[31:0]$1720 [0] $flatten\system.\core.$0$memwr$\logits$rtl/core/vibration_core.sv:271$1509_EN[31:0]$1720 [0] $flatten\system.\core.$0$memwr$\logits$rtl/core/vibration_core.sv:271$1509_EN[31:0]$1720 [0] $flatten\system.\core.$0$memwr$\logits$rtl/core/vibration_core.sv:271$1509_EN[31:0]$1720 [0] $flatten\system.\core.$0$memwr$\logits$rtl/core/vibration_core.sv:271$1509_EN[31:0]$1720 [0] $flatten\system.\core.$0$memwr$\logits$rtl/core/vibration_core.sv:271$1509_EN[31:0]$1720 [0] $flatten\system.\core.$0$memwr$\logits$rtl/core/vibration_core.sv:271$1509_EN[31:0]$1720 [0] $flatten\system.\core.$0$memwr$\logits$rtl/core/vibration_core.sv:271$1509_EN[31:0]$1720 [0] $flatten\system.\core.$0$memwr$\logits$rtl/core/vibration_core.sv:271$1509_EN[31:0]$1720 [0] $flatten\system.\core.$0$memwr$\logits$rtl/core/vibration_core.sv:271$1509_EN[31:0]$1720 [0] $flatten\system.\core.$0$memwr$\logits$rtl/core/vibration_core.sv:271$1509_EN[31:0]$1720 [0] $flatten\system.\core.$0$memwr$\logits$rtl/core/vibration_core.sv:271$1509_EN[31:0]$1720 [0] $flatten\system.\core.$0$memwr$\logits$rtl/core/vibration_core.sv:271$1509_EN[31:0]$1720 [0] $flatten\system.\core.$0$memwr$\logits$rtl/core/vibration_core.sv:271$1509_EN[31:0]$1720 [0] }
    Consolidated identical input bits for $mux cell $flatten\system.\core.$procmux$7486:
      Old ports: A=16'1111111111111111, B=16'0000000000000000, Y=$flatten\system.\core.$procmux$7486_Y
      New ports: A=1'1, B=1'0, Y=$flatten\system.\core.$procmux$7486_Y [0]
      New connections: $flatten\system.\core.$procmux$7486_Y [15:1] = { $flatten\system.\core.$procmux$7486_Y [0] $flatten\system.\core.$procmux$7486_Y [0] $flatten\system.\core.$procmux$7486_Y [0] $flatten\system.\core.$procmux$7486_Y [0] $flatten\system.\core.$procmux$7486_Y [0] $flatten\system.\core.$procmux$7486_Y [0] $flatten\system.\core.$procmux$7486_Y [0] $flatten\system.\core.$procmux$7486_Y [0] $flatten\system.\core.$procmux$7486_Y [0] $flatten\system.\core.$procmux$7486_Y [0] $flatten\system.\core.$procmux$7486_Y [0] $flatten\system.\core.$procmux$7486_Y [0] $flatten\system.\core.$procmux$7486_Y [0] $flatten\system.\core.$procmux$7486_Y [0] $flatten\system.\core.$procmux$7486_Y [0] }
    Consolidated identical input bits for $mux cell $flatten\system.\core.$procmux$7468:
      Old ports: A=16'0000000000000000, B=16'1111111111111111, Y=$flatten\system.\core.$procmux$7468_Y
      New ports: A=1'0, B=1'1, Y=$flatten\system.\core.$procmux$7468_Y [0]
      New connections: $flatten\system.\core.$procmux$7468_Y [15:1] = { $flatten\system.\core.$procmux$7468_Y [0] $flatten\system.\core.$procmux$7468_Y [0] $flatten\system.\core.$procmux$7468_Y [0] $flatten\system.\core.$procmux$7468_Y [0] $flatten\system.\core.$procmux$7468_Y [0] $flatten\system.\core.$procmux$7468_Y [0] $flatten\system.\core.$procmux$7468_Y [0] $flatten\system.\core.$procmux$7468_Y [0] $flatten\system.\core.$procmux$7468_Y [0] $flatten\system.\core.$procmux$7468_Y [0] $flatten\system.\core.$procmux$7468_Y [0] $flatten\system.\core.$procmux$7468_Y [0] $flatten\system.\core.$procmux$7468_Y [0] $flatten\system.\core.$procmux$7468_Y [0] $flatten\system.\core.$procmux$7468_Y [0] }
    Consolidated identical input bits for $mux cell $flatten\system.\core.$procmux$7437:
      Old ports: A=16'0000000000000000, B=16'1111111111111111, Y=$flatten\system.\core.$0$memwr$\windowed$rtl/core/vibration_core.sv:254$1506_EN[15:0]$1601
      New ports: A=1'0, B=1'1, Y=$flatten\system.\core.$0$memwr$\windowed$rtl/core/vibration_core.sv:254$1506_EN[15:0]$1601 [0]
      New connections: $flatten\system.\core.$0$memwr$\windowed$rtl/core/vibration_core.sv:254$1506_EN[15:0]$1601 [15:1] = { $flatten\system.\core.$0$memwr$\windowed$rtl/core/vibration_core.sv:254$1506_EN[15:0]$1601 [0] $flatten\system.\core.$0$memwr$\windowed$rtl/core/vibration_core.sv:254$1506_EN[15:0]$1601 [0] $flatten\system.\core.$0$memwr$\windowed$rtl/core/vibration_core.sv:254$1506_EN[15:0]$1601 [0] $flatten\system.\core.$0$memwr$\windowed$rtl/core/vibration_core.sv:254$1506_EN[15:0]$1601 [0] $flatten\system.\core.$0$memwr$\windowed$rtl/core/vibration_core.sv:254$1506_EN[15:0]$1601 [0] $flatten\system.\core.$0$memwr$\windowed$rtl/core/vibration_core.sv:254$1506_EN[15:0]$1601 [0] $flatten\system.\core.$0$memwr$\windowed$rtl/core/vibration_core.sv:254$1506_EN[15:0]$1601 [0] $flatten\system.\core.$0$memwr$\windowed$rtl/core/vibration_core.sv:254$1506_EN[15:0]$1601 [0] $flatten\system.\core.$0$memwr$\windowed$rtl/core/vibration_core.sv:254$1506_EN[15:0]$1601 [0] $flatten\system.\core.$0$memwr$\windowed$rtl/core/vibration_core.sv:254$1506_EN[15:0]$1601 [0] $flatten\system.\core.$0$memwr$\windowed$rtl/core/vibration_core.sv:254$1506_EN[15:0]$1601 [0] $flatten\system.\core.$0$memwr$\windowed$rtl/core/vibration_core.sv:254$1506_EN[15:0]$1601 [0] $flatten\system.\core.$0$memwr$\windowed$rtl/core/vibration_core.sv:254$1506_EN[15:0]$1601 [0] $flatten\system.\core.$0$memwr$\windowed$rtl/core/vibration_core.sv:254$1506_EN[15:0]$1601 [0] $flatten\system.\core.$0$memwr$\windowed$rtl/core/vibration_core.sv:254$1506_EN[15:0]$1601 [0] }
    Consolidated identical input bits for $mux cell $flatten\system.\core.$procmux$5667:
      Old ports: A=0, B=32'11111111111111111111111111111111, Y=$flatten\system.\core.$procmux$5667_Y
      New ports: A=1'0, B=1'1, Y=$flatten\system.\core.$procmux$5667_Y [0]
      New connections: $flatten\system.\core.$procmux$5667_Y [31:1] = { $flatten\system.\core.$procmux$5667_Y [0] $flatten\system.\core.$procmux$5667_Y [0] $flatten\system.\core.$procmux$5667_Y [0] $flatten\system.\core.$procmux$5667_Y [0] $flatten\system.\core.$procmux$5667_Y [0] $flatten\system.\core.$procmux$5667_Y [0] $flatten\system.\core.$procmux$5667_Y [0] $flatten\system.\core.$procmux$5667_Y [0] $flatten\system.\core.$procmux$5667_Y [0] $flatten\system.\core.$procmux$5667_Y [0] $flatten\system.\core.$procmux$5667_Y [0] $flatten\system.\core.$procmux$5667_Y [0] $flatten\system.\core.$procmux$5667_Y [0] $flatten\system.\core.$procmux$5667_Y [0] $flatten\system.\core.$procmux$5667_Y [0] $flatten\system.\core.$procmux$5667_Y [0] $flatten\system.\core.$procmux$5667_Y [0] $flatten\system.\core.$procmux$5667_Y [0] $flatten\system.\core.$procmux$5667_Y [0] $flatten\system.\core.$procmux$5667_Y [0] $flatten\system.\core.$procmux$5667_Y [0] $flatten\system.\core.$procmux$5667_Y [0] $flatten\system.\core.$procmux$5667_Y [0] $flatten\system.\core.$procmux$5667_Y [0] $flatten\system.\core.$procmux$5667_Y [0] $flatten\system.\core.$procmux$5667_Y [0] $flatten\system.\core.$procmux$5667_Y [0] $flatten\system.\core.$procmux$5667_Y [0] $flatten\system.\core.$procmux$5667_Y [0] $flatten\system.\core.$procmux$5667_Y [0] $flatten\system.\core.$procmux$5667_Y [0] }
    Consolidated identical input bits for $mux cell $flatten\system.\core.$procmux$5613:
      Old ports: A=26'00000000000000000000000000, B=26'11111111111111111111111111, Y=$flatten\system.\core.$procmux$5613_Y
      New ports: A=1'0, B=1'1, Y=$flatten\system.\core.$procmux$5613_Y [0]
      New connections: $flatten\system.\core.$procmux$5613_Y [25:1] = { $flatten\system.\core.$procmux$5613_Y [0] $flatten\system.\core.$procmux$5613_Y [0] $flatten\system.\core.$procmux$5613_Y [0] $flatten\system.\core.$procmux$5613_Y [0] $flatten\system.\core.$procmux$5613_Y [0] $flatten\system.\core.$procmux$5613_Y [0] $flatten\system.\core.$procmux$5613_Y [0] $flatten\system.\core.$procmux$5613_Y [0] $flatten\system.\core.$procmux$5613_Y [0] $flatten\system.\core.$procmux$5613_Y [0] $flatten\system.\core.$procmux$5613_Y [0] $flatten\system.\core.$procmux$5613_Y [0] $flatten\system.\core.$procmux$5613_Y [0] $flatten\system.\core.$procmux$5613_Y [0] $flatten\system.\core.$procmux$5613_Y [0] $flatten\system.\core.$procmux$5613_Y [0] $flatten\system.\core.$procmux$5613_Y [0] $flatten\system.\core.$procmux$5613_Y [0] $flatten\system.\core.$procmux$5613_Y [0] $flatten\system.\core.$procmux$5613_Y [0] $flatten\system.\core.$procmux$5613_Y [0] $flatten\system.\core.$procmux$5613_Y [0] $flatten\system.\core.$procmux$5613_Y [0] $flatten\system.\core.$procmux$5613_Y [0] $flatten\system.\core.$procmux$5613_Y [0] }
    Consolidated identical input bits for $mux cell $flatten\system.\core.$procmux$4363:
      Old ports: A=8'00000000, B=8'11111111, Y=$flatten\system.\core.$procmux$4363_Y
      New ports: A=1'0, B=1'1, Y=$flatten\system.\core.$procmux$4363_Y [0]
      New connections: $flatten\system.\core.$procmux$4363_Y [7:1] = { $flatten\system.\core.$procmux$4363_Y [0] $flatten\system.\core.$procmux$4363_Y [0] $flatten\system.\core.$procmux$4363_Y [0] $flatten\system.\core.$procmux$4363_Y [0] $flatten\system.\core.$procmux$4363_Y [0] $flatten\system.\core.$procmux$4363_Y [0] $flatten\system.\core.$procmux$4363_Y [0] }
    New ctrl vector for $pmux cell $flatten\system.\transport.$procmux$7992: { $flatten\system.\transport.$procmux$8060_CMP $auto$opt_reduce.cc:137:opt_pmux$9689 $flatten\system.\transport.$eq$rtl/io/flash_stream.sv:46$1390_Y }
    Consolidated identical input bits for $mux cell $flatten\system.\core.$procmux$3413:
      Old ports: A=16'1111111111111111, B=16'0000000000000000, Y=$flatten\system.\core.$procmux$3413_Y
      New ports: A=1'1, B=1'0, Y=$flatten\system.\core.$procmux$3413_Y [0]
      New connections: $flatten\system.\core.$procmux$3413_Y [15:1] = { $flatten\system.\core.$procmux$3413_Y [0] $flatten\system.\core.$procmux$3413_Y [0] $flatten\system.\core.$procmux$3413_Y [0] $flatten\system.\core.$procmux$3413_Y [0] $flatten\system.\core.$procmux$3413_Y [0] $flatten\system.\core.$procmux$3413_Y [0] $flatten\system.\core.$procmux$3413_Y [0] $flatten\system.\core.$procmux$3413_Y [0] $flatten\system.\core.$procmux$3413_Y [0] $flatten\system.\core.$procmux$3413_Y [0] $flatten\system.\core.$procmux$3413_Y [0] $flatten\system.\core.$procmux$3413_Y [0] $flatten\system.\core.$procmux$3413_Y [0] $flatten\system.\core.$procmux$3413_Y [0] $flatten\system.\core.$procmux$3413_Y [0] }
    New ctrl vector for $pmux cell $flatten\system.\transport.$procmux$8142: { $auto$opt_reduce.cc:137:opt_pmux$9691 $flatten\system.\transport.$procmux$8087_CMP }
    New ctrl vector for $pmux cell $flatten\system.\transport.$procmux$8148: { $auto$opt_reduce.cc:137:opt_pmux$9693 $flatten\system.\transport.$procmux$8087_CMP }
    Consolidated identical input bits for $mux cell $flatten\system.\core.$procmux$3183:
      Old ports: A=16'0000000000000000, B=16'1111111111111111, Y=$flatten\system.\core.$procmux$3183_Y
      New ports: A=1'0, B=1'1, Y=$flatten\system.\core.$procmux$3183_Y [0]
      New connections: $flatten\system.\core.$procmux$3183_Y [15:1] = { $flatten\system.\core.$procmux$3183_Y [0] $flatten\system.\core.$procmux$3183_Y [0] $flatten\system.\core.$procmux$3183_Y [0] $flatten\system.\core.$procmux$3183_Y [0] $flatten\system.\core.$procmux$3183_Y [0] $flatten\system.\core.$procmux$3183_Y [0] $flatten\system.\core.$procmux$3183_Y [0] $flatten\system.\core.$procmux$3183_Y [0] $flatten\system.\core.$procmux$3183_Y [0] $flatten\system.\core.$procmux$3183_Y [0] $flatten\system.\core.$procmux$3183_Y [0] $flatten\system.\core.$procmux$3183_Y [0] $flatten\system.\core.$procmux$3183_Y [0] $flatten\system.\core.$procmux$3183_Y [0] $flatten\system.\core.$procmux$3183_Y [0] }
    Consolidated identical input bits for $mux cell $flatten\system.\core.$procmux$2570:
      Old ports: A=8'11111111, B=8'00000000, Y=$flatten\system.\core.$procmux$2570_Y
      New ports: A=1'1, B=1'0, Y=$flatten\system.\core.$procmux$2570_Y [0]
      New connections: $flatten\system.\core.$procmux$2570_Y [7:1] = { $flatten\system.\core.$procmux$2570_Y [0] $flatten\system.\core.$procmux$2570_Y [0] $flatten\system.\core.$procmux$2570_Y [0] $flatten\system.\core.$procmux$2570_Y [0] $flatten\system.\core.$procmux$2570_Y [0] $flatten\system.\core.$procmux$2570_Y [0] $flatten\system.\core.$procmux$2570_Y [0] }
    Consolidated identical input bits for $mux cell $flatten\system.\core.$procmux$2286:
      Old ports: A=0, B=32'11111111111111111111111111111111, Y=$flatten\system.\core.$procmux$2286_Y
      New ports: A=1'0, B=1'1, Y=$flatten\system.\core.$procmux$2286_Y [0]
      New connections: $flatten\system.\core.$procmux$2286_Y [31:1] = { $flatten\system.\core.$procmux$2286_Y [0] $flatten\system.\core.$procmux$2286_Y [0] $flatten\system.\core.$procmux$2286_Y [0] $flatten\system.\core.$procmux$2286_Y [0] $flatten\system.\core.$procmux$2286_Y [0] $flatten\system.\core.$procmux$2286_Y [0] $flatten\system.\core.$procmux$2286_Y [0] $flatten\system.\core.$procmux$2286_Y [0] $flatten\system.\core.$procmux$2286_Y [0] $flatten\system.\core.$procmux$2286_Y [0] $flatten\system.\core.$procmux$2286_Y [0] $flatten\system.\core.$procmux$2286_Y [0] $flatten\system.\core.$procmux$2286_Y [0] $flatten\system.\core.$procmux$2286_Y [0] $flatten\system.\core.$procmux$2286_Y [0] $flatten\system.\core.$procmux$2286_Y [0] $flatten\system.\core.$procmux$2286_Y [0] $flatten\system.\core.$procmux$2286_Y [0] $flatten\system.\core.$procmux$2286_Y [0] $flatten\system.\core.$procmux$2286_Y [0] $flatten\system.\core.$procmux$2286_Y [0] $flatten\system.\core.$procmux$2286_Y [0] $flatten\system.\core.$procmux$2286_Y [0] $flatten\system.\core.$procmux$2286_Y [0] $flatten\system.\core.$procmux$2286_Y [0] $flatten\system.\core.$procmux$2286_Y [0] $flatten\system.\core.$procmux$2286_Y [0] $flatten\system.\core.$procmux$2286_Y [0] $flatten\system.\core.$procmux$2286_Y [0] $flatten\system.\core.$procmux$2286_Y [0] $flatten\system.\core.$procmux$2286_Y [0] }
    New ctrl vector for $pmux cell $flatten\system.\core.$procmux$7639: $auto$opt_reduce.cc:137:opt_pmux$9695
  Optimizing cells in module \upduino_replay.
    Consolidated identical input bits for $mux cell $flatten\system.\core.$procmux$6149:
      Old ports: A=$flatten\system.\core.$2$memwr$\features$rtl/core/vibration_core.sv:379$1516_EN[7:0]$1979, B=8'00000000, Y=$flatten\system.\core.$0$memwr$\features$rtl/core/vibration_core.sv:379$1516_EN[7:0]$1737
      New ports: A=$flatten\system.\core.$procmux$4363_Y [0], B=1'0, Y=$flatten\system.\core.$0$memwr$\features$rtl/core/vibration_core.sv:379$1516_EN[7:0]$1737 [0]
      New connections: $flatten\system.\core.$0$memwr$\features$rtl/core/vibration_core.sv:379$1516_EN[7:0]$1737 [7:1] = { $flatten\system.\core.$0$memwr$\features$rtl/core/vibration_core.sv:379$1516_EN[7:0]$1737 [0] $flatten\system.\core.$0$memwr$\features$rtl/core/vibration_core.sv:379$1516_EN[7:0]$1737 [0] $flatten\system.\core.$0$memwr$\features$rtl/core/vibration_core.sv:379$1516_EN[7:0]$1737 [0] $flatten\system.\core.$0$memwr$\features$rtl/core/vibration_core.sv:379$1516_EN[7:0]$1737 [0] $flatten\system.\core.$0$memwr$\features$rtl/core/vibration_core.sv:379$1516_EN[7:0]$1737 [0] $flatten\system.\core.$0$memwr$\features$rtl/core/vibration_core.sv:379$1516_EN[7:0]$1737 [0] $flatten\system.\core.$0$memwr$\features$rtl/core/vibration_core.sv:379$1516_EN[7:0]$1737 [0] }
    Consolidated identical input bits for $mux cell $flatten\system.\core.$procmux$7512:
      Old ports: A=16'0000000000000000, B=$flatten\system.\core.$2$memwr$\raw1$rtl/core/vibration_core.sv:248$1504_EN[15:0]$1616, Y=$flatten\system.\core.$0$memwr$\raw1$rtl/core/vibration_core.sv:248$1504_EN[15:0]$1595
      New ports: A=1'0, B=$flatten\system.\core.$procmux$7468_Y [0], Y=$flatten\system.\core.$0$memwr$\raw1$rtl/core/vibration_core.sv:248$1504_EN[15:0]$1595 [0]
      New connections: $flatten\system.\core.$0$memwr$\raw1$rtl/core/vibration_core.sv:248$1504_EN[15:0]$1595 [15:1] = { $flatten\system.\core.$0$memwr$\raw1$rtl/core/vibration_core.sv:248$1504_EN[15:0]$1595 [0] $flatten\system.\core.$0$memwr$\raw1$rtl/core/vibration_core.sv:248$1504_EN[15:0]$1595 [0] $flatten\system.\core.$0$memwr$\raw1$rtl/core/vibration_core.sv:248$1504_EN[15:0]$1595 [0] $flatten\system.\core.$0$memwr$\raw1$rtl/core/vibration_core.sv:248$1504_EN[15:0]$1595 [0] $flatten\system.\core.$0$memwr$\raw1$rtl/core/vibration_core.sv:248$1504_EN[15:0]$1595 [0] $flatten\system.\core.$0$memwr$\raw1$rtl/core/vibration_core.sv:248$1504_EN[15:0]$1595 [0] $flatten\system.\core.$0$memwr$\raw1$rtl/core/vibration_core.sv:248$1504_EN[15:0]$1595 [0] $flatten\system.\core.$0$memwr$\raw1$rtl/core/vibration_core.sv:248$1504_EN[15:0]$1595 [0] $flatten\system.\core.$0$memwr$\raw1$rtl/core/vibration_core.sv:248$1504_EN[15:0]$1595 [0] $flatten\system.\core.$0$memwr$\raw1$rtl/core/vibration_core.sv:248$1504_EN[15:0]$1595 [0] $flatten\system.\core.$0$memwr$\raw1$rtl/core/vibration_core.sv:248$1504_EN[15:0]$1595 [0] $flatten\system.\core.$0$memwr$\raw1$rtl/core/vibration_core.sv:248$1504_EN[15:0]$1595 [0] $flatten\system.\core.$0$memwr$\raw1$rtl/core/vibration_core.sv:248$1504_EN[15:0]$1595 [0] $flatten\system.\core.$0$memwr$\raw1$rtl/core/vibration_core.sv:248$1504_EN[15:0]$1595 [0] $flatten\system.\core.$0$memwr$\raw1$rtl/core/vibration_core.sv:248$1504_EN[15:0]$1595 [0] }
    Consolidated identical input bits for $mux cell $flatten\system.\core.$procmux$7503:
      Old ports: A=16'0000000000000000, B=$flatten\system.\core.$2$memwr$\raw0$rtl/core/vibration_core.sv:249$1505_EN[15:0]$1619, Y=$flatten\system.\core.$0$memwr$\raw0$rtl/core/vibration_core.sv:249$1505_EN[15:0]$1598
      New ports: A=1'0, B=$flatten\system.\core.$procmux$7486_Y [0], Y=$flatten\system.\core.$0$memwr$\raw0$rtl/core/vibration_core.sv:249$1505_EN[15:0]$1598 [0]
      New connections: $flatten\system.\core.$0$memwr$\raw0$rtl/core/vibration_core.sv:249$1505_EN[15:0]$1598 [15:1] = { $flatten\system.\core.$0$memwr$\raw0$rtl/core/vibration_core.sv:249$1505_EN[15:0]$1598 [0] $flatten\system.\core.$0$memwr$\raw0$rtl/core/vibration_core.sv:249$1505_EN[15:0]$1598 [0] $flatten\system.\core.$0$memwr$\raw0$rtl/core/vibration_core.sv:249$1505_EN[15:0]$1598 [0] $flatten\system.\core.$0$memwr$\raw0$rtl/core/vibration_core.sv:249$1505_EN[15:0]$1598 [0] $flatten\system.\core.$0$memwr$\raw0$rtl/core/vibration_core.sv:249$1505_EN[15:0]$1598 [0] $flatten\system.\core.$0$memwr$\raw0$rtl/core/vibration_core.sv:249$1505_EN[15:0]$1598 [0] $flatten\system.\core.$0$memwr$\raw0$rtl/core/vibration_core.sv:249$1505_EN[15:0]$1598 [0] $flatten\system.\core.$0$memwr$\raw0$rtl/core/vibration_core.sv:249$1505_EN[15:0]$1598 [0] $flatten\system.\core.$0$memwr$\raw0$rtl/core/vibration_core.sv:249$1505_EN[15:0]$1598 [0] $flatten\system.\core.$0$memwr$\raw0$rtl/core/vibration_core.sv:249$1505_EN[15:0]$1598 [0] $flatten\system.\core.$0$memwr$\raw0$rtl/core/vibration_core.sv:249$1505_EN[15:0]$1598 [0] $flatten\system.\core.$0$memwr$\raw0$rtl/core/vibration_core.sv:249$1505_EN[15:0]$1598 [0] $flatten\system.\core.$0$memwr$\raw0$rtl/core/vibration_core.sv:249$1505_EN[15:0]$1598 [0] $flatten\system.\core.$0$memwr$\raw0$rtl/core/vibration_core.sv:249$1505_EN[15:0]$1598 [0] $flatten\system.\core.$0$memwr$\raw0$rtl/core/vibration_core.sv:249$1505_EN[15:0]$1598 [0] }
    Consolidated identical input bits for $mux cell $flatten\system.\core.$procmux$5816:
      Old ports: A=0, B=$flatten\system.\core.$6$memwr$\frame_ids$rtl/core/vibration_core.sv:289$1510_EN[31:0]$1872, Y=$flatten\system.\core.$procmux$5816_Y
      New ports: A=1'0, B=$flatten\system.\core.$procmux$5667_Y [0], Y=$flatten\system.\core.$procmux$5816_Y [0]
      New connections: $flatten\system.\core.$procmux$5816_Y [31:1] = { $flatten\system.\core.$procmux$5816_Y [0] $flatten\system.\core.$procmux$5816_Y [0] $flatten\system.\core.$procmux$5816_Y [0] $flatten\system.\core.$procmux$5816_Y [0] $flatten\system.\core.$procmux$5816_Y [0] $flatten\system.\core.$procmux$5816_Y [0] $flatten\system.\core.$procmux$5816_Y [0] $flatten\system.\core.$procmux$5816_Y [0] $flatten\system.\core.$procmux$5816_Y [0] $flatten\system.\core.$procmux$5816_Y [0] $flatten\system.\core.$procmux$5816_Y [0] $flatten\system.\core.$procmux$5816_Y [0] $flatten\system.\core.$procmux$5816_Y [0] $flatten\system.\core.$procmux$5816_Y [0] $flatten\system.\core.$procmux$5816_Y [0] $flatten\system.\core.$procmux$5816_Y [0] $flatten\system.\core.$procmux$5816_Y [0] $flatten\system.\core.$procmux$5816_Y [0] $flatten\system.\core.$procmux$5816_Y [0] $flatten\system.\core.$procmux$5816_Y [0] $flatten\system.\core.$procmux$5816_Y [0] $flatten\system.\core.$procmux$5816_Y [0] $flatten\system.\core.$procmux$5816_Y [0] $flatten\system.\core.$procmux$5816_Y [0] $flatten\system.\core.$procmux$5816_Y [0] $flatten\system.\core.$procmux$5816_Y [0] $flatten\system.\core.$procmux$5816_Y [0] $flatten\system.\core.$procmux$5816_Y [0] $flatten\system.\core.$procmux$5816_Y [0] $flatten\system.\core.$procmux$5816_Y [0] $flatten\system.\core.$procmux$5816_Y [0] }
    Consolidated identical input bits for $mux cell $flatten\system.\core.$procmux$5771:
      Old ports: A=26'00000000000000000000000000, B=$flatten\system.\core.$6$memwr$\frame_sums$rtl/core/vibration_core.sv:290$1511_EN[25:0]$1875, Y=$flatten\system.\core.$procmux$5771_Y
      New ports: A=1'0, B=$flatten\system.\core.$procmux$5613_Y [0], Y=$flatten\system.\core.$procmux$5771_Y [0]
      New connections: $flatten\system.\core.$procmux$5771_Y [25:1] = { $flatten\system.\core.$procmux$5771_Y [0] $flatten\system.\core.$procmux$5771_Y [0] $flatten\system.\core.$procmux$5771_Y [0] $flatten\system.\core.$procmux$5771_Y [0] $flatten\system.\core.$procmux$5771_Y [0] $flatten\system.\core.$procmux$5771_Y [0] $flatten\system.\core.$procmux$5771_Y [0] $flatten\system.\core.$procmux$5771_Y [0] $flatten\system.\core.$procmux$5771_Y [0] $flatten\system.\core.$procmux$5771_Y [0] $flatten\system.\core.$procmux$5771_Y [0] $flatten\system.\core.$procmux$5771_Y [0] $flatten\system.\core.$procmux$5771_Y [0] $flatten\system.\core.$procmux$5771_Y [0] $flatten\system.\core.$procmux$5771_Y [0] $flatten\system.\core.$procmux$5771_Y [0] $flatten\system.\core.$procmux$5771_Y [0] $flatten\system.\core.$procmux$5771_Y [0] $flatten\system.\core.$procmux$5771_Y [0] $flatten\system.\core.$procmux$5771_Y [0] $flatten\system.\core.$procmux$5771_Y [0] $flatten\system.\core.$procmux$5771_Y [0] $flatten\system.\core.$procmux$5771_Y [0] $flatten\system.\core.$procmux$5771_Y [0] $flatten\system.\core.$procmux$5771_Y [0] }
    Consolidated identical input bits for $mux cell $flatten\system.\core.$procmux$4469:
      Old ports: A=16'0000000000000000, B=$flatten\system.\core.$3$memwr$\imag_part$rtl/core/vibration_core.sv:341$1514_EN[15:0]$2091, Y=$flatten\system.\core.$procmux$4469_Y
      New ports: A=1'0, B=$flatten\system.\core.$procmux$3183_Y [0], Y=$flatten\system.\core.$procmux$4469_Y [0]
      New connections: $flatten\system.\core.$procmux$4469_Y [15:1] = { $flatten\system.\core.$procmux$4469_Y [0] $flatten\system.\core.$procmux$4469_Y [0] $flatten\system.\core.$procmux$4469_Y [0] $flatten\system.\core.$procmux$4469_Y [0] $flatten\system.\core.$procmux$4469_Y [0] $flatten\system.\core.$procmux$4469_Y [0] $flatten\system.\core.$procmux$4469_Y [0] $flatten\system.\core.$procmux$4469_Y [0] $flatten\system.\core.$procmux$4469_Y [0] $flatten\system.\core.$procmux$4469_Y [0] $flatten\system.\core.$procmux$4469_Y [0] $flatten\system.\core.$procmux$4469_Y [0] $flatten\system.\core.$procmux$4469_Y [0] $flatten\system.\core.$procmux$4469_Y [0] $flatten\system.\core.$procmux$4469_Y [0] }
    Consolidated identical input bits for $mux cell $flatten\system.\core.$procmux$4409:
      Old ports: A=16'0000000000000000, B=$flatten\system.\core.$3$memwr$\real_part$rtl/core/vibration_core.sv:342$1515_EN[15:0]$2094, Y=$flatten\system.\core.$procmux$4409_Y
      New ports: A=1'0, B=$flatten\system.\core.$procmux$3413_Y [0], Y=$flatten\system.\core.$procmux$4409_Y [0]
      New connections: $flatten\system.\core.$procmux$4409_Y [15:1] = { $flatten\system.\core.$procmux$4409_Y [0] $flatten\system.\core.$procmux$4409_Y [0] $flatten\system.\core.$procmux$4409_Y [0] $flatten\system.\core.$procmux$4409_Y [0] $flatten\system.\core.$procmux$4409_Y [0] $flatten\system.\core.$procmux$4409_Y [0] $flatten\system.\core.$procmux$4409_Y [0] $flatten\system.\core.$procmux$4409_Y [0] $flatten\system.\core.$procmux$4409_Y [0] $flatten\system.\core.$procmux$4409_Y [0] $flatten\system.\core.$procmux$4409_Y [0] $flatten\system.\core.$procmux$4409_Y [0] $flatten\system.\core.$procmux$4409_Y [0] $flatten\system.\core.$procmux$4409_Y [0] $flatten\system.\core.$procmux$4409_Y [0] }
    Consolidated identical input bits for $mux cell $flatten\system.\core.$procmux$4334:
      Old ports: A=8'00000000, B=$flatten\system.\core.$3$memwr$\hidden$rtl/core/vibration_core.sv:403$1517_EN[7:0]$2199, Y=$flatten\system.\core.$procmux$4334_Y
      New ports: A=1'0, B=$flatten\system.\core.$procmux$2570_Y [0], Y=$flatten\system.\core.$procmux$4334_Y [0]
      New connections: $flatten\system.\core.$procmux$4334_Y [7:1] = { $flatten\system.\core.$procmux$4334_Y [0] $flatten\system.\core.$procmux$4334_Y [0] $flatten\system.\core.$procmux$4334_Y [0] $flatten\system.\core.$procmux$4334_Y [0] $flatten\system.\core.$procmux$4334_Y [0] $flatten\system.\core.$procmux$4334_Y [0] $flatten\system.\core.$procmux$4334_Y [0] }
    Consolidated identical input bits for $mux cell $flatten\system.\core.$procmux$2691:
      Old ports: A=0, B=$flatten\system.\core.$4$memwr$\logits$rtl/core/vibration_core.sv:407$1518_EN[31:0]$2238, Y=$flatten\system.\core.$procmux$2691_Y
      New ports: A=1'0, B=$flatten\system.\core.$procmux$2286_Y [0], Y=$flatten\system.\core.$procmux$2691_Y [0]
      New connections: $flatten\system.\core.$procmux$2691_Y [31:1] = { $flatten\system.\core.$procmux$2691_Y [0] $flatten\system.\core.$procmux$2691_Y [0] $flatten\system.\core.$procmux$2691_Y [0] $flatten\system.\core.$procmux$2691_Y [0] $flatten\system.\core.$procmux$2691_Y [0] $flatten\system.\core.$procmux$2691_Y [0] $flatten\system.\core.$procmux$2691_Y [0] $flatten\system.\core.$procmux$2691_Y [0] $flatten\system.\core.$procmux$2691_Y [0] $flatten\system.\core.$procmux$2691_Y [0] $flatten\system.\core.$procmux$2691_Y [0] $flatten\system.\core.$procmux$2691_Y [0] $flatten\system.\core.$procmux$2691_Y [0] $flatten\system.\core.$procmux$2691_Y [0] $flatten\system.\core.$procmux$2691_Y [0] $flatten\system.\core.$procmux$2691_Y [0] $flatten\system.\core.$procmux$2691_Y [0] $flatten\system.\core.$procmux$2691_Y [0] $flatten\system.\core.$procmux$2691_Y [0] $flatten\system.\core.$procmux$2691_Y [0] $flatten\system.\core.$procmux$2691_Y [0] $flatten\system.\core.$procmux$2691_Y [0] $flatten\system.\core.$procmux$2691_Y [0] $flatten\system.\core.$procmux$2691_Y [0] $flatten\system.\core.$procmux$2691_Y [0] $flatten\system.\core.$procmux$2691_Y [0] $flatten\system.\core.$procmux$2691_Y [0] $flatten\system.\core.$procmux$2691_Y [0] $flatten\system.\core.$procmux$2691_Y [0] $flatten\system.\core.$procmux$2691_Y [0] $flatten\system.\core.$procmux$2691_Y [0] }
  Optimizing cells in module \upduino_replay.
    Consolidated identical input bits for $mux cell $flatten\system.\core.$procmux$6167:
      Old ports: A=$flatten\system.\core.$2$memwr$\imag_part$rtl/core/vibration_core.sv:341$1514_EN[15:0]$1973, B=16'0000000000000000, Y=$flatten\system.\core.$0$memwr$\imag_part$rtl/core/vibration_core.sv:341$1514_EN[15:0]$1731
      New ports: A=$flatten\system.\core.$procmux$4469_Y [0], B=1'0, Y=$flatten\system.\core.$0$memwr$\imag_part$rtl/core/vibration_core.sv:341$1514_EN[15:0]$1731 [0]
      New connections: $flatten\system.\core.$0$memwr$\imag_part$rtl/core/vibration_core.sv:341$1514_EN[15:0]$1731 [15:1] = { $flatten\system.\core.$0$memwr$\imag_part$rtl/core/vibration_core.sv:341$1514_EN[15:0]$1731 [0] $flatten\system.\core.$0$memwr$\imag_part$rtl/core/vibration_core.sv:341$1514_EN[15:0]$1731 [0] $flatten\system.\core.$0$memwr$\imag_part$rtl/core/vibration_core.sv:341$1514_EN[15:0]$1731 [0] $flatten\system.\core.$0$memwr$\imag_part$rtl/core/vibration_core.sv:341$1514_EN[15:0]$1731 [0] $flatten\system.\core.$0$memwr$\imag_part$rtl/core/vibration_core.sv:341$1514_EN[15:0]$1731 [0] $flatten\system.\core.$0$memwr$\imag_part$rtl/core/vibration_core.sv:341$1514_EN[15:0]$1731 [0] $flatten\system.\core.$0$memwr$\imag_part$rtl/core/vibration_core.sv:341$1514_EN[15:0]$1731 [0] $flatten\system.\core.$0$memwr$\imag_part$rtl/core/vibration_core.sv:341$1514_EN[15:0]$1731 [0] $flatten\system.\core.$0$memwr$\imag_part$rtl/core/vibration_core.sv:341$1514_EN[15:0]$1731 [0] $flatten\system.\core.$0$memwr$\imag_part$rtl/core/vibration_core.sv:341$1514_EN[15:0]$1731 [0] $flatten\system.\core.$0$memwr$\imag_part$rtl/core/vibration_core.sv:341$1514_EN[15:0]$1731 [0] $flatten\system.\core.$0$memwr$\imag_part$rtl/core/vibration_core.sv:341$1514_EN[15:0]$1731 [0] $flatten\system.\core.$0$memwr$\imag_part$rtl/core/vibration_core.sv:341$1514_EN[15:0]$1731 [0] $flatten\system.\core.$0$memwr$\imag_part$rtl/core/vibration_core.sv:341$1514_EN[15:0]$1731 [0] $flatten\system.\core.$0$memwr$\imag_part$rtl/core/vibration_core.sv:341$1514_EN[15:0]$1731 [0] }
    Consolidated identical input bits for $mux cell $flatten\system.\core.$procmux$6158:
      Old ports: A=$flatten\system.\core.$2$memwr$\real_part$rtl/core/vibration_core.sv:342$1515_EN[15:0]$1976, B=16'0000000000000000, Y=$flatten\system.\core.$0$memwr$\real_part$rtl/core/vibration_core.sv:342$1515_EN[15:0]$1734
      New ports: A=$flatten\system.\core.$procmux$4409_Y [0], B=1'0, Y=$flatten\system.\core.$0$memwr$\real_part$rtl/core/vibration_core.sv:342$1515_EN[15:0]$1734 [0]
      New connections: $flatten\system.\core.$0$memwr$\real_part$rtl/core/vibration_core.sv:342$1515_EN[15:0]$1734 [15:1] = { $flatten\system.\core.$0$memwr$\real_part$rtl/core/vibration_core.sv:342$1515_EN[15:0]$1734 [0] $flatten\system.\core.$0$memwr$\real_part$rtl/core/vibration_core.sv:342$1515_EN[15:0]$1734 [0] $flatten\system.\core.$0$memwr$\real_part$rtl/core/vibration_core.sv:342$1515_EN[15:0]$1734 [0] $flatten\system.\core.$0$memwr$\real_part$rtl/core/vibration_core.sv:342$1515_EN[15:0]$1734 [0] $flatten\system.\core.$0$memwr$\real_part$rtl/core/vibration_core.sv:342$1515_EN[15:0]$1734 [0] $flatten\system.\core.$0$memwr$\real_part$rtl/core/vibration_core.sv:342$1515_EN[15:0]$1734 [0] $flatten\system.\core.$0$memwr$\real_part$rtl/core/vibration_core.sv:342$1515_EN[15:0]$1734 [0] $flatten\system.\core.$0$memwr$\real_part$rtl/core/vibration_core.sv:342$1515_EN[15:0]$1734 [0] $flatten\system.\core.$0$memwr$\real_part$rtl/core/vibration_core.sv:342$1515_EN[15:0]$1734 [0] $flatten\system.\core.$0$memwr$\real_part$rtl/core/vibration_core.sv:342$1515_EN[15:0]$1734 [0] $flatten\system.\core.$0$memwr$\real_part$rtl/core/vibration_core.sv:342$1515_EN[15:0]$1734 [0] $flatten\system.\core.$0$memwr$\real_part$rtl/core/vibration_core.sv:342$1515_EN[15:0]$1734 [0] $flatten\system.\core.$0$memwr$\real_part$rtl/core/vibration_core.sv:342$1515_EN[15:0]$1734 [0] $flatten\system.\core.$0$memwr$\real_part$rtl/core/vibration_core.sv:342$1515_EN[15:0]$1734 [0] $flatten\system.\core.$0$memwr$\real_part$rtl/core/vibration_core.sv:342$1515_EN[15:0]$1734 [0] }
    Consolidated identical input bits for $mux cell $flatten\system.\core.$procmux$6140:
      Old ports: A=$flatten\system.\core.$2$memwr$\hidden$rtl/core/vibration_core.sv:403$1517_EN[7:0]$1982, B=8'00000000, Y=$flatten\system.\core.$0$memwr$\hidden$rtl/core/vibration_core.sv:403$1517_EN[7:0]$1740
      New ports: A=$flatten\system.\core.$procmux$4334_Y [0], B=1'0, Y=$flatten\system.\core.$0$memwr$\hidden$rtl/core/vibration_core.sv:403$1517_EN[7:0]$1740 [0]
      New connections: $flatten\system.\core.$0$memwr$\hidden$rtl/core/vibration_core.sv:403$1517_EN[7:0]$1740 [7:1] = { $flatten\system.\core.$0$memwr$\hidden$rtl/core/vibration_core.sv:403$1517_EN[7:0]$1740 [0] $flatten\system.\core.$0$memwr$\hidden$rtl/core/vibration_core.sv:403$1517_EN[7:0]$1740 [0] $flatten\system.\core.$0$memwr$\hidden$rtl/core/vibration_core.sv:403$1517_EN[7:0]$1740 [0] $flatten\system.\core.$0$memwr$\hidden$rtl/core/vibration_core.sv:403$1517_EN[7:0]$1740 [0] $flatten\system.\core.$0$memwr$\hidden$rtl/core/vibration_core.sv:403$1517_EN[7:0]$1740 [0] $flatten\system.\core.$0$memwr$\hidden$rtl/core/vibration_core.sv:403$1517_EN[7:0]$1740 [0] $flatten\system.\core.$0$memwr$\hidden$rtl/core/vibration_core.sv:403$1517_EN[7:0]$1740 [0] }
    Consolidated identical input bits for $mux cell $flatten\system.\core.$procmux$5924:
      Old ports: A=$flatten\system.\core.$5$memwr$\frame_ids$rtl/core/vibration_core.sv:289$1510_EN[31:0]$1863, B=0, Y=$flatten\system.\core.$procmux$5924_Y
      New ports: A=$flatten\system.\core.$procmux$5816_Y [0], B=1'0, Y=$flatten\system.\core.$procmux$5924_Y [0]
      New connections: $flatten\system.\core.$procmux$5924_Y [31:1] = { $flatten\system.\core.$procmux$5924_Y [0] $flatten\system.\core.$procmux$5924_Y [0] $flatten\system.\core.$procmux$5924_Y [0] $flatten\system.\core.$procmux$5924_Y [0] $flatten\system.\core.$procmux$5924_Y [0] $flatten\system.\core.$procmux$5924_Y [0] $flatten\system.\core.$procmux$5924_Y [0] $flatten\system.\core.$procmux$5924_Y [0] $flatten\system.\core.$procmux$5924_Y [0] $flatten\system.\core.$procmux$5924_Y [0] $flatten\system.\core.$procmux$5924_Y [0] $flatten\system.\core.$procmux$5924_Y [0] $flatten\system.\core.$procmux$5924_Y [0] $flatten\system.\core.$procmux$5924_Y [0] $flatten\system.\core.$procmux$5924_Y [0] $flatten\system.\core.$procmux$5924_Y [0] $flatten\system.\core.$procmux$5924_Y [0] $flatten\system.\core.$procmux$5924_Y [0] $flatten\system.\core.$procmux$5924_Y [0] $flatten\system.\core.$procmux$5924_Y [0] $flatten\system.\core.$procmux$5924_Y [0] $flatten\system.\core.$procmux$5924_Y [0] $flatten\system.\core.$procmux$5924_Y [0] $flatten\system.\core.$procmux$5924_Y [0] $flatten\system.\core.$procmux$5924_Y [0] $flatten\system.\core.$procmux$5924_Y [0] $flatten\system.\core.$procmux$5924_Y [0] $flatten\system.\core.$procmux$5924_Y [0] $flatten\system.\core.$procmux$5924_Y [0] $flatten\system.\core.$procmux$5924_Y [0] $flatten\system.\core.$procmux$5924_Y [0] }
    Consolidated identical input bits for $mux cell $flatten\system.\core.$procmux$5888:
      Old ports: A=$flatten\system.\core.$5$memwr$\frame_sums$rtl/core/vibration_core.sv:290$1511_EN[25:0]$1866, B=26'00000000000000000000000000, Y=$flatten\system.\core.$procmux$5888_Y
      New ports: A=$flatten\system.\core.$procmux$5771_Y [0], B=1'0, Y=$flatten\system.\core.$procmux$5888_Y [0]
      New connections: $flatten\system.\core.$procmux$5888_Y [25:1] = { $flatten\system.\core.$procmux$5888_Y [0] $flatten\system.\core.$procmux$5888_Y [0] $flatten\system.\core.$procmux$5888_Y [0] $flatten\system.\core.$procmux$5888_Y [0] $flatten\system.\core.$procmux$5888_Y [0] $flatten\system.\core.$procmux$5888_Y [0] $flatten\system.\core.$procmux$5888_Y [0] $flatten\system.\core.$procmux$5888_Y [0] $flatten\system.\core.$procmux$5888_Y [0] $flatten\system.\core.$procmux$5888_Y [0] $flatten\system.\core.$procmux$5888_Y [0] $flatten\system.\core.$procmux$5888_Y [0] $flatten\system.\core.$procmux$5888_Y [0] $flatten\system.\core.$procmux$5888_Y [0] $flatten\system.\core.$procmux$5888_Y [0] $flatten\system.\core.$procmux$5888_Y [0] $flatten\system.\core.$procmux$5888_Y [0] $flatten\system.\core.$procmux$5888_Y [0] $flatten\system.\core.$procmux$5888_Y [0] $flatten\system.\core.$procmux$5888_Y [0] $flatten\system.\core.$procmux$5888_Y [0] $flatten\system.\core.$procmux$5888_Y [0] $flatten\system.\core.$procmux$5888_Y [0] $flatten\system.\core.$procmux$5888_Y [0] $flatten\system.\core.$procmux$5888_Y [0] }
    Consolidated identical input bits for $mux cell $flatten\system.\core.$procmux$4310:
      Old ports: A=0, B=$flatten\system.\core.$3$memwr$\logits$rtl/core/vibration_core.sv:407$1518_EN[31:0]$2202, Y=$flatten\system.\core.$procmux$4310_Y
      New ports: A=1'0, B=$flatten\system.\core.$procmux$2691_Y [0], Y=$flatten\system.\core.$procmux$4310_Y [0]
      New connections: $flatten\system.\core.$procmux$4310_Y [31:1] = { $flatten\system.\core.$procmux$4310_Y [0] $flatten\system.\core.$procmux$4310_Y [0] $flatten\system.\core.$procmux$4310_Y [0] $flatten\system.\core.$procmux$4310_Y [0] $flatten\system.\core.$procmux$4310_Y [0] $flatten\system.\core.$procmux$4310_Y [0] $flatten\system.\core.$procmux$4310_Y [0] $flatten\system.\core.$procmux$4310_Y [0] $flatten\system.\core.$procmux$4310_Y [0] $flatten\system.\core.$procmux$4310_Y [0] $flatten\system.\core.$procmux$4310_Y [0] $flatten\system.\core.$procmux$4310_Y [0] $flatten\system.\core.$procmux$4310_Y [0] $flatten\system.\core.$procmux$4310_Y [0] $flatten\system.\core.$procmux$4310_Y [0] $flatten\system.\core.$procmux$4310_Y [0] $flatten\system.\core.$procmux$4310_Y [0] $flatten\system.\core.$procmux$4310_Y [0] $flatten\system.\core.$procmux$4310_Y [0] $flatten\system.\core.$procmux$4310_Y [0] $flatten\system.\core.$procmux$4310_Y [0] $flatten\system.\core.$procmux$4310_Y [0] $flatten\system.\core.$procmux$4310_Y [0] $flatten\system.\core.$procmux$4310_Y [0] $flatten\system.\core.$procmux$4310_Y [0] $flatten\system.\core.$procmux$4310_Y [0] $flatten\system.\core.$procmux$4310_Y [0] $flatten\system.\core.$procmux$4310_Y [0] $flatten\system.\core.$procmux$4310_Y [0] $flatten\system.\core.$procmux$4310_Y [0] $flatten\system.\core.$procmux$4310_Y [0] }
  Optimizing cells in module \upduino_replay.
    Consolidated identical input bits for $mux cell $flatten\system.\core.$procmux$6131:
      Old ports: A=$flatten\system.\core.$2$memwr$\logits$rtl/core/vibration_core.sv:407$1518_EN[31:0]$1985, B=0, Y=$flatten\system.\core.$0$memwr$\logits$rtl/core/vibration_core.sv:407$1518_EN[31:0]$1743
      New ports: A=$flatten\system.\core.$procmux$4310_Y [0], B=1'0, Y=$flatten\system.\core.$0$memwr$\logits$rtl/core/vibration_core.sv:407$1518_EN[31:0]$1743 [0]
      New connections: $flatten\system.\core.$0$memwr$\logits$rtl/core/vibration_core.sv:407$1518_EN[31:0]$1743 [31:1] = { $flatten\system.\core.$0$memwr$\logits$rtl/core/vibration_core.sv:407$1518_EN[31:0]$1743 [0] $flatten\system.\core.$0$memwr$\logits$rtl/core/vibration_core.sv:407$1518_EN[31:0]$1743 [0] $flatten\system.\core.$0$memwr$\logits$rtl/core/vibration_core.sv:407$1518_EN[31:0]$1743 [0] $flatten\system.\core.$0$memwr$\logits$rtl/core/vibration_core.sv:407$1518_EN[31:0]$1743 [0] $flatten\system.\core.$0$memwr$\logits$rtl/core/vibration_core.sv:407$1518_EN[31:0]$1743 [0] $flatten\system.\core.$0$memwr$\logits$rtl/core/vibration_core.sv:407$1518_EN[31:0]$1743 [0] $flatten\system.\core.$0$memwr$\logits$rtl/core/vibration_core.sv:407$1518_EN[31:0]$1743 [0] $flatten\system.\core.$0$memwr$\logits$rtl/core/vibration_core.sv:407$1518_EN[31:0]$1743 [0] $flatten\system.\core.$0$memwr$\logits$rtl/core/vibration_core.sv:407$1518_EN[31:0]$1743 [0] $flatten\system.\core.$0$memwr$\logits$rtl/core/vibration_core.sv:407$1518_EN[31:0]$1743 [0] $flatten\system.\core.$0$memwr$\logits$rtl/core/vibration_core.sv:407$1518_EN[31:0]$1743 [0] $flatten\system.\core.$0$memwr$\logits$rtl/core/vibration_core.sv:407$1518_EN[31:0]$1743 [0] $flatten\system.\core.$0$memwr$\logits$rtl/core/vibration_core.sv:407$1518_EN[31:0]$1743 [0] $flatten\system.\core.$0$memwr$\logits$rtl/core/vibration_core.sv:407$1518_EN[31:0]$1743 [0] $flatten\system.\core.$0$memwr$\logits$rtl/core/vibration_core.sv:407$1518_EN[31:0]$1743 [0] $flatten\system.\core.$0$memwr$\logits$rtl/core/vibration_core.sv:407$1518_EN[31:0]$1743 [0] $flatten\system.\core.$0$memwr$\logits$rtl/core/vibration_core.sv:407$1518_EN[31:0]$1743 [0] $flatten\system.\core.$0$memwr$\logits$rtl/core/vibration_core.sv:407$1518_EN[31:0]$1743 [0] $flatten\system.\core.$0$memwr$\logits$rtl/core/vibration_core.sv:407$1518_EN[31:0]$1743 [0] $flatten\system.\core.$0$memwr$\logits$rtl/core/vibration_core.sv:407$1518_EN[31:0]$1743 [0] $flatten\system.\core.$0$memwr$\logits$rtl/core/vibration_core.sv:407$1518_EN[31:0]$1743 [0] $flatten\system.\core.$0$memwr$\logits$rtl/core/vibration_core.sv:407$1518_EN[31:0]$1743 [0] $flatten\system.\core.$0$memwr$\logits$rtl/core/vibration_core.sv:407$1518_EN[31:0]$1743 [0] $flatten\system.\core.$0$memwr$\logits$rtl/core/vibration_core.sv:407$1518_EN[31:0]$1743 [0] $flatten\system.\core.$0$memwr$\logits$rtl/core/vibration_core.sv:407$1518_EN[31:0]$1743 [0] $flatten\system.\core.$0$memwr$\logits$rtl/core/vibration_core.sv:407$1518_EN[31:0]$1743 [0] $flatten\system.\core.$0$memwr$\logits$rtl/core/vibration_core.sv:407$1518_EN[31:0]$1743 [0] $flatten\system.\core.$0$memwr$\logits$rtl/core/vibration_core.sv:407$1518_EN[31:0]$1743 [0] $flatten\system.\core.$0$memwr$\logits$rtl/core/vibration_core.sv:407$1518_EN[31:0]$1743 [0] $flatten\system.\core.$0$memwr$\logits$rtl/core/vibration_core.sv:407$1518_EN[31:0]$1743 [0] $flatten\system.\core.$0$memwr$\logits$rtl/core/vibration_core.sv:407$1518_EN[31:0]$1743 [0] }
    Consolidated identical input bits for $mux cell $flatten\system.\core.$procmux$6008:
      Old ports: A=$flatten\system.\core.$4$memwr$\frame_ids$rtl/core/vibration_core.sv:289$1510_EN[31:0]$1854, B=0, Y=$flatten\system.\core.$procmux$6008_Y
      New ports: A=$flatten\system.\core.$procmux$5924_Y [0], B=1'0, Y=$flatten\system.\core.$procmux$6008_Y [0]
      New connections: $flatten\system.\core.$procmux$6008_Y [31:1] = { $flatten\system.\core.$procmux$6008_Y [0] $flatten\system.\core.$procmux$6008_Y [0] $flatten\system.\core.$procmux$6008_Y [0] $flatten\system.\core.$procmux$6008_Y [0] $flatten\system.\core.$procmux$6008_Y [0] $flatten\system.\core.$procmux$6008_Y [0] $flatten\system.\core.$procmux$6008_Y [0] $flatten\system.\core.$procmux$6008_Y [0] $flatten\system.\core.$procmux$6008_Y [0] $flatten\system.\core.$procmux$6008_Y [0] $flatten\system.\core.$procmux$6008_Y [0] $flatten\system.\core.$procmux$6008_Y [0] $flatten\system.\core.$procmux$6008_Y [0] $flatten\system.\core.$procmux$6008_Y [0] $flatten\system.\core.$procmux$6008_Y [0] $flatten\system.\core.$procmux$6008_Y [0] $flatten\system.\core.$procmux$6008_Y [0] $flatten\system.\core.$procmux$6008_Y [0] $flatten\system.\core.$procmux$6008_Y [0] $flatten\system.\core.$procmux$6008_Y [0] $flatten\system.\core.$procmux$6008_Y [0] $flatten\system.\core.$procmux$6008_Y [0] $flatten\system.\core.$procmux$6008_Y [0] $flatten\system.\core.$procmux$6008_Y [0] $flatten\system.\core.$procmux$6008_Y [0] $flatten\system.\core.$procmux$6008_Y [0] $flatten\system.\core.$procmux$6008_Y [0] $flatten\system.\core.$procmux$6008_Y [0] $flatten\system.\core.$procmux$6008_Y [0] $flatten\system.\core.$procmux$6008_Y [0] $flatten\system.\core.$procmux$6008_Y [0] }
    Consolidated identical input bits for $mux cell $flatten\system.\core.$procmux$5981:
      Old ports: A=$flatten\system.\core.$4$memwr$\frame_sums$rtl/core/vibration_core.sv:290$1511_EN[25:0]$1857, B=26'00000000000000000000000000, Y=$flatten\system.\core.$procmux$5981_Y
      New ports: A=$flatten\system.\core.$procmux$5888_Y [0], B=1'0, Y=$flatten\system.\core.$procmux$5981_Y [0]
      New connections: $flatten\system.\core.$procmux$5981_Y [25:1] = { $flatten\system.\core.$procmux$5981_Y [0] $flatten\system.\core.$procmux$5981_Y [0] $flatten\system.\core.$procmux$5981_Y [0] $flatten\system.\core.$procmux$5981_Y [0] $flatten\system.\core.$procmux$5981_Y [0] $flatten\system.\core.$procmux$5981_Y [0] $flatten\system.\core.$procmux$5981_Y [0] $flatten\system.\core.$procmux$5981_Y [0] $flatten\system.\core.$procmux$5981_Y [0] $flatten\system.\core.$procmux$5981_Y [0] $flatten\system.\core.$procmux$5981_Y [0] $flatten\system.\core.$procmux$5981_Y [0] $flatten\system.\core.$procmux$5981_Y [0] $flatten\system.\core.$procmux$5981_Y [0] $flatten\system.\core.$procmux$5981_Y [0] $flatten\system.\core.$procmux$5981_Y [0] $flatten\system.\core.$procmux$5981_Y [0] $flatten\system.\core.$procmux$5981_Y [0] $flatten\system.\core.$procmux$5981_Y [0] $flatten\system.\core.$procmux$5981_Y [0] $flatten\system.\core.$procmux$5981_Y [0] $flatten\system.\core.$procmux$5981_Y [0] $flatten\system.\core.$procmux$5981_Y [0] $flatten\system.\core.$procmux$5981_Y [0] $flatten\system.\core.$procmux$5981_Y [0] }
  Optimizing cells in module \upduino_replay.
    Consolidated identical input bits for $mux cell $flatten\system.\core.$procmux$6067:
      Old ports: A=0, B=$flatten\system.\core.$3$memwr$\frame_ids$rtl/core/vibration_core.sv:289$1510_EN[31:0]$1844, Y=$flatten\system.\core.$procmux$6067_Y
      New ports: A=1'0, B=$flatten\system.\core.$procmux$6008_Y [0], Y=$flatten\system.\core.$procmux$6067_Y [0]
      New connections: $flatten\system.\core.$procmux$6067_Y [31:1] = { $flatten\system.\core.$procmux$6067_Y [0] $flatten\system.\core.$procmux$6067_Y [0] $flatten\system.\core.$procmux$6067_Y [0] $flatten\system.\core.$procmux$6067_Y [0] $flatten\system.\core.$procmux$6067_Y [0] $flatten\system.\core.$procmux$6067_Y [0] $flatten\system.\core.$procmux$6067_Y [0] $flatten\system.\core.$procmux$6067_Y [0] $flatten\system.\core.$procmux$6067_Y [0] $flatten\system.\core.$procmux$6067_Y [0] $flatten\system.\core.$procmux$6067_Y [0] $flatten\system.\core.$procmux$6067_Y [0] $flatten\system.\core.$procmux$6067_Y [0] $flatten\system.\core.$procmux$6067_Y [0] $flatten\system.\core.$procmux$6067_Y [0] $flatten\system.\core.$procmux$6067_Y [0] $flatten\system.\core.$procmux$6067_Y [0] $flatten\system.\core.$procmux$6067_Y [0] $flatten\system.\core.$procmux$6067_Y [0] $flatten\system.\core.$procmux$6067_Y [0] $flatten\system.\core.$procmux$6067_Y [0] $flatten\system.\core.$procmux$6067_Y [0] $flatten\system.\core.$procmux$6067_Y [0] $flatten\system.\core.$procmux$6067_Y [0] $flatten\system.\core.$procmux$6067_Y [0] $flatten\system.\core.$procmux$6067_Y [0] $flatten\system.\core.$procmux$6067_Y [0] $flatten\system.\core.$procmux$6067_Y [0] $flatten\system.\core.$procmux$6067_Y [0] $flatten\system.\core.$procmux$6067_Y [0] $flatten\system.\core.$procmux$6067_Y [0] }
    Consolidated identical input bits for $mux cell $flatten\system.\core.$procmux$6049:
      Old ports: A=26'00000000000000000000000000, B=$flatten\system.\core.$3$memwr$\frame_sums$rtl/core/vibration_core.sv:290$1511_EN[25:0]$1847, Y=$flatten\system.\core.$procmux$6049_Y
      New ports: A=1'0, B=$flatten\system.\core.$procmux$5981_Y [0], Y=$flatten\system.\core.$procmux$6049_Y [0]
      New connections: $flatten\system.\core.$procmux$6049_Y [25:1] = { $flatten\system.\core.$procmux$6049_Y [0] $flatten\system.\core.$procmux$6049_Y [0] $flatten\system.\core.$procmux$6049_Y [0] $flatten\system.\core.$procmux$6049_Y [0] $flatten\system.\core.$procmux$6049_Y [0] $flatten\system.\core.$procmux$6049_Y [0] $flatten\system.\core.$procmux$6049_Y [0] $flatten\system.\core.$procmux$6049_Y [0] $flatten\system.\core.$procmux$6049_Y [0] $flatten\system.\core.$procmux$6049_Y [0] $flatten\system.\core.$procmux$6049_Y [0] $flatten\system.\core.$procmux$6049_Y [0] $flatten\system.\core.$procmux$6049_Y [0] $flatten\system.\core.$procmux$6049_Y [0] $flatten\system.\core.$procmux$6049_Y [0] $flatten\system.\core.$procmux$6049_Y [0] $flatten\system.\core.$procmux$6049_Y [0] $flatten\system.\core.$procmux$6049_Y [0] $flatten\system.\core.$procmux$6049_Y [0] $flatten\system.\core.$procmux$6049_Y [0] $flatten\system.\core.$procmux$6049_Y [0] $flatten\system.\core.$procmux$6049_Y [0] $flatten\system.\core.$procmux$6049_Y [0] $flatten\system.\core.$procmux$6049_Y [0] $flatten\system.\core.$procmux$6049_Y [0] }
  Optimizing cells in module \upduino_replay.
    Consolidated identical input bits for $mux cell $flatten\system.\core.$procmux$6191:
      Old ports: A=$flatten\system.\core.$2$memwr$\frame_ids$rtl/core/vibration_core.sv:289$1510_EN[31:0]$1836, B=0, Y=$flatten\system.\core.$0$memwr$\frame_ids$rtl/core/vibration_core.sv:289$1510_EN[31:0]$1723
      New ports: A=$flatten\system.\core.$procmux$6067_Y [0], B=1'0, Y=$flatten\system.\core.$0$memwr$\frame_ids$rtl/core/vibration_core.sv:289$1510_EN[31:0]$1723 [0]
      New connections: $flatten\system.\core.$0$memwr$\frame_ids$rtl/core/vibration_core.sv:289$1510_EN[31:0]$1723 [31:1] = { $flatten\system.\core.$0$memwr$\frame_ids$rtl/core/vibration_core.sv:289$1510_EN[31:0]$1723 [0] $flatten\system.\core.$0$memwr$\frame_ids$rtl/core/vibration_core.sv:289$1510_EN[31:0]$1723 [0] $flatten\system.\core.$0$memwr$\frame_ids$rtl/core/vibration_core.sv:289$1510_EN[31:0]$1723 [0] $flatten\system.\core.$0$memwr$\frame_ids$rtl/core/vibration_core.sv:289$1510_EN[31:0]$1723 [0] $flatten\system.\core.$0$memwr$\frame_ids$rtl/core/vibration_core.sv:289$1510_EN[31:0]$1723 [0] $flatten\system.\core.$0$memwr$\frame_ids$rtl/core/vibration_core.sv:289$1510_EN[31:0]$1723 [0] $flatten\system.\core.$0$memwr$\frame_ids$rtl/core/vibration_core.sv:289$1510_EN[31:0]$1723 [0] $flatten\system.\core.$0$memwr$\frame_ids$rtl/core/vibration_core.sv:289$1510_EN[31:0]$1723 [0] $flatten\system.\core.$0$memwr$\frame_ids$rtl/core/vibration_core.sv:289$1510_EN[31:0]$1723 [0] $flatten\system.\core.$0$memwr$\frame_ids$rtl/core/vibration_core.sv:289$1510_EN[31:0]$1723 [0] $flatten\system.\core.$0$memwr$\frame_ids$rtl/core/vibration_core.sv:289$1510_EN[31:0]$1723 [0] $flatten\system.\core.$0$memwr$\frame_ids$rtl/core/vibration_core.sv:289$1510_EN[31:0]$1723 [0] $flatten\system.\core.$0$memwr$\frame_ids$rtl/core/vibration_core.sv:289$1510_EN[31:0]$1723 [0] $flatten\system.\core.$0$memwr$\frame_ids$rtl/core/vibration_core.sv:289$1510_EN[31:0]$1723 [0] $flatten\system.\core.$0$memwr$\frame_ids$rtl/core/vibration_core.sv:289$1510_EN[31:0]$1723 [0] $flatten\system.\core.$0$memwr$\frame_ids$rtl/core/vibration_core.sv:289$1510_EN[31:0]$1723 [0] $flatten\system.\core.$0$memwr$\frame_ids$rtl/core/vibration_core.sv:289$1510_EN[31:0]$1723 [0] $flatten\system.\core.$0$memwr$\frame_ids$rtl/core/vibration_core.sv:289$1510_EN[31:0]$1723 [0] $flatten\system.\core.$0$memwr$\frame_ids$rtl/core/vibration_core.sv:289$1510_EN[31:0]$1723 [0] $flatten\system.\core.$0$memwr$\frame_ids$rtl/core/vibration_core.sv:289$1510_EN[31:0]$1723 [0] $flatten\system.\core.$0$memwr$\frame_ids$rtl/core/vibration_core.sv:289$1510_EN[31:0]$1723 [0] $flatten\system.\core.$0$memwr$\frame_ids$rtl/core/vibration_core.sv:289$1510_EN[31:0]$1723 [0] $flatten\system.\core.$0$memwr$\frame_ids$rtl/core/vibration_core.sv:289$1510_EN[31:0]$1723 [0] $flatten\system.\core.$0$memwr$\frame_ids$rtl/core/vibration_core.sv:289$1510_EN[31:0]$1723 [0] $flatten\system.\core.$0$memwr$\frame_ids$rtl/core/vibration_core.sv:289$1510_EN[31:0]$1723 [0] $flatten\system.\core.$0$memwr$\frame_ids$rtl/core/vibration_core.sv:289$1510_EN[31:0]$1723 [0] $flatten\system.\core.$0$memwr$\frame_ids$rtl/core/vibration_core.sv:289$1510_EN[31:0]$1723 [0] $flatten\system.\core.$0$memwr$\frame_ids$rtl/core/vibration_core.sv:289$1510_EN[31:0]$1723 [0] $flatten\system.\core.$0$memwr$\frame_ids$rtl/core/vibration_core.sv:289$1510_EN[31:0]$1723 [0] $flatten\system.\core.$0$memwr$\frame_ids$rtl/core/vibration_core.sv:289$1510_EN[31:0]$1723 [0] $flatten\system.\core.$0$memwr$\frame_ids$rtl/core/vibration_core.sv:289$1510_EN[31:0]$1723 [0] }
    Consolidated identical input bits for $mux cell $flatten\system.\core.$procmux$6182:
      Old ports: A=$flatten\system.\core.$2$memwr$\frame_sums$rtl/core/vibration_core.sv:290$1511_EN[25:0]$1839, B=26'00000000000000000000000000, Y=$flatten\system.\core.$0$memwr$\frame_sums$rtl/core/vibration_core.sv:290$1511_EN[25:0]$1726
      New ports: A=$flatten\system.\core.$procmux$6049_Y [0], B=1'0, Y=$flatten\system.\core.$0$memwr$\frame_sums$rtl/core/vibration_core.sv:290$1511_EN[25:0]$1726 [0]
      New connections: $flatten\system.\core.$0$memwr$\frame_sums$rtl/core/vibration_core.sv:290$1511_EN[25:0]$1726 [25:1] = { $flatten\system.\core.$0$memwr$\frame_sums$rtl/core/vibration_core.sv:290$1511_EN[25:0]$1726 [0] $flatten\system.\core.$0$memwr$\frame_sums$rtl/core/vibration_core.sv:290$1511_EN[25:0]$1726 [0] $flatten\system.\core.$0$memwr$\frame_sums$rtl/core/vibration_core.sv:290$1511_EN[25:0]$1726 [0] $flatten\system.\core.$0$memwr$\frame_sums$rtl/core/vibration_core.sv:290$1511_EN[25:0]$1726 [0] $flatten\system.\core.$0$memwr$\frame_sums$rtl/core/vibration_core.sv:290$1511_EN[25:0]$1726 [0] $flatten\system.\core.$0$memwr$\frame_sums$rtl/core/vibration_core.sv:290$1511_EN[25:0]$1726 [0] $flatten\system.\core.$0$memwr$\frame_sums$rtl/core/vibration_core.sv:290$1511_EN[25:0]$1726 [0] $flatten\system.\core.$0$memwr$\frame_sums$rtl/core/vibration_core.sv:290$1511_EN[25:0]$1726 [0] $flatten\system.\core.$0$memwr$\frame_sums$rtl/core/vibration_core.sv:290$1511_EN[25:0]$1726 [0] $flatten\system.\core.$0$memwr$\frame_sums$rtl/core/vibration_core.sv:290$1511_EN[25:0]$1726 [0] $flatten\system.\core.$0$memwr$\frame_sums$rtl/core/vibration_core.sv:290$1511_EN[25:0]$1726 [0] $flatten\system.\core.$0$memwr$\frame_sums$rtl/core/vibration_core.sv:290$1511_EN[25:0]$1726 [0] $flatten\system.\core.$0$memwr$\frame_sums$rtl/core/vibration_core.sv:290$1511_EN[25:0]$1726 [0] $flatten\system.\core.$0$memwr$\frame_sums$rtl/core/vibration_core.sv:290$1511_EN[25:0]$1726 [0] $flatten\system.\core.$0$memwr$\frame_sums$rtl/core/vibration_core.sv:290$1511_EN[25:0]$1726 [0] $flatten\system.\core.$0$memwr$\frame_sums$rtl/core/vibration_core.sv:290$1511_EN[25:0]$1726 [0] $flatten\system.\core.$0$memwr$\frame_sums$rtl/core/vibration_core.sv:290$1511_EN[25:0]$1726 [0] $flatten\system.\core.$0$memwr$\frame_sums$rtl/core/vibration_core.sv:290$1511_EN[25:0]$1726 [0] $flatten\system.\core.$0$memwr$\frame_sums$rtl/core/vibration_core.sv:290$1511_EN[25:0]$1726 [0] $flatten\system.\core.$0$memwr$\frame_sums$rtl/core/vibration_core.sv:290$1511_EN[25:0]$1726 [0] $flatten\system.\core.$0$memwr$\frame_sums$rtl/core/vibration_core.sv:290$1511_EN[25:0]$1726 [0] $flatten\system.\core.$0$memwr$\frame_sums$rtl/core/vibration_core.sv:290$1511_EN[25:0]$1726 [0] $flatten\system.\core.$0$memwr$\frame_sums$rtl/core/vibration_core.sv:290$1511_EN[25:0]$1726 [0] $flatten\system.\core.$0$memwr$\frame_sums$rtl/core/vibration_core.sv:290$1511_EN[25:0]$1726 [0] $flatten\system.\core.$0$memwr$\frame_sums$rtl/core/vibration_core.sv:290$1511_EN[25:0]$1726 [0] }
  Optimizing cells in module \upduino_replay.
Performed a total of 42 changes.

10.12.5. Executing OPT_MERGE pass (detect identical cells).
Finding identical cells in module `\upduino_replay'.
Computing hashes of 1385 cells of `\upduino_replay'.
Finding duplicate cells in `\upduino_replay'.
Computing hashes of 1370 cells of `\upduino_replay'.
Finding duplicate cells in `\upduino_replay'.
Computing hashes of 1367 cells of `\upduino_replay'.
Finding duplicate cells in `\upduino_replay'.
Computing hashes of 1365 cells of `\upduino_replay'.
Finding duplicate cells in `\upduino_replay'.
Computing hashes of 1363 cells of `\upduino_replay'.
Finding duplicate cells in `\upduino_replay'.
Computing hashes of 1361 cells of `\upduino_replay'.
Finding duplicate cells in `\upduino_replay'.
Computing hashes of 1359 cells of `\upduino_replay'.
Finding duplicate cells in `\upduino_replay'.
<suppressed ~78 debug messages>
Removed a total of 26 cells.

10.12.6. Executing OPT_DFF pass (perform DFF optimizations).

10.12.7. Executing OPT_CLEAN pass (remove unused cells and wires).
Finding unused cells or wires in module \upduino_replay..
Removed 0 unused cells and 539 unused wires.
<suppressed ~1 debug messages>

10.12.8. Executing OPT_EXPR pass (perform const folding).
Optimizing module upduino_replay.
<suppressed ~1 debug messages>

10.12.9. Rerunning OPT passes. (Maybe there is more to do..)

10.12.10. Executing OPT_MUXTREE pass (detect dead branches in mux trees).
Running muxtree optimizer on module \upduino_replay..
  Creating internal representation of mux trees.
  Evaluating internal representation of mux trees.
  Analyzing evaluation results.
Removed 0 multiplexer ports.
<suppressed ~1040 debug messages>

10.12.11. Executing OPT_REDUCE pass (consolidate $*mux and $reduce_* inputs).
  Optimizing cells in module \upduino_replay.
    New ctrl vector for $pmux cell $flatten\system.\core.$procmux$6866: { $auto$opt_reduce.cc:137:opt_pmux$9697 $flatten\system.\core.$procmux$6400_CMP $flatten\system.\core.$procmux$6390_CMP }
    New ctrl vector for $pmux cell $flatten\system.$procmux$9075: { $auto$opt_reduce.cc:137:opt_pmux$9701 $auto$opt_reduce.cc:137:opt_pmux$9699 }
  Optimizing cells in module \upduino_replay.
Performed a total of 2 changes.

10.12.12. Executing OPT_MERGE pass (detect identical cells).
Finding identical cells in module `\upduino_replay'.
Computing hashes of 1361 cells of `\upduino_replay'.
Finding duplicate cells in `\upduino_replay'.
Removed a total of 0 cells.

10.12.13. Executing OPT_DFF pass (perform DFF optimizations).

10.12.14. Executing OPT_CLEAN pass (remove unused cells and wires).
Finding unused cells or wires in module \upduino_replay..
Removed 0 unused cells and 1 unused wires.
<suppressed ~1 debug messages>

10.12.15. Executing OPT_EXPR pass (perform const folding).
Optimizing module upduino_replay.

10.12.16. Rerunning OPT passes. (Maybe there is more to do..)

10.12.17. Executing OPT_MUXTREE pass (detect dead branches in mux trees).
Running muxtree optimizer on module \upduino_replay..
  Creating internal representation of mux trees.
  Evaluating internal representation of mux trees.
  Analyzing evaluation results.
Removed 0 multiplexer ports.
<suppressed ~1030 debug messages>

10.12.18. Executing OPT_REDUCE pass (consolidate $*mux and $reduce_* inputs).
  Optimizing cells in module \upduino_replay.
Performed a total of 0 changes.

10.12.19. Executing OPT_MERGE pass (detect identical cells).
Finding identical cells in module `\upduino_replay'.
Computing hashes of 1361 cells of `\upduino_replay'.
Finding duplicate cells in `\upduino_replay'.
Removed a total of 0 cells.

10.12.20. Executing OPT_DFF pass (perform DFF optimizations).

10.12.21. Executing OPT_CLEAN pass (remove unused cells and wires).
Finding unused cells or wires in module \upduino_replay..

10.12.22. Executing OPT_EXPR pass (perform const folding).
Optimizing module upduino_replay.

10.12.23. Finished fast OPT passes. (There is nothing left to do.)

10.13. Executing FSM pass (extract and optimize FSM).

10.13.1. Executing FSM_DETECT pass (finding FSMs in design).
Found FSM state register upduino_replay.system.transport.state.
Found FSM state register upduino_replay.system.write_kind.
Found FSM state register upduino_replay.system.state.
Not marking upduino_replay.system.core.state as FSM state register:
    Users of register don't seem to benefit from recoding.
Not marking upduino_replay.system.core.out_class as FSM state register:
    Users of register don't seem to benefit from recoding.

10.13.2. Executing FSM_EXTRACT pass (extracting FSM from design).
Extracting FSM `\system.transport.state' from module `\upduino_replay'.
  found $dff cell for state register: $flatten\system.\transport.$procdff$9571
  root of input selection tree: $flatten\system.\transport.$0\state[3:0]
  found reset state: 4'1100 (guessed from mux tree)
  found ctrl input: \system.core.rst
  found ctrl input: $flatten\system.\transport.$procmux$7836_CMP
  found ctrl input: $flatten\system.\transport.$procmux$7994_CMP
  found ctrl input: $flatten\system.\transport.$procmux$7995_CMP
  found ctrl input: $flatten\system.\transport.$procmux$7996_CMP
  found ctrl input: $flatten\system.\transport.$procmux$7842_CMP
  found ctrl input: $flatten\system.\transport.$procmux$7905_CMP
  found ctrl input: $flatten\system.\transport.$eq$rtl/io/flash_stream.sv:47$1395_Y
  found ctrl input: $flatten\system.\transport.$procmux$7886_CMP
  found ctrl input: $flatten\system.\transport.$procmux$8001_CMP
  found ctrl input: $flatten\system.\transport.$procmux$8002_CMP
  found ctrl input: $flatten\system.\transport.$procmux$8003_CMP
  found ctrl input: $flatten\system.\transport.$eq$rtl/io/flash_stream.sv:46$1390_Y
  found ctrl input: $flatten\system.\transport.$procmux$7954_CMP
  found ctrl input: $flatten\system.\transport.$procmux$7957_CMP
  found ctrl input: $flatten\system.\transport.$procmux$8012_CMP
  found state code: 4'0000
  found ctrl input: \system.transport.spi.rx_valid
  found ctrl input: \system.transport.spi.rx_data [0]
  found ctrl input: $flatten\system.\transport.$eq$rtl/io/flash_stream.sv:116$1436_Y
  found state code: 4'1000
  found ctrl input: $flatten\system.\transport.$logic_and$rtl/io/flash_stream.sv:101$1428_Y
  found state code: 4'1011
  found state code: 4'1010
  found state code: 4'1001
  found ctrl input: \system.transport.rd_valid
  found ctrl input: $flatten\system.\transport.$eq$rtl/io/flash_stream.sv:109$1432_Y
  found state code: 4'0101
  found ctrl input: \system.transport.writing
  found state code: 4'0111
  found ctrl input: $flatten\system.\transport.$eq$rtl/io/flash_stream.sv:105$1430_Y
  found state code: 4'0110
  found ctrl input: $flatten\system.\transport.$eq$rtl/io/flash_stream.sv:98$1426_Y
  found state code: 4'0011
  found state code: 4'0100
  found state code: 4'0010
  found ctrl input: $flatten\system.$logic_and$rtl/upduino_replay.sv:242$464_Y
  found ctrl input: $flatten\system.\transport.$logic_or$rtl/io/flash_stream.sv:85$1422_Y
  found ctrl input: \system.transport.cmd_write
  found state code: 4'0001
  found ctrl input: $flatten\system.\transport.$eq$rtl/io/flash_stream.sv:80$1408_Y
  found state code: 4'1110
  found state code: 4'1101
  found state code: 4'1100
  found ctrl output: $flatten\system.\transport.$eq$rtl/io/flash_stream.sv:46$1390_Y
  found ctrl output: $flatten\system.\transport.$procmux$7836_CMP
  found ctrl output: $flatten\system.\transport.$procmux$7994_CMP
  found ctrl output: $flatten\system.\transport.$procmux$7995_CMP
  found ctrl output: $flatten\system.\transport.$procmux$7996_CMP
  found ctrl output: $flatten\system.\transport.$procmux$7842_CMP
  found ctrl output: $flatten\system.\transport.$procmux$7905_CMP
  found ctrl output: $flatten\system.\transport.$eq$rtl/io/flash_stream.sv:47$1395_Y
  found ctrl output: $flatten\system.\transport.$procmux$7886_CMP
  found ctrl output: $flatten\system.\transport.$procmux$8001_CMP
  found ctrl output: $flatten\system.\transport.$procmux$8002_CMP
  found ctrl output: $flatten\system.\transport.$procmux$8003_CMP
  found ctrl output: $flatten\system.\transport.$procmux$7954_CMP
  found ctrl output: $flatten\system.\transport.$procmux$7957_CMP
  found ctrl output: $flatten\system.\transport.$procmux$8012_CMP
  ctrl inputs: { $flatten\system.$logic_and$rtl/upduino_replay.sv:242$464_Y \system.transport.spi.rx_valid \system.transport.spi.rx_data [0] $flatten\system.\transport.$eq$rtl/io/flash_stream.sv:116$1436_Y $flatten\system.\transport.$eq$rtl/io/flash_stream.sv:109$1432_Y $flatten\system.\transport.$eq$rtl/io/flash_stream.sv:105$1430_Y $flatten\system.\transport.$logic_and$rtl/io/flash_stream.sv:101$1428_Y $flatten\system.\transport.$eq$rtl/io/flash_stream.sv:98$1426_Y $flatten\system.\transport.$logic_or$rtl/io/flash_stream.sv:85$1422_Y $flatten\system.\transport.$eq$rtl/io/flash_stream.sv:80$1408_Y \system.transport.writing \system.transport.rd_valid \system.transport.cmd_write \system.core.rst }
  ctrl outputs: { $flatten\system.\transport.$procmux$8012_CMP $flatten\system.\transport.$procmux$8003_CMP $flatten\system.\transport.$procmux$8002_CMP $flatten\system.\transport.$procmux$8001_CMP $flatten\system.\transport.$procmux$7996_CMP $flatten\system.\transport.$procmux$7995_CMP $flatten\system.\transport.$procmux$7994_CMP $flatten\system.\transport.$procmux$7957_CMP $flatten\system.\transport.$procmux$7954_CMP $flatten\system.\transport.$procmux$7905_CMP $flatten\system.\transport.$procmux$7886_CMP $flatten\system.\transport.$procmux$7842_CMP $flatten\system.\transport.$procmux$7836_CMP $flatten\system.\transport.$0\state[3:0] $flatten\system.\transport.$eq$rtl/io/flash_stream.sv:47$1395_Y $flatten\system.\transport.$eq$rtl/io/flash_stream.sv:46$1390_Y }
  transition:     4'0000 14'0------------0 ->     4'0000 19'0000000000000000001
  transition:     4'0000 14'1-------0---00 ->     4'0011 19'0000000000000001101
  transition:     4'0000 14'1-------0---10 ->     4'0001 19'0000000000000000101
  transition:     4'0000 14'1-------1----0 ->     4'0000 19'0000000000000000001
  transition:     4'0000 14'-------------1 ->     4'1100 19'0000000000000110001
  transition:     4'1000 14'------0------0 ->     4'1000 19'0000100000000100000
  transition:     4'1000 14'------1------0 ->     4'1001 19'0000100000000100100
  transition:     4'1000 14'-------------1 ->     4'1100 19'0000100000000110000
  transition:     4'0100 14'-0-----------0 ->     4'0100 19'0000000000100010000
  transition:     4'0100 14'-1-----0-----0 ->     4'0011 19'0000000000100001100
  transition:     4'0100 14'-1-----1-----0 ->     4'0101 19'0000000000100010100
  transition:     4'0100 14'-------------1 ->     4'1100 19'0000000000100110000
  transition:     4'1100 14'------0------0 ->     4'1100 19'1000000000000110000
  transition:     4'1100 14'------1------0 ->     4'1101 19'1000000000000110100
  transition:     4'1100 14'-------------1 ->     4'1100 19'1000000000000110000
  transition:     4'0010 14'-0-----------0 ->     4'0010 19'0010000000000001000
  transition:     4'0010 14'-1-----------0 ->     4'0011 19'0010000000000001100
  transition:     4'0010 14'-------------1 ->     4'1100 19'0010000000000110000
  transition:     4'1010 14'------0------0 ->     4'1010 19'0000001000000101000
  transition:     4'1010 14'------1------0 ->     4'1011 19'0000001000000101100
  transition:     4'1010 14'-------------1 ->     4'1100 19'0000001000000110000
  transition:     4'0110 14'-0-----------0 ->     4'0110 19'0000000001000011000
  transition:     4'0110 14'-1--------0--0 ->     4'0111 19'0000000001000011100
  transition:     4'0110 14'-1---0----1--0 ->     4'0101 19'0000000001000010100
  transition:     4'0110 14'-1---1----1--0 ->     4'1000 19'0000000001000100000
  transition:     4'0110 14'-------------1 ->     4'1100 19'0000000001000110000
  transition:     4'1110 14'---------0---0 ->     4'1110 19'0000000010000111000
  transition:     4'1110 14'---------1---0 ->     4'0000 19'0000000010000000000
  transition:     4'1110 14'-------------1 ->     4'1100 19'0000000010000110000
  transition:     4'0001 14'------0------0 ->     4'0001 19'0100000000000000100
  transition:     4'0001 14'------1------0 ->     4'0010 19'0100000000000001000
  transition:     4'0001 14'-------------1 ->     4'1100 19'0100000000000110000
  transition:     4'1001 14'-0-----------0 ->     4'1001 19'0000010000000100100
  transition:     4'1001 14'-1-----------0 ->     4'1010 19'0000010000000101000
  transition:     4'1001 14'-------------1 ->     4'1100 19'0000010000000110000
  transition:     4'0101 14'------0------0 ->     4'0101 19'0000000000000010110
  transition:     4'0101 14'------1------0 ->     4'0110 19'0000000000000011010
  transition:     4'0101 14'-------------1 ->     4'1100 19'0000000000000110010
  transition:     4'1101 14'-0-----------0 ->     4'1101 19'0000000100000110100
  transition:     4'1101 14'-1-----------0 ->     4'1110 19'0000000100000111000
  transition:     4'1101 14'-------------1 ->     4'1100 19'0000000100000110000
  transition:     4'0011 14'------0------0 ->     4'0011 19'0001000000000001100
  transition:     4'0011 14'------1------0 ->     4'0100 19'0001000000000010000
  transition:     4'0011 14'-------------1 ->     4'1100 19'0001000000000110000
  transition:     4'1011 14'-0-----------0 ->     4'1011 19'0000000000001101100
  transition:     4'1011 14'-10----------0 ->     4'0000 19'0000000000001000000
  transition:     4'1011 14'-110---------0 ->     4'1000 19'0000000000001100000
  transition:     4'1011 14'-111---------0 ->     4'0000 19'0000000000001000000
  transition:     4'1011 14'-------------1 ->     4'1100 19'0000000000001110000
  transition:     4'0111 14'-----------0-0 ->     4'0111 19'0000000000010011100
  transition:     4'0111 14'----0------1-0 ->     4'0101 19'0000000000010010100
  transition:     4'0111 14'----1------1-0 ->     4'0000 19'0000000000010000000
  transition:     4'0111 14'-------------1 ->     4'1100 19'0000000000010110000
Extracting FSM `\system.write_kind' from module `\upduino_replay'.
  found $dff cell for state register: $flatten\system.$procdff$9634
  root of input selection tree: $flatten\system.$0\write_kind[1:0]
  found reset state: 2'00 (guessed from mux tree)
  found ctrl input: \system.core.rst
  found ctrl input: $flatten\system.$procmux$8326_CMP
  found ctrl input: $flatten\system.$procmux$8647_CMP
  found ctrl input: \system.transport.done
  found ctrl input: \system.transport.error
  found ctrl input: $flatten\system.$eq$rtl/upduino_replay.sv:199$426_Y
  found ctrl input: $flatten\system.$logic_and$rtl/upduino_replay.sv:320$550_Y
  found ctrl input: $flatten\system.$logic_and$rtl/upduino_replay.sv:323$555_Y
  found state code: 2'10
  found state code: 2'01
  found state code: 2'00
  found ctrl output: $flatten\system.$eq$rtl/upduino_replay.sv:198$424_Y
  found ctrl output: $flatten\system.$eq$rtl/upduino_replay.sv:204$429_Y
  found ctrl output: $flatten\system.$eq$rtl/upduino_replay.sv:199$426_Y
  ctrl inputs: { $flatten\system.$logic_and$rtl/upduino_replay.sv:320$550_Y $flatten\system.$logic_and$rtl/upduino_replay.sv:323$555_Y $flatten\system.$procmux$8326_CMP $flatten\system.$procmux$8647_CMP \system.transport.error \system.transport.done \system.core.rst }
  ctrl outputs: { $flatten\system.$eq$rtl/upduino_replay.sv:198$424_Y $flatten\system.$eq$rtl/upduino_replay.sv:199$426_Y $flatten\system.$eq$rtl/upduino_replay.sv:204$429_Y $flatten\system.$0\write_kind[1:0] }
  transition:       2'00 7'--00--0 ->       2'00 5'00100
  transition:       2'00 7'---1--0 ->       2'00 5'00100
  transition:       2'00 7'--1--00 ->       2'00 5'00100
  transition:       2'00 7'001-010 ->       2'10 5'00110
  transition:       2'00 7'011-010 ->       2'00 5'00100
  transition:       2'00 7'1-1-010 ->       2'01 5'00101
  transition:       2'00 7'--1-110 ->       2'00 5'00100
  transition:       2'00 7'------1 ->       2'00 5'00100
  transition:       2'10 7'--00--0 ->       2'10 5'01010
  transition:       2'10 7'---1--0 ->       2'00 5'01000
  transition:       2'10 7'--1--00 ->       2'10 5'01010
  transition:       2'10 7'--1-010 ->       2'10 5'01010
  transition:       2'10 7'--1-110 ->       2'10 5'01010
  transition:       2'10 7'------1 ->       2'00 5'01000
  transition:       2'01 7'--00--0 ->       2'01 5'10001
  transition:       2'01 7'---1--0 ->       2'00 5'10000
  transition:       2'01 7'--1--00 ->       2'01 5'10001
  transition:       2'01 7'001-010 ->       2'10 5'10010
  transition:       2'01 7'011-010 ->       2'01 5'10001
  transition:       2'01 7'1-1-010 ->       2'01 5'10001
  transition:       2'01 7'--1-110 ->       2'01 5'10001
  transition:       2'01 7'------1 ->       2'00 5'10000
Extracting FSM `\system.state' from module `\upduino_replay'.
  found $dff cell for state register: $flatten\system.$procdff$9601
  root of input selection tree: $flatten\system.$0\state[3:0]
  found reset state: 4'0000 (guessed from mux tree)
  found ctrl input: \system.core.rst
  found ctrl input: $flatten\system.$procmux$8326_CMP
  found ctrl input: $flatten\system.$procmux$8646_CMP
  found ctrl input: $flatten\system.$procmux$9256_CMP
  found ctrl input: $flatten\system.$procmux$9257_CMP
  found ctrl input: $flatten\system.$procmux$9260_CMP
  found ctrl input: $flatten\system.$procmux$8647_CMP
  found ctrl input: \status_running
  found ctrl input: \system.source.start
  found ctrl input: $flatten\system.$procmux$8433_CMP
  found ctrl input: $flatten\system.$procmux$9079_CMP
  found ctrl input: $flatten\system.$procmux$8452_CMP
  found ctrl input: $flatten\system.$procmux$8887_CMP
  found ctrl input: $flatten\system.$procmux$9085_CMP
  found ctrl input: $flatten\system.$procmux$8476_CMP
  found ctrl input: $flatten\system.$procmux$9088_CMP
  found ctrl input: \system.transport.done
  found ctrl input: \system.transport.error
  found ctrl input: $flatten\system.$eq$rtl/upduino_replay.sv:199$426_Y
  found state code: 4'1010
  found state code: 4'1111
  found ctrl input: $flatten\system.$logic_and$rtl/upduino_replay.sv:313$542_Y
  found ctrl input: $flatten\system.$eq$rtl/upduino_replay.sv:315$545_Y
  found state code: 4'1101
  found state code: 4'1100
  found state code: 4'1011
  found state code: 4'1110
  found ctrl input: $flatten\system.$logic_and$rtl/upduino_replay.sv:242$464_Y
  found ctrl input: \system.source.finished
  found ctrl input: $flatten\system.$logic_and$rtl/upduino_replay.sv:303$538_Y
  found ctrl input: $flatten\system.$eq$rtl/upduino_replay.sv:304$539_Y
  found state code: 4'1001
  found state code: 4'1000
  found ctrl input: $flatten\system.$ne$rtl/upduino_replay.sv:297$535_Y
  found state code: 4'0111
  found state code: 4'0110
  found ctrl input: $flatten\system.$logic_or$rtl/upduino_replay.sv:285$493_Y
  found state code: 4'0101
  found state code: 4'0100
  found state code: 4'0011
  found ctrl input: \system.log_blank
  found ctrl input: $flatten\system.$eq$rtl/upduino_replay.sv:249$467_Y
  found state code: 4'0000
  found state code: 4'0010
  found state code: 4'0001
  found ctrl output: $flatten\system.$procmux$9260_CMP
  found ctrl output: $flatten\system.$procmux$8646_CMP
  found ctrl output: $flatten\system.$procmux$9088_CMP
  found ctrl output: $flatten\system.$procmux$9085_CMP
  found ctrl output: $flatten\system.$procmux$9079_CMP
  found ctrl output: $flatten\system.$procmux$8476_CMP
  found ctrl output: $flatten\system.$procmux$8887_CMP
  found ctrl output: $flatten\system.$procmux$8452_CMP
  found ctrl output: $flatten\system.$procmux$8433_CMP
  found ctrl output: \system.source.start
  found ctrl output: \status_running
  found ctrl output: $flatten\system.$procmux$8647_CMP
  found ctrl output: $flatten\system.$procmux$9257_CMP
  found ctrl output: $flatten\system.$procmux$9256_CMP
  found ctrl output: $flatten\system.$procmux$8326_CMP
  found ctrl output: $flatten\system.$eq$rtl/upduino_replay.sv:139$414_Y
  ctrl inputs: { \system.log_blank $flatten\system.$eq$rtl/upduino_replay.sv:199$426_Y $flatten\system.$logic_and$rtl/upduino_replay.sv:242$464_Y $flatten\system.$eq$rtl/upduino_replay.sv:249$467_Y $flatten\system.$logic_or$rtl/upduino_replay.sv:285$493_Y $flatten\system.$ne$rtl/upduino_replay.sv:297$535_Y $flatten\system.$logic_and$rtl/upduino_replay.sv:303$538_Y $flatten\system.$eq$rtl/upduino_replay.sv:304$539_Y $flatten\system.$logic_and$rtl/upduino_replay.sv:313$542_Y $flatten\system.$eq$rtl/upduino_replay.sv:315$545_Y \system.transport.error \system.transport.done \system.source.finished \system.core.rst }
  ctrl outputs: { $flatten\system.$eq$rtl/upduino_replay.sv:139$414_Y $flatten\system.$0\state[3:0] $flatten\system.$procmux$8326_CMP $flatten\system.$procmux$8433_CMP $flatten\system.$procmux$8452_CMP $flatten\system.$procmux$8476_CMP $flatten\system.$procmux$8646_CMP $flatten\system.$procmux$8647_CMP $flatten\system.$procmux$8887_CMP $flatten\system.$procmux$9079_CMP $flatten\system.$procmux$9085_CMP $flatten\system.$procmux$9088_CMP $flatten\system.$procmux$9256_CMP $flatten\system.$procmux$9257_CMP $flatten\system.$procmux$9260_CMP \system.source.start \status_running }
  transition:     4'0000 14'--0----------0 ->     4'0000 20'00000000000000100000
  transition:     4'0000 14'--1----------0 ->     4'0001 20'00001000000000100000
  transition:     4'0000 14'-------------1 ->     4'0000 20'00000000000000100000
  transition:     4'1000 14'------------00 ->     4'1000 20'01000000000000000001
  transition:     4'1000 14'------00----10 ->     4'1000 20'01000000000000000001
  transition:     4'1000 14'------01----10 ->     4'1001 20'01001000000000000001
  transition:     4'1000 14'------1-----10 ->     4'1001 20'01001000000000000001
  transition:     4'1000 14'-------------1 ->     4'0000 20'00000000000000000001
  transition:     4'0100 14'----0--------0 ->     4'0101 20'00101001000000000000
  transition:     4'0100 14'----1--------0 ->     4'1111 20'01111001000000000000
  transition:     4'0100 14'-------------1 ->     4'0000 20'00000001000000000000
  transition:     4'1100 14'-----------0-0 ->     4'1100 20'01100100000000000000
  transition:     4'1100 14'-0--------01-0 ->     4'1010 20'01010100000000000000
  transition:     4'1100 14'-1--------01-0 ->     4'1111 20'01111100000000000000
  transition:     4'1100 14'----------11-0 ->     4'1111 20'01111100000000000000
  transition:     4'1100 14'-------------1 ->     4'0000 20'00000100000000000000
  transition:     4'0010 14'--0----------0 ->     4'0010 20'00010000000001000000
  transition:     4'0010 14'--1----------0 ->     4'0011 20'00011000000001000000
  transition:     4'0010 14'-------------1 ->     4'0000 20'00000000000001000000
  transition:     4'1010 14'--0----------0 ->     4'1010 20'01010000000000000100
  transition:     4'1010 14'--1----------0 ->     4'1101 20'01101000000000000100
  transition:     4'1010 14'-------------1 ->     4'0000 20'00000000000000000100
  transition:     4'0110 14'-----------0-0 ->     4'0110 20'00110010000000000000
  transition:     4'0110 14'-----0-----1-0 ->     4'0111 20'00111010000000000000
  transition:     4'0110 14'-----1-----1-0 ->     4'1111 20'01111010000000000000
  transition:     4'0110 14'-------------1 ->     4'0000 20'00000010000000000000
  transition:     4'1110 14'-------------0 ->     4'1011 20'01011000000000010000
  transition:     4'1110 14'-------------1 ->     4'0000 20'00000000000000010000
  transition:     4'0001 14'-----------0-0 ->     4'0001 20'00001000100000000000
  transition:     4'0001 14'0----------1-0 ->     4'1111 20'01111000100000000000
  transition:     4'0001 14'1--0-------1-0 ->     4'0000 20'00000000100000000000
  transition:     4'0001 14'1--1-------1-0 ->     4'0010 20'00010000100000000000
  transition:     4'0001 14'-------------1 ->     4'0000 20'00000000100000000000
  transition:     4'1001 14'-------------0 ->     4'1010 20'01010000001000000000
  transition:     4'1001 14'-------------1 ->     4'0000 20'00000000001000000000
  transition:     4'0101 14'--0----------0 ->     4'0101 20'00101000000010000000
  transition:     4'0101 14'--1----------0 ->     4'0110 20'00110000000010000000
  transition:     4'0101 14'-------------1 ->     4'0000 20'00000000000010000000
  transition:     4'1101 14'-------------0 ->     4'1110 20'01110000000000001000
  transition:     4'1101 14'-------------1 ->     4'0000 20'00000000000000001000
  transition:     4'0011 14'-----------0-0 ->     4'0011 20'00011000000100000000
  transition:     4'0011 14'-----------1-0 ->     4'0100 20'00100000000100000000
  transition:     4'0011 14'-------------1 ->     4'0000 20'00000000000100000000
  transition:     4'1011 14'--------0----0 ->     4'1011 20'01011000010000000000
  transition:     4'1011 14'--------10---0 ->     4'1101 20'01101000010000000000
  transition:     4'1011 14'--------11---0 ->     4'1100 20'01100000010000000000
  transition:     4'1011 14'-------------1 ->     4'0000 20'00000000010000000000
  transition:     4'0111 14'-------------0 ->     4'1000 20'01000000000000000010
  transition:     4'0111 14'-------------1 ->     4'0000 20'00000000000000000010
  transition:     4'1111 14'-------------0 ->     4'1111 20'11111000000000000000
  transition:     4'1111 14'-------------1 ->     4'0000 20'10000000000000000000

10.13.3. Executing FSM_OPT pass (simple optimizations of FSMs).
Optimizing FSM `$fsm$\system.state$9724' from module `\upduino_replay'.
Optimizing FSM `$fsm$\system.write_kind$9719' from module `\upduino_replay'.
  Merging pattern 7'--1-010 and 7'--1-110 from group (1 1 5'01010).
  Merging pattern 7'--1-110 and 7'--1-010 from group (1 1 5'01010).
  Merging pattern 7'--1--00 and 7'--1--10 from group (1 1 5'01010).
  Merging pattern 7'--1--10 and 7'--1--00 from group (1 1 5'01010).
Optimizing FSM `$fsm$\system.transport.state$9702' from module `\upduino_replay'.

10.13.4. Executing OPT_CLEAN pass (remove unused cells and wires).
Finding unused cells or wires in module \upduino_replay..
Removed 90 unused cells and 90 unused wires.
<suppressed ~91 debug messages>

10.13.5. Executing FSM_OPT pass (simple optimizations of FSMs).
Optimizing FSM `$fsm$\system.transport.state$9702' from module `\upduino_replay'.
  Removing unused output signal $flatten\system.\transport.$0\state[3:0] [0].
  Removing unused output signal $flatten\system.\transport.$0\state[3:0] [1].
  Removing unused output signal $flatten\system.\transport.$0\state[3:0] [2].
  Removing unused output signal $flatten\system.\transport.$0\state[3:0] [3].
Optimizing FSM `$fsm$\system.state$9724' from module `\upduino_replay'.
  Removing unused output signal $flatten\system.$procmux$9257_CMP.
  Removing unused output signal $flatten\system.$procmux$9256_CMP.
  Removing unused output signal $flatten\system.$0\state[3:0] [0].
  Removing unused output signal $flatten\system.$0\state[3:0] [1].
  Removing unused output signal $flatten\system.$0\state[3:0] [2].
  Removing unused output signal $flatten\system.$0\state[3:0] [3].
Optimizing FSM `$fsm$\system.write_kind$9719' from module `\upduino_replay'.
  Removing unused output signal $flatten\system.$0\write_kind[1:0] [0].
  Removing unused output signal $flatten\system.$0\write_kind[1:0] [1].

10.13.6. Executing FSM_RECODE pass (re-assigning FSM state encoding).
Recoding FSM `$fsm$\system.transport.state$9702' from module `\upduino_replay' using `auto' encoding:
  mapping auto encoding to `one-hot` for this FSM.
  0000 -> -------------1-
  1000 -> ------------1--
  0100 -> -----------1---
  1100 -> --------------1
  0010 -> ----------1----
  1010 -> ---------1-----
  0110 -> --------1------
  1110 -> -------1-------
  0001 -> ------1--------
  1001 -> -----1---------
  0101 -> ----1----------
  1101 -> ---1-----------
  0011 -> --1------------
  1011 -> -1-------------
  0111 -> 1--------------
Recoding FSM `$fsm$\system.state$9724' from module `\upduino_replay' using `auto' encoding:
  mapping auto encoding to `one-hot` for this FSM.
  0000 -> ---------------1
  1000 -> --------------1-
  0100 -> -------------1--
  1100 -> ------------1---
  0010 -> -----------1----
  1010 -> ----------1-----
  0110 -> ---------1------
  1110 -> --------1-------
  0001 -> -------1--------
  1001 -> ------1---------
  0101 -> -----1----------
  1101 -> ----1-----------
  0011 -> ---1------------
  1011 -> --1-------------
  0111 -> -1--------------
  1111 -> 1---------------
Recoding FSM `$fsm$\system.write_kind$9719' from module `\upduino_replay' using `auto' encoding:
  mapping auto encoding to `one-hot` for this FSM.
  00 -> --1
  10 -> -1-
  01 -> 1--

10.13.7. Executing FSM_INFO pass (dumping all available information on FSM cells).

FSM `$fsm$\system.transport.state$9702' from module `upduino_replay':
-------------------------------------

  Information on FSM $fsm$\system.transport.state$9702 (\system.transport.state):

  Number of input signals:   14
  Number of output signals:  15
  Number of state bits:      15

  Input signals:
    0: \system.core.rst
    1: \system.transport.cmd_write
    2: \system.transport.rd_valid
    3: \system.transport.writing
    4: $flatten\system.\transport.$eq$rtl/io/flash_stream.sv:80$1408_Y
    5: $flatten\system.\transport.$logic_or$rtl/io/flash_stream.sv:85$1422_Y
    6: $flatten\system.\transport.$eq$rtl/io/flash_stream.sv:98$1426_Y
    7: $flatten\system.\transport.$logic_and$rtl/io/flash_stream.sv:101$1428_Y
    8: $flatten\system.\transport.$eq$rtl/io/flash_stream.sv:105$1430_Y
    9: $flatten\system.\transport.$eq$rtl/io/flash_stream.sv:109$1432_Y
   10: $flatten\system.\transport.$eq$rtl/io/flash_stream.sv:116$1436_Y
   11: \system.transport.spi.rx_data [0]
   12: \system.transport.spi.rx_valid
   13: $flatten\system.$logic_and$rtl/upduino_replay.sv:242$464_Y

  Output signals:
    0: $flatten\system.\transport.$eq$rtl/io/flash_stream.sv:46$1390_Y
    1: $flatten\system.\transport.$eq$rtl/io/flash_stream.sv:47$1395_Y
    2: $flatten\system.\transport.$procmux$7836_CMP
    3: $flatten\system.\transport.$procmux$7842_CMP
    4: $flatten\system.\transport.$procmux$7886_CMP
    5: $flatten\system.\transport.$procmux$7905_CMP
    6: $flatten\system.\transport.$procmux$7954_CMP
    7: $flatten\system.\transport.$procmux$7957_CMP
    8: $flatten\system.\transport.$procmux$7994_CMP
    9: $flatten\system.\transport.$procmux$7995_CMP
   10: $flatten\system.\transport.$procmux$7996_CMP
   11: $flatten\system.\transport.$procmux$8001_CMP
   12: $flatten\system.\transport.$procmux$8002_CMP
   13: $flatten\system.\transport.$procmux$8003_CMP
   14: $flatten\system.\transport.$procmux$8012_CMP

  State encoding:
    0: 15'-------------1-
    1: 15'------------1--
    2: 15'-----------1---
    3: 15'--------------1  <RESET STATE>
    4: 15'----------1----
    5: 15'---------1-----
    6: 15'--------1------
    7: 15'-------1-------
    8: 15'------1--------
    9: 15'-----1---------
   10: 15'----1----------
   11: 15'---1-----------
   12: 15'--1------------
   13: 15'-1-------------
   14: 15'1--------------

  Transition Table (state_in, ctrl_in, state_out, ctrl_out):
      0:     0 14'1-------1----0   ->     0 15'000000000000001
      1:     0 14'0------------0   ->     0 15'000000000000001
      2:     0 14'-------------1   ->     3 15'000000000000001
      3:     0 14'1-------0---10   ->     8 15'000000000000001
      4:     0 14'1-------0---00   ->    12 15'000000000000001
      5:     1 14'------0------0   ->     1 15'000010000000000
      6:     1 14'-------------1   ->     3 15'000010000000000
      7:     1 14'------1------0   ->     9 15'000010000000000
      8:     2 14'-0-----------0   ->     2 15'000000000010000
      9:     2 14'-------------1   ->     3 15'000000000010000
     10:     2 14'-1-----1-----0   ->    10 15'000000000010000
     11:     2 14'-1-----0-----0   ->    12 15'000000000010000
     12:     3 14'------0------0   ->     3 15'100000000000000
     13:     3 14'-------------1   ->     3 15'100000000000000
     14:     3 14'------1------0   ->    11 15'100000000000000
     15:     4 14'-------------1   ->     3 15'001000000000000
     16:     4 14'-0-----------0   ->     4 15'001000000000000
     17:     4 14'-1-----------0   ->    12 15'001000000000000
     18:     5 14'-------------1   ->     3 15'000000100000000
     19:     5 14'------0------0   ->     5 15'000000100000000
     20:     5 14'------1------0   ->    13 15'000000100000000
     21:     6 14'-1---1----1--0   ->     1 15'000000000100000
     22:     6 14'-------------1   ->     3 15'000000000100000
     23:     6 14'-0-----------0   ->     6 15'000000000100000
     24:     6 14'-1---0----1--0   ->    10 15'000000000100000
     25:     6 14'-1--------0--0   ->    14 15'000000000100000
     26:     7 14'---------1---0   ->     0 15'000000001000000
     27:     7 14'-------------1   ->     3 15'000000001000000
     28:     7 14'---------0---0   ->     7 15'000000001000000
     29:     8 14'-------------1   ->     3 15'010000000000000
     30:     8 14'------1------0   ->     4 15'010000000000000
     31:     8 14'------0------0   ->     8 15'010000000000000
     32:     9 14'-------------1   ->     3 15'000001000000000
     33:     9 14'-1-----------0   ->     5 15'000001000000000
     34:     9 14'-0-----------0   ->     9 15'000001000000000
     35:    10 14'-------------1   ->     3 15'000000000000010
     36:    10 14'------1------0   ->     6 15'000000000000010
     37:    10 14'------0------0   ->    10 15'000000000000010
     38:    11 14'-------------1   ->     3 15'000000010000000
     39:    11 14'-1-----------0   ->     7 15'000000010000000
     40:    11 14'-0-----------0   ->    11 15'000000010000000
     41:    12 14'------1------0   ->     2 15'000100000000000
     42:    12 14'-------------1   ->     3 15'000100000000000
     43:    12 14'------0------0   ->    12 15'000100000000000
     44:    13 14'-111---------0   ->     0 15'000000000000100
     45:    13 14'-10----------0   ->     0 15'000000000000100
     46:    13 14'-110---------0   ->     1 15'000000000000100
     47:    13 14'-------------1   ->     3 15'000000000000100
     48:    13 14'-0-----------0   ->    13 15'000000000000100
     49:    14 14'----1------1-0   ->     0 15'000000000001000
     50:    14 14'-------------1   ->     3 15'000000000001000
     51:    14 14'----0------1-0   ->    10 15'000000000001000
     52:    14 14'-----------0-0   ->    14 15'000000000001000

-------------------------------------

FSM `$fsm$\system.state$9724' from module `upduino_replay':
-------------------------------------

  Information on FSM $fsm$\system.state$9724 (\system.state):

  Number of input signals:   14
  Number of output signals:  14
  Number of state bits:      16

  Input signals:
    0: \system.core.rst
    1: \system.source.finished
    2: \system.transport.done
    3: \system.transport.error
    4: $flatten\system.$eq$rtl/upduino_replay.sv:315$545_Y
    5: $flatten\system.$logic_and$rtl/upduino_replay.sv:313$542_Y
    6: $flatten\system.$eq$rtl/upduino_replay.sv:304$539_Y
    7: $flatten\system.$logic_and$rtl/upduino_replay.sv:303$538_Y
    8: $flatten\system.$ne$rtl/upduino_replay.sv:297$535_Y
    9: $flatten\system.$logic_or$rtl/upduino_replay.sv:285$493_Y
   10: $flatten\system.$eq$rtl/upduino_replay.sv:249$467_Y
   11: $flatten\system.$logic_and$rtl/upduino_replay.sv:242$464_Y
   12: $flatten\system.$eq$rtl/upduino_replay.sv:199$426_Y
   13: \system.log_blank

  Output signals:
    0: \status_running
    1: \system.source.start
    2: $flatten\system.$procmux$9260_CMP
    3: $flatten\system.$procmux$9088_CMP
    4: $flatten\system.$procmux$9085_CMP
    5: $flatten\system.$procmux$9079_CMP
    6: $flatten\system.$procmux$8887_CMP
    7: $flatten\system.$procmux$8647_CMP
    8: $flatten\system.$procmux$8646_CMP
    9: $flatten\system.$procmux$8476_CMP
   10: $flatten\system.$procmux$8452_CMP
   11: $flatten\system.$procmux$8433_CMP
   12: $flatten\system.$procmux$8326_CMP
   13: $flatten\system.$eq$rtl/upduino_replay.sv:139$414_Y

  State encoding:
    0: 16'---------------1  <RESET STATE>
    1: 16'--------------1-
    2: 16'-------------1--
    3: 16'------------1---
    4: 16'-----------1----
    5: 16'----------1-----
    6: 16'---------1------
    7: 16'--------1-------
    8: 16'-------1--------
    9: 16'------1---------
   10: 16'-----1----------
   11: 16'----1-----------
   12: 16'---1------------
   13: 16'--1-------------
   14: 16'-1--------------
   15: 16'1---------------

  Transition Table (state_in, ctrl_in, state_out, ctrl_out):
      0:     0 14'--0----------0   ->     0 14'00000000001000
      1:     0 14'-------------1   ->     0 14'00000000001000
      2:     0 14'--1----------0   ->     8 14'00000000001000
      3:     1 14'-------------1   ->     0 14'00000000000001
      4:     1 14'------------00   ->     1 14'00000000000001
      5:     1 14'------00----10   ->     1 14'00000000000001
      6:     1 14'------01----10   ->     9 14'00000000000001
      7:     1 14'------1-----10   ->     9 14'00000000000001
      8:     2 14'-------------1   ->     0 14'00010000000000
      9:     2 14'----0--------0   ->    10 14'00010000000000
     10:     2 14'----1--------0   ->    15 14'00010000000000
     11:     3 14'-------------1   ->     0 14'01000000000000
     12:     3 14'-----------0-0   ->     3 14'01000000000000
     13:     3 14'-0--------01-0   ->     5 14'01000000000000
     14:     3 14'-1--------01-0   ->    15 14'01000000000000
     15:     3 14'----------11-0   ->    15 14'01000000000000
     16:     4 14'-------------1   ->     0 14'00000000010000
     17:     4 14'--0----------0   ->     4 14'00000000010000
     18:     4 14'--1----------0   ->    12 14'00000000010000
     19:     5 14'-------------1   ->     0 14'00000000000100
     20:     5 14'--0----------0   ->     5 14'00000000000100
     21:     5 14'--1----------0   ->    11 14'00000000000100
     22:     6 14'-------------1   ->     0 14'00100000000000
     23:     6 14'-----------0-0   ->     6 14'00100000000000
     24:     6 14'-----0-----1-0   ->    14 14'00100000000000
     25:     6 14'-----1-----1-0   ->    15 14'00100000000000
     26:     7 14'-------------1   ->     0 14'00000000000000
     27:     7 14'-------------0   ->    13 14'00000000000000
     28:     8 14'1--0-------1-0   ->     0 14'00001000000000
     29:     8 14'-------------1   ->     0 14'00001000000000
     30:     8 14'1--1-------1-0   ->     4 14'00001000000000
     31:     8 14'-----------0-0   ->     8 14'00001000000000
     32:     8 14'0----------1-0   ->    15 14'00001000000000
     33:     9 14'-------------1   ->     0 14'00000010000000
     34:     9 14'-------------0   ->     5 14'00000010000000
     35:    10 14'-------------1   ->     0 14'00000000100000
     36:    10 14'--1----------0   ->     6 14'00000000100000
     37:    10 14'--0----------0   ->    10 14'00000000100000
     38:    11 14'-------------1   ->     0 14'00000000000000
     39:    11 14'-------------0   ->     7 14'00000000000000
     40:    12 14'-------------1   ->     0 14'00000001000000
     41:    12 14'-----------1-0   ->     2 14'00000001000000
     42:    12 14'-----------0-0   ->    12 14'00000001000000
     43:    13 14'-------------1   ->     0 14'00000100000000
     44:    13 14'--------11---0   ->     3 14'00000100000000
     45:    13 14'--------10---0   ->    11 14'00000100000000
     46:    13 14'--------0----0   ->    13 14'00000100000000
     47:    14 14'-------------1   ->     0 14'00000000000010
     48:    14 14'-------------0   ->     1 14'00000000000010
     49:    15 14'-------------1   ->     0 14'10000000000000
     50:    15 14'-------------0   ->    15 14'10000000000000

-------------------------------------

FSM `$fsm$\system.write_kind$9719' from module `upduino_replay':
-------------------------------------

  Information on FSM $fsm$\system.write_kind$9719 (\system.write_kind):

  Number of input signals:    7
  Number of output signals:   3
  Number of state bits:       3

  Input signals:
    0: \system.core.rst
    1: \system.transport.done
    2: \system.transport.error
    3: $flatten\system.$procmux$8647_CMP
    4: $flatten\system.$procmux$8326_CMP
    5: $flatten\system.$logic_and$rtl/upduino_replay.sv:323$555_Y
    6: $flatten\system.$logic_and$rtl/upduino_replay.sv:320$550_Y

  Output signals:
    0: $flatten\system.$eq$rtl/upduino_replay.sv:204$429_Y
    1: $flatten\system.$eq$rtl/upduino_replay.sv:199$426_Y
    2: $flatten\system.$eq$rtl/upduino_replay.sv:198$424_Y

  State encoding:
    0:      3'--1  <RESET STATE>
    1:      3'-1-
    2:      3'1--

  Transition Table (state_in, ctrl_in, state_out, ctrl_out):
      0:     0 7'--1--00   ->     0 3'001
      1:     0 7'011-010   ->     0 3'001
      2:     0 7'--1-110   ->     0 3'001
      3:     0 7'--00--0   ->     0 3'001
      4:     0 7'---1--0   ->     0 3'001
      5:     0 7'------1   ->     0 3'001
      6:     0 7'001-010   ->     1 3'001
      7:     0 7'1-1-010   ->     2 3'001
      8:     1 7'---1--0   ->     0 3'010
      9:     1 7'------1   ->     0 3'010
     10:     1 7'--00--0   ->     1 3'010
     11:     1 7'--1---0   ->     1 3'010
     12:     2 7'---1--0   ->     0 3'100
     13:     2 7'------1   ->     0 3'100
     14:     2 7'001-010   ->     1 3'100
     15:     2 7'--1--00   ->     2 3'100
     16:     2 7'011-010   ->     2 3'100
     17:     2 7'1-1-010   ->     2 3'100
     18:     2 7'--1-110   ->     2 3'100
     19:     2 7'--00--0   ->     2 3'100

-------------------------------------

10.13.8. Executing FSM_MAP pass (mapping FSMs to basic logic).
Mapping FSM `$fsm$\system.transport.state$9702' from module `\upduino_replay'.
Mapping FSM `$fsm$\system.state$9724' from module `\upduino_replay'.
Mapping FSM `$fsm$\system.write_kind$9719' from module `\upduino_replay'.

10.14. Executing OPT pass (performing simple optimizations).

10.14.1. Executing OPT_EXPR pass (perform const folding).
Optimizing module upduino_replay.
<suppressed ~37 debug messages>

10.14.2. Executing OPT_MERGE pass (detect identical cells).
Finding identical cells in module `\upduino_replay'.
Computing hashes of 1476 cells of `\upduino_replay'.
Finding duplicate cells in `\upduino_replay'.
Computing hashes of 1440 cells of `\upduino_replay'.
Finding duplicate cells in `\upduino_replay'.
<suppressed ~108 debug messages>
Removed a total of 36 cells.

10.14.3. Executing OPT_MUXTREE pass (detect dead branches in mux trees).
Running muxtree optimizer on module \upduino_replay..
  Creating internal representation of mux trees.
  Evaluating internal representation of mux trees.
  Analyzing evaluation results.
Removed 0 multiplexer ports.
<suppressed ~974 debug messages>

10.14.4. Executing OPT_REDUCE pass (consolidate $*mux and $reduce_* inputs).
  Optimizing cells in module \upduino_replay.
Performed a total of 0 changes.

10.14.5. Executing OPT_MERGE pass (detect identical cells).
Finding identical cells in module `\upduino_replay'.
Computing hashes of 1440 cells of `\upduino_replay'.
Finding duplicate cells in `\upduino_replay'.
Removed a total of 0 cells.

10.14.6. Executing OPT_DFF pass (perform DFF optimizations).
Adding EN signal on $flatten\system.\core.$procdff$9398 ($dff) from module upduino_replay (D = $flatten\system.\core.$mul$rtl/core/vibration_core.sv:216$2272_Y, Q = \system.core.product[0]).
Adding EN signal on $procdff$9641 ($dff) from module upduino_replay (D = $add$rtl/upduino_replay.sv:27$397_Y, Q = \startup).
Adding SRST signal on $flatten\system.\core.$procdff$9399 ($dff) from module upduino_replay (D = $flatten\system.\core.$procmux$7340_Y, Q = \system.core.state, rval = 5'00000).
Adding EN signal on $auto$ff.cc:337:slice$10135 ($sdff) from module upduino_replay (D = $flatten\system.\core.$procmux$7340_Y, Q = \system.core.state).
Adding SRST signal on $flatten\system.\core.$procdff$9400 ($dff) from module upduino_replay (D = $flatten\system.\core.$procmux$7332_Y, Q = \system.core.cycles_pre, rval = 0).
Adding EN signal on $auto$ff.cc:337:slice$10149 ($sdff) from module upduino_replay (D = { 20'00000000000000000000 \system.core.count_pre }, Q = \system.core.cycles_pre).
Adding SRST signal on $flatten\system.\core.$procdff$9401 ($dff) from module upduino_replay (D = $flatten\system.\core.$procmux$7325_Y, Q = \system.core.cycles_dft, rval = 0).
Adding EN signal on $auto$ff.cc:337:slice$10151 ($sdff) from module upduino_replay (D = { 13'0000000000000 \system.core.count_dft }, Q = \system.core.cycles_dft).
Adding SRST signal on $flatten\system.\core.$procdff$9402 ($dff) from module upduino_replay (D = $flatten\system.\core.$procmux$7318_Y, Q = \system.core.cycles_power, rval = 0).
Adding EN signal on $auto$ff.cc:337:slice$10153 ($sdff) from module upduino_replay (D = { 22'0000000000000000000000 \system.core.count_power }, Q = \system.core.cycles_power).
Adding SRST signal on $flatten\system.\core.$procdff$9403 ($dff) from module upduino_replay (D = $flatten\system.\core.$procmux$7311_Y, Q = \system.core.cycles_nn, rval = 0).
Adding EN signal on $auto$ff.cc:337:slice$10155 ($sdff) from module upduino_replay (D = { 22'0000000000000000000000 \system.core.count_nn }, Q = \system.core.cycles_nn).
Adding SRST signal on $flatten\system.\core.$procdff$9404 ($dff) from module upduino_replay (D = $flatten\system.\core.$procmux$7304_Y, Q = \system.core.cycles_total, rval = 0).
Adding EN signal on $auto$ff.cc:337:slice$10157 ($sdff) from module upduino_replay (D = { 13'0000000000000 \system.core.count_total }, Q = \system.core.cycles_total).
Adding SRST signal on $flatten\system.\core.$procdff$9405 ($dff) from module upduino_replay (D = $flatten\system.\core.$procmux$7297_Y, Q = \system.core.protocol_errors, rval = 0).
Adding EN signal on $auto$ff.cc:337:slice$10159 ($sdff) from module upduino_replay (D = $flatten\system.\core.$procmux$7295_Y, Q = \system.core.protocol_errors).
Adding SRST signal on $flatten\system.\core.$procdff$9406 ($dff) from module upduino_replay (D = $flatten\system.\core.$procmux$7270_Y, Q = \system.core.out_valid, rval = 1'0).
Adding EN signal on $auto$ff.cc:337:slice$10171 ($sdff) from module upduino_replay (D = $flatten\system.\core.$procmux$7270_Y, Q = \system.core.out_valid).
Adding SRST signal on $flatten\system.\core.$procdff$9407 ($dff) from module upduino_replay (D = $flatten\system.\core.$procmux$7262_Y, Q = \system.core.out_frame_id, rval = 0).
Adding EN signal on $auto$ff.cc:337:slice$10179 ($sdff) from module upduino_replay (D = \system.core.active_id, Q = \system.core.out_frame_id).
Adding SRST signal on $flatten\system.\core.$procdff$9408 ($dff) from module upduino_replay (D = $flatten\system.\core.$procmux$7255_Y, Q = \system.core.out_logits, rval = 96'000000000000000000000000000000000000000000000000000000000000000000000000000000000000000000000000).
Adding EN signal on $auto$ff.cc:337:slice$10181 ($sdff) from module upduino_replay (D = { $flatten\system.\core.$memrd$\logits$rtl/core/vibration_core.sv:417$2251_DATA $flatten\system.\core.$memrd$\logits$rtl/core/vibration_core.sv:417$2250_DATA $flatten\system.\core.$memrd$\logits$rtl/core/vibration_core.sv:417$2249_DATA }, Q = \system.core.out_logits).
Adding SRST signal on $flatten\system.\core.$procdff$9409 ($dff) from module upduino_replay (D = $flatten\system.\core.$procmux$7248_Y, Q = \system.core.out_class, rval = 2'00).
Adding EN signal on $auto$ff.cc:337:slice$10183 ($sdff) from module upduino_replay (D = $flatten\system.\core.$procmux$7246_Y, Q = \system.core.out_class).
Adding SRST signal on $flatten\system.\core.$procdff$9410 ($dff) from module upduino_replay (D = $flatten\system.\core.$procmux$7235_Y, Q = \system.core.out_error, rval = 8'00000000).
Adding EN signal on $auto$ff.cc:337:slice$10185 ($sdff) from module upduino_replay (D = \system.core.arithmetic_errors, Q = \system.core.out_error).
Adding SRST signal on $flatten\system.\core.$procdff$9415 ($dff) from module upduino_replay (D = $flatten\system.\core.$7$lookahead\full$1657[1:0]$1986, Q = \system.core.full, rval = 2'00).
Adding SRST signal on $flatten\system.\core.$procdff$9416 ($dff) from module upduino_replay (D = $flatten\system.\core.$2$lookahead\busy$1658[1:0]$1987, Q = \system.core.busy, rval = 2'00).
Adding EN signal on $auto$ff.cc:337:slice$10188 ($sdff) from module upduino_replay (D = $flatten\system.\core.$2$lookahead\busy$1658[1:0]$1987, Q = \system.core.busy).
Adding SRST signal on $flatten\system.\core.$procdff$9417 ($dff) from module upduino_replay (D = $flatten\system.\core.$procmux$7162_Y, Q = \system.core.write_bank, rval = 1'0).
Adding EN signal on $auto$ff.cc:337:slice$10198 ($sdff) from module upduino_replay (D = $flatten\system.\core.$logic_not$rtl/core/vibration_core.sv:291$1885_Y, Q = \system.core.write_bank).
Adding SRST signal on $flatten\system.\core.$procdff$9418 ($dff) from module upduino_replay (D = $flatten\system.\core.$procmux$7144_Y, Q = \system.core.read_bank, rval = 1'0).
Adding EN signal on $auto$ff.cc:337:slice$10206 ($sdff) from module upduino_replay (D = $flatten\system.\core.$logic_not$rtl/core/vibration_core.sv:308$2008_Y, Q = \system.core.read_bank).
Adding SRST signal on $flatten\system.\core.$procdff$9419 ($dff) from module upduino_replay (D = $flatten\system.\core.$procmux$7112_Y, Q = \system.core.active_bank, rval = 1'0).
Adding EN signal on $auto$ff.cc:337:slice$10210 ($sdff) from module upduino_replay (D = \system.core.read_bank, Q = \system.core.active_bank).
Adding SRST signal on $flatten\system.\core.$procdff$9420 ($dff) from module upduino_replay (D = $flatten\system.\core.$procmux$7080_Y, Q = \system.core.receiving, rval = 1'0).
Adding EN signal on $auto$ff.cc:337:slice$10214 ($sdff) from module upduino_replay (D = $flatten\system.\core.$procmux$7078_Y, Q = \system.core.receiving).
Adding SRST signal on $flatten\system.\core.$procdff$9421 ($dff) from module upduino_replay (D = $flatten\system.\core.$procmux$7060_Y, Q = \system.core.draining, rval = 1'0).
Adding EN signal on $auto$ff.cc:337:slice$10220 ($sdff) from module upduino_replay (D = $flatten\system.\core.$procmux$7058_Y, Q = \system.core.draining).
Adding SRST signal on $flatten\system.\core.$procdff$9422 ($dff) from module upduino_replay (D = $flatten\system.\core.$procmux$7040_Y, Q = \system.core.input_index, rval = 10'0000000000).
Adding EN signal on $auto$ff.cc:337:slice$10222 ($sdff) from module upduino_replay (D = $flatten\system.\core.$procmux$7038_Y, Q = \system.core.input_index).
Adding SRST signal on $flatten\system.\core.$procdff$9423 ($dff) from module upduino_replay (D = $flatten\system.\core.$procmux$7022_Y, Q = \system.core.receiving_id, rval = 0).
Adding EN signal on $auto$ff.cc:337:slice$10232 ($sdff) from module upduino_replay (D = \system.fifo_data [48:17], Q = \system.core.receiving_id).
Adding SRST signal on $flatten\system.\core.$procdff$9424 ($dff) from module upduino_replay (D = $flatten\system.\core.$procmux$7013_Y, Q = \system.core.input_sum, rval = 26'00000000000000000000000000).
Adding EN signal on $auto$ff.cc:337:slice$10236 ($sdff) from module upduino_replay (D = $flatten\system.\core.$procmux$7011_Y, Q = \system.core.input_sum).
Adding SRST signal on $flatten\system.\core.$procdff$9425 ($dff) from module upduino_replay (D = $flatten\system.\core.$procmux$7001_Y, Q = \system.core.active_id, rval = 0).
Adding EN signal on $auto$ff.cc:337:slice$10242 ($sdff) from module upduino_replay (D = $flatten\system.\core.$memrd$\frame_ids$rtl/core/vibration_core.sv:307$1993_DATA, Q = \system.core.active_id).
Adding SRST signal on $flatten\system.\core.$procdff$9426 ($dff) from module upduino_replay (D = $flatten\system.\core.$procmux$6960_Y, Q = \system.core.point, rval = 10'0000000000).
Adding EN signal on $auto$ff.cc:337:slice$10246 ($sdff) from module upduino_replay (D = $flatten\system.\core.$procmux$6960_Y, Q = \system.core.point).
Adding SRST signal on $flatten\system.\core.$procdff$9427 ($dff) from module upduino_replay (D = $flatten\system.\core.$procmux$6936_Y, Q = \system.core.mean, rval = 16'0000000000000000).
Adding EN signal on $auto$ff.cc:337:slice$10256 ($sdff) from module upduino_replay (D = $flatten\system.\core.$3\rne$func$rtl/core/vibration_core.sv:314$1489.$result[39:0]$2011 [15:0], Q = \system.core.mean).
Adding SRST signal on $flatten\system.\core.$procdff$9428 ($dff) from module upduino_replay (D = $flatten\system.\core.$procmux$6904_Y, Q = \system.core.dft_group, rval = 7'0000000).
Adding EN signal on $auto$ff.cc:337:slice$10258 ($sdff) from module upduino_replay (D = $flatten\system.\core.$procmux$6904_Y, Q = \system.core.dft_group).
Adding SRST signal on $flatten\system.\core.$procdff$9429 ($dff) from module upduino_replay (D = $flatten\system.\core.$procmux$6866_Y, Q = \system.core.store_lane, rval = 1'0).
Adding EN signal on $auto$ff.cc:337:slice$10270 ($sdff) from module upduino_replay (D = $flatten\system.\core.$procmux$6866_Y, Q = \system.core.store_lane).
Adding SRST signal on $flatten\system.\core.$procdff$9430 ($dff) from module upduino_replay (D = $flatten\system.\core.$procmux$6848_Y, Q = \system.core.feature_index, rval = 4'0000).
Adding EN signal on $auto$ff.cc:337:slice$10280 ($sdff) from module upduino_replay (D = $flatten\system.\core.$procmux$6848_Y, Q = \system.core.feature_index).
Adding SRST signal on $flatten\system.\core.$procdff$9431 ($dff) from module upduino_replay (D = $flatten\system.\core.$procmux$6821_Y, Q = \system.core.power_index, rval = 6'000000).
Adding EN signal on $auto$ff.cc:337:slice$10292 ($sdff) from module upduino_replay (D = $flatten\system.\core.$procmux$6821_Y, Q = \system.core.power_index).
Adding SRST signal on $flatten\system.\core.$procdff$9432 ($dff) from module upduino_replay (D = $flatten\system.\core.$procmux$6798_Y, Q = \system.core.band_part, rval = 2'00).
Adding EN signal on $auto$ff.cc:337:slice$10306 ($sdff) from module upduino_replay (D = $flatten\system.\core.$procmux$6798_Y, Q = \system.core.band_part).
Adding EN signal on $flatten\system.\core.$procdff$9397 ($dff) from module upduino_replay (D = $flatten\system.\core.$memrd$\g_lane[0].weights$rtl/core/vibration_core.sv:214$2271_DATA, Q = \system.core.g_lane[0].selected_weight).
Adding SRST signal on $flatten\system.\core.$procdff$9433 ($dff) from module upduino_replay (D = $flatten\system.\core.$procmux$6772_Y, Q = \system.core.band_sum, rval = 33'000000000000000000000000000000000).
Adding EN signal on $auto$ff.cc:337:slice$10317 ($sdff) from module upduino_replay (D = $flatten\system.\core.$procmux$6772_Y, Q = \system.core.band_sum).
Adding SRST signal on $flatten\system.\core.$procdff$9434 ($dff) from module upduino_replay (D = $flatten\system.\core.$procmux$6752_Y, Q = \system.core.power_sum, rval = 33'000000000000000000000000000000000).
Adding EN signal on $auto$ff.cc:337:slice$10327 ($sdff) from module upduino_replay (D = $flatten\system.\core.$procmux$6752_Y, Q = \system.core.power_sum).
Adding SRST signal on $flatten\system.\core.$procdff$9435 ($dff) from module upduino_replay (D = $flatten\system.\core.$procmux$6726_Y, Q = \system.core.quant_work, rval = 33'000000000000000000000000000000000).
Adding EN signal on $auto$ff.cc:337:slice$10335 ($sdff) from module upduino_replay (D = $flatten\system.\core.$procmux$6726_Y, Q = \system.core.quant_work).
Adding SRST signal on $flatten\system.\core.$procdff$9436 ($dff) from module upduino_replay (D = $flatten\system.\core.$procmux$6711_Y, Q = \system.core.quant_remaining, rval = 8'00000000).
Adding EN signal on $auto$ff.cc:337:slice$10339 ($sdff) from module upduino_replay (D = $flatten\system.\core.$procmux$6711_Y, Q = \system.core.quant_remaining).
Adding SRST signal on $flatten\system.\core.$procdff$9437 ($dff) from module upduino_replay (D = $flatten\system.\core.$procmux$6696_Y, Q = \system.core.quant_guard, rval = 1'0).
Adding EN signal on $auto$ff.cc:337:slice$10343 ($sdff) from module upduino_replay (D = $flatten\system.\core.$procmux$6696_Y, Q = \system.core.quant_guard).
Adding SRST signal on $flatten\system.\core.$procdff$9438 ($dff) from module upduino_replay (D = $flatten\system.\core.$procmux$6681_Y, Q = \system.core.quant_sticky, rval = 1'0).
Adding EN signal on $auto$ff.cc:337:slice$10347 ($sdff) from module upduino_replay (D = $flatten\system.\core.$procmux$6681_Y, Q = \system.core.quant_sticky).
Adding SRST signal on $flatten\system.\core.$procdff$9439 ($dff) from module upduino_replay (D = $flatten\system.\core.$procmux$6663_Y, Q = \system.core.nn_layer, rval = 1'0).
Adding EN signal on $auto$ff.cc:337:slice$10351 ($sdff) from module upduino_replay (D = $flatten\system.\core.$procmux$6663_Y, Q = \system.core.nn_layer).
Adding SRST signal on $flatten\system.\core.$procdff$9440 ($dff) from module upduino_replay (D = $flatten\system.\core.$procmux$6645_Y, Q = \system.core.nn_group, rval = 4'0000).
Adding EN signal on $auto$ff.cc:337:slice$10363 ($sdff) from module upduino_replay (D = $flatten\system.\core.$procmux$6645_Y, Q = \system.core.nn_group).
Adding SRST signal on $flatten\system.\core.$procdff$9441 ($dff) from module upduino_replay (D = $flatten\system.\core.$procmux$6627_Y, Q = \system.core.nn_input, rval = 4'0000).
Adding EN signal on $auto$ff.cc:337:slice$10375 ($sdff) from module upduino_replay (D = $flatten\system.\core.$procmux$6627_Y, Q = \system.core.nn_input).
Adding SRST signal on $flatten\system.\core.$procdff$9442 ($dff) from module upduino_replay (D = $flatten\system.\core.$procmux$6615_Y, Q = \system.core.activation_q, rval = 8'00000000).
Adding EN signal on $auto$ff.cc:337:slice$10383 ($sdff) from module upduino_replay (D = $flatten\system.\core.$ternary$rtl/core/vibration_core.sv:393$2173_Y, Q = \system.core.activation_q).
Adding SRST signal on $flatten\system.\core.$procdff$9443 ($dff) from module upduino_replay (D = { $flatten\system.\core.$procmux$2747_Y $flatten\system.\core.$procmux$2757_Y }, Q = \system.core.arithmetic_errors, rval = 8'00000000).
Adding EN signal on $auto$ff.cc:337:slice$10385 ($sdff) from module upduino_replay (D = 7'0000000, Q = \system.core.arithmetic_errors [7:1]).
Adding EN signal on $auto$ff.cc:337:slice$10385 ($sdff) from module upduino_replay (D = $flatten\system.\core.$procmux$2757_Y, Q = \system.core.arithmetic_errors [0]).
Adding SRST signal on $flatten\system.\core.$procdff$9444 ($dff) from module upduino_replay (D = $flatten\system.\core.$procmux$6578_Y, Q = \system.core.count_pre, rval = 12'000000000000).
Adding SRST signal on $flatten\system.\core.$procdff$9445 ($dff) from module upduino_replay (D = $flatten\system.\core.$procmux$6544_Y, Q = \system.core.count_dft, rval = 19'0000000000000000000).
Adding SRST signal on $flatten\system.\core.$procdff$9446 ($dff) from module upduino_replay (D = $flatten\system.\core.$procmux$6510_Y, Q = \system.core.count_power, rval = 10'0000000000).
Adding SRST signal on $flatten\system.\core.$procdff$9447 ($dff) from module upduino_replay (D = $flatten\system.\core.$procmux$6476_Y, Q = \system.core.count_nn, rval = 10'0000000000).
Adding SRST signal on $flatten\system.\core.$procdff$9448 ($dff) from module upduino_replay (D = $flatten\system.\core.$procmux$6442_Y, Q = \system.core.count_total, rval = 19'0000000000000000000).
Adding SRST signal on $flatten\system.\core.$procdff$9450 ($dff) from module upduino_replay (D = $flatten\system.\core.$procmux$6399_Y, Q = \system.core.accumulator[0], rval = 40'0000000000000000000000000000000000000000).
Adding EN signal on $auto$ff.cc:337:slice$10403 ($sdff) from module upduino_replay (D = $flatten\system.\core.$procmux$6399_Y, Q = \system.core.accumulator[0]).
Adding SRST signal on $flatten\system.\core.$procdff$9451 ($dff) from module upduino_replay (D = $flatten\system.\core.$procmux$6389_Y, Q = \system.core.phase[0], rval = 10'0000000000).
Adding EN signal on $auto$ff.cc:337:slice$10407 ($sdff) from module upduino_replay (D = $flatten\system.\core.$procmux$6389_Y, Q = \system.core.phase[0]).
Adding SRST signal on $flatten\system.$procdff$9616 ($dff) from module upduino_replay (D = $flatten\system.$procmux$8886_Y, Q = \system.payload_size, rval = 16'0000000000000000).
Adding EN signal on $auto$ff.cc:337:slice$10411 ($sdff) from module upduino_replay (D = \system.header_word [23:8], Q = \system.payload_size).
Adding SRST signal on $flatten\system.$procdff$9617 ($dff) from module upduino_replay (D = $flatten\system.$procmux$8861_Y, Q = \system.low_byte, rval = 8'00000000).
Adding EN signal on $auto$ff.cc:337:slice$10415 ($sdff) from module upduino_replay (D = \system.transport.rd_data, Q = \system.low_byte).
Adding SRST signal on $flatten\system.$procdff$9618 ($dff) from module upduino_replay (D = $flatten\system.$procmux$9229_Y, Q = \system.load_we, rval = 1'0).
Adding SRST signal on $flatten\system.$procdff$9619 ($dff) from module upduino_replay (D = $flatten\system.$procmux$8841_Y, Q = \system.load_address, rval = 14'00000000000000).
Adding EN signal on $auto$ff.cc:337:slice$10428 ($sdff) from module upduino_replay (D = \system.byte_index [14:1], Q = \system.load_address).
Adding SRST signal on $flatten\system.$procdff$9620 ($dff) from module upduino_replay (D = $flatten\system.$procmux$8821_Y, Q = \system.load_data, rval = 16'0000000000000000).
Adding EN signal on $auto$ff.cc:337:slice$10432 ($sdff) from module upduino_replay (D = { \system.transport.rd_data \system.low_byte }, Q = \system.load_data).
Adding SRST signal on $flatten\system.$procdff$9635 ($dff) from module upduino_replay (D = $flatten\system.$procmux$8642_Y, Q = \system.page_remaining, rval = 9'000000000).
Adding EN signal on $auto$ff.cc:337:slice$10436 ($sdff) from module upduino_replay (D = $flatten\system.$procmux$8642_Y, Q = \system.page_remaining).
Adding SRST signal on $flatten\system.$procdff$9621 ($dff) from module upduino_replay (D = $flatten\system.$procmux$8801_Y, Q = \system.overflow_count, rval = 20'00000000000000000000).
Adding EN signal on $auto$ff.cc:337:slice$10450 ($sdff) from module upduino_replay (D = $flatten\system.$add$rtl/upduino_replay.sv:228$447_Y, Q = \system.overflow_count).
Adding SRST signal on $flatten\system.$procdff$9622 ($dff) from module upduino_replay (D = $flatten\system.$procmux$8793_Y, Q = \system.accepted_samples, rval = 20'00000000000000000000).
Adding EN signal on $auto$ff.cc:337:slice$10456 ($sdff) from module upduino_replay (D = $flatten\system.$add$rtl/upduino_replay.sv:227$446_Y, Q = \system.accepted_samples).
Adding SRST signal on $flatten\system.$procdff$9633 ($dff) from module upduino_replay (D = $flatten\system.$procmux$8687_Y, Q = \system.write_end, rval = 17'00000000000000000).
Adding EN signal on $auto$ff.cc:337:slice$10460 ($sdff) from module upduino_replay (D = $flatten\system.$procmux$8687_Y, Q = \system.write_end).
Adding SRST signal on $flatten\system.$procdff$9632 ($dff) from module upduino_replay (D = $flatten\system.$procmux$8708_Y, Q = \system.write_position, rval = 17'00000000000000000).
Adding EN signal on $auto$ff.cc:337:slice$10474 ($sdff) from module upduino_replay (D = $flatten\system.$procmux$8708_Y, Q = \system.write_position).
Adding SRST signal on $flatten\system.$procdff$9631 ($dff) from module upduino_replay (D = $flatten\system.$procmux$8720_Y, Q = \system.result_count, rval = 10'0000000000).
Adding EN signal on $auto$ff.cc:337:slice$10490 ($sdff) from module upduino_replay (D = $flatten\system.$add$rtl/upduino_replay.sv:238$457_Y, Q = \system.result_count).
Adding SRST signal on $flatten\system.$procdff$9630 ($dff) from module upduino_replay (D = $flatten\system.$procmux$8725_Y, Q = \system.record_maxfifo, rval = 2'00).
Adding EN signal on $auto$ff.cc:337:slice$10494 ($sdff) from module upduino_replay (D = \system.max_fifo, Q = \system.record_maxfifo).
Adding SRST signal on $flatten\system.$procdff$9629 ($dff) from module upduino_replay (D = $flatten\system.$procmux$8730_Y, Q = \system.record_protocol, rval = 0).
Adding EN signal on $auto$ff.cc:337:slice$10496 ($sdff) from module upduino_replay (D = \system.core.protocol_errors, Q = \system.record_protocol).
Adding SRST signal on $flatten\system.$procdff$9628 ($dff) from module upduino_replay (D = $flatten\system.$procmux$8735_Y, Q = \system.record_accepted, rval = 20'00000000000000000000).
Adding EN signal on $auto$ff.cc:337:slice$10498 ($sdff) from module upduino_replay (D = \system.accepted_samples, Q = \system.record_accepted).
Adding SRST signal on $flatten\system.$procdff$9627 ($dff) from module upduino_replay (D = $flatten\system.$procmux$8740_Y, Q = \system.record_generated, rval = 20'00000000000000000000).
Adding EN signal on $auto$ff.cc:337:slice$10500 ($sdff) from module upduino_replay (D = \system.source.generated_count, Q = \system.record_generated).
Adding SRST signal on $flatten\system.$procdff$9626 ($dff) from module upduino_replay (D = $flatten\system.$procmux$8750_Y, Q = \system.record_word, rval = 5'00000).
Adding SRST signal on $flatten\system.$procdff$9625 ($dff) from module upduino_replay (D = $flatten\system.$procmux$8760_Y, Q = \system.storing, rval = 1'0).
Adding SRST signal on $flatten\system.$procdff$9624 ($dff) from module upduino_replay (D = $flatten\system.$procmux$8780_Y, Q = \system.tail_cycles, rval = 21'000000000000000000000).
Adding EN signal on $auto$ff.cc:337:slice$10504 ($sdff) from module upduino_replay (D = $flatten\system.$add$rtl/upduino_replay.sv:305$540_Y, Q = \system.tail_cycles).
Adding SRST signal on $flatten\system.$procdff$9623 ($dff) from module upduino_replay (D = $flatten\system.$procmux$8785_Y, Q = \system.max_fifo, rval = 2'00).
Adding EN signal on $auto$ff.cc:337:slice$10512 ($sdff) from module upduino_replay (D = \system.input_queue.occupancy, Q = \system.max_fifo).
Adding SRST signal on $flatten\system.\transport.\spi.$procdff$9559 ($dff) from module upduino_replay (D = $flatten\system.\transport.\spi.$procmux$7658_Y, Q = \system.transport.spi.rx_valid, rval = 1'0).
Adding SRST signal on $flatten\system.\transport.\spi.$procdff$9560 ($dff) from module upduino_replay (D = $flatten\system.\transport.\spi.$procmux$7821_Y, Q = \system.transport.spi.rx_data, rval = 8'00000000).
Adding EN signal on $auto$ff.cc:337:slice$10519 ($sdff) from module upduino_replay (D = \system.transport.spi.rx_shift, Q = \system.transport.spi.rx_data).
Adding SRST signal on $flatten\system.\transport.\spi.$procdff$9561 ($dff) from module upduino_replay (D = $flatten\system.\transport.\spi.$procmux$7807_Y, Q = \system.transport.spi.sclk, rval = 1'0).
Adding EN signal on $auto$ff.cc:337:slice$10525 ($sdff) from module upduino_replay (D = $flatten\system.\transport.\spi.$logic_not$rtl/io/spi_master.sv:66$1445_Y, Q = \system.transport.spi.sclk).
Adding SRST signal on $flatten\system.\transport.\spi.$procdff$9562 ($dff) from module upduino_replay (D = $flatten\system.\transport.\spi.$procmux$7796_Y, Q = \system.transport.spi.mosi, rval = 1'0).
Adding EN signal on $auto$ff.cc:337:slice$10535 ($sdff) from module upduino_replay (D = $flatten\system.\transport.\spi.$procmux$7796_Y, Q = \system.transport.spi.mosi).
Adding SRST signal on $flatten\system.\transport.\spi.$procdff$9563 ($dff) from module upduino_replay (D = $flatten\system.\transport.\spi.$procmux$7777_Y, Q = \system.transport.spi.cs_n, rval = 1'1).
Adding EN signal on $auto$ff.cc:337:slice$10549 ($sdff) from module upduino_replay (D = $flatten\system.\transport.\spi.$procmux$7777_Y, Q = \system.transport.spi.cs_n).
Adding SRST signal on $flatten\system.\transport.\spi.$procdff$9564 ($dff) from module upduino_replay (D = $flatten\system.\transport.\spi.$procmux$7761_Y, Q = \system.transport.spi.divider, rval = 1'0).
Adding EN signal on $auto$ff.cc:337:slice$10559 ($sdff) from module upduino_replay (D = $flatten\system.\transport.\spi.$procmux$7756_Y, Q = \system.transport.spi.divider).
Adding SRST signal on $flatten\system.\transport.\spi.$procdff$9565 ($dff) from module upduino_replay (D = $flatten\system.\transport.\spi.$procmux$7750_Y, Q = \system.transport.spi.tx_shift, rval = 8'00000000).
Adding EN signal on $auto$ff.cc:337:slice$10567 ($sdff) from module upduino_replay (D = $flatten\system.\transport.\spi.$procmux$7750_Y, Q = \system.transport.spi.tx_shift).
Adding SRST signal on $flatten\system.\transport.\spi.$procdff$9566 ($dff) from module upduino_replay (D = $flatten\system.\transport.\spi.$procmux$7728_Y, Q = \system.transport.spi.rx_shift, rval = 8'00000000).
Adding EN signal on $auto$ff.cc:337:slice$10581 ($sdff) from module upduino_replay (D = { \system.transport.spi.rx_shift [6:0] \flash_miso }, Q = \system.transport.spi.rx_shift).
Adding SRST signal on $flatten\system.\transport.\spi.$procdff$9567 ($dff) from module upduino_replay (D = $flatten\system.\transport.\spi.$procmux$7711_Y, Q = \system.transport.spi.edge_count, rval = 4'0000).
Adding EN signal on $auto$ff.cc:337:slice$10593 ($sdff) from module upduino_replay (D = $flatten\system.\transport.\spi.$add$rtl/io/spi_master.sv:77$1449_Y, Q = \system.transport.spi.edge_count).
Adding SRST signal on $flatten\system.\transport.\spi.$procdff$9568 ($dff) from module upduino_replay (D = $flatten\system.\transport.\spi.$procmux$7697_Y, Q = \system.transport.spi.byte_active, rval = 1'0).
Adding SRST signal on $flatten\system.\transport.\spi.$procdff$9569 ($dff) from module upduino_replay (D = $flatten\system.\transport.\spi.$procmux$7683_Y, Q = \system.transport.spi.finishing, rval = 1'0).
Adding EN signal on $auto$ff.cc:337:slice$10606 ($sdff) from module upduino_replay (D = $flatten\system.\transport.\spi.$procmux$7681_Y, Q = \system.transport.spi.finishing).
Adding SRST signal on $flatten\system.\transport.\spi.$procdff$9570 ($dff) from module upduino_replay (D = $flatten\system.\transport.\spi.$procmux$7669_Y, Q = \system.transport.spi.last_byte, rval = 1'0).
Adding EN signal on $auto$ff.cc:337:slice$10610 ($sdff) from module upduino_replay (D = \system.transport.spi.tx_last, Q = \system.transport.spi.last_byte).
Adding SRST signal on $flatten\system.\transport.$procdff$9581 ($dff) from module upduino_replay (D = $flatten\system.\transport.$procmux$7861_Y, Q = \system.transport.polls, rval = 16'0000000000000000).
Adding EN signal on $auto$ff.cc:337:slice$10612 ($sdff) from module upduino_replay (D = $flatten\system.\transport.$procmux$7861_Y, Q = \system.transport.polls).
Adding SRST signal on $flatten\system.\transport.$procdff$9580 ($dff) from module upduino_replay (D = $flatten\system.\transport.$procmux$7885_Y, Q = \system.transport.header_index, rval = 2'00).
Adding EN signal on $auto$ff.cc:337:slice$10628 ($sdff) from module upduino_replay (D = $flatten\system.\transport.$procmux$7885_Y, Q = \system.transport.header_index).
Adding SRST signal on $flatten\system.\transport.$procdff$9579 ($dff) from module upduino_replay (D = $flatten\system.\transport.$procmux$7904_Y, Q = \system.transport.remaining, rval = 16'0000000000000000).
Adding EN signal on $auto$ff.cc:337:slice$10642 ($sdff) from module upduino_replay (D = $flatten\system.\transport.$procmux$7904_Y, Q = \system.transport.remaining).
Adding SRST signal on $flatten\system.\transport.$procdff$9578 ($dff) from module upduino_replay (D = $flatten\system.\transport.$procmux$7932_Y, Q = \system.transport.writing, rval = 1'0).
Adding EN signal on $auto$ff.cc:337:slice$10654 ($sdff) from module upduino_replay (D = \system.transport.cmd_write, Q = \system.transport.writing).
Adding SRST signal on $flatten\system.\transport.$procdff$9577 ($dff) from module upduino_replay (D = $flatten\system.\transport.$procmux$7953_Y, Q = \system.transport.wake_count, rval = 8'00000000).
Adding EN signal on $auto$ff.cc:337:slice$10660 ($sdff) from module upduino_replay (D = $flatten\system.\transport.$procmux$7953_Y, Q = \system.transport.wake_count).
Adding SRST signal on $flatten\system.\transport.$procdff$9576 ($dff) from module upduino_replay (D = $flatten\system.\transport.$procmux$7978_Y, Q = \system.transport.address, rval = 24'000000000000000000000000).
Adding EN signal on $auto$ff.cc:337:slice$10670 ($sdff) from module upduino_replay (D = \system.transport.cmd_address, Q = \system.transport.address).
Adding SRST signal on $flatten\system.\transport.$procdff$9575 ($dff) from module upduino_replay (D = $flatten\system.\transport.$procmux$7992_Y, Q = \system.transport.error, rval = 1'0).
Adding EN signal on $auto$ff.cc:337:slice$10676 ($sdff) from module upduino_replay (D = $flatten\system.\transport.$procmux$7992_Y, Q = \system.transport.error).
Adding SRST signal on $flatten\system.\transport.$procdff$9574 ($dff) from module upduino_replay (D = $flatten\system.\transport.$procmux$7835_Y, Q = \system.transport.done, rval = 1'0).
Adding SRST signal on $flatten\system.\transport.$procdff$9573 ($dff) from module upduino_replay (D = $flatten\system.\transport.$procmux$8027_Y, Q = \system.transport.rd_data, rval = 8'00000000).
Adding EN signal on $auto$ff.cc:337:slice$10691 ($sdff) from module upduino_replay (D = \system.transport.spi.rx_data, Q = \system.transport.rd_data).
Adding SRST signal on $flatten\system.\transport.$procdff$9572 ($dff) from module upduino_replay (D = $flatten\system.\transport.$procmux$8041_Y, Q = \system.transport.rd_valid, rval = 1'0).
Adding SRST signal on $flatten\system.\source.$procdff$9582 ($dff) from module upduino_replay (D = $flatten\system.\source.$procmux$8155_Y, Q = \system.source.sample_valid, rval = 1'0).
Adding SRST signal on $flatten\system.\source.$procdff$9583 ($dff) from module upduino_replay (D = $flatten\system.\source.$procmux$8273_Y, Q = \system.source.sample, rval = 16'0000000000000000).
Adding EN signal on $auto$ff.cc:337:slice$10709 ($sdff) from module upduino_replay (D = \system.source.q, Q = \system.source.sample).
Adding SRST signal on $flatten\system.\source.$procdff$9584 ($dff) from module upduino_replay (D = $flatten\system.\source.$procmux$8263_Y, Q = \system.source.frame_id, rval = 0).
Adding EN signal on $auto$ff.cc:337:slice$10715 ($sdff) from module upduino_replay (D = { 22'0000000000000000000000 \system.source.current_frame }, Q = \system.source.frame_id).
Adding SRST signal on $flatten\system.\source.$procdff$9585 ($dff) from module upduino_replay (D = $flatten\system.\source.$procmux$8253_Y, Q = \system.source.sample_last, rval = 1'0).
Adding EN signal on $auto$ff.cc:337:slice$10721 ($sdff) from module upduino_replay (D = $flatten\system.\source.$eq$rtl/io/replay_source.sv:34$1375_Y, Q = \system.source.sample_last).
Adding SRST signal on $flatten\system.\source.$procdff$9586 ($dff) from module upduino_replay (D = $flatten\system.\source.$procmux$8240_Y, Q = \system.source.finished, rval = 1'0).
Adding EN signal on $auto$ff.cc:337:slice$10727 ($sdff) from module upduino_replay (D = 1'1, Q = \system.source.finished).
Adding SRST signal on $flatten\system.\source.$procdff$9587 ($dff) from module upduino_replay (D = $flatten\system.\source.$procmux$8228_Y, Q = \system.source.point, rval = 10'0000000000).
Adding EN signal on $auto$ff.cc:337:slice$10733 ($sdff) from module upduino_replay (D = $flatten\system.\source.$add$rtl/io/replay_source.sv:41$1383_Y, Q = \system.source.point).
Adding SRST signal on $flatten\system.\source.$procdff$9588 ($dff) from module upduino_replay (D = $flatten\system.\source.$procmux$8217_Y, Q = \system.source.phase, rval = 16'0000000000000000).
Adding EN signal on $auto$ff.cc:337:slice$10739 ($sdff) from module upduino_replay (D = $flatten\system.\source.$procmux$8215_Y, Q = \system.source.phase).
Adding SRST signal on $flatten\system.\source.$procdff$9589 ($dff) from module upduino_replay (D = $flatten\system.\source.$procmux$8209_Y, Q = \system.source.active, rval = 1'0).
Adding SRST signal on $flatten\system.\source.$procdff$9590 ($dff) from module upduino_replay (D = $flatten\system.\source.$procmux$8194_Y, Q = \system.source.current_frame, rval = 10'0000000000).
Adding EN signal on $auto$ff.cc:337:slice$10744 ($sdff) from module upduino_replay (D = $flatten\system.\source.$add$rtl/io/replay_source.sv:42$1385_Y, Q = \system.source.current_frame).
Adding SRST signal on $flatten\system.\source.$procdff$9591 ($dff) from module upduino_replay (D = $flatten\system.\source.$procmux$8181_Y, Q = \system.source.generated_count, rval = 20'00000000000000000000).
Adding EN signal on $auto$ff.cc:337:slice$10750 ($sdff) from module upduino_replay (D = $flatten\system.\source.$add$rtl/io/replay_source.sv:35$1376_Y, Q = \system.source.generated_count).
Adding SRST signal on $flatten\system.\source.$procdff$9592 ($dff) from module upduino_replay (D = $flatten\system.\source.$procmux$8171_Y, Q = \system.source.read_address, rval = 14'00000000000000).
Adding EN signal on $auto$ff.cc:337:slice$10756 ($sdff) from module upduino_replay (D = $flatten\system.\source.$procmux$8167_Y, Q = \system.source.read_address).
Adding EN signal on $flatten\system.\core.$procdff$9538 ($dff) from module upduino_replay (D = $flatten\system.\core.$ternary$rtl/core/vibration_core.sv:252$1627_Y, Q = \system.core.raw_q).
Adding EN signal on $flatten\system.\core.$procdff$9539 ($dff) from module upduino_replay (D = $flatten\system.\core.$memrd$\windowed$rtl/core/vibration_core.sv:255$1656_DATA, Q = \system.core.sample_q).
Adding EN signal on $flatten\system.\core.\hann_rom.$procdff$9600 ($dff) from module upduino_replay (D = $flatten\system.\core.\hann_rom.$logic_and$rtl/core/vib_coeff_rom.sv:30$1473_Y, Q = \system.core.hann_rom.is_zero).
Adding EN signal on $flatten\system.\core.\hann_rom.$procdff$9599 ($dff) from module upduino_replay (D = $flatten\system.\core.\hann_rom.$logic_or$rtl/core/vib_coeff_rom.sv:29$1471_Y, Q = \system.core.hann_rom.negative).
Adding EN signal on $flatten\system.\core.\hann_rom.$procdff$9598 ($dff) from module upduino_replay (D = $flatten\system.\core.\hann_rom.$memrd$\quarter$rtl/core/vib_coeff_rom.sv:28$1468_DATA, Q = \system.core.hann_rom.magnitude).
Adding EN signal on $flatten\system.\core.\g_lane[0].coeff_rom.$procdff$9558 ($dff) from module upduino_replay (D = $flatten\system.\core.\g_lane[0].coeff_rom.$logic_and$rtl/core/vib_coeff_rom.sv:30$1459_Y, Q = \system.core.g_lane[0].coeff_rom.is_zero).
Adding EN signal on $flatten\system.\core.\g_lane[0].coeff_rom.$procdff$9557 ($dff) from module upduino_replay (D = $flatten\system.\core.\g_lane[0].coeff_rom.$logic_or$rtl/core/vib_coeff_rom.sv:29$1457_Y, Q = \system.core.g_lane[0].coeff_rom.negative).
Adding EN signal on $flatten\system.\core.\g_lane[0].coeff_rom.$procdff$9556 ($dff) from module upduino_replay (D = $flatten\system.\core.\g_lane[0].coeff_rom.$memrd$\quarter$rtl/core/vib_coeff_rom.sv:28$1454_DATA, Q = \system.core.g_lane[0].coeff_rom.magnitude).
Adding SRST signal on $flatten\system.$procdff$9602 ($dff) from module upduino_replay (D = { $flatten\system.$procmux$8325_Y $flatten\system.$procmux$8345_Y $flatten\system.$procmux$8579_Y $flatten\system.$procmux$8587_Y $flatten\system.$procmux$8432_Y $flatten\system.$procmux$8451_Y $flatten\system.$procmux$8475_Y }, Q = \system.error_flags [6:0], rval = 7'0000000).
Adding EN signal on $flatten\system.$procdff$9602 ($dff) from module upduino_replay (D = 1'0, Q = \system.error_flags [7]).
Adding EN signal on $auto$ff.cc:337:slice$10770 ($sdff) from module upduino_replay (D = 1'1, Q = \system.error_flags [5]).
Adding EN signal on $auto$ff.cc:337:slice$10770 ($sdff) from module upduino_replay (D = 1'1, Q = \system.error_flags [3]).
Adding EN signal on $auto$ff.cc:337:slice$10770 ($sdff) from module upduino_replay (D = 1'1, Q = \system.error_flags [6]).
Adding EN signal on $auto$ff.cc:337:slice$10770 ($sdff) from module upduino_replay (D = 1'1, Q = \system.error_flags [0]).
Adding EN signal on $auto$ff.cc:337:slice$10770 ($sdff) from module upduino_replay (D = 1'1, Q = \system.error_flags [2]).
Adding EN signal on $auto$ff.cc:337:slice$10770 ($sdff) from module upduino_replay (D = 1'1, Q = \system.error_flags [1]).
Adding EN signal on $auto$ff.cc:337:slice$10770 ($sdff) from module upduino_replay (D = 1'1, Q = \system.error_flags [4]).
Adding SRST signal on $flatten\system.$procdff$9603 ($dff) from module upduino_replay (D = $flatten\system.$procmux$9213_Y, Q = \system.committed, rval = 1'0).
Adding EN signal on $auto$ff.cc:337:slice$10800 ($sdff) from module upduino_replay (D = 1'1, Q = \system.committed).
Adding SRST signal on $flatten\system.$procdff$9605 ($dff) from module upduino_replay (D = $flatten\system.$procmux$9175_Y, Q = \system.header_word, rval = 0).
Adding EN signal on $auto$ff.cc:337:slice$10806 ($sdff) from module upduino_replay (D = { \system.transport.rd_data \system.header_word [31:8] }, Q = \system.header_word).
Adding SRST signal on $flatten\system.$procdff$9606 ($dff) from module upduino_replay (D = $flatten\system.$procmux$9156_Y, Q = \system.header_bad, rval = 1'0).
Adding EN signal on $auto$ff.cc:337:slice$10810 ($sdff) from module upduino_replay (D = $flatten\system.$procmux$9132_Y, Q = \system.header_bad).
Adding SRST signal on $flatten\system.$procdff$9607 ($dff) from module upduino_replay (D = $flatten\system.$procmux$9111_Y, Q = \system.hash_bad, rval = 1'0).
Adding EN signal on $auto$ff.cc:337:slice$10830 ($sdff) from module upduino_replay (D = 1'1, Q = \system.hash_bad).
Adding SRST signal on $flatten\system.$procdff$9608 ($dff) from module upduino_replay (D = $flatten\system.$procmux$9075_Y, Q = \system.byte_index, rval = 16'0000000000000000).
Adding EN signal on $auto$ff.cc:337:slice$10836 ($sdff) from module upduino_replay (D = $flatten\system.$procmux$9075_Y, Q = \system.byte_index).
Adding SRST signal on $flatten\system.$procdff$9609 ($dff) from module upduino_replay (D = $flatten\system.$procmux$9058_Y, Q = \system.log_blank, rval = 1'1).
Adding EN signal on $auto$ff.cc:337:slice$10846 ($sdff) from module upduino_replay (D = 1'0, Q = \system.log_blank).
Adding SRST signal on $flatten\system.$procdff$9610 ($dff) from module upduino_replay (D = $flatten\system.$procmux$9035_Y, Q = \system.log_scan_chunk, rval = 2'00).
Adding EN signal on $auto$ff.cc:337:slice$10850 ($sdff) from module upduino_replay (D = $flatten\system.$add$rtl/upduino_replay.sv:250$468_Y, Q = \system.log_scan_chunk).
Adding SRST signal on $flatten\system.\input_queue.$procdff$9593 ($dff) from module upduino_replay (D = $flatten\system.\input_queue.$procmux$8304_Y, Q = \system.input_queue.occupancy, rval = 2'00).
Adding EN signal on $auto$ff.cc:337:slice$10856 ($sdff) from module upduino_replay (D = $flatten\system.\input_queue.$procmux$8304_Y, Q = \system.input_queue.occupancy).
Adding EN signal on $flatten\system.\input_queue.$procdff$9594 ($dff) from module upduino_replay (D = { \system.source.frame_id \system.source.sample_last \system.source.sample }, Q = \system.input_queue.slot0).
Adding SRST signal on $flatten\system.$procdff$9611 ($dff) from module upduino_replay (D = $flatten\system.$procmux$9008_Y, Q = \system.source_frames, rval = 5'00000).
Adding EN signal on $auto$ff.cc:337:slice$10867 ($sdff) from module upduino_replay (D = \system.header_word [12:8], Q = \system.source_frames).
Adding SRST signal on $flatten\system.$procdff$9612 ($dff) from module upduino_replay (D = $flatten\system.$procmux$8980_Y, Q = \system.run_frames, rval = 10'0000000000).
Adding EN signal on $auto$ff.cc:337:slice$10871 ($sdff) from module upduino_replay (D = \system.header_word [17:8], Q = \system.run_frames).
Adding SRST signal on $flatten\system.$procdff$9613 ($dff) from module upduino_replay (D = $flatten\system.$procmux$8953_Y, Q = \system.period_cycles, rval = 16'0000000000000000).
Adding EN signal on $auto$ff.cc:337:slice$10875 ($sdff) from module upduino_replay (D = \system.header_word [23:8], Q = \system.period_cycles).
Adding SRST signal on $flatten\system.$procdff$9614 ($dff) from module upduino_replay (D = $flatten\system.$procmux$8927_Y, Q = \system.expected_crc, rval = 0).
Adding EN signal on $auto$ff.cc:337:slice$10879 ($sdff) from module upduino_replay (D = { \system.transport.rd_data \system.header_word [31:8] }, Q = \system.expected_crc).
Adding SRST signal on $flatten\system.$procdff$9615 ($dff) from module upduino_replay (D = $flatten\system.$procmux$8903_Y, Q = \system.crc, rval = 32'11111111111111111111111111111111).
Adding EN signal on $auto$ff.cc:337:slice$10883 ($sdff) from module upduino_replay (D = $flatten\system.$ternary$rtl/upduino_replay.sv:145$532_Y, Q = \system.crc).
Adding EN signal on $flatten\system.\input_queue.$procdff$9595 ($dff) from module upduino_replay (D = { \system.source.frame_id \system.source.sample_last \system.source.sample }, Q = \system.input_queue.slot1).
Adding SRST signal on $flatten\system.\input_queue.$procdff$9596 ($dff) from module upduino_replay (D = $flatten\system.\input_queue.$procmux$8283_Y, Q = \system.input_queue.rp, rval = 1'0).
Adding EN signal on $auto$ff.cc:337:slice$10892 ($sdff) from module upduino_replay (D = $flatten\system.\input_queue.$logic_not$rtl/upduino_replay.sv:351$1367_Y, Q = \system.input_queue.rp).
Adding SRST signal on $flatten\system.\input_queue.$procdff$9597 ($dff) from module upduino_replay (D = $flatten\system.\input_queue.$procmux$8278_Y, Q = \system.input_queue.wp, rval = 1'0).
Adding EN signal on $auto$ff.cc:337:slice$10894 ($sdff) from module upduino_replay (D = $flatten\system.\input_queue.$logic_not$rtl/upduino_replay.sv:350$1366_Y, Q = \system.input_queue.wp).
Setting constant 0-bit at position 0 on $auto$ff.cc:337:slice$10386 ($sdffe) from module upduino_replay.
Setting constant 0-bit at position 1 on $auto$ff.cc:337:slice$10386 ($sdffe) from module upduino_replay.
Setting constant 0-bit at position 2 on $auto$ff.cc:337:slice$10386 ($sdffe) from module upduino_replay.
Setting constant 0-bit at position 3 on $auto$ff.cc:337:slice$10386 ($sdffe) from module upduino_replay.
Setting constant 0-bit at position 4 on $auto$ff.cc:337:slice$10386 ($sdffe) from module upduino_replay.
Setting constant 0-bit at position 5 on $auto$ff.cc:337:slice$10386 ($sdffe) from module upduino_replay.
Setting constant 0-bit at position 6 on $auto$ff.cc:337:slice$10386 ($sdffe) from module upduino_replay.
Setting constant 0-bit at position 0 on $auto$ff.cc:337:slice$10772 ($dffe) from module upduino_replay.
Setting constant 0-bit at position 10 on $auto$ff.cc:337:slice$10716 ($sdffe) from module upduino_replay.
Setting constant 0-bit at position 11 on $auto$ff.cc:337:slice$10716 ($sdffe) from module upduino_replay.
Setting constant 0-bit at position 12 on $auto$ff.cc:337:slice$10716 ($sdffe) from module upduino_replay.
Setting constant 0-bit at position 13 on $auto$ff.cc:337:slice$10716 ($sdffe) from module upduino_replay.
Setting constant 0-bit at position 14 on $auto$ff.cc:337:slice$10716 ($sdffe) from module upduino_replay.
Setting constant 0-bit at position 15 on $auto$ff.cc:337:slice$10716 ($sdffe) from module upduino_replay.
Setting constant 0-bit at position 16 on $auto$ff.cc:337:slice$10716 ($sdffe) from module upduino_replay.
Setting constant 0-bit at position 17 on $auto$ff.cc:337:slice$10716 ($sdffe) from module upduino_replay.
Setting constant 0-bit at position 18 on $auto$ff.cc:337:slice$10716 ($sdffe) from module upduino_replay.
Setting constant 0-bit at position 19 on $auto$ff.cc:337:slice$10716 ($sdffe) from module upduino_replay.
Setting constant 0-bit at position 20 on $auto$ff.cc:337:slice$10716 ($sdffe) from module upduino_replay.
Setting constant 0-bit at position 21 on $auto$ff.cc:337:slice$10716 ($sdffe) from module upduino_replay.
Setting constant 0-bit at position 22 on $auto$ff.cc:337:slice$10716 ($sdffe) from module upduino_replay.
Setting constant 0-bit at position 23 on $auto$ff.cc:337:slice$10716 ($sdffe) from module upduino_replay.
Setting constant 0-bit at position 24 on $auto$ff.cc:337:slice$10716 ($sdffe) from module upduino_replay.
Setting constant 0-bit at position 25 on $auto$ff.cc:337:slice$10716 ($sdffe) from module upduino_replay.
Setting constant 0-bit at position 26 on $auto$ff.cc:337:slice$10716 ($sdffe) from module upduino_replay.
Setting constant 0-bit at position 27 on $auto$ff.cc:337:slice$10716 ($sdffe) from module upduino_replay.
Setting constant 0-bit at position 28 on $auto$ff.cc:337:slice$10716 ($sdffe) from module upduino_replay.
Setting constant 0-bit at position 29 on $auto$ff.cc:337:slice$10716 ($sdffe) from module upduino_replay.
Setting constant 0-bit at position 30 on $auto$ff.cc:337:slice$10716 ($sdffe) from module upduino_replay.
Setting constant 0-bit at position 31 on $auto$ff.cc:337:slice$10716 ($sdffe) from module upduino_replay.
Setting constant 0-bit at position 19 on $auto$ff.cc:337:slice$10158 ($sdffe) from module upduino_replay.
Setting constant 0-bit at position 20 on $auto$ff.cc:337:slice$10158 ($sdffe) from module upduino_replay.
Setting constant 0-bit at position 21 on $auto$ff.cc:337:slice$10158 ($sdffe) from module upduino_replay.
Setting constant 0-bit at position 22 on $auto$ff.cc:337:slice$10158 ($sdffe) from module upduino_replay.
Setting constant 0-bit at position 23 on $auto$ff.cc:337:slice$10158 ($sdffe) from module upduino_replay.
Setting constant 0-bit at position 24 on $auto$ff.cc:337:slice$10158 ($sdffe) from module upduino_replay.
Setting constant 0-bit at position 25 on $auto$ff.cc:337:slice$10158 ($sdffe) from module upduino_replay.
Setting constant 0-bit at position 26 on $auto$ff.cc:337:slice$10158 ($sdffe) from module upduino_replay.
Setting constant 0-bit at position 27 on $auto$ff.cc:337:slice$10158 ($sdffe) from module upduino_replay.
Setting constant 0-bit at position 28 on $auto$ff.cc:337:slice$10158 ($sdffe) from module upduino_replay.
Setting constant 0-bit at position 29 on $auto$ff.cc:337:slice$10158 ($sdffe) from module upduino_replay.
Setting constant 0-bit at position 30 on $auto$ff.cc:337:slice$10158 ($sdffe) from module upduino_replay.
Setting constant 0-bit at position 31 on $auto$ff.cc:337:slice$10158 ($sdffe) from module upduino_replay.
Setting constant 0-bit at position 10 on $auto$ff.cc:337:slice$10156 ($sdffe) from module upduino_replay.
Setting constant 0-bit at position 11 on $auto$ff.cc:337:slice$10156 ($sdffe) from module upduino_replay.
Setting constant 0-bit at position 12 on $auto$ff.cc:337:slice$10156 ($sdffe) from module upduino_replay.
Setting constant 0-bit at position 13 on $auto$ff.cc:337:slice$10156 ($sdffe) from module upduino_replay.
Setting constant 0-bit at position 14 on $auto$ff.cc:337:slice$10156 ($sdffe) from module upduino_replay.
Setting constant 0-bit at position 15 on $auto$ff.cc:337:slice$10156 ($sdffe) from module upduino_replay.
Setting constant 0-bit at position 16 on $auto$ff.cc:337:slice$10156 ($sdffe) from module upduino_replay.
Setting constant 0-bit at position 17 on $auto$ff.cc:337:slice$10156 ($sdffe) from module upduino_replay.
Setting constant 0-bit at position 18 on $auto$ff.cc:337:slice$10156 ($sdffe) from module upduino_replay.
Setting constant 0-bit at position 19 on $auto$ff.cc:337:slice$10156 ($sdffe) from module upduino_replay.
Setting constant 0-bit at position 20 on $auto$ff.cc:337:slice$10156 ($sdffe) from module upduino_replay.
Setting constant 0-bit at position 21 on $auto$ff.cc:337:slice$10156 ($sdffe) from module upduino_replay.
Setting constant 0-bit at position 22 on $auto$ff.cc:337:slice$10156 ($sdffe) from module upduino_replay.
Setting constant 0-bit at position 23 on $auto$ff.cc:337:slice$10156 ($sdffe) from module upduino_replay.
Setting constant 0-bit at position 24 on $auto$ff.cc:337:slice$10156 ($sdffe) from module upduino_replay.
Setting constant 0-bit at position 25 on $auto$ff.cc:337:slice$10156 ($sdffe) from module upduino_replay.
Setting constant 0-bit at position 26 on $auto$ff.cc:337:slice$10156 ($sdffe) from module upduino_replay.
Setting constant 0-bit at position 27 on $auto$ff.cc:337:slice$10156 ($sdffe) from module upduino_replay.
Setting constant 0-bit at position 28 on $auto$ff.cc:337:slice$10156 ($sdffe) from module upduino_replay.
Setting constant 0-bit at position 29 on $auto$ff.cc:337:slice$10156 ($sdffe) from module upduino_replay.
Setting constant 0-bit at position 30 on $auto$ff.cc:337:slice$10156 ($sdffe) from module upduino_replay.
Setting constant 0-bit at position 31 on $auto$ff.cc:337:slice$10156 ($sdffe) from module upduino_replay.
Setting constant 0-bit at position 10 on $auto$ff.cc:337:slice$10154 ($sdffe) from module upduino_replay.
Setting constant 0-bit at position 11 on $auto$ff.cc:337:slice$10154 ($sdffe) from module upduino_replay.
Setting constant 0-bit at position 12 on $auto$ff.cc:337:slice$10154 ($sdffe) from module upduino_replay.
Setting constant 0-bit at position 13 on $auto$ff.cc:337:slice$10154 ($sdffe) from module upduino_replay.
Setting constant 0-bit at position 14 on $auto$ff.cc:337:slice$10154 ($sdffe) from module upduino_replay.
Setting constant 0-bit at position 15 on $auto$ff.cc:337:slice$10154 ($sdffe) from module upduino_replay.
Setting constant 0-bit at position 16 on $auto$ff.cc:337:slice$10154 ($sdffe) from module upduino_replay.
Setting constant 0-bit at position 17 on $auto$ff.cc:337:slice$10154 ($sdffe) from module upduino_replay.
Setting constant 0-bit at position 18 on $auto$ff.cc:337:slice$10154 ($sdffe) from module upduino_replay.
Setting constant 0-bit at position 19 on $auto$ff.cc:337:slice$10154 ($sdffe) from module upduino_replay.
Setting constant 0-bit at position 20 on $auto$ff.cc:337:slice$10154 ($sdffe) from module upduino_replay.
Setting constant 0-bit at position 21 on $auto$ff.cc:337:slice$10154 ($sdffe) from module upduino_replay.
Setting constant 0-bit at position 22 on $auto$ff.cc:337:slice$10154 ($sdffe) from module upduino_replay.
Setting constant 0-bit at position 23 on $auto$ff.cc:337:slice$10154 ($sdffe) from module upduino_replay.
Setting constant 0-bit at position 24 on $auto$ff.cc:337:slice$10154 ($sdffe) from module upduino_replay.
Setting constant 0-bit at position 25 on $auto$ff.cc:337:slice$10154 ($sdffe) from module upduino_replay.
Setting constant 0-bit at position 26 on $auto$ff.cc:337:slice$10154 ($sdffe) from module upduino_replay.
Setting constant 0-bit at position 27 on $auto$ff.cc:337:slice$10154 ($sdffe) from module upduino_replay.
Setting constant 0-bit at position 28 on $auto$ff.cc:337:slice$10154 ($sdffe) from module upduino_replay.
Setting constant 0-bit at position 29 on $auto$ff.cc:337:slice$10154 ($sdffe) from module upduino_replay.
Setting constant 0-bit at position 30 on $auto$ff.cc:337:slice$10154 ($sdffe) from module upduino_replay.
Setting constant 0-bit at position 31 on $auto$ff.cc:337:slice$10154 ($sdffe) from module upduino_replay.
Setting constant 0-bit at position 19 on $auto$ff.cc:337:slice$10152 ($sdffe) from module upduino_replay.
Setting constant 0-bit at position 20 on $auto$ff.cc:337:slice$10152 ($sdffe) from module upduino_replay.
Setting constant 0-bit at position 21 on $auto$ff.cc:337:slice$10152 ($sdffe) from module upduino_replay.
Setting constant 0-bit at position 22 on $auto$ff.cc:337:slice$10152 ($sdffe) from module upduino_replay.
Setting constant 0-bit at position 23 on $auto$ff.cc:337:slice$10152 ($sdffe) from module upduino_replay.
Setting constant 0-bit at position 24 on $auto$ff.cc:337:slice$10152 ($sdffe) from module upduino_replay.
Setting constant 0-bit at position 25 on $auto$ff.cc:337:slice$10152 ($sdffe) from module upduino_replay.
Setting constant 0-bit at position 26 on $auto$ff.cc:337:slice$10152 ($sdffe) from module upduino_replay.
Setting constant 0-bit at position 27 on $auto$ff.cc:337:slice$10152 ($sdffe) from module upduino_replay.
Setting constant 0-bit at position 28 on $auto$ff.cc:337:slice$10152 ($sdffe) from module upduino_replay.
Setting constant 0-bit at position 29 on $auto$ff.cc:337:slice$10152 ($sdffe) from module upduino_replay.
Setting constant 0-bit at position 30 on $auto$ff.cc:337:slice$10152 ($sdffe) from module upduino_replay.
Setting constant 0-bit at position 31 on $auto$ff.cc:337:slice$10152 ($sdffe) from module upduino_replay.
Setting constant 0-bit at position 12 on $auto$ff.cc:337:slice$10150 ($sdffe) from module upduino_replay.
Setting constant 0-bit at position 13 on $auto$ff.cc:337:slice$10150 ($sdffe) from module upduino_replay.
Setting constant 0-bit at position 14 on $auto$ff.cc:337:slice$10150 ($sdffe) from module upduino_replay.
Setting constant 0-bit at position 15 on $auto$ff.cc:337:slice$10150 ($sdffe) from module upduino_replay.
Setting constant 0-bit at position 16 on $auto$ff.cc:337:slice$10150 ($sdffe) from module upduino_replay.
Setting constant 0-bit at position 17 on $auto$ff.cc:337:slice$10150 ($sdffe) from module upduino_replay.
Setting constant 0-bit at position 18 on $auto$ff.cc:337:slice$10150 ($sdffe) from module upduino_replay.
Setting constant 0-bit at position 19 on $auto$ff.cc:337:slice$10150 ($sdffe) from module upduino_replay.
Setting constant 0-bit at position 20 on $auto$ff.cc:337:slice$10150 ($sdffe) from module upduino_replay.
Setting constant 0-bit at position 21 on $auto$ff.cc:337:slice$10150 ($sdffe) from module upduino_replay.
Setting constant 0-bit at position 22 on $auto$ff.cc:337:slice$10150 ($sdffe) from module upduino_replay.
Setting constant 0-bit at position 23 on $auto$ff.cc:337:slice$10150 ($sdffe) from module upduino_replay.
Setting constant 0-bit at position 24 on $auto$ff.cc:337:slice$10150 ($sdffe) from module upduino_replay.
Setting constant 0-bit at position 25 on $auto$ff.cc:337:slice$10150 ($sdffe) from module upduino_replay.
Setting constant 0-bit at position 26 on $auto$ff.cc:337:slice$10150 ($sdffe) from module upduino_replay.
Setting constant 0-bit at position 27 on $auto$ff.cc:337:slice$10150 ($sdffe) from module upduino_replay.
Setting constant 0-bit at position 28 on $auto$ff.cc:337:slice$10150 ($sdffe) from module upduino_replay.
Setting constant 0-bit at position 29 on $auto$ff.cc:337:slice$10150 ($sdffe) from module upduino_replay.
Setting constant 0-bit at position 30 on $auto$ff.cc:337:slice$10150 ($sdffe) from module upduino_replay.
Setting constant 0-bit at position 31 on $auto$ff.cc:337:slice$10150 ($sdffe) from module upduino_replay.

10.14.7. Executing OPT_CLEAN pass (remove unused cells and wires).
Finding unused cells or wires in module \upduino_replay..
Removed 328 unused cells and 400 unused wires.
<suppressed ~329 debug messages>

10.14.8. Executing OPT_EXPR pass (perform const folding).
Optimizing module upduino_replay.
<suppressed ~42 debug messages>

10.14.9. Rerunning OPT passes. (Maybe there is more to do..)

10.14.10. Executing OPT_MUXTREE pass (detect dead branches in mux trees).
Running muxtree optimizer on module \upduino_replay..
  Creating internal representation of mux trees.
  Evaluating internal representation of mux trees.
  Analyzing evaluation results.
Removed 0 multiplexer ports.
<suppressed ~574 debug messages>

10.14.11. Executing OPT_REDUCE pass (consolidate $*mux and $reduce_* inputs).
  Optimizing cells in module \upduino_replay.
    New input vector for $reduce_or cell $flatten\system.$reduce_or$rtl/upduino_replay.sv:140$416: \system.error_flags [6:0]
  Optimizing cells in module \upduino_replay.
Performed a total of 1 changes.

10.14.12. Executing OPT_MERGE pass (detect identical cells).
Finding identical cells in module `\upduino_replay'.
Computing hashes of 1380 cells of `\upduino_replay'.
Finding duplicate cells in `\upduino_replay'.
Computing hashes of 1309 cells of `\upduino_replay'.
Finding duplicate cells in `\upduino_replay'.
Computing hashes of 1303 cells of `\upduino_replay'.
Finding duplicate cells in `\upduino_replay'.
<suppressed ~231 debug messages>
Removed a total of 77 cells.

10.14.13. Executing OPT_DFF pass (perform DFF optimizations).
Setting constant 0-bit at position 27 on $auto$ff.cc:337:slice$10887 ($dffe) from module upduino_replay.
Setting constant 0-bit at position 28 on $auto$ff.cc:337:slice$10887 ($dffe) from module upduino_replay.
Setting constant 0-bit at position 29 on $auto$ff.cc:337:slice$10887 ($dffe) from module upduino_replay.
Setting constant 0-bit at position 30 on $auto$ff.cc:337:slice$10887 ($dffe) from module upduino_replay.
Setting constant 0-bit at position 31 on $auto$ff.cc:337:slice$10887 ($dffe) from module upduino_replay.
Setting constant 0-bit at position 32 on $auto$ff.cc:337:slice$10887 ($dffe) from module upduino_replay.
Setting constant 0-bit at position 33 on $auto$ff.cc:337:slice$10887 ($dffe) from module upduino_replay.
Setting constant 0-bit at position 34 on $auto$ff.cc:337:slice$10887 ($dffe) from module upduino_replay.
Setting constant 0-bit at position 35 on $auto$ff.cc:337:slice$10887 ($dffe) from module upduino_replay.
Setting constant 0-bit at position 36 on $auto$ff.cc:337:slice$10887 ($dffe) from module upduino_replay.
Setting constant 0-bit at position 37 on $auto$ff.cc:337:slice$10887 ($dffe) from module upduino_replay.
Setting constant 0-bit at position 38 on $auto$ff.cc:337:slice$10887 ($dffe) from module upduino_replay.
Setting constant 0-bit at position 39 on $auto$ff.cc:337:slice$10887 ($dffe) from module upduino_replay.
Setting constant 0-bit at position 40 on $auto$ff.cc:337:slice$10887 ($dffe) from module upduino_replay.
Setting constant 0-bit at position 41 on $auto$ff.cc:337:slice$10887 ($dffe) from module upduino_replay.
Setting constant 0-bit at position 42 on $auto$ff.cc:337:slice$10887 ($dffe) from module upduino_replay.
Setting constant 0-bit at position 43 on $auto$ff.cc:337:slice$10887 ($dffe) from module upduino_replay.
Setting constant 0-bit at position 44 on $auto$ff.cc:337:slice$10887 ($dffe) from module upduino_replay.
Setting constant 0-bit at position 45 on $auto$ff.cc:337:slice$10887 ($dffe) from module upduino_replay.
Setting constant 0-bit at position 46 on $auto$ff.cc:337:slice$10887 ($dffe) from module upduino_replay.
Setting constant 0-bit at position 47 on $auto$ff.cc:337:slice$10887 ($dffe) from module upduino_replay.
Setting constant 0-bit at position 48 on $auto$ff.cc:337:slice$10887 ($dffe) from module upduino_replay.
Setting constant 0-bit at position 27 on $auto$ff.cc:337:slice$10860 ($dffe) from module upduino_replay.
Setting constant 0-bit at position 28 on $auto$ff.cc:337:slice$10860 ($dffe) from module upduino_replay.
Setting constant 0-bit at position 29 on $auto$ff.cc:337:slice$10860 ($dffe) from module upduino_replay.
Setting constant 0-bit at position 30 on $auto$ff.cc:337:slice$10860 ($dffe) from module upduino_replay.
Setting constant 0-bit at position 31 on $auto$ff.cc:337:slice$10860 ($dffe) from module upduino_replay.
Setting constant 0-bit at position 32 on $auto$ff.cc:337:slice$10860 ($dffe) from module upduino_replay.
Setting constant 0-bit at position 33 on $auto$ff.cc:337:slice$10860 ($dffe) from module upduino_replay.
Setting constant 0-bit at position 34 on $auto$ff.cc:337:slice$10860 ($dffe) from module upduino_replay.
Setting constant 0-bit at position 35 on $auto$ff.cc:337:slice$10860 ($dffe) from module upduino_replay.
Setting constant 0-bit at position 36 on $auto$ff.cc:337:slice$10860 ($dffe) from module upduino_replay.
Setting constant 0-bit at position 37 on $auto$ff.cc:337:slice$10860 ($dffe) from module upduino_replay.
Setting constant 0-bit at position 38 on $auto$ff.cc:337:slice$10860 ($dffe) from module upduino_replay.
Setting constant 0-bit at position 39 on $auto$ff.cc:337:slice$10860 ($dffe) from module upduino_replay.
Setting constant 0-bit at position 40 on $auto$ff.cc:337:slice$10860 ($dffe) from module upduino_replay.
Setting constant 0-bit at position 41 on $auto$ff.cc:337:slice$10860 ($dffe) from module upduino_replay.
Setting constant 0-bit at position 42 on $auto$ff.cc:337:slice$10860 ($dffe) from module upduino_replay.
Setting constant 0-bit at position 43 on $auto$ff.cc:337:slice$10860 ($dffe) from module upduino_replay.
Setting constant 0-bit at position 44 on $auto$ff.cc:337:slice$10860 ($dffe) from module upduino_replay.
Setting constant 0-bit at position 45 on $auto$ff.cc:337:slice$10860 ($dffe) from module upduino_replay.
Setting constant 0-bit at position 46 on $auto$ff.cc:337:slice$10860 ($dffe) from module upduino_replay.
Setting constant 0-bit at position 47 on $auto$ff.cc:337:slice$10860 ($dffe) from module upduino_replay.
Setting constant 0-bit at position 48 on $auto$ff.cc:337:slice$10860 ($dffe) from module upduino_replay.
Setting constant 0-bit at position 1 on $auto$ff.cc:337:slice$10186 ($sdffe) from module upduino_replay.
Setting constant 0-bit at position 2 on $auto$ff.cc:337:slice$10186 ($sdffe) from module upduino_replay.
Setting constant 0-bit at position 3 on $auto$ff.cc:337:slice$10186 ($sdffe) from module upduino_replay.
Setting constant 0-bit at position 4 on $auto$ff.cc:337:slice$10186 ($sdffe) from module upduino_replay.
Setting constant 0-bit at position 5 on $auto$ff.cc:337:slice$10186 ($sdffe) from module upduino_replay.
Setting constant 0-bit at position 6 on $auto$ff.cc:337:slice$10186 ($sdffe) from module upduino_replay.
Setting constant 0-bit at position 7 on $auto$ff.cc:337:slice$10186 ($sdffe) from module upduino_replay.

10.14.14. Executing OPT_CLEAN pass (remove unused cells and wires).
Finding unused cells or wires in module \upduino_replay..
Removed 0 unused cells and 77 unused wires.
<suppressed ~1 debug messages>

10.14.15. Executing OPT_EXPR pass (perform const folding).
Optimizing module upduino_replay.
<suppressed ~1 debug messages>

10.14.16. Rerunning OPT passes. (Maybe there is more to do..)

10.14.17. Executing OPT_MUXTREE pass (detect dead branches in mux trees).
Running muxtree optimizer on module \upduino_replay..
  Creating internal representation of mux trees.
  Evaluating internal representation of mux trees.
  Analyzing evaluation results.
Removed 0 multiplexer ports.
<suppressed ~574 debug messages>

10.14.18. Executing OPT_REDUCE pass (consolidate $*mux and $reduce_* inputs).
  Optimizing cells in module \upduino_replay.
Performed a total of 0 changes.

10.14.19. Executing OPT_MERGE pass (detect identical cells).
Finding identical cells in module `\upduino_replay'.
Computing hashes of 1302 cells of `\upduino_replay'.
Finding duplicate cells in `\upduino_replay'.
Removed a total of 0 cells.

10.14.20. Executing OPT_DFF pass (perform DFF optimizations).

10.14.21. Executing OPT_CLEAN pass (remove unused cells and wires).
Finding unused cells or wires in module \upduino_replay..
Removed 0 unused cells and 1 unused wires.
<suppressed ~1 debug messages>

10.14.22. Executing OPT_EXPR pass (perform const folding).
Optimizing module upduino_replay.

10.14.23. Rerunning OPT passes. (Maybe there is more to do..)

10.14.24. Executing OPT_MUXTREE pass (detect dead branches in mux trees).
Running muxtree optimizer on module \upduino_replay..
  Creating internal representation of mux trees.
  Evaluating internal representation of mux trees.
  Analyzing evaluation results.
Removed 0 multiplexer ports.
<suppressed ~574 debug messages>

10.14.25. Executing OPT_REDUCE pass (consolidate $*mux and $reduce_* inputs).
  Optimizing cells in module \upduino_replay.
Performed a total of 0 changes.

10.14.26. Executing OPT_MERGE pass (detect identical cells).
Finding identical cells in module `\upduino_replay'.
Computing hashes of 1302 cells of `\upduino_replay'.
Finding duplicate cells in `\upduino_replay'.
Removed a total of 0 cells.

10.14.27. Executing OPT_DFF pass (perform DFF optimizations).

10.14.28. Executing OPT_CLEAN pass (remove unused cells and wires).
Finding unused cells or wires in module \upduino_replay..

10.14.29. Executing OPT_EXPR pass (perform const folding).
Optimizing module upduino_replay.

10.14.30. Finished fast OPT passes. (There is nothing left to do.)

10.15. Executing WREDUCE pass (reducing word size of cells).
Removed top 24 address bits (of 32) from memory init port upduino_replay.$flatten\system.\core.\g_lane[0].coeff_rom.$meminit$\quarter$rtl/core/vib_coeff_rom.sv:24$1463 (system.core.g_lane[0].coeff_rom.quarter).
Removed top 24 address bits (of 32) from memory init port upduino_replay.$flatten\system.\core.\hann_rom.$meminit$\quarter$rtl/core/vib_coeff_rom.sv:22$1477 (system.core.hann_rom.quarter).
Removed top 23 address bits (of 32) from memory init port upduino_replay.$flatten\system.\core.$meminit$\g_lane[0].weights$rtl/core/vibration_core.sv:212$2268 (system.core.g_lane[0].weights).
Removed top 26 address bits (of 32) from memory init port upduino_replay.$flatten\system.\core.$meminit$\frequency_bins$rtl/core/vibration_core.sv:80$2266 (system.core.frequency_bins).
Removed top 30 address bits (of 32) from memory init port upduino_replay.$flatten\system.\core.$meminit$\bias2$rtl/core/vibration_core.sv:76$2265 (system.core.bias2).
Removed top 28 address bits (of 32) from memory init port upduino_replay.$flatten\system.\core.$meminit$\bias1$rtl/core/vibration_core.sv:75$2264 (system.core.bias1).
Removed top 28 address bits (of 32) from memory init port upduino_replay.$flatten\system.\core.$meminit$\feature_shifts$rtl/core/vibration_core.sv:74$2263 (system.core.feature_shifts).
Removed top 30 address bits (of 32) from memory read port upduino_replay.$flatten\system.\core.$memrd$\logits$rtl/core/vibration_core.sv:419$2260 (system.core.logits).
Removed top 30 address bits (of 32) from memory read port upduino_replay.$flatten\system.\core.$memrd$\logits$rtl/core/vibration_core.sv:419$2259 (system.core.logits).
Removed top 30 address bits (of 32) from memory read port upduino_replay.$flatten\system.\core.$memrd$\logits$rtl/core/vibration_core.sv:418$2255 (system.core.logits).
Removed top 30 address bits (of 32) from memory read port upduino_replay.$flatten\system.\core.$memrd$\bias2$rtl/core/vibration_core.sv:388$2169 (system.core.bias2).
Removed top 28 address bits (of 32) from memory read port upduino_replay.$flatten\system.\core.$memrd$\bias1$rtl/core/vibration_core.sv:387$2165 (system.core.bias1).
Removed top 30 address bits (of 32) from memory init port upduino_replay.$flatten\system.\core.$auto$proc_memwr.cc:45:proc_memwr$9642 (system.core.logits).
Removed top 30 address bits (of 32) from memory init port upduino_replay.$flatten\system.\core.$auto$proc_memwr.cc:45:proc_memwr$9643 (system.core.logits).
Removed top 30 address bits (of 32) from memory init port upduino_replay.$flatten\system.\core.$auto$proc_memwr.cc:45:proc_memwr$9644 (system.core.logits).
Removed top 26 address bits (of 32) from memory read port upduino_replay.$flatten\system.\core.$memrd$\frequency_bins$rtl/core/vibration_core.sv:335$2069 (system.core.frequency_bins).
Removed top 22 address bits (of 32) from memory init port upduino_replay.$flatten\system.\core.$auto$proc_memwr.cc:45:proc_memwr$9652 (system.core.raw1).
Removed top 22 address bits (of 32) from memory init port upduino_replay.$flatten\system.\core.$auto$proc_memwr.cc:45:proc_memwr$9653 (system.core.raw0).
Removed top 1 bits (of 2) from port B of cell upduino_replay.$auto$simple.cc:194:make_patterns_logic$10843 ($ne).
Removed top 1 bits (of 2) from port B of cell upduino_replay.$auto$simple.cc:194:make_patterns_logic$10841 ($ne).
Removed top 1 bits (of 2) from port B of cell upduino_replay.$auto$simple.cc:194:make_patterns_logic$10827 ($ne).
Removed top 1 bits (of 2) from port B of cell upduino_replay.$auto$simple.cc:194:make_patterns_logic$10825 ($ne).
Removed top 1 bits (of 2) from port B of cell upduino_replay.$auto$simple.cc:194:make_patterns_logic$10823 ($ne).
Removed top 1 bits (of 2) from port B of cell upduino_replay.$auto$simple.cc:194:make_patterns_logic$10821 ($ne).
Removed top 1 bits (of 2) from port B of cell upduino_replay.$auto$simple.cc:194:make_patterns_logic$10819 ($ne).
Removed top 1 bits (of 2) from port B of cell upduino_replay.$auto$simple.cc:194:make_patterns_logic$10817 ($ne).
Removed top 1 bits (of 2) from port B of cell upduino_replay.$auto$simple.cc:194:make_patterns_logic$10815 ($ne).
Removed top 1 bits (of 2) from port B of cell upduino_replay.$auto$simple.cc:194:make_patterns_logic$10683 ($ne).
Removed top 1 bits (of 2) from port B of cell upduino_replay.$auto$simple.cc:194:make_patterns_logic$10667 ($ne).
Removed top 1 bits (of 2) from port B of cell upduino_replay.$auto$simple.cc:194:make_patterns_logic$10651 ($ne).
Removed top 1 bits (of 2) from port B of cell upduino_replay.$auto$simple.cc:194:make_patterns_logic$10639 ($ne).
Removed top 1 bits (of 2) from port B of cell upduino_replay.$auto$simple.cc:194:make_patterns_logic$10625 ($ne).
Removed top 1 bits (of 2) from port B of cell upduino_replay.$auto$simple.cc:194:make_patterns_logic$10623 ($ne).
Removed top 1 bits (of 2) from port B of cell upduino_replay.$auto$simple.cc:194:make_patterns_logic$10619 ($ne).
Removed top 1 bits (of 8) from FF cell upduino_replay.$auto$ff.cc:337:slice$10568 ($sdffe).
Removed top 1 bits (of 2) from port B of cell upduino_replay.$auto$simple.cc:194:make_patterns_logic$10265 ($ne).
Removed top 1 bits (of 2) from port B of cell upduino_replay.$auto$simple.cc:194:make_patterns_logic$10239 ($ne).
Removed top 1 bits (of 3) from port B of cell upduino_replay.$auto$simple.cc:194:make_patterns_logic$10162 ($ne).
Removed top 1 bits (of 6) from port B of cell upduino_replay.$auto$fsm_map.cc:77:implement_pattern_cache$10115 ($eq).
Removed top 2 bits (of 6) from port B of cell upduino_replay.$auto$fsm_map.cc:77:implement_pattern_cache$10100 ($eq).
Removed top 1 bits (of 3) from port B of cell upduino_replay.$auto$fsm_map.cc:77:implement_pattern_cache$10062 ($eq).
Removed top 1 bits (of 3) from port B of cell upduino_replay.$auto$fsm_map.cc:77:implement_pattern_cache$10046 ($eq).
Removed top 1 bits (of 4) from port B of cell upduino_replay.$auto$fsm_map.cc:77:implement_pattern_cache$10001 ($eq).
Removed top 2 bits (of 4) from port B of cell upduino_replay.$auto$fsm_map.cc:77:implement_pattern_cache$9966 ($eq).
Removed top 2 bits (of 4) from port B of cell upduino_replay.$auto$fsm_map.cc:77:implement_pattern_cache$9935 ($eq).
Removed top 1 bits (of 3) from port B of cell upduino_replay.$auto$fsm_map.cc:77:implement_pattern_cache$9855 ($eq).
Removed top 15 bits (of 32) from port B of cell upduino_replay.$lt$rtl/upduino_replay.sv:26$395 ($lt).
Removed top 1 bits (of 33) from port B of cell upduino_replay.$flatten\system.\core.$add$rtl/core/vibration_core.sv:109$1530 ($add).
Removed top 1 bits (of 34) from port A of cell upduino_replay.$flatten\system.\core.$add$rtl/core/vibration_core.sv:110$1531 ($add).
Removed top 1 bits (of 34) from port B of cell upduino_replay.$flatten\system.\core.$add$rtl/core/vibration_core.sv:110$1531 ($add).
Removed top 1 bits (of 34) from port Y of cell upduino_replay.$flatten\system.\core.$add$rtl/core/vibration_core.sv:110$1531 ($add).
Removed top 1 bits (of 8) from port A of cell upduino_replay.$flatten\system.\core.$add$rtl/core/vibration_core.sv:114$1534 ($add).
Removed top 7 bits (of 8) from port B of cell upduino_replay.$flatten\system.\core.$add$rtl/core/vibration_core.sv:114$1534 ($add).
Removed top 23 bits (of 32) from port A of cell upduino_replay.$flatten\system.\core.$add$rtl/core/vibration_core.sv:131$1540 ($add).
Removed top 24 bits (of 32) from port B of cell upduino_replay.$flatten\system.\core.$add$rtl/core/vibration_core.sv:131$1540 ($add).
Removed top 22 bits (of 32) from port Y of cell upduino_replay.$flatten\system.\core.$add$rtl/core/vibration_core.sv:131$1540 ($add).
Removed top 22 bits (of 32) from port A of cell upduino_replay.$flatten\system.\core.$add$rtl/core/vibration_core.sv:131$1541 ($add).
Removed top 28 bits (of 32) from port B of cell upduino_replay.$flatten\system.\core.$add$rtl/core/vibration_core.sv:131$1541 ($add).
Removed top 21 bits (of 32) from port Y of cell upduino_replay.$flatten\system.\core.$add$rtl/core/vibration_core.sv:131$1541 ($add).
Removed top 24 bits (of 32) from port A of cell upduino_replay.$flatten\system.\core.$add$rtl/core/vibration_core.sv:131$1544 ($add).
Removed top 28 bits (of 32) from port B of cell upduino_replay.$flatten\system.\core.$add$rtl/core/vibration_core.sv:131$1544 ($add).
Removed top 23 bits (of 32) from port Y of cell upduino_replay.$flatten\system.\core.$add$rtl/core/vibration_core.sv:131$1544 ($add).
Removed top 23 bits (of 32) from mux cell upduino_replay.$flatten\system.\core.$ternary$rtl/core/vibration_core.sv:131$1545 ($mux).
Removed top 6 bits (of 7) from port B of cell upduino_replay.$flatten\system.\core.$add$rtl/core/vibration_core.sv:132$1546 ($add).
Removed top 3 bits (of 4) from port B of cell upduino_replay.$flatten\system.\core.$add$rtl/core/vibration_core.sv:134$1547 ($add).
Converting cell upduino_replay.$flatten\system.\core.$sub$rtl/core/vibration_core.sv:228$1564 ($sub) from unsigned to signed.
Removed top 24 bits (of 40) from port A of cell upduino_replay.$flatten\system.\core.$sub$rtl/core/vibration_core.sv:228$1564 ($sub).
Removed top 24 bits (of 40) from port B of cell upduino_replay.$flatten\system.\core.$sub$rtl/core/vibration_core.sv:228$1564 ($sub).
Removed top 23 bits (of 40) from port Y of cell upduino_replay.$flatten\system.\core.$sub$rtl/core/vibration_core.sv:228$1564 ($sub).
Removed top 35 bits (of 40) from port A of cell upduino_replay.$flatten\system.\core.$gt$rtl/core/vibration_core.sv:149$1571 ($gt).
Removed top 35 bits (of 40) from port B of cell upduino_replay.$flatten\system.\core.$gt$rtl/core/vibration_core.sv:149$1571 ($gt).
Removed top 39 bits (of 40) from mux cell upduino_replay.$flatten\system.\core.$ternary$rtl/core/vibration_core.sv:149$1575 ($mux).
Converting cell upduino_replay.$flatten\system.\core.$add$rtl/core/vibration_core.sv:149$1576 ($add) from unsigned to signed.
Removed top 28 bits (of 40) from port A of cell upduino_replay.$flatten\system.\core.$add$rtl/core/vibration_core.sv:149$1576 ($add).
Removed top 38 bits (of 40) from port B of cell upduino_replay.$flatten\system.\core.$add$rtl/core/vibration_core.sv:149$1576 ($add).
Removed top 27 bits (of 40) from port Y of cell upduino_replay.$flatten\system.\core.$add$rtl/core/vibration_core.sv:149$1576 ($add).
Removed top 20 bits (of 32) from port B of cell upduino_replay.$flatten\system.\core.$gt$rtl/core/vibration_core.sv:156$1577 ($gt).
Removed top 28 bits (of 40) from port B of cell upduino_replay.$flatten\system.\core.$lt$rtl/core/vibration_core.sv:157$1579 ($lt).
Removed top 22 bits (of 32) from mux cell upduino_replay.$flatten\system.\core.$ternary$rtl/core/vibration_core.sv:249$1623 ($mux).
Removed top 26 bits (of 40) from port A of cell upduino_replay.$flatten\system.\core.$gt$rtl/core/vibration_core.sv:149$1645 ($gt).
Removed top 26 bits (of 40) from port B of cell upduino_replay.$flatten\system.\core.$gt$rtl/core/vibration_core.sv:149$1645 ($gt).
Removed top 39 bits (of 40) from mux cell upduino_replay.$flatten\system.\core.$ternary$rtl/core/vibration_core.sv:149$1649 ($mux).
Converting cell upduino_replay.$flatten\system.\core.$add$rtl/core/vibration_core.sv:149$1650 ($add) from unsigned to signed.
Removed top 22 bits (of 40) from port A of cell upduino_replay.$flatten\system.\core.$add$rtl/core/vibration_core.sv:149$1650 ($add).
Removed top 38 bits (of 40) from port B of cell upduino_replay.$flatten\system.\core.$add$rtl/core/vibration_core.sv:149$1650 ($add).
Removed top 21 bits (of 40) from port Y of cell upduino_replay.$flatten\system.\core.$add$rtl/core/vibration_core.sv:149$1650 ($add).
Removed top 20 bits (of 32) from port B of cell upduino_replay.$flatten\system.\core.$gt$rtl/core/vibration_core.sv:156$1651 ($gt).
Removed top 28 bits (of 40) from port B of cell upduino_replay.$flatten\system.\core.$lt$rtl/core/vibration_core.sv:157$1653 ($lt).
Converting cell upduino_replay.$flatten\system.\core.$neg$rtl/core/vibration_core.sv:289$1881 ($neg) from signed to unsigned.
Removed top 1 bits (of 2) from port A of cell upduino_replay.$flatten\system.\core.$neg$rtl/core/vibration_core.sv:289$1881 ($neg).
Removed top 30 bits (of 32) from port Y of cell upduino_replay.$flatten\system.\core.$or$rtl/core/vibration_core.sv:289$1883 ($or).
Removed top 30 bits (of 32) from port A of cell upduino_replay.$flatten\system.\core.$or$rtl/core/vibration_core.sv:289$1883 ($or).
Removed top 30 bits (of 32) from port B of cell upduino_replay.$flatten\system.\core.$or$rtl/core/vibration_core.sv:289$1883 ($or).
Removed top 10 bits (of 26) from port B of cell upduino_replay.$flatten\system.\core.$add$rtl/core/vibration_core.sv:290$1884 ($add).
Removed top 31 bits (of 32) from port B of cell upduino_replay.$flatten\system.\core.$add$rtl/core/vibration_core.sv:294$1888 ($add).
Removed top 31 bits (of 32) from port B of cell upduino_replay.$flatten\system.\core.$add$rtl/core/vibration_core.sv:295$1889 ($add).
Removed top 22 bits (of 32) from port Y of cell upduino_replay.$flatten\system.\core.$add$rtl/core/vibration_core.sv:295$1889 ($add).
Removed top 4 bits (of 5) from port B of cell upduino_replay.$flatten\system.\core.$ge$rtl/core/vibration_core.sv:299$1890 ($ge).
Removed top 2 bits (of 5) from port B of cell upduino_replay.$flatten\system.\core.$le$rtl/core/vibration_core.sv:299$1891 ($le).
Removed top 31 bits (of 32) from port B of cell upduino_replay.$flatten\system.\core.$add$rtl/core/vibration_core.sv:299$1893 ($add).
Removed top 20 bits (of 32) from port Y of cell upduino_replay.$flatten\system.\core.$add$rtl/core/vibration_core.sv:299$1893 ($add).
Removed top 2 bits (of 5) from port B of cell upduino_replay.$flatten\system.\core.$ge$rtl/core/vibration_core.sv:300$1894 ($ge).
Removed top 1 bits (of 5) from port B of cell upduino_replay.$flatten\system.\core.$le$rtl/core/vibration_core.sv:300$1895 ($le).
Removed top 31 bits (of 32) from port B of cell upduino_replay.$flatten\system.\core.$add$rtl/core/vibration_core.sv:300$1897 ($add).
Removed top 13 bits (of 32) from port Y of cell upduino_replay.$flatten\system.\core.$add$rtl/core/vibration_core.sv:300$1897 ($add).
Removed top 1 bits (of 5) from port B of cell upduino_replay.$flatten\system.\core.$ge$rtl/core/vibration_core.sv:301$1898 ($ge).
Removed top 31 bits (of 32) from port B of cell upduino_replay.$flatten\system.\core.$add$rtl/core/vibration_core.sv:301$1901 ($add).
Removed top 22 bits (of 32) from port Y of cell upduino_replay.$flatten\system.\core.$add$rtl/core/vibration_core.sv:301$1901 ($add).
Removed top 31 bits (of 32) from port B of cell upduino_replay.$flatten\system.\core.$add$rtl/core/vibration_core.sv:302$1905 ($add).
Removed top 22 bits (of 32) from port Y of cell upduino_replay.$flatten\system.\core.$add$rtl/core/vibration_core.sv:302$1905 ($add).
Removed top 31 bits (of 32) from port B of cell upduino_replay.$flatten\system.\core.$add$rtl/core/vibration_core.sv:303$1911 ($add).
Removed top 13 bits (of 32) from port Y of cell upduino_replay.$flatten\system.\core.$add$rtl/core/vibration_core.sv:303$1911 ($add).
Removed top 30 bits (of 32) from port Y of cell upduino_replay.$flatten\system.\core.$or$rtl/core/vibration_core.sv:308$2000 ($or).
Removed top 30 bits (of 32) from port A of cell upduino_replay.$flatten\system.\core.$or$rtl/core/vibration_core.sv:308$2000 ($or).
Removed top 30 bits (of 32) from port B of cell upduino_replay.$flatten\system.\core.$or$rtl/core/vibration_core.sv:308$2000 ($or).
Converting cell upduino_replay.$flatten\system.\core.$neg$rtl/core/vibration_core.sv:308$2005 ($neg) from signed to unsigned.
Removed top 1 bits (of 2) from port A of cell upduino_replay.$flatten\system.\core.$neg$rtl/core/vibration_core.sv:308$2005 ($neg).
Removed top 30 bits (of 32) from port Y of cell upduino_replay.$flatten\system.\core.$or$rtl/core/vibration_core.sv:308$2007 ($or).
Removed top 30 bits (of 32) from port A of cell upduino_replay.$flatten\system.\core.$or$rtl/core/vibration_core.sv:308$2007 ($or).
Removed top 30 bits (of 32) from port B of cell upduino_replay.$flatten\system.\core.$or$rtl/core/vibration_core.sv:308$2007 ($or).
Removed top 30 bits (of 40) from port A of cell upduino_replay.$flatten\system.\core.$gt$rtl/core/vibration_core.sv:149$2017 ($gt).
Removed top 30 bits (of 40) from port B of cell upduino_replay.$flatten\system.\core.$gt$rtl/core/vibration_core.sv:149$2017 ($gt).
Removed top 39 bits (of 40) from mux cell upduino_replay.$flatten\system.\core.$ternary$rtl/core/vibration_core.sv:149$2021 ($mux).
Converting cell upduino_replay.$flatten\system.\core.$add$rtl/core/vibration_core.sv:149$2022 ($add) from unsigned to signed.
Removed top 24 bits (of 40) from port A of cell upduino_replay.$flatten\system.\core.$add$rtl/core/vibration_core.sv:149$2022 ($add).
Removed top 38 bits (of 40) from port B of cell upduino_replay.$flatten\system.\core.$add$rtl/core/vibration_core.sv:149$2022 ($add).
Removed top 24 bits (of 40) from port Y of cell upduino_replay.$flatten\system.\core.$add$rtl/core/vibration_core.sv:149$2022 ($add).
Converting cell upduino_replay.$flatten\system.\core.$neg$rtl/core/vibration_core.sv:322$2060 ($neg) from signed to unsigned.
Removed top 1 bits (of 2) from port A of cell upduino_replay.$flatten\system.\core.$neg$rtl/core/vibration_core.sv:322$2060 ($neg).
Removed top 30 bits (of 32) from port Y of cell upduino_replay.$flatten\system.\core.$or$rtl/core/vibration_core.sv:322$2062 ($or).
Removed top 30 bits (of 32) from port A of cell upduino_replay.$flatten\system.\core.$or$rtl/core/vibration_core.sv:322$2062 ($or).
Removed top 30 bits (of 32) from port B of cell upduino_replay.$flatten\system.\core.$or$rtl/core/vibration_core.sv:322$2062 ($or).
Removed top 1 bits (of 10) from mux cell upduino_replay.$flatten\system.\core.$ternary$rtl/core/vibration_core.sv:327$2067 ($mux).
Removed top 6 bits (of 16) from port Y of cell upduino_replay.$flatten\system.\core.$add$rtl/core/vibration_core.sv:335$2072 ($add).
Removed top 31 bits (of 32) from port B of cell upduino_replay.$flatten\system.\core.$add$rtl/core/vibration_core.sv:338$2074 ($add).
Removed top 22 bits (of 32) from port Y of cell upduino_replay.$flatten\system.\core.$add$rtl/core/vibration_core.sv:338$2074 ($add).
Removed top 16 bits (of 32) from port B of cell upduino_replay.$flatten\system.\core.$gt$rtl/core/vibration_core.sv:164$2107 ($gt).
Removed top 24 bits (of 40) from port B of cell upduino_replay.$flatten\system.\core.$lt$rtl/core/vibration_core.sv:165$2109 ($lt).
Removed top 20 bits (of 40) from port A of cell upduino_replay.$flatten\system.\core.$gt$rtl/core/vibration_core.sv:149$2117 ($gt).
Removed top 20 bits (of 40) from port B of cell upduino_replay.$flatten\system.\core.$gt$rtl/core/vibration_core.sv:149$2117 ($gt).
Removed top 39 bits (of 40) from mux cell upduino_replay.$flatten\system.\core.$ternary$rtl/core/vibration_core.sv:149$2121 ($mux).
Converting cell upduino_replay.$flatten\system.\core.$add$rtl/core/vibration_core.sv:149$2122 ($add) from unsigned to signed.
Removed top 20 bits (of 40) from port A of cell upduino_replay.$flatten\system.\core.$add$rtl/core/vibration_core.sv:149$2122 ($add).
Removed top 38 bits (of 40) from port B of cell upduino_replay.$flatten\system.\core.$add$rtl/core/vibration_core.sv:149$2122 ($add).
Removed top 19 bits (of 40) from port Y of cell upduino_replay.$flatten\system.\core.$add$rtl/core/vibration_core.sv:149$2122 ($add).
Removed top 16 bits (of 32) from port B of cell upduino_replay.$flatten\system.\core.$gt$rtl/core/vibration_core.sv:164$2123 ($gt).
Removed top 24 bits (of 40) from port B of cell upduino_replay.$flatten\system.\core.$lt$rtl/core/vibration_core.sv:165$2125 ($lt).
Removed top 25 bits (of 32) from port A of cell upduino_replay.$flatten\system.\core.$add$rtl/core/vibration_core.sv:346$2145 ($add).
Removed top 31 bits (of 32) from port B of cell upduino_replay.$flatten\system.\core.$add$rtl/core/vibration_core.sv:346$2145 ($add).
Removed top 24 bits (of 32) from port Y of cell upduino_replay.$flatten\system.\core.$add$rtl/core/vibration_core.sv:346$2145 ($add).
Removed top 24 bits (of 32) from port A of cell upduino_replay.$flatten\system.\core.$eq$rtl/core/vibration_core.sv:346$2146 ($eq).
Removed top 25 bits (of 32) from port B of cell upduino_replay.$flatten\system.\core.$eq$rtl/core/vibration_core.sv:346$2146 ($eq).
Removed top 6 bits (of 7) from port B of cell upduino_replay.$flatten\system.\core.$add$rtl/core/vibration_core.sv:347$2147 ($add).
Removed top 31 bits (of 32) from port B of cell upduino_replay.$flatten\system.\core.$add$rtl/core/vibration_core.sv:360$2151 ($add).
Removed top 30 bits (of 32) from port Y of cell upduino_replay.$flatten\system.\core.$add$rtl/core/vibration_core.sv:360$2151 ($add).
Removed top 26 bits (of 32) from port B of cell upduino_replay.$flatten\system.\core.$gt$rtl/core/vibration_core.sv:368$2157 ($gt).
Removed top 31 bits (of 32) from port B of cell upduino_replay.$flatten\system.\core.$sub$rtl/core/vibration_core.sv:375$2159 ($sub).
Removed top 24 bits (of 32) from port Y of cell upduino_replay.$flatten\system.\core.$sub$rtl/core/vibration_core.sv:375$2159 ($sub).
Removed top 7 bits (of 8) from port B of cell upduino_replay.$flatten\system.\core.$eq$rtl/core/vibration_core.sv:376$2160 ($eq).
Removed top 31 bits (of 32) from port B of cell upduino_replay.$flatten\system.\core.$add$rtl/core/vibration_core.sv:382$2162 ($add).
Removed top 28 bits (of 32) from port Y of cell upduino_replay.$flatten\system.\core.$add$rtl/core/vibration_core.sv:382$2162 ($add).
Removed top 31 bits (of 32) from port B of cell upduino_replay.$flatten\system.\core.$add$rtl/core/vibration_core.sv:382$2163 ($add).
Removed top 26 bits (of 32) from port Y of cell upduino_replay.$flatten\system.\core.$add$rtl/core/vibration_core.sv:382$2163 ($add).
Removed top 28 bits (of 32) from port A of cell upduino_replay.$flatten\system.\core.$lt$rtl/core/vibration_core.sv:388$2168 ($lt).
Removed top 30 bits (of 32) from port B of cell upduino_replay.$flatten\system.\core.$lt$rtl/core/vibration_core.sv:388$2168 ($lt).
Removed top 8 bits (of 40) from port B of cell upduino_replay.$flatten\system.\core.$add$rtl/core/vibration_core.sv:396$2174 ($add).
Removed top 31 bits (of 32) from port B of cell upduino_replay.$flatten\system.\core.$add$rtl/core/vibration_core.sv:398$2176 ($add).
Removed top 28 bits (of 32) from port Y of cell upduino_replay.$flatten\system.\core.$add$rtl/core/vibration_core.sv:398$2176 ($add).
Removed top 8 bits (of 40) from port B of cell upduino_replay.$flatten\system.\core.$gt$rtl/core/vibration_core.sv:401$2177 ($gt).
Removed top 8 bits (of 40) from port B of cell upduino_replay.$flatten\system.\core.$lt$rtl/core/vibration_core.sv:401$2178 ($lt).
Removed top 32 bits (of 40) from port A of cell upduino_replay.$flatten\system.\core.$gt$rtl/core/vibration_core.sv:149$2209 ($gt).
Removed top 32 bits (of 40) from port B of cell upduino_replay.$flatten\system.\core.$gt$rtl/core/vibration_core.sv:149$2209 ($gt).
Removed top 39 bits (of 40) from mux cell upduino_replay.$flatten\system.\core.$ternary$rtl/core/vibration_core.sv:149$2213 ($mux).
Converting cell upduino_replay.$flatten\system.\core.$add$rtl/core/vibration_core.sv:149$2214 ($add) from unsigned to signed.
Removed top 8 bits (of 40) from port A of cell upduino_replay.$flatten\system.\core.$add$rtl/core/vibration_core.sv:149$2214 ($add).
Removed top 38 bits (of 40) from port B of cell upduino_replay.$flatten\system.\core.$add$rtl/core/vibration_core.sv:149$2214 ($add).
Removed top 7 bits (of 40) from port Y of cell upduino_replay.$flatten\system.\core.$add$rtl/core/vibration_core.sv:149$2214 ($add).
Removed top 31 bits (of 32) from port B of cell upduino_replay.$flatten\system.\core.$le$rtl/core/vibration_core.sv:174$2215 ($le).
Removed top 24 bits (of 32) from port B of cell upduino_replay.$flatten\system.\core.$gt$rtl/core/vibration_core.sv:175$2217 ($gt).
Removed top 2 bits (of 4) from port B of cell upduino_replay.$flatten\system.\core.$lt$rtl/core/vibration_core.sv:406$2235 ($lt).
Removed top 27 bits (of 32) from port B of cell upduino_replay.$flatten\system.\core.$eq$rtl/core/vibration_core.sv:411$2242 ($eq).
Removed top 28 bits (of 32) from port A of cell upduino_replay.$flatten\system.\core.$add$rtl/core/vibration_core.sv:412$2244 ($add).
Removed top 31 bits (of 32) from port B of cell upduino_replay.$flatten\system.\core.$add$rtl/core/vibration_core.sv:412$2244 ($add).
Removed top 27 bits (of 32) from port Y of cell upduino_replay.$flatten\system.\core.$add$rtl/core/vibration_core.sv:412$2244 ($add).
Removed top 27 bits (of 32) from port A of cell upduino_replay.$flatten\system.\core.$ge$rtl/core/vibration_core.sv:412$2245 ($ge).
Removed top 30 bits (of 32) from port B of cell upduino_replay.$flatten\system.\core.$ge$rtl/core/vibration_core.sv:412$2245 ($ge).
Removed top 3 bits (of 4) from port B of cell upduino_replay.$flatten\system.\core.$add$rtl/core/vibration_core.sv:413$2247 ($add).
Removed top 31 bits (of 32) from port B of cell upduino_replay.$flatten\system.\core.$add$rtl/core/vibration_core.sv:414$2248 ($add).
Removed top 31 bits (of 32) from port Y of cell upduino_replay.$flatten\system.\core.$add$rtl/core/vibration_core.sv:414$2248 ($add).
Removed top 2 bits (of 5) from mux cell upduino_replay.$flatten\system.\core.$procmux$7345 ($mux).
Removed top 2 bits (of 5) from mux cell upduino_replay.$flatten\system.\core.$procmux$7348 ($mux).
Removed top 2 bits (of 5) from mux cell upduino_replay.$flatten\system.\core.$procmux$7354 ($mux).
Removed top 1 bits (of 5) from port B of cell upduino_replay.$flatten\system.\core.$procmux$7366_CMP0 ($eq).
Removed top 1 bits (of 5) from port B of cell upduino_replay.$flatten\system.\core.$procmux$7373_CMP0 ($eq).
Removed top 2 bits (of 5) from mux cell upduino_replay.$flatten\system.\core.$procmux$7375 ($mux).
Removed top 1 bits (of 5) from port B of cell upduino_replay.$flatten\system.\core.$procmux$7377_CMP0 ($eq).
Removed top 1 bits (of 5) from port B of cell upduino_replay.$flatten\system.\core.$procmux$7379_CMP0 ($eq).
Removed top 1 bits (of 5) from mux cell upduino_replay.$flatten\system.\core.$procmux$7383 ($mux).
Removed top 1 bits (of 5) from port B of cell upduino_replay.$flatten\system.\core.$procmux$7387_CMP0 ($eq).
Removed top 1 bits (of 5) from mux cell upduino_replay.$flatten\system.\core.$procmux$7389 ($mux).
Removed top 1 bits (of 5) from port B of cell upduino_replay.$flatten\system.\core.$procmux$7391_CMP0 ($eq).
Removed top 2 bits (of 5) from port B of cell upduino_replay.$flatten\system.\core.$procmux$7393_CMP0 ($eq).
Removed top 2 bits (of 5) from port B of cell upduino_replay.$flatten\system.\core.$procmux$7394_CMP0 ($eq).
Removed top 2 bits (of 5) from mux cell upduino_replay.$flatten\system.\core.$procmux$7396 ($mux).
Removed top 2 bits (of 5) from port B of cell upduino_replay.$flatten\system.\core.$procmux$7398_CMP0 ($eq).
Removed top 3 bits (of 5) from port B of cell upduino_replay.$flatten\system.\core.$procmux$7400_CMP0 ($eq).
Removed top 4 bits (of 5) from port B of cell upduino_replay.$flatten\system.\core.$procmux$7401_CMP0 ($eq).
Removed top 22 bits (of 32) from mux cell upduino_replay.$flatten\system.\core.$procmux$7509 ($mux).
Removed top 22 bits (of 32) from mux cell upduino_replay.$flatten\system.\core.$procmux$7518 ($mux).
Removed top 1 bits (of 5) from port B of cell upduino_replay.$flatten\system.\core.$procmux$7641_CMP0 ($eq).
Removed top 1 bits (of 5) from port B of cell upduino_replay.$flatten\system.\core.$procmux$7642_CMP0 ($eq).
Removed top 2 bits (of 5) from port B of cell upduino_replay.$flatten\system.\core.$procmux$7643_CMP0 ($eq).
Removed top 3 bits (of 5) from port B of cell upduino_replay.$flatten\system.\core.$procmux$7644_CMP0 ($eq).
Removed top 1 bits (of 2) from port B of cell upduino_replay.$flatten\system.\core.\hann_rom.$eq$rtl/core/vib_coeff_rom.sv:29$1469 ($eq).
Removed top 1 bits (of 2) from port B of cell upduino_replay.$flatten\system.\core.\g_lane[0].coeff_rom.$eq$rtl/core/vib_coeff_rom.sv:29$1455 ($eq).
Removed top 22 bits (of 49) from mux cell upduino_replay.$flatten\system.\input_queue.$ternary$rtl/upduino_replay.sv:345$1362 ($mux).
Removed top 1 bits (of 2) from port B of cell upduino_replay.$flatten\system.\input_queue.$procmux$8305_CMP0 ($eq).
Removed top 14 bits (of 16) from port B of cell upduino_replay.$flatten\system.\source.$eq$rtl/io/replay_source.sv:33$1374 ($eq).
Removed top 31 bits (of 32) from port B of cell upduino_replay.$flatten\system.\source.$add$rtl/io/replay_source.sv:36$1378 ($add).
Removed top 21 bits (of 32) from port Y of cell upduino_replay.$flatten\system.\source.$add$rtl/io/replay_source.sv:36$1378 ($add).
Removed top 21 bits (of 32) from port A of cell upduino_replay.$flatten\system.\source.$eq$rtl/io/replay_source.sv:36$1379 ($eq).
Removed top 31 bits (of 32) from port B of cell upduino_replay.$flatten\system.\source.$add$rtl/io/replay_source.sv:40$1381 ($add).
Removed top 15 bits (of 32) from port Y of cell upduino_replay.$flatten\system.\source.$add$rtl/io/replay_source.sv:40$1381 ($add).
Removed top 15 bits (of 32) from port A of cell upduino_replay.$flatten\system.\source.$eq$rtl/io/replay_source.sv:40$1382 ($eq).
Removed top 18 bits (of 32) from port A of cell upduino_replay.$flatten\system.\source.$add$rtl/io/replay_source.sv:43$1386 ($add).
Removed top 31 bits (of 32) from port B of cell upduino_replay.$flatten\system.\source.$add$rtl/io/replay_source.sv:43$1386 ($add).
Removed top 17 bits (of 32) from port Y of cell upduino_replay.$flatten\system.\source.$add$rtl/io/replay_source.sv:43$1386 ($add).
Removed top 17 bits (of 32) from port A of cell upduino_replay.$flatten\system.\source.$eq$rtl/io/replay_source.sv:43$1387 ($eq).
Removed top 17 bits (of 32) from port B of cell upduino_replay.$flatten\system.\source.$eq$rtl/io/replay_source.sv:43$1387 ($eq).
Removed top 7 bits (of 8) from mux cell upduino_replay.$flatten\system.\transport.$ternary$rtl/io/flash_stream.sv:56$1401 ($mux).
Removed top 23 bits (of 32) from port B of cell upduino_replay.$flatten\system.\transport.$gt$rtl/io/flash_stream.sv:85$1412 ($gt).
Removed top 24 bits (of 32) from port A of cell upduino_replay.$flatten\system.\transport.$add$rtl/io/flash_stream.sv:86$1413 ($add).
Removed top 16 bits (of 32) from port B of cell upduino_replay.$flatten\system.\transport.$add$rtl/io/flash_stream.sv:86$1413 ($add).
Removed top 15 bits (of 32) from port Y of cell upduino_replay.$flatten\system.\transport.$add$rtl/io/flash_stream.sv:86$1413 ($add).
Removed top 15 bits (of 32) from port A of cell upduino_replay.$flatten\system.\transport.$gt$rtl/io/flash_stream.sv:86$1414 ($gt).
Removed top 23 bits (of 32) from port B of cell upduino_replay.$flatten\system.\transport.$gt$rtl/io/flash_stream.sv:86$1414 ($gt).
Removed top 2 bits (of 24) from port B of cell upduino_replay.$flatten\system.\transport.$lt$rtl/io/flash_stream.sv:87$1416 ($lt).
Removed top 1 bits (of 25) from port A of cell upduino_replay.$flatten\system.\transport.$add$rtl/io/flash_stream.sv:87$1418 ($add).
Removed top 9 bits (of 25) from port B of cell upduino_replay.$flatten\system.\transport.$add$rtl/io/flash_stream.sv:87$1418 ($add).
Removed top 3 bits (of 25) from port B of cell upduino_replay.$flatten\system.\transport.$gt$rtl/io/flash_stream.sv:87$1419 ($gt).
Removed top 15 bits (of 16) from port B of cell upduino_replay.$flatten\system.\transport.$eq$rtl/io/flash_stream.sv:105$1430 ($eq).
Removed top 1 bits (of 2) from port B of cell upduino_replay.$flatten\system.\transport.$procmux$8129_CMP0 ($eq).
Removed top 1 bits (of 8) from mux cell upduino_replay.$flatten\system.\transport.\spi.$procmux$7750 ($mux).
Removed top 1 bits (of 8) from mux cell upduino_replay.$flatten\system.\transport.\spi.$procmux$7747 ($mux).
Removed top 1 bits (of 8) from mux cell upduino_replay.$flatten\system.\transport.\spi.$procmux$7745 ($mux).
Removed top 1 bits (of 8) from mux cell upduino_replay.$flatten\system.\transport.\spi.$procmux$7742 ($mux).
Removed top 1 bits (of 8) from mux cell upduino_replay.$flatten\system.\transport.\spi.$procmux$7740 ($mux).
Removed top 1 bits (of 8) from mux cell upduino_replay.$flatten\system.\transport.\spi.$procmux$7737 ($mux).
Removed top 3 bits (of 4) from port B of cell upduino_replay.$flatten\system.$procmux$9393_CMP0 ($eq).
Removed top 2 bits (of 4) from port B of cell upduino_replay.$flatten\system.$procmux$9392_CMP0 ($eq).
Removed top 1 bits (of 4) from port B of cell upduino_replay.$flatten\system.$procmux$9391_CMP0 ($eq).
Removed top 1 bits (of 4) from port B of cell upduino_replay.$flatten\system.$procmux$9390_CMP0 ($eq).
Removed top 1 bits (of 4) from port B of cell upduino_replay.$flatten\system.$procmux$9389_CMP0 ($eq).
Removed top 1 bits (of 4) from port B of cell upduino_replay.$flatten\system.$procmux$9388_CMP0 ($eq).
Removed top 3 bits (of 4) from port B of cell upduino_replay.$flatten\system.$procmux$9380_CMP0 ($eq).
Removed top 2 bits (of 4) from port B of cell upduino_replay.$flatten\system.$procmux$9379_CMP0 ($eq).
Removed top 2 bits (of 4) from port B of cell upduino_replay.$flatten\system.$procmux$9378_CMP0 ($eq).
Removed top 1 bits (of 4) from port B of cell upduino_replay.$flatten\system.$procmux$9377_CMP0 ($eq).
Removed top 1 bits (of 4) from port B of cell upduino_replay.$flatten\system.$procmux$9376_CMP0 ($eq).
Removed top 1 bits (of 4) from port B of cell upduino_replay.$flatten\system.$procmux$9375_CMP0 ($eq).
Removed top 1 bits (of 4) from port B of cell upduino_replay.$flatten\system.$procmux$9374_CMP0 ($eq).
Removed top 1 bits (of 2) from port B of cell upduino_replay.$flatten\system.$procmux$9311_CMP0 ($eq).
Removed top 2 bits (of 3) from port B of cell upduino_replay.$flatten\system.$procmux$9148_CMP0 ($eq).
Removed top 1 bits (of 3) from port B of cell upduino_replay.$flatten\system.$procmux$9145_CMP0 ($eq).
Removed top 1 bits (of 3) from port B of cell upduino_replay.$flatten\system.$procmux$9142_CMP0 ($eq).
Removed top 23 bits (of 32) from port B of cell upduino_replay.$flatten\system.$ge$rtl/upduino_replay.sv:324$557 ($ge).
Removed top 14 bits (of 32) from port Y of cell upduino_replay.$flatten\system.$sub$rtl/upduino_replay.sv:324$556 ($sub).
Removed top 29 bits (of 32) from port B of cell upduino_replay.$flatten\system.$ge$rtl/upduino_replay.sv:322$551 ($ge).
Removed top 8 bits (of 9) from port B of cell upduino_replay.$flatten\system.$eq$rtl/upduino_replay.sv:315$545 ($eq).
Removed top 1 bits (of 14) from port A of cell upduino_replay.$flatten\system.$auto$opt_expr.cc:702:replace_const_cells$9669 ($not).
Removed top 1 bits (of 14) from port A of cell upduino_replay.$flatten\system.$auto$opt_expr.cc:702:replace_const_cells$9667 ($not).
Removed top 1 bits (of 14) from port A of cell upduino_replay.$flatten\system.$auto$opt_expr.cc:702:replace_const_cells$9665 ($not).
Removed top 1 bits (of 14) from port A of cell upduino_replay.$flatten\system.$auto$opt_expr.cc:702:replace_const_cells$9663 ($not).
Removed top 1 bits (of 14) from port A of cell upduino_replay.$flatten\system.$auto$opt_expr.cc:702:replace_const_cells$9661 ($not).
Removed top 1 bits (of 14) from port A of cell upduino_replay.$flatten\system.$auto$opt_expr.cc:702:replace_const_cells$9659 ($not).
Removed top 1 bits (of 14) from port A of cell upduino_replay.$flatten\system.$auto$opt_expr.cc:702:replace_const_cells$9657 ($not).
Removed top 1 bits (of 14) from port A of cell upduino_replay.$flatten\system.$auto$opt_expr.cc:702:replace_const_cells$9655 ($not).
Removed top 24 bits (of 32) from port B of cell upduino_replay.$flatten\system.$xor$rtl/upduino_replay.sv:145$500 ($xor).
Removed top 23 bits (of 32) from port B of cell upduino_replay.$flatten\system.$shiftx$rtl/upduino_replay.sv:280$490 ($shiftx).
Removed top 26 bits (of 32) from port B of cell upduino_replay.$flatten\system.$ge$rtl/upduino_replay.sv:280$487 ($ge).
Removed top 16 bits (of 32) from port B of cell upduino_replay.$flatten\system.$ne$rtl/upduino_replay.sv:276$486 ($ne).
Removed top 16 bits (of 32) from port B of cell upduino_replay.$flatten\system.$gt$rtl/upduino_replay.sv:272$484 ($gt).
Removed top 29 bits (of 32) from port B of cell upduino_replay.$flatten\system.$lt$rtl/upduino_replay.sv:272$483 ($lt).
Removed top 22 bits (of 32) from port B of cell upduino_replay.$flatten\system.$gt$rtl/upduino_replay.sv:268$481 ($gt).
Removed top 31 bits (of 32) from port B of cell upduino_replay.$flatten\system.$lt$rtl/upduino_replay.sv:268$480 ($lt).
Removed top 27 bits (of 32) from port B of cell upduino_replay.$flatten\system.$gt$rtl/upduino_replay.sv:264$478 ($gt).
Removed top 21 bits (of 32) from port B of cell upduino_replay.$flatten\system.$ne$rtl/upduino_replay.sv:261$476 ($ne).
Removed top 31 bits (of 32) from port B of cell upduino_replay.$flatten\system.$ne$rtl/upduino_replay.sv:260$475 ($ne).
Removed top 2 bits (of 32) from port B of cell upduino_replay.$flatten\system.$ne$rtl/upduino_replay.sv:259$474 ($ne).
Removed top 26 bits (of 32) from port B of cell upduino_replay.$flatten\system.$lt$rtl/upduino_replay.sv:257$471 ($lt).
Removed top 22 bits (of 32) from port B of cell upduino_replay.$flatten\system.$lt$rtl/upduino_replay.sv:231$453 ($lt).
Removed top 26 bits (of 32) from port B of cell upduino_replay.$flatten\system.$shiftx$rtl/upduino_replay.sv:204$432 ($shiftx).
Removed top 20 bits (of 24) from mux cell upduino_replay.$flatten\system.$ternary$rtl/upduino_replay.sv:199$427 ($mux).
Removed top 2 bits (of 24) from port A of cell upduino_replay.$flatten\system.$add$rtl/upduino_replay.sv:198$425 ($add).
Removed top 7 bits (of 24) from port B of cell upduino_replay.$flatten\system.$add$rtl/upduino_replay.sv:198$425 ($add).
Removed top 1 bits (of 24) from port Y of cell upduino_replay.$flatten\system.$add$rtl/upduino_replay.sv:198$425 ($add).
Removed top 10 bits (of 15) from port B of cell upduino_replay.$flatten\system.$add$rtl/upduino_replay.sv:126$402 ($add).
Removed top 2 bits (of 11) from port Y of cell upduino_replay.$flatten\system.\core.$add$rtl/core/vibration_core.sv:131$1541 ($add).
Removed top 1 bits (of 10) from port A of cell upduino_replay.$flatten\system.\core.$add$rtl/core/vibration_core.sv:131$1541 ($add).
Removed top 30 bits (of 32) from port Y of cell upduino_replay.$flatten\system.\core.$and$rtl/core/vibration_core.sv:289$1880 ($and).
Removed top 30 bits (of 32) from port B of cell upduino_replay.$flatten\system.\core.$and$rtl/core/vibration_core.sv:289$1880 ($and).
Removed top 30 bits (of 32) from port Y of cell upduino_replay.$flatten\system.\core.$and$rtl/core/vibration_core.sv:308$1997 ($and).
Removed top 30 bits (of 32) from port B of cell upduino_replay.$flatten\system.\core.$and$rtl/core/vibration_core.sv:308$1997 ($and).
Removed top 30 bits (of 32) from port Y of cell upduino_replay.$flatten\system.\core.$shift$rtl/core/vibration_core.sv:308$1999 ($shift).
Removed top 30 bits (of 32) from port Y of cell upduino_replay.$flatten\system.\core.$and$rtl/core/vibration_core.sv:308$2004 ($and).
Removed top 30 bits (of 32) from port B of cell upduino_replay.$flatten\system.\core.$and$rtl/core/vibration_core.sv:308$2004 ($and).
Removed top 30 bits (of 32) from port Y of cell upduino_replay.$flatten\system.\core.$and$rtl/core/vibration_core.sv:322$2059 ($and).
Removed top 30 bits (of 32) from port B of cell upduino_replay.$flatten\system.\core.$and$rtl/core/vibration_core.sv:322$2059 ($and).
Removed top 30 bits (of 32) from port Y of cell upduino_replay.$flatten\system.\core.$shift$rtl/core/vibration_core.sv:322$2061 ($shift).
Removed top 22 bits (of 32) from mux cell upduino_replay.$flatten\system.\core.$procmux$7480 ($mux).
Removed top 22 bits (of 32) from mux cell upduino_replay.$flatten\system.\core.$procmux$7498 ($mux).
Removed top 1 bits (of 10) from port Y of cell upduino_replay.$flatten\system.\core.$add$rtl/core/vibration_core.sv:131$1540 ($add).
Removed top 30 bits (of 32) from port Y of cell upduino_replay.$flatten\system.\core.$not$rtl/core/vibration_core.sv:289$1879 ($not).
Removed top 30 bits (of 32) from port A of cell upduino_replay.$flatten\system.\core.$not$rtl/core/vibration_core.sv:289$1879 ($not).
Removed top 30 bits (of 32) from port Y of cell upduino_replay.$flatten\system.\core.$not$rtl/core/vibration_core.sv:308$2003 ($not).
Removed top 30 bits (of 32) from port A of cell upduino_replay.$flatten\system.\core.$not$rtl/core/vibration_core.sv:308$2003 ($not).
Removed top 30 bits (of 32) from port Y of cell upduino_replay.$flatten\system.\core.$not$rtl/core/vibration_core.sv:322$2058 ($not).
Removed top 30 bits (of 32) from port A of cell upduino_replay.$flatten\system.\core.$not$rtl/core/vibration_core.sv:322$2058 ($not).
Removed top 30 bits (of 32) from port Y of cell upduino_replay.$flatten\system.\core.$shift$rtl/core/vibration_core.sv:289$1882 ($shift).
Removed top 30 bits (of 32) from port Y of cell upduino_replay.$flatten\system.\core.$shift$rtl/core/vibration_core.sv:308$2006 ($shift).
Removed top 30 bits (of 32) from port Y of cell upduino_replay.$flatten\system.\core.$shift$rtl/core/vibration_core.sv:322$2057 ($shift).
Removed top 2 bits (of 5) from wire upduino_replay.$flatten\system.\core.$procmux$7345_Y.
Removed top 2 bits (of 5) from wire upduino_replay.$flatten\system.\core.$procmux$7348_Y.
Removed top 1 bits (of 8) from wire upduino_replay.$flatten\system.\transport.\spi.$procmux$7750_Y.
Removed top 1 bits (of 8) from wire upduino_replay.$flatten\system.\transport.\spi.$procmux$7747_Y.
Removed top 21 bits (of 32) from wire upduino_replay.$flatten\system.\source.$add$rtl/io/replay_source.sv:36$1378_Y.
Removed top 15 bits (of 32) from wire upduino_replay.$flatten\system.\source.$add$rtl/io/replay_source.sv:40$1381_Y.
Removed top 17 bits (of 32) from wire upduino_replay.$flatten\system.\source.$add$rtl/io/replay_source.sv:43$1386_Y.
Removed top 2 bits (of 5) from wire upduino_replay.$flatten\system.\core.$procmux$7354_Y.
Removed top 27 bits (of 32) from wire upduino_replay.$flatten\system.\core.$add$rtl/core/vibration_core.sv:411$2241_Y.
Removed top 1 bits (of 8) from wire upduino_replay.$flatten\system.\transport.\spi.$procmux$7737_Y.
Removed top 39 bits (of 40) from wire upduino_replay.$flatten\system.\core.$ternary$rtl/core/vibration_core.sv:149$2213_Y.
Removed top 28 bits (of 32) from wire upduino_replay.$flatten\system.\core.$add$rtl/core/vibration_core.sv:398$2176_Y.
Removed top 28 bits (of 32) from wire upduino_replay.$flatten\system.\core.$add$rtl/core/vibration_core.sv:382$2162_Y.
Removed top 24 bits (of 32) from wire upduino_replay.$flatten\system.\core.$sub$rtl/core/vibration_core.sv:375$2159_Y.
Removed top 26 bits (of 32) from wire upduino_replay.$flatten\system.\core.$add$rtl/core/vibration_core.sv:361$2152_Y.
Removed top 30 bits (of 32) from wire upduino_replay.$flatten\system.\core.$add$rtl/core/vibration_core.sv:360$2151_Y.
Removed top 31 bits (of 32) from wire upduino_replay.$flatten\system.\core.$add$rtl/core/vibration_core.sv:348$2148_Y.
Removed top 24 bits (of 32) from wire upduino_replay.$flatten\system.\core.$add$rtl/core/vibration_core.sv:346$2145_Y.
Removed top 1 bits (of 8) from wire upduino_replay.$flatten\system.\transport.\spi.$procmux$7740_Y.
Removed top 39 bits (of 40) from wire upduino_replay.$flatten\system.\core.$ternary$rtl/core/vibration_core.sv:149$2105_Y.
Removed top 1 bits (of 8) from wire upduino_replay.$flatten\system.\transport.\spi.$procmux$7745_Y.
Removed top 2 bits (of 5) from wire upduino_replay.$flatten\system.\core.$procmux$7396_Y.
Removed top 6 bits (of 16) from wire upduino_replay.$flatten\system.\core.$add$rtl/core/vibration_core.sv:335$2072_Y.
Removed top 1 bits (of 10) from wire upduino_replay.$flatten\system.\core.$ternary$rtl/core/vibration_core.sv:327$2067_Y.
Removed top 22 bits (of 32) from wire upduino_replay.$flatten\system.\core.$add$rtl/core/vibration_core.sv:323$2063_Y.
Removed top 30 bits (of 32) from wire upduino_replay.$flatten\system.\core.$or$rtl/core/vibration_core.sv:322$2062_Y.
Removed top 30 bits (of 32) from wire upduino_replay.$flatten\system.\core.$shift$rtl/core/vibration_core.sv:322$2061_Y.
Removed top 30 bits (of 32) from wire upduino_replay.$flatten\system.\core.$and$rtl/core/vibration_core.sv:322$2059_Y.
Removed top 30 bits (of 32) from wire upduino_replay.$flatten\system.\core.$not$rtl/core/vibration_core.sv:322$2058_Y.
Removed top 30 bits (of 32) from wire upduino_replay.$flatten\system.\core.$shift$rtl/core/vibration_core.sv:322$2057_Y.
Removed top 2 bits (of 5) from wire upduino_replay.$flatten\system.\core.$procmux$7375_Y.
Removed top 39 bits (of 40) from wire upduino_replay.$flatten\system.\core.$ternary$rtl/core/vibration_core.sv:149$2021_Y.
Removed top 30 bits (of 40) from wire upduino_replay.$flatten\system.\core.$and$rtl/core/vibration_core.sv:147$2016_Y.
Removed top 24 bits (of 40) from wire upduino_replay.$flatten\system.\core.$3\rne$func$rtl/core/vibration_core.sv:314$1489.$result[39:0]$2011.
Removed top 30 bits (of 32) from wire upduino_replay.$flatten\system.\core.$or$rtl/core/vibration_core.sv:308$2007_Y.
Removed top 30 bits (of 32) from wire upduino_replay.$flatten\system.\core.$and$rtl/core/vibration_core.sv:308$2004_Y.
Removed top 30 bits (of 32) from wire upduino_replay.$flatten\system.\core.$or$rtl/core/vibration_core.sv:308$2000_Y.
Removed top 30 bits (of 32) from wire upduino_replay.$flatten\system.\core.$shift$rtl/core/vibration_core.sv:308$1999_Y.
Removed top 30 bits (of 32) from wire upduino_replay.$flatten\system.\core.$and$rtl/core/vibration_core.sv:308$1997_Y.
Removed top 30 bits (of 32) from wire upduino_replay.$flatten\system.\core.$not$rtl/core/vibration_core.sv:308$1996_Y.
Removed top 30 bits (of 32) from wire upduino_replay.$flatten\system.\core.$shift$rtl/core/vibration_core.sv:308$1995_Y.
Removed top 13 bits (of 32) from wire upduino_replay.$flatten\system.\core.$add$rtl/core/vibration_core.sv:303$1911_Y.
Removed top 22 bits (of 32) from wire upduino_replay.$flatten\system.\core.$add$rtl/core/vibration_core.sv:302$1905_Y.
Removed top 22 bits (of 32) from wire upduino_replay.$flatten\system.\core.$add$rtl/core/vibration_core.sv:301$1901_Y.
Removed top 13 bits (of 32) from wire upduino_replay.$flatten\system.\core.$add$rtl/core/vibration_core.sv:300$1897_Y.
Removed top 20 bits (of 32) from wire upduino_replay.$flatten\system.\core.$add$rtl/core/vibration_core.sv:299$1893_Y.
Removed top 22 bits (of 32) from wire upduino_replay.$flatten\system.\core.$add$rtl/core/vibration_core.sv:295$1889_Y.
Removed top 30 bits (of 32) from wire upduino_replay.$flatten\system.\core.$or$rtl/core/vibration_core.sv:289$1883_Y.
Removed top 30 bits (of 32) from wire upduino_replay.$flatten\system.\core.$and$rtl/core/vibration_core.sv:289$1880_Y.
Removed top 30 bits (of 32) from wire upduino_replay.$flatten\system.\core.$not$rtl/core/vibration_core.sv:289$1879_Y.
Removed top 30 bits (of 32) from wire upduino_replay.$flatten\system.\core.$shift$rtl/core/vibration_core.sv:289$1878_Y.
Removed top 1 bits (of 5) from wire upduino_replay.$flatten\system.\core.$procmux$7389_Y.
Removed top 1 bits (of 8) from wire upduino_replay.$flatten\system.\transport.\spi.$procmux$7742_Y.
Removed top 1 bits (of 32) from wire upduino_replay.$flatten\system.$shr$rtl/upduino_replay.sv:145$529_Y.
Removed top 7 bits (of 8) from wire upduino_replay.$flatten\system.\transport.$ternary$rtl/io/flash_stream.sv:56$1401_Y.
Removed top 1 bits (of 32) from wire upduino_replay.$flatten\system.$shr$rtl/upduino_replay.sv:145$525_Y.
Removed top 1 bits (of 32) from wire upduino_replay.$flatten\system.$shr$rtl/upduino_replay.sv:145$521_Y.
Removed top 1 bits (of 32) from wire upduino_replay.$flatten\system.$shr$rtl/upduino_replay.sv:145$517_Y.
Removed top 1 bits (of 32) from wire upduino_replay.$flatten\system.$shr$rtl/upduino_replay.sv:145$513_Y.
Removed top 1 bits (of 32) from wire upduino_replay.$flatten\system.$shr$rtl/upduino_replay.sv:145$509_Y.
Removed top 1 bits (of 32) from wire upduino_replay.$flatten\system.$shr$rtl/upduino_replay.sv:145$505_Y.
Removed top 1 bits (of 32) from wire upduino_replay.$flatten\system.$shr$rtl/upduino_replay.sv:145$501_Y.
Removed top 39 bits (of 40) from wire upduino_replay.$flatten\system.\core.$ternary$rtl/core/vibration_core.sv:149$1649_Y.
Removed top 22 bits (of 32) from wire upduino_replay.$flatten\system.\core.$ternary$rtl/core/vibration_core.sv:248$1621_Y.
Removed top 22 bits (of 32) from wire upduino_replay.$flatten\system.\core.$2$memwr$\raw0$rtl/core/vibration_core.sv:249$1505_ADDR[31:0]$1617.
Removed top 22 bits (of 32) from wire upduino_replay.$flatten\system.\core.$2$memwr$\raw1$rtl/core/vibration_core.sv:248$1504_ADDR[31:0]$1614.
Removed top 22 bits (of 32) from wire upduino_replay.$flatten\system.\core.$0$memwr$\raw0$rtl/core/vibration_core.sv:249$1505_ADDR[31:0]$1596.
Removed top 22 bits (of 32) from wire upduino_replay.$flatten\system.\core.$0$memwr$\raw1$rtl/core/vibration_core.sv:248$1504_ADDR[31:0]$1593.
Removed top 39 bits (of 40) from wire upduino_replay.$flatten\system.\core.$ternary$rtl/core/vibration_core.sv:149$1575_Y.
Removed top 35 bits (of 40) from wire upduino_replay.$flatten\system.\core.$and$rtl/core/vibration_core.sv:147$1570_Y.
Removed top 15 bits (of 32) from wire upduino_replay.$flatten\system.\transport.$add$rtl/io/flash_stream.sv:86$1413_Y.
Removed top 20 bits (of 24) from wire upduino_replay.$flatten\system.$ternary$rtl/upduino_replay.sv:199$427_Y.
Removed top 1 bits (of 24) from wire upduino_replay.$flatten\system.$add$rtl/upduino_replay.sv:198$425_Y.
Removed top 23 bits (of 32) from wire upduino_replay.$flatten\system.\core.$add$rtl/core/vibration_core.sv:131$1544_Y.
Removed top 23 bits (of 32) from wire upduino_replay.$flatten\system.\core.$add$rtl/core/vibration_core.sv:131$1541_Y.
Removed top 23 bits (of 32) from wire upduino_replay.$flatten\system.\core.$add$rtl/core/vibration_core.sv:131$1540_Y.
Removed top 1 bits (of 5) from wire upduino_replay.$flatten\system.\core.$procmux$7383_Y.

10.16. Executing PEEPOPT pass (run peephole optimizers).
shiftpow2 pattern in upduino_replay: shift=$flatten\system.$shiftx$rtl/upduino_replay.sv:280$490, index=\system.byte_index [4:0], stride=8, width=8, ways=32
shiftpow2 pattern in upduino_replay: shift=$flatten\system.$shiftx$rtl/upduino_replay.sv:204$432, index=\system.write_position [1:0], stride=8, width=8, ways=4

10.17. Executing OPT_CLEAN pass (remove unused cells and wires).
Finding unused cells or wires in module \upduino_replay..
Removed 0 unused cells and 78 unused wires.
<suppressed ~1 debug messages>

10.18. Executing SHARE pass (SAT-based resource sharing).
Found 10 cells in module upduino_replay that may be considered for resource sharing.
  Analyzing resource sharing options for $flatten\system.\core.$memrd$\real_part$rtl/core/vibration_core.sv:235$1582 ($memrd):
    Found 1 activation_patterns using ctrl signal $flatten\system.\core.$procmux$7380_CMP.
    No candidates found.
  Analyzing resource sharing options for $flatten\system.\core.$memrd$\imag_part$rtl/core/vibration_core.sv:236$1584 ($memrd):
    Found 1 activation_patterns using ctrl signal $flatten\system.\core.$procmux$7378_CMP.
    No candidates found.
  Analyzing resource sharing options for $flatten\system.\core.$memrd$\raw1$rtl/core/vibration_core.sv:252$1625 ($memrd):
    Found 1 activation_patterns using ctrl signal \system.core.active_bank.
    No candidates found.
  Analyzing resource sharing options for $flatten\system.\core.$memrd$\raw0$rtl/core/vibration_core.sv:252$1626 ($memrd):
    Found 1 activation_patterns using ctrl signal \system.core.active_bank.
    No candidates found.
  Analyzing resource sharing options for $flatten\system.\core.$memrd$\frequency_bins$rtl/core/vibration_core.sv:335$2069 ($memrd):
    Found 1 activation_patterns using ctrl signal $flatten\system.\core.$procmux$6390_CMP.
    No candidates found.
  Analyzing resource sharing options for $flatten\system.\core.$memrd$\feature_shifts$rtl/core/vibration_core.sv:368$2156 ($memrd):
    Found 2 activation_patterns using ctrl signal { $flatten\system.\core.$procmux$6683_CMP $flatten\system.\core.$eq$rtl/core/vibration_core.sv:367$2155_Y }.
    No candidates found.
  Analyzing resource sharing options for $flatten\system.\core.$memrd$\bias1$rtl/core/vibration_core.sv:387$2165 ($memrd):
    Found 1 activation_patterns using ctrl signal { $flatten\system.\core.$procmux$6407_CMP \system.core.nn_layer }.
    No candidates found.
  Analyzing resource sharing options for $flatten\system.\core.$memrd$\bias2$rtl/core/vibration_core.sv:388$2169 ($memrd):
    Found 1 activation_patterns using ctrl signal { $flatten\system.\core.$procmux$6407_CMP $flatten\system.\core.$lt$rtl/core/vibration_core.sv:388$2168_Y \system.core.nn_layer }.
    No candidates found.
  Analyzing resource sharing options for $flatten\system.\core.$memrd$\hidden$rtl/core/vibration_core.sv:393$2171 ($memrd):
    Found 1 activation_patterns using ctrl signal \system.core.nn_layer.
    No candidates found.
  Analyzing resource sharing options for $flatten\system.\core.$memrd$\features$rtl/core/vibration_core.sv:393$2172 ($memrd):
    Found 1 activation_patterns using ctrl signal \system.core.nn_layer.
    No candidates found.

10.19. Executing TECHMAP pass (map to technology primitives).

10.19.1. Executing Verilog-2005 frontend: ./.tools/oss-cad-suite/libexec/../share/yosys/cmp2lut.v
Parsing Verilog input from `./.tools/oss-cad-suite/libexec/../share/yosys/cmp2lut.v' to AST representation.
Generating RTLIL representation for module `\_90_lut_cmp_'.
Successfully finished Verilog frontend.

10.19.2. Continuing TECHMAP pass.
Using template $paramod$0926ea2f5877749d1171d82319a61f8ffa3924b2\_90_lut_cmp_ for cells of type $lt.
No more expansions possible.
<suppressed ~1066 debug messages>

10.20. Executing OPT_EXPR pass (perform const folding).
Optimizing module upduino_replay.

10.21. Executing OPT_CLEAN pass (remove unused cells and wires).
Finding unused cells or wires in module \upduino_replay..
Removed 0 unused cells and 6 unused wires.
<suppressed ~1 debug messages>

10.22. Executing MEMORY_DFF pass (merging $dff cells to $memrd).
Checking read port `\system.core.g_lane[0].coeff_rom.quarter'[0] in module `\upduino_replay': merging output FF to cell.
Checking read port `\system.core.hann_rom.quarter'[0] in module `\upduino_replay': merging output FF to cell.
Checking read port `\system.core.g_lane[0].weights'[0] in module `\upduino_replay': merging output FF to cell.
Checking read port `\system.core.logits'[0] in module `\upduino_replay': no output FF found.
Checking read port `\system.core.logits'[1] in module `\upduino_replay': no output FF found.
Checking read port `\system.core.logits'[2] in module `\upduino_replay': no output FF found.
Checking read port `\system.core.hidden'[0] in module `\upduino_replay': FF found, but with a mux select that doesn't seem to correspond to transparency logic.
Checking read port `\system.core.features'[0] in module `\upduino_replay': FF found, but with a mux select that doesn't seem to correspond to transparency logic.
Checking read port `\system.core.imag_part'[0] in module `\upduino_replay': no output FF found.
Checking read port `\system.core.real_part'[0] in module `\upduino_replay': no output FF found.
Checking read port `\system.core.frame_sums'[0] in module `\upduino_replay': no output FF found.
Checking read port `\system.core.frame_ids'[0] in module `\upduino_replay': merging output FF to cell.
    Write port 0: non-transparent.
Checking read port `\system.core.bias2'[0] in module `\upduino_replay': no output FF found.
Checking read port `\system.core.bias1'[0] in module `\upduino_replay': no output FF found.
Checking read port `\system.core.feature_shifts'[0] in module `\upduino_replay': no output FF found.
Checking read port `\system.core.frequency_bins'[0] in module `\upduino_replay': no output FF found.
Checking read port `\system.core.windowed'[0] in module `\upduino_replay': merging output FF to cell.
    Write port 0: don't care on collision.
Checking read port `\system.core.raw1'[0] in module `\upduino_replay': FF found, but with a mux select that doesn't seem to correspond to transparency logic.
Checking read port `\system.core.raw0'[0] in module `\upduino_replay': FF found, but with a mux select that doesn't seem to correspond to transparency logic.
Checking read port address `\system.core.logits'[0] in module `\upduino_replay': no address FF found.
Checking read port address `\system.core.logits'[1] in module `\upduino_replay': no address FF found.
Checking read port address `\system.core.logits'[2] in module `\upduino_replay': no address FF found.
Checking read port address `\system.core.hidden'[0] in module `\upduino_replay': merged address FF to cell.
Checking read port address `\system.core.features'[0] in module `\upduino_replay': merged address FF to cell.
Checking read port address `\system.core.imag_part'[0] in module `\upduino_replay': merged address FF to cell.
Checking read port address `\system.core.real_part'[0] in module `\upduino_replay': merged address FF to cell.
Checking read port address `\system.core.frame_sums'[0] in module `\upduino_replay': merged address FF to cell.
Checking read port address `\system.core.bias2'[0] in module `\upduino_replay': merged address FF to cell.
Checking read port address `\system.core.bias1'[0] in module `\upduino_replay': merged address FF to cell.
Checking read port address `\system.core.feature_shifts'[0] in module `\upduino_replay': merged address FF to cell.
Checking read port address `\system.core.frequency_bins'[0] in module `\upduino_replay': merged address FF to cell.
Checking read port address `\system.core.raw1'[0] in module `\upduino_replay': merged address FF to cell.
Checking read port address `\system.core.raw0'[0] in module `\upduino_replay': merged address FF to cell.

10.23. Executing WREDUCE pass (reducing word size of cells).

10.24. Executing TECHMAP pass (map to technology primitives).

10.24.1. Executing Verilog-2005 frontend: ./.tools/oss-cad-suite/libexec/../share/yosys/mul2dsp.v
Parsing Verilog input from `./.tools/oss-cad-suite/libexec/../share/yosys/mul2dsp.v' to AST representation.
Generating RTLIL representation for module `\_80_mul'.
Generating RTLIL representation for module `\_90_soft_mul'.
Successfully finished Verilog frontend.

10.24.2. Executing Verilog-2005 frontend: ./.tools/oss-cad-suite/libexec/../share/yosys/ice40/dsp_map.v
Parsing Verilog input from `./.tools/oss-cad-suite/libexec/../share/yosys/ice40/dsp_map.v' to AST representation.
Generating RTLIL representation for module `$__MUL16X16'.
Successfully finished Verilog frontend.

10.24.3. Continuing TECHMAP pass.
Using template $paramod$98b5abf51e25760e7ff42b5f29b6a0813dd63380\_80_mul for cells of type $mul.
Using template $paramod$47854eca91d30af97f481b6f686a93486e1c1fd1$__MUL16X16 for cells of type $__MUL16X16.
No more expansions possible.
<suppressed ~89 debug messages>

10.25. Executing OPT_EXPR pass (perform const folding).

10.26. Executing WREDUCE pass (reducing word size of cells).

10.27. Executing ICE40_DSP pass (map multipliers).
Checking upduino_replay.$flatten\system.\core.$mul$rtl/core/vibration_core.sv:216$2272 for iCE40 DSP inference.
  clock: \system.clk (posedge) ffO:$auto$ff.cc:337:slice$10133
<suppressed ~10 debug messages>

10.28. Executing ALUMACC pass (create $alu and $macc cells).
Extracting $alu and $macc cells in module upduino_replay:
  creating $macc model for $flatten\system.\source.$add$rtl/io/replay_source.sv:40$1381 ($add).
  creating $macc model for $flatten\system.\source.$add$rtl/io/replay_source.sv:36$1378 ($add).
  creating $macc model for $flatten\system.\source.$add$rtl/io/replay_source.sv:35$1376 ($add).
  creating $macc model for $flatten\system.\input_queue.$sub$rtl/upduino_replay.sv:354$1369 ($sub).
  creating $macc model for $flatten\system.\input_queue.$add$rtl/upduino_replay.sv:353$1368 ($add).
  creating $macc model for $flatten\system.\source.$add$rtl/io/replay_source.sv:45$1389 ($add).
  creating $macc model for $flatten\system.\source.$add$rtl/io/replay_source.sv:44$1388 ($add).
  creating $macc model for $flatten\system.\source.$add$rtl/io/replay_source.sv:43$1386 ($add).
  creating $macc model for $flatten\system.\core.\g_lane[0].coeff_rom.$neg$rtl/core/vib_coeff_rom.sv:34$1460 ($neg).
  creating $macc model for $flatten\system.\core.\hann_rom.$sub$rtl/core/vib_coeff_rom.sv:34$1474 ($sub).
  creating $macc model for $flatten\system.\source.$add$rtl/io/replay_source.sv:42$1385 ($add).
  creating $macc model for $flatten\system.\transport.$add$rtl/io/flash_stream.sv:117$1437 ($add).
  creating $macc model for $flatten\system.\transport.$sub$rtl/io/flash_stream.sv:103$1429 ($sub).
  creating $macc model for $flatten\system.\transport.$add$rtl/io/flash_stream.sv:99$1427 ($add).
  creating $macc model for $flatten\system.\transport.\spi.$sub$rtl/io/spi_master.sv:78$1450 ($sub).
  creating $macc model for $flatten\system.\transport.$add$rtl/io/flash_stream.sv:87$1418 ($add).
  creating $macc model for $flatten\system.\transport.$add$rtl/io/flash_stream.sv:86$1413 ($add).
  creating $macc model for $flatten\system.\transport.$add$rtl/io/flash_stream.sv:81$1409 ($add).
  creating $macc model for $flatten\system.$sub$rtl/upduino_replay.sv:324$558 ($sub).
  creating $macc model for $flatten\system.$sub$rtl/upduino_replay.sv:324$556 ($sub).
  creating $macc model for $flatten\system.\transport.\spi.$add$rtl/io/spi_master.sv:77$1449 ($add).
  creating $macc model for $flatten\system.\source.$add$rtl/io/replay_source.sv:41$1383 ($add).
  creating $macc model for $flatten\system.$sub$rtl/upduino_replay.sv:314$544 ($sub).
  creating $macc model for $flatten\system.$add$rtl/upduino_replay.sv:314$543 ($add).
  creating $macc model for $flatten\system.$add$rtl/upduino_replay.sv:305$540 ($add).
  creating $macc model for $flatten\system.$add$rtl/upduino_replay.sv:291$533 ($add).
  creating $macc model for $flatten\system.\core.\g_lane[0].coeff_rom.$neg$rtl/core/vib_coeff_rom.sv:20$1451 ($neg).
  creating $macc model for $flatten\system.\core.$add$rtl/core/vibration_core.sv:414$2248 ($add).
  creating $macc model for $flatten\system.\core.$add$rtl/core/vibration_core.sv:413$2247 ($add).
  creating $macc model for $flatten\system.\core.$add$rtl/core/vibration_core.sv:412$2244 ($add).
  creating $macc model for $flatten\system.$add$rtl/upduino_replay.sv:250$468 ($add).
  creating $macc model for $flatten\system.\core.$add$rtl/core/vibration_core.sv:149$2214 ($add).
  creating $macc model for $flatten\system.\core.$add$rtl/core/vibration_core.sv:398$2176 ($add).
  creating $macc model for $flatten\system.\core.$add$rtl/core/vibration_core.sv:396$2174 ($add).
  creating $macc model for $flatten\system.\core.$add$rtl/core/vibration_core.sv:382$2163 ($add).
  creating $macc model for $flatten\system.\core.$add$rtl/core/vibration_core.sv:382$2162 ($add).
  creating $macc model for $flatten\system.\core.$sub$rtl/core/vibration_core.sv:375$2159 ($sub).
  creating $macc model for $flatten\system.\core.$add$rtl/core/vibration_core.sv:360$2151 ($add).
  creating $macc model for $flatten\system.$add$rtl/upduino_replay.sv:239$458 ($add).
  creating $macc model for $flatten\system.\core.$add$rtl/core/vibration_core.sv:347$2147 ($add).
  creating $macc model for $flatten\system.\core.$add$rtl/core/vibration_core.sv:346$2145 ($add).
  creating $macc model for $flatten\system.$add$rtl/upduino_replay.sv:238$457 ($add).
  creating $macc model for $flatten\system.$add$rtl/upduino_replay.sv:228$447 ($add).
  creating $macc model for $flatten\system.$add$rtl/upduino_replay.sv:227$446 ($add).
  creating $macc model for $flatten\system.\core.$add$rtl/core/vibration_core.sv:149$2122 ($add).
  creating $macc model for $flatten\system.\core.$add$rtl/core/vibration_core.sv:338$2074 ($add).
  creating $macc model for $flatten\system.\core.$add$rtl/core/vibration_core.sv:335$2072 ($add).
  creating $macc model for $flatten\system.\core.$neg$rtl/core/vibration_core.sv:322$2060 ($neg).
  creating $macc model for $flatten\system.$add$rtl/upduino_replay.sv:198$425 ($add).
  creating $macc model for $flatten\system.\core.$add$rtl/core/vibration_core.sv:149$2022 ($add).
  creating $macc model for $flatten\system.\core.$neg$rtl/core/vibration_core.sv:308$2005 ($neg).
  creating $macc model for $flatten\system.\core.$add$rtl/core/vibration_core.sv:303$1911 ($add).
  creating $macc model for $flatten\system.\core.$add$rtl/core/vibration_core.sv:302$1905 ($add).
  creating $macc model for $flatten\system.\core.$add$rtl/core/vibration_core.sv:301$1901 ($add).
  creating $macc model for $flatten\system.\core.$add$rtl/core/vibration_core.sv:300$1897 ($add).
  creating $macc model for $flatten\system.\core.$add$rtl/core/vibration_core.sv:299$1893 ($add).
  creating $macc model for $flatten\system.\core.$add$rtl/core/vibration_core.sv:295$1889 ($add).
  creating $macc model for $flatten\system.\core.$add$rtl/core/vibration_core.sv:294$1888 ($add).
  creating $macc model for $flatten\system.\core.$add$rtl/core/vibration_core.sv:290$1884 ($add).
  creating $macc model for $flatten\system.\core.$neg$rtl/core/vibration_core.sv:289$1881 ($neg).
  creating $macc model for $flatten\system.\core.$add$rtl/core/vibration_core.sv:149$1650 ($add).
  creating $macc model for $flatten\system.\core.$add$rtl/core/vibration_core.sv:149$1576 ($add).
  creating $macc model for $flatten\system.\core.$sub$rtl/core/vibration_core.sv:228$1564 ($sub).
  creating $macc model for $flatten\system.\core.\hann_rom.$neg$rtl/core/vib_coeff_rom.sv:20$1465 ($neg).
  creating $macc model for $flatten\system.\core.$add$rtl/core/vibration_core.sv:134$1547 ($add).
  creating $macc model for $flatten\system.\core.$add$rtl/core/vibration_core.sv:132$1546 ($add).
  creating $macc model for $flatten\system.\core.$add$rtl/core/vibration_core.sv:131$1544 ($add).
  creating $macc model for $flatten\system.$add$rtl/upduino_replay.sv:126$402 ($add).
  creating $macc model for $flatten\system.\core.$add$rtl/core/vibration_core.sv:131$1541 ($add).
  creating $macc model for $flatten\system.\core.$add$rtl/core/vibration_core.sv:131$1540 ($add).
  creating $macc model for $flatten\system.\core.$add$rtl/core/vibration_core.sv:114$1534 ($add).
  creating $macc model for $flatten\system.\core.$add$rtl/core/vibration_core.sv:110$1531 ($add).
  creating $macc model for $flatten\system.\core.$add$rtl/core/vibration_core.sv:109$1530 ($add).
  creating $macc model for $add$rtl/upduino_replay.sv:27$397 ($add).
  merging $macc model for $flatten\system.\core.$add$rtl/core/vibration_core.sv:109$1530 into $flatten\system.\core.$add$rtl/core/vibration_core.sv:110$1531.
  merging $macc model for $flatten\system.\core.$add$rtl/core/vibration_core.sv:131$1540 into $flatten\system.\core.$add$rtl/core/vibration_core.sv:131$1541.
  creating $alu model for $macc $flatten\system.\core.$add$rtl/core/vibration_core.sv:114$1534.
  creating $alu model for $macc $add$rtl/upduino_replay.sv:27$397.
  creating $alu model for $macc $flatten\system.$add$rtl/upduino_replay.sv:126$402.
  creating $alu model for $macc $flatten\system.\core.$add$rtl/core/vibration_core.sv:131$1544.
  creating $alu model for $macc $flatten\system.\core.$add$rtl/core/vibration_core.sv:132$1546.
  creating $alu model for $macc $flatten\system.\core.$add$rtl/core/vibration_core.sv:134$1547.
  creating $alu model for $macc $flatten\system.\core.\hann_rom.$neg$rtl/core/vib_coeff_rom.sv:20$1465.
  creating $alu model for $macc $flatten\system.\core.$sub$rtl/core/vibration_core.sv:228$1564.
  creating $alu model for $macc $flatten\system.\core.$add$rtl/core/vibration_core.sv:149$1576.
  creating $alu model for $macc $flatten\system.\core.$add$rtl/core/vibration_core.sv:149$1650.
  creating $alu model for $macc $flatten\system.\core.$neg$rtl/core/vibration_core.sv:289$1881.
  creating $alu model for $macc $flatten\system.\core.$add$rtl/core/vibration_core.sv:290$1884.
  creating $alu model for $macc $flatten\system.\core.$add$rtl/core/vibration_core.sv:294$1888.
  creating $alu model for $macc $flatten\system.\core.$add$rtl/core/vibration_core.sv:295$1889.
  creating $alu model for $macc $flatten\system.\core.$add$rtl/core/vibration_core.sv:299$1893.
  creating $alu model for $macc $flatten\system.\core.$add$rtl/core/vibration_core.sv:300$1897.
  creating $alu model for $macc $flatten\system.\core.$add$rtl/core/vibration_core.sv:301$1901.
  creating $alu model for $macc $flatten\system.\core.$add$rtl/core/vibration_core.sv:302$1905.
  creating $alu model for $macc $flatten\system.\core.$add$rtl/core/vibration_core.sv:303$1911.
  creating $alu model for $macc $flatten\system.\core.$neg$rtl/core/vibration_core.sv:308$2005.
  creating $alu model for $macc $flatten\system.\core.$add$rtl/core/vibration_core.sv:149$2022.
  creating $alu model for $macc $flatten\system.$add$rtl/upduino_replay.sv:198$425.
  creating $alu model for $macc $flatten\system.\core.$neg$rtl/core/vibration_core.sv:322$2060.
  creating $alu model for $macc $flatten\system.\core.$add$rtl/core/vibration_core.sv:335$2072.
  creating $alu model for $macc $flatten\system.\core.$add$rtl/core/vibration_core.sv:338$2074.
  creating $alu model for $macc $flatten\system.\core.$add$rtl/core/vibration_core.sv:149$2122.
  creating $alu model for $macc $flatten\system.$add$rtl/upduino_replay.sv:227$446.
  creating $alu model for $macc $flatten\system.$add$rtl/upduino_replay.sv:228$447.
  creating $alu model for $macc $flatten\system.$add$rtl/upduino_replay.sv:238$457.
  creating $alu model for $macc $flatten\system.\core.$add$rtl/core/vibration_core.sv:346$2145.
  creating $alu model for $macc $flatten\system.\core.$add$rtl/core/vibration_core.sv:347$2147.
  creating $alu model for $macc $flatten\system.$add$rtl/upduino_replay.sv:239$458.
  creating $alu model for $macc $flatten\system.\core.$add$rtl/core/vibration_core.sv:360$2151.
  creating $alu model for $macc $flatten\system.\core.$sub$rtl/core/vibration_core.sv:375$2159.
  creating $alu model for $macc $flatten\system.\core.$add$rtl/core/vibration_core.sv:382$2162.
  creating $alu model for $macc $flatten\system.\core.$add$rtl/core/vibration_core.sv:382$2163.
  creating $alu model for $macc $flatten\system.\core.$add$rtl/core/vibration_core.sv:396$2174.
  creating $alu model for $macc $flatten\system.\core.$add$rtl/core/vibration_core.sv:398$2176.
  creating $alu model for $macc $flatten\system.\core.$add$rtl/core/vibration_core.sv:149$2214.
  creating $alu model for $macc $flatten\system.$add$rtl/upduino_replay.sv:250$468.
  creating $alu model for $macc $flatten\system.\core.$add$rtl/core/vibration_core.sv:412$2244.
  creating $alu model for $macc $flatten\system.\core.$add$rtl/core/vibration_core.sv:413$2247.
  creating $alu model for $macc $flatten\system.\core.$add$rtl/core/vibration_core.sv:414$2248.
  creating $alu model for $macc $flatten\system.\core.\g_lane[0].coeff_rom.$neg$rtl/core/vib_coeff_rom.sv:20$1451.
  creating $alu model for $macc $flatten\system.$add$rtl/upduino_replay.sv:291$533.
  creating $alu model for $macc $flatten\system.$add$rtl/upduino_replay.sv:305$540.
  creating $alu model for $macc $flatten\system.$add$rtl/upduino_replay.sv:314$543.
  creating $alu model for $macc $flatten\system.$sub$rtl/upduino_replay.sv:314$544.
  creating $alu model for $macc $flatten\system.\source.$add$rtl/io/replay_source.sv:41$1383.
  creating $alu model for $macc $flatten\system.\transport.\spi.$add$rtl/io/spi_master.sv:77$1449.
  creating $alu model for $macc $flatten\system.$sub$rtl/upduino_replay.sv:324$556.
  creating $alu model for $macc $flatten\system.$sub$rtl/upduino_replay.sv:324$558.
  creating $alu model for $macc $flatten\system.\transport.$add$rtl/io/flash_stream.sv:81$1409.
  creating $alu model for $macc $flatten\system.\transport.$add$rtl/io/flash_stream.sv:86$1413.
  creating $alu model for $macc $flatten\system.\transport.$add$rtl/io/flash_stream.sv:87$1418.
  creating $alu model for $macc $flatten\system.\transport.\spi.$sub$rtl/io/spi_master.sv:78$1450.
  creating $alu model for $macc $flatten\system.\transport.$add$rtl/io/flash_stream.sv:99$1427.
  creating $alu model for $macc $flatten\system.\transport.$sub$rtl/io/flash_stream.sv:103$1429.
  creating $alu model for $macc $flatten\system.\transport.$add$rtl/io/flash_stream.sv:117$1437.
  creating $alu model for $macc $flatten\system.\source.$add$rtl/io/replay_source.sv:42$1385.
  creating $alu model for $macc $flatten\system.\core.\hann_rom.$sub$rtl/core/vib_coeff_rom.sv:34$1474.
  creating $alu model for $macc $flatten\system.\core.\g_lane[0].coeff_rom.$neg$rtl/core/vib_coeff_rom.sv:34$1460.
  creating $alu model for $macc $flatten\system.\source.$add$rtl/io/replay_source.sv:43$1386.
  creating $alu model for $macc $flatten\system.\source.$add$rtl/io/replay_source.sv:44$1388.
  creating $alu model for $macc $flatten\system.\source.$add$rtl/io/replay_source.sv:45$1389.
  creating $alu model for $macc $flatten\system.\input_queue.$add$rtl/upduino_replay.sv:353$1368.
  creating $alu model for $macc $flatten\system.\input_queue.$sub$rtl/upduino_replay.sv:354$1369.
  creating $alu model for $macc $flatten\system.\source.$add$rtl/io/replay_source.sv:35$1376.
  creating $alu model for $macc $flatten\system.\source.$add$rtl/io/replay_source.sv:36$1378.
  creating $alu model for $macc $flatten\system.\source.$add$rtl/io/replay_source.sv:40$1381.
  creating $macc cell for $flatten\system.\core.$add$rtl/core/vibration_core.sv:131$1541: $auto$alumacc.cc:399:replace_macc$11163
  creating $macc cell for $flatten\system.\core.$add$rtl/core/vibration_core.sv:110$1531: $auto$alumacc.cc:399:replace_macc$11164
  creating $alu model for $flatten\system.\transport.$gt$rtl/io/flash_stream.sv:87$1419 ($gt): new $alu
  creating $alu model for $flatten\system.\transport.$lt$rtl/io/flash_stream.sv:87$1416 ($lt): new $alu
  creating $alu model for $flatten\system.\transport.$gt$rtl/io/flash_stream.sv:86$1414 ($gt): new $alu
  creating $alu model for $flatten\system.\transport.$gt$rtl/io/flash_stream.sv:85$1412 ($gt): new $alu
  creating $alu model for $flatten\system.$ge$rtl/upduino_replay.sv:324$557 ($ge): new $alu
  creating $alu model for $flatten\system.$lt$rtl/upduino_replay.sv:323$554 ($lt): merged with $flatten\system.$sub$rtl/upduino_replay.sv:324$556.
  creating $alu model for $flatten\system.$ge$rtl/upduino_replay.sv:322$551 ($ge): new $alu
  creating $alu model for $flatten\system.$ge$rtl/upduino_replay.sv:280$487 ($ge): new $alu
  creating $alu model for $flatten\system.$gt$rtl/upduino_replay.sv:272$484 ($gt): new $alu
  creating $alu model for $flatten\system.$lt$rtl/upduino_replay.sv:272$483 ($lt): new $alu
  creating $alu model for $flatten\system.$gt$rtl/upduino_replay.sv:268$481 ($gt): new $alu
  creating $alu model for $flatten\system.$lt$rtl/upduino_replay.sv:268$480 ($lt): new $alu
  creating $alu model for $flatten\system.\core.$ge$rtl/core/vibration_core.sv:419$2261 ($ge): new $alu
  creating $alu model for $flatten\system.\core.$ge$rtl/core/vibration_core.sv:418$2257 ($ge): new $alu
  creating $alu model for $flatten\system.\core.$ge$rtl/core/vibration_core.sv:418$2254 ($ge): new $alu
  creating $alu model for $flatten\system.\core.$ge$rtl/core/vibration_core.sv:412$2245 ($ge): new $alu
  creating $alu model for $flatten\system.$gt$rtl/upduino_replay.sv:264$478 ($gt): new $alu
  creating $alu model for $flatten\system.$lt$rtl/upduino_replay.sv:257$471 ($lt): merged with $flatten\system.$ge$rtl/upduino_replay.sv:280$487.
  creating $alu model for $flatten\system.\core.$gt$rtl/core/vibration_core.sv:175$2217 ($gt): new $alu
  creating $alu model for $flatten\system.\core.$le$rtl/core/vibration_core.sv:174$2215 ($le): new $alu
  creating $alu model for $flatten\system.\core.$gt$rtl/core/vibration_core.sv:149$2209 ($gt): new $alu
  creating $alu model for $flatten\system.\core.$lt$rtl/core/vibration_core.sv:401$2178 ($lt): new $alu
  creating $alu model for $flatten\system.\core.$gt$rtl/core/vibration_core.sv:401$2177 ($gt): new $alu
  creating $alu model for $flatten\system.\core.$gt$rtl/core/vibration_core.sv:368$2157 ($gt): new $alu
  creating $alu model for $flatten\system.$lt$rtl/upduino_replay.sv:231$453 ($lt): new $alu
  creating $alu model for $flatten\system.$gt$rtl/upduino_replay.sv:230$448 ($gt): new $alu
  creating $alu model for $flatten\system.\core.$lt$rtl/core/vibration_core.sv:165$2125 ($lt): new $alu
  creating $alu model for $flatten\system.\core.$gt$rtl/core/vibration_core.sv:164$2123 ($gt): new $alu
  creating $alu model for $flatten\system.\core.$gt$rtl/core/vibration_core.sv:149$2117 ($gt): new $alu
  creating $alu model for $flatten\system.\core.$lt$rtl/core/vibration_core.sv:165$2109 ($lt): new $alu
  creating $alu model for $flatten\system.\core.$gt$rtl/core/vibration_core.sv:164$2107 ($gt): new $alu
  creating $alu model for $flatten\system.\core.$gt$rtl/core/vibration_core.sv:149$2017 ($gt): new $alu
  creating $alu model for $flatten\system.\core.$le$rtl/core/vibration_core.sv:302$1903 ($le): new $alu
  creating $alu model for $flatten\system.\core.$ge$rtl/core/vibration_core.sv:302$1902 ($ge): new $alu
  creating $alu model for $flatten\system.\core.$le$rtl/core/vibration_core.sv:301$1899 ($le): new $alu
  creating $alu model for $flatten\system.\core.$ge$rtl/core/vibration_core.sv:301$1898 ($ge): new $alu
  creating $alu model for $flatten\system.\core.$le$rtl/core/vibration_core.sv:300$1895 ($le): new $alu
  creating $alu model for $flatten\system.\core.$ge$rtl/core/vibration_core.sv:300$1894 ($ge): new $alu
  creating $alu model for $flatten\system.\core.$le$rtl/core/vibration_core.sv:299$1891 ($le): new $alu
  creating $alu model for $flatten\system.\core.$ge$rtl/core/vibration_core.sv:299$1890 ($ge): new $alu
  creating $alu model for $flatten\system.\core.$lt$rtl/core/vibration_core.sv:157$1653 ($lt): new $alu
  creating $alu model for $flatten\system.\core.$gt$rtl/core/vibration_core.sv:156$1651 ($gt): new $alu
  creating $alu model for $flatten\system.\core.$gt$rtl/core/vibration_core.sv:149$1645 ($gt): new $alu
  creating $alu model for $flatten\system.\core.$lt$rtl/core/vibration_core.sv:157$1579 ($lt): new $alu
  creating $alu model for $flatten\system.\core.$gt$rtl/core/vibration_core.sv:156$1577 ($gt): new $alu
  creating $alu model for $flatten\system.\core.$gt$rtl/core/vibration_core.sv:149$1571 ($gt): new $alu
  creating $alu model for $lt$rtl/upduino_replay.sv:26$395 ($lt): new $alu
  creating $alu model for $flatten\system.\core.$procmux$7401_CMP0 ($eq): merged with $flatten\system.\core.$ge$rtl/core/vibration_core.sv:299$1890.
  creating $alu model for $flatten\system.\core.$procmux$7398_CMP0 ($eq): merged with $flatten\system.\core.$le$rtl/core/vibration_core.sv:299$1891.
  creating $alu model for $flatten\system.\core.$procmux$7394_CMP0 ($eq): merged with $flatten\system.\core.$ge$rtl/core/vibration_core.sv:300$1894.
  creating $alu model for $flatten\system.\core.$procmux$7387_CMP0 ($eq): merged with $flatten\system.\core.$le$rtl/core/vibration_core.sv:300$1895.
  creating $alu model for $flatten\system.\core.$procmux$7363_CMP0 ($eq): merged with $flatten\system.\core.$le$rtl/core/vibration_core.sv:301$1899.
  creating $alu model for $flatten\system.\core.$procmux$7359_CMP0 ($eq): merged with $flatten\system.\core.$ge$rtl/core/vibration_core.sv:302$1902.
  creating $alu model for $flatten\system.\core.$procmux$7352_CMP0 ($eq): merged with $flatten\system.\core.$le$rtl/core/vibration_core.sv:302$1903.
  creating $alu model for $flatten\system.\transport.$eq$rtl/io/flash_stream.sv:105$1430 ($eq): merged with $flatten\system.\transport.$sub$rtl/io/flash_stream.sv:103$1429.
  creating $alu model for $flatten\system.$eq$rtl/upduino_replay.sv:315$545 ($eq): merged with $flatten\system.$sub$rtl/upduino_replay.sv:314$544.
  creating $alu model for $flatten\system.$ne$rtl/upduino_replay.sv:260$475 ($ne): merged with $flatten\system.$lt$rtl/upduino_replay.sv:268$480.
  creating $alu model for $flatten\system.\core.$eq$rtl/core/vibration_core.sv:149$2210 ($eq): merged with $flatten\system.\core.$gt$rtl/core/vibration_core.sv:149$2209.
  creating $alu model for $flatten\system.\core.$eq$rtl/core/vibration_core.sv:376$2160 ($eq): merged with $flatten\system.\core.$sub$rtl/core/vibration_core.sv:375$2159.
  creating $alu model for $flatten\system.\core.$eq$rtl/core/vibration_core.sv:149$2118 ($eq): merged with $flatten\system.\core.$gt$rtl/core/vibration_core.sv:149$2117.
  creating $alu model for $flatten\system.\core.$eq$rtl/core/vibration_core.sv:149$2018 ($eq): merged with $flatten\system.\core.$gt$rtl/core/vibration_core.sv:149$2017.
  creating $alu model for $flatten\system.\core.$procmux$7642_CMP0 ($eq): merged with $flatten\system.\core.$ge$rtl/core/vibration_core.sv:301$1898.
  creating $alu model for $flatten\system.\core.$eq$rtl/core/vibration_core.sv:149$1646 ($eq): merged with $flatten\system.\core.$gt$rtl/core/vibration_core.sv:149$1645.
  creating $alu model for $flatten\system.\core.$eq$rtl/core/vibration_core.sv:149$1572 ($eq): merged with $flatten\system.\core.$gt$rtl/core/vibration_core.sv:149$1571.
  creating $alu cell for $lt$rtl/upduino_replay.sv:26$395: $auto$alumacc.cc:548:replace_alu$11210
  creating $alu cell for $flatten\system.\core.$gt$rtl/core/vibration_core.sv:149$1571, $flatten\system.\core.$eq$rtl/core/vibration_core.sv:149$1572: $auto$alumacc.cc:548:replace_alu$11215
  creating $alu cell for $flatten\system.\core.$gt$rtl/core/vibration_core.sv:156$1577: $auto$alumacc.cc:548:replace_alu$11226
  creating $alu cell for $flatten\system.\core.$lt$rtl/core/vibration_core.sv:157$1579: $auto$alumacc.cc:548:replace_alu$11239
  creating $alu cell for $flatten\system.\core.$gt$rtl/core/vibration_core.sv:149$1645, $flatten\system.\core.$eq$rtl/core/vibration_core.sv:149$1646: $auto$alumacc.cc:548:replace_alu$11246
  creating $alu cell for $flatten\system.\core.$gt$rtl/core/vibration_core.sv:156$1651: $auto$alumacc.cc:548:replace_alu$11257
  creating $alu cell for $flatten\system.\core.$lt$rtl/core/vibration_core.sv:157$1653: $auto$alumacc.cc:548:replace_alu$11270
  creating $alu cell for $flatten\system.\core.$ge$rtl/core/vibration_core.sv:299$1890, $flatten\system.\core.$procmux$7401_CMP0: $auto$alumacc.cc:548:replace_alu$11277
  creating $alu cell for $flatten\system.\core.$le$rtl/core/vibration_core.sv:299$1891, $flatten\system.\core.$procmux$7398_CMP0: $auto$alumacc.cc:548:replace_alu$11290
  creating $alu cell for $flatten\system.\core.$ge$rtl/core/vibration_core.sv:300$1894, $flatten\system.\core.$procmux$7394_CMP0: $auto$alumacc.cc:548:replace_alu$11299
  creating $alu cell for $flatten\system.\core.$le$rtl/core/vibration_core.sv:300$1895, $flatten\system.\core.$procmux$7387_CMP0: $auto$alumacc.cc:548:replace_alu$11312
  creating $alu cell for $flatten\system.\core.$ge$rtl/core/vibration_core.sv:301$1898, $flatten\system.\core.$procmux$7642_CMP0: $auto$alumacc.cc:548:replace_alu$11321
  creating $alu cell for $flatten\system.\core.$le$rtl/core/vibration_core.sv:301$1899, $flatten\system.\core.$procmux$7363_CMP0: $auto$alumacc.cc:548:replace_alu$11334
  creating $alu cell for $flatten\system.\core.$ge$rtl/core/vibration_core.sv:302$1902, $flatten\system.\core.$procmux$7359_CMP0: $auto$alumacc.cc:548:replace_alu$11343
  creating $alu cell for $flatten\system.\core.$le$rtl/core/vibration_core.sv:302$1903, $flatten\system.\core.$procmux$7352_CMP0: $auto$alumacc.cc:548:replace_alu$11356
  creating $alu cell for $flatten\system.\core.$gt$rtl/core/vibration_core.sv:149$2017, $flatten\system.\core.$eq$rtl/core/vibration_core.sv:149$2018: $auto$alumacc.cc:548:replace_alu$11365
  creating $alu cell for $flatten\system.\core.$gt$rtl/core/vibration_core.sv:164$2107: $auto$alumacc.cc:548:replace_alu$11376
  creating $alu cell for $flatten\system.\core.$lt$rtl/core/vibration_core.sv:165$2109: $auto$alumacc.cc:548:replace_alu$11389
  creating $alu cell for $flatten\system.\core.$gt$rtl/core/vibration_core.sv:149$2117, $flatten\system.\core.$eq$rtl/core/vibration_core.sv:149$2118: $auto$alumacc.cc:548:replace_alu$11396
  creating $alu cell for $flatten\system.\core.$gt$rtl/core/vibration_core.sv:164$2123: $auto$alumacc.cc:548:replace_alu$11407
  creating $alu cell for $flatten\system.\core.$lt$rtl/core/vibration_core.sv:165$2125: $auto$alumacc.cc:548:replace_alu$11420
  creating $alu cell for $flatten\system.$gt$rtl/upduino_replay.sv:230$448: $auto$alumacc.cc:548:replace_alu$11427
  creating $alu cell for $flatten\system.$lt$rtl/upduino_replay.sv:231$453: $auto$alumacc.cc:548:replace_alu$11438
  creating $alu cell for $flatten\system.\core.$gt$rtl/core/vibration_core.sv:368$2157: $auto$alumacc.cc:548:replace_alu$11443
  creating $alu cell for $flatten\system.\core.$gt$rtl/core/vibration_core.sv:401$2177: $auto$alumacc.cc:548:replace_alu$11454
  creating $alu cell for $flatten\system.\core.$lt$rtl/core/vibration_core.sv:401$2178: $auto$alumacc.cc:548:replace_alu$11467
  creating $alu cell for $flatten\system.\core.$gt$rtl/core/vibration_core.sv:149$2209, $flatten\system.\core.$eq$rtl/core/vibration_core.sv:149$2210: $auto$alumacc.cc:548:replace_alu$11474
  creating $alu cell for $flatten\system.\core.$le$rtl/core/vibration_core.sv:174$2215: $auto$alumacc.cc:548:replace_alu$11485
  creating $alu cell for $flatten\system.\core.$gt$rtl/core/vibration_core.sv:175$2217: $auto$alumacc.cc:548:replace_alu$11496
  creating $alu cell for $flatten\system.$gt$rtl/upduino_replay.sv:264$478: $auto$alumacc.cc:548:replace_alu$11509
  creating $alu cell for $flatten\system.\core.$ge$rtl/core/vibration_core.sv:412$2245: $auto$alumacc.cc:548:replace_alu$11520
  creating $alu cell for $flatten\system.\core.$ge$rtl/core/vibration_core.sv:418$2254: $auto$alumacc.cc:548:replace_alu$11533
  creating $alu cell for $flatten\system.\core.$ge$rtl/core/vibration_core.sv:418$2257: $auto$alumacc.cc:548:replace_alu$11548
  creating $alu cell for $flatten\system.\core.$ge$rtl/core/vibration_core.sv:419$2261: $auto$alumacc.cc:548:replace_alu$11563
  creating $alu cell for $flatten\system.$lt$rtl/upduino_replay.sv:268$480, $flatten\system.$ne$rtl/upduino_replay.sv:260$475: $auto$alumacc.cc:548:replace_alu$11578
  creating $alu cell for $flatten\system.$gt$rtl/upduino_replay.sv:268$481: $auto$alumacc.cc:548:replace_alu$11587
  creating $alu cell for $flatten\system.$lt$rtl/upduino_replay.sv:272$483: $auto$alumacc.cc:548:replace_alu$11598
  creating $alu cell for $flatten\system.$gt$rtl/upduino_replay.sv:272$484: $auto$alumacc.cc:548:replace_alu$11603
  creating $alu cell for $flatten\system.$ge$rtl/upduino_replay.sv:280$487, $flatten\system.$lt$rtl/upduino_replay.sv:257$471: $auto$alumacc.cc:548:replace_alu$11614
  creating $alu cell for $flatten\system.$ge$rtl/upduino_replay.sv:322$551: $auto$alumacc.cc:548:replace_alu$11627
  creating $alu cell for $flatten\system.$ge$rtl/upduino_replay.sv:324$557: $auto$alumacc.cc:548:replace_alu$11640
  creating $alu cell for $flatten\system.\transport.$gt$rtl/io/flash_stream.sv:85$1412: $auto$alumacc.cc:548:replace_alu$11653
  creating $alu cell for $flatten\system.\transport.$gt$rtl/io/flash_stream.sv:86$1414: $auto$alumacc.cc:548:replace_alu$11664
  creating $alu cell for $flatten\system.\transport.$lt$rtl/io/flash_stream.sv:87$1416: $auto$alumacc.cc:548:replace_alu$11675
  creating $alu cell for $flatten\system.\transport.$gt$rtl/io/flash_stream.sv:87$1419: $auto$alumacc.cc:548:replace_alu$11680
  creating $alu cell for $flatten\system.\source.$add$rtl/io/replay_source.sv:35$1376: $auto$alumacc.cc:548:replace_alu$11691
  creating $alu cell for $flatten\system.\input_queue.$sub$rtl/upduino_replay.sv:354$1369: $auto$alumacc.cc:548:replace_alu$11694
  creating $alu cell for $flatten\system.\input_queue.$add$rtl/upduino_replay.sv:353$1368: $auto$alumacc.cc:548:replace_alu$11697
  creating $alu cell for $flatten\system.\source.$add$rtl/io/replay_source.sv:40$1381: $auto$alumacc.cc:548:replace_alu$11700
  creating $alu cell for $flatten\system.\source.$add$rtl/io/replay_source.sv:45$1389: $auto$alumacc.cc:548:replace_alu$11703
  creating $alu cell for $flatten\system.\source.$add$rtl/io/replay_source.sv:44$1388: $auto$alumacc.cc:548:replace_alu$11706
  creating $alu cell for $flatten\system.\source.$add$rtl/io/replay_source.sv:43$1386: $auto$alumacc.cc:548:replace_alu$11709
  creating $alu cell for $flatten\system.\core.\g_lane[0].coeff_rom.$neg$rtl/core/vib_coeff_rom.sv:34$1460: $auto$alumacc.cc:548:replace_alu$11712
  creating $alu cell for $flatten\system.\core.\hann_rom.$sub$rtl/core/vib_coeff_rom.sv:34$1474: $auto$alumacc.cc:548:replace_alu$11715
  creating $alu cell for $flatten\system.\source.$add$rtl/io/replay_source.sv:36$1378: $auto$alumacc.cc:548:replace_alu$11718
  creating $alu cell for $flatten\system.\source.$add$rtl/io/replay_source.sv:42$1385: $auto$alumacc.cc:548:replace_alu$11721
  creating $alu cell for $flatten\system.\transport.$add$rtl/io/flash_stream.sv:117$1437: $auto$alumacc.cc:548:replace_alu$11724
  creating $alu cell for $flatten\system.\transport.$sub$rtl/io/flash_stream.sv:103$1429, $flatten\system.\transport.$eq$rtl/io/flash_stream.sv:105$1430: $auto$alumacc.cc:548:replace_alu$11727
  creating $alu cell for $flatten\system.\transport.$add$rtl/io/flash_stream.sv:99$1427: $auto$alumacc.cc:548:replace_alu$11732
  creating $alu cell for $flatten\system.\transport.\spi.$sub$rtl/io/spi_master.sv:78$1450: $auto$alumacc.cc:548:replace_alu$11735
  creating $alu cell for $flatten\system.\transport.$add$rtl/io/flash_stream.sv:87$1418: $auto$alumacc.cc:548:replace_alu$11738
  creating $alu cell for $flatten\system.\transport.$add$rtl/io/flash_stream.sv:86$1413: $auto$alumacc.cc:548:replace_alu$11741
  creating $alu cell for $flatten\system.\transport.$add$rtl/io/flash_stream.sv:81$1409: $auto$alumacc.cc:548:replace_alu$11744
  creating $alu cell for $flatten\system.$sub$rtl/upduino_replay.sv:324$558: $auto$alumacc.cc:548:replace_alu$11747
  creating $alu cell for $flatten\system.$sub$rtl/upduino_replay.sv:324$556, $flatten\system.$lt$rtl/upduino_replay.sv:323$554: $auto$alumacc.cc:548:replace_alu$11750
  creating $alu cell for $flatten\system.\transport.\spi.$add$rtl/io/spi_master.sv:77$1449: $auto$alumacc.cc:548:replace_alu$11761
  creating $alu cell for $flatten\system.\source.$add$rtl/io/replay_source.sv:41$1383: $auto$alumacc.cc:548:replace_alu$11764
  creating $alu cell for $flatten\system.$sub$rtl/upduino_replay.sv:314$544, $flatten\system.$eq$rtl/upduino_replay.sv:315$545: $auto$alumacc.cc:548:replace_alu$11767
  creating $alu cell for $flatten\system.$add$rtl/upduino_replay.sv:314$543: $auto$alumacc.cc:548:replace_alu$11772
  creating $alu cell for $flatten\system.$add$rtl/upduino_replay.sv:305$540: $auto$alumacc.cc:548:replace_alu$11775
  creating $alu cell for $flatten\system.$add$rtl/upduino_replay.sv:291$533: $auto$alumacc.cc:548:replace_alu$11778
  creating $alu cell for $flatten\system.\core.\g_lane[0].coeff_rom.$neg$rtl/core/vib_coeff_rom.sv:20$1451: $auto$alumacc.cc:548:replace_alu$11781
  creating $alu cell for $flatten\system.\core.$add$rtl/core/vibration_core.sv:414$2248: $auto$alumacc.cc:548:replace_alu$11784
  creating $alu cell for $flatten\system.\core.$add$rtl/core/vibration_core.sv:413$2247: $auto$alumacc.cc:548:replace_alu$11787
  creating $alu cell for $flatten\system.\core.$add$rtl/core/vibration_core.sv:412$2244: $auto$alumacc.cc:548:replace_alu$11790
  creating $alu cell for $flatten\system.$add$rtl/upduino_replay.sv:250$468: $auto$alumacc.cc:548:replace_alu$11793
  creating $alu cell for $flatten\system.\core.$add$rtl/core/vibration_core.sv:149$2214: $auto$alumacc.cc:548:replace_alu$11796
  creating $alu cell for $flatten\system.\core.$add$rtl/core/vibration_core.sv:398$2176: $auto$alumacc.cc:548:replace_alu$11799
  creating $alu cell for $flatten\system.\core.$add$rtl/core/vibration_core.sv:396$2174: $auto$alumacc.cc:548:replace_alu$11802
  creating $alu cell for $flatten\system.\core.$add$rtl/core/vibration_core.sv:382$2163: $auto$alumacc.cc:548:replace_alu$11805
  creating $alu cell for $flatten\system.\core.$add$rtl/core/vibration_core.sv:382$2162: $auto$alumacc.cc:548:replace_alu$11808
  creating $alu cell for $flatten\system.\core.$sub$rtl/core/vibration_core.sv:375$2159, $flatten\system.\core.$eq$rtl/core/vibration_core.sv:376$2160: $auto$alumacc.cc:548:replace_alu$11811
  creating $alu cell for $flatten\system.\core.$add$rtl/core/vibration_core.sv:360$2151: $auto$alumacc.cc:548:replace_alu$11816
  creating $alu cell for $flatten\system.$add$rtl/upduino_replay.sv:239$458: $auto$alumacc.cc:548:replace_alu$11819
  creating $alu cell for $flatten\system.\core.$add$rtl/core/vibration_core.sv:347$2147: $auto$alumacc.cc:548:replace_alu$11822
  creating $alu cell for $flatten\system.\core.$add$rtl/core/vibration_core.sv:346$2145: $auto$alumacc.cc:548:replace_alu$11825
  creating $alu cell for $flatten\system.$add$rtl/upduino_replay.sv:238$457: $auto$alumacc.cc:548:replace_alu$11828
  creating $alu cell for $flatten\system.$add$rtl/upduino_replay.sv:228$447: $auto$alumacc.cc:548:replace_alu$11831
  creating $alu cell for $flatten\system.$add$rtl/upduino_replay.sv:227$446: $auto$alumacc.cc:548:replace_alu$11834
  creating $alu cell for $flatten\system.\core.$add$rtl/core/vibration_core.sv:149$2122: $auto$alumacc.cc:548:replace_alu$11837
  creating $alu cell for $flatten\system.\core.$add$rtl/core/vibration_core.sv:338$2074: $auto$alumacc.cc:548:replace_alu$11840
  creating $alu cell for $flatten\system.\core.$add$rtl/core/vibration_core.sv:335$2072: $auto$alumacc.cc:548:replace_alu$11843
  creating $alu cell for $flatten\system.\core.$neg$rtl/core/vibration_core.sv:322$2060: $auto$alumacc.cc:548:replace_alu$11846
  creating $alu cell for $flatten\system.$add$rtl/upduino_replay.sv:198$425: $auto$alumacc.cc:548:replace_alu$11849
  creating $alu cell for $flatten\system.\core.$add$rtl/core/vibration_core.sv:149$2022: $auto$alumacc.cc:548:replace_alu$11852
  creating $alu cell for $flatten\system.\core.$neg$rtl/core/vibration_core.sv:308$2005: $auto$alumacc.cc:548:replace_alu$11855
  creating $alu cell for $flatten\system.\core.$add$rtl/core/vibration_core.sv:303$1911: $auto$alumacc.cc:548:replace_alu$11858
  creating $alu cell for $flatten\system.\core.$add$rtl/core/vibration_core.sv:302$1905: $auto$alumacc.cc:548:replace_alu$11861
  creating $alu cell for $flatten\system.\core.$add$rtl/core/vibration_core.sv:301$1901: $auto$alumacc.cc:548:replace_alu$11864
  creating $alu cell for $flatten\system.\core.$add$rtl/core/vibration_core.sv:300$1897: $auto$alumacc.cc:548:replace_alu$11867
  creating $alu cell for $flatten\system.\core.$add$rtl/core/vibration_core.sv:299$1893: $auto$alumacc.cc:548:replace_alu$11870
  creating $alu cell for $flatten\system.\core.$add$rtl/core/vibration_core.sv:295$1889: $auto$alumacc.cc:548:replace_alu$11873
  creating $alu cell for $flatten\system.\core.$add$rtl/core/vibration_core.sv:294$1888: $auto$alumacc.cc:548:replace_alu$11876
  creating $alu cell for $flatten\system.\core.$add$rtl/core/vibration_core.sv:290$1884: $auto$alumacc.cc:548:replace_alu$11879
  creating $alu cell for $flatten\system.\core.$neg$rtl/core/vibration_core.sv:289$1881: $auto$alumacc.cc:548:replace_alu$11882
  creating $alu cell for $flatten\system.\core.$add$rtl/core/vibration_core.sv:149$1650: $auto$alumacc.cc:548:replace_alu$11885
  creating $alu cell for $flatten\system.\core.$add$rtl/core/vibration_core.sv:149$1576: $auto$alumacc.cc:548:replace_alu$11888
  creating $alu cell for $flatten\system.\core.$sub$rtl/core/vibration_core.sv:228$1564: $auto$alumacc.cc:548:replace_alu$11891
  creating $alu cell for $flatten\system.\core.\hann_rom.$neg$rtl/core/vib_coeff_rom.sv:20$1465: $auto$alumacc.cc:548:replace_alu$11894
  creating $alu cell for $flatten\system.\core.$add$rtl/core/vibration_core.sv:134$1547: $auto$alumacc.cc:548:replace_alu$11897
  creating $alu cell for $flatten\system.\core.$add$rtl/core/vibration_core.sv:132$1546: $auto$alumacc.cc:548:replace_alu$11900
  creating $alu cell for $flatten\system.\core.$add$rtl/core/vibration_core.sv:131$1544: $auto$alumacc.cc:548:replace_alu$11903
  creating $alu cell for $flatten\system.$add$rtl/upduino_replay.sv:126$402: $auto$alumacc.cc:548:replace_alu$11906
  creating $alu cell for $add$rtl/upduino_replay.sv:27$397: $auto$alumacc.cc:548:replace_alu$11909
  creating $alu cell for $flatten\system.\core.$add$rtl/core/vibration_core.sv:114$1534: $auto$alumacc.cc:548:replace_alu$11912
  created 115 $alu and 2 $macc cells.

10.29. Executing OPT pass (performing simple optimizations).

10.29.1. Executing OPT_EXPR pass (perform const folding).
Optimizing module upduino_replay.
<suppressed ~157 debug messages>

10.29.2. Executing OPT_MERGE pass (detect identical cells).
Finding identical cells in module `\upduino_replay'.
Computing hashes of 1483 cells of `\upduino_replay'.
Finding duplicate cells in `\upduino_replay'.
Removed a total of 0 cells.

10.29.3. Executing OPT_MUXTREE pass (detect dead branches in mux trees).
Running muxtree optimizer on module \upduino_replay..
  Creating internal representation of mux trees.
  Evaluating internal representation of mux trees.
  Analyzing evaluation results.
Removed 0 multiplexer ports.
<suppressed ~607 debug messages>

10.29.4. Executing OPT_REDUCE pass (consolidate $*mux and $reduce_* inputs).
  Optimizing cells in module \upduino_replay.
Performed a total of 0 changes.

10.29.5. Executing OPT_MERGE pass (detect identical cells).
Finding identical cells in module `\upduino_replay'.
Computing hashes of 1483 cells of `\upduino_replay'.
Finding duplicate cells in `\upduino_replay'.
Computing hashes of 1479 cells of `\upduino_replay'.
Finding duplicate cells in `\upduino_replay'.
Computing hashes of 1476 cells of `\upduino_replay'.
Finding duplicate cells in `\upduino_replay'.
<suppressed ~21 debug messages>
Removed a total of 7 cells.

10.29.6. Executing OPT_DFF pass (perform DFF optimizations).
Setting constant 0-bit at position 10 on $auto$ff.cc:337:slice$10233 ($sdffe) from module upduino_replay.
Setting constant 0-bit at position 11 on $auto$ff.cc:337:slice$10233 ($sdffe) from module upduino_replay.
Setting constant 0-bit at position 12 on $auto$ff.cc:337:slice$10233 ($sdffe) from module upduino_replay.
Setting constant 0-bit at position 13 on $auto$ff.cc:337:slice$10233 ($sdffe) from module upduino_replay.
Setting constant 0-bit at position 14 on $auto$ff.cc:337:slice$10233 ($sdffe) from module upduino_replay.
Setting constant 0-bit at position 15 on $auto$ff.cc:337:slice$10233 ($sdffe) from module upduino_replay.
Setting constant 0-bit at position 16 on $auto$ff.cc:337:slice$10233 ($sdffe) from module upduino_replay.
Setting constant 0-bit at position 17 on $auto$ff.cc:337:slice$10233 ($sdffe) from module upduino_replay.
Setting constant 0-bit at position 18 on $auto$ff.cc:337:slice$10233 ($sdffe) from module upduino_replay.
Setting constant 0-bit at position 19 on $auto$ff.cc:337:slice$10233 ($sdffe) from module upduino_replay.
Setting constant 0-bit at position 20 on $auto$ff.cc:337:slice$10233 ($sdffe) from module upduino_replay.
Setting constant 0-bit at position 21 on $auto$ff.cc:337:slice$10233 ($sdffe) from module upduino_replay.
Setting constant 0-bit at position 22 on $auto$ff.cc:337:slice$10233 ($sdffe) from module upduino_replay.
Setting constant 0-bit at position 23 on $auto$ff.cc:337:slice$10233 ($sdffe) from module upduino_replay.
Setting constant 0-bit at position 24 on $auto$ff.cc:337:slice$10233 ($sdffe) from module upduino_replay.
Setting constant 0-bit at position 25 on $auto$ff.cc:337:slice$10233 ($sdffe) from module upduino_replay.
Setting constant 0-bit at position 26 on $auto$ff.cc:337:slice$10233 ($sdffe) from module upduino_replay.
Setting constant 0-bit at position 27 on $auto$ff.cc:337:slice$10233 ($sdffe) from module upduino_replay.
Setting constant 0-bit at position 28 on $auto$ff.cc:337:slice$10233 ($sdffe) from module upduino_replay.
Setting constant 0-bit at position 29 on $auto$ff.cc:337:slice$10233 ($sdffe) from module upduino_replay.
Setting constant 0-bit at position 30 on $auto$ff.cc:337:slice$10233 ($sdffe) from module upduino_replay.
Setting constant 0-bit at position 31 on $auto$ff.cc:337:slice$10233 ($sdffe) from module upduino_replay.

10.29.7. Executing OPT_CLEAN pass (remove unused cells and wires).
Finding unused cells or wires in module \upduino_replay..
Removed 15 unused cells and 191 unused wires.
<suppressed ~18 debug messages>

10.29.8. Executing OPT_EXPR pass (perform const folding).
Optimizing module upduino_replay.

10.29.9. Rerunning OPT passes. (Maybe there is more to do..)

10.29.10. Executing OPT_MUXTREE pass (detect dead branches in mux trees).
Running muxtree optimizer on module \upduino_replay..
  Creating internal representation of mux trees.
  Evaluating internal representation of mux trees.
  Analyzing evaluation results.
Removed 0 multiplexer ports.
<suppressed ~595 debug messages>

10.29.11. Executing OPT_REDUCE pass (consolidate $*mux and $reduce_* inputs).
  Optimizing cells in module \upduino_replay.
Performed a total of 0 changes.

10.29.12. Executing OPT_MERGE pass (detect identical cells).
Finding identical cells in module `\upduino_replay'.
Computing hashes of 1460 cells of `\upduino_replay'.
Finding duplicate cells in `\upduino_replay'.
Removed a total of 0 cells.

10.29.13. Executing OPT_DFF pass (perform DFF optimizations).

10.29.14. Executing OPT_CLEAN pass (remove unused cells and wires).
Finding unused cells or wires in module \upduino_replay..

10.29.15. Executing OPT_EXPR pass (perform const folding).
Optimizing module upduino_replay.

10.29.16. Finished fast OPT passes. (There is nothing left to do.)

10.30. Executing MEMORY pass.

10.30.1. Executing OPT_MEM pass (optimize memories).
upduino_replay.system.core.g_lane[0].coeff_rom.quarter: removing const-0 lane 15
upduino_replay.system.core.hann_rom.quarter: removing const-0 lane 13
upduino_replay.system.core.hann_rom.quarter: removing const-0 lane 14
upduino_replay.system.core.hann_rom.quarter: removing const-0 lane 15
upduino_replay.system.core.bias2: removing const-1 lane 4
upduino_replay.system.core.bias2: removing const-1 lane 6
upduino_replay.system.core.feature_shifts: removing const-0 lane 4
upduino_replay.system.core.feature_shifts: removing const-0 lane 5
upduino_replay.system.core.feature_shifts: removing const-0 lane 6
upduino_replay.system.core.feature_shifts: removing const-0 lane 7
upduino_replay.system.core.frequency_bins: removing const-0 lane 9
upduino_replay.system.core.frequency_bins: removing const-0 lane 10
upduino_replay.system.core.frequency_bins: removing const-0 lane 11
upduino_replay.system.core.frequency_bins: removing const-0 lane 12
upduino_replay.system.core.frequency_bins: removing const-0 lane 13
upduino_replay.system.core.frequency_bins: removing const-0 lane 14
upduino_replay.system.core.frequency_bins: removing const-0 lane 15
Performed a total of 5 transformations.

10.30.2. Executing OPT_MEM_PRIORITY pass (removing unnecessary memory write priority relations).
Performed a total of 3 transformations.

10.30.3. Executing OPT_MEM_FEEDBACK pass (finding memory read-to-write feedback paths).
  Analyzing upduino_replay.system.core.logits write port 0.
  Analyzing upduino_replay.system.core.logits write port 1.
  Analyzing upduino_replay.system.core.logits write port 2.
  Analyzing upduino_replay.system.core.logits write port 3.

10.30.4. Executing MEMORY_BMUX2ROM pass (converting muxes to ROMs).

10.30.5. Executing MEMORY_DFF pass (merging $dff cells to $memrd).
Checking read port `$auto$memory_bmux2rom.cc:63:execute$11935'[0] in module `\upduino_replay': no output FF found.
Checking read port `\system.core.logits'[0] in module `\upduino_replay': no output FF found.
Checking read port `\system.core.logits'[1] in module `\upduino_replay': no output FF found.
Checking read port `\system.core.logits'[2] in module `\upduino_replay': no output FF found.
Checking read port address `$auto$memory_bmux2rom.cc:63:execute$11935'[0] in module `\upduino_replay': merged address FF to cell.
Checking read port address `\system.core.logits'[0] in module `\upduino_replay': no address FF found.
Checking read port address `\system.core.logits'[1] in module `\upduino_replay': no address FF found.
Checking read port address `\system.core.logits'[2] in module `\upduino_replay': no address FF found.

10.30.6. Executing OPT_CLEAN pass (remove unused cells and wires).
Finding unused cells or wires in module \upduino_replay..
Removed 6 unused cells and 0 unused wires.
<suppressed ~6 debug messages>

10.30.7. Executing MEMORY_SHARE pass (consolidating $memrd/$memwr cells).
Consolidating read ports of memory upduino_replay.system.core.logits by address:
  Merging ports 0, 1 (address 2'00).
  Merging ports 0, 2 (address 2'00).
Consolidating write ports of memory upduino_replay.system.core.logits by address:
  Merging ports 0, 1 (address 2'00).
  Merging ports 0, 2 (address 2'00).
Consolidating write ports of memory upduino_replay.system.core.logits by address:
Consolidating write ports of memory upduino_replay.system.core.logits using sat-based resource sharing:

10.30.8. Executing OPT_MEM_WIDEN pass (optimize memories where all ports are wide).
Performed a total of 0 transformations.

10.30.9. Executing OPT_CLEAN pass (remove unused cells and wires).
Finding unused cells or wires in module \upduino_replay..
Removed 0 unused cells and 3 unused wires.
<suppressed ~1 debug messages>

10.30.10. Executing MEMORY_COLLECT pass (generating $mem cells).

10.31. Executing OPT_CLEAN pass (remove unused cells and wires).
Finding unused cells or wires in module \upduino_replay..

10.32. Executing MEMORY_LIBMAP pass (mapping memories to cells).
found attribute 'ram_style = block' on memory upduino_replay.system.core.g_lane[0].coeff_rom.quarter, forced mapping to block RAM
mapping memory upduino_replay.system.core.g_lane[0].coeff_rom.quarter via $__ICE40_RAM4K_
found attribute 'ram_style = block' on memory upduino_replay.system.core.hann_rom.quarter, forced mapping to block RAM
mapping memory upduino_replay.system.core.hann_rom.quarter via $__ICE40_RAM4K_
found attribute 'ram_style = block' on memory upduino_replay.system.core.g_lane[0].weights, forced mapping to block RAM
mapping memory upduino_replay.system.core.g_lane[0].weights via $__ICE40_RAM4K_
using FF mapping for memory upduino_replay.system.core.logits
mapping memory upduino_replay.system.core.features via $__ICE40_RAM4K_
mapping memory upduino_replay.system.core.hidden via $__ICE40_RAM4K_
using FF mapping for memory upduino_replay.system.core.bias2
using FF mapping for memory upduino_replay.system.core.bias1
using FF mapping for memory upduino_replay.system.core.feature_shifts
using FF mapping for memory upduino_replay.$auto$memory_bmux2rom.cc:63:execute$11935
using FF mapping for memory upduino_replay.system.core.frequency_bins
using FF mapping for memory upduino_replay.system.core.frame_sums
using FF mapping for memory upduino_replay.system.core.frame_ids
found attribute 'ram_style = block' on memory upduino_replay.system.core.windowed, forced mapping to block RAM
mapping memory upduino_replay.system.core.windowed via $__ICE40_RAM4K_
found attribute 'ram_style = block' on memory upduino_replay.system.core.raw0, forced mapping to block RAM
mapping memory upduino_replay.system.core.raw0 via $__ICE40_RAM4K_
found attribute 'ram_style = block' on memory upduino_replay.system.core.raw1, forced mapping to block RAM
mapping memory upduino_replay.system.core.raw1 via $__ICE40_RAM4K_
mapping memory upduino_replay.system.core.imag_part via $__ICE40_RAM4K_
mapping memory upduino_replay.system.core.real_part via $__ICE40_RAM4K_
<suppressed ~1006 debug messages>

10.33. Executing TECHMAP pass (map to technology primitives).

10.33.1. Executing Verilog-2005 frontend: ./.tools/oss-cad-suite/libexec/../share/yosys/ice40/brams_map.v
Parsing Verilog input from `./.tools/oss-cad-suite/libexec/../share/yosys/ice40/brams_map.v' to AST representation.
Generating RTLIL representation for module `$__ICE40_RAM4K_'.
Successfully finished Verilog frontend.

10.33.2. Executing Verilog-2005 frontend: ./.tools/oss-cad-suite/libexec/../share/yosys/ice40/spram_map.v
Parsing Verilog input from `./.tools/oss-cad-suite/libexec/../share/yosys/ice40/spram_map.v' to AST representation.
Generating RTLIL representation for module `$__ICE40_SPRAM_'.
Successfully finished Verilog frontend.

10.33.3. Continuing TECHMAP pass.
Using template $paramod$a1f6b5309207cf102bfb625dccbd224ad06df61d$__ICE40_RAM4K_ for cells of type $__ICE40_RAM4K_.
Using template $paramod$152405ab8834e0c4f35bd7e4e60c34790a6f81fa$__ICE40_RAM4K_ for cells of type $__ICE40_RAM4K_.
Using template $paramod$13b3947419e62b7bbba1b93c77e4155efbe69a94$__ICE40_RAM4K_ for cells of type $__ICE40_RAM4K_.
Using template $paramod$b6e1f69c0dd230a19df644a5d3541fe476ee9870$__ICE40_RAM4K_ for cells of type $__ICE40_RAM4K_.
Using template $paramod$4f641711fe137c06a12358c506c22075b5de143c$__ICE40_RAM4K_ for cells of type $__ICE40_RAM4K_.
Using template $paramod$502f09618a62ea60ac9126260a39ebc2778d6e09$__ICE40_RAM4K_ for cells of type $__ICE40_RAM4K_.
No more expansions possible.
<suppressed ~139 debug messages>

10.34. Executing ICE40_BRAMINIT pass.

10.35. Executing OPT pass (performing simple optimizations).

10.35.1. Executing OPT_EXPR pass (perform const folding).
Optimizing module upduino_replay.
<suppressed ~459 debug messages>

10.35.2. Executing OPT_MERGE pass (detect identical cells).
Finding identical cells in module `\upduino_replay'.
Computing hashes of 1526 cells of `\upduino_replay'.
Finding duplicate cells in `\upduino_replay'.
Computing hashes of 1461 cells of `\upduino_replay'.
Finding duplicate cells in `\upduino_replay'.
Computing hashes of 1458 cells of `\upduino_replay'.
Finding duplicate cells in `\upduino_replay'.
Computing hashes of 1456 cells of `\upduino_replay'.
Finding duplicate cells in `\upduino_replay'.
Computing hashes of 1454 cells of `\upduino_replay'.
Finding duplicate cells in `\upduino_replay'.
Computing hashes of 1453 cells of `\upduino_replay'.
Finding duplicate cells in `\upduino_replay'.
Computing hashes of 1452 cells of `\upduino_replay'.
Finding duplicate cells in `\upduino_replay'.
<suppressed ~226 debug messages>
Removed a total of 74 cells.

10.35.3. Executing OPT_DFF pass (perform DFF optimizations).
Removing always-active EN on $auto$mem.cc:1169:emulate_transparency$11967 ($dffe) from module upduino_replay.
Removing always-active EN on $auto$mem.cc:1169:emulate_transparency$11996 ($dffe) from module upduino_replay.
Removing always-active EN on $auto$mem.cc:1169:emulate_transparency$12010 ($dffe) from module upduino_replay.
Removing always-active EN on $auto$mem.cc:1169:emulate_transparency$11956 ($dffe) from module upduino_replay.
Setting constant 0-bit at position 0 on $auto$opt_mem.cc:128:execute$11926 ($dff) from module upduino_replay.
Setting constant 1-bit at position 0 on $auto$opt_mem.cc:128:execute$11923 ($dff) from module upduino_replay.
Setting constant 0-bit at position 0 on $auto$opt_mem.cc:128:execute$11919 ($dffe) from module upduino_replay.
Setting constant 0-bit at position 0 on $auto$opt_mem.cc:128:execute$11918 ($dffe) from module upduino_replay.

10.35.4. Executing OPT_CLEAN pass (remove unused cells and wires).
Finding unused cells or wires in module \upduino_replay..
Removed 78 unused cells and 744 unused wires.
<suppressed ~81 debug messages>

10.35.5. Rerunning OPT passes. (Removed registers in this run.)

10.35.6. Executing OPT_EXPR pass (perform const folding).
Optimizing module upduino_replay.
<suppressed ~20 debug messages>

10.35.7. Executing OPT_MERGE pass (detect identical cells).
Finding identical cells in module `\upduino_replay'.
Computing hashes of 1363 cells of `\upduino_replay'.
Finding duplicate cells in `\upduino_replay'.
Removed a total of 0 cells.

10.35.8. Executing OPT_DFF pass (perform DFF optimizations).

10.35.9. Executing OPT_CLEAN pass (remove unused cells and wires).
Finding unused cells or wires in module \upduino_replay..
Removed 3 unused cells and 17 unused wires.
<suppressed ~4 debug messages>

10.35.10. Finished fast OPT passes.

10.36. Executing MEMORY_MAP pass (converting memories to logic and flip-flops).
Mapping memory \system.core.logits in module \upduino_replay:
  created 4 $dff cells and 0 static cells of width 32.
  read interface: 0 $dff and 0 $mux cells.
  write interface: 8 write mux blocks.
Mapping memory \system.core.bias2 in module \upduino_replay:
  created 3 $dff cells and 0 static cells of width 30.
Extracted data FF from read port 0 of upduino_replay.system.core.bias2: $\system.core.bias2$rdreg[0]
  read interface: 1 $dff and 3 $mux cells.
  write interface: 0 write mux blocks.
Mapping memory \system.core.bias1 in module \upduino_replay:
  created 16 $dff cells and 0 static cells of width 32.
Extracted data FF from read port 0 of upduino_replay.system.core.bias1: $\system.core.bias1$rdreg[0]
  read interface: 1 $dff and 15 $mux cells.
  write interface: 0 write mux blocks.
Mapping memory \system.core.feature_shifts in module \upduino_replay:
  created 16 $dff cells and 0 static cells of width 4.
Extracted data FF from read port 0 of upduino_replay.system.core.feature_shifts: $\system.core.feature_shifts$rdreg[0]
  read interface: 1 $dff and 15 $mux cells.
  write interface: 0 write mux blocks.
Mapping memory $auto$memory_bmux2rom.cc:63:execute$11935 in module \upduino_replay:
  created 32 $dff cells and 0 static cells of width 8.
Extracted data FF from read port 0 of upduino_replay.$auto$memory_bmux2rom.cc:63:execute$11935: $$auto$memory_bmux2rom.cc:63:execute$11935$rdreg[0]
  read interface: 1 $dff and 31 $mux cells.
  write interface: 0 write mux blocks.
Mapping memory \system.core.frequency_bins in module \upduino_replay:
  created 48 $dff cells and 0 static cells of width 9.
Extracted data FF from read port 0 of upduino_replay.system.core.frequency_bins: $\system.core.frequency_bins$rdreg[0]
  read interface: 1 $dff and 63 $mux cells.
  write interface: 0 write mux blocks.
Mapping memory \system.core.frame_sums in module \upduino_replay:
  created 2 $dff cells and 0 static cells of width 26.
Extracted addr FF from read port 0 of upduino_replay.system.core.frame_sums: $\system.core.frame_sums$rdreg[0]
  read interface: 1 $dff and 1 $mux cells.
  write interface: 2 write mux blocks.
Mapping memory \system.core.frame_ids in module \upduino_replay:
  created 2 $dff cells and 0 static cells of width 32.
Extracted data FF from read port 0 of upduino_replay.system.core.frame_ids: $\system.core.frame_ids$rdreg[0]
  read interface: 1 $dff and 1 $mux cells.
  write interface: 2 write mux blocks.

10.37. Executing OPT pass (performing simple optimizations).

10.37.1. Executing OPT_EXPR pass (perform const folding).
Optimizing module upduino_replay.
<suppressed ~50 debug messages>

10.37.2. Executing OPT_MERGE pass (detect identical cells).
Finding identical cells in module `\upduino_replay'.
Computing hashes of 1505 cells of `\upduino_replay'.
Finding duplicate cells in `\upduino_replay'.
Computing hashes of 1503 cells of `\upduino_replay'.
Finding duplicate cells in `\upduino_replay'.
<suppressed ~6 debug messages>
Removed a total of 2 cells.

10.37.3. Executing OPT_MUXTREE pass (detect dead branches in mux trees).
Running muxtree optimizer on module \upduino_replay..
  Creating internal representation of mux trees.
  Evaluating internal representation of mux trees.
  Analyzing evaluation results.
    dead port 1/2 on $mux $flatten\system.\core.$procmux$6100.
    dead port 2/2 on $mux $flatten\system.\core.$procmux$6100.
Removed 2 multiplexer ports.
<suppressed ~501 debug messages>

10.37.4. Executing OPT_REDUCE pass (consolidate $*mux and $reduce_* inputs).
  Optimizing cells in module \upduino_replay.
    New input vector for $reduce_and cell $auto$alumacc.cc:96:get_eq$11492: $auto$alumacc.cc:564:replace_alu$11486 [32:0]
    Consolidated identical input bits for $mux cell $memory\system.core.frequency_bins$rdmux[0][5][17]$13108:
      Old ports: A=9'101100011, B=9'101100100, Y=$memory\system.core.frequency_bins$rdmux[0][4][8]$b$13035
      New ports: A=2'01, B=2'10, Y={ $memory\system.core.frequency_bins$rdmux[0][4][8]$b$13035 [2] $memory\system.core.frequency_bins$rdmux[0][4][8]$b$13035 [0] }
      New connections: { $memory\system.core.frequency_bins$rdmux[0][4][8]$b$13035 [8:3] $memory\system.core.frequency_bins$rdmux[0][4][8]$b$13035 [1] } = { 6'101100 $memory\system.core.frequency_bins$rdmux[0][4][8]$b$13035 [0] }
    Consolidated identical input bits for $mux cell $memory\system.core.frequency_bins$rdmux[0][5][16]$13105:
      Old ports: A=9'101011011, B=9'101100010, Y=$memory\system.core.frequency_bins$rdmux[0][4][8]$a$13034
      New ports: A=2'01, B=2'10, Y={ $memory\system.core.frequency_bins$rdmux[0][4][8]$a$13034 [5] $memory\system.core.frequency_bins$rdmux[0][4][8]$a$13034 [0] }
      New connections: { $memory\system.core.frequency_bins$rdmux[0][4][8]$a$13034 [8:6] $memory\system.core.frequency_bins$rdmux[0][4][8]$a$13034 [4:1] } = { 3'101 $memory\system.core.frequency_bins$rdmux[0][4][8]$a$13034 [0] $memory\system.core.frequency_bins$rdmux[0][4][8]$a$13034 [0] 2'01 }
    Consolidated identical input bits for $mux cell $memory\system.core.frequency_bins$rdmux[0][5][15]$13102:
      Old ports: A=9'101011001, B=9'101011010, Y=$memory\system.core.frequency_bins$rdmux[0][4][7]$b$13032
      New ports: A=2'01, B=2'10, Y=$memory\system.core.frequency_bins$rdmux[0][4][7]$b$13032 [1:0]
      New connections: $memory\system.core.frequency_bins$rdmux[0][4][7]$b$13032 [8:2] = 7'1010110
    Consolidated identical input bits for $mux cell $memory\system.core.frequency_bins$rdmux[0][5][14]$13099:
      Old ports: A=9'101010011, B=9'101010100, Y=$memory\system.core.frequency_bins$rdmux[0][4][7]$a$13031
      New ports: A=2'01, B=2'10, Y={ $memory\system.core.frequency_bins$rdmux[0][4][7]$a$13031 [2] $memory\system.core.frequency_bins$rdmux[0][4][7]$a$13031 [0] }
      New connections: { $memory\system.core.frequency_bins$rdmux[0][4][7]$a$13031 [8:3] $memory\system.core.frequency_bins$rdmux[0][4][7]$a$13031 [1] } = { 6'101010 $memory\system.core.frequency_bins$rdmux[0][4][7]$a$13031 [0] }
    Consolidated identical input bits for $mux cell $memory\system.core.frequency_bins$rdmux[0][5][13]$13096:
      Old ports: A=9'101001001, B=9'101010010, Y=$memory\system.core.frequency_bins$rdmux[0][4][6]$b$13029
      New ports: A=2'01, B=2'10, Y=$memory\system.core.frequency_bins$rdmux[0][4][6]$b$13029 [1:0]
      New connections: $memory\system.core.frequency_bins$rdmux[0][4][6]$b$13029 [8:2] = { 4'1010 $memory\system.core.frequency_bins$rdmux[0][4][6]$b$13029 [1:0] 1'0 }
    Consolidated identical input bits for $mux cell $memory\system.core.frequency_bins$rdmux[0][5][12]$13093:
      Old ports: A=9'101000111, B=9'101001000, Y=$memory\system.core.frequency_bins$rdmux[0][4][6]$a$13028
      New ports: A=2'01, B=2'10, Y={ $memory\system.core.frequency_bins$rdmux[0][4][6]$a$13028 [3] $memory\system.core.frequency_bins$rdmux[0][4][6]$a$13028 [0] }
      New connections: { $memory\system.core.frequency_bins$rdmux[0][4][6]$a$13028 [8:4] $memory\system.core.frequency_bins$rdmux[0][4][6]$a$13028 [2:1] } = { 5'10100 $memory\system.core.frequency_bins$rdmux[0][4][6]$a$13028 [0] $memory\system.core.frequency_bins$rdmux[0][4][6]$a$13028 [0] }
    Consolidated identical input bits for $mux cell $memory\system.core.frequency_bins$rdmux[0][5][11]$13090:
      Old ports: A=9'101000001, B=9'101000010, Y=$memory\system.core.frequency_bins$rdmux[0][4][5]$b$13026
      New ports: A=2'01, B=2'10, Y=$memory\system.core.frequency_bins$rdmux[0][4][5]$b$13026 [1:0]
      New connections: $memory\system.core.frequency_bins$rdmux[0][4][5]$b$13026 [8:2] = 7'1010000
    Consolidated identical input bits for $mux cell $memory\system.core.frequency_bins$rdmux[0][5][10]$13087:
      Old ports: A=9'100111100, B=9'101000000, Y=$memory\system.core.frequency_bins$rdmux[0][4][5]$a$13025
      New ports: A=2'01, B=2'10, Y={ $memory\system.core.frequency_bins$rdmux[0][4][5]$a$13025 [6] $memory\system.core.frequency_bins$rdmux[0][4][5]$a$13025 [2] }
      New connections: { $memory\system.core.frequency_bins$rdmux[0][4][5]$a$13025 [8:7] $memory\system.core.frequency_bins$rdmux[0][4][5]$a$13025 [5:3] $memory\system.core.frequency_bins$rdmux[0][4][5]$a$13025 [1:0] } = { 2'10 $memory\system.core.frequency_bins$rdmux[0][4][5]$a$13025 [2] $memory\system.core.frequency_bins$rdmux[0][4][5]$a$13025 [2] $memory\system.core.frequency_bins$rdmux[0][4][5]$a$13025 [2] 2'00 }
    Consolidated identical input bits for $mux cell $memory\system.core.frequency_bins$rdmux[0][5][9]$13084:
      Old ports: A=9'100111010, B=9'100111011, Y=$memory\system.core.frequency_bins$rdmux[0][4][4]$b$13023
      New ports: A=1'0, B=1'1, Y=$memory\system.core.frequency_bins$rdmux[0][4][4]$b$13023 [0]
      New connections: $memory\system.core.frequency_bins$rdmux[0][4][4]$b$13023 [8:1] = 8'10011101
    Consolidated identical input bits for $mux cell $memory\system.core.frequency_bins$rdmux[0][5][8]$13081:
      Old ports: A=9'100110100, B=9'100110101, Y=$memory\system.core.frequency_bins$rdmux[0][4][4]$a$13022
      New ports: A=1'0, B=1'1, Y=$memory\system.core.frequency_bins$rdmux[0][4][4]$a$13022 [0]
      New connections: $memory\system.core.frequency_bins$rdmux[0][4][4]$a$13022 [8:1] = 8'10011010
    Consolidated identical input bits for $mux cell $memory\system.core.frequency_bins$rdmux[0][5][7]$13078:
      Old ports: A=9'100101101, B=9'100110011, Y=$memory\system.core.frequency_bins$rdmux[0][4][3]$b$13020
      New ports: A=2'10, B=2'01, Y=$memory\system.core.frequency_bins$rdmux[0][4][3]$b$13020 [2:1]
      New connections: { $memory\system.core.frequency_bins$rdmux[0][4][3]$b$13020 [8:3] $memory\system.core.frequency_bins$rdmux[0][4][3]$b$13020 [0] } = { 4'1001 $memory\system.core.frequency_bins$rdmux[0][4][3]$b$13020 [1] $memory\system.core.frequency_bins$rdmux[0][4][3]$b$13020 [2] 1'1 }
    Consolidated identical input bits for $mux cell $memory\system.core.frequency_bins$rdmux[0][5][6]$13075:
      Old ports: A=9'100101011, B=9'100101100, Y=$memory\system.core.frequency_bins$rdmux[0][4][3]$a$13019
      New ports: A=2'01, B=2'10, Y={ $memory\system.core.frequency_bins$rdmux[0][4][3]$a$13019 [2] $memory\system.core.frequency_bins$rdmux[0][4][3]$a$13019 [0] }
      New connections: { $memory\system.core.frequency_bins$rdmux[0][4][3]$a$13019 [8:3] $memory\system.core.frequency_bins$rdmux[0][4][3]$a$13019 [1] } = { 6'100101 $memory\system.core.frequency_bins$rdmux[0][4][3]$a$13019 [0] }
    Consolidated identical input bits for $mux cell $memory\system.core.frequency_bins$rdmux[0][5][5]$13072:
      Old ports: A=9'011001111, B=9'011010000, Y=$memory\system.core.frequency_bins$rdmux[0][4][2]$b$13017
      New ports: A=2'01, B=2'10, Y={ $memory\system.core.frequency_bins$rdmux[0][4][2]$b$13017 [4] $memory\system.core.frequency_bins$rdmux[0][4][2]$b$13017 [0] }
      New connections: { $memory\system.core.frequency_bins$rdmux[0][4][2]$b$13017 [8:5] $memory\system.core.frequency_bins$rdmux[0][4][2]$b$13017 [3:1] } = { 4'0110 $memory\system.core.frequency_bins$rdmux[0][4][2]$b$13017 [0] $memory\system.core.frequency_bins$rdmux[0][4][2]$b$13017 [0] $memory\system.core.frequency_bins$rdmux[0][4][2]$b$13017 [0] }
    Consolidated identical input bits for $mux cell $memory\system.core.frequency_bins$rdmux[0][5][4]$13069:
      Old ports: A=9'010111101, B=9'011001110, Y=$memory\system.core.frequency_bins$rdmux[0][4][2]$a$13016
      New ports: A=2'01, B=2'10, Y=$memory\system.core.frequency_bins$rdmux[0][4][2]$a$13016 [1:0]
      New connections: $memory\system.core.frequency_bins$rdmux[0][4][2]$a$13016 [8:2] = { 2'01 $memory\system.core.frequency_bins$rdmux[0][4][2]$a$13016 [1:0] $memory\system.core.frequency_bins$rdmux[0][4][2]$a$13016 [0] 2'11 }
    Consolidated identical input bits for $mux cell $memory\system.core.frequency_bins$rdmux[0][5][3]$13066:
      Old ports: A=9'010111011, B=9'010111100, Y=$memory\system.core.frequency_bins$rdmux[0][4][1]$b$13014
      New ports: A=2'01, B=2'10, Y={ $memory\system.core.frequency_bins$rdmux[0][4][1]$b$13014 [2] $memory\system.core.frequency_bins$rdmux[0][4][1]$b$13014 [0] }
      New connections: { $memory\system.core.frequency_bins$rdmux[0][4][1]$b$13014 [8:3] $memory\system.core.frequency_bins$rdmux[0][4][1]$b$13014 [1] } = { 6'010111 $memory\system.core.frequency_bins$rdmux[0][4][1]$b$13014 [0] }
    Consolidated identical input bits for $mux cell $memory\system.core.frequency_bins$rdmux[0][5][2]$13063:
      Old ports: A=9'010110001, B=9'010110010, Y=$memory\system.core.frequency_bins$rdmux[0][4][1]$a$13013
      New ports: A=2'01, B=2'10, Y=$memory\system.core.frequency_bins$rdmux[0][4][1]$a$13013 [1:0]
      New connections: $memory\system.core.frequency_bins$rdmux[0][4][1]$a$13013 [8:2] = 7'0101100
    Consolidated identical input bits for $mux cell $memory\system.core.frequency_bins$rdmux[0][5][1]$13060:
      Old ports: A=9'001010001, B=9'010110000, Y=$memory\system.core.frequency_bins$rdmux[0][4][0]$b$13011
      New ports: A=2'01, B=2'10, Y={ $memory\system.core.frequency_bins$rdmux[0][4][0]$b$13011 [5] $memory\system.core.frequency_bins$rdmux[0][4][0]$b$13011 [0] }
      New connections: { $memory\system.core.frequency_bins$rdmux[0][4][0]$b$13011 [8:6] $memory\system.core.frequency_bins$rdmux[0][4][0]$b$13011 [4:1] } = { 1'0 $memory\system.core.frequency_bins$rdmux[0][4][0]$b$13011 [5] $memory\system.core.frequency_bins$rdmux[0][4][0]$b$13011 [0] 4'1000 }
    Consolidated identical input bits for $mux cell $memory\system.core.frequency_bins$rdmux[0][5][0]$13057:
      Old ports: A=9'001001111, B=9'001010000, Y=$memory\system.core.frequency_bins$rdmux[0][4][0]$a$13010
      New ports: A=2'01, B=2'10, Y={ $memory\system.core.frequency_bins$rdmux[0][4][0]$a$13010 [4] $memory\system.core.frequency_bins$rdmux[0][4][0]$a$13010 [0] }
      New connections: { $memory\system.core.frequency_bins$rdmux[0][4][0]$a$13010 [8:5] $memory\system.core.frequency_bins$rdmux[0][4][0]$a$13010 [3:1] } = { 4'0010 $memory\system.core.frequency_bins$rdmux[0][4][0]$a$13010 [0] $memory\system.core.frequency_bins$rdmux[0][4][0]$a$13010 [0] $memory\system.core.frequency_bins$rdmux[0][4][0]$a$13010 [0] }
    Consolidated identical input bits for $mux cell $memory$auto$memory_bmux2rom.cc:63:execute$11935$rdmux[0][4][14]$12958:
      Old ports: A=8'00011101, B=8'01111111, Y=$memory$auto$memory_bmux2rom.cc:63:execute$11935$rdmux[0][3][7]$a$12914
      New ports: A=1'0, B=1'1, Y=$memory$auto$memory_bmux2rom.cc:63:execute$11935$rdmux[0][3][7]$a$12914 [1]
      New connections: { $memory$auto$memory_bmux2rom.cc:63:execute$11935$rdmux[0][3][7]$a$12914 [7:2] $memory$auto$memory_bmux2rom.cc:63:execute$11935$rdmux[0][3][7]$a$12914 [0] } = { 1'0 $memory$auto$memory_bmux2rom.cc:63:execute$11935$rdmux[0][3][7]$a$12914 [1] $memory$auto$memory_bmux2rom.cc:63:execute$11935$rdmux[0][3][7]$a$12914 [1] 4'1111 }
    Consolidated identical input bits for $mux cell $memory$auto$memory_bmux2rom.cc:63:execute$11935$rdmux[0][4][13]$12955:
      Old ports: A=8'01100110, B=8'00001110, Y=$memory$auto$memory_bmux2rom.cc:63:execute$11935$rdmux[0][3][6]$b$12912
      New ports: A=2'10, B=2'01, Y={ $memory$auto$memory_bmux2rom.cc:63:execute$11935$rdmux[0][3][6]$b$12912 [5] $memory$auto$memory_bmux2rom.cc:63:execute$11935$rdmux[0][3][6]$b$12912 [3] }
      New connections: { $memory$auto$memory_bmux2rom.cc:63:execute$11935$rdmux[0][3][6]$b$12912 [7:6] $memory$auto$memory_bmux2rom.cc:63:execute$11935$rdmux[0][3][6]$b$12912 [4] $memory$auto$memory_bmux2rom.cc:63:execute$11935$rdmux[0][3][6]$b$12912 [2:0] } = { 1'0 $memory$auto$memory_bmux2rom.cc:63:execute$11935$rdmux[0][3][6]$b$12912 [5] 4'0110 }
    Consolidated identical input bits for $mux cell $memory$auto$memory_bmux2rom.cc:63:execute$11935$rdmux[0][4][12]$12952:
      Old ports: A=8'11110101, B=8'01000101, Y=$memory$auto$memory_bmux2rom.cc:63:execute$11935$rdmux[0][3][6]$a$12911
      New ports: A=1'1, B=1'0, Y=$memory$auto$memory_bmux2rom.cc:63:execute$11935$rdmux[0][3][6]$a$12911 [4]
      New connections: { $memory$auto$memory_bmux2rom.cc:63:execute$11935$rdmux[0][3][6]$a$12911 [7:5] $memory$auto$memory_bmux2rom.cc:63:execute$11935$rdmux[0][3][6]$a$12911 [3:0] } = { $memory$auto$memory_bmux2rom.cc:63:execute$11935$rdmux[0][3][6]$a$12911 [4] 1'1 $memory$auto$memory_bmux2rom.cc:63:execute$11935$rdmux[0][3][6]$a$12911 [4] 4'0101 }
    Consolidated identical input bits for $mux cell $memory$auto$memory_bmux2rom.cc:63:execute$11935$rdmux[0][4][11]$12949:
      Old ports: A=8'10001010, B=8'11001011, Y=$memory$auto$memory_bmux2rom.cc:63:execute$11935$rdmux[0][3][5]$b$12909
      New ports: A=1'0, B=1'1, Y=$memory$auto$memory_bmux2rom.cc:63:execute$11935$rdmux[0][3][5]$b$12909 [0]
      New connections: $memory$auto$memory_bmux2rom.cc:63:execute$11935$rdmux[0][3][5]$b$12909 [7:1] = { 1'1 $memory$auto$memory_bmux2rom.cc:63:execute$11935$rdmux[0][3][5]$b$12909 [0] 5'00101 }
    Consolidated identical input bits for $mux cell $memory$auto$memory_bmux2rom.cc:63:execute$11935$rdmux[0][4][10]$12946:
      Old ports: A=8'01110101, B=8'11100010, Y=$memory$auto$memory_bmux2rom.cc:63:execute$11935$rdmux[0][3][5]$a$12908
      New ports: A=2'01, B=2'10, Y=$memory$auto$memory_bmux2rom.cc:63:execute$11935$rdmux[0][3][5]$a$12908 [1:0]
      New connections: $memory$auto$memory_bmux2rom.cc:63:execute$11935$rdmux[0][3][5]$a$12908 [7:2] = { $memory$auto$memory_bmux2rom.cc:63:execute$11935$rdmux[0][3][5]$a$12908 [1] 2'11 $memory$auto$memory_bmux2rom.cc:63:execute$11935$rdmux[0][3][5]$a$12908 [0] 1'0 $memory$auto$memory_bmux2rom.cc:63:execute$11935$rdmux[0][3][5]$a$12908 [0] }
    Consolidated identical input bits for $mux cell $memory$auto$memory_bmux2rom.cc:63:execute$11935$rdmux[0][4][9]$12943:
      Old ports: A=8'01000011, B=8'00000010, Y=$memory$auto$memory_bmux2rom.cc:63:execute$11935$rdmux[0][3][4]$b$12906
      New ports: A=1'1, B=1'0, Y=$memory$auto$memory_bmux2rom.cc:63:execute$11935$rdmux[0][3][4]$b$12906 [0]
      New connections: $memory$auto$memory_bmux2rom.cc:63:execute$11935$rdmux[0][3][4]$b$12906 [7:1] = { 1'0 $memory$auto$memory_bmux2rom.cc:63:execute$11935$rdmux[0][3][4]$b$12906 [0] 5'00001 }
    Consolidated identical input bits for $mux cell $memory$auto$memory_bmux2rom.cc:63:execute$11935$rdmux[0][4][8]$12940:
      Old ports: A=8'10111110, B=8'00001101, Y=$memory$auto$memory_bmux2rom.cc:63:execute$11935$rdmux[0][3][4]$a$12905
      New ports: A=2'10, B=2'01, Y=$memory$auto$memory_bmux2rom.cc:63:execute$11935$rdmux[0][3][4]$a$12905 [1:0]
      New connections: $memory$auto$memory_bmux2rom.cc:63:execute$11935$rdmux[0][3][4]$a$12905 [7:2] = { $memory$auto$memory_bmux2rom.cc:63:execute$11935$rdmux[0][3][4]$a$12905 [1] 1'0 $memory$auto$memory_bmux2rom.cc:63:execute$11935$rdmux[0][3][4]$a$12905 [1] $memory$auto$memory_bmux2rom.cc:63:execute$11935$rdmux[0][3][4]$a$12905 [1] 2'11 }
    Consolidated identical input bits for $mux cell $memory$auto$memory_bmux2rom.cc:63:execute$11935$rdmux[0][4][7]$12937:
      Old ports: A=8'00011111, B=8'10111001, Y=$memory$auto$memory_bmux2rom.cc:63:execute$11935$rdmux[0][3][3]$b$12903
      New ports: A=2'01, B=2'10, Y={ $memory$auto$memory_bmux2rom.cc:63:execute$11935$rdmux[0][3][3]$b$12903 [5] $memory$auto$memory_bmux2rom.cc:63:execute$11935$rdmux[0][3][3]$b$12903 [1] }
      New connections: { $memory$auto$memory_bmux2rom.cc:63:execute$11935$rdmux[0][3][3]$b$12903 [7:6] $memory$auto$memory_bmux2rom.cc:63:execute$11935$rdmux[0][3][3]$b$12903 [4:2] $memory$auto$memory_bmux2rom.cc:63:execute$11935$rdmux[0][3][3]$b$12903 [0] } = { $memory$auto$memory_bmux2rom.cc:63:execute$11935$rdmux[0][3][3]$b$12903 [5] 3'011 $memory$auto$memory_bmux2rom.cc:63:execute$11935$rdmux[0][3][3]$b$12903 [1] 1'1 }
    Consolidated identical input bits for $mux cell $memory$auto$memory_bmux2rom.cc:63:execute$11935$rdmux[0][4][6]$12934:
      Old ports: A=8'01110111, B=8'00011100, Y=$memory$auto$memory_bmux2rom.cc:63:execute$11935$rdmux[0][3][3]$a$12902
      New ports: A=2'01, B=2'10, Y={ $memory$auto$memory_bmux2rom.cc:63:execute$11935$rdmux[0][3][3]$a$12902 [3] $memory$auto$memory_bmux2rom.cc:63:execute$11935$rdmux[0][3][3]$a$12902 [0] }
      New connections: { $memory$auto$memory_bmux2rom.cc:63:execute$11935$rdmux[0][3][3]$a$12902 [7:4] $memory$auto$memory_bmux2rom.cc:63:execute$11935$rdmux[0][3][3]$a$12902 [2:1] } = { 1'0 $memory$auto$memory_bmux2rom.cc:63:execute$11935$rdmux[0][3][3]$a$12902 [0] $memory$auto$memory_bmux2rom.cc:63:execute$11935$rdmux[0][3][3]$a$12902 [0] 2'11 $memory$auto$memory_bmux2rom.cc:63:execute$11935$rdmux[0][3][3]$a$12902 [0] }
    Consolidated identical input bits for $mux cell $memory$auto$memory_bmux2rom.cc:63:execute$11935$rdmux[0][4][5]$12931:
      Old ports: A=8'00010011, B=8'01011110, Y=$memory$auto$memory_bmux2rom.cc:63:execute$11935$rdmux[0][3][2]$b$12900
      New ports: A=2'01, B=2'10, Y={ $memory$auto$memory_bmux2rom.cc:63:execute$11935$rdmux[0][3][2]$b$12900 [2] $memory$auto$memory_bmux2rom.cc:63:execute$11935$rdmux[0][3][2]$b$12900 [0] }
      New connections: { $memory$auto$memory_bmux2rom.cc:63:execute$11935$rdmux[0][3][2]$b$12900 [7:3] $memory$auto$memory_bmux2rom.cc:63:execute$11935$rdmux[0][3][2]$b$12900 [1] } = { 1'0 $memory$auto$memory_bmux2rom.cc:63:execute$11935$rdmux[0][3][2]$b$12900 [2] 2'01 $memory$auto$memory_bmux2rom.cc:63:execute$11935$rdmux[0][3][2]$b$12900 [2] 1'1 }
    Consolidated identical input bits for $mux cell $memory$auto$memory_bmux2rom.cc:63:execute$11935$rdmux[0][4][4]$12928:
      Old ports: A=8'00111001, B=8'00010101, Y=$memory$auto$memory_bmux2rom.cc:63:execute$11935$rdmux[0][3][2]$a$12899
      New ports: A=2'10, B=2'01, Y=$memory$auto$memory_bmux2rom.cc:63:execute$11935$rdmux[0][3][2]$a$12899 [3:2]
      New connections: { $memory$auto$memory_bmux2rom.cc:63:execute$11935$rdmux[0][3][2]$a$12899 [7:4] $memory$auto$memory_bmux2rom.cc:63:execute$11935$rdmux[0][3][2]$a$12899 [1:0] } = { 2'00 $memory$auto$memory_bmux2rom.cc:63:execute$11935$rdmux[0][3][2]$a$12899 [3] 3'101 }
    Consolidated identical input bits for $mux cell $memory$auto$memory_bmux2rom.cc:63:execute$11935$rdmux[0][4][3]$12925:
      Old ports: A=8'01110010, B=8'10010000, Y=$memory$auto$memory_bmux2rom.cc:63:execute$11935$rdmux[0][3][1]$b$12897
      New ports: A=2'01, B=2'10, Y={ $memory$auto$memory_bmux2rom.cc:63:execute$11935$rdmux[0][3][1]$b$12897 [7] $memory$auto$memory_bmux2rom.cc:63:execute$11935$rdmux[0][3][1]$b$12897 [1] }
      New connections: { $memory$auto$memory_bmux2rom.cc:63:execute$11935$rdmux[0][3][1]$b$12897 [6:2] $memory$auto$memory_bmux2rom.cc:63:execute$11935$rdmux[0][3][1]$b$12897 [0] } = { $memory$auto$memory_bmux2rom.cc:63:execute$11935$rdmux[0][3][1]$b$12897 [1] $memory$auto$memory_bmux2rom.cc:63:execute$11935$rdmux[0][3][1]$b$12897 [1] 4'1000 }
    Consolidated identical input bits for $mux cell $memory$auto$memory_bmux2rom.cc:63:execute$11935$rdmux[0][4][2]$12922:
      Old ports: A=8'01001010, B=8'10010000, Y=$memory$auto$memory_bmux2rom.cc:63:execute$11935$rdmux[0][3][1]$a$12896
      New ports: A=2'01, B=2'10, Y={ $memory$auto$memory_bmux2rom.cc:63:execute$11935$rdmux[0][3][1]$a$12896 [4] $memory$auto$memory_bmux2rom.cc:63:execute$11935$rdmux[0][3][1]$a$12896 [1] }
      New connections: { $memory$auto$memory_bmux2rom.cc:63:execute$11935$rdmux[0][3][1]$a$12896 [7:5] $memory$auto$memory_bmux2rom.cc:63:execute$11935$rdmux[0][3][1]$a$12896 [3:2] $memory$auto$memory_bmux2rom.cc:63:execute$11935$rdmux[0][3][1]$a$12896 [0] } = { $memory$auto$memory_bmux2rom.cc:63:execute$11935$rdmux[0][3][1]$a$12896 [4] $memory$auto$memory_bmux2rom.cc:63:execute$11935$rdmux[0][3][1]$a$12896 [1] 1'0 $memory$auto$memory_bmux2rom.cc:63:execute$11935$rdmux[0][3][1]$a$12896 [1] 2'00 }
    Consolidated identical input bits for $mux cell $memory$auto$memory_bmux2rom.cc:63:execute$11935$rdmux[0][4][1]$12919:
      Old ports: A=8'11001101, B=8'11111101, Y=$memory$auto$memory_bmux2rom.cc:63:execute$11935$rdmux[0][3][0]$b$12894
      New ports: A=1'0, B=1'1, Y=$memory$auto$memory_bmux2rom.cc:63:execute$11935$rdmux[0][3][0]$b$12894 [4]
      New connections: { $memory$auto$memory_bmux2rom.cc:63:execute$11935$rdmux[0][3][0]$b$12894 [7:5] $memory$auto$memory_bmux2rom.cc:63:execute$11935$rdmux[0][3][0]$b$12894 [3:0] } = { 2'11 $memory$auto$memory_bmux2rom.cc:63:execute$11935$rdmux[0][3][0]$b$12894 [4] 4'1101 }
    Consolidated identical input bits for $mux cell $memory$auto$memory_bmux2rom.cc:63:execute$11935$rdmux[0][4][0]$12916:
      Old ports: A=8'00010010, B=8'10101011, Y=$memory$auto$memory_bmux2rom.cc:63:execute$11935$rdmux[0][3][0]$a$12893
      New ports: A=2'10, B=2'01, Y={ $memory$auto$memory_bmux2rom.cc:63:execute$11935$rdmux[0][3][0]$a$12893 [4] $memory$auto$memory_bmux2rom.cc:63:execute$11935$rdmux[0][3][0]$a$12893 [0] }
      New connections: { $memory$auto$memory_bmux2rom.cc:63:execute$11935$rdmux[0][3][0]$a$12893 [7:5] $memory$auto$memory_bmux2rom.cc:63:execute$11935$rdmux[0][3][0]$a$12893 [3:1] } = { $memory$auto$memory_bmux2rom.cc:63:execute$11935$rdmux[0][3][0]$a$12893 [0] 1'0 $memory$auto$memory_bmux2rom.cc:63:execute$11935$rdmux[0][3][0]$a$12893 [0] $memory$auto$memory_bmux2rom.cc:63:execute$11935$rdmux[0][3][0]$a$12893 [0] 2'01 }
    Consolidated identical input bits for $mux cell $memory\system.core.feature_shifts$rdmux[0][3][6]$12865:
      Old ports: A=4'0011, B=4'0100, Y=$memory\system.core.feature_shifts$rdmux[0][2][3]$a$12845
      New ports: A=2'01, B=2'10, Y={ $memory\system.core.feature_shifts$rdmux[0][2][3]$a$12845 [2] $memory\system.core.feature_shifts$rdmux[0][2][3]$a$12845 [0] }
      New connections: { $memory\system.core.feature_shifts$rdmux[0][2][3]$a$12845 [3] $memory\system.core.feature_shifts$rdmux[0][2][3]$a$12845 [1] } = { 1'0 $memory\system.core.feature_shifts$rdmux[0][2][3]$a$12845 [0] }
    Consolidated identical input bits for $mux cell $memory\system.core.frequency_bins$rdmux[0][5][20]$13117:
      Old ports: A=9'111000011, B=9'111000100, Y=$memory\system.core.frequency_bins$rdmux[0][4][10]$a$13040
      New ports: A=2'01, B=2'10, Y={ $memory\system.core.frequency_bins$rdmux[0][4][10]$a$13040 [2] $memory\system.core.frequency_bins$rdmux[0][4][10]$a$13040 [0] }
      New connections: { $memory\system.core.frequency_bins$rdmux[0][4][10]$a$13040 [8:3] $memory\system.core.frequency_bins$rdmux[0][4][10]$a$13040 [1] } = { 6'111000 $memory\system.core.frequency_bins$rdmux[0][4][10]$a$13040 [0] }
    Consolidated identical input bits for $mux cell $memory\system.core.feature_shifts$rdmux[0][3][4]$12859:
      Old ports: A=4'0110, B=4'0011, Y=$memory\system.core.feature_shifts$rdmux[0][2][2]$a$12842
      New ports: A=2'10, B=2'01, Y={ $memory\system.core.feature_shifts$rdmux[0][2][2]$a$12842 [2] $memory\system.core.feature_shifts$rdmux[0][2][2]$a$12842 [0] }
      New connections: { $memory\system.core.feature_shifts$rdmux[0][2][2]$a$12842 [3] $memory\system.core.feature_shifts$rdmux[0][2][2]$a$12842 [1] } = 2'01
    Consolidated identical input bits for $mux cell $memory\system.core.feature_shifts$rdmux[0][3][2]$12853:
      Old ports: A=4'1001, B=4'1000, Y=$memory\system.core.feature_shifts$rdmux[0][2][1]$a$12839
      New ports: A=1'1, B=1'0, Y=$memory\system.core.feature_shifts$rdmux[0][2][1]$a$12839 [0]
      New connections: $memory\system.core.feature_shifts$rdmux[0][2][1]$a$12839 [3:1] = 3'100
    Consolidated identical input bits for $mux cell $memory\system.core.feature_shifts$rdmux[0][3][1]$12850:
      Old ports: A=4'0010, B=4'0101, Y=$memory\system.core.feature_shifts$rdmux[0][2][0]$b$12837
      New ports: A=2'10, B=2'01, Y=$memory\system.core.feature_shifts$rdmux[0][2][0]$b$12837 [1:0]
      New connections: $memory\system.core.feature_shifts$rdmux[0][2][0]$b$12837 [3:2] = { 1'0 $memory\system.core.feature_shifts$rdmux[0][2][0]$b$12837 [0] }
    Consolidated identical input bits for $mux cell $memory\system.core.feature_shifts$rdmux[0][3][0]$12847:
      Old ports: A=4'0010, B=4'0000, Y=$memory\system.core.feature_shifts$rdmux[0][2][0]$a$12836
      New ports: A=1'1, B=1'0, Y=$memory\system.core.feature_shifts$rdmux[0][2][0]$a$12836 [1]
      New connections: { $memory\system.core.feature_shifts$rdmux[0][2][0]$a$12836 [3:2] $memory\system.core.feature_shifts$rdmux[0][2][0]$a$12836 [0] } = 3'000
    Consolidated identical input bits for $mux cell $memory\system.core.bias1$rdmux[0][3][6]$12820:
      Old ports: A=32'11111111111111111111111000100000, B=4026, Y=$memory\system.core.bias1$rdmux[0][2][3]$a$12800
      New ports: A=2'10, B=2'01, Y={ $memory\system.core.bias1$rdmux[0][2][3]$a$12800 [12] $memory\system.core.bias1$rdmux[0][2][3]$a$12800 [1] }
      New connections: { $memory\system.core.bias1$rdmux[0][2][3]$a$12800 [31:13] $memory\system.core.bias1$rdmux[0][2][3]$a$12800 [11:2] $memory\system.core.bias1$rdmux[0][2][3]$a$12800 [0] } = { $memory\system.core.bias1$rdmux[0][2][3]$a$12800 [12] $memory\system.core.bias1$rdmux[0][2][3]$a$12800 [12] $memory\system.core.bias1$rdmux[0][2][3]$a$12800 [12] $memory\system.core.bias1$rdmux[0][2][3]$a$12800 [12] $memory\system.core.bias1$rdmux[0][2][3]$a$12800 [12] $memory\system.core.bias1$rdmux[0][2][3]$a$12800 [12] $memory\system.core.bias1$rdmux[0][2][3]$a$12800 [12] $memory\system.core.bias1$rdmux[0][2][3]$a$12800 [12] $memory\system.core.bias1$rdmux[0][2][3]$a$12800 [12] $memory\system.core.bias1$rdmux[0][2][3]$a$12800 [12] $memory\system.core.bias1$rdmux[0][2][3]$a$12800 [12] $memory\system.core.bias1$rdmux[0][2][3]$a$12800 [12] $memory\system.core.bias1$rdmux[0][2][3]$a$12800 [12] $memory\system.core.bias1$rdmux[0][2][3]$a$12800 [12] $memory\system.core.bias1$rdmux[0][2][3]$a$12800 [12] $memory\system.core.bias1$rdmux[0][2][3]$a$12800 [12] $memory\system.core.bias1$rdmux[0][2][3]$a$12800 [12] $memory\system.core.bias1$rdmux[0][2][3]$a$12800 [12] $memory\system.core.bias1$rdmux[0][2][3]$a$12800 [12] 3'111 $memory\system.core.bias1$rdmux[0][2][3]$a$12800 [1] $memory\system.core.bias1$rdmux[0][2][3]$a$12800 [1] 2'01 $memory\system.core.bias1$rdmux[0][2][3]$a$12800 [1] $memory\system.core.bias1$rdmux[0][2][3]$a$12800 [1] 2'00 }
    Consolidated identical input bits for $mux cell $memory\system.core.bias1$rdmux[0][3][5]$12817:
      Old ports: A=2824, B=538, Y=$memory\system.core.bias1$rdmux[0][2][2]$b$12798
      New ports: A=2'10, B=2'01, Y={ $memory\system.core.bias1$rdmux[0][2][2]$b$12798 [8] $memory\system.core.bias1$rdmux[0][2][2]$b$12798 [1] }
      New connections: { $memory\system.core.bias1$rdmux[0][2][2]$b$12798 [31:9] $memory\system.core.bias1$rdmux[0][2][2]$b$12798 [7:2] $memory\system.core.bias1$rdmux[0][2][2]$b$12798 [0] } = { 20'00000000000000000000 $memory\system.core.bias1$rdmux[0][2][2]$b$12798 [8] 5'01000 $memory\system.core.bias1$rdmux[0][2][2]$b$12798 [1] 3'100 }
    Consolidated identical input bits for $mux cell $memory\system.core.bias1$rdmux[0][3][4]$12814:
      Old ports: A=753, B=32'11111111111111111111111111010011, Y=$memory\system.core.bias1$rdmux[0][2][2]$a$12797
      New ports: A=2'10, B=2'01, Y={ $memory\system.core.bias1$rdmux[0][2][2]$a$12797 [5] $memory\system.core.bias1$rdmux[0][2][2]$a$12797 [1] }
      New connections: { $memory\system.core.bias1$rdmux[0][2][2]$a$12797 [31:6] $memory\system.core.bias1$rdmux[0][2][2]$a$12797 [4:2] $memory\system.core.bias1$rdmux[0][2][2]$a$12797 [0] } = { $memory\system.core.bias1$rdmux[0][2][2]$a$12797 [1] $memory\system.core.bias1$rdmux[0][2][2]$a$12797 [1] $memory\system.core.bias1$rdmux[0][2][2]$a$12797 [1] $memory\system.core.bias1$rdmux[0][2][2]$a$12797 [1] $memory\system.core.bias1$rdmux[0][2][2]$a$12797 [1] $memory\system.core.bias1$rdmux[0][2][2]$a$12797 [1] $memory\system.core.bias1$rdmux[0][2][2]$a$12797 [1] $memory\system.core.bias1$rdmux[0][2][2]$a$12797 [1] $memory\system.core.bias1$rdmux[0][2][2]$a$12797 [1] $memory\system.core.bias1$rdmux[0][2][2]$a$12797 [1] $memory\system.core.bias1$rdmux[0][2][2]$a$12797 [1] $memory\system.core.bias1$rdmux[0][2][2]$a$12797 [1] $memory\system.core.bias1$rdmux[0][2][2]$a$12797 [1] $memory\system.core.bias1$rdmux[0][2][2]$a$12797 [1] $memory\system.core.bias1$rdmux[0][2][2]$a$12797 [1] $memory\system.core.bias1$rdmux[0][2][2]$a$12797 [1] $memory\system.core.bias1$rdmux[0][2][2]$a$12797 [1] $memory\system.core.bias1$rdmux[0][2][2]$a$12797 [1] $memory\system.core.bias1$rdmux[0][2][2]$a$12797 [1] $memory\system.core.bias1$rdmux[0][2][2]$a$12797 [1] $memory\system.core.bias1$rdmux[0][2][2]$a$12797 [1] $memory\system.core.bias1$rdmux[0][2][2]$a$12797 [1] 1'1 $memory\system.core.bias1$rdmux[0][2][2]$a$12797 [1] 6'111001 }
    Consolidated identical input bits for $mux cell $memory\system.core.bias1$rdmux[0][3][3]$12811:
      Old ports: A=1055, B=32'11111111111111111111111000011000, Y=$memory\system.core.bias1$rdmux[0][2][1]$b$12795
      New ports: A=2'01, B=2'10, Y={ $memory\system.core.bias1$rdmux[0][2][1]$b$12795 [9] $memory\system.core.bias1$rdmux[0][2][1]$b$12795 [0] }
      New connections: { $memory\system.core.bias1$rdmux[0][2][1]$b$12795 [31:10] $memory\system.core.bias1$rdmux[0][2][1]$b$12795 [8:1] } = { $memory\system.core.bias1$rdmux[0][2][1]$b$12795 [9] $memory\system.core.bias1$rdmux[0][2][1]$b$12795 [9] $memory\system.core.bias1$rdmux[0][2][1]$b$12795 [9] $memory\system.core.bias1$rdmux[0][2][1]$b$12795 [9] $memory\system.core.bias1$rdmux[0][2][1]$b$12795 [9] $memory\system.core.bias1$rdmux[0][2][1]$b$12795 [9] $memory\system.core.bias1$rdmux[0][2][1]$b$12795 [9] $memory\system.core.bias1$rdmux[0][2][1]$b$12795 [9] $memory\system.core.bias1$rdmux[0][2][1]$b$12795 [9] $memory\system.core.bias1$rdmux[0][2][1]$b$12795 [9] $memory\system.core.bias1$rdmux[0][2][1]$b$12795 [9] $memory\system.core.bias1$rdmux[0][2][1]$b$12795 [9] $memory\system.core.bias1$rdmux[0][2][1]$b$12795 [9] $memory\system.core.bias1$rdmux[0][2][1]$b$12795 [9] $memory\system.core.bias1$rdmux[0][2][1]$b$12795 [9] $memory\system.core.bias1$rdmux[0][2][1]$b$12795 [9] $memory\system.core.bias1$rdmux[0][2][1]$b$12795 [9] $memory\system.core.bias1$rdmux[0][2][1]$b$12795 [9] $memory\system.core.bias1$rdmux[0][2][1]$b$12795 [9] $memory\system.core.bias1$rdmux[0][2][1]$b$12795 [9] $memory\system.core.bias1$rdmux[0][2][1]$b$12795 [9] 7'1000011 $memory\system.core.bias1$rdmux[0][2][1]$b$12795 [0] $memory\system.core.bias1$rdmux[0][2][1]$b$12795 [0] }
    Consolidated identical input bits for $mux cell $memory\system.core.bias1$rdmux[0][3][2]$12808:
      Old ports: A=32'11111111111111111111110111101111, B=184, Y=$memory\system.core.bias1$rdmux[0][2][1]$a$12794
      New ports: A=2'01, B=2'10, Y={ $memory\system.core.bias1$rdmux[0][2][1]$a$12794 [4] $memory\system.core.bias1$rdmux[0][2][1]$a$12794 [0] }
      New connections: { $memory\system.core.bias1$rdmux[0][2][1]$a$12794 [31:5] $memory\system.core.bias1$rdmux[0][2][1]$a$12794 [3:1] } = { $memory\system.core.bias1$rdmux[0][2][1]$a$12794 [0] $memory\system.core.bias1$rdmux[0][2][1]$a$12794 [0] $memory\system.core.bias1$rdmux[0][2][1]$a$12794 [0] $memory\system.core.bias1$rdmux[0][2][1]$a$12794 [0] $memory\system.core.bias1$rdmux[0][2][1]$a$12794 [0] $memory\system.core.bias1$rdmux[0][2][1]$a$12794 [0] $memory\system.core.bias1$rdmux[0][2][1]$a$12794 [0] $memory\system.core.bias1$rdmux[0][2][1]$a$12794 [0] $memory\system.core.bias1$rdmux[0][2][1]$a$12794 [0] $memory\system.core.bias1$rdmux[0][2][1]$a$12794 [0] $memory\system.core.bias1$rdmux[0][2][1]$a$12794 [0] $memory\system.core.bias1$rdmux[0][2][1]$a$12794 [0] $memory\system.core.bias1$rdmux[0][2][1]$a$12794 [0] $memory\system.core.bias1$rdmux[0][2][1]$a$12794 [0] $memory\system.core.bias1$rdmux[0][2][1]$a$12794 [0] $memory\system.core.bias1$rdmux[0][2][1]$a$12794 [0] $memory\system.core.bias1$rdmux[0][2][1]$a$12794 [0] $memory\system.core.bias1$rdmux[0][2][1]$a$12794 [0] $memory\system.core.bias1$rdmux[0][2][1]$a$12794 [0] $memory\system.core.bias1$rdmux[0][2][1]$a$12794 [0] $memory\system.core.bias1$rdmux[0][2][1]$a$12794 [0] $memory\system.core.bias1$rdmux[0][2][1]$a$12794 [0] 1'0 $memory\system.core.bias1$rdmux[0][2][1]$a$12794 [0] 1'1 $memory\system.core.bias1$rdmux[0][2][1]$a$12794 [0] 2'11 $memory\system.core.bias1$rdmux[0][2][1]$a$12794 [0] $memory\system.core.bias1$rdmux[0][2][1]$a$12794 [0] }
    Consolidated identical input bits for $mux cell $memory\system.core.bias1$rdmux[0][3][1]$12805:
      Old ports: A=32'11111111111111111111110110100100, B=32'11111111111111111111111111110000, Y=$memory\system.core.bias1$rdmux[0][2][0]$b$12792
      New ports: A=2'01, B=2'10, Y={ $memory\system.core.bias1$rdmux[0][2][0]$b$12792 [4] $memory\system.core.bias1$rdmux[0][2][0]$b$12792 [2] }
      New connections: { $memory\system.core.bias1$rdmux[0][2][0]$b$12792 [31:5] $memory\system.core.bias1$rdmux[0][2][0]$b$12792 [3] $memory\system.core.bias1$rdmux[0][2][0]$b$12792 [1:0] } = { 22'1111111111111111111111 $memory\system.core.bias1$rdmux[0][2][0]$b$12792 [4] 2'11 $memory\system.core.bias1$rdmux[0][2][0]$b$12792 [4] 4'1000 }
    Consolidated identical input bits for $mux cell $memory\system.core.bias1$rdmux[0][3][0]$12802:
      Old ports: A=6, B=341, Y=$memory\system.core.bias1$rdmux[0][2][0]$a$12791
      New ports: A=2'10, B=2'01, Y=$memory\system.core.bias1$rdmux[0][2][0]$a$12791 [1:0]
      New connections: $memory\system.core.bias1$rdmux[0][2][0]$a$12791 [31:2] = { 23'00000000000000000000000 $memory\system.core.bias1$rdmux[0][2][0]$a$12791 [0] 1'0 $memory\system.core.bias1$rdmux[0][2][0]$a$12791 [0] 1'0 $memory\system.core.bias1$rdmux[0][2][0]$a$12791 [0] 2'01 }
    Consolidated identical input bits for $mux cell $memory\system.core.bias2$rdmux[0][1][0]$12775:
      Old ports: A=30'111111111111111111111111111011, B=30'111111111111111111111111000110, Y=$memory\system.core.bias2$rdmux[0][0][0]$a$12773
      New ports: A=2'01, B=2'10, Y={ $memory\system.core.bias2$rdmux[0][0][0]$a$12773 [2] $memory\system.core.bias2$rdmux[0][0][0]$a$12773 [0] }
      New connections: { $memory\system.core.bias2$rdmux[0][0][0]$a$12773 [29:3] $memory\system.core.bias2$rdmux[0][0][0]$a$12773 [1] } = { 24'111111111111111111111111 $memory\system.core.bias2$rdmux[0][0][0]$a$12773 [0] $memory\system.core.bias2$rdmux[0][0][0]$a$12773 [0] $memory\system.core.bias2$rdmux[0][0][0]$a$12773 [0] 1'1 }
    Consolidated identical input bits for $mux cell $memory\system.core.frequency_bins$rdmux[0][5][23]$13126:
      Old ports: A=9'111010101, B=9'111010110, Y=$memory\system.core.frequency_bins$rdmux[0][4][11]$b$13044
      New ports: A=2'01, B=2'10, Y=$memory\system.core.frequency_bins$rdmux[0][4][11]$b$13044 [1:0]
      New connections: $memory\system.core.frequency_bins$rdmux[0][4][11]$b$13044 [8:2] = 7'1110101
    Consolidated identical input bits for $mux cell $memory\system.core.frequency_bins$rdmux[0][5][19]$13114:
      Old ports: A=9'110111000, B=9'111000010, Y=$memory\system.core.frequency_bins$rdmux[0][4][9]$b$13038
      New ports: A=2'10, B=2'01, Y={ $memory\system.core.frequency_bins$rdmux[0][4][9]$b$13038 [3] $memory\system.core.frequency_bins$rdmux[0][4][9]$b$13038 [1] }
      New connections: { $memory\system.core.frequency_bins$rdmux[0][4][9]$b$13038 [8:4] $memory\system.core.frequency_bins$rdmux[0][4][9]$b$13038 [2] $memory\system.core.frequency_bins$rdmux[0][4][9]$b$13038 [0] } = { 2'11 $memory\system.core.frequency_bins$rdmux[0][4][9]$b$13038 [1] $memory\system.core.frequency_bins$rdmux[0][4][9]$b$13038 [3] $memory\system.core.frequency_bins$rdmux[0][4][9]$b$13038 [3] 2'00 }
    Consolidated identical input bits for $mux cell $memory\system.core.frequency_bins$rdmux[0][5][22]$13123:
      Old ports: A=9'111001010, B=9'111010100, Y=$memory\system.core.frequency_bins$rdmux[0][4][11]$a$13043
      New ports: A=2'01, B=2'10, Y=$memory\system.core.frequency_bins$rdmux[0][4][11]$a$13043 [2:1]
      New connections: { $memory\system.core.frequency_bins$rdmux[0][4][11]$a$13043 [8:3] $memory\system.core.frequency_bins$rdmux[0][4][11]$a$13043 [0] } = { 4'1110 $memory\system.core.frequency_bins$rdmux[0][4][11]$a$13043 [2:1] 1'0 }
    Consolidated identical input bits for $mux cell $memory\system.core.frequency_bins$rdmux[0][5][21]$13120:
      Old ports: A=9'111001000, B=9'111001001, Y=$memory\system.core.frequency_bins$rdmux[0][4][10]$b$13041
      New ports: A=1'0, B=1'1, Y=$memory\system.core.frequency_bins$rdmux[0][4][10]$b$13041 [0]
      New connections: $memory\system.core.frequency_bins$rdmux[0][4][10]$b$13041 [8:1] = 8'11100100
    Consolidated identical input bits for $mux cell $flatten\system.\core.$procmux$6402:
      Old ports: A=40'0000000000000000000000000000000000000000, B={ $flatten\system.\core.$memrd$\bias2$rtl/core/vibration_core.sv:388$2169_DATA [31] $flatten\system.\core.$memrd$\bias2$rtl/core/vibration_core.sv:388$2169_DATA [31] $flatten\system.\core.$memrd$\bias2$rtl/core/vibration_core.sv:388$2169_DATA [31] $flatten\system.\core.$memrd$\bias2$rtl/core/vibration_core.sv:388$2169_DATA [31] $flatten\system.\core.$memrd$\bias2$rtl/core/vibration_core.sv:388$2169_DATA [31] $flatten\system.\core.$memrd$\bias2$rtl/core/vibration_core.sv:388$2169_DATA [31] $flatten\system.\core.$memrd$\bias2$rtl/core/vibration_core.sv:388$2169_DATA [31] $flatten\system.\core.$memrd$\bias2$rtl/core/vibration_core.sv:388$2169_DATA [31] $flatten\system.\core.$memrd$\bias2$rtl/core/vibration_core.sv:388$2169_DATA [31:7] 1'1 $flatten\system.\core.$memrd$\bias2$rtl/core/vibration_core.sv:388$2169_DATA [5] 1'1 $flatten\system.\core.$memrd$\bias2$rtl/core/vibration_core.sv:388$2169_DATA [3:0] }, Y=$flatten\system.\core.$procmux$6402_Y
      New ports: A=31'0000000000000000000000000000000, B={ $flatten\system.\core.$memrd$\bias2$rtl/core/vibration_core.sv:388$2169_DATA [31:7] $flatten\system.\core.$memrd$\bias2$rtl/core/vibration_core.sv:388$2169_DATA [5] 1'1 $flatten\system.\core.$memrd$\bias2$rtl/core/vibration_core.sv:388$2169_DATA [3:0] }, Y={ $flatten\system.\core.$procmux$6402_Y [31:7] $flatten\system.\core.$procmux$6402_Y [5:0] }
      New connections: { $flatten\system.\core.$procmux$6402_Y [39:32] $flatten\system.\core.$procmux$6402_Y [6] } = { $flatten\system.\core.$procmux$6402_Y [31] $flatten\system.\core.$procmux$6402_Y [31] $flatten\system.\core.$procmux$6402_Y [31] $flatten\system.\core.$procmux$6402_Y [31] $flatten\system.\core.$procmux$6402_Y [31] $flatten\system.\core.$procmux$6402_Y [31] $flatten\system.\core.$procmux$6402_Y [31] $flatten\system.\core.$procmux$6402_Y [31] $flatten\system.\core.$procmux$6402_Y [4] }
    Consolidated identical input bits for $mux cell $memory\system.core.frequency_bins$rdmux[0][5][18]$13111:
      Old ports: A=9'110110110, B=9'110110111, Y=$memory\system.core.frequency_bins$rdmux[0][4][9]$a$13037
      New ports: A=1'0, B=1'1, Y=$memory\system.core.frequency_bins$rdmux[0][4][9]$a$13037 [0]
      New connections: $memory\system.core.frequency_bins$rdmux[0][4][9]$a$13037 [8:1] = 8'11011011
    Consolidated identical input bits for $pmux cell $flatten\system.$procmux$9308:
      Old ports: A=8'01010100, B=24'010011010100111101000011, Y=$flatten\system.$4\wr_data[7:0]
      New ports: A=5'10100, B=15'011010111100011, Y=$flatten\system.$4\wr_data[7:0] [4:0]
      New connections: $flatten\system.$4\wr_data[7:0] [7:5] = 3'010
    New ctrl vector for $pmux cell $flatten\system.\core.$procmux$6866: $auto$opt_reduce.cc:137:opt_pmux$13188
    Consolidated identical input bits for $mux cell $flatten\system.\core.$procmux$7530:
      Old ports: A={ $flatten\system.\core.$2\rne$func$rtl/core/vibration_core.sv:228$1482.$result[39:0]$1565 [12] $flatten\system.\core.$2\rne$func$rtl/core/vibration_core.sv:228$1482.$result[39:0]$1565 [12] $flatten\system.\core.$2\rne$func$rtl/core/vibration_core.sv:228$1482.$result[39:0]$1565 [12] $flatten\system.\core.$2\rne$func$rtl/core/vibration_core.sv:228$1482.$result[39:0]$1565 [12:11] $auto$alumacc.cc:483:extract_cmp_alu$11206 [10:0] }, B=16'1111100000000000, Y=$flatten\system.\core.$3\sat12$func$rtl/core/vibration_core.sv:228$1483.$result[15:0]$1580
      New ports: A={ $flatten\system.\core.$2\rne$func$rtl/core/vibration_core.sv:228$1482.$result[39:0]$1565 [12:11] $auto$alumacc.cc:483:extract_cmp_alu$11206 [10:0] }, B=13'1100000000000, Y=$flatten\system.\core.$3\sat12$func$rtl/core/vibration_core.sv:228$1483.$result[15:0]$1580 [12:0]
      New connections: $flatten\system.\core.$3\sat12$func$rtl/core/vibration_core.sv:228$1483.$result[15:0]$1580 [15:13] = { $flatten\system.\core.$3\sat12$func$rtl/core/vibration_core.sv:228$1483.$result[15:0]$1580 [12] $flatten\system.\core.$3\sat12$func$rtl/core/vibration_core.sv:228$1483.$result[15:0]$1580 [12] $flatten\system.\core.$3\sat12$func$rtl/core/vibration_core.sv:228$1483.$result[15:0]$1580 [12] }
    Consolidated identical input bits for $mux cell $flatten\system.\core.$procmux$7396:
      Old ports: A=3'010, B=3'101, Y=$auto$wreduce.cc:513:run$10928 [2:0]
      New ports: A=2'10, B=2'01, Y=$auto$wreduce.cc:513:run$10928 [1:0]
      New connections: $auto$wreduce.cc:513:run$10928 [2] = $auto$wreduce.cc:513:run$10928 [0]
    Consolidated identical input bits for $mux cell $flatten\system.\core.$procmux$7389:
      Old ports: A=4'0110, B=4'1001, Y=$auto$wreduce.cc:513:run$10958 [3:0]
      New ports: A=2'10, B=2'01, Y=$auto$wreduce.cc:513:run$10958 [1:0]
      New connections: $auto$wreduce.cc:513:run$10958 [3:2] = { $auto$wreduce.cc:513:run$10958 [0] $auto$wreduce.cc:513:run$10958 [1] }
    Consolidated identical input bits for $mux cell $flatten\system.\core.$procmux$7383:
      Old ports: A=4'0101, B=4'1010, Y=$auto$wreduce.cc:513:run$10983 [3:0]
      New ports: A=2'01, B=2'10, Y=$auto$wreduce.cc:513:run$10983 [1:0]
      New connections: $auto$wreduce.cc:513:run$10983 [3:2] = $auto$wreduce.cc:513:run$10983 [1:0]
    Consolidated identical input bits for $mux cell $flatten\system.\core.$procmux$7375:
      Old ports: A=3'010, B=3'110, Y=$auto$wreduce.cc:513:run$10937 [2:0]
      New ports: A=1'0, B=1'1, Y=$auto$wreduce.cc:513:run$10937 [2]
      New connections: $auto$wreduce.cc:513:run$10937 [1:0] = 2'10
    Consolidated identical input bits for $mux cell $flatten\system.\core.$procmux$7371:
      Old ports: A=5'01111, B=5'10000, Y=$flatten\system.\core.$procmux$7371_Y
      New ports: A=2'01, B=2'10, Y={ $flatten\system.\core.$procmux$7371_Y [4] $flatten\system.\core.$procmux$7371_Y [0] }
      New connections: $flatten\system.\core.$procmux$7371_Y [3:1] = { $flatten\system.\core.$procmux$7371_Y [0] $flatten\system.\core.$procmux$7371_Y [0] $flatten\system.\core.$procmux$7371_Y [0] }
    Consolidated identical input bits for $mux cell $flatten\system.\core.$procmux$7361:
      Old ports: A=5'01010, B=5'10001, Y=$flatten\system.\core.$procmux$7361_Y
      New ports: A=2'10, B=2'01, Y=$flatten\system.\core.$procmux$7361_Y [1:0]
      New connections: $flatten\system.\core.$procmux$7361_Y [4:2] = { $flatten\system.\core.$procmux$7361_Y [0] $flatten\system.\core.$procmux$7361_Y [1] 1'0 }
    Consolidated identical input bits for $mux cell $flatten\system.\core.$procmux$7354:
      Old ports: A=3'010, B=3'101, Y=$auto$wreduce.cc:513:run$10914 [2:0]
      New ports: A=2'10, B=2'01, Y=$auto$wreduce.cc:513:run$10914 [1:0]
      New connections: $auto$wreduce.cc:513:run$10914 [2] = $auto$wreduce.cc:513:run$10914 [0]
    Consolidated identical input bits for $mux cell $flatten\system.\core.$procmux$7345:
      Old ports: A=3'001, B=3'110, Y=$auto$wreduce.cc:513:run$10907 [2:0]
      New ports: A=2'01, B=2'10, Y=$auto$wreduce.cc:513:run$10907 [1:0]
      New connections: $auto$wreduce.cc:513:run$10907 [2] = $auto$wreduce.cc:513:run$10907 [1]
    New ctrl vector for $pmux cell $flatten\system.\core.$procmux$7340: { $flatten\system.\core.$procmux$7236_CMP $auto$rtlil.cc:3254:ReduceAnd$11362 $flatten\system.\core.$procmux$6400_CMP $flatten\system.\core.$procmux$7357_CMP $flatten\system.\core.$eq$rtl/core/vibration_core.sv:214$2270_Y $auto$rtlil.cc:3254:ReduceAnd$11349 $auto$rtlil.cc:3254:ReduceAnd$11340 $flatten\system.\core.$procmux$6682_CMP $flatten\system.\core.$procmux$6683_CMP $flatten\system.\core.$procmux$6753_CMP $flatten\system.\core.$procmux$7378_CMP $flatten\system.\core.$procmux$6754_CMP $auto$rtlil.cc:3254:ReduceAnd$11327 $auto$rtlil.cc:3254:ReduceAnd$11318 $flatten\system.\core.$procmux$6390_CMP $flatten\system.\core.$procmux$7392_CMP \system.core.g_lane[0].coeff_rom.en $auto$rtlil.cc:3254:ReduceAnd$11305 $auto$rtlil.cc:3254:ReduceAnd$11296 $flatten\system.\core.$procmux$7399_CMP \system.core.hann_rom.en $auto$rtlil.cc:3254:ReduceAnd$11283 $flatten\system.\core.$procmux$2748_CMP }
    New ctrl vector for $pmux cell $flatten\system.\core.$procmux$6821: $auto$opt_reduce.cc:137:opt_pmux$13190
    Consolidated identical input bits for $pmux cell $flatten\system.$procmux$9132:
      Old ports: A=1'1, B=6'111111, Y=$flatten\system.$procmux$9132_Y
      New connections: $flatten\system.$procmux$9132_Y = 1'1
    Consolidated identical input bits for $mux cell $flatten\system.\core.\hann_rom.$ternary$rtl/core/vib_coeff_rom.sv:34$1475:
      Old ports: A={ 3'000 \system.core.hann_rom.magnitude [12:0] }, B={ 1'0 $flatten\system.\core.\hann_rom.$sub$rtl/core/vib_coeff_rom.sv:34$1474_Y [14:0] }, Y=$flatten\system.\core.\hann_rom.$ternary$rtl/core/vib_coeff_rom.sv:34$1475_Y
      New ports: A={ 2'00 \system.core.hann_rom.magnitude [12:0] }, B=$flatten\system.\core.\hann_rom.$sub$rtl/core/vib_coeff_rom.sv:34$1474_Y [14:0], Y=$flatten\system.\core.\hann_rom.$ternary$rtl/core/vib_coeff_rom.sv:34$1475_Y [14:0]
      New connections: $flatten\system.\core.\hann_rom.$ternary$rtl/core/vib_coeff_rom.sv:34$1475_Y [15] = 1'0
    New ctrl vector for $pmux cell $flatten\system.$procmux$8708: \system.state [13]
    Consolidated identical input bits for $mux cell $flatten\system.$procmux$8677:
      Old ports: A=17'00000000000000100, B={ 1'0 \system.result_count 6'000000 }, Y=$flatten\system.$procmux$8677_Y
      New ports: A=11'00000000001, B={ \system.result_count 1'0 }, Y={ $flatten\system.$procmux$8677_Y [15:6] $flatten\system.$procmux$8677_Y [2] }
      New connections: { $flatten\system.$procmux$8677_Y [16] $flatten\system.$procmux$8677_Y [5:3] $flatten\system.$procmux$8677_Y [1:0] } = 6'000000
    New ctrl vector for $pmux cell $flatten\system.\core.$procmux$6960: { $flatten\system.\core.$procmux$6390_CMP $auto$rtlil.cc:3254:ReduceAnd$11296 }
    New ctrl vector for $pmux cell $flatten\system.\transport.$procmux$7992: \system.transport.state [1]
    Consolidated identical input bits for $mux cell $flatten\system.$ternary$rtl/upduino_replay.sv:322$552:
      Old ports: A={ \system.result_count [2:0] 6'000000 }, B=9'100000000, Y=$flatten\system.$ternary$rtl/upduino_replay.sv:322$552_Y
      New ports: A=\system.result_count [2:0], B=3'100, Y=$flatten\system.$ternary$rtl/upduino_replay.sv:322$552_Y [8:6]
      New connections: $flatten\system.$ternary$rtl/upduino_replay.sv:322$552_Y [5:0] = 6'000000
    Consolidated identical input bits for $mux cell $flatten\system.$ternary$rtl/upduino_replay.sv:145$532:
      Old ports: A={ 1'0 $auto$wreduce.cc:513:run$10960 [30:0] }, B={ 1'1 $auto$opt_expr.cc:206:group_cell_inputs$12684 [12:11] $auto$wreduce.cc:513:run$10960 [28] $auto$opt_expr.cc:206:group_cell_inputs$12684 [10:9] $auto$wreduce.cc:513:run$10960 [25] $auto$opt_expr.cc:206:group_cell_inputs$12684 [8:7] $auto$wreduce.cc:513:run$10960 [22] $auto$opt_expr.cc:206:group_cell_inputs$12684 [6:4] $auto$wreduce.cc:513:run$10960 [18:16] $auto$opt_expr.cc:206:group_cell_inputs$12684 [3] $auto$wreduce.cc:513:run$10960 [14:10] $auto$opt_expr.cc:206:group_cell_inputs$12684 [2:1] $auto$wreduce.cc:513:run$10960 [7:6] $auto$opt_expr.cc:206:group_cell_inputs$12684 [0] $auto$wreduce.cc:513:run$10960 [4:0] }, Y=$flatten\system.$ternary$rtl/upduino_replay.sv:145$532_Y
      New ports: A={ 1'0 $auto$wreduce.cc:513:run$10960 [30:29] $auto$wreduce.cc:513:run$10960 [27:26] $auto$wreduce.cc:513:run$10960 [24:23] $auto$wreduce.cc:513:run$10960 [21:19] $auto$wreduce.cc:513:run$10960 [15] $auto$wreduce.cc:513:run$10960 [9:8] $auto$wreduce.cc:513:run$10960 [5] }, B={ 1'1 $auto$opt_expr.cc:206:group_cell_inputs$12684 }, Y={ $flatten\system.$ternary$rtl/upduino_replay.sv:145$532_Y [31:29] $flatten\system.$ternary$rtl/upduino_replay.sv:145$532_Y [27:26] $flatten\system.$ternary$rtl/upduino_replay.sv:145$532_Y [24:23] $flatten\system.$ternary$rtl/upduino_replay.sv:145$532_Y [21:19] $flatten\system.$ternary$rtl/upduino_replay.sv:145$532_Y [15] $flatten\system.$ternary$rtl/upduino_replay.sv:145$532_Y [9:8] $flatten\system.$ternary$rtl/upduino_replay.sv:145$532_Y [5] }
      New connections: { $flatten\system.$ternary$rtl/upduino_replay.sv:145$532_Y [28] $flatten\system.$ternary$rtl/upduino_replay.sv:145$532_Y [25] $flatten\system.$ternary$rtl/upduino_replay.sv:145$532_Y [22] $flatten\system.$ternary$rtl/upduino_replay.sv:145$532_Y [18:16] $flatten\system.$ternary$rtl/upduino_replay.sv:145$532_Y [14:10] $flatten\system.$ternary$rtl/upduino_replay.sv:145$532_Y [7:6] $flatten\system.$ternary$rtl/upduino_replay.sv:145$532_Y [4:0] } = { $auto$wreduce.cc:513:run$10960 [28] $auto$wreduce.cc:513:run$10960 [25] $auto$wreduce.cc:513:run$10960 [22] $auto$wreduce.cc:513:run$10960 [18:16] $auto$wreduce.cc:513:run$10960 [14:10] $auto$wreduce.cc:513:run$10960 [7:6] $auto$wreduce.cc:513:run$10960 [4:0] }
    Consolidated identical input bits for $mux cell $flatten\system.$ternary$rtl/upduino_replay.sv:145$528:
      Old ports: A={ 1'0 $auto$wreduce.cc:513:run$10962 [30:0] }, B={ 1'1 $auto$opt_expr.cc:206:group_cell_inputs$12680 [12:11] $auto$wreduce.cc:513:run$10962 [28] $auto$opt_expr.cc:206:group_cell_inputs$12680 [10:9] $auto$wreduce.cc:513:run$10962 [25] $auto$opt_expr.cc:206:group_cell_inputs$12680 [8:7] $auto$wreduce.cc:513:run$10962 [22] $auto$opt_expr.cc:206:group_cell_inputs$12680 [6:4] $auto$wreduce.cc:513:run$10962 [18:16] $auto$opt_expr.cc:206:group_cell_inputs$12680 [3] $auto$wreduce.cc:513:run$10962 [14:10] $auto$opt_expr.cc:206:group_cell_inputs$12680 [2:1] $auto$wreduce.cc:513:run$10962 [7:6] $auto$opt_expr.cc:206:group_cell_inputs$12680 [0] $auto$wreduce.cc:513:run$10962 [4:0] }, Y={ $auto$wreduce.cc:513:run$10960 [30:0] $flatten\system.$ternary$rtl/upduino_replay.sv:145$528_Y [0] }
      New ports: A={ 1'0 $auto$wreduce.cc:513:run$10962 [30:29] $auto$wreduce.cc:513:run$10962 [27:26] $auto$wreduce.cc:513:run$10962 [24:23] $auto$wreduce.cc:513:run$10962 [21:19] $auto$wreduce.cc:513:run$10962 [15] $auto$wreduce.cc:513:run$10962 [9:8] $auto$wreduce.cc:513:run$10962 [5] }, B={ 1'1 $auto$opt_expr.cc:206:group_cell_inputs$12680 }, Y={ $auto$wreduce.cc:513:run$10960 [30:28] $auto$wreduce.cc:513:run$10960 [26:25] $auto$wreduce.cc:513:run$10960 [23:22] $auto$wreduce.cc:513:run$10960 [20:18] $auto$wreduce.cc:513:run$10960 [14] $auto$wreduce.cc:513:run$10960 [8:7] $auto$wreduce.cc:513:run$10960 [4] }
      New connections: { $auto$wreduce.cc:513:run$10960 [27] $auto$wreduce.cc:513:run$10960 [24] $auto$wreduce.cc:513:run$10960 [21] $auto$wreduce.cc:513:run$10960 [17:15] $auto$wreduce.cc:513:run$10960 [13:9] $auto$wreduce.cc:513:run$10960 [6:5] $auto$wreduce.cc:513:run$10960 [3:0] $flatten\system.$ternary$rtl/upduino_replay.sv:145$528_Y [0] } = { $auto$wreduce.cc:513:run$10962 [28] $auto$wreduce.cc:513:run$10962 [25] $auto$wreduce.cc:513:run$10962 [22] $auto$wreduce.cc:513:run$10962 [18:16] $auto$wreduce.cc:513:run$10962 [14:10] $auto$wreduce.cc:513:run$10962 [7:6] $auto$wreduce.cc:513:run$10962 [4:0] }
    Consolidated identical input bits for $mux cell $flatten\system.$ternary$rtl/upduino_replay.sv:145$524:
      Old ports: A={ 1'0 $auto$wreduce.cc:513:run$10963 [30:0] }, B={ 1'1 $auto$opt_expr.cc:206:group_cell_inputs$12676 [12:11] $auto$wreduce.cc:513:run$10963 [28] $auto$opt_expr.cc:206:group_cell_inputs$12676 [10:9] $auto$wreduce.cc:513:run$10963 [25] $auto$opt_expr.cc:206:group_cell_inputs$12676 [8:7] $auto$wreduce.cc:513:run$10963 [22] $auto$opt_expr.cc:206:group_cell_inputs$12676 [6:4] $auto$wreduce.cc:513:run$10963 [18:16] $auto$opt_expr.cc:206:group_cell_inputs$12676 [3] $auto$wreduce.cc:513:run$10963 [14:10] $auto$opt_expr.cc:206:group_cell_inputs$12676 [2:1] $auto$wreduce.cc:513:run$10963 [7:6] $auto$opt_expr.cc:206:group_cell_inputs$12676 [0] $auto$wreduce.cc:513:run$10963 [4:0] }, Y={ $auto$wreduce.cc:513:run$10962 [30:0] $flatten\system.$ternary$rtl/upduino_replay.sv:145$524_Y [0] }
      New ports: A={ 1'0 $auto$wreduce.cc:513:run$10963 [30:29] $auto$wreduce.cc:513:run$10963 [27:26] $auto$wreduce.cc:513:run$10963 [24:23] $auto$wreduce.cc:513:run$10963 [21:19] $auto$wreduce.cc:513:run$10963 [15] $auto$wreduce.cc:513:run$10963 [9:8] $auto$wreduce.cc:513:run$10963 [5] }, B={ 1'1 $auto$opt_expr.cc:206:group_cell_inputs$12676 }, Y={ $auto$wreduce.cc:513:run$10962 [30:28] $auto$wreduce.cc:513:run$10962 [26:25] $auto$wreduce.cc:513:run$10962 [23:22] $auto$wreduce.cc:513:run$10962 [20:18] $auto$wreduce.cc:513:run$10962 [14] $auto$wreduce.cc:513:run$10962 [8:7] $auto$wreduce.cc:513:run$10962 [4] }
      New connections: { $auto$wreduce.cc:513:run$10962 [27] $auto$wreduce.cc:513:run$10962 [24] $auto$wreduce.cc:513:run$10962 [21] $auto$wreduce.cc:513:run$10962 [17:15] $auto$wreduce.cc:513:run$10962 [13:9] $auto$wreduce.cc:513:run$10962 [6:5] $auto$wreduce.cc:513:run$10962 [3:0] $flatten\system.$ternary$rtl/upduino_replay.sv:145$524_Y [0] } = { $auto$wreduce.cc:513:run$10963 [28] $auto$wreduce.cc:513:run$10963 [25] $auto$wreduce.cc:513:run$10963 [22] $auto$wreduce.cc:513:run$10963 [18:16] $auto$wreduce.cc:513:run$10963 [14:10] $auto$wreduce.cc:513:run$10963 [7:6] $auto$wreduce.cc:513:run$10963 [4:0] }
    Consolidated identical input bits for $mux cell $flatten\system.$ternary$rtl/upduino_replay.sv:145$520:
      Old ports: A={ 1'0 $auto$wreduce.cc:513:run$10964 [30:0] }, B={ 1'1 $auto$opt_expr.cc:206:group_cell_inputs$12672 [12:11] $auto$wreduce.cc:513:run$10964 [28] $auto$opt_expr.cc:206:group_cell_inputs$12672 [10:9] $auto$wreduce.cc:513:run$10964 [25] $auto$opt_expr.cc:206:group_cell_inputs$12672 [8:7] $auto$wreduce.cc:513:run$10964 [22] $auto$opt_expr.cc:206:group_cell_inputs$12672 [6:4] $auto$wreduce.cc:513:run$10964 [18:16] $auto$opt_expr.cc:206:group_cell_inputs$12672 [3] $auto$wreduce.cc:513:run$10964 [14:10] $auto$opt_expr.cc:206:group_cell_inputs$12672 [2:1] $auto$wreduce.cc:513:run$10964 [7:6] $auto$opt_expr.cc:206:group_cell_inputs$12672 [0] $auto$wreduce.cc:513:run$10964 [4:0] }, Y={ $auto$wreduce.cc:513:run$10963 [30:0] $flatten\system.$ternary$rtl/upduino_replay.sv:145$520_Y [0] }
      New ports: A={ 1'0 $auto$wreduce.cc:513:run$10964 [30:29] $auto$wreduce.cc:513:run$10964 [27:26] $auto$wreduce.cc:513:run$10964 [24:23] $auto$wreduce.cc:513:run$10964 [21:19] $auto$wreduce.cc:513:run$10964 [15] $auto$wreduce.cc:513:run$10964 [9:8] $auto$wreduce.cc:513:run$10964 [5] }, B={ 1'1 $auto$opt_expr.cc:206:group_cell_inputs$12672 }, Y={ $auto$wreduce.cc:513:run$10963 [30:28] $auto$wreduce.cc:513:run$10963 [26:25] $auto$wreduce.cc:513:run$10963 [23:22] $auto$wreduce.cc:513:run$10963 [20:18] $auto$wreduce.cc:513:run$10963 [14] $auto$wreduce.cc:513:run$10963 [8:7] $auto$wreduce.cc:513:run$10963 [4] }
      New connections: { $auto$wreduce.cc:513:run$10963 [27] $auto$wreduce.cc:513:run$10963 [24] $auto$wreduce.cc:513:run$10963 [21] $auto$wreduce.cc:513:run$10963 [17:15] $auto$wreduce.cc:513:run$10963 [13:9] $auto$wreduce.cc:513:run$10963 [6:5] $auto$wreduce.cc:513:run$10963 [3:0] $flatten\system.$ternary$rtl/upduino_replay.sv:145$520_Y [0] } = { $auto$wreduce.cc:513:run$10964 [28] $auto$wreduce.cc:513:run$10964 [25] $auto$wreduce.cc:513:run$10964 [22] $auto$wreduce.cc:513:run$10964 [18:16] $auto$wreduce.cc:513:run$10964 [14:10] $auto$wreduce.cc:513:run$10964 [7:6] $auto$wreduce.cc:513:run$10964 [4:0] }
    Consolidated identical input bits for $mux cell $flatten\system.$ternary$rtl/upduino_replay.sv:145$516:
      Old ports: A={ 1'0 $auto$wreduce.cc:513:run$10965 [30:0] }, B={ 1'1 $auto$opt_expr.cc:206:group_cell_inputs$12668 [12:11] $auto$wreduce.cc:513:run$10965 [28] $auto$opt_expr.cc:206:group_cell_inputs$12668 [10:9] $auto$wreduce.cc:513:run$10965 [25] $auto$opt_expr.cc:206:group_cell_inputs$12668 [8:7] $auto$wreduce.cc:513:run$10965 [22] $auto$opt_expr.cc:206:group_cell_inputs$12668 [6:4] $auto$wreduce.cc:513:run$10965 [18:16] $auto$opt_expr.cc:206:group_cell_inputs$12668 [3] $auto$wreduce.cc:513:run$10965 [14:10] $auto$opt_expr.cc:206:group_cell_inputs$12668 [2:1] $auto$wreduce.cc:513:run$10965 [7:6] $auto$opt_expr.cc:206:group_cell_inputs$12668 [0] $auto$wreduce.cc:513:run$10965 [4:0] }, Y={ $auto$wreduce.cc:513:run$10964 [30:0] $flatten\system.$ternary$rtl/upduino_replay.sv:145$516_Y [0] }
      New ports: A={ 1'0 $auto$wreduce.cc:513:run$10965 [30:29] $auto$wreduce.cc:513:run$10965 [27:26] $auto$wreduce.cc:513:run$10965 [24:23] $auto$wreduce.cc:513:run$10965 [21:19] $auto$wreduce.cc:513:run$10965 [15] $auto$wreduce.cc:513:run$10965 [9:8] $auto$wreduce.cc:513:run$10965 [5] }, B={ 1'1 $auto$opt_expr.cc:206:group_cell_inputs$12668 }, Y={ $auto$wreduce.cc:513:run$10964 [30:28] $auto$wreduce.cc:513:run$10964 [26:25] $auto$wreduce.cc:513:run$10964 [23:22] $auto$wreduce.cc:513:run$10964 [20:18] $auto$wreduce.cc:513:run$10964 [14] $auto$wreduce.cc:513:run$10964 [8:7] $auto$wreduce.cc:513:run$10964 [4] }
      New connections: { $auto$wreduce.cc:513:run$10964 [27] $auto$wreduce.cc:513:run$10964 [24] $auto$wreduce.cc:513:run$10964 [21] $auto$wreduce.cc:513:run$10964 [17:15] $auto$wreduce.cc:513:run$10964 [13:9] $auto$wreduce.cc:513:run$10964 [6:5] $auto$wreduce.cc:513:run$10964 [3:0] $flatten\system.$ternary$rtl/upduino_replay.sv:145$516_Y [0] } = { $auto$wreduce.cc:513:run$10965 [28] $auto$wreduce.cc:513:run$10965 [25] $auto$wreduce.cc:513:run$10965 [22] $auto$wreduce.cc:513:run$10965 [18:16] $auto$wreduce.cc:513:run$10965 [14:10] $auto$wreduce.cc:513:run$10965 [7:6] $auto$wreduce.cc:513:run$10965 [4:0] }
    Consolidated identical input bits for $mux cell $flatten\system.$ternary$rtl/upduino_replay.sv:145$512:
      Old ports: A={ 1'0 $auto$wreduce.cc:513:run$10966 [30:0] }, B={ 1'1 $auto$opt_expr.cc:206:group_cell_inputs$12664 [12:11] $auto$wreduce.cc:513:run$10966 [28] $auto$opt_expr.cc:206:group_cell_inputs$12664 [10:9] $auto$wreduce.cc:513:run$10966 [25] $auto$opt_expr.cc:206:group_cell_inputs$12664 [8:7] $auto$wreduce.cc:513:run$10966 [22] $auto$opt_expr.cc:206:group_cell_inputs$12664 [6:4] $auto$wreduce.cc:513:run$10966 [18:16] $auto$opt_expr.cc:206:group_cell_inputs$12664 [3] $auto$wreduce.cc:513:run$10966 [14:10] $auto$opt_expr.cc:206:group_cell_inputs$12664 [2:1] $auto$wreduce.cc:513:run$10966 [7:6] $auto$opt_expr.cc:206:group_cell_inputs$12664 [0] $auto$wreduce.cc:513:run$10966 [4:0] }, Y={ $auto$wreduce.cc:513:run$10965 [30:0] $flatten\system.$ternary$rtl/upduino_replay.sv:145$512_Y [0] }
      New ports: A={ 1'0 $auto$wreduce.cc:513:run$10966 [30:29] $auto$wreduce.cc:513:run$10966 [27:26] $auto$wreduce.cc:513:run$10966 [24:23] $auto$wreduce.cc:513:run$10966 [21:19] $auto$wreduce.cc:513:run$10966 [15] $auto$wreduce.cc:513:run$10966 [9:8] $auto$wreduce.cc:513:run$10966 [5] }, B={ 1'1 $auto$opt_expr.cc:206:group_cell_inputs$12664 }, Y={ $auto$wreduce.cc:513:run$10965 [30:28] $auto$wreduce.cc:513:run$10965 [26:25] $auto$wreduce.cc:513:run$10965 [23:22] $auto$wreduce.cc:513:run$10965 [20:18] $auto$wreduce.cc:513:run$10965 [14] $auto$wreduce.cc:513:run$10965 [8:7] $auto$wreduce.cc:513:run$10965 [4] }
      New connections: { $auto$wreduce.cc:513:run$10965 [27] $auto$wreduce.cc:513:run$10965 [24] $auto$wreduce.cc:513:run$10965 [21] $auto$wreduce.cc:513:run$10965 [17:15] $auto$wreduce.cc:513:run$10965 [13:9] $auto$wreduce.cc:513:run$10965 [6:5] $auto$wreduce.cc:513:run$10965 [3:0] $flatten\system.$ternary$rtl/upduino_replay.sv:145$512_Y [0] } = { $auto$wreduce.cc:513:run$10966 [28] $auto$wreduce.cc:513:run$10966 [25] $auto$wreduce.cc:513:run$10966 [22] $auto$wreduce.cc:513:run$10966 [18:16] $auto$wreduce.cc:513:run$10966 [14:10] $auto$wreduce.cc:513:run$10966 [7:6] $auto$wreduce.cc:513:run$10966 [4:0] }
    Consolidated identical input bits for $mux cell $flatten\system.$ternary$rtl/upduino_replay.sv:145$508:
      Old ports: A={ 1'0 $auto$wreduce.cc:513:run$10967 [30:0] }, B={ 1'1 $auto$opt_expr.cc:206:group_cell_inputs$12660 [12:11] $auto$wreduce.cc:513:run$10967 [28] $auto$opt_expr.cc:206:group_cell_inputs$12660 [10:9] $auto$wreduce.cc:513:run$10967 [25] $auto$opt_expr.cc:206:group_cell_inputs$12660 [8:7] $auto$wreduce.cc:513:run$10967 [22] $auto$opt_expr.cc:206:group_cell_inputs$12660 [6:4] $auto$wreduce.cc:513:run$10967 [18:16] $auto$opt_expr.cc:206:group_cell_inputs$12660 [3] $auto$wreduce.cc:513:run$10967 [14:10] $auto$opt_expr.cc:206:group_cell_inputs$12660 [2:1] $auto$wreduce.cc:513:run$10967 [7:6] $auto$opt_expr.cc:206:group_cell_inputs$12660 [0] $auto$wreduce.cc:513:run$10967 [4:0] }, Y={ $auto$wreduce.cc:513:run$10966 [30:0] $flatten\system.$ternary$rtl/upduino_replay.sv:145$508_Y [0] }
      New ports: A={ 1'0 $auto$wreduce.cc:513:run$10967 [30:29] $auto$wreduce.cc:513:run$10967 [27:26] $auto$wreduce.cc:513:run$10967 [24:23] $auto$wreduce.cc:513:run$10967 [21:19] $auto$wreduce.cc:513:run$10967 [15] $auto$wreduce.cc:513:run$10967 [9:8] $auto$wreduce.cc:513:run$10967 [5] }, B={ 1'1 $auto$opt_expr.cc:206:group_cell_inputs$12660 }, Y={ $auto$wreduce.cc:513:run$10966 [30:28] $auto$wreduce.cc:513:run$10966 [26:25] $auto$wreduce.cc:513:run$10966 [23:22] $auto$wreduce.cc:513:run$10966 [20:18] $auto$wreduce.cc:513:run$10966 [14] $auto$wreduce.cc:513:run$10966 [8:7] $auto$wreduce.cc:513:run$10966 [4] }
      New connections: { $auto$wreduce.cc:513:run$10966 [27] $auto$wreduce.cc:513:run$10966 [24] $auto$wreduce.cc:513:run$10966 [21] $auto$wreduce.cc:513:run$10966 [17:15] $auto$wreduce.cc:513:run$10966 [13:9] $auto$wreduce.cc:513:run$10966 [6:5] $auto$wreduce.cc:513:run$10966 [3:0] $flatten\system.$ternary$rtl/upduino_replay.sv:145$508_Y [0] } = { $auto$wreduce.cc:513:run$10967 [28] $auto$wreduce.cc:513:run$10967 [25] $auto$wreduce.cc:513:run$10967 [22] $auto$wreduce.cc:513:run$10967 [18:16] $auto$wreduce.cc:513:run$10967 [14:10] $auto$wreduce.cc:513:run$10967 [7:6] $auto$wreduce.cc:513:run$10967 [4:0] }
    Consolidated identical input bits for $mux cell $flatten\system.$ternary$rtl/upduino_replay.sv:145$504:
      Old ports: A={ 1'0 \system.crc [31:8] $auto$opt_expr.cc:206:group_cell_inputs$12653 [7:1] }, B={ 1'1 $auto$opt_expr.cc:206:group_cell_inputs$12656 [12:11] \system.crc [29] $auto$opt_expr.cc:206:group_cell_inputs$12656 [10:9] \system.crc [26] $auto$opt_expr.cc:206:group_cell_inputs$12656 [8:7] \system.crc [23] $auto$opt_expr.cc:206:group_cell_inputs$12656 [6:4] \system.crc [19:17] $auto$opt_expr.cc:206:group_cell_inputs$12656 [3] \system.crc [15:11] $auto$opt_expr.cc:206:group_cell_inputs$12656 [2:1] \system.crc [8] $auto$opt_expr.cc:206:group_cell_inputs$12653 [7] $auto$opt_expr.cc:206:group_cell_inputs$12656 [0] $auto$opt_expr.cc:206:group_cell_inputs$12653 [5:1] }, Y={ $auto$wreduce.cc:513:run$10967 [30:0] $flatten\system.$ternary$rtl/upduino_replay.sv:145$504_Y [0] }
      New ports: A={ 1'0 \system.crc [31:30] \system.crc [28:27] \system.crc [25:24] \system.crc [22:20] \system.crc [16] \system.crc [10:9] $auto$opt_expr.cc:206:group_cell_inputs$12653 [6] }, B={ 1'1 $auto$opt_expr.cc:206:group_cell_inputs$12656 }, Y={ $auto$wreduce.cc:513:run$10967 [30:28] $auto$wreduce.cc:513:run$10967 [26:25] $auto$wreduce.cc:513:run$10967 [23:22] $auto$wreduce.cc:513:run$10967 [20:18] $auto$wreduce.cc:513:run$10967 [14] $auto$wreduce.cc:513:run$10967 [8:7] $auto$wreduce.cc:513:run$10967 [4] }
      New connections: { $auto$wreduce.cc:513:run$10967 [27] $auto$wreduce.cc:513:run$10967 [24] $auto$wreduce.cc:513:run$10967 [21] $auto$wreduce.cc:513:run$10967 [17:15] $auto$wreduce.cc:513:run$10967 [13:9] $auto$wreduce.cc:513:run$10967 [6:5] $auto$wreduce.cc:513:run$10967 [3:0] $flatten\system.$ternary$rtl/upduino_replay.sv:145$504_Y [0] } = { \system.crc [29] \system.crc [26] \system.crc [23] \system.crc [19:17] \system.crc [15:11] \system.crc [8] $auto$opt_expr.cc:206:group_cell_inputs$12653 [7] $auto$opt_expr.cc:206:group_cell_inputs$12653 [5:1] }
    Consolidated identical input bits for $mux cell $memory\system.core.bias2$rdmux[0][1][1]$12778:
      Old ports: A=30'000000000000000000000000110100, B=30'x, Y=$memory\system.core.bias2$rdmux[0][0][0]$b$12774
      New ports: A=2'10, B=2'x, Y={ $memory\system.core.bias2$rdmux[0][0][0]$b$12774 [2] $memory\system.core.bias2$rdmux[0][0][0]$b$12774 [0] }
      New connections: { $memory\system.core.bias2$rdmux[0][0][0]$b$12774 [29:3] $memory\system.core.bias2$rdmux[0][0][0]$b$12774 [1] } = { $memory\system.core.bias2$rdmux[0][0][0]$b$12774 [0] $memory\system.core.bias2$rdmux[0][0][0]$b$12774 [0] $memory\system.core.bias2$rdmux[0][0][0]$b$12774 [0] $memory\system.core.bias2$rdmux[0][0][0]$b$12774 [0] $memory\system.core.bias2$rdmux[0][0][0]$b$12774 [0] $memory\system.core.bias2$rdmux[0][0][0]$b$12774 [0] $memory\system.core.bias2$rdmux[0][0][0]$b$12774 [0] $memory\system.core.bias2$rdmux[0][0][0]$b$12774 [0] $memory\system.core.bias2$rdmux[0][0][0]$b$12774 [0] $memory\system.core.bias2$rdmux[0][0][0]$b$12774 [0] $memory\system.core.bias2$rdmux[0][0][0]$b$12774 [0] $memory\system.core.bias2$rdmux[0][0][0]$b$12774 [0] $memory\system.core.bias2$rdmux[0][0][0]$b$12774 [0] $memory\system.core.bias2$rdmux[0][0][0]$b$12774 [0] $memory\system.core.bias2$rdmux[0][0][0]$b$12774 [0] $memory\system.core.bias2$rdmux[0][0][0]$b$12774 [0] $memory\system.core.bias2$rdmux[0][0][0]$b$12774 [0] $memory\system.core.bias2$rdmux[0][0][0]$b$12774 [0] $memory\system.core.bias2$rdmux[0][0][0]$b$12774 [0] $memory\system.core.bias2$rdmux[0][0][0]$b$12774 [0] $memory\system.core.bias2$rdmux[0][0][0]$b$12774 [0] $memory\system.core.bias2$rdmux[0][0][0]$b$12774 [0] $memory\system.core.bias2$rdmux[0][0][0]$b$12774 [0] $memory\system.core.bias2$rdmux[0][0][0]$b$12774 [0] $memory\system.core.bias2$rdmux[0][0][0]$b$12774 [2] $memory\system.core.bias2$rdmux[0][0][0]$b$12774 [2] $memory\system.core.bias2$rdmux[0][0][0]$b$12774 [0] $memory\system.core.bias2$rdmux[0][0][0]$b$12774 [0] }
    Consolidated identical input bits for $mux cell $memory\system.core.bias1$rdmux[0][3][7]$12823:
      Old ports: A=32'11111111111111111111110101001111, B=98, Y=$memory\system.core.bias1$rdmux[0][2][3]$b$12801
      New ports: A=2'01, B=2'10, Y={ $memory\system.core.bias1$rdmux[0][2][3]$b$12801 [5] $memory\system.core.bias1$rdmux[0][2][3]$b$12801 [0] }
      New connections: { $memory\system.core.bias1$rdmux[0][2][3]$b$12801 [31:6] $memory\system.core.bias1$rdmux[0][2][3]$b$12801 [4:1] } = { $memory\system.core.bias1$rdmux[0][2][3]$b$12801 [0] $memory\system.core.bias1$rdmux[0][2][3]$b$12801 [0] $memory\system.core.bias1$rdmux[0][2][3]$b$12801 [0] $memory\system.core.bias1$rdmux[0][2][3]$b$12801 [0] $memory\system.core.bias1$rdmux[0][2][3]$b$12801 [0] $memory\system.core.bias1$rdmux[0][2][3]$b$12801 [0] $memory\system.core.bias1$rdmux[0][2][3]$b$12801 [0] $memory\system.core.bias1$rdmux[0][2][3]$b$12801 [0] $memory\system.core.bias1$rdmux[0][2][3]$b$12801 [0] $memory\system.core.bias1$rdmux[0][2][3]$b$12801 [0] $memory\system.core.bias1$rdmux[0][2][3]$b$12801 [0] $memory\system.core.bias1$rdmux[0][2][3]$b$12801 [0] $memory\system.core.bias1$rdmux[0][2][3]$b$12801 [0] $memory\system.core.bias1$rdmux[0][2][3]$b$12801 [0] $memory\system.core.bias1$rdmux[0][2][3]$b$12801 [0] $memory\system.core.bias1$rdmux[0][2][3]$b$12801 [0] $memory\system.core.bias1$rdmux[0][2][3]$b$12801 [0] $memory\system.core.bias1$rdmux[0][2][3]$b$12801 [0] $memory\system.core.bias1$rdmux[0][2][3]$b$12801 [0] $memory\system.core.bias1$rdmux[0][2][3]$b$12801 [0] $memory\system.core.bias1$rdmux[0][2][3]$b$12801 [0] $memory\system.core.bias1$rdmux[0][2][3]$b$12801 [0] 1'0 $memory\system.core.bias1$rdmux[0][2][3]$b$12801 [0] 3'010 $memory\system.core.bias1$rdmux[0][2][3]$b$12801 [0] $memory\system.core.bias1$rdmux[0][2][3]$b$12801 [0] 1'1 }
    Consolidated identical input bits for $mux cell $memory\system.core.feature_shifts$rdmux[0][3][7]$12868:
      Old ports: A=4'0010, B=4'0000, Y=$memory\system.core.feature_shifts$rdmux[0][2][3]$b$12846
      New ports: A=1'1, B=1'0, Y=$memory\system.core.feature_shifts$rdmux[0][2][3]$b$12846 [1]
      New connections: { $memory\system.core.feature_shifts$rdmux[0][2][3]$b$12846 [3:2] $memory\system.core.feature_shifts$rdmux[0][2][3]$b$12846 [0] } = 3'000
    Consolidated identical input bits for $mux cell $memory$auto$memory_bmux2rom.cc:63:execute$11935$rdmux[0][4][15]$12961:
      Old ports: A=8'10100001, B=8'00010111, Y=$memory$auto$memory_bmux2rom.cc:63:execute$11935$rdmux[0][3][7]$b$12915
      New ports: A=2'10, B=2'01, Y={ $memory$auto$memory_bmux2rom.cc:63:execute$11935$rdmux[0][3][7]$b$12915 [5] $memory$auto$memory_bmux2rom.cc:63:execute$11935$rdmux[0][3][7]$b$12915 [1] }
      New connections: { $memory$auto$memory_bmux2rom.cc:63:execute$11935$rdmux[0][3][7]$b$12915 [7:6] $memory$auto$memory_bmux2rom.cc:63:execute$11935$rdmux[0][3][7]$b$12915 [4:2] $memory$auto$memory_bmux2rom.cc:63:execute$11935$rdmux[0][3][7]$b$12915 [0] } = { $memory$auto$memory_bmux2rom.cc:63:execute$11935$rdmux[0][3][7]$b$12915 [5] 1'0 $memory$auto$memory_bmux2rom.cc:63:execute$11935$rdmux[0][3][7]$b$12915 [1] 1'0 $memory$auto$memory_bmux2rom.cc:63:execute$11935$rdmux[0][3][7]$b$12915 [1] 1'1 }
    Consolidated identical input bits for $mux cell $flatten\system.\core.$ternary$rtl/core/vibration_core.sv:327$2067:
      Old ports: A=9'000000000, B=9'100000000, Y=$auto$wreduce.cc:513:run$10930 [8:0]
      New ports: A=1'0, B=1'1, Y=$auto$wreduce.cc:513:run$10930 [8]
      New connections: $auto$wreduce.cc:513:run$10930 [7:0] = 8'00000000
    Consolidated identical input bits for $mux cell $flatten\system.$ternary$rtl/upduino_replay.sv:198$428:
      Old ports: A={ 20'00110000000000000000 $auto$wreduce.cc:513:run$10978 [3:0] }, B={ 6'001100 $auto$wreduce.cc:513:run$10979 [17:12] \system.write_position [11:0] }, Y=$flatten\system.$ternary$rtl/upduino_replay.sv:198$428_Y
      New ports: A={ 14'00000000000000 $auto$wreduce.cc:513:run$10978 [3:0] }, B={ $auto$wreduce.cc:513:run$10979 [17:12] \system.write_position [11:0] }, Y=$flatten\system.$ternary$rtl/upduino_replay.sv:198$428_Y [17:0]
      New connections: $flatten\system.$ternary$rtl/upduino_replay.sv:198$428_Y [23:18] = 6'001100
    Consolidated identical input bits for $mux cell $flatten\system.$ternary$rtl/upduino_replay.sv:199$427:
      Old ports: A=4'0000, B=4'1100, Y=$auto$wreduce.cc:513:run$10978 [3:0]
      New ports: A=1'0, B=1'1, Y=$auto$wreduce.cc:513:run$10978 [2]
      New connections: { $auto$wreduce.cc:513:run$10978 [3] $auto$wreduce.cc:513:run$10978 [1:0] } = { $auto$wreduce.cc:513:run$10978 [2] 2'00 }
  Optimizing cells in module \upduino_replay.
    Consolidated identical input bits for $mux cell $memory\system.core.frequency_bins$rdmux[0][4][11]$13042:
      Old ports: A=$memory\system.core.frequency_bins$rdmux[0][4][11]$a$13043, B=$memory\system.core.frequency_bins$rdmux[0][4][11]$b$13044, Y=$memory\system.core.frequency_bins$rdmux[0][3][5]$b$13002
      New ports: A={ $memory\system.core.frequency_bins$rdmux[0][4][11]$a$13043 [1] $memory\system.core.frequency_bins$rdmux[0][4][11]$a$13043 [2:1] 1'0 }, B={ 2'01 $memory\system.core.frequency_bins$rdmux[0][4][11]$b$13044 [1:0] }, Y=$memory\system.core.frequency_bins$rdmux[0][3][5]$b$13002 [3:0]
      New connections: $memory\system.core.frequency_bins$rdmux[0][3][5]$b$13002 [8:4] = { 4'1110 $memory\system.core.frequency_bins$rdmux[0][3][5]$b$13002 [2] }
    Consolidated identical input bits for $mux cell $memory\system.core.frequency_bins$rdmux[0][4][10]$13039:
      Old ports: A=$memory\system.core.frequency_bins$rdmux[0][4][10]$a$13040, B=$memory\system.core.frequency_bins$rdmux[0][4][10]$b$13041, Y=$memory\system.core.frequency_bins$rdmux[0][3][5]$a$13001
      New ports: A={ 1'0 $memory\system.core.frequency_bins$rdmux[0][4][10]$a$13040 [2] $memory\system.core.frequency_bins$rdmux[0][4][10]$a$13040 [0] $memory\system.core.frequency_bins$rdmux[0][4][10]$a$13040 [0] }, B={ 3'100 $memory\system.core.frequency_bins$rdmux[0][4][10]$b$13041 [0] }, Y=$memory\system.core.frequency_bins$rdmux[0][3][5]$a$13001 [3:0]
      New connections: $memory\system.core.frequency_bins$rdmux[0][3][5]$a$13001 [8:4] = 5'11100
    Consolidated identical input bits for $mux cell $memory\system.core.frequency_bins$rdmux[0][4][9]$13036:
      Old ports: A=$memory\system.core.frequency_bins$rdmux[0][4][9]$a$13037, B=$memory\system.core.frequency_bins$rdmux[0][4][9]$b$13038, Y=$memory\system.core.frequency_bins$rdmux[0][3][4]$b$12999
      New ports: A={ 5'01011 $memory\system.core.frequency_bins$rdmux[0][4][9]$a$13037 [0] }, B={ $memory\system.core.frequency_bins$rdmux[0][4][9]$b$13038 [1] $memory\system.core.frequency_bins$rdmux[0][4][9]$b$13038 [3] $memory\system.core.frequency_bins$rdmux[0][4][9]$b$13038 [3] 1'0 $memory\system.core.frequency_bins$rdmux[0][4][9]$b$13038 [1] 1'0 }, Y={ $memory\system.core.frequency_bins$rdmux[0][3][4]$b$12999 [6] $memory\system.core.frequency_bins$rdmux[0][3][4]$b$12999 [4:0] }
      New connections: { $memory\system.core.frequency_bins$rdmux[0][3][4]$b$12999 [8:7] $memory\system.core.frequency_bins$rdmux[0][3][4]$b$12999 [5] } = { 2'11 $memory\system.core.frequency_bins$rdmux[0][3][4]$b$12999 [4] }
    Consolidated identical input bits for $mux cell $memory\system.core.frequency_bins$rdmux[0][4][8]$13033:
      Old ports: A=$memory\system.core.frequency_bins$rdmux[0][4][8]$a$13034, B=$memory\system.core.frequency_bins$rdmux[0][4][8]$b$13035, Y=$memory\system.core.frequency_bins$rdmux[0][3][4]$a$12998
      New ports: A={ $memory\system.core.frequency_bins$rdmux[0][4][8]$a$13034 [5] $memory\system.core.frequency_bins$rdmux[0][4][8]$a$13034 [0] 2'01 $memory\system.core.frequency_bins$rdmux[0][4][8]$a$13034 [0] }, B={ 2'10 $memory\system.core.frequency_bins$rdmux[0][4][8]$b$13035 [2] $memory\system.core.frequency_bins$rdmux[0][4][8]$b$13035 [0] $memory\system.core.frequency_bins$rdmux[0][4][8]$b$13035 [0] }, Y={ $memory\system.core.frequency_bins$rdmux[0][3][4]$a$12998 [5] $memory\system.core.frequency_bins$rdmux[0][3][4]$a$12998 [3:0] }
      New connections: { $memory\system.core.frequency_bins$rdmux[0][3][4]$a$12998 [8:6] $memory\system.core.frequency_bins$rdmux[0][3][4]$a$12998 [4] } = { 3'101 $memory\system.core.frequency_bins$rdmux[0][3][4]$a$12998 [3] }
    Consolidated identical input bits for $mux cell $memory\system.core.frequency_bins$rdmux[0][4][7]$13030:
      Old ports: A=$memory\system.core.frequency_bins$rdmux[0][4][7]$a$13031, B=$memory\system.core.frequency_bins$rdmux[0][4][7]$b$13032, Y=$memory\system.core.frequency_bins$rdmux[0][3][3]$b$12996
      New ports: A={ 1'0 $memory\system.core.frequency_bins$rdmux[0][4][7]$a$13031 [2] $memory\system.core.frequency_bins$rdmux[0][4][7]$a$13031 [0] $memory\system.core.frequency_bins$rdmux[0][4][7]$a$13031 [0] }, B={ 2'10 $memory\system.core.frequency_bins$rdmux[0][4][7]$b$13032 [1:0] }, Y=$memory\system.core.frequency_bins$rdmux[0][3][3]$b$12996 [3:0]
      New connections: $memory\system.core.frequency_bins$rdmux[0][3][3]$b$12996 [8:4] = 5'10101
    Consolidated identical input bits for $mux cell $memory\system.core.frequency_bins$rdmux[0][4][6]$13027:
      Old ports: A=$memory\system.core.frequency_bins$rdmux[0][4][6]$a$13028, B=$memory\system.core.frequency_bins$rdmux[0][4][6]$b$13029, Y=$memory\system.core.frequency_bins$rdmux[0][3][3]$a$12995
      New ports: A={ 1'0 $memory\system.core.frequency_bins$rdmux[0][4][6]$a$13028 [3] $memory\system.core.frequency_bins$rdmux[0][4][6]$a$13028 [0] $memory\system.core.frequency_bins$rdmux[0][4][6]$a$13028 [0] $memory\system.core.frequency_bins$rdmux[0][4][6]$a$13028 [0] }, B={ $memory\system.core.frequency_bins$rdmux[0][4][6]$b$13029 [1:0] 1'0 $memory\system.core.frequency_bins$rdmux[0][4][6]$b$13029 [1:0] }, Y=$memory\system.core.frequency_bins$rdmux[0][3][3]$a$12995 [4:0]
      New connections: $memory\system.core.frequency_bins$rdmux[0][3][3]$a$12995 [8:5] = 4'1010
    Consolidated identical input bits for $mux cell $memory\system.core.frequency_bins$rdmux[0][4][5]$13024:
      Old ports: A=$memory\system.core.frequency_bins$rdmux[0][4][5]$a$13025, B=$memory\system.core.frequency_bins$rdmux[0][4][5]$b$13026, Y=$memory\system.core.frequency_bins$rdmux[0][3][2]$b$12993
      New ports: A={ $memory\system.core.frequency_bins$rdmux[0][4][5]$a$13025 [6] $memory\system.core.frequency_bins$rdmux[0][4][5]$a$13025 [2] 2'00 }, B={ 2'10 $memory\system.core.frequency_bins$rdmux[0][4][5]$b$13026 [1:0] }, Y={ $memory\system.core.frequency_bins$rdmux[0][3][2]$b$12993 [6] $memory\system.core.frequency_bins$rdmux[0][3][2]$b$12993 [2:0] }
      New connections: { $memory\system.core.frequency_bins$rdmux[0][3][2]$b$12993 [8:7] $memory\system.core.frequency_bins$rdmux[0][3][2]$b$12993 [5:3] } = { 2'10 $memory\system.core.frequency_bins$rdmux[0][3][2]$b$12993 [2] $memory\system.core.frequency_bins$rdmux[0][3][2]$b$12993 [2] $memory\system.core.frequency_bins$rdmux[0][3][2]$b$12993 [2] }
    Consolidated identical input bits for $mux cell $memory\system.core.frequency_bins$rdmux[0][4][4]$13021:
      Old ports: A=$memory\system.core.frequency_bins$rdmux[0][4][4]$a$13022, B=$memory\system.core.frequency_bins$rdmux[0][4][4]$b$13023, Y=$memory\system.core.frequency_bins$rdmux[0][3][2]$a$12992
      New ports: A={ 2'10 $memory\system.core.frequency_bins$rdmux[0][4][4]$a$13022 [0] }, B={ 2'01 $memory\system.core.frequency_bins$rdmux[0][4][4]$b$13023 [0] }, Y=$memory\system.core.frequency_bins$rdmux[0][3][2]$a$12992 [2:0]
      New connections: $memory\system.core.frequency_bins$rdmux[0][3][2]$a$12992 [8:3] = { 5'10011 $memory\system.core.frequency_bins$rdmux[0][3][2]$a$12992 [1] }
    Consolidated identical input bits for $mux cell $memory\system.core.frequency_bins$rdmux[0][4][3]$13018:
      Old ports: A=$memory\system.core.frequency_bins$rdmux[0][4][3]$a$13019, B=$memory\system.core.frequency_bins$rdmux[0][4][3]$b$13020, Y=$memory\system.core.frequency_bins$rdmux[0][3][1]$b$12990
      New ports: A={ 2'01 $memory\system.core.frequency_bins$rdmux[0][4][3]$a$13019 [2] $memory\system.core.frequency_bins$rdmux[0][4][3]$a$13019 [0] $memory\system.core.frequency_bins$rdmux[0][4][3]$a$13019 [0] }, B={ $memory\system.core.frequency_bins$rdmux[0][4][3]$b$13020 [1] $memory\system.core.frequency_bins$rdmux[0][4][3]$b$13020 [2] $memory\system.core.frequency_bins$rdmux[0][4][3]$b$13020 [2:1] 1'1 }, Y=$memory\system.core.frequency_bins$rdmux[0][3][1]$b$12990 [4:0]
      New connections: $memory\system.core.frequency_bins$rdmux[0][3][1]$b$12990 [8:5] = 4'1001
    Consolidated identical input bits for $mux cell $memory\system.core.frequency_bins$rdmux[0][4][2]$13015:
      Old ports: A=$memory\system.core.frequency_bins$rdmux[0][4][2]$a$13016, B=$memory\system.core.frequency_bins$rdmux[0][4][2]$b$13017, Y=$memory\system.core.frequency_bins$rdmux[0][3][1]$a$12989
      New ports: A={ $memory\system.core.frequency_bins$rdmux[0][4][2]$a$13016 [1:0] $memory\system.core.frequency_bins$rdmux[0][4][2]$a$13016 [0] 1'1 $memory\system.core.frequency_bins$rdmux[0][4][2]$a$13016 [1:0] }, B={ 2'10 $memory\system.core.frequency_bins$rdmux[0][4][2]$b$13017 [4] $memory\system.core.frequency_bins$rdmux[0][4][2]$b$13017 [0] $memory\system.core.frequency_bins$rdmux[0][4][2]$b$13017 [0] $memory\system.core.frequency_bins$rdmux[0][4][2]$b$13017 [0] }, Y={ $memory\system.core.frequency_bins$rdmux[0][3][1]$a$12989 [6:4] $memory\system.core.frequency_bins$rdmux[0][3][1]$a$12989 [2:0] }
      New connections: { $memory\system.core.frequency_bins$rdmux[0][3][1]$a$12989 [8:7] $memory\system.core.frequency_bins$rdmux[0][3][1]$a$12989 [3] } = { 2'01 $memory\system.core.frequency_bins$rdmux[0][3][1]$a$12989 [2] }
    Consolidated identical input bits for $mux cell $memory\system.core.frequency_bins$rdmux[0][4][1]$13012:
      Old ports: A=$memory\system.core.frequency_bins$rdmux[0][4][1]$a$13013, B=$memory\system.core.frequency_bins$rdmux[0][4][1]$b$13014, Y=$memory\system.core.frequency_bins$rdmux[0][3][0]$b$12987
      New ports: A={ 2'00 $memory\system.core.frequency_bins$rdmux[0][4][1]$a$13013 [1:0] }, B={ 1'1 $memory\system.core.frequency_bins$rdmux[0][4][1]$b$13014 [2] $memory\system.core.frequency_bins$rdmux[0][4][1]$b$13014 [0] $memory\system.core.frequency_bins$rdmux[0][4][1]$b$13014 [0] }, Y=$memory\system.core.frequency_bins$rdmux[0][3][0]$b$12987 [3:0]
      New connections: $memory\system.core.frequency_bins$rdmux[0][3][0]$b$12987 [8:4] = 5'01011
    Consolidated identical input bits for $mux cell $memory\system.core.frequency_bins$rdmux[0][4][0]$13009:
      Old ports: A=$memory\system.core.frequency_bins$rdmux[0][4][0]$a$13010, B=$memory\system.core.frequency_bins$rdmux[0][4][0]$b$13011, Y=$memory\system.core.frequency_bins$rdmux[0][3][0]$a$12986
      New ports: A={ 2'10 $memory\system.core.frequency_bins$rdmux[0][4][0]$a$13010 [4] $memory\system.core.frequency_bins$rdmux[0][4][0]$a$13010 [0] $memory\system.core.frequency_bins$rdmux[0][4][0]$a$13010 [0] }, B={ $memory\system.core.frequency_bins$rdmux[0][4][0]$b$13011 [0] $memory\system.core.frequency_bins$rdmux[0][4][0]$b$13011 [5] 2'10 $memory\system.core.frequency_bins$rdmux[0][4][0]$b$13011 [0] }, Y={ $memory\system.core.frequency_bins$rdmux[0][3][0]$a$12986 [6:4] $memory\system.core.frequency_bins$rdmux[0][3][0]$a$12986 [1:0] }
      New connections: { $memory\system.core.frequency_bins$rdmux[0][3][0]$a$12986 [8:7] $memory\system.core.frequency_bins$rdmux[0][3][0]$a$12986 [3:2] } = { 1'0 $memory\system.core.frequency_bins$rdmux[0][3][0]$a$12986 [5] $memory\system.core.frequency_bins$rdmux[0][3][0]$a$12986 [1] $memory\system.core.frequency_bins$rdmux[0][3][0]$a$12986 [1] }
    Consolidated identical input bits for $mux cell $memory$auto$memory_bmux2rom.cc:63:execute$11935$rdmux[0][3][7]$12913:
      Old ports: A=$memory$auto$memory_bmux2rom.cc:63:execute$11935$rdmux[0][3][7]$a$12914, B=$memory$auto$memory_bmux2rom.cc:63:execute$11935$rdmux[0][3][7]$b$12915, Y=$memory$auto$memory_bmux2rom.cc:63:execute$11935$rdmux[0][2][3]$b$12891
      New ports: A={ 1'0 $memory$auto$memory_bmux2rom.cc:63:execute$11935$rdmux[0][3][7]$a$12914 [1] $memory$auto$memory_bmux2rom.cc:63:execute$11935$rdmux[0][3][7]$a$12914 [1] 2'11 $memory$auto$memory_bmux2rom.cc:63:execute$11935$rdmux[0][3][7]$a$12914 [1] }, B={ $memory$auto$memory_bmux2rom.cc:63:execute$11935$rdmux[0][3][7]$b$12915 [5] 1'0 $memory$auto$memory_bmux2rom.cc:63:execute$11935$rdmux[0][3][7]$b$12915 [5] 1'0 $memory$auto$memory_bmux2rom.cc:63:execute$11935$rdmux[0][3][7]$b$12915 [1] $memory$auto$memory_bmux2rom.cc:63:execute$11935$rdmux[0][3][7]$b$12915 [1] }, Y={ $memory$auto$memory_bmux2rom.cc:63:execute$11935$rdmux[0][2][3]$b$12891 [7:5] $memory$auto$memory_bmux2rom.cc:63:execute$11935$rdmux[0][2][3]$b$12891 [3:1] }
      New connections: { $memory$auto$memory_bmux2rom.cc:63:execute$11935$rdmux[0][2][3]$b$12891 [4] $memory$auto$memory_bmux2rom.cc:63:execute$11935$rdmux[0][2][3]$b$12891 [0] } = { $memory$auto$memory_bmux2rom.cc:63:execute$11935$rdmux[0][2][3]$b$12891 [2] 1'1 }
    Consolidated identical input bits for $mux cell $memory$auto$memory_bmux2rom.cc:63:execute$11935$rdmux[0][3][6]$12910:
      Old ports: A=$memory$auto$memory_bmux2rom.cc:63:execute$11935$rdmux[0][3][6]$a$12911, B=$memory$auto$memory_bmux2rom.cc:63:execute$11935$rdmux[0][3][6]$b$12912, Y=$memory$auto$memory_bmux2rom.cc:63:execute$11935$rdmux[0][2][3]$a$12890
      New ports: A={ 1'1 $memory$auto$memory_bmux2rom.cc:63:execute$11935$rdmux[0][3][6]$a$12911 [4] $memory$auto$memory_bmux2rom.cc:63:execute$11935$rdmux[0][3][6]$a$12911 [4] 3'001 }, B={ $memory$auto$memory_bmux2rom.cc:63:execute$11935$rdmux[0][3][6]$b$12912 [5] $memory$auto$memory_bmux2rom.cc:63:execute$11935$rdmux[0][3][6]$b$12912 [5] 1'0 $memory$auto$memory_bmux2rom.cc:63:execute$11935$rdmux[0][3][6]$b$12912 [3] 2'10 }, Y={ $memory$auto$memory_bmux2rom.cc:63:execute$11935$rdmux[0][2][3]$a$12890 [6:3] $memory$auto$memory_bmux2rom.cc:63:execute$11935$rdmux[0][2][3]$a$12890 [1:0] }
      New connections: { $memory$auto$memory_bmux2rom.cc:63:execute$11935$rdmux[0][2][3]$a$12890 [7] $memory$auto$memory_bmux2rom.cc:63:execute$11935$rdmux[0][2][3]$a$12890 [2] } = { $memory$auto$memory_bmux2rom.cc:63:execute$11935$rdmux[0][2][3]$a$12890 [4] 1'1 }
    Consolidated identical input bits for $mux cell $memory$auto$memory_bmux2rom.cc:63:execute$11935$rdmux[0][3][5]$12907:
      Old ports: A=$memory$auto$memory_bmux2rom.cc:63:execute$11935$rdmux[0][3][5]$a$12908, B=$memory$auto$memory_bmux2rom.cc:63:execute$11935$rdmux[0][3][5]$b$12909, Y=$memory$auto$memory_bmux2rom.cc:63:execute$11935$rdmux[0][2][2]$b$12888
      New ports: A={ 3'110 $memory$auto$memory_bmux2rom.cc:63:execute$11935$rdmux[0][3][5]$a$12908 [0] $memory$auto$memory_bmux2rom.cc:63:execute$11935$rdmux[0][3][5]$a$12908 [1:0] }, B={ $memory$auto$memory_bmux2rom.cc:63:execute$11935$rdmux[0][3][5]$b$12909 [0] 4'0101 $memory$auto$memory_bmux2rom.cc:63:execute$11935$rdmux[0][3][5]$b$12909 [0] }, Y={ $memory$auto$memory_bmux2rom.cc:63:execute$11935$rdmux[0][2][2]$b$12888 [6:5] $memory$auto$memory_bmux2rom.cc:63:execute$11935$rdmux[0][2][2]$b$12888 [3:0] }
      New connections: { $memory$auto$memory_bmux2rom.cc:63:execute$11935$rdmux[0][2][2]$b$12888 [7] $memory$auto$memory_bmux2rom.cc:63:execute$11935$rdmux[0][2][2]$b$12888 [4] } = { $memory$auto$memory_bmux2rom.cc:63:execute$11935$rdmux[0][2][2]$b$12888 [1] $memory$auto$memory_bmux2rom.cc:63:execute$11935$rdmux[0][2][2]$b$12888 [2] }
    Consolidated identical input bits for $mux cell $memory$auto$memory_bmux2rom.cc:63:execute$11935$rdmux[0][3][4]$12904:
      Old ports: A=$memory$auto$memory_bmux2rom.cc:63:execute$11935$rdmux[0][3][4]$a$12905, B=$memory$auto$memory_bmux2rom.cc:63:execute$11935$rdmux[0][3][4]$b$12906, Y=$memory$auto$memory_bmux2rom.cc:63:execute$11935$rdmux[0][2][2]$a$12887
      New ports: A={ 1'0 $memory$auto$memory_bmux2rom.cc:63:execute$11935$rdmux[0][3][4]$a$12905 [1] 1'1 $memory$auto$memory_bmux2rom.cc:63:execute$11935$rdmux[0][3][4]$a$12905 [1:0] }, B={ $memory$auto$memory_bmux2rom.cc:63:execute$11935$rdmux[0][3][4]$b$12906 [0] 3'001 $memory$auto$memory_bmux2rom.cc:63:execute$11935$rdmux[0][3][4]$b$12906 [0] }, Y={ $memory$auto$memory_bmux2rom.cc:63:execute$11935$rdmux[0][2][2]$a$12887 [6] $memory$auto$memory_bmux2rom.cc:63:execute$11935$rdmux[0][2][2]$a$12887 [4] $memory$auto$memory_bmux2rom.cc:63:execute$11935$rdmux[0][2][2]$a$12887 [2:0] }
      New connections: { $memory$auto$memory_bmux2rom.cc:63:execute$11935$rdmux[0][2][2]$a$12887 [7] $memory$auto$memory_bmux2rom.cc:63:execute$11935$rdmux[0][2][2]$a$12887 [5] $memory$auto$memory_bmux2rom.cc:63:execute$11935$rdmux[0][2][2]$a$12887 [3] } = { $memory$auto$memory_bmux2rom.cc:63:execute$11935$rdmux[0][2][2]$a$12887 [4] $memory$auto$memory_bmux2rom.cc:63:execute$11935$rdmux[0][2][2]$a$12887 [4] $memory$auto$memory_bmux2rom.cc:63:execute$11935$rdmux[0][2][2]$a$12887 [2] }
    Consolidated identical input bits for $mux cell $memory$auto$memory_bmux2rom.cc:63:execute$11935$rdmux[0][3][3]$12901:
      Old ports: A=$memory$auto$memory_bmux2rom.cc:63:execute$11935$rdmux[0][3][3]$a$12902, B=$memory$auto$memory_bmux2rom.cc:63:execute$11935$rdmux[0][3][3]$b$12903, Y=$memory$auto$memory_bmux2rom.cc:63:execute$11935$rdmux[0][2][1]$b$12885
      New ports: A={ 1'0 $memory$auto$memory_bmux2rom.cc:63:execute$11935$rdmux[0][3][3]$a$12902 [0] $memory$auto$memory_bmux2rom.cc:63:execute$11935$rdmux[0][3][3]$a$12902 [0] $memory$auto$memory_bmux2rom.cc:63:execute$11935$rdmux[0][3][3]$a$12902 [3] 1'1 $memory$auto$memory_bmux2rom.cc:63:execute$11935$rdmux[0][3][3]$a$12902 [0] $memory$auto$memory_bmux2rom.cc:63:execute$11935$rdmux[0][3][3]$a$12902 [0] }, B={ $memory$auto$memory_bmux2rom.cc:63:execute$11935$rdmux[0][3][3]$b$12903 [5] 1'0 $memory$auto$memory_bmux2rom.cc:63:execute$11935$rdmux[0][3][3]$b$12903 [5] 1'1 $memory$auto$memory_bmux2rom.cc:63:execute$11935$rdmux[0][3][3]$b$12903 [1] $memory$auto$memory_bmux2rom.cc:63:execute$11935$rdmux[0][3][3]$b$12903 [1] 1'1 }, Y={ $memory$auto$memory_bmux2rom.cc:63:execute$11935$rdmux[0][2][1]$b$12885 [7:5] $memory$auto$memory_bmux2rom.cc:63:execute$11935$rdmux[0][2][1]$b$12885 [3:0] }
      New connections: $memory$auto$memory_bmux2rom.cc:63:execute$11935$rdmux[0][2][1]$b$12885 [4] = 1'1
    Consolidated identical input bits for $mux cell $memory$auto$memory_bmux2rom.cc:63:execute$11935$rdmux[0][3][2]$12898:
      Old ports: A=$memory$auto$memory_bmux2rom.cc:63:execute$11935$rdmux[0][3][2]$a$12899, B=$memory$auto$memory_bmux2rom.cc:63:execute$11935$rdmux[0][3][2]$b$12900, Y=$memory$auto$memory_bmux2rom.cc:63:execute$11935$rdmux[0][2][1]$a$12884
      New ports: A={ 1'0 $memory$auto$memory_bmux2rom.cc:63:execute$11935$rdmux[0][3][2]$a$12899 [3] $memory$auto$memory_bmux2rom.cc:63:execute$11935$rdmux[0][3][2]$a$12899 [3:2] 2'01 }, B={ $memory$auto$memory_bmux2rom.cc:63:execute$11935$rdmux[0][3][2]$b$12900 [2] 1'0 $memory$auto$memory_bmux2rom.cc:63:execute$11935$rdmux[0][3][2]$b$12900 [2] $memory$auto$memory_bmux2rom.cc:63:execute$11935$rdmux[0][3][2]$b$12900 [2] 1'1 $memory$auto$memory_bmux2rom.cc:63:execute$11935$rdmux[0][3][2]$b$12900 [0] }, Y={ $memory$auto$memory_bmux2rom.cc:63:execute$11935$rdmux[0][2][1]$a$12884 [6:5] $memory$auto$memory_bmux2rom.cc:63:execute$11935$rdmux[0][2][1]$a$12884 [3:0] }
      New connections: { $memory$auto$memory_bmux2rom.cc:63:execute$11935$rdmux[0][2][1]$a$12884 [7] $memory$auto$memory_bmux2rom.cc:63:execute$11935$rdmux[0][2][1]$a$12884 [4] } = 2'01
    Consolidated identical input bits for $mux cell $memory$auto$memory_bmux2rom.cc:63:execute$11935$rdmux[0][3][1]$12895:
      Old ports: A=$memory$auto$memory_bmux2rom.cc:63:execute$11935$rdmux[0][3][1]$a$12896, B=$memory$auto$memory_bmux2rom.cc:63:execute$11935$rdmux[0][3][1]$b$12897, Y=$memory$auto$memory_bmux2rom.cc:63:execute$11935$rdmux[0][2][0]$b$12882
      New ports: A={ $memory$auto$memory_bmux2rom.cc:63:execute$11935$rdmux[0][3][1]$a$12896 [4] 1'0 $memory$auto$memory_bmux2rom.cc:63:execute$11935$rdmux[0][3][1]$a$12896 [4] $memory$auto$memory_bmux2rom.cc:63:execute$11935$rdmux[0][3][1]$a$12896 [1] $memory$auto$memory_bmux2rom.cc:63:execute$11935$rdmux[0][3][1]$a$12896 [1] }, B={ $memory$auto$memory_bmux2rom.cc:63:execute$11935$rdmux[0][3][1]$b$12897 [7] $memory$auto$memory_bmux2rom.cc:63:execute$11935$rdmux[0][3][1]$b$12897 [1] 2'10 $memory$auto$memory_bmux2rom.cc:63:execute$11935$rdmux[0][3][1]$b$12897 [1] }, Y={ $memory$auto$memory_bmux2rom.cc:63:execute$11935$rdmux[0][2][0]$b$12882 [7] $memory$auto$memory_bmux2rom.cc:63:execute$11935$rdmux[0][2][0]$b$12882 [5:3] $memory$auto$memory_bmux2rom.cc:63:execute$11935$rdmux[0][2][0]$b$12882 [1] }
      New connections: { $memory$auto$memory_bmux2rom.cc:63:execute$11935$rdmux[0][2][0]$b$12882 [6] $memory$auto$memory_bmux2rom.cc:63:execute$11935$rdmux[0][2][0]$b$12882 [2] $memory$auto$memory_bmux2rom.cc:63:execute$11935$rdmux[0][2][0]$b$12882 [0] } = { $memory$auto$memory_bmux2rom.cc:63:execute$11935$rdmux[0][2][0]$b$12882 [1] 2'00 }
    Consolidated identical input bits for $mux cell $memory$auto$memory_bmux2rom.cc:63:execute$11935$rdmux[0][3][0]$12892:
      Old ports: A=$memory$auto$memory_bmux2rom.cc:63:execute$11935$rdmux[0][3][0]$a$12893, B=$memory$auto$memory_bmux2rom.cc:63:execute$11935$rdmux[0][3][0]$b$12894, Y=$memory$auto$memory_bmux2rom.cc:63:execute$11935$rdmux[0][2][0]$a$12881
      New ports: A={ $memory$auto$memory_bmux2rom.cc:63:execute$11935$rdmux[0][3][0]$a$12893 [0] $memory$auto$memory_bmux2rom.cc:63:execute$11935$rdmux[0][3][0]$a$12893 [4] 2'01 $memory$auto$memory_bmux2rom.cc:63:execute$11935$rdmux[0][3][0]$a$12893 [0] }, B={ $memory$auto$memory_bmux2rom.cc:63:execute$11935$rdmux[0][3][0]$b$12894 [4] $memory$auto$memory_bmux2rom.cc:63:execute$11935$rdmux[0][3][0]$b$12894 [4] 3'101 }, Y={ $memory$auto$memory_bmux2rom.cc:63:execute$11935$rdmux[0][2][0]$a$12881 [5:4] $memory$auto$memory_bmux2rom.cc:63:execute$11935$rdmux[0][2][0]$a$12881 [2:0] }
      New connections: { $memory$auto$memory_bmux2rom.cc:63:execute$11935$rdmux[0][2][0]$a$12881 [7:6] $memory$auto$memory_bmux2rom.cc:63:execute$11935$rdmux[0][2][0]$a$12881 [3] } = { $memory$auto$memory_bmux2rom.cc:63:execute$11935$rdmux[0][2][0]$a$12881 [0] $memory$auto$memory_bmux2rom.cc:63:execute$11935$rdmux[0][2][0]$a$12881 [2] $memory$auto$memory_bmux2rom.cc:63:execute$11935$rdmux[0][2][0]$a$12881 [0] }
    Consolidated identical input bits for $mux cell $memory\system.core.feature_shifts$rdmux[0][2][3]$12844:
      Old ports: A=$memory\system.core.feature_shifts$rdmux[0][2][3]$a$12845, B=$memory\system.core.feature_shifts$rdmux[0][2][3]$b$12846, Y=$memory\system.core.feature_shifts$rdmux[0][1][1]$b$12834
      New ports: A={ $memory\system.core.feature_shifts$rdmux[0][2][3]$a$12845 [2] $memory\system.core.feature_shifts$rdmux[0][2][3]$a$12845 [0] $memory\system.core.feature_shifts$rdmux[0][2][3]$a$12845 [0] }, B={ 1'0 $memory\system.core.feature_shifts$rdmux[0][2][3]$b$12846 [1] 1'0 }, Y=$memory\system.core.feature_shifts$rdmux[0][1][1]$b$12834 [2:0]
      New connections: $memory\system.core.feature_shifts$rdmux[0][1][1]$b$12834 [3] = 1'0
    Consolidated identical input bits for $mux cell $memory\system.core.feature_shifts$rdmux[0][2][2]$12841:
      Old ports: A=$memory\system.core.feature_shifts$rdmux[0][2][2]$a$12842, B=4'0010, Y=$memory\system.core.feature_shifts$rdmux[0][1][1]$a$12833
      New ports: A={ $memory\system.core.feature_shifts$rdmux[0][2][2]$a$12842 [2] $memory\system.core.feature_shifts$rdmux[0][2][2]$a$12842 [0] }, B=2'00, Y={ $memory\system.core.feature_shifts$rdmux[0][1][1]$a$12833 [2] $memory\system.core.feature_shifts$rdmux[0][1][1]$a$12833 [0] }
      New connections: { $memory\system.core.feature_shifts$rdmux[0][1][1]$a$12833 [3] $memory\system.core.feature_shifts$rdmux[0][1][1]$a$12833 [1] } = 2'01
    Consolidated identical input bits for $mux cell $memory\system.core.feature_shifts$rdmux[0][2][1]$12838:
      Old ports: A=$memory\system.core.feature_shifts$rdmux[0][2][1]$a$12839, B=4'0110, Y=$memory\system.core.feature_shifts$rdmux[0][1][0]$b$12831
      New ports: A={ 2'10 $memory\system.core.feature_shifts$rdmux[0][2][1]$a$12839 [0] }, B=3'010, Y={ $memory\system.core.feature_shifts$rdmux[0][1][0]$b$12831 [3] $memory\system.core.feature_shifts$rdmux[0][1][0]$b$12831 [1:0] }
      New connections: $memory\system.core.feature_shifts$rdmux[0][1][0]$b$12831 [2] = $memory\system.core.feature_shifts$rdmux[0][1][0]$b$12831 [1]
    Consolidated identical input bits for $mux cell $memory\system.core.feature_shifts$rdmux[0][2][0]$12835:
      Old ports: A=$memory\system.core.feature_shifts$rdmux[0][2][0]$a$12836, B=$memory\system.core.feature_shifts$rdmux[0][2][0]$b$12837, Y=$memory\system.core.feature_shifts$rdmux[0][1][0]$a$12830
      New ports: A={ $memory\system.core.feature_shifts$rdmux[0][2][0]$a$12836 [1] 1'0 }, B=$memory\system.core.feature_shifts$rdmux[0][2][0]$b$12837 [1:0], Y=$memory\system.core.feature_shifts$rdmux[0][1][0]$a$12830 [1:0]
      New connections: $memory\system.core.feature_shifts$rdmux[0][1][0]$a$12830 [3:2] = { 1'0 $memory\system.core.feature_shifts$rdmux[0][1][0]$a$12830 [0] }
    Consolidated identical input bits for $mux cell $memory\system.core.bias1$rdmux[0][2][3]$12799:
      Old ports: A=$memory\system.core.bias1$rdmux[0][2][3]$a$12800, B=$memory\system.core.bias1$rdmux[0][2][3]$b$12801, Y=$memory\system.core.bias1$rdmux[0][1][1]$b$12789
      New ports: A={ $memory\system.core.bias1$rdmux[0][2][3]$a$12800 [12] 4'1101 $memory\system.core.bias1$rdmux[0][2][3]$a$12800 [1] $memory\system.core.bias1$rdmux[0][2][3]$a$12800 [1] $memory\system.core.bias1$rdmux[0][2][3]$a$12800 [1] 1'0 }, B={ $memory\system.core.bias1$rdmux[0][2][3]$b$12801 [0] $memory\system.core.bias1$rdmux[0][2][3]$b$12801 [0] 2'01 $memory\system.core.bias1$rdmux[0][2][3]$b$12801 [5] 1'0 $memory\system.core.bias1$rdmux[0][2][3]$b$12801 [0] 1'1 $memory\system.core.bias1$rdmux[0][2][3]$b$12801 [0] }, Y={ $memory\system.core.bias1$rdmux[0][1][1]$b$12789 [12] $memory\system.core.bias1$rdmux[0][1][1]$b$12789 [10:9] $memory\system.core.bias1$rdmux[0][1][1]$b$12789 [6:3] $memory\system.core.bias1$rdmux[0][1][1]$b$12789 [1:0] }
      New connections: { $memory\system.core.bias1$rdmux[0][1][1]$b$12789 [31:13] $memory\system.core.bias1$rdmux[0][1][1]$b$12789 [11] $memory\system.core.bias1$rdmux[0][1][1]$b$12789 [8:7] $memory\system.core.bias1$rdmux[0][1][1]$b$12789 [2] } = { $memory\system.core.bias1$rdmux[0][1][1]$b$12789 [12] $memory\system.core.bias1$rdmux[0][1][1]$b$12789 [12] $memory\system.core.bias1$rdmux[0][1][1]$b$12789 [12] $memory\system.core.bias1$rdmux[0][1][1]$b$12789 [12] $memory\system.core.bias1$rdmux[0][1][1]$b$12789 [12] $memory\system.core.bias1$rdmux[0][1][1]$b$12789 [12] $memory\system.core.bias1$rdmux[0][1][1]$b$12789 [12] $memory\system.core.bias1$rdmux[0][1][1]$b$12789 [12] $memory\system.core.bias1$rdmux[0][1][1]$b$12789 [12] $memory\system.core.bias1$rdmux[0][1][1]$b$12789 [12] $memory\system.core.bias1$rdmux[0][1][1]$b$12789 [12] $memory\system.core.bias1$rdmux[0][1][1]$b$12789 [12] $memory\system.core.bias1$rdmux[0][1][1]$b$12789 [12] $memory\system.core.bias1$rdmux[0][1][1]$b$12789 [12] $memory\system.core.bias1$rdmux[0][1][1]$b$12789 [12] $memory\system.core.bias1$rdmux[0][1][1]$b$12789 [12] $memory\system.core.bias1$rdmux[0][1][1]$b$12789 [12] $memory\system.core.bias1$rdmux[0][1][1]$b$12789 [12] $memory\system.core.bias1$rdmux[0][1][1]$b$12789 [12] $memory\system.core.bias1$rdmux[0][1][1]$b$12789 [10] $memory\system.core.bias1$rdmux[0][1][1]$b$12789 [3] $memory\system.core.bias1$rdmux[0][1][1]$b$12789 [4] $memory\system.core.bias1$rdmux[0][1][1]$b$12789 [0] }
    Consolidated identical input bits for $mux cell $memory\system.core.bias1$rdmux[0][2][2]$12796:
      Old ports: A=$memory\system.core.bias1$rdmux[0][2][2]$a$12797, B=$memory\system.core.bias1$rdmux[0][2][2]$b$12798, Y=$memory\system.core.bias1$rdmux[0][1][1]$a$12788
      New ports: A={ $memory\system.core.bias1$rdmux[0][2][2]$a$12797 [1] $memory\system.core.bias1$rdmux[0][2][2]$a$12797 [1] $memory\system.core.bias1$rdmux[0][2][2]$a$12797 [5] 2'10 $memory\system.core.bias1$rdmux[0][2][2]$a$12797 [1] 1'1 }, B={ 1'0 $memory\system.core.bias1$rdmux[0][2][2]$b$12798 [8] 1'0 $memory\system.core.bias1$rdmux[0][2][2]$b$12798 [1] 1'1 $memory\system.core.bias1$rdmux[0][2][2]$b$12798 [1] 1'0 }, Y={ $memory\system.core.bias1$rdmux[0][1][1]$a$12788 [10] $memory\system.core.bias1$rdmux[0][1][1]$a$12788 [8] $memory\system.core.bias1$rdmux[0][1][1]$a$12788 [5:3] $memory\system.core.bias1$rdmux[0][1][1]$a$12788 [1:0] }
      New connections: { $memory\system.core.bias1$rdmux[0][1][1]$a$12788 [31:11] $memory\system.core.bias1$rdmux[0][1][1]$a$12788 [9] $memory\system.core.bias1$rdmux[0][1][1]$a$12788 [7:6] $memory\system.core.bias1$rdmux[0][1][1]$a$12788 [2] } = { $memory\system.core.bias1$rdmux[0][1][1]$a$12788 [10] $memory\system.core.bias1$rdmux[0][1][1]$a$12788 [10] $memory\system.core.bias1$rdmux[0][1][1]$a$12788 [10] $memory\system.core.bias1$rdmux[0][1][1]$a$12788 [10] $memory\system.core.bias1$rdmux[0][1][1]$a$12788 [10] $memory\system.core.bias1$rdmux[0][1][1]$a$12788 [10] $memory\system.core.bias1$rdmux[0][1][1]$a$12788 [10] $memory\system.core.bias1$rdmux[0][1][1]$a$12788 [10] $memory\system.core.bias1$rdmux[0][1][1]$a$12788 [10] $memory\system.core.bias1$rdmux[0][1][1]$a$12788 [10] $memory\system.core.bias1$rdmux[0][1][1]$a$12788 [10] $memory\system.core.bias1$rdmux[0][1][1]$a$12788 [10] $memory\system.core.bias1$rdmux[0][1][1]$a$12788 [10] $memory\system.core.bias1$rdmux[0][1][1]$a$12788 [10] $memory\system.core.bias1$rdmux[0][1][1]$a$12788 [10] $memory\system.core.bias1$rdmux[0][1][1]$a$12788 [10] $memory\system.core.bias1$rdmux[0][1][1]$a$12788 [10] $memory\system.core.bias1$rdmux[0][1][1]$a$12788 [10] $memory\system.core.bias1$rdmux[0][1][1]$a$12788 [10] $memory\system.core.bias1$rdmux[0][1][1]$a$12788 [10] $memory\system.core.bias1$rdmux[0][1][1]$a$12788 [8] 1'1 $memory\system.core.bias1$rdmux[0][1][1]$a$12788 [0] $memory\system.core.bias1$rdmux[0][1][1]$a$12788 [0] 1'0 }
    Consolidated identical input bits for $mux cell $memory\system.core.bias1$rdmux[0][2][1]$12793:
      Old ports: A=$memory\system.core.bias1$rdmux[0][2][1]$a$12794, B=$memory\system.core.bias1$rdmux[0][2][1]$b$12795, Y=$memory\system.core.bias1$rdmux[0][1][0]$b$12786
      New ports: A={ $memory\system.core.bias1$rdmux[0][2][1]$a$12794 [0] $memory\system.core.bias1$rdmux[0][2][1]$a$12794 [0] 1'0 $memory\system.core.bias1$rdmux[0][2][1]$a$12794 [0] 1'1 $memory\system.core.bias1$rdmux[0][2][1]$a$12794 [4] $memory\system.core.bias1$rdmux[0][2][1]$a$12794 [0] }, B={ $memory\system.core.bias1$rdmux[0][2][1]$b$12795 [9] 1'1 $memory\system.core.bias1$rdmux[0][2][1]$b$12795 [9] 3'001 $memory\system.core.bias1$rdmux[0][2][1]$b$12795 [0] }, Y={ $memory\system.core.bias1$rdmux[0][1][0]$b$12786 [11:9] $memory\system.core.bias1$rdmux[0][1][0]$b$12786 [6:4] $memory\system.core.bias1$rdmux[0][1][0]$b$12786 [0] }
      New connections: { $memory\system.core.bias1$rdmux[0][1][0]$b$12786 [31:12] $memory\system.core.bias1$rdmux[0][1][0]$b$12786 [8:7] $memory\system.core.bias1$rdmux[0][1][0]$b$12786 [3:1] } = { $memory\system.core.bias1$rdmux[0][1][0]$b$12786 [11] $memory\system.core.bias1$rdmux[0][1][0]$b$12786 [11] $memory\system.core.bias1$rdmux[0][1][0]$b$12786 [11] $memory\system.core.bias1$rdmux[0][1][0]$b$12786 [11] $memory\system.core.bias1$rdmux[0][1][0]$b$12786 [11] $memory\system.core.bias1$rdmux[0][1][0]$b$12786 [11] $memory\system.core.bias1$rdmux[0][1][0]$b$12786 [11] $memory\system.core.bias1$rdmux[0][1][0]$b$12786 [11] $memory\system.core.bias1$rdmux[0][1][0]$b$12786 [11] $memory\system.core.bias1$rdmux[0][1][0]$b$12786 [11] $memory\system.core.bias1$rdmux[0][1][0]$b$12786 [11] $memory\system.core.bias1$rdmux[0][1][0]$b$12786 [11] $memory\system.core.bias1$rdmux[0][1][0]$b$12786 [11] $memory\system.core.bias1$rdmux[0][1][0]$b$12786 [11] $memory\system.core.bias1$rdmux[0][1][0]$b$12786 [11] $memory\system.core.bias1$rdmux[0][1][0]$b$12786 [11] $memory\system.core.bias1$rdmux[0][1][0]$b$12786 [11] $memory\system.core.bias1$rdmux[0][1][0]$b$12786 [11] $memory\system.core.bias1$rdmux[0][1][0]$b$12786 [11] $memory\system.core.bias1$rdmux[0][1][0]$b$12786 [11] $memory\system.core.bias1$rdmux[0][1][0]$b$12786 [6:5] 1'1 $memory\system.core.bias1$rdmux[0][1][0]$b$12786 [0] $memory\system.core.bias1$rdmux[0][1][0]$b$12786 [0] }
    Consolidated identical input bits for $mux cell $memory\system.core.bias1$rdmux[0][2][0]$12790:
      Old ports: A=$memory\system.core.bias1$rdmux[0][2][0]$a$12791, B=$memory\system.core.bias1$rdmux[0][2][0]$b$12792, Y=$memory\system.core.bias1$rdmux[0][1][0]$a$12785
      New ports: A={ 1'0 $memory\system.core.bias1$rdmux[0][2][0]$a$12791 [0] 1'0 $memory\system.core.bias1$rdmux[0][2][0]$a$12791 [0] 1'1 $memory\system.core.bias1$rdmux[0][2][0]$a$12791 [1:0] }, B={ $memory\system.core.bias1$rdmux[0][2][0]$b$12792 [4] 2'11 $memory\system.core.bias1$rdmux[0][2][0]$b$12792 [4] $memory\system.core.bias1$rdmux[0][2][0]$b$12792 [2] 2'00 }, Y={ $memory\system.core.bias1$rdmux[0][1][0]$a$12785 [9:8] $memory\system.core.bias1$rdmux[0][1][0]$a$12785 [5:4] $memory\system.core.bias1$rdmux[0][1][0]$a$12785 [2:0] }
      New connections: { $memory\system.core.bias1$rdmux[0][1][0]$a$12785 [31:10] $memory\system.core.bias1$rdmux[0][1][0]$a$12785 [7:6] $memory\system.core.bias1$rdmux[0][1][0]$a$12785 [3] } = { $memory\system.core.bias1$rdmux[0][1][0]$a$12785 [5] $memory\system.core.bias1$rdmux[0][1][0]$a$12785 [5] $memory\system.core.bias1$rdmux[0][1][0]$a$12785 [5] $memory\system.core.bias1$rdmux[0][1][0]$a$12785 [5] $memory\system.core.bias1$rdmux[0][1][0]$a$12785 [5] $memory\system.core.bias1$rdmux[0][1][0]$a$12785 [5] $memory\system.core.bias1$rdmux[0][1][0]$a$12785 [5] $memory\system.core.bias1$rdmux[0][1][0]$a$12785 [5] $memory\system.core.bias1$rdmux[0][1][0]$a$12785 [5] $memory\system.core.bias1$rdmux[0][1][0]$a$12785 [5] $memory\system.core.bias1$rdmux[0][1][0]$a$12785 [5] $memory\system.core.bias1$rdmux[0][1][0]$a$12785 [5] $memory\system.core.bias1$rdmux[0][1][0]$a$12785 [5] $memory\system.core.bias1$rdmux[0][1][0]$a$12785 [5] $memory\system.core.bias1$rdmux[0][1][0]$a$12785 [5] $memory\system.core.bias1$rdmux[0][1][0]$a$12785 [5] $memory\system.core.bias1$rdmux[0][1][0]$a$12785 [5] $memory\system.core.bias1$rdmux[0][1][0]$a$12785 [5] $memory\system.core.bias1$rdmux[0][1][0]$a$12785 [5] $memory\system.core.bias1$rdmux[0][1][0]$a$12785 [5] $memory\system.core.bias1$rdmux[0][1][0]$a$12785 [5] $memory\system.core.bias1$rdmux[0][1][0]$a$12785 [5] $memory\system.core.bias1$rdmux[0][1][0]$a$12785 [5:4] 1'0 }
    Consolidated identical input bits for $mux cell $memory\system.core.bias2$rdmux[0][0][0]$12772:
      Old ports: A=$memory\system.core.bias2$rdmux[0][0][0]$a$12773, B=$memory\system.core.bias2$rdmux[0][0][0]$b$12774, Y=$\system.core.bias2$rdreg[0]$d
      New ports: A={ $memory\system.core.bias2$rdmux[0][0][0]$a$12773 [0] $memory\system.core.bias2$rdmux[0][0][0]$a$12773 [2] 1'1 $memory\system.core.bias2$rdmux[0][0][0]$a$12773 [0] }, B={ $memory\system.core.bias2$rdmux[0][0][0]$b$12774 [2] $memory\system.core.bias2$rdmux[0][0][0]$b$12774 [2] $memory\system.core.bias2$rdmux[0][0][0]$b$12774 [0] $memory\system.core.bias2$rdmux[0][0][0]$b$12774 [0] }, Y={ $\system.core.bias2$rdreg[0]$d [4] $\system.core.bias2$rdreg[0]$d [2:0] }
      New connections: { $\system.core.bias2$rdreg[0]$d [29:5] $\system.core.bias2$rdreg[0]$d [3] } = { $\system.core.bias2$rdreg[0]$d [1] $\system.core.bias2$rdreg[0]$d [1] $\system.core.bias2$rdreg[0]$d [1] $\system.core.bias2$rdreg[0]$d [1] $\system.core.bias2$rdreg[0]$d [1] $\system.core.bias2$rdreg[0]$d [1] $\system.core.bias2$rdreg[0]$d [1] $\system.core.bias2$rdreg[0]$d [1] $\system.core.bias2$rdreg[0]$d [1] $\system.core.bias2$rdreg[0]$d [1] $\system.core.bias2$rdreg[0]$d [1] $\system.core.bias2$rdreg[0]$d [1] $\system.core.bias2$rdreg[0]$d [1] $\system.core.bias2$rdreg[0]$d [1] $\system.core.bias2$rdreg[0]$d [1] $\system.core.bias2$rdreg[0]$d [1] $\system.core.bias2$rdreg[0]$d [1] $\system.core.bias2$rdreg[0]$d [1] $\system.core.bias2$rdreg[0]$d [1] $\system.core.bias2$rdreg[0]$d [1] $\system.core.bias2$rdreg[0]$d [1] $\system.core.bias2$rdreg[0]$d [1] $\system.core.bias2$rdreg[0]$d [1] $\system.core.bias2$rdreg[0]$d [1] $\system.core.bias2$rdreg[0]$d [4] $\system.core.bias2$rdreg[0]$d [0] }
    Consolidated identical input bits for $mux cell $flatten\system.\core.$procmux$6405:
      Old ports: A={ $flatten\system.\core.$memrd$\bias1$rtl/core/vibration_core.sv:387$2165_DATA [31] $flatten\system.\core.$memrd$\bias1$rtl/core/vibration_core.sv:387$2165_DATA [31] $flatten\system.\core.$memrd$\bias1$rtl/core/vibration_core.sv:387$2165_DATA [31] $flatten\system.\core.$memrd$\bias1$rtl/core/vibration_core.sv:387$2165_DATA [31] $flatten\system.\core.$memrd$\bias1$rtl/core/vibration_core.sv:387$2165_DATA [31] $flatten\system.\core.$memrd$\bias1$rtl/core/vibration_core.sv:387$2165_DATA [31] $flatten\system.\core.$memrd$\bias1$rtl/core/vibration_core.sv:387$2165_DATA [31] $flatten\system.\core.$memrd$\bias1$rtl/core/vibration_core.sv:387$2165_DATA [31] $flatten\system.\core.$memrd$\bias1$rtl/core/vibration_core.sv:387$2165_DATA }, B=$flatten\system.\core.$procmux$6402_Y, Y=$flatten\system.\core.$procmux$6405_Y
      New ports: A=$flatten\system.\core.$memrd$\bias1$rtl/core/vibration_core.sv:387$2165_DATA, B={ $flatten\system.\core.$procmux$6402_Y [31:7] $flatten\system.\core.$procmux$6402_Y [4] $flatten\system.\core.$procmux$6402_Y [5:0] }, Y=$flatten\system.\core.$procmux$6405_Y [31:0]
      New connections: $flatten\system.\core.$procmux$6405_Y [39:32] = { $flatten\system.\core.$procmux$6405_Y [31] $flatten\system.\core.$procmux$6405_Y [31] $flatten\system.\core.$procmux$6405_Y [31] $flatten\system.\core.$procmux$6405_Y [31] $flatten\system.\core.$procmux$6405_Y [31] $flatten\system.\core.$procmux$6405_Y [31] $flatten\system.\core.$procmux$6405_Y [31] $flatten\system.\core.$procmux$6405_Y [31] }
    Consolidated identical input bits for $pmux cell $flatten\system.$procmux$9344:
      Old ports: A=24'000000000000000000000000, B={ 7'0011000 \system.log_scan_chunk 63'000000000000000000001000000000000000000000001000001000000000000 $flatten\system.$ternary$rtl/upduino_replay.sv:198$428_Y }, Y=\system.transport.cmd_address
      New ports: A=20'00000000000000000000, B={ 3'100 \system.log_scan_chunk 57'000000000000000010000000000000000000100000100000000000010 $flatten\system.$ternary$rtl/upduino_replay.sv:198$428_Y [17:0] }, Y={ \system.transport.cmd_address [20] \system.transport.cmd_address [18:0] }
      New connections: { \system.transport.cmd_address [23:21] \system.transport.cmd_address [19] } = { 2'00 \system.transport.cmd_address [20] 1'0 }
    Consolidated identical input bits for $mux cell $flatten\system.\core.$procmux$7543:
      Old ports: A=16'0000011111111111, B=$flatten\system.\core.$3\sat12$func$rtl/core/vibration_core.sv:228$1483.$result[15:0]$1580, Y=$flatten\system.\core.$2\sat12$func$rtl/core/vibration_core.sv:228$1483.$result[15:0]$1578
      New ports: A=13'0011111111111, B=$flatten\system.\core.$3\sat12$func$rtl/core/vibration_core.sv:228$1483.$result[15:0]$1580 [12:0], Y=$flatten\system.\core.$2\sat12$func$rtl/core/vibration_core.sv:228$1483.$result[15:0]$1578 [12:0]
      New connections: $flatten\system.\core.$2\sat12$func$rtl/core/vibration_core.sv:228$1483.$result[15:0]$1578 [15:13] = { $flatten\system.\core.$2\sat12$func$rtl/core/vibration_core.sv:228$1483.$result[15:0]$1578 [12] $flatten\system.\core.$2\sat12$func$rtl/core/vibration_core.sv:228$1483.$result[15:0]$1578 [12] $flatten\system.\core.$2\sat12$func$rtl/core/vibration_core.sv:228$1483.$result[15:0]$1578 [12] }
    Consolidated identical input bits for $mux cell $flatten\system.\core.$procmux$7348:
      Old ports: A=$auto$wreduce.cc:513:run$10907 [2:0], B=3'001, Y=$auto$wreduce.cc:513:run$10908 [2:0]
      New ports: A=$auto$wreduce.cc:513:run$10907 [1:0], B=2'01, Y=$auto$wreduce.cc:513:run$10908 [1:0]
      New connections: $auto$wreduce.cc:513:run$10908 [2] = $auto$wreduce.cc:513:run$10908 [1]
    Consolidated identical input bits for $mux cell $flatten\system.\core.\hann_rom.$ternary$rtl/core/vib_coeff_rom.sv:33$1476:
      Old ports: A=$flatten\system.\core.\hann_rom.$ternary$rtl/core/vib_coeff_rom.sv:34$1475_Y, B=16'0010000000000000, Y=\system.core.hann_q
      New ports: A=$flatten\system.\core.\hann_rom.$ternary$rtl/core/vib_coeff_rom.sv:34$1475_Y [14:0], B=15'010000000000000, Y=\system.core.hann_q [14:0]
      New connections: \system.core.hann_q [15] = 1'0
    Consolidated identical input bits for $mux cell $flatten\system.$procmux$8687:
      Old ports: A=17'00000000001000000, B=$flatten\system.$procmux$8677_Y, Y=$flatten\system.$procmux$8687_Y
      New ports: A=11'00000000010, B={ $flatten\system.$procmux$8677_Y [15:6] $flatten\system.$procmux$8677_Y [2] }, Y={ $flatten\system.$procmux$8687_Y [15:6] $flatten\system.$procmux$8687_Y [2] }
      New connections: { $flatten\system.$procmux$8687_Y [16] $flatten\system.$procmux$8687_Y [5:3] $flatten\system.$procmux$8687_Y [1:0] } = 6'000000
  Optimizing cells in module \upduino_replay.
    Consolidated identical input bits for $mux cell $memory\system.core.frequency_bins$rdmux[0][3][5]$13000:
      Old ports: A=$memory\system.core.frequency_bins$rdmux[0][3][5]$a$13001, B=$memory\system.core.frequency_bins$rdmux[0][3][5]$b$13002, Y=$memory\system.core.frequency_bins$rdmux[0][2][2]$b$12981
      New ports: A={ 1'0 $memory\system.core.frequency_bins$rdmux[0][3][5]$a$13001 [3:0] }, B={ $memory\system.core.frequency_bins$rdmux[0][3][5]$b$13002 [2] $memory\system.core.frequency_bins$rdmux[0][3][5]$b$13002 [3:0] }, Y=$memory\system.core.frequency_bins$rdmux[0][2][2]$b$12981 [4:0]
      New connections: $memory\system.core.frequency_bins$rdmux[0][2][2]$b$12981 [8:5] = 4'1110
    Consolidated identical input bits for $mux cell $memory\system.core.frequency_bins$rdmux[0][3][4]$12997:
      Old ports: A=$memory\system.core.frequency_bins$rdmux[0][3][4]$a$12998, B=$memory\system.core.frequency_bins$rdmux[0][3][4]$b$12999, Y=$memory\system.core.frequency_bins$rdmux[0][2][2]$a$12980
      New ports: A={ 2'01 $memory\system.core.frequency_bins$rdmux[0][3][4]$a$12998 [5] $memory\system.core.frequency_bins$rdmux[0][3][4]$a$12998 [3] $memory\system.core.frequency_bins$rdmux[0][3][4]$a$12998 [3:0] }, B={ 1'1 $memory\system.core.frequency_bins$rdmux[0][3][4]$b$12999 [6] $memory\system.core.frequency_bins$rdmux[0][3][4]$b$12999 [4] $memory\system.core.frequency_bins$rdmux[0][3][4]$b$12999 [4:0] }, Y=$memory\system.core.frequency_bins$rdmux[0][2][2]$a$12980 [7:0]
      New connections: $memory\system.core.frequency_bins$rdmux[0][2][2]$a$12980 [8] = 1'1
    Consolidated identical input bits for $mux cell $memory\system.core.frequency_bins$rdmux[0][3][3]$12994:
      Old ports: A=$memory\system.core.frequency_bins$rdmux[0][3][3]$a$12995, B=$memory\system.core.frequency_bins$rdmux[0][3][3]$b$12996, Y=$memory\system.core.frequency_bins$rdmux[0][2][1]$b$12978
      New ports: A=$memory\system.core.frequency_bins$rdmux[0][3][3]$a$12995 [4:0], B={ 1'1 $memory\system.core.frequency_bins$rdmux[0][3][3]$b$12996 [3:0] }, Y=$memory\system.core.frequency_bins$rdmux[0][2][1]$b$12978 [4:0]
      New connections: $memory\system.core.frequency_bins$rdmux[0][2][1]$b$12978 [8:5] = 4'1010
    Consolidated identical input bits for $mux cell $memory\system.core.frequency_bins$rdmux[0][3][2]$12991:
      Old ports: A=$memory\system.core.frequency_bins$rdmux[0][3][2]$a$12992, B=$memory\system.core.frequency_bins$rdmux[0][3][2]$b$12993, Y=$memory\system.core.frequency_bins$rdmux[0][2][1]$a$12977
      New ports: A={ 2'01 $memory\system.core.frequency_bins$rdmux[0][3][2]$a$12992 [1] $memory\system.core.frequency_bins$rdmux[0][3][2]$a$12992 [2:0] }, B={ $memory\system.core.frequency_bins$rdmux[0][3][2]$b$12993 [6] $memory\system.core.frequency_bins$rdmux[0][3][2]$b$12993 [2] $memory\system.core.frequency_bins$rdmux[0][3][2]$b$12993 [2] $memory\system.core.frequency_bins$rdmux[0][3][2]$b$12993 [2:0] }, Y={ $memory\system.core.frequency_bins$rdmux[0][2][1]$a$12977 [6] $memory\system.core.frequency_bins$rdmux[0][2][1]$a$12977 [4:0] }
      New connections: { $memory\system.core.frequency_bins$rdmux[0][2][1]$a$12977 [8:7] $memory\system.core.frequency_bins$rdmux[0][2][1]$a$12977 [5] } = { 2'10 $memory\system.core.frequency_bins$rdmux[0][2][1]$a$12977 [4] }
    Consolidated identical input bits for $mux cell $memory\system.core.frequency_bins$rdmux[0][3][0]$12985:
      Old ports: A=$memory\system.core.frequency_bins$rdmux[0][3][0]$a$12986, B=$memory\system.core.frequency_bins$rdmux[0][3][0]$b$12987, Y=$memory\system.core.frequency_bins$rdmux[0][2][0]$a$12974
      New ports: A={ $memory\system.core.frequency_bins$rdmux[0][3][0]$a$12986 [6:4] $memory\system.core.frequency_bins$rdmux[0][3][0]$a$12986 [1] $memory\system.core.frequency_bins$rdmux[0][3][0]$a$12986 [1] $memory\system.core.frequency_bins$rdmux[0][3][0]$a$12986 [1:0] }, B={ 3'011 $memory\system.core.frequency_bins$rdmux[0][3][0]$b$12987 [3:0] }, Y=$memory\system.core.frequency_bins$rdmux[0][2][0]$a$12974 [6:0]
      New connections: $memory\system.core.frequency_bins$rdmux[0][2][0]$a$12974 [8:7] = { 1'0 $memory\system.core.frequency_bins$rdmux[0][2][0]$a$12974 [5] }
    Consolidated identical input bits for $mux cell $memory$auto$memory_bmux2rom.cc:63:execute$11935$rdmux[0][2][1]$12883:
      Old ports: A=$memory$auto$memory_bmux2rom.cc:63:execute$11935$rdmux[0][2][1]$a$12884, B=$memory$auto$memory_bmux2rom.cc:63:execute$11935$rdmux[0][2][1]$b$12885, Y=$memory$auto$memory_bmux2rom.cc:63:execute$11935$rdmux[0][1][0]$b$12876
      New ports: A={ 1'0 $memory$auto$memory_bmux2rom.cc:63:execute$11935$rdmux[0][2][1]$a$12884 [6:5] $memory$auto$memory_bmux2rom.cc:63:execute$11935$rdmux[0][2][1]$a$12884 [3:0] }, B={ $memory$auto$memory_bmux2rom.cc:63:execute$11935$rdmux[0][2][1]$b$12885 [7:5] $memory$auto$memory_bmux2rom.cc:63:execute$11935$rdmux[0][2][1]$b$12885 [3:0] }, Y={ $memory$auto$memory_bmux2rom.cc:63:execute$11935$rdmux[0][1][0]$b$12876 [7:5] $memory$auto$memory_bmux2rom.cc:63:execute$11935$rdmux[0][1][0]$b$12876 [3:0] }
      New connections: $memory$auto$memory_bmux2rom.cc:63:execute$11935$rdmux[0][1][0]$b$12876 [4] = 1'1
    Consolidated identical input bits for $mux cell $memory\system.core.feature_shifts$rdmux[0][1][1]$12832:
      Old ports: A=$memory\system.core.feature_shifts$rdmux[0][1][1]$a$12833, B=$memory\system.core.feature_shifts$rdmux[0][1][1]$b$12834, Y=$memory\system.core.feature_shifts$rdmux[0][0][0]$b$12828
      New ports: A={ $memory\system.core.feature_shifts$rdmux[0][1][1]$a$12833 [2] 1'1 $memory\system.core.feature_shifts$rdmux[0][1][1]$a$12833 [0] }, B=$memory\system.core.feature_shifts$rdmux[0][1][1]$b$12834 [2:0], Y=$memory\system.core.feature_shifts$rdmux[0][0][0]$b$12828 [2:0]
      New connections: $memory\system.core.feature_shifts$rdmux[0][0][0]$b$12828 [3] = 1'0
    Consolidated identical input bits for $mux cell $memory\system.core.bias1$rdmux[0][1][1]$12787:
      Old ports: A=$memory\system.core.bias1$rdmux[0][1][1]$a$12788, B=$memory\system.core.bias1$rdmux[0][1][1]$b$12789, Y=$memory\system.core.bias1$rdmux[0][0][0]$b$12783
      New ports: A={ $memory\system.core.bias1$rdmux[0][1][1]$a$12788 [10] $memory\system.core.bias1$rdmux[0][1][1]$a$12788 [8] $memory\system.core.bias1$rdmux[0][1][1]$a$12788 [10] 1'1 $memory\system.core.bias1$rdmux[0][1][1]$a$12788 [8] $memory\system.core.bias1$rdmux[0][1][1]$a$12788 [0] $memory\system.core.bias1$rdmux[0][1][1]$a$12788 [0] $memory\system.core.bias1$rdmux[0][1][1]$a$12788 [5:3] 1'0 $memory\system.core.bias1$rdmux[0][1][1]$a$12788 [1:0] }, B={ $memory\system.core.bias1$rdmux[0][1][1]$b$12789 [12] $memory\system.core.bias1$rdmux[0][1][1]$b$12789 [10] $memory\system.core.bias1$rdmux[0][1][1]$b$12789 [10:9] $memory\system.core.bias1$rdmux[0][1][1]$b$12789 [3] $memory\system.core.bias1$rdmux[0][1][1]$b$12789 [4] $memory\system.core.bias1$rdmux[0][1][1]$b$12789 [6:3] $memory\system.core.bias1$rdmux[0][1][1]$b$12789 [0] $memory\system.core.bias1$rdmux[0][1][1]$b$12789 [1:0] }, Y=$memory\system.core.bias1$rdmux[0][0][0]$b$12783 [12:0]
      New connections: $memory\system.core.bias1$rdmux[0][0][0]$b$12783 [31:13] = { $memory\system.core.bias1$rdmux[0][0][0]$b$12783 [12] $memory\system.core.bias1$rdmux[0][0][0]$b$12783 [12] $memory\system.core.bias1$rdmux[0][0][0]$b$12783 [12] $memory\system.core.bias1$rdmux[0][0][0]$b$12783 [12] $memory\system.core.bias1$rdmux[0][0][0]$b$12783 [12] $memory\system.core.bias1$rdmux[0][0][0]$b$12783 [12] $memory\system.core.bias1$rdmux[0][0][0]$b$12783 [12] $memory\system.core.bias1$rdmux[0][0][0]$b$12783 [12] $memory\system.core.bias1$rdmux[0][0][0]$b$12783 [12] $memory\system.core.bias1$rdmux[0][0][0]$b$12783 [12] $memory\system.core.bias1$rdmux[0][0][0]$b$12783 [12] $memory\system.core.bias1$rdmux[0][0][0]$b$12783 [12] $memory\system.core.bias1$rdmux[0][0][0]$b$12783 [12] $memory\system.core.bias1$rdmux[0][0][0]$b$12783 [12] $memory\system.core.bias1$rdmux[0][0][0]$b$12783 [12] $memory\system.core.bias1$rdmux[0][0][0]$b$12783 [12] $memory\system.core.bias1$rdmux[0][0][0]$b$12783 [12] $memory\system.core.bias1$rdmux[0][0][0]$b$12783 [12] $memory\system.core.bias1$rdmux[0][0][0]$b$12783 [12] }
    Consolidated identical input bits for $mux cell $memory\system.core.bias1$rdmux[0][1][0]$12784:
      Old ports: A=$memory\system.core.bias1$rdmux[0][1][0]$a$12785, B=$memory\system.core.bias1$rdmux[0][1][0]$b$12786, Y=$memory\system.core.bias1$rdmux[0][0][0]$a$12782
      New ports: A={ $memory\system.core.bias1$rdmux[0][1][0]$a$12785 [5] $memory\system.core.bias1$rdmux[0][1][0]$a$12785 [5] $memory\system.core.bias1$rdmux[0][1][0]$a$12785 [9:8] $memory\system.core.bias1$rdmux[0][1][0]$a$12785 [4] $memory\system.core.bias1$rdmux[0][1][0]$a$12785 [5:4] 1'0 $memory\system.core.bias1$rdmux[0][1][0]$a$12785 [2:0] }, B={ $memory\system.core.bias1$rdmux[0][1][0]$b$12786 [11:9] $memory\system.core.bias1$rdmux[0][1][0]$b$12786 [6] $memory\system.core.bias1$rdmux[0][1][0]$b$12786 [6:4] 1'1 $memory\system.core.bias1$rdmux[0][1][0]$b$12786 [0] $memory\system.core.bias1$rdmux[0][1][0]$b$12786 [0] $memory\system.core.bias1$rdmux[0][1][0]$b$12786 [0] }, Y={ $memory\system.core.bias1$rdmux[0][0][0]$a$12782 [11:8] $memory\system.core.bias1$rdmux[0][0][0]$a$12782 [6:0] }
      New connections: { $memory\system.core.bias1$rdmux[0][0][0]$a$12782 [31:12] $memory\system.core.bias1$rdmux[0][0][0]$a$12782 [7] } = { $memory\system.core.bias1$rdmux[0][0][0]$a$12782 [11] $memory\system.core.bias1$rdmux[0][0][0]$a$12782 [11] $memory\system.core.bias1$rdmux[0][0][0]$a$12782 [11] $memory\system.core.bias1$rdmux[0][0][0]$a$12782 [11] $memory\system.core.bias1$rdmux[0][0][0]$a$12782 [11] $memory\system.core.bias1$rdmux[0][0][0]$a$12782 [11] $memory\system.core.bias1$rdmux[0][0][0]$a$12782 [11] $memory\system.core.bias1$rdmux[0][0][0]$a$12782 [11] $memory\system.core.bias1$rdmux[0][0][0]$a$12782 [11] $memory\system.core.bias1$rdmux[0][0][0]$a$12782 [11] $memory\system.core.bias1$rdmux[0][0][0]$a$12782 [11] $memory\system.core.bias1$rdmux[0][0][0]$a$12782 [11] $memory\system.core.bias1$rdmux[0][0][0]$a$12782 [11] $memory\system.core.bias1$rdmux[0][0][0]$a$12782 [11] $memory\system.core.bias1$rdmux[0][0][0]$a$12782 [11] $memory\system.core.bias1$rdmux[0][0][0]$a$12782 [11] $memory\system.core.bias1$rdmux[0][0][0]$a$12782 [11] $memory\system.core.bias1$rdmux[0][0][0]$a$12782 [11] $memory\system.core.bias1$rdmux[0][0][0]$a$12782 [11] $memory\system.core.bias1$rdmux[0][0][0]$a$12782 [11] $memory\system.core.bias1$rdmux[0][0][0]$a$12782 [5] }
  Optimizing cells in module \upduino_replay.
    Consolidated identical input bits for $mux cell $memory\system.core.frequency_bins$rdmux[0][2][2]$12979:
      Old ports: A=$memory\system.core.frequency_bins$rdmux[0][2][2]$a$12980, B=$memory\system.core.frequency_bins$rdmux[0][2][2]$b$12981, Y=$memory\system.core.frequency_bins$rdmux[0][1][1]$a$12971
      New ports: A=$memory\system.core.frequency_bins$rdmux[0][2][2]$a$12980 [7:0], B={ 3'110 $memory\system.core.frequency_bins$rdmux[0][2][2]$b$12981 [4:0] }, Y=$memory\system.core.frequency_bins$rdmux[0][1][1]$a$12971 [7:0]
      New connections: $memory\system.core.frequency_bins$rdmux[0][1][1]$a$12971 [8] = 1'1
    Consolidated identical input bits for $mux cell $memory\system.core.frequency_bins$rdmux[0][2][1]$12976:
      Old ports: A=$memory\system.core.frequency_bins$rdmux[0][2][1]$a$12977, B=$memory\system.core.frequency_bins$rdmux[0][2][1]$b$12978, Y=$memory\system.core.frequency_bins$rdmux[0][1][0]$b$12969
      New ports: A={ $memory\system.core.frequency_bins$rdmux[0][2][1]$a$12977 [6] $memory\system.core.frequency_bins$rdmux[0][2][1]$a$12977 [4] $memory\system.core.frequency_bins$rdmux[0][2][1]$a$12977 [4:0] }, B={ 2'10 $memory\system.core.frequency_bins$rdmux[0][2][1]$b$12978 [4:0] }, Y=$memory\system.core.frequency_bins$rdmux[0][1][0]$b$12969 [6:0]
      New connections: $memory\system.core.frequency_bins$rdmux[0][1][0]$b$12969 [8:7] = 2'10
    Consolidated identical input bits for $mux cell $memory\system.core.bias1$rdmux[0][0][0]$12781:
      Old ports: A=$memory\system.core.bias1$rdmux[0][0][0]$a$12782, B=$memory\system.core.bias1$rdmux[0][0][0]$b$12783, Y=$\system.core.bias1$rdreg[0]$d
      New ports: A={ $memory\system.core.bias1$rdmux[0][0][0]$a$12782 [11] $memory\system.core.bias1$rdmux[0][0][0]$a$12782 [11:8] $memory\system.core.bias1$rdmux[0][0][0]$a$12782 [5] $memory\system.core.bias1$rdmux[0][0][0]$a$12782 [6:0] }, B=$memory\system.core.bias1$rdmux[0][0][0]$b$12783 [12:0], Y=$\system.core.bias1$rdreg[0]$d [12:0]
      New connections: $\system.core.bias1$rdreg[0]$d [31:13] = { $\system.core.bias1$rdreg[0]$d [12] $\system.core.bias1$rdreg[0]$d [12] $\system.core.bias1$rdreg[0]$d [12] $\system.core.bias1$rdreg[0]$d [12] $\system.core.bias1$rdreg[0]$d [12] $\system.core.bias1$rdreg[0]$d [12] $\system.core.bias1$rdreg[0]$d [12] $\system.core.bias1$rdreg[0]$d [12] $\system.core.bias1$rdreg[0]$d [12] $\system.core.bias1$rdreg[0]$d [12] $\system.core.bias1$rdreg[0]$d [12] $\system.core.bias1$rdreg[0]$d [12] $\system.core.bias1$rdreg[0]$d [12] $\system.core.bias1$rdreg[0]$d [12] $\system.core.bias1$rdreg[0]$d [12] $\system.core.bias1$rdreg[0]$d [12] $\system.core.bias1$rdreg[0]$d [12] $\system.core.bias1$rdreg[0]$d [12] $\system.core.bias1$rdreg[0]$d [12] }
  Optimizing cells in module \upduino_replay.
Performed a total of 136 changes.

10.37.5. Executing OPT_MERGE pass (detect identical cells).
Finding identical cells in module `\upduino_replay'.
Computing hashes of 1503 cells of `\upduino_replay'.
Finding duplicate cells in `\upduino_replay'.
Computing hashes of 1459 cells of `\upduino_replay'.
Finding duplicate cells in `\upduino_replay'.
<suppressed ~132 debug messages>
Removed a total of 44 cells.

10.37.6. Executing OPT_DFF pass (perform DFF optimizations).
Adding SRST signal on $\system.core.frame_sums$rdreg[0] ($dff) from module upduino_replay (D = $auto$rtlil.cc:3386:Mux$11122, Q = $\system.core.frame_sums$rdreg[0]$q, rval = 1'0).
Setting constant 0-bit at position 19 on $auto$ff.cc:337:slice$10671 ($sdffe) from module upduino_replay.
Setting constant 0-bit at position 22 on $auto$ff.cc:337:slice$10671 ($sdffe) from module upduino_replay.
Setting constant 0-bit at position 23 on $auto$ff.cc:337:slice$10671 ($sdffe) from module upduino_replay.
Setting constant 0-bit at position 0 on $auto$ff.cc:337:slice$10461 ($sdffe) from module upduino_replay.
Setting constant 0-bit at position 1 on $auto$ff.cc:337:slice$10461 ($sdffe) from module upduino_replay.
Setting constant 0-bit at position 3 on $auto$ff.cc:337:slice$10461 ($sdffe) from module upduino_replay.
Setting constant 0-bit at position 4 on $auto$ff.cc:337:slice$10461 ($sdffe) from module upduino_replay.
Setting constant 0-bit at position 5 on $auto$ff.cc:337:slice$10461 ($sdffe) from module upduino_replay.
Setting constant 0-bit at position 16 on $auto$ff.cc:337:slice$10461 ($sdffe) from module upduino_replay.

10.37.7. Executing OPT_CLEAN pass (remove unused cells and wires).
Finding unused cells or wires in module \upduino_replay..
Removed 5 unused cells and 232 unused wires.
<suppressed ~7 debug messages>

10.37.8. Executing OPT_EXPR pass (perform const folding).
Optimizing module upduino_replay.
<suppressed ~13 debug messages>

10.37.9. Rerunning OPT passes. (Maybe there is more to do..)

10.37.10. Executing OPT_MUXTREE pass (detect dead branches in mux trees).
Running muxtree optimizer on module \upduino_replay..
  Creating internal representation of mux trees.
  Evaluating internal representation of mux trees.
  Analyzing evaluation results.
Removed 0 multiplexer ports.
<suppressed ~520 debug messages>

10.37.11. Executing OPT_REDUCE pass (consolidate $*mux and $reduce_* inputs).
  Optimizing cells in module \upduino_replay.
    Consolidated identical input bits for $mux cell $memory$auto$memory_bmux2rom.cc:63:execute$11935$rdmux[0][3][3]$12901:
      Old ports: A={ 1'0 $memory$auto$memory_bmux2rom.cc:63:execute$11935$rdmux[0][3][1]$a$12896 [1] $memory$auto$memory_bmux2rom.cc:63:execute$11935$rdmux[0][3][1]$a$12896 [1] $memory$auto$memory_bmux2rom.cc:63:execute$11935$rdmux[0][3][1]$a$12896 [4] 1'1 $memory$auto$memory_bmux2rom.cc:63:execute$11935$rdmux[0][3][1]$a$12896 [1] $memory$auto$memory_bmux2rom.cc:63:execute$11935$rdmux[0][3][1]$a$12896 [1] }, B={ $memory$auto$memory_bmux2rom.cc:63:execute$11935$rdmux[0][3][1]$a$12896 [4] 1'0 $memory$auto$memory_bmux2rom.cc:63:execute$11935$rdmux[0][3][1]$a$12896 [4] 1'1 $memory$auto$memory_bmux2rom.cc:63:execute$11935$rdmux[0][3][1]$a$12896 [1] $memory$auto$memory_bmux2rom.cc:63:execute$11935$rdmux[0][3][1]$a$12896 [1] 1'1 }, Y={ $memory$auto$memory_bmux2rom.cc:63:execute$11935$rdmux[0][2][1]$b$12885 [7:5] $memory$auto$memory_bmux2rom.cc:63:execute$11935$rdmux[0][2][1]$b$12885 [3:0] }
      New ports: A={ 1'0 $memory$auto$memory_bmux2rom.cc:63:execute$11935$rdmux[0][3][1]$a$12896 [1] $memory$auto$memory_bmux2rom.cc:63:execute$11935$rdmux[0][3][1]$a$12896 [1] $memory$auto$memory_bmux2rom.cc:63:execute$11935$rdmux[0][3][1]$a$12896 [4] 1'1 $memory$auto$memory_bmux2rom.cc:63:execute$11935$rdmux[0][3][1]$a$12896 [1] }, B={ $memory$auto$memory_bmux2rom.cc:63:execute$11935$rdmux[0][3][1]$a$12896 [4] 1'0 $memory$auto$memory_bmux2rom.cc:63:execute$11935$rdmux[0][3][1]$a$12896 [4] 1'1 $memory$auto$memory_bmux2rom.cc:63:execute$11935$rdmux[0][3][1]$a$12896 [1] 1'1 }, Y={ $memory$auto$memory_bmux2rom.cc:63:execute$11935$rdmux[0][2][1]$b$12885 [7:5] $memory$auto$memory_bmux2rom.cc:63:execute$11935$rdmux[0][2][1]$b$12885 [3:2] $memory$auto$memory_bmux2rom.cc:63:execute$11935$rdmux[0][2][1]$b$12885 [0] }
      New connections: $memory$auto$memory_bmux2rom.cc:63:execute$11935$rdmux[0][2][1]$b$12885 [1] = $memory$auto$memory_bmux2rom.cc:63:execute$11935$rdmux[0][3][1]$a$12896 [1]
    Consolidated identical input bits for $mux cell $memory$auto$memory_bmux2rom.cc:63:execute$11935$rdmux[0][3][1]$12895:
      Old ports: A={ $memory$auto$memory_bmux2rom.cc:63:execute$11935$rdmux[0][3][1]$a$12896 [4] 1'0 $memory$auto$memory_bmux2rom.cc:63:execute$11935$rdmux[0][3][1]$a$12896 [4] $memory$auto$memory_bmux2rom.cc:63:execute$11935$rdmux[0][3][1]$a$12896 [1] $memory$auto$memory_bmux2rom.cc:63:execute$11935$rdmux[0][3][1]$a$12896 [1] }, B={ $memory$auto$memory_bmux2rom.cc:63:execute$11935$rdmux[0][3][1]$a$12896 [4] $memory$auto$memory_bmux2rom.cc:63:execute$11935$rdmux[0][3][1]$a$12896 [1] 2'10 $memory$auto$memory_bmux2rom.cc:63:execute$11935$rdmux[0][3][1]$a$12896 [1] }, Y={ $memory$auto$memory_bmux2rom.cc:63:execute$11935$rdmux[0][2][0]$b$12882 [7] $memory$auto$memory_bmux2rom.cc:63:execute$11935$rdmux[0][2][0]$b$12882 [5:3] $memory$auto$memory_bmux2rom.cc:63:execute$11935$rdmux[0][2][0]$b$12882 [1] }
      New ports: A={ 1'0 $memory$auto$memory_bmux2rom.cc:63:execute$11935$rdmux[0][3][1]$a$12896 [4] $memory$auto$memory_bmux2rom.cc:63:execute$11935$rdmux[0][3][1]$a$12896 [1] }, B={ $memory$auto$memory_bmux2rom.cc:63:execute$11935$rdmux[0][3][1]$a$12896 [1] 2'10 }, Y=$memory$auto$memory_bmux2rom.cc:63:execute$11935$rdmux[0][2][0]$b$12882 [5:3]
      New connections: { $memory$auto$memory_bmux2rom.cc:63:execute$11935$rdmux[0][2][0]$b$12882 [7] $memory$auto$memory_bmux2rom.cc:63:execute$11935$rdmux[0][2][0]$b$12882 [1] } = { $memory$auto$memory_bmux2rom.cc:63:execute$11935$rdmux[0][3][1]$a$12896 [4] $memory$auto$memory_bmux2rom.cc:63:execute$11935$rdmux[0][3][1]$a$12896 [1] }
    Consolidated identical input bits for $mux cell $memory\system.core.frequency_bins$rdmux[0][4][8]$13033:
      Old ports: A={ $memory\system.core.frequency_bins$rdmux[0][4][0]$a$13010 [4] $memory\system.core.frequency_bins$rdmux[0][4][0]$a$13010 [0] 2'01 $memory\system.core.frequency_bins$rdmux[0][4][0]$a$13010 [0] }, B={ 2'10 $memory\system.core.frequency_bins$rdmux[0][4][0]$a$13010 [4] $memory\system.core.frequency_bins$rdmux[0][4][0]$a$13010 [0] $memory\system.core.frequency_bins$rdmux[0][4][0]$a$13010 [0] }, Y={ $memory\system.core.frequency_bins$rdmux[0][3][4]$a$12998 [5] $memory\system.core.frequency_bins$rdmux[0][3][4]$a$12998 [3:0] }
      New ports: A={ $memory\system.core.frequency_bins$rdmux[0][4][0]$a$13010 [4] $memory\system.core.frequency_bins$rdmux[0][4][0]$a$13010 [0] 2'01 }, B={ 2'10 $memory\system.core.frequency_bins$rdmux[0][4][0]$a$13010 [4] $memory\system.core.frequency_bins$rdmux[0][4][0]$a$13010 [0] }, Y={ $memory\system.core.frequency_bins$rdmux[0][3][4]$a$12998 [5] $memory\system.core.frequency_bins$rdmux[0][3][4]$a$12998 [3:1] }
      New connections: $memory\system.core.frequency_bins$rdmux[0][3][4]$a$12998 [0] = $memory\system.core.frequency_bins$rdmux[0][4][0]$a$13010 [0]
    Consolidated identical input bits for $mux cell $memory\system.core.frequency_bins$rdmux[0][4][7]$13030:
      Old ports: A={ 1'0 $memory\system.core.frequency_bins$rdmux[0][4][0]$a$13010 [4] $memory\system.core.frequency_bins$rdmux[0][4][0]$a$13010 [0] $memory\system.core.frequency_bins$rdmux[0][4][0]$a$13010 [0] }, B={ 2'10 $memory\system.core.frequency_bins$rdmux[0][4][0]$a$13010 [4] $memory\system.core.frequency_bins$rdmux[0][4][0]$a$13010 [0] }, Y=$memory\system.core.frequency_bins$rdmux[0][3][3]$b$12996 [3:0]
      New ports: A={ 1'0 $memory\system.core.frequency_bins$rdmux[0][4][0]$a$13010 [4] $memory\system.core.frequency_bins$rdmux[0][4][0]$a$13010 [0] }, B={ 2'10 $memory\system.core.frequency_bins$rdmux[0][4][0]$a$13010 [4] }, Y=$memory\system.core.frequency_bins$rdmux[0][3][3]$b$12996 [3:1]
      New connections: $memory\system.core.frequency_bins$rdmux[0][3][3]$b$12996 [0] = $memory\system.core.frequency_bins$rdmux[0][4][0]$a$13010 [0]
    Consolidated identical input bits for $mux cell $memory\system.core.frequency_bins$rdmux[0][4][6]$13027:
      Old ports: A={ 1'0 $memory\system.core.frequency_bins$rdmux[0][4][0]$a$13010 [4] $memory\system.core.frequency_bins$rdmux[0][4][0]$a$13010 [0] $memory\system.core.frequency_bins$rdmux[0][4][0]$a$13010 [0] $memory\system.core.frequency_bins$rdmux[0][4][0]$a$13010 [0] }, B={ $memory\system.core.frequency_bins$rdmux[0][4][0]$a$13010 [4] $memory\system.core.frequency_bins$rdmux[0][4][0]$a$13010 [0] 1'0 $memory\system.core.frequency_bins$rdmux[0][4][0]$a$13010 [4] $memory\system.core.frequency_bins$rdmux[0][4][0]$a$13010 [0] }, Y=$memory\system.core.frequency_bins$rdmux[0][3][3]$a$12995 [4:0]
      New ports: A={ 1'0 $memory\system.core.frequency_bins$rdmux[0][4][0]$a$13010 [4] $memory\system.core.frequency_bins$rdmux[0][4][0]$a$13010 [0] $memory\system.core.frequency_bins$rdmux[0][4][0]$a$13010 [0] }, B={ $memory\system.core.frequency_bins$rdmux[0][4][0]$a$13010 [4] $memory\system.core.frequency_bins$rdmux[0][4][0]$a$13010 [0] 1'0 $memory\system.core.frequency_bins$rdmux[0][4][0]$a$13010 [4] }, Y=$memory\system.core.frequency_bins$rdmux[0][3][3]$a$12995 [4:1]
      New connections: $memory\system.core.frequency_bins$rdmux[0][3][3]$a$12995 [0] = $memory\system.core.frequency_bins$rdmux[0][4][0]$a$13010 [0]
    Consolidated identical input bits for $mux cell $memory\system.core.frequency_bins$rdmux[0][4][4]$13021:
      Old ports: A={ 2'10 $memory\system.core.frequency_bins$rdmux[0][4][10]$b$13041 [0] }, B={ 2'01 $memory\system.core.frequency_bins$rdmux[0][4][10]$b$13041 [0] }, Y=$memory\system.core.frequency_bins$rdmux[0][3][2]$a$12992 [2:0]
      New ports: A=2'10, B=2'01, Y=$memory\system.core.frequency_bins$rdmux[0][3][2]$a$12992 [2:1]
      New connections: $memory\system.core.frequency_bins$rdmux[0][3][2]$a$12992 [0] = $memory\system.core.frequency_bins$rdmux[0][4][10]$b$13041 [0]
    Consolidated identical input bits for $mux cell $memory\system.core.frequency_bins$rdmux[0][4][2]$13015:
      Old ports: A={ $memory\system.core.frequency_bins$rdmux[0][4][0]$a$13010 [4] $memory\system.core.frequency_bins$rdmux[0][4][0]$a$13010 [0] $memory\system.core.frequency_bins$rdmux[0][4][0]$a$13010 [0] 1'1 $memory\system.core.frequency_bins$rdmux[0][4][0]$a$13010 [4] $memory\system.core.frequency_bins$rdmux[0][4][0]$a$13010 [0] }, B={ 2'10 $memory\system.core.frequency_bins$rdmux[0][4][0]$a$13010 [4] $memory\system.core.frequency_bins$rdmux[0][4][0]$a$13010 [0] $memory\system.core.frequency_bins$rdmux[0][4][0]$a$13010 [0] $memory\system.core.frequency_bins$rdmux[0][4][0]$a$13010 [0] }, Y={ $memory\system.core.frequency_bins$rdmux[0][3][1]$a$12989 [6:4] $memory\system.core.frequency_bins$rdmux[0][3][1]$a$12989 [2:0] }
      New ports: A={ $memory\system.core.frequency_bins$rdmux[0][4][0]$a$13010 [4] $memory\system.core.frequency_bins$rdmux[0][4][0]$a$13010 [0] $memory\system.core.frequency_bins$rdmux[0][4][0]$a$13010 [0] 1'1 $memory\system.core.frequency_bins$rdmux[0][4][0]$a$13010 [4] }, B={ 2'10 $memory\system.core.frequency_bins$rdmux[0][4][0]$a$13010 [4] $memory\system.core.frequency_bins$rdmux[0][4][0]$a$13010 [0] $memory\system.core.frequency_bins$rdmux[0][4][0]$a$13010 [0] }, Y={ $memory\system.core.frequency_bins$rdmux[0][3][1]$a$12989 [6:4] $memory\system.core.frequency_bins$rdmux[0][3][1]$a$12989 [2:1] }
      New connections: $memory\system.core.frequency_bins$rdmux[0][3][1]$a$12989 [0] = $memory\system.core.frequency_bins$rdmux[0][4][0]$a$13010 [0]
    Consolidated identical input bits for $mux cell $memory\system.core.frequency_bins$rdmux[0][4][1]$13012:
      Old ports: A={ 2'00 $memory\system.core.frequency_bins$rdmux[0][4][0]$a$13010 [4] $memory\system.core.frequency_bins$rdmux[0][4][0]$a$13010 [0] }, B={ 1'1 $memory\system.core.frequency_bins$rdmux[0][4][0]$a$13010 [4] $memory\system.core.frequency_bins$rdmux[0][4][0]$a$13010 [0] $memory\system.core.frequency_bins$rdmux[0][4][0]$a$13010 [0] }, Y=$memory\system.core.frequency_bins$rdmux[0][3][0]$b$12987 [3:0]
      New ports: A={ 2'00 $memory\system.core.frequency_bins$rdmux[0][4][0]$a$13010 [4] }, B={ 1'1 $memory\system.core.frequency_bins$rdmux[0][4][0]$a$13010 [4] $memory\system.core.frequency_bins$rdmux[0][4][0]$a$13010 [0] }, Y=$memory\system.core.frequency_bins$rdmux[0][3][0]$b$12987 [3:1]
      New connections: $memory\system.core.frequency_bins$rdmux[0][3][0]$b$12987 [0] = $memory\system.core.frequency_bins$rdmux[0][4][0]$a$13010 [0]
    Consolidated identical input bits for $mux cell $memory\system.core.bias1$rdmux[0][2][2]$12796:
      Old ports: A={ $memory\system.core.bias1$rdmux[0][2][0]$a$12791 [0] $memory\system.core.bias1$rdmux[0][2][0]$a$12791 [0] $memory\system.core.bias1$rdmux[0][2][0]$a$12791 [1] 2'10 $memory\system.core.bias1$rdmux[0][2][0]$a$12791 [0] 1'1 }, B={ 1'0 $memory\system.core.bias1$rdmux[0][2][0]$a$12791 [1] 1'0 $memory\system.core.bias1$rdmux[0][2][0]$a$12791 [0] 1'1 $memory\system.core.bias1$rdmux[0][2][0]$a$12791 [0] 1'0 }, Y={ $memory\system.core.bias1$rdmux[0][1][1]$a$12788 [10] $memory\system.core.bias1$rdmux[0][1][1]$a$12788 [8] $memory\system.core.bias1$rdmux[0][1][1]$a$12788 [5:3] $memory\system.core.bias1$rdmux[0][1][1]$a$12788 [1:0] }
      New ports: A={ $memory\system.core.bias1$rdmux[0][2][0]$a$12791 [0] $memory\system.core.bias1$rdmux[0][2][0]$a$12791 [0] $memory\system.core.bias1$rdmux[0][2][0]$a$12791 [1] 3'101 }, B={ 1'0 $memory\system.core.bias1$rdmux[0][2][0]$a$12791 [1] 1'0 $memory\system.core.bias1$rdmux[0][2][0]$a$12791 [0] 2'10 }, Y={ $memory\system.core.bias1$rdmux[0][1][1]$a$12788 [10] $memory\system.core.bias1$rdmux[0][1][1]$a$12788 [8] $memory\system.core.bias1$rdmux[0][1][1]$a$12788 [5:3] $memory\system.core.bias1$rdmux[0][1][1]$a$12788 [0] }
      New connections: $memory\system.core.bias1$rdmux[0][1][1]$a$12788 [1] = $memory\system.core.bias1$rdmux[0][2][0]$a$12791 [0]
    Consolidated identical input bits for $mux cell $memory\system.core.bias1$rdmux[0][2][1]$12793:
      Old ports: A={ $memory\system.core.bias1$rdmux[0][2][0]$b$12792 [2] $memory\system.core.bias1$rdmux[0][2][0]$b$12792 [2] 1'0 $memory\system.core.bias1$rdmux[0][2][0]$b$12792 [2] 1'1 $memory\system.core.bias1$rdmux[0][2][0]$b$12792 [4] $memory\system.core.bias1$rdmux[0][2][0]$b$12792 [2] }, B={ $memory\system.core.bias1$rdmux[0][2][0]$b$12792 [4] 1'1 $memory\system.core.bias1$rdmux[0][2][0]$b$12792 [4] 3'001 $memory\system.core.bias1$rdmux[0][2][0]$b$12792 [2] }, Y={ $memory\system.core.bias1$rdmux[0][1][0]$b$12786 [11:9] $memory\system.core.bias1$rdmux[0][1][0]$b$12786 [6:4] $memory\system.core.bias1$rdmux[0][1][0]$b$12786 [0] }
      New ports: A={ $memory\system.core.bias1$rdmux[0][2][0]$b$12792 [2] $memory\system.core.bias1$rdmux[0][2][0]$b$12792 [2] 1'0 $memory\system.core.bias1$rdmux[0][2][0]$b$12792 [2] 1'1 $memory\system.core.bias1$rdmux[0][2][0]$b$12792 [4] }, B={ $memory\system.core.bias1$rdmux[0][2][0]$b$12792 [4] 1'1 $memory\system.core.bias1$rdmux[0][2][0]$b$12792 [4] 3'001 }, Y={ $memory\system.core.bias1$rdmux[0][1][0]$b$12786 [11:9] $memory\system.core.bias1$rdmux[0][1][0]$b$12786 [6:4] }
      New connections: $memory\system.core.bias1$rdmux[0][1][0]$b$12786 [0] = $memory\system.core.bias1$rdmux[0][2][0]$b$12792 [2]
    Consolidated identical input bits for $mux cell $memory\system.core.frequency_bins$rdmux[0][4][0]$13009:
      Old ports: A={ 2'10 $memory\system.core.frequency_bins$rdmux[0][4][0]$a$13010 [4] $memory\system.core.frequency_bins$rdmux[0][4][0]$a$13010 [0] $memory\system.core.frequency_bins$rdmux[0][4][0]$a$13010 [0] }, B={ $memory\system.core.frequency_bins$rdmux[0][4][0]$a$13010 [0] $memory\system.core.frequency_bins$rdmux[0][4][0]$a$13010 [4] 2'10 $memory\system.core.frequency_bins$rdmux[0][4][0]$a$13010 [0] }, Y={ $memory\system.core.frequency_bins$rdmux[0][3][0]$a$12986 [6:4] $memory\system.core.frequency_bins$rdmux[0][3][0]$a$12986 [1:0] }
      New ports: A={ 2'10 $memory\system.core.frequency_bins$rdmux[0][4][0]$a$13010 [4] $memory\system.core.frequency_bins$rdmux[0][4][0]$a$13010 [0] }, B={ $memory\system.core.frequency_bins$rdmux[0][4][0]$a$13010 [0] $memory\system.core.frequency_bins$rdmux[0][4][0]$a$13010 [4] 2'10 }, Y={ $memory\system.core.frequency_bins$rdmux[0][3][0]$a$12986 [6:4] $memory\system.core.frequency_bins$rdmux[0][3][0]$a$12986 [1] }
      New connections: $memory\system.core.frequency_bins$rdmux[0][3][0]$a$12986 [0] = $memory\system.core.frequency_bins$rdmux[0][4][0]$a$13010 [0]
  Optimizing cells in module \upduino_replay.
    Consolidated identical input bits for $mux cell $memory\system.core.frequency_bins$rdmux[0][3][3]$12994:
      Old ports: A=$memory\system.core.frequency_bins$rdmux[0][3][3]$a$12995 [4:0], B={ 1'1 $memory\system.core.frequency_bins$rdmux[0][3][3]$b$12996 [3:0] }, Y=$memory\system.core.frequency_bins$rdmux[0][2][1]$b$12978 [4:0]
      New ports: A=$memory\system.core.frequency_bins$rdmux[0][3][3]$a$12995 [4:1], B={ 1'1 $memory\system.core.frequency_bins$rdmux[0][3][3]$b$12996 [3:1] }, Y=$memory\system.core.frequency_bins$rdmux[0][2][1]$b$12978 [4:1]
      New connections: $memory\system.core.frequency_bins$rdmux[0][2][1]$b$12978 [0] = $memory\system.core.frequency_bins$rdmux[0][4][0]$a$13010 [0]
    Consolidated identical input bits for $mux cell $memory\system.core.frequency_bins$rdmux[0][3][0]$12985:
      Old ports: A={ $memory\system.core.frequency_bins$rdmux[0][3][0]$a$12986 [6:4] $memory\system.core.frequency_bins$rdmux[0][3][0]$a$12986 [1] $memory\system.core.frequency_bins$rdmux[0][3][0]$a$12986 [1] $memory\system.core.frequency_bins$rdmux[0][3][0]$a$12986 [1:0] }, B={ 3'011 $memory\system.core.frequency_bins$rdmux[0][3][0]$b$12987 [3:0] }, Y=$memory\system.core.frequency_bins$rdmux[0][2][0]$a$12974 [6:0]
      New ports: A={ $memory\system.core.frequency_bins$rdmux[0][3][0]$a$12986 [6:4] $memory\system.core.frequency_bins$rdmux[0][3][0]$a$12986 [1] $memory\system.core.frequency_bins$rdmux[0][3][0]$a$12986 [1] $memory\system.core.frequency_bins$rdmux[0][3][0]$a$12986 [1] }, B={ 3'011 $memory\system.core.frequency_bins$rdmux[0][3][0]$b$12987 [3:1] }, Y=$memory\system.core.frequency_bins$rdmux[0][2][0]$a$12974 [6:1]
      New connections: $memory\system.core.frequency_bins$rdmux[0][2][0]$a$12974 [0] = $memory\system.core.frequency_bins$rdmux[0][4][0]$a$13010 [0]
  Optimizing cells in module \upduino_replay.
Performed a total of 13 changes.

10.37.12. Executing OPT_MERGE pass (detect identical cells).
Finding identical cells in module `\upduino_replay'.
Computing hashes of 1454 cells of `\upduino_replay'.
Finding duplicate cells in `\upduino_replay'.
Removed a total of 0 cells.

10.37.13. Executing OPT_DFF pass (perform DFF optimizations).
Adding EN signal on $memory\system.core.logits[0]$12714 ($dff) from module upduino_replay (D = $memory\system.core.logits$wrmux[0][1][0]$y$12737, Q = \system.core.logits[0]).
Adding EN signal on $memory\system.core.logits[1]$12716 ($dff) from module upduino_replay (D = $memory\system.core.logits$wrmux[1][1][0]$y$12749, Q = \system.core.logits[1]).
Adding EN signal on $memory\system.core.logits[2]$12718 ($dff) from module upduino_replay (D = $memory\system.core.logits$wrmux[2][1][0]$y$12761, Q = \system.core.logits[2]).
Adding EN signal on $memory\system.core.frame_ids[0]$13172 ($dff) from module upduino_replay (D = { 22'0000000000000000000000 \system.core.receiving_id [9:0] }, Q = \system.core.frame_ids[0]).
Adding EN signal on $memory\system.core.frame_ids[1]$13174 ($dff) from module upduino_replay (D = { 22'0000000000000000000000 \system.core.receiving_id [9:0] }, Q = \system.core.frame_ids[1]).
Adding SRST signal on $\system.core.feature_shifts$rdreg[0] ($dff) from module upduino_replay (D = $memory\system.core.feature_shifts$rdmux[0][1][0]$b$12831 [3], Q = $flatten\system.\core.$memrd$\feature_shifts$rtl/core/vibration_core.sv:365$2153_DATA [3], rval = 1'0).
Adding EN signal on $memory\system.core.frame_sums[0]$13153 ($dff) from module upduino_replay (D = $flatten\system.\core.$0$memwr$\frame_sums$rtl/core/vibration_core.sv:290$1511_DATA[25:0]$1725, Q = \system.core.frame_sums[0]).
Adding EN signal on $memory\system.core.frame_sums[1]$13155 ($dff) from module upduino_replay (D = $flatten\system.\core.$0$memwr$\frame_sums$rtl/core/vibration_core.sv:290$1511_DATA[25:0]$1725, Q = \system.core.frame_sums[1]).
Setting constant 0-bit at position 10 on $auto$ff.cc:337:slice$13212 ($dffe) from module upduino_replay.
Setting constant 0-bit at position 11 on $auto$ff.cc:337:slice$13212 ($dffe) from module upduino_replay.
Setting constant 0-bit at position 12 on $auto$ff.cc:337:slice$13212 ($dffe) from module upduino_replay.
Setting constant 0-bit at position 13 on $auto$ff.cc:337:slice$13212 ($dffe) from module upduino_replay.
Setting constant 0-bit at position 14 on $auto$ff.cc:337:slice$13212 ($dffe) from module upduino_replay.
Setting constant 0-bit at position 15 on $auto$ff.cc:337:slice$13212 ($dffe) from module upduino_replay.
Setting constant 0-bit at position 16 on $auto$ff.cc:337:slice$13212 ($dffe) from module upduino_replay.
Setting constant 0-bit at position 17 on $auto$ff.cc:337:slice$13212 ($dffe) from module upduino_replay.
Setting constant 0-bit at position 18 on $auto$ff.cc:337:slice$13212 ($dffe) from module upduino_replay.
Setting constant 0-bit at position 19 on $auto$ff.cc:337:slice$13212 ($dffe) from module upduino_replay.
Setting constant 0-bit at position 20 on $auto$ff.cc:337:slice$13212 ($dffe) from module upduino_replay.
Setting constant 0-bit at position 21 on $auto$ff.cc:337:slice$13212 ($dffe) from module upduino_replay.
Setting constant 0-bit at position 22 on $auto$ff.cc:337:slice$13212 ($dffe) from module upduino_replay.
Setting constant 0-bit at position 23 on $auto$ff.cc:337:slice$13212 ($dffe) from module upduino_replay.
Setting constant 0-bit at position 24 on $auto$ff.cc:337:slice$13212 ($dffe) from module upduino_replay.
Setting constant 0-bit at position 25 on $auto$ff.cc:337:slice$13212 ($dffe) from module upduino_replay.
Setting constant 0-bit at position 26 on $auto$ff.cc:337:slice$13212 ($dffe) from module upduino_replay.
Setting constant 0-bit at position 27 on $auto$ff.cc:337:slice$13212 ($dffe) from module upduino_replay.
Setting constant 0-bit at position 28 on $auto$ff.cc:337:slice$13212 ($dffe) from module upduino_replay.
Setting constant 0-bit at position 29 on $auto$ff.cc:337:slice$13212 ($dffe) from module upduino_replay.
Setting constant 0-bit at position 30 on $auto$ff.cc:337:slice$13212 ($dffe) from module upduino_replay.
Setting constant 0-bit at position 31 on $auto$ff.cc:337:slice$13212 ($dffe) from module upduino_replay.
Setting constant 0-bit at position 10 on $auto$ff.cc:337:slice$13211 ($dffe) from module upduino_replay.
Setting constant 0-bit at position 11 on $auto$ff.cc:337:slice$13211 ($dffe) from module upduino_replay.
Setting constant 0-bit at position 12 on $auto$ff.cc:337:slice$13211 ($dffe) from module upduino_replay.
Setting constant 0-bit at position 13 on $auto$ff.cc:337:slice$13211 ($dffe) from module upduino_replay.
Setting constant 0-bit at position 14 on $auto$ff.cc:337:slice$13211 ($dffe) from module upduino_replay.
Setting constant 0-bit at position 15 on $auto$ff.cc:337:slice$13211 ($dffe) from module upduino_replay.
Setting constant 0-bit at position 16 on $auto$ff.cc:337:slice$13211 ($dffe) from module upduino_replay.
Setting constant 0-bit at position 17 on $auto$ff.cc:337:slice$13211 ($dffe) from module upduino_replay.
Setting constant 0-bit at position 18 on $auto$ff.cc:337:slice$13211 ($dffe) from module upduino_replay.
Setting constant 0-bit at position 19 on $auto$ff.cc:337:slice$13211 ($dffe) from module upduino_replay.
Setting constant 0-bit at position 20 on $auto$ff.cc:337:slice$13211 ($dffe) from module upduino_replay.
Setting constant 0-bit at position 21 on $auto$ff.cc:337:slice$13211 ($dffe) from module upduino_replay.
Setting constant 0-bit at position 22 on $auto$ff.cc:337:slice$13211 ($dffe) from module upduino_replay.
Setting constant 0-bit at position 23 on $auto$ff.cc:337:slice$13211 ($dffe) from module upduino_replay.
Setting constant 0-bit at position 24 on $auto$ff.cc:337:slice$13211 ($dffe) from module upduino_replay.
Setting constant 0-bit at position 25 on $auto$ff.cc:337:slice$13211 ($dffe) from module upduino_replay.
Setting constant 0-bit at position 26 on $auto$ff.cc:337:slice$13211 ($dffe) from module upduino_replay.
Setting constant 0-bit at position 27 on $auto$ff.cc:337:slice$13211 ($dffe) from module upduino_replay.
Setting constant 0-bit at position 28 on $auto$ff.cc:337:slice$13211 ($dffe) from module upduino_replay.
Setting constant 0-bit at position 29 on $auto$ff.cc:337:slice$13211 ($dffe) from module upduino_replay.
Setting constant 0-bit at position 30 on $auto$ff.cc:337:slice$13211 ($dffe) from module upduino_replay.
Setting constant 0-bit at position 31 on $auto$ff.cc:337:slice$13211 ($dffe) from module upduino_replay.

10.37.14. Executing OPT_CLEAN pass (remove unused cells and wires).
Finding unused cells or wires in module \upduino_replay..
Removed 4 unused cells and 9 unused wires.
<suppressed ~5 debug messages>

10.37.15. Executing OPT_EXPR pass (perform const folding).
Optimizing module upduino_replay.

10.37.16. Rerunning OPT passes. (Maybe there is more to do..)

10.37.17. Executing OPT_MUXTREE pass (detect dead branches in mux trees).
Running muxtree optimizer on module \upduino_replay..
  Creating internal representation of mux trees.
  Evaluating internal representation of mux trees.
  Analyzing evaluation results.
Removed 0 multiplexer ports.
<suppressed ~500 debug messages>

10.37.18. Executing OPT_REDUCE pass (consolidate $*mux and $reduce_* inputs).
  Optimizing cells in module \upduino_replay.
    Consolidated identical input bits for $mux cell $memory\system.core.logits$wrmux[2][0][0]$12752:
      Old ports: A=0, B=32'x, Y=$memory\system.core.logits$wrmux[2][0][0]$y$12753
      New ports: A=1'0, B=1'x, Y=$memory\system.core.logits$wrmux[2][0][0]$y$12753 [0]
      New connections: $memory\system.core.logits$wrmux[2][0][0]$y$12753 [31:1] = { $memory\system.core.logits$wrmux[2][0][0]$y$12753 [0] $memory\system.core.logits$wrmux[2][0][0]$y$12753 [0] $memory\system.core.logits$wrmux[2][0][0]$y$12753 [0] $memory\system.core.logits$wrmux[2][0][0]$y$12753 [0] $memory\system.core.logits$wrmux[2][0][0]$y$12753 [0] $memory\system.core.logits$wrmux[2][0][0]$y$12753 [0] $memory\system.core.logits$wrmux[2][0][0]$y$12753 [0] $memory\system.core.logits$wrmux[2][0][0]$y$12753 [0] $memory\system.core.logits$wrmux[2][0][0]$y$12753 [0] $memory\system.core.logits$wrmux[2][0][0]$y$12753 [0] $memory\system.core.logits$wrmux[2][0][0]$y$12753 [0] $memory\system.core.logits$wrmux[2][0][0]$y$12753 [0] $memory\system.core.logits$wrmux[2][0][0]$y$12753 [0] $memory\system.core.logits$wrmux[2][0][0]$y$12753 [0] $memory\system.core.logits$wrmux[2][0][0]$y$12753 [0] $memory\system.core.logits$wrmux[2][0][0]$y$12753 [0] $memory\system.core.logits$wrmux[2][0][0]$y$12753 [0] $memory\system.core.logits$wrmux[2][0][0]$y$12753 [0] $memory\system.core.logits$wrmux[2][0][0]$y$12753 [0] $memory\system.core.logits$wrmux[2][0][0]$y$12753 [0] $memory\system.core.logits$wrmux[2][0][0]$y$12753 [0] $memory\system.core.logits$wrmux[2][0][0]$y$12753 [0] $memory\system.core.logits$wrmux[2][0][0]$y$12753 [0] $memory\system.core.logits$wrmux[2][0][0]$y$12753 [0] $memory\system.core.logits$wrmux[2][0][0]$y$12753 [0] $memory\system.core.logits$wrmux[2][0][0]$y$12753 [0] $memory\system.core.logits$wrmux[2][0][0]$y$12753 [0] $memory\system.core.logits$wrmux[2][0][0]$y$12753 [0] $memory\system.core.logits$wrmux[2][0][0]$y$12753 [0] $memory\system.core.logits$wrmux[2][0][0]$y$12753 [0] $memory\system.core.logits$wrmux[2][0][0]$y$12753 [0] }
    Consolidated identical input bits for $mux cell $memory\system.core.logits$wrmux[1][0][0]$12740:
      Old ports: A=0, B=32'x, Y=$memory\system.core.logits$wrmux[1][0][0]$y$12741
      New ports: A=1'0, B=1'x, Y=$memory\system.core.logits$wrmux[1][0][0]$y$12741 [0]
      New connections: $memory\system.core.logits$wrmux[1][0][0]$y$12741 [31:1] = { $memory\system.core.logits$wrmux[1][0][0]$y$12741 [0] $memory\system.core.logits$wrmux[1][0][0]$y$12741 [0] $memory\system.core.logits$wrmux[1][0][0]$y$12741 [0] $memory\system.core.logits$wrmux[1][0][0]$y$12741 [0] $memory\system.core.logits$wrmux[1][0][0]$y$12741 [0] $memory\system.core.logits$wrmux[1][0][0]$y$12741 [0] $memory\system.core.logits$wrmux[1][0][0]$y$12741 [0] $memory\system.core.logits$wrmux[1][0][0]$y$12741 [0] $memory\system.core.logits$wrmux[1][0][0]$y$12741 [0] $memory\system.core.logits$wrmux[1][0][0]$y$12741 [0] $memory\system.core.logits$wrmux[1][0][0]$y$12741 [0] $memory\system.core.logits$wrmux[1][0][0]$y$12741 [0] $memory\system.core.logits$wrmux[1][0][0]$y$12741 [0] $memory\system.core.logits$wrmux[1][0][0]$y$12741 [0] $memory\system.core.logits$wrmux[1][0][0]$y$12741 [0] $memory\system.core.logits$wrmux[1][0][0]$y$12741 [0] $memory\system.core.logits$wrmux[1][0][0]$y$12741 [0] $memory\system.core.logits$wrmux[1][0][0]$y$12741 [0] $memory\system.core.logits$wrmux[1][0][0]$y$12741 [0] $memory\system.core.logits$wrmux[1][0][0]$y$12741 [0] $memory\system.core.logits$wrmux[1][0][0]$y$12741 [0] $memory\system.core.logits$wrmux[1][0][0]$y$12741 [0] $memory\system.core.logits$wrmux[1][0][0]$y$12741 [0] $memory\system.core.logits$wrmux[1][0][0]$y$12741 [0] $memory\system.core.logits$wrmux[1][0][0]$y$12741 [0] $memory\system.core.logits$wrmux[1][0][0]$y$12741 [0] $memory\system.core.logits$wrmux[1][0][0]$y$12741 [0] $memory\system.core.logits$wrmux[1][0][0]$y$12741 [0] $memory\system.core.logits$wrmux[1][0][0]$y$12741 [0] $memory\system.core.logits$wrmux[1][0][0]$y$12741 [0] $memory\system.core.logits$wrmux[1][0][0]$y$12741 [0] }
    Consolidated identical input bits for $mux cell $memory\system.core.logits$wrmux[0][0][0]$12726:
      Old ports: A=0, B=32'x, Y=$memory\system.core.logits$wrmux[0][0][0]$y$12727
      New ports: A=1'0, B=1'x, Y=$memory\system.core.logits$wrmux[0][0][0]$y$12727 [0]
      New connections: $memory\system.core.logits$wrmux[0][0][0]$y$12727 [31:1] = { $memory\system.core.logits$wrmux[0][0][0]$y$12727 [0] $memory\system.core.logits$wrmux[0][0][0]$y$12727 [0] $memory\system.core.logits$wrmux[0][0][0]$y$12727 [0] $memory\system.core.logits$wrmux[0][0][0]$y$12727 [0] $memory\system.core.logits$wrmux[0][0][0]$y$12727 [0] $memory\system.core.logits$wrmux[0][0][0]$y$12727 [0] $memory\system.core.logits$wrmux[0][0][0]$y$12727 [0] $memory\system.core.logits$wrmux[0][0][0]$y$12727 [0] $memory\system.core.logits$wrmux[0][0][0]$y$12727 [0] $memory\system.core.logits$wrmux[0][0][0]$y$12727 [0] $memory\system.core.logits$wrmux[0][0][0]$y$12727 [0] $memory\system.core.logits$wrmux[0][0][0]$y$12727 [0] $memory\system.core.logits$wrmux[0][0][0]$y$12727 [0] $memory\system.core.logits$wrmux[0][0][0]$y$12727 [0] $memory\system.core.logits$wrmux[0][0][0]$y$12727 [0] $memory\system.core.logits$wrmux[0][0][0]$y$12727 [0] $memory\system.core.logits$wrmux[0][0][0]$y$12727 [0] $memory\system.core.logits$wrmux[0][0][0]$y$12727 [0] $memory\system.core.logits$wrmux[0][0][0]$y$12727 [0] $memory\system.core.logits$wrmux[0][0][0]$y$12727 [0] $memory\system.core.logits$wrmux[0][0][0]$y$12727 [0] $memory\system.core.logits$wrmux[0][0][0]$y$12727 [0] $memory\system.core.logits$wrmux[0][0][0]$y$12727 [0] $memory\system.core.logits$wrmux[0][0][0]$y$12727 [0] $memory\system.core.logits$wrmux[0][0][0]$y$12727 [0] $memory\system.core.logits$wrmux[0][0][0]$y$12727 [0] $memory\system.core.logits$wrmux[0][0][0]$y$12727 [0] $memory\system.core.logits$wrmux[0][0][0]$y$12727 [0] $memory\system.core.logits$wrmux[0][0][0]$y$12727 [0] $memory\system.core.logits$wrmux[0][0][0]$y$12727 [0] $memory\system.core.logits$wrmux[0][0][0]$y$12727 [0] }
    Consolidated identical input bits for $mux cell $memory\system.core.frame_ids$rdmux[0][0][0]$13176:
      Old ports: A={ 22'0000000000000000000000 \system.core.frame_ids[0] [9:0] }, B={ 22'0000000000000000000000 \system.core.frame_ids[1] [9:0] }, Y=$\system.core.frame_ids$rdreg[0]$d
      New ports: A=\system.core.frame_ids[0] [9:0], B=\system.core.frame_ids[1] [9:0], Y=$\system.core.frame_ids$rdreg[0]$d [9:0]
      New connections: $\system.core.frame_ids$rdreg[0]$d [31:10] = 22'0000000000000000000000
  Optimizing cells in module \upduino_replay.
Performed a total of 4 changes.

10.37.19. Executing OPT_MERGE pass (detect identical cells).
Finding identical cells in module `\upduino_replay'.
Computing hashes of 1456 cells of `\upduino_replay'.
Finding duplicate cells in `\upduino_replay'.
Computing hashes of 1454 cells of `\upduino_replay'.
Finding duplicate cells in `\upduino_replay'.
<suppressed ~6 debug messages>
Removed a total of 2 cells.

10.37.20. Executing OPT_DFF pass (perform DFF optimizations).
Setting constant 0-bit at position 10 on $\system.core.frame_ids$rdreg[0] ($sdffe) from module upduino_replay.
Setting constant 0-bit at position 11 on $\system.core.frame_ids$rdreg[0] ($sdffe) from module upduino_replay.
Setting constant 0-bit at position 12 on $\system.core.frame_ids$rdreg[0] ($sdffe) from module upduino_replay.
Setting constant 0-bit at position 13 on $\system.core.frame_ids$rdreg[0] ($sdffe) from module upduino_replay.
Setting constant 0-bit at position 14 on $\system.core.frame_ids$rdreg[0] ($sdffe) from module upduino_replay.
Setting constant 0-bit at position 15 on $\system.core.frame_ids$rdreg[0] ($sdffe) from module upduino_replay.
Setting constant 0-bit at position 16 on $\system.core.frame_ids$rdreg[0] ($sdffe) from module upduino_replay.
Setting constant 0-bit at position 17 on $\system.core.frame_ids$rdreg[0] ($sdffe) from module upduino_replay.
Setting constant 0-bit at position 18 on $\system.core.frame_ids$rdreg[0] ($sdffe) from module upduino_replay.
Setting constant 0-bit at position 19 on $\system.core.frame_ids$rdreg[0] ($sdffe) from module upduino_replay.
Setting constant 0-bit at position 20 on $\system.core.frame_ids$rdreg[0] ($sdffe) from module upduino_replay.
Setting constant 0-bit at position 21 on $\system.core.frame_ids$rdreg[0] ($sdffe) from module upduino_replay.
Setting constant 0-bit at position 22 on $\system.core.frame_ids$rdreg[0] ($sdffe) from module upduino_replay.
Setting constant 0-bit at position 23 on $\system.core.frame_ids$rdreg[0] ($sdffe) from module upduino_replay.
Setting constant 0-bit at position 24 on $\system.core.frame_ids$rdreg[0] ($sdffe) from module upduino_replay.
Setting constant 0-bit at position 25 on $\system.core.frame_ids$rdreg[0] ($sdffe) from module upduino_replay.
Setting constant 0-bit at position 26 on $\system.core.frame_ids$rdreg[0] ($sdffe) from module upduino_replay.
Setting constant 0-bit at position 27 on $\system.core.frame_ids$rdreg[0] ($sdffe) from module upduino_replay.
Setting constant 0-bit at position 28 on $\system.core.frame_ids$rdreg[0] ($sdffe) from module upduino_replay.
Setting constant 0-bit at position 29 on $\system.core.frame_ids$rdreg[0] ($sdffe) from module upduino_replay.
Setting constant 0-bit at position 30 on $\system.core.frame_ids$rdreg[0] ($sdffe) from module upduino_replay.
Setting constant 0-bit at position 31 on $\system.core.frame_ids$rdreg[0] ($sdffe) from module upduino_replay.

10.37.21. Executing OPT_CLEAN pass (remove unused cells and wires).
Finding unused cells or wires in module \upduino_replay..
Removed 0 unused cells and 2 unused wires.
<suppressed ~1 debug messages>

10.37.22. Executing OPT_EXPR pass (perform const folding).
Optimizing module upduino_replay.

10.37.23. Rerunning OPT passes. (Maybe there is more to do..)

10.37.24. Executing OPT_MUXTREE pass (detect dead branches in mux trees).
Running muxtree optimizer on module \upduino_replay..
  Creating internal representation of mux trees.
  Evaluating internal representation of mux trees.
  Analyzing evaluation results.
Removed 0 multiplexer ports.
<suppressed ~502 debug messages>

10.37.25. Executing OPT_REDUCE pass (consolidate $*mux and $reduce_* inputs).
  Optimizing cells in module \upduino_replay.
Performed a total of 0 changes.

10.37.26. Executing OPT_MERGE pass (detect identical cells).
Finding identical cells in module `\upduino_replay'.
Computing hashes of 1454 cells of `\upduino_replay'.
Finding duplicate cells in `\upduino_replay'.
Removed a total of 0 cells.

10.37.27. Executing OPT_DFF pass (perform DFF optimizations).
Setting constant 0-bit at position 10 on $auto$ff.cc:337:slice$10180 ($sdffe) from module upduino_replay.
Setting constant 0-bit at position 11 on $auto$ff.cc:337:slice$10180 ($sdffe) from module upduino_replay.
Setting constant 0-bit at position 12 on $auto$ff.cc:337:slice$10180 ($sdffe) from module upduino_replay.
Setting constant 0-bit at position 13 on $auto$ff.cc:337:slice$10180 ($sdffe) from module upduino_replay.
Setting constant 0-bit at position 14 on $auto$ff.cc:337:slice$10180 ($sdffe) from module upduino_replay.
Setting constant 0-bit at position 15 on $auto$ff.cc:337:slice$10180 ($sdffe) from module upduino_replay.
Setting constant 0-bit at position 16 on $auto$ff.cc:337:slice$10180 ($sdffe) from module upduino_replay.
Setting constant 0-bit at position 17 on $auto$ff.cc:337:slice$10180 ($sdffe) from module upduino_replay.
Setting constant 0-bit at position 18 on $auto$ff.cc:337:slice$10180 ($sdffe) from module upduino_replay.
Setting constant 0-bit at position 19 on $auto$ff.cc:337:slice$10180 ($sdffe) from module upduino_replay.
Setting constant 0-bit at position 20 on $auto$ff.cc:337:slice$10180 ($sdffe) from module upduino_replay.
Setting constant 0-bit at position 21 on $auto$ff.cc:337:slice$10180 ($sdffe) from module upduino_replay.
Setting constant 0-bit at position 22 on $auto$ff.cc:337:slice$10180 ($sdffe) from module upduino_replay.
Setting constant 0-bit at position 23 on $auto$ff.cc:337:slice$10180 ($sdffe) from module upduino_replay.
Setting constant 0-bit at position 24 on $auto$ff.cc:337:slice$10180 ($sdffe) from module upduino_replay.
Setting constant 0-bit at position 25 on $auto$ff.cc:337:slice$10180 ($sdffe) from module upduino_replay.
Setting constant 0-bit at position 26 on $auto$ff.cc:337:slice$10180 ($sdffe) from module upduino_replay.
Setting constant 0-bit at position 27 on $auto$ff.cc:337:slice$10180 ($sdffe) from module upduino_replay.
Setting constant 0-bit at position 28 on $auto$ff.cc:337:slice$10180 ($sdffe) from module upduino_replay.
Setting constant 0-bit at position 29 on $auto$ff.cc:337:slice$10180 ($sdffe) from module upduino_replay.
Setting constant 0-bit at position 30 on $auto$ff.cc:337:slice$10180 ($sdffe) from module upduino_replay.
Setting constant 0-bit at position 31 on $auto$ff.cc:337:slice$10180 ($sdffe) from module upduino_replay.

10.37.28. Executing OPT_CLEAN pass (remove unused cells and wires).
Finding unused cells or wires in module \upduino_replay..

10.37.29. Executing OPT_EXPR pass (perform const folding).
Optimizing module upduino_replay.

10.37.30. Rerunning OPT passes. (Maybe there is more to do..)

10.37.31. Executing OPT_MUXTREE pass (detect dead branches in mux trees).
Running muxtree optimizer on module \upduino_replay..
  Creating internal representation of mux trees.
  Evaluating internal representation of mux trees.
  Analyzing evaluation results.
Removed 0 multiplexer ports.
<suppressed ~502 debug messages>

10.37.32. Executing OPT_REDUCE pass (consolidate $*mux and $reduce_* inputs).
  Optimizing cells in module \upduino_replay.
Performed a total of 0 changes.

10.37.33. Executing OPT_MERGE pass (detect identical cells).
Finding identical cells in module `\upduino_replay'.
Computing hashes of 1454 cells of `\upduino_replay'.
Finding duplicate cells in `\upduino_replay'.
Removed a total of 0 cells.

10.37.34. Executing OPT_DFF pass (perform DFF optimizations).

10.37.35. Executing OPT_CLEAN pass (remove unused cells and wires).
Finding unused cells or wires in module \upduino_replay..

10.37.36. Executing OPT_EXPR pass (perform const folding).
Optimizing module upduino_replay.

10.37.37. Finished fast OPT passes. (There is nothing left to do.)

10.38. Executing ICE40_WRAPCARRY pass (wrap carries).

10.39. Executing TECHMAP pass (map to technology primitives).

10.39.1. Executing Verilog-2005 frontend: ./.tools/oss-cad-suite/libexec/../share/yosys/techmap.v
Parsing Verilog input from `./.tools/oss-cad-suite/libexec/../share/yosys/techmap.v' to AST representation.
Generating RTLIL representation for module `\_90_simplemap_bool_ops'.
Generating RTLIL representation for module `\_90_simplemap_reduce_ops'.
Generating RTLIL representation for module `\_90_simplemap_logic_ops'.
Generating RTLIL representation for module `\_90_simplemap_compare_ops'.
Generating RTLIL representation for module `\_90_simplemap_various'.
Generating RTLIL representation for module `\_90_simplemap_registers'.
Generating RTLIL representation for module `\_90_shift_ops_shr_shl_sshl_sshr'.
Generating RTLIL representation for module `\_90_shift_shiftx'.
Generating RTLIL representation for module `\_90_fa'.
Generating RTLIL representation for module `\_90_lcu_brent_kung'.
Generating RTLIL representation for module `\_90_alu'.
Generating RTLIL representation for module `\_90_macc'.
Generating RTLIL representation for module `\_90_alumacc'.
Generating RTLIL representation for module `$__div_mod_u'.
Generating RTLIL representation for module `$__div_mod_trunc'.
Generating RTLIL representation for module `\_90_div'.
Generating RTLIL representation for module `\_90_mod'.
Generating RTLIL representation for module `$__div_mod_floor'.
Generating RTLIL representation for module `\_90_divfloor'.
Generating RTLIL representation for module `\_90_modfloor'.
Generating RTLIL representation for module `\_90_pow'.
Generating RTLIL representation for module `\_90_demux'.
Generating RTLIL representation for module `\_90_lut'.
Generating RTLIL representation for module `$connect'.
Generating RTLIL representation for module `$input_port'.
Successfully finished Verilog frontend.

10.39.2. Executing Verilog-2005 frontend: ./.tools/oss-cad-suite/libexec/../share/yosys/ice40/arith_map.v
Parsing Verilog input from `./.tools/oss-cad-suite/libexec/../share/yosys/ice40/arith_map.v' to AST representation.
Generating RTLIL representation for module `\_80_ice40_alu'.
Successfully finished Verilog frontend.

10.39.3. Continuing TECHMAP pass.
Using extmapper simplemap for cells of type $sdffe.
Using extmapper simplemap for cells of type $dffe.
Using extmapper simplemap for cells of type $dff.
Using extmapper simplemap for cells of type $reduce_or.
Using extmapper simplemap for cells of type $not.
Using extmapper simplemap for cells of type $sdff.
Using extmapper simplemap for cells of type $ne.
Using template $paramod$6fc37af1c109ae54e8aed83fcd995c12d378ce93\_80_ice40_alu for cells of type $alu.
Using extmapper simplemap for cells of type $and.
Using template $paramod$67e8f4b8dba01cd3d8fc718acd02276257d102de\_80_ice40_alu for cells of type $alu.
Using extmapper simplemap for cells of type $xor.
Using template $paramod$00298f3f8094950cb9a5ff2fda48d0d8bde8806c\_80_ice40_alu for cells of type $alu.
Using extmapper simplemap for cells of type $mux.
Using extmapper simplemap for cells of type $eq.
Using template $paramod$0a77e3c00010cb33e399decd813a7380c6e25cba\_80_ice40_alu for cells of type $alu.
Using template $paramod$79aa992f2eb7f354d4aaf651790713cf239111fa\_80_ice40_alu for cells of type $alu.
Using template $paramod$103b4016182df467cceab67bcf3e18e6361ec0fd\_80_ice40_alu for cells of type $alu.
Using template $paramod$32a7b7b86c07519b7537abc18e96f0331f97914d\_80_ice40_alu for cells of type $alu.
Using template $paramod$fd7bfb1a4f3a7c2ac1a35670d0fa64ccc7b91841\_80_ice40_alu for cells of type $alu.
Using template $paramod$2470b7ea32c975a55c3ab8b283381b72d09e16d3\_80_ice40_alu for cells of type $alu.
Using template $paramod$6f967e2009413999812e399dce834a064bee2494\_80_ice40_alu for cells of type $alu.
Using template $paramod$d1aeba9c1ab74edf9d88b9d912a3d3ff31905332\_80_ice40_alu for cells of type $alu.
Using template $paramod$9e8c19db10db5b8954224cafa0587db20bab09bd\_90_alu for cells of type $alu.
Using template $paramod$a7484d8e632daaa55385ba6c07492b56f14fc153\_80_ice40_alu for cells of type $alu.
Using template $paramod$6a42b6fefed750f8a1c58eab59479d960557103c\_80_ice40_alu for cells of type $alu.
Using template $paramod$754650b284649a026620fc6856e5b6886cbfe794\_80_ice40_alu for cells of type $alu.
Using template $paramod$8f780356cb6cdb52f6a744190131b65634639c4e\_80_ice40_alu for cells of type $alu.
Using template $paramod$20b1d0597707d55efcb9664e40f63985956d7680\_80_ice40_alu for cells of type $alu.
Using template $paramod$fe36d6d725c0243822683f7451312ebcd99a78d3\_80_ice40_alu for cells of type $alu.
Using template $paramod$484d51534650924b7ed4c69e46eed3a56904771f\_80_ice40_alu for cells of type $alu.
Using template $paramod$f9b096f016dee1c46f88651435ae06abb164a3e1\_80_ice40_alu for cells of type $alu.
Using template $paramod$ce0ec84be7047712840b0952f343ee9e63ef75d1\_80_ice40_alu for cells of type $alu.
Using template $paramod$672a140277c71df8314410f22acc08d55222c3c7\_80_ice40_alu for cells of type $alu.
Using template $paramod$175e67c02b86e96b1288b9dc100122520d7240d8\_90_alu for cells of type $alu.
Using extmapper simplemap for cells of type $reduce_and.
Using template $paramod$403a3c2fa431a154c52a6a5429d7a6260b5d144f\_80_ice40_alu for cells of type $alu.
Using template $paramod$32efbfac1c4dc57230cf86180788fdfd12e3b511\_80_ice40_alu for cells of type $alu.
Using template $paramod$0b1c1db0c081789fc2565581fa0ba2f25f0fa305\_80_ice40_alu for cells of type $alu.
Using template $paramod$70cd0a6d2a6fc8112c464d889263f739a0ecd0f0\_80_ice40_alu for cells of type $alu.
Using template $paramod$943564b9366bbc392bf4bbc801aa0a2d7742a4e0\_80_ice40_alu for cells of type $alu.
Using template $paramod$fc972a7a46956c1788f3cb5257b53c8f1df2d0cc\_90_alu for cells of type $alu.
Using template $paramod$2af30114e9bd4ccb04dad757b3f0a8f6bf0615b0\_80_ice40_alu for cells of type $alu.
Using template $paramod$93b49458bab1c00eb32aff458c583f46ff61e60f\_80_ice40_alu for cells of type $alu.
Using template $paramod$18205a5da979f93ffab44671dcc4a48cf14e25e2\_80_ice40_alu for cells of type $alu.
Using template $paramod$6f67705c43e5e94c02b6ebb52209ce5aa5ade4c1\_80_ice40_alu for cells of type $alu.
Using extmapper simplemap for cells of type $or.
Using template $paramod$4ce4a1faeffe5690bb1819c6520eb4b4e75ebebd\_80_ice40_alu for cells of type $alu.
Using template $paramod$d2fa05d38998afabc6d4f34471305d0af4b8b2df\_80_ice40_alu for cells of type $alu.
Using template $paramod$c3cd1564c35d873179656addd6052d7ea8b6d991\_80_ice40_alu for cells of type $alu.
Using template $paramod$0670e2b5f39a952ee2dd39072443556343a2df97\_80_ice40_alu for cells of type $alu.
Using template $paramod$a1665ef28c749ebcdbe9aecd466e644647b56463\_80_ice40_alu for cells of type $alu.
Using template $paramod$1bb7aebaa32f16dab78ad6c76561e8e43e165fdb\_80_ice40_alu for cells of type $alu.
Using template $paramod$02488ff6fa51b28bbfa470bdd9b0e548b3357746\_80_ice40_alu for cells of type $alu.
Using template $paramod$bc5b76409c189dae1304578314e9d1ddd73fedb5\_80_ice40_alu for cells of type $alu.
Using template $paramod$713617589782cfade849bb573b5c36106c4b708f\_80_ice40_alu for cells of type $alu.
Using template $paramod$f30f8fc2e30bd83d28cb1ad43b9d9ec083109075\_80_ice40_alu for cells of type $alu.
Using template $paramod$ba698a254f9a5947e85cbe7beae6b161eefc5386\_90_alu for cells of type $alu.
Using template $paramod$5d2e07eca6b9fbd538aff231e6f05d9604b7a77e\_80_ice40_alu for cells of type $alu.
Using template $paramod$5ccf584370207a3ccc3032757a8e590623d4de56\_80_ice40_alu for cells of type $alu.
Using template $paramod$c9511eeb847f2aa95252b1013477609463f67ee0\_80_ice40_alu for cells of type $alu.
Using template $paramod$d4fbf181fbf74ad2c33c84c81168c20bdbe88f93\_80_ice40_alu for cells of type $alu.
Using template $paramod$a34f5a54451e27e96d7c38bcd96183b90a0e2cf0\_80_ice40_alu for cells of type $alu.
Using template $paramod$861f5302217787cd55fd1a501bc728125f176580\_80_ice40_alu for cells of type $alu.
Using template $paramod$3493dd6db9f7ef0f874e48902de7b0ba7cc3b4f0\_80_ice40_alu for cells of type $alu.
Using template $paramod$c04af8dbf0e5d1d69bbccb2c7bd8a93fc9ef54dc\_80_ice40_alu for cells of type $alu.
Using template $paramod$2653f68ddb8eab7b1907b4a20767b72a824a7a36\_80_ice40_alu for cells of type $alu.
Using template $paramod$eae5c6d909a05153739c7821f34da2cbc0422532\_80_ice40_alu for cells of type $alu.
Using template $paramod$5546fdacc672a3d7dd1c41165b00804f01545b36\_80_ice40_alu for cells of type $alu.
Using template $paramod$d59343cc06eea537d37a9bd328b9ef5a61038d8a\_80_ice40_alu for cells of type $alu.
Using template $paramod$604af20bf6a34e15d709bdc58f0c8c389169271f\_80_ice40_alu for cells of type $alu.
Using template $paramod$2ae8ace2721bc5fb7787a410a85733c3c60f3821\_80_ice40_alu for cells of type $alu.
Using template $paramod$dbcdc7e8aa1a4080cea2deda6fdc8772064f4d90\_80_ice40_alu for cells of type $alu.
Using template $paramod$7e708ae28ab761f11d0fb59d3ffc72f6a4baf5d9\_90_alu for cells of type $alu.
Using template $paramod$6694d39cad831bc5688fe7ffaed39b79bdf33392\_80_ice40_alu for cells of type $alu.
Using template $paramod$9e77013391589a4e66c6391901265dcce5ef34df\_80_ice40_alu for cells of type $alu.
Using template $paramod$b18e16801adf491a64caa0542270798e5d4ac6b6\_80_ice40_alu for cells of type $alu.
Using template $paramod$f956edc9fe4df758d9fdb10bfc518a364c99e75e\_80_ice40_alu for cells of type $alu.
Using template $paramod$dad13a281fa6a9ffd6dd427a87dc9a952e80e9ea\_80_ice40_alu for cells of type $alu.
Using template $paramod$8b1a36ab2238111d2a0f4cb4ef2e14f2a55fc1f9\_80_ice40_alu for cells of type $alu.
Using template $paramod$b8c0a997bce700f23568a5ada79cc6781d1f5ca0\_80_ice40_alu for cells of type $alu.
Using template $paramod$dc04b7d98e503a7bab16fce2df70e6e2c5ca34d6\_80_ice40_alu for cells of type $alu.
Using template $paramod$fc38985eceb81f1b5c7ac096f6f55e3e7352506f\_80_ice40_alu for cells of type $alu.
Using template $paramod$195c901429691d927156cbfe12cab4f447f9116f\_80_ice40_alu for cells of type $alu.
Using template $paramod$90b532de137875941077c91e0b3d5cd57af11bee\_80_ice40_alu for cells of type $alu.
Using extmapper maccmap for cells of type $macc_v2.
  add \system.core.band_sum (33 bits, unsigned)
  add \system.core.power_sum (33 bits, unsigned)
  add \system.core.product[0] (32 bits, unsigned)
  add \system.core.nn_input (4 bits, unsigned)
  add { \system.core.nn_group 4'0000 } (8 bits, unsigned)
  add 9'100000000 (9 bits, unsigned)
Using extmapper simplemap for cells of type $bmux.
Using extmapper simplemap for cells of type $reduce_bool.
Using extmapper simplemap for cells of type $logic_not.
Using extmapper simplemap for cells of type $logic_or.
Using template $paramod$constmap:de554f9cc18e049d5b7dc95f0bcf8e03e57019ff$paramod$1e265d9719406ee45a570be27d6567e3eeff81e5\_90_shift_shiftx for cells of type $shiftx.
Using extmapper simplemap for cells of type $logic_and.
Using template $paramod$constmap:dd82805e02d0c05f7629d78043ee7bd4bcc370d0$paramod$5aa0fbdc3e385f336e95d2896ce5aed0c003c799\_90_shift_shiftx for cells of type $shift.
Analyzing pattern of constant bits for this cell:
  Constant input on bit 0 of port A: 1'0
Creating constmapped module `$paramod$constmap:d8aefc1ccc4cc8f7577de99159ea22c4a240a5fa$paramod$5aa0fbdc3e385f336e95d2896ce5aed0c003c799\_90_shift_shiftx'.

10.39.161. Executing OPT_MUXTREE pass (detect dead branches in mux trees).
Running muxtree optimizer on module $paramod$constmap:d8aefc1ccc4cc8f7577de99159ea22c4a240a5fa$paramod$5aa0fbdc3e385f336e95d2896ce5aed0c003c799\_90_shift_shiftx..
  Creating internal representation of mux trees.
  Evaluating internal representation of mux trees.
  Analyzing evaluation results.
    dead port 2/2 on $mux $procmux$18405.
Removed 1 multiplexer ports.
<suppressed ~2575 debug messages>

10.39.162. Executing OPT_EXPR pass (perform const folding).
Optimizing module $paramod$constmap:d8aefc1ccc4cc8f7577de99159ea22c4a240a5fa$paramod$5aa0fbdc3e385f336e95d2896ce5aed0c003c799\_90_shift_shiftx.
<suppressed ~4 debug messages>
Removed 0 unused cells and 9 unused wires.
Using template $paramod$constmap:d8aefc1ccc4cc8f7577de99159ea22c4a240a5fa$paramod$5aa0fbdc3e385f336e95d2896ce5aed0c003c799\_90_shift_shiftx for cells of type $shift.
Using extmapper simplemap for cells of type $lut.
Using extmapper simplemap for cells of type $pmux.
Using template $paramod\_90_fa\WIDTH=32'00000000000000000000000000100001 for cells of type $fa.
Using template $paramod$cc6a978c1b57cdb49efcec348c88d8e28bf1a01f\_80_ice40_alu for cells of type $alu.
Using extmapper simplemap for cells of type $pos.
Using template $paramod\_90_fa\WIDTH=32'00000000000000000000000000000010 for cells of type $fa.
Using template $paramod\_90_lcu_brent_kung\WIDTH=32'00000000000000000000000000000010 for cells of type $lcu.
Using template $paramod\_90_fa\WIDTH=32'00000000000000000000000000000001 for cells of type $fa.
Using template $paramod\_90_lcu_brent_kung\WIDTH=32'00000000000000000000000000000001 for cells of type $lcu.
No more expansions possible.
<suppressed ~1384 debug messages>

10.40. Executing OPT pass (performing simple optimizations).

10.40.1. Executing OPT_EXPR pass (perform const folding).
Optimizing module upduino_replay.
<suppressed ~6068 debug messages>

10.40.2. Executing OPT_MERGE pass (detect identical cells).
Finding identical cells in module `\upduino_replay'.
Computing hashes of 11428 cells of `\upduino_replay'.
Finding duplicate cells in `\upduino_replay'.
Computing hashes of 10279 cells of `\upduino_replay'.
Finding duplicate cells in `\upduino_replay'.
Computing hashes of 10054 cells of `\upduino_replay'.
Finding duplicate cells in `\upduino_replay'.
Computing hashes of 9985 cells of `\upduino_replay'.
Finding duplicate cells in `\upduino_replay'.
Computing hashes of 9951 cells of `\upduino_replay'.
Finding duplicate cells in `\upduino_replay'.
Computing hashes of 9948 cells of `\upduino_replay'.
Finding duplicate cells in `\upduino_replay'.
<suppressed ~4440 debug messages>
Removed a total of 1480 cells.

10.40.3. Executing OPT_DFF pass (perform DFF optimizations).
Adding SRST signal on $auto$ff.cc:337:slice$15995 ($_SDFF_PN0_) from module upduino_replay (D = $auto$simplemap.cc:189:logic_reduce$21801, Q = \system.transport.done, rval = 1'0).
Adding SRST signal on $auto$ff.cc:337:slice$26324 ($_DFF_P_) from module upduino_replay (D = $memory\system.core.bias2$rdmux[0][0][0]$b$12774 [0], Q = $flatten\system.\core.$memrd$\bias2$rtl/core/vibration_core.sv:388$2169_DATA [30], rval = 1'1).

10.40.4. Executing OPT_CLEAN pass (remove unused cells and wires).
Finding unused cells or wires in module \upduino_replay..
Removed 583 unused cells and 4697 unused wires.
<suppressed ~584 debug messages>

10.40.5. Rerunning OPT passes. (Removed registers in this run.)

10.40.6. Executing OPT_EXPR pass (perform const folding).
Optimizing module upduino_replay.
<suppressed ~25 debug messages>

10.40.7. Executing OPT_MERGE pass (detect identical cells).
Finding identical cells in module `\upduino_replay'.
Computing hashes of 9341 cells of `\upduino_replay'.
Finding duplicate cells in `\upduino_replay'.
Computing hashes of 9340 cells of `\upduino_replay'.
Finding duplicate cells in `\upduino_replay'.
<suppressed ~3 debug messages>
Removed a total of 1 cells.

10.40.8. Executing OPT_DFF pass (perform DFF optimizations).

10.40.9. Executing OPT_CLEAN pass (remove unused cells and wires).
Finding unused cells or wires in module \upduino_replay..
Removed 0 unused cells and 3 unused wires.
<suppressed ~1 debug messages>

10.40.10. Finished fast OPT passes.

10.41. Executing ICE40_OPT pass (performing simple optimizations).

10.41.1. Running ICE40 specific optimizations.
Optimized $__ICE40_CARRY_WRAPPER cell back to logic (without SB_CARRY) upduino_replay.$auto$maccmap.cc:240:synth$15267.slice[0].carry: CO=1'0
Optimized $__ICE40_CARRY_WRAPPER cell back to logic (without SB_CARRY) upduino_replay.$auto$alumacc.cc:548:replace_alu$11210.slice[0].carry: CO=\startup [6]
Optimized $__ICE40_CARRY_WRAPPER cell back to logic (without SB_CARRY) upduino_replay.$auto$alumacc.cc:548:replace_alu$11226.slice[0].carry: CO=$auto$alumacc.cc:548:replace_alu$11226.A [0]
Optimized $__ICE40_CARRY_WRAPPER cell back to logic (without SB_CARRY) upduino_replay.$auto$alumacc.cc:548:replace_alu$11239.slice[0].carry: CO=$auto$alumacc.cc:548:replace_alu$11226.A [11]
Optimized $__ICE40_CARRY_WRAPPER cell back to logic (without SB_CARRY) upduino_replay.$auto$alumacc.cc:548:replace_alu$11257.slice[0].carry: CO=$auto$alumacc.cc:548:replace_alu$11257.A [0]
Optimized $__ICE40_CARRY_WRAPPER cell back to logic (without SB_CARRY) upduino_replay.$auto$alumacc.cc:548:replace_alu$11270.slice[0].carry: CO=$auto$alumacc.cc:548:replace_alu$11257.A [11]
Optimized $__ICE40_CARRY_WRAPPER cell back to logic (without SB_CARRY) upduino_replay.$auto$alumacc.cc:548:replace_alu$11277.slice[0].carry: CO=\system.core.state [0]
Optimized $__ICE40_CARRY_WRAPPER cell back to logic (without SB_CARRY) upduino_replay.$auto$alumacc.cc:548:replace_alu$11290.slice[0].carry: CO=\system.core.state [2]
Optimized $__ICE40_CARRY_WRAPPER cell back to logic (without SB_CARRY) upduino_replay.$auto$alumacc.cc:548:replace_alu$11299.slice[0].carry: CO=\system.core.state [0]
Optimized $__ICE40_CARRY_WRAPPER cell back to logic (without SB_CARRY) upduino_replay.$auto$alumacc.cc:548:replace_alu$11312.slice[0].carry: CO=\system.core.state [0]
Optimized $__ICE40_CARRY_WRAPPER cell back to logic (without SB_CARRY) upduino_replay.$auto$alumacc.cc:548:replace_alu$11321.slice[0].carry: CO=\system.core.state [1]
Optimized $__ICE40_CARRY_WRAPPER cell back to logic (without SB_CARRY) upduino_replay.$auto$alumacc.cc:548:replace_alu$11343.slice[0].carry: CO=\system.core.state [0]
Optimized $__ICE40_CARRY_WRAPPER cell back to logic (without SB_CARRY) upduino_replay.$auto$alumacc.cc:548:replace_alu$11356.slice[0].carry: CO=\system.core.state [0]
Optimized $__ICE40_CARRY_WRAPPER cell back to logic (without SB_CARRY) upduino_replay.$auto$alumacc.cc:548:replace_alu$11407.slice[0].carry: CO=$auto$alumacc.cc:548:replace_alu$11407.A [0]
Optimized $__ICE40_CARRY_WRAPPER cell back to logic (without SB_CARRY) upduino_replay.$auto$alumacc.cc:548:replace_alu$11420.slice[0].carry: CO=$auto$alumacc.cc:548:replace_alu$11407.A [15]
Optimized $__ICE40_CARRY_WRAPPER cell back to logic (without SB_CARRY) upduino_replay.$auto$alumacc.cc:548:replace_alu$11438.slice[0].carry: CO=\system.result_count [3]
Optimized $__ICE40_CARRY_WRAPPER cell back to logic (without SB_CARRY) upduino_replay.$auto$alumacc.cc:548:replace_alu$11454.slice[0].carry: CO=\system.core.accumulator[0] [0]
Optimized $__ICE40_CARRY_WRAPPER cell back to logic (without SB_CARRY) upduino_replay.$auto$alumacc.cc:548:replace_alu$11467.slice[0].carry: CO=\system.core.accumulator[0] [31]
Optimized $__ICE40_CARRY_WRAPPER cell back to logic (without SB_CARRY) upduino_replay.$auto$alumacc.cc:548:replace_alu$11496.slice[0].carry: CO=$auto$alumacc.cc:548:replace_alu$11496.A [0]
Optimized $__ICE40_CARRY_WRAPPER cell back to logic (without SB_CARRY) upduino_replay.$auto$alumacc.cc:548:replace_alu$11509.slice[0].carry: CO=\system.header_word [12]
Optimized $__ICE40_CARRY_WRAPPER cell back to logic (without SB_CARRY) upduino_replay.$auto$alumacc.cc:548:replace_alu$11520.slice[0].carry: CO=$auto$alumacc.cc:548:replace_alu$11520.A [0]
Optimized $__ICE40_CARRY_WRAPPER cell back to logic (without SB_CARRY) upduino_replay.$auto$alumacc.cc:548:replace_alu$11578.slice[0].carry: CO=\system.header_word [8]
Optimized $__ICE40_CARRY_WRAPPER cell back to logic (without SB_CARRY) upduino_replay.$auto$alumacc.cc:548:replace_alu$11587.slice[0].carry: CO=\system.header_word [11]
Optimized $__ICE40_CARRY_WRAPPER cell back to logic (without SB_CARRY) upduino_replay.$auto$alumacc.cc:548:replace_alu$11598.slice[0].carry: CO=\system.header_word [10]
Optimized $__ICE40_CARRY_WRAPPER cell back to logic (without SB_CARRY) upduino_replay.$auto$alumacc.cc:548:replace_alu$11603.slice[0].carry: CO=\system.header_word [8]
Optimized $__ICE40_CARRY_WRAPPER cell back to logic (without SB_CARRY) upduino_replay.$auto$alumacc.cc:548:replace_alu$11614.slice[0].carry: CO=\system.byte_index [5]
Optimized $__ICE40_CARRY_WRAPPER cell back to logic (without SB_CARRY) upduino_replay.$auto$alumacc.cc:548:replace_alu$11627.slice[0].carry: CO=\system.result_count [2]
Optimized $__ICE40_CARRY_WRAPPER cell back to logic (without SB_CARRY) upduino_replay.$auto$alumacc.cc:548:replace_alu$11640.slice[0].carry: CO=$auto$alumacc.cc:548:replace_alu$11640.A [0]
Optimized $__ICE40_CARRY_WRAPPER cell back to logic (without SB_CARRY) upduino_replay.$auto$alumacc.cc:548:replace_alu$11653.slice[0].carry: CO=\system.transport.cmd_length [8]
Optimized $__ICE40_CARRY_WRAPPER cell back to logic (without SB_CARRY) upduino_replay.$auto$alumacc.cc:548:replace_alu$11664.slice[0].carry: CO=$auto$alumacc.cc:548:replace_alu$11664.A [0]
Optimized $__ICE40_CARRY_WRAPPER cell back to logic (without SB_CARRY) upduino_replay.$auto$alumacc.cc:548:replace_alu$11675.slice[0].carry: CO=\system.transport.cmd_address [20]
Optimized $__ICE40_CARRY_WRAPPER cell back to logic (without SB_CARRY) upduino_replay.$auto$alumacc.cc:548:replace_alu$11675.slice[2].carry: CO=$auto$alumacc.cc:548:replace_alu$11675.C [2]
Optimized $__ICE40_CARRY_WRAPPER cell back to logic (without SB_CARRY) upduino_replay.$auto$alumacc.cc:548:replace_alu$11675.slice[3].carry: CO=$auto$alumacc.cc:548:replace_alu$11675.C [3]
Optimized $__ICE40_CARRY_WRAPPER cell back to logic (without SB_CARRY) upduino_replay.$auto$alumacc.cc:548:replace_alu$11680.slice[0].carry: CO=$auto$alumacc.cc:548:replace_alu$11680.A [0]
Optimized $__ICE40_CARRY_WRAPPER cell back to logic (without SB_CARRY) upduino_replay.$auto$alumacc.cc:548:replace_alu$11680.slice[5].carry: CO=$auto$alumacc.cc:548:replace_alu$11680.C [5]
Optimized $__ICE40_CARRY_WRAPPER cell back to logic (without SB_CARRY) upduino_replay.$auto$alumacc.cc:548:replace_alu$11680.slice[6].carry: CO=$auto$alumacc.cc:548:replace_alu$11680.C [6]
Optimized $__ICE40_CARRY_WRAPPER cell back to logic (without SB_CARRY) upduino_replay.$auto$alumacc.cc:548:replace_alu$11680.slice[7].carry: CO=$auto$alumacc.cc:548:replace_alu$11680.C [7]
Optimized $__ICE40_CARRY_WRAPPER cell back to logic (without SB_CARRY) upduino_replay.$auto$alumacc.cc:548:replace_alu$11691.slice[0].carry: CO=\system.source.generated_count [0]
Optimized $__ICE40_CARRY_WRAPPER cell back to logic (without SB_CARRY) upduino_replay.$auto$alumacc.cc:548:replace_alu$11700.slice[0].carry: CO=\system.source.phase [0]
Optimized $__ICE40_CARRY_WRAPPER cell back to logic (without SB_CARRY) upduino_replay.$auto$alumacc.cc:548:replace_alu$11700.slice[16].carry: CO=1'0
Optimized $__ICE40_CARRY_WRAPPER cell back to logic (without SB_CARRY) upduino_replay.$auto$alumacc.cc:548:replace_alu$11703.slice[0].carry: CO=\system.source.phase [0]
Optimized $__ICE40_CARRY_WRAPPER cell back to logic (without SB_CARRY) upduino_replay.$auto$alumacc.cc:548:replace_alu$11706.slice[0].carry: CO=\system.source.read_address [0]
Optimized $__ICE40_CARRY_WRAPPER cell back to logic (without SB_CARRY) upduino_replay.$auto$alumacc.cc:548:replace_alu$11709.slice[0].carry: CO=\system.source.read_address [0]
Optimized $__ICE40_CARRY_WRAPPER cell back to logic (without SB_CARRY) upduino_replay.$auto$alumacc.cc:548:replace_alu$11709.slice[14].carry: CO=1'0
Optimized $__ICE40_CARRY_WRAPPER cell back to logic (without SB_CARRY) upduino_replay.$auto$alumacc.cc:548:replace_alu$11712.slice[0].carry: CO=$auto$alumacc.cc:548:replace_alu$11712.BB [0]
Optimized $__ICE40_CARRY_WRAPPER cell back to logic (without SB_CARRY) upduino_replay.$auto$alumacc.cc:548:replace_alu$11712.slice[15].carry: CO=$auto$alumacc.cc:548:replace_alu$11712.C [15]
Optimized $__ICE40_CARRY_WRAPPER cell back to logic (without SB_CARRY) upduino_replay.$auto$alumacc.cc:548:replace_alu$11718.slice[0].carry: CO=\system.source.current_frame [0]
Optimized $__ICE40_CARRY_WRAPPER cell back to logic (without SB_CARRY) upduino_replay.$auto$alumacc.cc:548:replace_alu$11718.slice[10].carry: CO=1'0
Optimized $__ICE40_CARRY_WRAPPER cell back to logic (without SB_CARRY) upduino_replay.$auto$alumacc.cc:548:replace_alu$11721.slice[0].carry: CO=\system.source.current_frame [0]
Optimized $__ICE40_CARRY_WRAPPER cell back to logic (without SB_CARRY) upduino_replay.$auto$alumacc.cc:548:replace_alu$11724.slice[0].carry: CO=\system.transport.polls [0]
Optimized $__ICE40_CARRY_WRAPPER cell back to logic (without SB_CARRY) upduino_replay.$auto$alumacc.cc:548:replace_alu$11727.slice[0].carry: CO=\system.transport.remaining [0]
Optimized $__ICE40_CARRY_WRAPPER cell back to logic (without SB_CARRY) upduino_replay.$auto$alumacc.cc:548:replace_alu$11741.slice[16].carry: CO=1'0
Optimized $__ICE40_CARRY_WRAPPER cell back to logic (without SB_CARRY) upduino_replay.$auto$alumacc.cc:548:replace_alu$11744.slice[0].carry: CO=\system.transport.wake_count [0]
Optimized $__ICE40_CARRY_WRAPPER cell back to logic (without SB_CARRY) upduino_replay.$auto$alumacc.cc:548:replace_alu$11747.slice[0].carry: CO=$auto$alumacc.cc:548:replace_alu$11747.BB [0]
Optimized $__ICE40_CARRY_WRAPPER cell back to logic (without SB_CARRY) upduino_replay.$auto$alumacc.cc:548:replace_alu$11750.slice[0].carry: CO=$auto$alumacc.cc:548:replace_alu$11747.BB [0]
Optimized $__ICE40_CARRY_WRAPPER cell back to logic (without SB_CARRY) upduino_replay.$auto$alumacc.cc:548:replace_alu$11750.slice[17].carry: CO=$auto$alumacc.cc:548:replace_alu$11750.C [17]
Optimized $__ICE40_CARRY_WRAPPER cell back to logic (without SB_CARRY) upduino_replay.$auto$alumacc.cc:548:replace_alu$11761.slice[0].carry: CO=\system.transport.spi.edge_count [0]
Optimized $__ICE40_CARRY_WRAPPER cell back to logic (without SB_CARRY) upduino_replay.$auto$alumacc.cc:548:replace_alu$11764.slice[0].carry: CO=\system.source.point [0]
Optimized $__ICE40_CARRY_WRAPPER cell back to logic (without SB_CARRY) upduino_replay.$auto$alumacc.cc:548:replace_alu$11767.slice[0].carry: CO=\system.page_remaining [0]
Optimized $__ICE40_CARRY_WRAPPER cell back to logic (without SB_CARRY) upduino_replay.$auto$alumacc.cc:548:replace_alu$11772.slice[0].carry: CO=\system.write_position [0]
Optimized $__ICE40_CARRY_WRAPPER cell back to logic (without SB_CARRY) upduino_replay.$auto$alumacc.cc:548:replace_alu$11775.slice[0].carry: CO=\system.tail_cycles [0]
Optimized $__ICE40_CARRY_WRAPPER cell back to logic (without SB_CARRY) upduino_replay.$auto$alumacc.cc:548:replace_alu$11778.slice[0].carry: CO=\system.byte_index [0]
Optimized $__ICE40_CARRY_WRAPPER cell back to logic (without SB_CARRY) upduino_replay.$auto$alumacc.cc:548:replace_alu$11781.slice[0].carry: CO=$auto$alumacc.cc:548:replace_alu$11781.BB [0]
Optimized $__ICE40_CARRY_WRAPPER cell back to logic (without SB_CARRY) upduino_replay.$auto$alumacc.cc:548:replace_alu$11787.slice[0].carry: CO=\system.core.nn_group [0]
Optimized $__ICE40_CARRY_WRAPPER cell back to logic (without SB_CARRY) upduino_replay.$auto$alumacc.cc:548:replace_alu$11790.slice[0].carry: CO=\system.core.nn_group [0]
Optimized $__ICE40_CARRY_WRAPPER cell back to logic (without SB_CARRY) upduino_replay.$auto$alumacc.cc:548:replace_alu$11790.slice[4].carry: CO=1'0
Optimized $__ICE40_CARRY_WRAPPER cell back to logic (without SB_CARRY) upduino_replay.$auto$alumacc.cc:548:replace_alu$11799.slice[0].carry: CO=\system.core.nn_input [0]
Optimized $__ICE40_CARRY_WRAPPER cell back to logic (without SB_CARRY) upduino_replay.$auto$alumacc.cc:548:replace_alu$11805.slice[0].carry: CO=\system.core.power_index [0]
Optimized $__ICE40_CARRY_WRAPPER cell back to logic (without SB_CARRY) upduino_replay.$auto$alumacc.cc:548:replace_alu$11808.slice[0].carry: CO=\system.core.feature_index [0]
Optimized $__ICE40_CARRY_WRAPPER cell back to logic (without SB_CARRY) upduino_replay.$auto$alumacc.cc:548:replace_alu$11811.slice[0].carry: CO=\system.core.quant_remaining [0]
Optimized $__ICE40_CARRY_WRAPPER cell back to logic (without SB_CARRY) upduino_replay.$auto$alumacc.cc:548:replace_alu$11819.slice[0].carry: CO=\system.record_word [0]
Optimized $__ICE40_CARRY_WRAPPER cell back to logic (without SB_CARRY) upduino_replay.$auto$alumacc.cc:548:replace_alu$11822.slice[0].carry: CO=\system.core.dft_group [0]
Optimized $__ICE40_CARRY_WRAPPER cell back to logic (without SB_CARRY) upduino_replay.$auto$alumacc.cc:548:replace_alu$11825.slice[0].carry: CO=\system.core.dft_group [0]
Optimized $__ICE40_CARRY_WRAPPER cell back to logic (without SB_CARRY) upduino_replay.$auto$alumacc.cc:548:replace_alu$11825.slice[7].carry: CO=1'0
Optimized $__ICE40_CARRY_WRAPPER cell back to logic (without SB_CARRY) upduino_replay.$auto$alumacc.cc:548:replace_alu$11828.slice[0].carry: CO=\system.result_count [0]
Optimized $__ICE40_CARRY_WRAPPER cell back to logic (without SB_CARRY) upduino_replay.$auto$alumacc.cc:548:replace_alu$11831.slice[0].carry: CO=\system.overflow_count [0]
Optimized $__ICE40_CARRY_WRAPPER cell back to logic (without SB_CARRY) upduino_replay.$auto$alumacc.cc:548:replace_alu$11834.slice[0].carry: CO=\system.accepted_samples [0]
Optimized $__ICE40_CARRY_WRAPPER cell back to logic (without SB_CARRY) upduino_replay.$auto$alumacc.cc:548:replace_alu$11840.slice[0].carry: CO=\system.core.point [0]
Optimized $__ICE40_CARRY_WRAPPER cell back to logic (without SB_CARRY) upduino_replay.$auto$alumacc.cc:548:replace_alu$11858.slice[0].carry: CO=\system.core.count_total [0]
Optimized $__ICE40_CARRY_WRAPPER cell back to logic (without SB_CARRY) upduino_replay.$auto$alumacc.cc:548:replace_alu$11861.slice[0].carry: CO=\system.core.count_nn [0]
Optimized $__ICE40_CARRY_WRAPPER cell back to logic (without SB_CARRY) upduino_replay.$auto$alumacc.cc:548:replace_alu$11864.slice[0].carry: CO=\system.core.count_power [0]
Optimized $__ICE40_CARRY_WRAPPER cell back to logic (without SB_CARRY) upduino_replay.$auto$alumacc.cc:548:replace_alu$11867.slice[0].carry: CO=\system.core.count_dft [0]
Optimized $__ICE40_CARRY_WRAPPER cell back to logic (without SB_CARRY) upduino_replay.$auto$alumacc.cc:548:replace_alu$11870.slice[0].carry: CO=\system.core.count_pre [0]
Optimized $__ICE40_CARRY_WRAPPER cell back to logic (without SB_CARRY) upduino_replay.$auto$alumacc.cc:548:replace_alu$11873.slice[0].carry: CO=\system.core.input_index [0]
Optimized $__ICE40_CARRY_WRAPPER cell back to logic (without SB_CARRY) upduino_replay.$auto$alumacc.cc:548:replace_alu$11876.slice[0].carry: CO=\system.core.protocol_errors [0]
Optimized $__ICE40_CARRY_WRAPPER cell back to logic (without SB_CARRY) upduino_replay.$auto$alumacc.cc:548:replace_alu$11894.slice[0].carry: CO=$auto$alumacc.cc:548:replace_alu$11840.X [0]
Optimized $__ICE40_CARRY_WRAPPER cell back to logic (without SB_CARRY) upduino_replay.$auto$alumacc.cc:548:replace_alu$11909.slice[0].carry: CO=\startup [0]
Optimized $__ICE40_CARRY_WRAPPER cell back to logic (without SB_CARRY) upduino_replay.$auto$alumacc.cc:548:replace_alu$11912.slice[7].carry: CO=1'0
Optimized $__ICE40_CARRY_WRAPPER cell back to logic (without SB_CARRY) upduino_replay.$auto$opt_expr.cc:1942:replace_const_cells$12275.slice[0].carry: CO=\system.write_position [12]
Optimized $__ICE40_CARRY_WRAPPER cell back to logic (without SB_CARRY) upduino_replay.$auto$opt_expr.cc:1942:replace_const_cells$12275.slice[5].carry: CO=1'0
Optimized $__ICE40_CARRY_WRAPPER cell back to logic (without SB_CARRY) upduino_replay.$auto$opt_expr.cc:1942:replace_const_cells$12696.slice[0].carry: CO=$auto$opt_expr.cc:1942:replace_const_cells$12696.BB [0]
Optimized $__ICE40_CARRY_WRAPPER cell back to logic (without SB_CARRY) upduino_replay.$auto$opt_expr.cc:1942:replace_const_cells$12696.slice[13].carry: CO=$auto$opt_expr.cc:1942:replace_const_cells$12696.C [13]
Optimized $__ICE40_CARRY_WRAPPER cell back to logic (without SB_CARRY) upduino_replay.$auto$opt_expr.cc:1942:replace_const_cells$12696.slice[14].carry: CO=1'1
Optimized $__ICE40_CARRY_WRAPPER cell back to logic (without SB_CARRY) upduino_replay.$auto$opt_expr.cc:1942:replace_const_cells$13194.slice[19].carry: CO=1'0

10.41.2. Executing OPT_EXPR pass (perform const folding).
Optimizing module upduino_replay.
<suppressed ~20 debug messages>

10.41.3. Executing OPT_MERGE pass (detect identical cells).
Finding identical cells in module `\upduino_replay'.
Computing hashes of 9328 cells of `\upduino_replay'.
Finding duplicate cells in `\upduino_replay'.
Computing hashes of 9311 cells of `\upduino_replay'.
Finding duplicate cells in `\upduino_replay'.
<suppressed ~51 debug messages>
Removed a total of 17 cells.

10.41.4. Executing OPT_DFF pass (perform DFF optimizations).
Adding SRST signal on $auto$ff.cc:337:slice$13514 ($_DFFE_PP_) from module upduino_replay (D = \system.core.accumulator[0] [31], Q = \system.core.logits[0] [31], rval = 1'0).
Adding SRST signal on $auto$ff.cc:337:slice$13475 ($_DFFE_PP_) from module upduino_replay (D = \system.core.accumulator[0] [31], Q = \system.core.logits[1] [31], rval = 1'0).
Adding SRST signal on $auto$ff.cc:337:slice$13436 ($_DFFE_PP_) from module upduino_replay (D = \system.core.accumulator[0] [31], Q = \system.core.logits[2] [31], rval = 1'0).
Adding SRST signal on $auto$ff.cc:337:slice$19636 ($_DFF_P_) from module upduino_replay (D = $memory\system.core.frequency_bins$rdmux[0][1][0]$a$12968 [8], Q = $auto$alumacc.cc:548:replace_alu$11843.B [8], rval = 1'1).
Adding SRST signal on $auto$ff.cc:337:slice$13405 ($_DFFE_PP_) from module upduino_replay (D = \system.core.accumulator[0] [0], Q = \system.core.logits[2] [0], rval = 1'0).
Adding SRST signal on $auto$ff.cc:337:slice$13406 ($_DFFE_PP_) from module upduino_replay (D = \system.core.accumulator[0] [1], Q = \system.core.logits[2] [1], rval = 1'0).
Adding SRST signal on $auto$ff.cc:337:slice$13407 ($_DFFE_PP_) from module upduino_replay (D = \system.core.accumulator[0] [2], Q = \system.core.logits[2] [2], rval = 1'0).
Adding SRST signal on $auto$ff.cc:337:slice$13408 ($_DFFE_PP_) from module upduino_replay (D = \system.core.accumulator[0] [3], Q = \system.core.logits[2] [3], rval = 1'0).
Adding SRST signal on $auto$ff.cc:337:slice$13409 ($_DFFE_PP_) from module upduino_replay (D = \system.core.accumulator[0] [4], Q = \system.core.logits[2] [4], rval = 1'0).
Adding SRST signal on $auto$ff.cc:337:slice$13410 ($_DFFE_PP_) from module upduino_replay (D = \system.core.accumulator[0] [5], Q = \system.core.logits[2] [5], rval = 1'0).
Adding SRST signal on $auto$ff.cc:337:slice$13411 ($_DFFE_PP_) from module upduino_replay (D = \system.core.accumulator[0] [6], Q = \system.core.logits[2] [6], rval = 1'0).
Adding SRST signal on $auto$ff.cc:337:slice$13412 ($_DFFE_PP_) from module upduino_replay (D = \system.core.accumulator[0] [7], Q = \system.core.logits[2] [7], rval = 1'0).
Adding SRST signal on $auto$ff.cc:337:slice$13413 ($_DFFE_PP_) from module upduino_replay (D = \system.core.accumulator[0] [8], Q = \system.core.logits[2] [8], rval = 1'0).
Adding SRST signal on $auto$ff.cc:337:slice$13414 ($_DFFE_PP_) from module upduino_replay (D = \system.core.accumulator[0] [9], Q = \system.core.logits[2] [9], rval = 1'0).
Adding SRST signal on $auto$ff.cc:337:slice$13415 ($_DFFE_PP_) from module upduino_replay (D = \system.core.accumulator[0] [10], Q = \system.core.logits[2] [10], rval = 1'0).
Adding SRST signal on $auto$ff.cc:337:slice$13416 ($_DFFE_PP_) from module upduino_replay (D = \system.core.accumulator[0] [11], Q = \system.core.logits[2] [11], rval = 1'0).
Adding SRST signal on $auto$ff.cc:337:slice$13417 ($_DFFE_PP_) from module upduino_replay (D = \system.core.accumulator[0] [12], Q = \system.core.logits[2] [12], rval = 1'0).
Adding SRST signal on $auto$ff.cc:337:slice$13418 ($_DFFE_PP_) from module upduino_replay (D = \system.core.accumulator[0] [13], Q = \system.core.logits[2] [13], rval = 1'0).
Adding SRST signal on $auto$ff.cc:337:slice$13419 ($_DFFE_PP_) from module upduino_replay (D = \system.core.accumulator[0] [14], Q = \system.core.logits[2] [14], rval = 1'0).
Adding SRST signal on $auto$ff.cc:337:slice$13420 ($_DFFE_PP_) from module upduino_replay (D = \system.core.accumulator[0] [15], Q = \system.core.logits[2] [15], rval = 1'0).
Adding SRST signal on $auto$ff.cc:337:slice$13421 ($_DFFE_PP_) from module upduino_replay (D = \system.core.accumulator[0] [16], Q = \system.core.logits[2] [16], rval = 1'0).
Adding SRST signal on $auto$ff.cc:337:slice$13422 ($_DFFE_PP_) from module upduino_replay (D = \system.core.accumulator[0] [17], Q = \system.core.logits[2] [17], rval = 1'0).
Adding SRST signal on $auto$ff.cc:337:slice$13423 ($_DFFE_PP_) from module upduino_replay (D = \system.core.accumulator[0] [18], Q = \system.core.logits[2] [18], rval = 1'0).
Adding SRST signal on $auto$ff.cc:337:slice$13424 ($_DFFE_PP_) from module upduino_replay (D = \system.core.accumulator[0] [19], Q = \system.core.logits[2] [19], rval = 1'0).
Adding SRST signal on $auto$ff.cc:337:slice$13425 ($_DFFE_PP_) from module upduino_replay (D = \system.core.accumulator[0] [20], Q = \system.core.logits[2] [20], rval = 1'0).
Adding SRST signal on $auto$ff.cc:337:slice$13426 ($_DFFE_PP_) from module upduino_replay (D = \system.core.accumulator[0] [21], Q = \system.core.logits[2] [21], rval = 1'0).
Adding SRST signal on $auto$ff.cc:337:slice$13427 ($_DFFE_PP_) from module upduino_replay (D = \system.core.accumulator[0] [22], Q = \system.core.logits[2] [22], rval = 1'0).
Adding SRST signal on $auto$ff.cc:337:slice$13428 ($_DFFE_PP_) from module upduino_replay (D = \system.core.accumulator[0] [23], Q = \system.core.logits[2] [23], rval = 1'0).
Adding SRST signal on $auto$ff.cc:337:slice$13429 ($_DFFE_PP_) from module upduino_replay (D = \system.core.accumulator[0] [24], Q = \system.core.logits[2] [24], rval = 1'0).
Adding SRST signal on $auto$ff.cc:337:slice$13430 ($_DFFE_PP_) from module upduino_replay (D = \system.core.accumulator[0] [25], Q = \system.core.logits[2] [25], rval = 1'0).
Adding SRST signal on $auto$ff.cc:337:slice$13431 ($_DFFE_PP_) from module upduino_replay (D = \system.core.accumulator[0] [26], Q = \system.core.logits[2] [26], rval = 1'0).
Adding SRST signal on $auto$ff.cc:337:slice$13432 ($_DFFE_PP_) from module upduino_replay (D = \system.core.accumulator[0] [27], Q = \system.core.logits[2] [27], rval = 1'0).
Adding SRST signal on $auto$ff.cc:337:slice$13433 ($_DFFE_PP_) from module upduino_replay (D = \system.core.accumulator[0] [28], Q = \system.core.logits[2] [28], rval = 1'0).
Adding SRST signal on $auto$ff.cc:337:slice$13434 ($_DFFE_PP_) from module upduino_replay (D = \system.core.accumulator[0] [29], Q = \system.core.logits[2] [29], rval = 1'0).
Adding SRST signal on $auto$ff.cc:337:slice$13435 ($_DFFE_PP_) from module upduino_replay (D = \system.core.accumulator[0] [30], Q = \system.core.logits[2] [30], rval = 1'0).
Adding SRST signal on $auto$ff.cc:337:slice$13444 ($_DFFE_PP_) from module upduino_replay (D = \system.core.accumulator[0] [0], Q = \system.core.logits[1] [0], rval = 1'0).
Adding SRST signal on $auto$ff.cc:337:slice$13445 ($_DFFE_PP_) from module upduino_replay (D = \system.core.accumulator[0] [1], Q = \system.core.logits[1] [1], rval = 1'0).
Adding SRST signal on $auto$ff.cc:337:slice$13446 ($_DFFE_PP_) from module upduino_replay (D = \system.core.accumulator[0] [2], Q = \system.core.logits[1] [2], rval = 1'0).
Adding SRST signal on $auto$ff.cc:337:slice$13447 ($_DFFE_PP_) from module upduino_replay (D = \system.core.accumulator[0] [3], Q = \system.core.logits[1] [3], rval = 1'0).
Adding SRST signal on $auto$ff.cc:337:slice$13448 ($_DFFE_PP_) from module upduino_replay (D = \system.core.accumulator[0] [4], Q = \system.core.logits[1] [4], rval = 1'0).
Adding SRST signal on $auto$ff.cc:337:slice$13449 ($_DFFE_PP_) from module upduino_replay (D = \system.core.accumulator[0] [5], Q = \system.core.logits[1] [5], rval = 1'0).
Adding SRST signal on $auto$ff.cc:337:slice$13450 ($_DFFE_PP_) from module upduino_replay (D = \system.core.accumulator[0] [6], Q = \system.core.logits[1] [6], rval = 1'0).
Adding SRST signal on $auto$ff.cc:337:slice$13451 ($_DFFE_PP_) from module upduino_replay (D = \system.core.accumulator[0] [7], Q = \system.core.logits[1] [7], rval = 1'0).
Adding SRST signal on $auto$ff.cc:337:slice$13452 ($_DFFE_PP_) from module upduino_replay (D = \system.core.accumulator[0] [8], Q = \system.core.logits[1] [8], rval = 1'0).
Adding SRST signal on $auto$ff.cc:337:slice$13453 ($_DFFE_PP_) from module upduino_replay (D = \system.core.accumulator[0] [9], Q = \system.core.logits[1] [9], rval = 1'0).
Adding SRST signal on $auto$ff.cc:337:slice$13454 ($_DFFE_PP_) from module upduino_replay (D = \system.core.accumulator[0] [10], Q = \system.core.logits[1] [10], rval = 1'0).
Adding SRST signal on $auto$ff.cc:337:slice$13455 ($_DFFE_PP_) from module upduino_replay (D = \system.core.accumulator[0] [11], Q = \system.core.logits[1] [11], rval = 1'0).
Adding SRST signal on $auto$ff.cc:337:slice$13456 ($_DFFE_PP_) from module upduino_replay (D = \system.core.accumulator[0] [12], Q = \system.core.logits[1] [12], rval = 1'0).
Adding SRST signal on $auto$ff.cc:337:slice$13457 ($_DFFE_PP_) from module upduino_replay (D = \system.core.accumulator[0] [13], Q = \system.core.logits[1] [13], rval = 1'0).
Adding SRST signal on $auto$ff.cc:337:slice$13458 ($_DFFE_PP_) from module upduino_replay (D = \system.core.accumulator[0] [14], Q = \system.core.logits[1] [14], rval = 1'0).
Adding SRST signal on $auto$ff.cc:337:slice$13459 ($_DFFE_PP_) from module upduino_replay (D = \system.core.accumulator[0] [15], Q = \system.core.logits[1] [15], rval = 1'0).
Adding SRST signal on $auto$ff.cc:337:slice$13460 ($_DFFE_PP_) from module upduino_replay (D = \system.core.accumulator[0] [16], Q = \system.core.logits[1] [16], rval = 1'0).
Adding SRST signal on $auto$ff.cc:337:slice$13461 ($_DFFE_PP_) from module upduino_replay (D = \system.core.accumulator[0] [17], Q = \system.core.logits[1] [17], rval = 1'0).
Adding SRST signal on $auto$ff.cc:337:slice$13462 ($_DFFE_PP_) from module upduino_replay (D = \system.core.accumulator[0] [18], Q = \system.core.logits[1] [18], rval = 1'0).
Adding SRST signal on $auto$ff.cc:337:slice$13463 ($_DFFE_PP_) from module upduino_replay (D = \system.core.accumulator[0] [19], Q = \system.core.logits[1] [19], rval = 1'0).
Adding SRST signal on $auto$ff.cc:337:slice$13464 ($_DFFE_PP_) from module upduino_replay (D = \system.core.accumulator[0] [20], Q = \system.core.logits[1] [20], rval = 1'0).
Adding SRST signal on $auto$ff.cc:337:slice$13465 ($_DFFE_PP_) from module upduino_replay (D = \system.core.accumulator[0] [21], Q = \system.core.logits[1] [21], rval = 1'0).
Adding SRST signal on $auto$ff.cc:337:slice$13466 ($_DFFE_PP_) from module upduino_replay (D = \system.core.accumulator[0] [22], Q = \system.core.logits[1] [22], rval = 1'0).
Adding SRST signal on $auto$ff.cc:337:slice$13467 ($_DFFE_PP_) from module upduino_replay (D = \system.core.accumulator[0] [23], Q = \system.core.logits[1] [23], rval = 1'0).
Adding SRST signal on $auto$ff.cc:337:slice$13468 ($_DFFE_PP_) from module upduino_replay (D = \system.core.accumulator[0] [24], Q = \system.core.logits[1] [24], rval = 1'0).
Adding SRST signal on $auto$ff.cc:337:slice$13469 ($_DFFE_PP_) from module upduino_replay (D = \system.core.accumulator[0] [25], Q = \system.core.logits[1] [25], rval = 1'0).
Adding SRST signal on $auto$ff.cc:337:slice$13470 ($_DFFE_PP_) from module upduino_replay (D = \system.core.accumulator[0] [26], Q = \system.core.logits[1] [26], rval = 1'0).
Adding SRST signal on $auto$ff.cc:337:slice$13471 ($_DFFE_PP_) from module upduino_replay (D = \system.core.accumulator[0] [27], Q = \system.core.logits[1] [27], rval = 1'0).
Adding SRST signal on $auto$ff.cc:337:slice$13472 ($_DFFE_PP_) from module upduino_replay (D = \system.core.accumulator[0] [28], Q = \system.core.logits[1] [28], rval = 1'0).
Adding SRST signal on $auto$ff.cc:337:slice$13473 ($_DFFE_PP_) from module upduino_replay (D = \system.core.accumulator[0] [29], Q = \system.core.logits[1] [29], rval = 1'0).
Adding SRST signal on $auto$ff.cc:337:slice$13474 ($_DFFE_PP_) from module upduino_replay (D = \system.core.accumulator[0] [30], Q = \system.core.logits[1] [30], rval = 1'0).
Adding SRST signal on $auto$ff.cc:337:slice$13483 ($_DFFE_PP_) from module upduino_replay (D = \system.core.accumulator[0] [0], Q = \system.core.logits[0] [0], rval = 1'0).
Adding SRST signal on $auto$ff.cc:337:slice$13484 ($_DFFE_PP_) from module upduino_replay (D = \system.core.accumulator[0] [1], Q = \system.core.logits[0] [1], rval = 1'0).
Adding SRST signal on $auto$ff.cc:337:slice$13485 ($_DFFE_PP_) from module upduino_replay (D = \system.core.accumulator[0] [2], Q = \system.core.logits[0] [2], rval = 1'0).
Adding SRST signal on $auto$ff.cc:337:slice$13486 ($_DFFE_PP_) from module upduino_replay (D = \system.core.accumulator[0] [3], Q = \system.core.logits[0] [3], rval = 1'0).
Adding SRST signal on $auto$ff.cc:337:slice$13487 ($_DFFE_PP_) from module upduino_replay (D = \system.core.accumulator[0] [4], Q = \system.core.logits[0] [4], rval = 1'0).
Adding SRST signal on $auto$ff.cc:337:slice$13488 ($_DFFE_PP_) from module upduino_replay (D = \system.core.accumulator[0] [5], Q = \system.core.logits[0] [5], rval = 1'0).
Adding SRST signal on $auto$ff.cc:337:slice$13489 ($_DFFE_PP_) from module upduino_replay (D = \system.core.accumulator[0] [6], Q = \system.core.logits[0] [6], rval = 1'0).
Adding SRST signal on $auto$ff.cc:337:slice$13490 ($_DFFE_PP_) from module upduino_replay (D = \system.core.accumulator[0] [7], Q = \system.core.logits[0] [7], rval = 1'0).
Adding SRST signal on $auto$ff.cc:337:slice$13491 ($_DFFE_PP_) from module upduino_replay (D = \system.core.accumulator[0] [8], Q = \system.core.logits[0] [8], rval = 1'0).
Adding SRST signal on $auto$ff.cc:337:slice$13492 ($_DFFE_PP_) from module upduino_replay (D = \system.core.accumulator[0] [9], Q = \system.core.logits[0] [9], rval = 1'0).
Adding SRST signal on $auto$ff.cc:337:slice$13493 ($_DFFE_PP_) from module upduino_replay (D = \system.core.accumulator[0] [10], Q = \system.core.logits[0] [10], rval = 1'0).
Adding SRST signal on $auto$ff.cc:337:slice$13494 ($_DFFE_PP_) from module upduino_replay (D = \system.core.accumulator[0] [11], Q = \system.core.logits[0] [11], rval = 1'0).
Adding SRST signal on $auto$ff.cc:337:slice$13495 ($_DFFE_PP_) from module upduino_replay (D = \system.core.accumulator[0] [12], Q = \system.core.logits[0] [12], rval = 1'0).
Adding SRST signal on $auto$ff.cc:337:slice$13496 ($_DFFE_PP_) from module upduino_replay (D = \system.core.accumulator[0] [13], Q = \system.core.logits[0] [13], rval = 1'0).
Adding SRST signal on $auto$ff.cc:337:slice$13497 ($_DFFE_PP_) from module upduino_replay (D = \system.core.accumulator[0] [14], Q = \system.core.logits[0] [14], rval = 1'0).
Adding SRST signal on $auto$ff.cc:337:slice$13498 ($_DFFE_PP_) from module upduino_replay (D = \system.core.accumulator[0] [15], Q = \system.core.logits[0] [15], rval = 1'0).
Adding SRST signal on $auto$ff.cc:337:slice$13499 ($_DFFE_PP_) from module upduino_replay (D = \system.core.accumulator[0] [16], Q = \system.core.logits[0] [16], rval = 1'0).
Adding SRST signal on $auto$ff.cc:337:slice$13500 ($_DFFE_PP_) from module upduino_replay (D = \system.core.accumulator[0] [17], Q = \system.core.logits[0] [17], rval = 1'0).
Adding SRST signal on $auto$ff.cc:337:slice$13501 ($_DFFE_PP_) from module upduino_replay (D = \system.core.accumulator[0] [18], Q = \system.core.logits[0] [18], rval = 1'0).
Adding SRST signal on $auto$ff.cc:337:slice$13502 ($_DFFE_PP_) from module upduino_replay (D = \system.core.accumulator[0] [19], Q = \system.core.logits[0] [19], rval = 1'0).
Adding SRST signal on $auto$ff.cc:337:slice$13503 ($_DFFE_PP_) from module upduino_replay (D = \system.core.accumulator[0] [20], Q = \system.core.logits[0] [20], rval = 1'0).
Adding SRST signal on $auto$ff.cc:337:slice$13504 ($_DFFE_PP_) from module upduino_replay (D = \system.core.accumulator[0] [21], Q = \system.core.logits[0] [21], rval = 1'0).
Adding SRST signal on $auto$ff.cc:337:slice$13505 ($_DFFE_PP_) from module upduino_replay (D = \system.core.accumulator[0] [22], Q = \system.core.logits[0] [22], rval = 1'0).
Adding SRST signal on $auto$ff.cc:337:slice$13506 ($_DFFE_PP_) from module upduino_replay (D = \system.core.accumulator[0] [23], Q = \system.core.logits[0] [23], rval = 1'0).
Adding SRST signal on $auto$ff.cc:337:slice$13507 ($_DFFE_PP_) from module upduino_replay (D = \system.core.accumulator[0] [24], Q = \system.core.logits[0] [24], rval = 1'0).
Adding SRST signal on $auto$ff.cc:337:slice$13508 ($_DFFE_PP_) from module upduino_replay (D = \system.core.accumulator[0] [25], Q = \system.core.logits[0] [25], rval = 1'0).
Adding SRST signal on $auto$ff.cc:337:slice$13509 ($_DFFE_PP_) from module upduino_replay (D = \system.core.accumulator[0] [26], Q = \system.core.logits[0] [26], rval = 1'0).
Adding SRST signal on $auto$ff.cc:337:slice$13510 ($_DFFE_PP_) from module upduino_replay (D = \system.core.accumulator[0] [27], Q = \system.core.logits[0] [27], rval = 1'0).
Adding SRST signal on $auto$ff.cc:337:slice$13511 ($_DFFE_PP_) from module upduino_replay (D = \system.core.accumulator[0] [28], Q = \system.core.logits[0] [28], rval = 1'0).
Adding SRST signal on $auto$ff.cc:337:slice$13512 ($_DFFE_PP_) from module upduino_replay (D = \system.core.accumulator[0] [29], Q = \system.core.logits[0] [29], rval = 1'0).
Adding SRST signal on $auto$ff.cc:337:slice$13513 ($_DFFE_PP_) from module upduino_replay (D = \system.core.accumulator[0] [30], Q = \system.core.logits[0] [30], rval = 1'0).

10.41.5. Executing OPT_CLEAN pass (remove unused cells and wires).
Finding unused cells or wires in module \upduino_replay..
Removed 126 unused cells and 21 unused wires.
<suppressed ~127 debug messages>

10.41.6. Rerunning OPT passes. (Removed registers in this run.)

10.41.7. Running ICE40 specific optimizations.

10.41.8. Executing OPT_EXPR pass (perform const folding).
Optimizing module upduino_replay.

10.41.9. Executing OPT_MERGE pass (detect identical cells).
Finding identical cells in module `\upduino_replay'.
Computing hashes of 9186 cells of `\upduino_replay'.
Finding duplicate cells in `\upduino_replay'.
Removed a total of 0 cells.

10.41.10. Executing OPT_DFF pass (perform DFF optimizations).

10.41.11. Executing OPT_CLEAN pass (remove unused cells and wires).
Finding unused cells or wires in module \upduino_replay..

10.41.12. Finished OPT passes. (There is nothing left to do.)

10.42. Executing DFFLEGALIZE pass (convert FFs and LATCHes to types supported by the target).

10.43. Executing TECHMAP pass (map to technology primitives).

10.43.1. Executing Verilog-2005 frontend: ./.tools/oss-cad-suite/libexec/../share/yosys/ice40/ff_map.v
Parsing Verilog input from `./.tools/oss-cad-suite/libexec/../share/yosys/ice40/ff_map.v' to AST representation.
Generating RTLIL representation for module `$_DFF_N_'.
Generating RTLIL representation for module `$_DFF_P_'.
Generating RTLIL representation for module `$_DFFE_NP_'.
Generating RTLIL representation for module `$_DFFE_PP_'.
Generating RTLIL representation for module `$_DFF_NP0_'.
Generating RTLIL representation for module `$_DFF_NP1_'.
Generating RTLIL representation for module `$_DFF_PP0_'.
Generating RTLIL representation for module `$_DFF_PP1_'.
Generating RTLIL representation for module `$_DFFE_NP0P_'.
Generating RTLIL representation for module `$_DFFE_NP1P_'.
Generating RTLIL representation for module `$_DFFE_PP0P_'.
Generating RTLIL representation for module `$_DFFE_PP1P_'.
Generating RTLIL representation for module `$_SDFF_NP0_'.
Generating RTLIL representation for module `$_SDFF_NP1_'.
Generating RTLIL representation for module `$_SDFF_PP0_'.
Generating RTLIL representation for module `$_SDFF_PP1_'.
Generating RTLIL representation for module `$_SDFFCE_NP0P_'.
Generating RTLIL representation for module `$_SDFFCE_NP1P_'.
Generating RTLIL representation for module `$_SDFFCE_PP0P_'.
Generating RTLIL representation for module `$_SDFFCE_PP1P_'.
Successfully finished Verilog frontend.

10.43.2. Continuing TECHMAP pass.
Using template $_SDFFCE_PP0P_ for cells of type $_SDFFCE_PP0P_.
Using template $_SDFF_PP1_ for cells of type $_SDFF_PP1_.
Using template $_SDFF_PP0_ for cells of type $_SDFF_PP0_.
Using template $_DFF_P_ for cells of type $_DFF_P_.
Using template $_DFFE_PP_ for cells of type $_DFFE_PP_.
Using template $_SDFFCE_PP1P_ for cells of type $_SDFFCE_PP1P_.
No more expansions possible.
<suppressed ~1596 debug messages>

10.44. Executing OPT_EXPR pass (perform const folding).
Optimizing module upduino_replay.

10.45. Executing SIMPLEMAP pass (map simple cells to gate primitives).
Mapping upduino_replay.$auto$alumacc.cc:548:replace_alu$11691.slice[0].carry ($lut).
Mapping upduino_replay.$auto$alumacc.cc:548:replace_alu$11700.slice[0].carry ($lut).
Mapping upduino_replay.$auto$alumacc.cc:548:replace_alu$11700.slice[16].carry ($lut).
Mapping upduino_replay.$auto$alumacc.cc:548:replace_alu$11706.slice[0].carry ($lut).
Mapping upduino_replay.$auto$alumacc.cc:548:replace_alu$11709.slice[14].carry ($lut).
Mapping upduino_replay.$auto$alumacc.cc:548:replace_alu$11712.slice[0].carry ($lut).
Mapping upduino_replay.$auto$alumacc.cc:548:replace_alu$11712.slice[15].carry ($lut).
Mapping upduino_replay.$auto$alumacc.cc:548:replace_alu$11718.slice[0].carry ($lut).
Mapping upduino_replay.$auto$alumacc.cc:548:replace_alu$11718.slice[10].carry ($lut).
Mapping upduino_replay.$auto$alumacc.cc:548:replace_alu$11724.slice[0].carry ($lut).
Mapping upduino_replay.$auto$alumacc.cc:548:replace_alu$11727.slice[0].carry ($lut).
Mapping upduino_replay.$auto$alumacc.cc:548:replace_alu$11741.slice[16].carry ($lut).
Mapping upduino_replay.$auto$alumacc.cc:548:replace_alu$11744.slice[0].carry ($lut).
Mapping upduino_replay.$auto$alumacc.cc:548:replace_alu$11747.slice[0].carry ($lut).
Mapping upduino_replay.$auto$alumacc.cc:548:replace_alu$11750.slice[17].carry ($lut).
Mapping upduino_replay.$auto$alumacc.cc:548:replace_alu$11761.slice[0].carry ($lut).
Mapping upduino_replay.$auto$alumacc.cc:548:replace_alu$11764.slice[0].carry ($lut).
Mapping upduino_replay.$auto$alumacc.cc:548:replace_alu$11767.slice[0].carry ($lut).
Mapping upduino_replay.$auto$alumacc.cc:548:replace_alu$11772.slice[0].carry ($lut).
Mapping upduino_replay.$auto$alumacc.cc:548:replace_alu$11775.slice[0].carry ($lut).
Mapping upduino_replay.$auto$alumacc.cc:548:replace_alu$11778.slice[0].carry ($lut).
Mapping upduino_replay.$auto$alumacc.cc:548:replace_alu$11781.slice[0].carry ($lut).
Mapping upduino_replay.$auto$alumacc.cc:548:replace_alu$11787.slice[0].carry ($lut).
Mapping upduino_replay.$auto$alumacc.cc:548:replace_alu$11790.slice[4].carry ($lut).
Mapping upduino_replay.$auto$alumacc.cc:548:replace_alu$11799.slice[0].carry ($lut).
Mapping upduino_replay.$auto$alumacc.cc:548:replace_alu$11805.slice[0].carry ($lut).
Mapping upduino_replay.$auto$alumacc.cc:548:replace_alu$11808.slice[0].carry ($lut).
Mapping upduino_replay.$auto$alumacc.cc:548:replace_alu$11811.slice[0].carry ($lut).
Mapping upduino_replay.$auto$alumacc.cc:548:replace_alu$11819.slice[0].carry ($lut).
Mapping upduino_replay.$auto$alumacc.cc:548:replace_alu$11822.slice[0].carry ($lut).
Mapping upduino_replay.$auto$alumacc.cc:548:replace_alu$11825.slice[7].carry ($lut).
Mapping upduino_replay.$auto$alumacc.cc:548:replace_alu$11828.slice[0].carry ($lut).
Mapping upduino_replay.$auto$alumacc.cc:548:replace_alu$11831.slice[0].carry ($lut).
Mapping upduino_replay.$auto$alumacc.cc:548:replace_alu$11834.slice[0].carry ($lut).
Mapping upduino_replay.$auto$alumacc.cc:548:replace_alu$11840.slice[0].carry ($lut).
Mapping upduino_replay.$auto$alumacc.cc:548:replace_alu$11858.slice[0].carry ($lut).
Mapping upduino_replay.$auto$alumacc.cc:548:replace_alu$11861.slice[0].carry ($lut).
Mapping upduino_replay.$auto$alumacc.cc:548:replace_alu$11864.slice[0].carry ($lut).
Mapping upduino_replay.$auto$alumacc.cc:548:replace_alu$11867.slice[0].carry ($lut).
Mapping upduino_replay.$auto$alumacc.cc:548:replace_alu$11870.slice[0].carry ($lut).
Mapping upduino_replay.$auto$alumacc.cc:548:replace_alu$11873.slice[0].carry ($lut).
Mapping upduino_replay.$auto$alumacc.cc:548:replace_alu$11876.slice[0].carry ($lut).
Mapping upduino_replay.$auto$alumacc.cc:548:replace_alu$11894.slice[0].carry ($lut).
Mapping upduino_replay.$auto$alumacc.cc:548:replace_alu$11909.slice[0].carry ($lut).
Mapping upduino_replay.$auto$alumacc.cc:548:replace_alu$11912.slice[7].carry ($lut).
Mapping upduino_replay.$auto$maccmap.cc:240:synth$15267.slice[0].carry ($lut).
Mapping upduino_replay.$auto$opt_expr.cc:1942:replace_const_cells$12275.slice[0].carry ($lut).
Mapping upduino_replay.$auto$opt_expr.cc:1942:replace_const_cells$12275.slice[5].carry ($lut).
Mapping upduino_replay.$auto$opt_expr.cc:1942:replace_const_cells$12696.slice[0].carry ($lut).
Mapping upduino_replay.$auto$opt_expr.cc:1942:replace_const_cells$12696.slice[13].carry ($lut).
Mapping upduino_replay.$auto$opt_expr.cc:1942:replace_const_cells$12696.slice[14].carry ($lut).
Mapping upduino_replay.$auto$opt_expr.cc:1942:replace_const_cells$13194.slice[19].carry ($lut).

10.46. Executing ICE40_OPT pass (performing simple optimizations).

10.46.1. Running ICE40 specific optimizations.

10.46.2. Executing OPT_EXPR pass (perform const folding).
Optimizing module upduino_replay.
<suppressed ~1230 debug messages>

10.46.3. Executing OPT_MERGE pass (detect identical cells).
Finding identical cells in module `\upduino_replay'.
Computing hashes of 11480 cells of `\upduino_replay'.
Finding duplicate cells in `\upduino_replay'.
Computing hashes of 9226 cells of `\upduino_replay'.
Finding duplicate cells in `\upduino_replay'.
Computing hashes of 9225 cells of `\upduino_replay'.
Finding duplicate cells in `\upduino_replay'.
<suppressed ~6765 debug messages>
Removed a total of 2255 cells.

10.46.4. Executing OPT_DFF pass (perform DFF optimizations).

10.46.5. Executing OPT_CLEAN pass (remove unused cells and wires).
Finding unused cells or wires in module \upduino_replay..
Removed 1 unused cells and 11377 unused wires.
<suppressed ~2 debug messages>

10.46.6. Rerunning OPT passes. (Removed registers in this run.)

10.46.7. Running ICE40 specific optimizations.

10.46.8. Executing OPT_EXPR pass (perform const folding).
Optimizing module upduino_replay.

10.46.9. Executing OPT_MERGE pass (detect identical cells).
Finding identical cells in module `\upduino_replay'.
Computing hashes of 9224 cells of `\upduino_replay'.
Finding duplicate cells in `\upduino_replay'.
Removed a total of 0 cells.

10.46.10. Executing OPT_DFF pass (perform DFF optimizations).

10.46.11. Executing OPT_CLEAN pass (remove unused cells and wires).
Finding unused cells or wires in module \upduino_replay..

10.46.12. Finished OPT passes. (There is nothing left to do.)

10.47. Executing CHECK pass (checking for obvious problems).
Checking module upduino_replay...
Found and reported 0 problems.

10.48. Executing TECHMAP pass (map to technology primitives).

10.48.1. Executing Verilog-2005 frontend: ./.tools/oss-cad-suite/libexec/../share/yosys/ice40/latches_map.v
Parsing Verilog input from `./.tools/oss-cad-suite/libexec/../share/yosys/ice40/latches_map.v' to AST representation.
Generating RTLIL representation for module `$_DLATCH_N_'.
Generating RTLIL representation for module `$_DLATCH_P_'.
Successfully finished Verilog frontend.

10.48.2. Continuing TECHMAP pass.
No more expansions possible.
<suppressed ~4 debug messages>

10.49. Executing Verilog-2005 frontend: ./.tools/oss-cad-suite/libexec/../share/yosys/ice40/abc9_model.v
Parsing Verilog input from `./.tools/oss-cad-suite/libexec/../share/yosys/ice40/abc9_model.v' to AST representation.
Generating RTLIL representation for module `$__ICE40_CARRY_WRAPPER'.
Successfully finished Verilog frontend.

10.50. Executing ABC9 pass.

10.50.1. Executing ABC9_OPS pass (helper functions for ABC9).

10.50.2. Executing ABC9_OPS pass (helper functions for ABC9).

10.50.3. Executing SCC pass (detecting logic loops).
Found 0 SCCs in module upduino_replay.
Found 0 SCCs.

10.50.4. Executing ABC9_OPS pass (helper functions for ABC9).

10.50.5. Executing TECHMAP pass (map to technology primitives).

10.50.5.1. Executing Verilog-2005 frontend: ./.tools/oss-cad-suite/libexec/../share/yosys/techmap.v
Parsing Verilog input from `./.tools/oss-cad-suite/libexec/../share/yosys/techmap.v' to AST representation.
Generating RTLIL representation for module `\_90_simplemap_bool_ops'.
Generating RTLIL representation for module `\_90_simplemap_reduce_ops'.
Generating RTLIL representation for module `\_90_simplemap_logic_ops'.
Generating RTLIL representation for module `\_90_simplemap_compare_ops'.
Generating RTLIL representation for module `\_90_simplemap_various'.
Generating RTLIL representation for module `\_90_simplemap_registers'.
Generating RTLIL representation for module `\_90_shift_ops_shr_shl_sshl_sshr'.
Generating RTLIL representation for module `\_90_shift_shiftx'.
Generating RTLIL representation for module `\_90_fa'.
Generating RTLIL representation for module `\_90_lcu_brent_kung'.
Generating RTLIL representation for module `\_90_alu'.
Generating RTLIL representation for module `\_90_macc'.
Generating RTLIL representation for module `\_90_alumacc'.
Generating RTLIL representation for module `$__div_mod_u'.
Generating RTLIL representation for module `$__div_mod_trunc'.
Generating RTLIL representation for module `\_90_div'.
Generating RTLIL representation for module `\_90_mod'.
Generating RTLIL representation for module `$__div_mod_floor'.
Generating RTLIL representation for module `\_90_divfloor'.
Generating RTLIL representation for module `\_90_modfloor'.
Generating RTLIL representation for module `\_90_pow'.
Generating RTLIL representation for module `\_90_demux'.
Generating RTLIL representation for module `\_90_lut'.
Generating RTLIL representation for module `$connect'.
Generating RTLIL representation for module `$input_port'.
Successfully finished Verilog frontend.

10.50.5.2. Continuing TECHMAP pass.
No more expansions possible.
<suppressed ~136 debug messages>

10.50.6. Executing OPT pass (performing simple optimizations).

10.50.6.1. Executing OPT_EXPR pass (perform const folding).

10.50.6.2. Executing OPT_MERGE pass (detect identical cells).
Removed a total of 0 cells.

10.50.6.3. Executing OPT_MUXTREE pass (detect dead branches in mux trees).
Removed 0 multiplexer ports.

10.50.6.4. Executing OPT_REDUCE pass (consolidate $*mux and $reduce_* inputs).
Performed a total of 0 changes.

10.50.6.5. Executing OPT_MERGE pass (detect identical cells).
Removed a total of 0 cells.

10.50.6.6. Executing OPT_DFF pass (perform DFF optimizations).

10.50.6.7. Executing OPT_CLEAN pass (remove unused cells and wires).

10.50.6.8. Executing OPT_EXPR pass (perform const folding).

10.50.6.9. Finished fast OPT passes. (There is nothing left to do.)

10.50.7. Executing TECHMAP pass (map to technology primitives).

10.50.7.1. Executing Verilog-2005 frontend: ./.tools/oss-cad-suite/libexec/../share/yosys/abc9_map.v
Parsing Verilog input from `./.tools/oss-cad-suite/libexec/../share/yosys/abc9_map.v' to AST representation.
Successfully finished Verilog frontend.

10.50.7.2. Continuing TECHMAP pass.
No more expansions possible.
<suppressed ~2 debug messages>

10.50.8. Executing Verilog-2005 frontend: ./.tools/oss-cad-suite/libexec/../share/yosys/abc9_model.v
Parsing Verilog input from `./.tools/oss-cad-suite/libexec/../share/yosys/abc9_model.v' to AST representation.
Generating RTLIL representation for module `$__ABC9_DELAY'.
Generating RTLIL representation for module `$__ABC9_SCC_BREAKER'.
Generating RTLIL representation for module `$__DFF_N__$abc9_flop'.
Generating RTLIL representation for module `$__DFF_P__$abc9_flop'.
Successfully finished Verilog frontend.

10.50.9. Executing ABC9_OPS pass (helper functions for ABC9).
<suppressed ~3959 debug messages>

10.50.10. Executing ABC9_OPS pass (helper functions for ABC9).

10.50.11. Executing ABC9_OPS pass (helper functions for ABC9).
<suppressed ~2 debug messages>

10.50.12. Executing TECHMAP pass (map to technology primitives).

10.50.12.1. Executing Verilog-2005 frontend: ./.tools/oss-cad-suite/libexec/../share/yosys/techmap.v
Parsing Verilog input from `./.tools/oss-cad-suite/libexec/../share/yosys/techmap.v' to AST representation.
Generating RTLIL representation for module `\_90_simplemap_bool_ops'.
Generating RTLIL representation for module `\_90_simplemap_reduce_ops'.
Generating RTLIL representation for module `\_90_simplemap_logic_ops'.
Generating RTLIL representation for module `\_90_simplemap_compare_ops'.
Generating RTLIL representation for module `\_90_simplemap_various'.
Generating RTLIL representation for module `\_90_simplemap_registers'.
Generating RTLIL representation for module `\_90_shift_ops_shr_shl_sshl_sshr'.
Generating RTLIL representation for module `\_90_shift_shiftx'.
Generating RTLIL representation for module `\_90_fa'.
Generating RTLIL representation for module `\_90_lcu_brent_kung'.
Generating RTLIL representation for module `\_90_alu'.
Generating RTLIL representation for module `\_90_macc'.
Generating RTLIL representation for module `\_90_alumacc'.
Generating RTLIL representation for module `$__div_mod_u'.
Generating RTLIL representation for module `$__div_mod_trunc'.
Generating RTLIL representation for module `\_90_div'.
Generating RTLIL representation for module `\_90_mod'.
Generating RTLIL representation for module `$__div_mod_floor'.
Generating RTLIL representation for module `\_90_divfloor'.
Generating RTLIL representation for module `\_90_modfloor'.
Generating RTLIL representation for module `\_90_pow'.
Generating RTLIL representation for module `\_90_demux'.
Generating RTLIL representation for module `\_90_lut'.
Generating RTLIL representation for module `$connect'.
Generating RTLIL representation for module `$input_port'.
Successfully finished Verilog frontend.

10.50.12.2. Continuing TECHMAP pass.
Using template $paramod$__ICE40_CARRY_WRAPPER\LUT=16'0110100110010110\I3_IS_CI=1'1 for cells of type $paramod$__ICE40_CARRY_WRAPPER\LUT=16'0110100110010110\I3_IS_CI=1'1.
Using template SB_CARRY for cells of type SB_CARRY.
Using template $paramod\SB_LUT4\LUT_INIT=16'0110100110010110 for cells of type SB_LUT4.
Using extmapper simplemap for cells of type $mux.
Using extmapper simplemap for cells of type $logic_or.
Using extmapper simplemap for cells of type $logic_and.
No more expansions possible.
<suppressed ~162 debug messages>

10.50.13. Executing OPT pass (performing simple optimizations).

10.50.13.1. Executing OPT_EXPR pass (perform const folding).
Optimizing module upduino_replay.
<suppressed ~4 debug messages>

10.50.13.2. Executing OPT_MERGE pass (detect identical cells).
Finding identical cells in module `\upduino_replay'.
Computing hashes of 30 cells of `\upduino_replay'.
Finding duplicate cells in `\upduino_replay'.
Computing hashes of 20 cells of `\upduino_replay'.
Finding duplicate cells in `\upduino_replay'.
Computing hashes of 18 cells of `\upduino_replay'.
Finding duplicate cells in `\upduino_replay'.
<suppressed ~29 debug messages>
Removed a total of 12 cells.

10.50.13.3. Executing OPT_MUXTREE pass (detect dead branches in mux trees).
Running muxtree optimizer on module \upduino_replay..
  Creating internal representation of mux trees.
  No muxes found in this module.
Removed 0 multiplexer ports.

10.50.13.4. Executing OPT_REDUCE pass (consolidate $*mux and $reduce_* inputs).
  Optimizing cells in module \upduino_replay.
Performed a total of 0 changes.

10.50.13.5. Executing OPT_MERGE pass (detect identical cells).
Finding identical cells in module `\upduino_replay'.
Computing hashes of 18 cells of `\upduino_replay'.
Finding duplicate cells in `\upduino_replay'.
Removed a total of 0 cells.

10.50.13.6. Executing OPT_DFF pass (perform DFF optimizations).

10.50.13.7. Executing OPT_CLEAN pass (remove unused cells and wires).
Finding unused cells or wires in module \upduino_replay..
Removed 0 unused cells and 24 unused wires.
<suppressed ~1 debug messages>

10.50.13.8. Executing OPT_EXPR pass (perform const folding).
Optimizing module upduino_replay.

10.50.13.9. Rerunning OPT passes. (Maybe there is more to do..)

10.50.13.10. Executing OPT_MUXTREE pass (detect dead branches in mux trees).
Running muxtree optimizer on module \upduino_replay..
  Creating internal representation of mux trees.
  No muxes found in this module.
Removed 0 multiplexer ports.

10.50.13.11. Executing OPT_REDUCE pass (consolidate $*mux and $reduce_* inputs).
  Optimizing cells in module \upduino_replay.
Performed a total of 0 changes.

10.50.13.12. Executing OPT_MERGE pass (detect identical cells).
Finding identical cells in module `\upduino_replay'.
Computing hashes of 18 cells of `\upduino_replay'.
Finding duplicate cells in `\upduino_replay'.
Removed a total of 0 cells.

10.50.13.13. Executing OPT_DFF pass (perform DFF optimizations).

10.50.13.14. Executing OPT_CLEAN pass (remove unused cells and wires).
Finding unused cells or wires in module \upduino_replay..

10.50.13.15. Executing OPT_EXPR pass (perform const folding).
Optimizing module upduino_replay.

10.50.13.16. Finished fast OPT passes. (There is nothing left to do.)

10.50.14. Executing AIGMAP pass (map logic to AIG).
Module upduino_replay: replaced 7 cells with 43 new cells, skipped 11 cells.
  replaced 2 cell types:
       5 $_MUX_
       2 $_OR_
  not replaced 3 cell types:
       2 $_AND_
       1 $_NOT_
       8 $specify2

10.50.15. Executing AIGMAP pass (map logic to AIG).
Module upduino_replay: replaced 3297 cells with 18137 new cells, skipped 9884 cells.
  replaced 4 cell types:
    1342 $_MUX_
      70 $_ORNOT_
    1554 $_OR_
     331 $_XOR_
  not replaced 27 cell types:
    2004 $_AND_
     904 $_NOT_
      11 $scopeinfo
       1 SB_MAC16
       1 SB_HFOSC
     123 SB_DFF
     170 SB_DFFE
      87 SB_DFFSR
       2 SB_DFFSS
    1158 SB_DFFESR
      34 SB_DFFESS
       3 SB_SPRAM256KA
      19 $paramod$__ABC9_DELAY\DELAY=32'00000000000000000000000010000101
     304 $paramod$__ABC9_DELAY\DELAY=32'00000000000000000000000010100001
     209 $paramod$__ABC9_DELAY\DELAY=32'00000000000000000000000011100000
      19 $paramod$__ABC9_DELAY\DELAY=32'00000000000000000000000001100010
      38 $paramod$__ABC9_DELAY\DELAY=32'00000000000000000000000100001011
      12 $paramod$85a472072107804a1e6bedb8b52fb3de6104e462\SB_RAM40_4K
       2 $paramod$65b9e5893759870fd62e6b87dc6ba151fdc97e95\SB_RAM40_4K
       1 $paramod$06430a77226991d2435afb8f1f5f935c77fddd44\SB_RAM40_4K
       1 $paramod$cd49893e2f8024890a6b7d612ea715d2bed7e7a9\SB_RAM40_4K
       1 $paramod$cb97aa3e5c8e0a4ae1d9f4112cf58257b61503b7\SB_RAM40_4K
       2 $paramod$ba68a0420314c29d51ab7ddbd2ec9361aa29f018\SB_RAM40_4K
     304 $paramod$__ABC9_DELAY\DELAY=32'00000000000000000000000100010010
    1574 $paramod$__ABC9_DELAY\DELAY=32'00000000000000000000000000010101
    1490 $paramod$__ABC9_DELAY\DELAY=32'00000000000000000000000011001011
    1410 $paramod$__ICE40_CARRY_WRAPPER\LUT=16'0110100110010110\I3_IS_CI=1'1

10.50.15.1. Executing ABC9_OPS pass (helper functions for ABC9).

10.50.15.2. Executing ABC9_OPS pass (helper functions for ABC9).

10.50.15.3. Executing XAIGER backend.
<suppressed ~1889 debug messages>
Extracted 8647 AND gates and 30531 wires from module `upduino_replay' to a netlist network with 1789 inputs and 4151 outputs.

10.50.15.4. Executing ABC9_EXE pass (technology mapping using ABC9).

10.50.15.5. Executing ABC9.
Running ABC command: "<yosys-exe-dir>/yosys-abc" -s -f <abc-temp-dir>/abc.script 2>&1
ABC: ======== ABC command line "source <abc-temp-dir>/abc.script"
ABC: + read_lut <abc-temp-dir>/input.lut 
ABC: + read_box <abc-temp-dir>/input.box 
ABC: + &read <abc-temp-dir>/input.xaig 
ABC: + &ps 
ABC: <abc-temp-dir>/input : i/o =   1789/   4151  and =    7659  lev =   23 (0.72)  mem = 0.45 MB  box = 5367  bb = 3957
ABC: Warning: AIG with boxes has internal fanout in 0 complex flops and 1103 carries.
ABC: + &scorr 
ABC: Warning: The network is combinational.
ABC: + &sweep 
ABC: + &dc2 
ABC: + &dch -f -r 
ABC: + &ps 
ABC: <abc-temp-dir>/input : i/o =   1789/   4151  and =   10075  lev =   36 (0.63)  mem = 0.47 MB  ch = 1288  box = 5252  bb = 3957
ABC: cst =       0  cls =   1085  lit =    1288  unused =   16038  proof =     0
ABC: Warning: AIG with boxes has internal fanout in 0 complex flops and 1096 carries.
ABC: + &if -W 250 -v 
ABC: K = 4. Memory (bytes): Truth =    0. Cut =   64. Obj =  144. Set =  672. CutMin = no
ABC: Node =   10075.  Ch =  1085.  Total mem =    5.03 MB. Peak cut mem =    0.13 MB.
ABC: P:  Del = 9317.00.  Ar =    2935.0.  Edge =    10028.  Cut =    55955.  T =     0.01 sec
ABC: P:  Del = 9317.00.  Ar =    2688.0.  Edge =     9634.  Cut =    53759.  T =     0.01 sec
ABC: P:  Del = 9317.00.  Ar =    2483.0.  Edge =     7892.  Cut =    57078.  T =     0.01 sec
ABC: F:  Del = 9317.00.  Ar =    2303.0.  Edge =     7685.  Cut =    57859.  T =     0.01 sec
ABC: A:  Del = 9317.00.  Ar =    2264.0.  Edge =     7359.  Cut =    59666.  T =     0.01 sec
ABC: A:  Del = 9317.00.  Ar =    2260.0.  Edge =     7353.  Cut =    59510.  T =     0.01 sec
ABC: Total time =     0.04 sec
ABC: + &write -n <abc-temp-dir>/output.aig 
ABC: + &mfs 
ABC: + &ps -l 
ABC: <abc-temp-dir>/input : i/o =   1789/   4151  and =    6292  lev =   19 (0.63)  mem = 0.42 MB  box = 5210  bb = 3957
ABC: Mapping (K=4)  :  lut =   2194  edge =    7061  lev =   14 (0.39)  levB =   50  mem = 0.15 MB
ABC: LUT = 2194 : 2=461 21.0 %  3=793 36.1 %  4=940 42.8 %  Ave = 3.22
ABC: Warning: AIG with boxes has internal fanout in 0 complex flops and 1092 carries.
ABC: + &write -n <abc-temp-dir>/output.aig 
ABC: + &verify 
ABC: Networks are equivalent.  Time =     0.14 sec
ABC: + time 
ABC: elapse: 0.96 seconds, total: 0.96 seconds

10.50.15.6. Executing AIGER frontend.
<suppressed ~11 debug messages>
Removed 8725 unused cells and 31329 unused wires.

10.50.15.7. Executing ABC_OPS_REINTEGRATE pass (reintegrate ABC mapped design into module).
ABC RESULTS:              $lut cells:     2356
ABC RESULTS:   $paramod$__ICE40_CARRY_WRAPPER\LUT=16'0110100110010110\I3_IS_CI=1'1 cells:     1253
ABC RESULTS:           input signals:      167
ABC RESULTS:          output signals:     4065
<suppressed ~12037 debug messages>
Removing temp directory.

10.50.16. Executing TECHMAP pass (map to technology primitives).

10.50.16.1. Executing Verilog-2005 frontend: ./.tools/oss-cad-suite/libexec/../share/yosys/abc9_unmap.v
Parsing Verilog input from `./.tools/oss-cad-suite/libexec/../share/yosys/abc9_unmap.v' to AST representation.
Generating RTLIL representation for module `$__DFF_x__$abc9_flop'.
Generating RTLIL representation for module `$__ABC9_SCC_BREAKER'.
Successfully finished Verilog frontend.

10.50.16.2. Continuing TECHMAP pass.
Using template $paramod$__ICE40_CARRY_WRAPPER\LUT=16'0110100110010110\I3_IS_CI=1'1 for cells of type $paramod$__ICE40_CARRY_WRAPPER\LUT=16'0110100110010110\I3_IS_CI=1'1.
Using template $paramod$65b9e5893759870fd62e6b87dc6ba151fdc97e95\SB_RAM40_4K for cells of type $paramod$65b9e5893759870fd62e6b87dc6ba151fdc97e95\SB_RAM40_4K.
Using template $paramod$85a472072107804a1e6bedb8b52fb3de6104e462\SB_RAM40_4K for cells of type $paramod$85a472072107804a1e6bedb8b52fb3de6104e462\SB_RAM40_4K.
Using template $paramod$ba68a0420314c29d51ab7ddbd2ec9361aa29f018\SB_RAM40_4K for cells of type $paramod$ba68a0420314c29d51ab7ddbd2ec9361aa29f018\SB_RAM40_4K.
Using template $paramod$cd49893e2f8024890a6b7d612ea715d2bed7e7a9\SB_RAM40_4K for cells of type $paramod$cd49893e2f8024890a6b7d612ea715d2bed7e7a9\SB_RAM40_4K.
Using template $paramod$06430a77226991d2435afb8f1f5f935c77fddd44\SB_RAM40_4K for cells of type $paramod$06430a77226991d2435afb8f1f5f935c77fddd44\SB_RAM40_4K.
Using template $paramod$cb97aa3e5c8e0a4ae1d9f4112cf58257b61503b7\SB_RAM40_4K for cells of type $paramod$cb97aa3e5c8e0a4ae1d9f4112cf58257b61503b7\SB_RAM40_4K.
No more expansions possible.
<suppressed ~1284 debug messages>

10.51. Executing ICE40_WRAPCARRY pass (wrap carries).

10.52. Executing TECHMAP pass (map to technology primitives).

10.52.1. Executing Verilog-2005 frontend: ./.tools/oss-cad-suite/libexec/../share/yosys/ice40/ff_map.v
Parsing Verilog input from `./.tools/oss-cad-suite/libexec/../share/yosys/ice40/ff_map.v' to AST representation.
Generating RTLIL representation for module `$_DFF_N_'.
Generating RTLIL representation for module `$_DFF_P_'.
Generating RTLIL representation for module `$_DFFE_NP_'.
Generating RTLIL representation for module `$_DFFE_PP_'.
Generating RTLIL representation for module `$_DFF_NP0_'.
Generating RTLIL representation for module `$_DFF_NP1_'.
Generating RTLIL representation for module `$_DFF_PP0_'.
Generating RTLIL representation for module `$_DFF_PP1_'.
Generating RTLIL representation for module `$_DFFE_NP0P_'.
Generating RTLIL representation for module `$_DFFE_NP1P_'.
Generating RTLIL representation for module `$_DFFE_PP0P_'.
Generating RTLIL representation for module `$_DFFE_PP1P_'.
Generating RTLIL representation for module `$_SDFF_NP0_'.
Generating RTLIL representation for module `$_SDFF_NP1_'.
Generating RTLIL representation for module `$_SDFF_PP0_'.
Generating RTLIL representation for module `$_SDFF_PP1_'.
Generating RTLIL representation for module `$_SDFFCE_NP0P_'.
Generating RTLIL representation for module `$_SDFFCE_NP1P_'.
Generating RTLIL representation for module `$_SDFFCE_PP0P_'.
Generating RTLIL representation for module `$_SDFFCE_PP1P_'.
Successfully finished Verilog frontend.

10.52.2. Continuing TECHMAP pass.
No more expansions possible.
<suppressed ~22 debug messages>
Removed 1056 unused cells and 41030 unused wires.

10.53. Executing OPT_LUT pass (optimize LUTs).
Discovering LUTs.
Number of LUTs:     3058
  1-LUT              162
  2-LUT              509
  3-LUT             1447
  4-LUT              940
  with \SB_CARRY    (#0)  649
  with \SB_CARRY    (#1)  682

Eliminating LUTs.
Number of LUTs:     3058
  1-LUT              162
  2-LUT              509
  3-LUT             1447
  4-LUT              940
  with \SB_CARRY    (#0)  649
  with \SB_CARRY    (#1)  682

Combining LUTs.
Number of LUTs:     2942
  1-LUT              160
  2-LUT              385
  3-LUT             1360
  4-LUT             1037
  with \SB_CARRY    (#0)  649
  with \SB_CARRY    (#1)  682

Eliminated 0 LUTs.
Combined 116 LUTs.
<suppressed ~18391 debug messages>

10.54. Executing TECHMAP pass (map to technology primitives).

10.54.1. Executing Verilog-2005 frontend: ./.tools/oss-cad-suite/libexec/../share/yosys/ice40/cells_map.v
Parsing Verilog input from `./.tools/oss-cad-suite/libexec/../share/yosys/ice40/cells_map.v' to AST representation.
Generating RTLIL representation for module `$lut'.
Successfully finished Verilog frontend.

10.54.2. Continuing TECHMAP pass.
Using template $paramod$fd904e9e35cfd343a9df248824bd3f1408724879$lut for cells of type $lut.
Using template $paramod$lut\WIDTH=32'00000000000000000000000000000010\LUT=4'1110 for cells of type $lut.
Using template $paramod$lut\WIDTH=32'00000000000000000000000000000010\LUT=4'0001 for cells of type $lut.
Using template $paramod$9d707d218adbd63b6f9a0c79d7ee037306fb6296$lut for cells of type $lut.
Using template $paramod$lut\WIDTH=32'00000000000000000000000000000001\LUT=2'01 for cells of type $lut.
Using template $paramod$658b9ed803f0d3d335616d3858b53e0a2522f1e8$lut for cells of type $lut.
Using template $paramod$6e238df02989b317f10820a22773676e71120644$lut for cells of type $lut.
Using template $paramod$lut\WIDTH=32'00000000000000000000000000000011\LUT=8'00000001 for cells of type $lut.
Using template $paramod$66caeb00a39d236782a97659e3bd99621b74681b$lut for cells of type $lut.
Using template $paramod$lut\WIDTH=32'00000000000000000000000000000011\LUT=8'11001000 for cells of type $lut.
Using template $paramod$571404c0889eaf57f492cb5e37f8acb5df5852f9$lut for cells of type $lut.
Using template $paramod$lut\WIDTH=32'00000000000000000000000000000011\LUT=8'10000000 for cells of type $lut.
Using template $paramod$50553883f7129e2c40d43536f60abe333980734a$lut for cells of type $lut.
Using template $paramod$f6205ea4d16154fcc0de4d21dff0bd55a57f1ba0$lut for cells of type $lut.
Using template $paramod$lut\WIDTH=32'00000000000000000000000000000011\LUT=8'00010000 for cells of type $lut.
Using template $paramod$lut\WIDTH=32'00000000000000000000000000000010\LUT=4'1000 for cells of type $lut.
Using template $paramod$47a8214374025465e226fa66bee690ff33268a25$lut for cells of type $lut.
Using template $paramod$2f5933953e311dffe5861a53a77e08849a1c7767$lut for cells of type $lut.
Using template $paramod$lut\WIDTH=32'00000000000000000000000000000011\LUT=8'10101100 for cells of type $lut.
Using template $paramod$lut\WIDTH=32'00000000000000000000000000000011\LUT=8'11001010 for cells of type $lut.
Using template $paramod$6d6beead1425af15cf78b27fd9b11b41b5d4bce8$lut for cells of type $lut.
Using template $paramod$0de052767abdccc3aefc818722bdc3c7850d25d6$lut for cells of type $lut.
Using template $paramod$lut\WIDTH=32'00000000000000000000000000000010\LUT=4'0100 for cells of type $lut.
Using template $paramod$6cdcdffb7f2536598ad1b78cf02ad7d5776e11e4$lut for cells of type $lut.
Using template $paramod$lut\WIDTH=32'00000000000000000000000000000011\LUT=8'01000000 for cells of type $lut.
Using template $paramod$lut\WIDTH=32'00000000000000000000000000000011\LUT=8'00100000 for cells of type $lut.
Using template $paramod$a59507d273cd827eb6c46c37820d50a1b717efdf$lut for cells of type $lut.
Using template $paramod$lut\WIDTH=32'00000000000000000000000000000011\LUT=8'00101010 for cells of type $lut.
Using template $paramod$c1a19a87ccbbb03d43a72335db63f692ddf82cc1$lut for cells of type $lut.
Using template $paramod$lut\WIDTH=32'00000000000000000000000000000011\LUT=8'00000111 for cells of type $lut.
Using template $paramod$2b187743e9a5d701dd1d8451ad4fa986c1aea139$lut for cells of type $lut.
Using template $paramod$lut\WIDTH=32'00000000000000000000000000000010\LUT=4'0010 for cells of type $lut.
Using template $paramod$e341ce0c1c1f6bfb9b936c514071063f6d3b091a$lut for cells of type $lut.
Using template $paramod$f412b25d8312610e1cabc77c2ec420975e9224b7$lut for cells of type $lut.
Using template $paramod$234fd643079033ba0cbc98ff572df9b7b7a0dc86$lut for cells of type $lut.
Using template $paramod$b93d1ea7a612a32c185108f67a153d44ffb9aac2$lut for cells of type $lut.
Using template $paramod$9a6965d4f53d69e345bd8d48283856520a30225e$lut for cells of type $lut.
Using template $paramod$ba7c22fadfbf9ee7abcb895a21403114111dd201$lut for cells of type $lut.
Using template $paramod$lut\WIDTH=32'00000000000000000000000000000010\LUT=4'0110 for cells of type $lut.
Using template $paramod$41326ad8644342a66dfb051d050f2b6fbf15015b$lut for cells of type $lut.
Using template $paramod$lut\WIDTH=32'00000000000000000000000000000011\LUT=8'11111000 for cells of type $lut.
Using template $paramod$a1b5c26a437d3cef171102d9b30f1646e5637d6c$lut for cells of type $lut.
Using template $paramod$5dc745bb48e2cf535179547ba13f0fe5364d6d54$lut for cells of type $lut.
Using template $paramod$0d3ac82cf5b8a192d5ff4c23e3143360366ae882$lut for cells of type $lut.
Using template $paramod$a36debbcfde9e32a01ea5076ccf3d75225452c4d$lut for cells of type $lut.
Using template $paramod$lut\WIDTH=32'00000000000000000000000000000011\LUT=8'10010110 for cells of type $lut.
Using template $paramod$lut\WIDTH=32'00000000000000000000000000000011\LUT=8'11101000 for cells of type $lut.
Using template $paramod$497e0cbc82b1309c608871dfc99c744090a076e3$lut for cells of type $lut.
Using template $paramod$6a34cd5b50e324824168b4186d0b04ba5e83b039$lut for cells of type $lut.
Using template $paramod$ac7a207a5de4a659df4b9ba9460253572f293a8d$lut for cells of type $lut.
Using template $paramod$1644affdabe7f65febd25ca1c4d1e050be54e54f$lut for cells of type $lut.
Using template $paramod$lut\WIDTH=32'00000000000000000000000000000011\LUT=8'10100010 for cells of type $lut.
Using template $paramod$lut\WIDTH=32'00000000000000000000000000000011\LUT=8'10001111 for cells of type $lut.
Using template $paramod$0b3dae0cf9ba4ff0f31b6a740f162807f52296cf$lut for cells of type $lut.
Using template $paramod$272652f6c6fbe9a75eff76e45cc7e2788835518b$lut for cells of type $lut.
Using template $paramod$65d5928f10d93820ad360cabb53aaf31b165496d$lut for cells of type $lut.
Using template $paramod$62bc475f369e7f2fa4cc791ed17346fb56dfe5ad$lut for cells of type $lut.
Using template $paramod$lut\WIDTH=32'00000000000000000000000000000011\LUT=8'11011100 for cells of type $lut.
Using template $paramod$b4f15f202f50520dbc381cd0880ac94f830f05a8$lut for cells of type $lut.
Using template $paramod$aaf2ef5cf75121bbc717334d538c8a2de3e26e03$lut for cells of type $lut.
Using template $paramod$lut\WIDTH=32'00000000000000000000000000000011\LUT=8'11101111 for cells of type $lut.
Using template $paramod$5b4b4ed558983d9f3ab4c896a7a011d129b0db9a$lut for cells of type $lut.
Using template $paramod$lut\WIDTH=32'00000000000000000000000000000010\LUT=4'0111 for cells of type $lut.
Using template $paramod$fca001e3e0b52158a872e76e56c01ec10dfbb1de$lut for cells of type $lut.
Using template $paramod$lut\WIDTH=32'00000000000000000000000000000011\LUT=8'00110001 for cells of type $lut.
Using template $paramod$lut\WIDTH=32'00000000000000000000000000000011\LUT=8'11100000 for cells of type $lut.
Using template $paramod$lut\WIDTH=32'00000000000000000000000000000011\LUT=8'01010001 for cells of type $lut.
Using template $paramod$32ccf65669c41e1e3bce1f16051f6d60ad96a2a0$lut for cells of type $lut.
Using template $paramod$lut\WIDTH=32'00000000000000000000000000000011\LUT=8'01110011 for cells of type $lut.
Using template $paramod$b28b4ecbaa07efdcc51c93348ccdc2395f8b41c1$lut for cells of type $lut.
Using template $paramod$30305e55a780880b9c824fe3509a4d981acb0f2b$lut for cells of type $lut.
Using template $paramod$ee82f1504b2c48e70160208feb4e1f2a1b612b8d$lut for cells of type $lut.
Using template $paramod$lut\WIDTH=32'00000000000000000000000000000011\LUT=8'11110010 for cells of type $lut.
Using template $paramod$176a6ceafa512d807921d7dfc76320dfbbfb5fe4$lut for cells of type $lut.
Using template $paramod$d6ca727e39f31d51d29072e0f33aa09c65e37336$lut for cells of type $lut.
Using template $paramod$4e79aa6839e287ee36e65fa83c13a532a028e9cd$lut for cells of type $lut.
Using template $paramod$lut\WIDTH=32'00000000000000000000000000000011\LUT=8'00101111 for cells of type $lut.
Using template $paramod$7a09c632ebd39a203628a04507a2df81de3ade57$lut for cells of type $lut.
Using template $paramod$82b4a585d1edcb5c6e755dc9bd3392228a1c1304$lut for cells of type $lut.
Using template $paramod$ff74d3b36221c7c7b417c242545ab45c7d96a8ff$lut for cells of type $lut.
Using template $paramod$ea9f0804ffa1047d479d3e00429394419ff5856b$lut for cells of type $lut.
Using template $paramod$lut\WIDTH=32'00000000000000000000000000000011\LUT=8'11101100 for cells of type $lut.
Using template $paramod$ed10455c824c2a3761aabdeb1e31dad905f66e6e$lut for cells of type $lut.
Using template $paramod$lut\WIDTH=32'00000000000000000000000000000011\LUT=8'11001110 for cells of type $lut.
Using template $paramod$43779580bfffd5d5a9f321249a174febf1dac288$lut for cells of type $lut.
Using template $paramod$19e5b38cca183d8b6b3a15d20dc995c09cd71893$lut for cells of type $lut.
Using template $paramod$df196ed0a1da5c4a58c5e08a1dac304fd3fccaab$lut for cells of type $lut.
Using template $paramod$65d5d5c1e01bf41ee659754efba932f3d99198e5$lut for cells of type $lut.
Using template $paramod$992bdc10cff2c6edd722994f0e1044bc863f79f7$lut for cells of type $lut.
Using template $paramod$2d07c1a6c53c7b878509360922c4fa5ebedc3011$lut for cells of type $lut.
Using template $paramod$lut\WIDTH=32'00000000000000000000000000000011\LUT=8'00011101 for cells of type $lut.
Using template $paramod$b4f85a6321a00b090afc4e21d68e7b99eb94d149$lut for cells of type $lut.
Using template $paramod$lut\WIDTH=32'00000000000000000000000000000011\LUT=8'11101010 for cells of type $lut.
Using template $paramod$dcf464990597ed9f574b5d75638c55d2a4e121f4$lut for cells of type $lut.
Using template $paramod$12879138d1e376f344e47ea40be66b776233be75$lut for cells of type $lut.
Using template $paramod$364c9ffbffac467d60dfec81bba4e18476c15602$lut for cells of type $lut.
Using template $paramod$lut\WIDTH=32'00000000000000000000000000000011\LUT=8'00001011 for cells of type $lut.
Using template $paramod$lut\WIDTH=32'00000000000000000000000000000011\LUT=8'01111111 for cells of type $lut.
Using template $paramod$5c32c59025c0b98f20e63f249d83e7ebb4b085e3$lut for cells of type $lut.
Using template $paramod$c28a8b7ce0535d090c4cfb52e9c74affd52b110c$lut for cells of type $lut.
Using template $paramod$lut\WIDTH=32'00000000000000000000000000000011\LUT=8'00010101 for cells of type $lut.
Using template $paramod$9e354de8d358bf081aa0c089488ea3bc5b7c2fd9$lut for cells of type $lut.
Using template $paramod$be48d952fcad8a16b8d84daa4c48a3065f343e5e$lut for cells of type $lut.
Using template $paramod$fb5ee0bdef1c4e74aaf1fd8efae98b46a2f5e564$lut for cells of type $lut.
Using template $paramod$11ec7271d8e6e5aeaace08c13e4c601f10e31038$lut for cells of type $lut.
Using template $paramod$7991e43c533565df3969b82a304afcde859daeba$lut for cells of type $lut.
Using template $paramod$a15fd389a2f54cb7b94707b25934d226e68d9e2e$lut for cells of type $lut.
Using template $paramod$6e46ec5a196ba1a24b8e69ab094cadc07c13ac1f$lut for cells of type $lut.
Using template $paramod$e5e9da8fed769f971686eed8c5eea50e61f73aaa$lut for cells of type $lut.
Using template $paramod$lut\WIDTH=32'00000000000000000000000000000011\LUT=8'11010101 for cells of type $lut.
Using template $paramod$4b2297966ddb718657b80566604f97685ffc0120$lut for cells of type $lut.
Using template $paramod$lut\WIDTH=32'00000000000000000000000000000010\LUT=4'1011 for cells of type $lut.
Using template $paramod$a50be0e6fa3a01511bb234559cb74fb8bd3e2061$lut for cells of type $lut.
Using template $paramod$ab8bb87959c5d7cfa27886cee1355b38e054a61a$lut for cells of type $lut.
Using template $paramod$c5b694ec89d7629b942ccf6a9be1d39e24f8edec$lut for cells of type $lut.
Using template $paramod$5f99aa1a31b4f0c356281a67e16706e1e689d29f$lut for cells of type $lut.
Using template $paramod$de5328836923c44c99600bcab852423201246f91$lut for cells of type $lut.
Using template $paramod$586782f6168439c0380829640da6bcef5049ce1d$lut for cells of type $lut.
Using template $paramod$20aecb9a781743d0e93608b1c1e7d62ffc3a69a9$lut for cells of type $lut.
Using template $paramod$lut\WIDTH=32'00000000000000000000000000000010\LUT=4'1101 for cells of type $lut.
Using template $paramod$f92cb5e19b71a050c7f80939e133b2581446ceb5$lut for cells of type $lut.
Using template $paramod$lut\WIDTH=32'00000000000000000000000000000011\LUT=8'01011101 for cells of type $lut.
Using template $paramod$lut\WIDTH=32'00000000000000000000000000000011\LUT=8'01001100 for cells of type $lut.
Using template $paramod$756861dd4dfe0a5b9de37af2241117b1958e2ffe$lut for cells of type $lut.
Using template $paramod$baa939b0bd5b3e0c8760492528669bd58f640542$lut for cells of type $lut.
Using template $paramod$f07e8a9c88f9f5be8f1c8e37472aa1d47f52231b$lut for cells of type $lut.
Using template $paramod$a2d691ba21e093558f2a36669ee489fbccffbcd3$lut for cells of type $lut.
Using template $paramod$279a8d961e6b2ded8450bee8ed637cb9efa31f02$lut for cells of type $lut.
Using template $paramod$d0cfbfa794431f7e2ccafbbeaaefbd5ed7deeac7$lut for cells of type $lut.
Using template $paramod$ead66ba22839f96e739c8f1b5a09bc1717b3be02$lut for cells of type $lut.
Using template $paramod$69f20e0703606f2ffd2ee27cd26f815bd5eeb6e9$lut for cells of type $lut.
Using template $paramod$lut\WIDTH=32'00000000000000000000000000000011\LUT=8'10001011 for cells of type $lut.
Using template $paramod$5a621b016c894274d07edef48c49b401a15fd796$lut for cells of type $lut.
Using template $paramod$lut\WIDTH=32'00000000000000000000000000000011\LUT=8'01000111 for cells of type $lut.
Using template $paramod$lut\WIDTH=32'00000000000000000000000000000011\LUT=8'00011011 for cells of type $lut.
Using template $paramod$lut\WIDTH=32'00000000000000000000000000000011\LUT=8'00100111 for cells of type $lut.
Using template $paramod$728af64da11d42500d51a71dd7007ac25b15b46a$lut for cells of type $lut.
Using template $paramod$lut\WIDTH=32'00000000000000000000000000000011\LUT=8'01000110 for cells of type $lut.
Using template $paramod$c2ec04e79a837992e22a44516a441e33767962c2$lut for cells of type $lut.
Using template $paramod$f41ad5097d9f0f76cacde91c023873087e38be33$lut for cells of type $lut.
Using template $paramod$e4f8d81c24db5be4d13730546a4ee5ffc8be826a$lut for cells of type $lut.
Using template $paramod$lut\WIDTH=32'00000000000000000000000000000011\LUT=8'01010010 for cells of type $lut.
Using template $paramod$9f6bc32305fc769fa11e4327bee073e3fbe84018$lut for cells of type $lut.
Using template $paramod$3ccc23db184ad4ca7ed34ebe2511de41d5d97e78$lut for cells of type $lut.
Using template $paramod$b89c522b7f70adaee1a35d80e932f38159b6a445$lut for cells of type $lut.
Using template $paramod$b4d0f4738a5ce50c7f36c2aa2ecc09cfb874f2b6$lut for cells of type $lut.
Using template $paramod$0331e023d83b8009e60defb446ce9fa640b122c7$lut for cells of type $lut.
Using template $paramod$fe9a0158d0352193457c4f5b6282ac86d35fb3ee$lut for cells of type $lut.
Using template $paramod$lut\WIDTH=32'00000000000000000000000000000011\LUT=8'11100010 for cells of type $lut.
Using template $paramod$lut\WIDTH=32'00000000000000000000000000000011\LUT=8'00001000 for cells of type $lut.
Using template $paramod$873c285bdccf0ac2b60d2304ea5cd14bf211d2a6$lut for cells of type $lut.
Using template $paramod$e85b6eba0dacefc5f73f8748159b8b9599212afc$lut for cells of type $lut.
Using template $paramod$826d4fba61f8b6b8d18c13232c0323a45a626066$lut for cells of type $lut.
Using template $paramod$7de1a63187069181d083ee4ea03b879fc82d6d88$lut for cells of type $lut.
Using template $paramod$f7a897257decedfb6cc642e53d65fef7fc0df390$lut for cells of type $lut.
Using template $paramod$fe70bb3280659663b8fa2b45f42fda9ccf4ccfaa$lut for cells of type $lut.
Using template $paramod$lut\WIDTH=32'00000000000000000000000000000011\LUT=8'10001010 for cells of type $lut.
Using template $paramod$94ac66a11090dca84889e55fcf03297912a5b7ec$lut for cells of type $lut.
Using template $paramod$8c061bc3212ac67fe729ddfc4ae44d8f6499cae7$lut for cells of type $lut.
Using template $paramod$e51a8a571bee774247b38f52d6e85fd62ae52cea$lut for cells of type $lut.
Using template $paramod$8d7a8d6e3356de09670738ba85f2c6b874f6b06d$lut for cells of type $lut.
Using template $paramod$1241d759e3df4cac11dc7c99c36b0d1b07f7a673$lut for cells of type $lut.
Using template $paramod$lut\WIDTH=32'00000000000000000000000000000011\LUT=8'00111011 for cells of type $lut.
Using template $paramod$d285fa12ff128f10e974409599fea6505146e7ca$lut for cells of type $lut.
Using template $paramod$lut\WIDTH=32'00000000000000000000000000000011\LUT=8'10111111 for cells of type $lut.
Using template $paramod$bb4fff1cc3b827238aa40993cafede1c5beecbe3$lut for cells of type $lut.
Using template $paramod$lut\WIDTH=32'00000000000000000000000000000011\LUT=8'01001111 for cells of type $lut.
Using template $paramod$f8f63b209b7230e81958663ff24fef1613156af7$lut for cells of type $lut.
Using template $paramod$8e44661def013b6bf9fe6f8b049ef2c838d749f9$lut for cells of type $lut.
Using template $paramod$5e9374f44a27c3f8a1c38af244ec43ceb4fb8d4f$lut for cells of type $lut.
Using template $paramod$6a9b42dd2737c91073e6a695b8ac858c4a8587d7$lut for cells of type $lut.
Using template $paramod$bba54c1ef87367812b4c15f4aed5ac70773df775$lut for cells of type $lut.
Using template $paramod$097592bb16245531f0716c5ddb18d7090f9c7d9d$lut for cells of type $lut.
Using template $paramod$413d040dcd860cd74ca61a70644516a95d328ae7$lut for cells of type $lut.
Using template $paramod$lut\WIDTH=32'00000000000000000000000000000011\LUT=8'00010011 for cells of type $lut.
Using template $paramod$4e0dac06d9d9602cfb659e01e0850b77eec5b798$lut for cells of type $lut.
Using template $paramod$886c295c45fec312bf45b020319d324b7360f37a$lut for cells of type $lut.
Using template $paramod$lut\WIDTH=32'00000000000000000000000000000011\LUT=8'00000010 for cells of type $lut.
Using template $paramod$973818279bc95792902f3c09371fd2407d04a2a5$lut for cells of type $lut.
Using template $paramod$7491e7206ae8c682d288373efe06a43b67c277cf$lut for cells of type $lut.
Using template $paramod$cdc5bba2585477f1744fd1f869bebc8beb23d707$lut for cells of type $lut.
Using template $paramod$e57bcb018bfe8170bc04f13a73befe2def28cdf3$lut for cells of type $lut.
Using template $paramod$37c9af120c85145419565a9ccf4ceb7397fbbe92$lut for cells of type $lut.
Using template $paramod$afb8959a93937986ded51b1cddcab9e31c6ea2ed$lut for cells of type $lut.
Using template $paramod$2ea69c779d6c1b79ac5a87b0d1523c67d5628dba$lut for cells of type $lut.
Using template $paramod$d5c7dda3e544463bf43ed73dadb51262f5dcf2fe$lut for cells of type $lut.
Using template $paramod$734cd1512f671d92bc4f41153da0d9781801dd98$lut for cells of type $lut.
Using template $paramod$9e45b1a8f5d89c07bcbb75a2bb1c598231b04feb$lut for cells of type $lut.
Using template $paramod$fda6887b37f599177ed9cb69271d882b63df7e66$lut for cells of type $lut.
Using template $paramod$179512a187da069f3b79ef6612a41e494e7d54b6$lut for cells of type $lut.
Using template $paramod$4fd3428c4b8b1accf8f8fb4bb88555a2b5fa688d$lut for cells of type $lut.
Using template $paramod$29e6d4598488760861f6b73d2b7f65cb302fdcde$lut for cells of type $lut.
Using template $paramod$e49f6e3576ef1a6d2f58c54414dbb786af8cc869$lut for cells of type $lut.
Using template $paramod$1b53a9695a0f80de7517b50863b438fd2b7f56da$lut for cells of type $lut.
Using template $paramod$eeea089431e54644147af2c573dc3d2eca0e3b09$lut for cells of type $lut.
Using template $paramod$fdcae86fcfd036c1880a04306ae771a9d7579c31$lut for cells of type $lut.
Using template $paramod$b7685cb0c8a6753256bc84bc31d36a443c15fab7$lut for cells of type $lut.
Using template $paramod$d1dc785fc5b97e7bec2be30ee7302c8cf250ad22$lut for cells of type $lut.
Using template $paramod$861750984ac6db91b43268b1543d519f3e2b5c9f$lut for cells of type $lut.
Using template $paramod$865395c0228487a64a8e4011cecafc2c64b79f2b$lut for cells of type $lut.
Using template $paramod$lut\WIDTH=32'00000000000000000000000000000011\LUT=8'01110000 for cells of type $lut.
Using template $paramod$3a0a392069bc969f34c65c546a8c56fbbb67e282$lut for cells of type $lut.
Using template $paramod$f405ee362848dd1a47c58160f854302f6ecf95ff$lut for cells of type $lut.
Using template $paramod$c217e185eb8e6463ca272982ba8c5940fa90d81f$lut for cells of type $lut.
Using template $paramod$4385b611926e5c0509dba4de58311d325da0ff0d$lut for cells of type $lut.
Using template $paramod$f58e0d90afc57a738914697b6a4a7319b30d7e7e$lut for cells of type $lut.
Using template $paramod$b297295e19b03521716155b85537bbe86d6a9ae6$lut for cells of type $lut.
Using template $paramod$lut\WIDTH=32'00000000000000000000000000000011\LUT=8'11000100 for cells of type $lut.
Using template $paramod$ce57c8604805f80ab07a0434d106bb987e82ae6c$lut for cells of type $lut.
Using template $paramod$7c1f6afe503c0a9d86df3082e3bb8088dcf2d22b$lut for cells of type $lut.
Using template $paramod$95454eff2b0bb0c7425b41d029b34bbd8fbe521a$lut for cells of type $lut.
Using template $paramod$lut\WIDTH=32'00000000000000000000000000000011\LUT=8'01010111 for cells of type $lut.
Using template $paramod$a453c648339339cf8085b4c74072c3d56ec2bae9$lut for cells of type $lut.
Using template $paramod$lut\WIDTH=32'00000000000000000000000000000011\LUT=8'00110111 for cells of type $lut.
Using template $paramod$lut\WIDTH=32'00000000000000000000000000000011\LUT=8'11100100 for cells of type $lut.
Using template $paramod$lut\WIDTH=32'00000000000000000000000000000011\LUT=8'11011000 for cells of type $lut.
Using template $paramod$d909494d67d7075f17a422f7cb5526f6d6564ea6$lut for cells of type $lut.
Using template $paramod$b65d0403b0f956da2bd57b71ca9697ee859b5439$lut for cells of type $lut.
Using template $paramod$7f8dcbbcc0931c3398304053d9bb53ce1acb1b1f$lut for cells of type $lut.
Using template $paramod$101238f3d8d49ab12a9b49a2f01cd503b26e9c61$lut for cells of type $lut.
Using template $paramod$85b779ce5ab505dbf25e5e046fb43ca2b76b878b$lut for cells of type $lut.
Using template $paramod$lut\WIDTH=32'00000000000000000000000000000011\LUT=8'10010000 for cells of type $lut.
Using template $paramod$b26fbfdb68e98cf016d61a8611b449e9f4a30f3c$lut for cells of type $lut.
Using template $paramod$lut\WIDTH=32'00000000000000000000000000000011\LUT=8'01100000 for cells of type $lut.
Using template $paramod$8512f4fb47fa9596f76cdbe5b407a5b54df368e7$lut for cells of type $lut.
Using template $paramod$86d1a43c2f1d620ff2cef866448dd1258c868fad$lut for cells of type $lut.
Using template $paramod$464d286cc302627c2e44b6c4a8450c9bebc28389$lut for cells of type $lut.
Using template $paramod$lut\WIDTH=32'00000000000000000000000000000011\LUT=8'10110011 for cells of type $lut.
Using template $paramod$c5f3c57a6d466a2f42208bafb8985b96ce884440$lut for cells of type $lut.
Using template $paramod$608f40069c27841a5b3bdf03643a34bdc8974072$lut for cells of type $lut.
Using template $paramod$20798777255c214e32de3304ce8faa1fdfa2f474$lut for cells of type $lut.
Using template $paramod$243fb93e736df5581df7bafa378886f2bdf5bea9$lut for cells of type $lut.
Using template $paramod$9c6e6a10ea00e5b0682f6243b802d7839a398197$lut for cells of type $lut.
Using template $paramod$c7da182350c463dac9341b9202c767a484f2d529$lut for cells of type $lut.
Using template $paramod$f65af1b660a013aeaba9a5dc41e6bdede642e3c3$lut for cells of type $lut.
Using template $paramod$81d8a60fd95b1a9f9ef71c12a774ae6988cb9fd5$lut for cells of type $lut.
Using template $paramod$lut\WIDTH=32'00000000000000000000000000000011\LUT=8'10110000 for cells of type $lut.
Using template $paramod$e134ec2a47a2462a591072e65d34fb15b81c90e0$lut for cells of type $lut.
Using template $paramod$lut\WIDTH=32'00000000000000000000000000000011\LUT=8'00100001 for cells of type $lut.
Using template $paramod$b4410865e8124402796f9dfbf73ef8d279fdbd08$lut for cells of type $lut.
Using template $paramod$lut\WIDTH=32'00000000000000000000000000000011\LUT=8'00000100 for cells of type $lut.
Using template $paramod$64ed40f74e19bff7f50592ea328f713c3f8b3f50$lut for cells of type $lut.
Using template $paramod$3258fabf91107b4a007ae89b2246a16c31e8ae28$lut for cells of type $lut.
Using template $paramod$8d8a6111e2a82db0bfbd78666fa69c753d8df004$lut for cells of type $lut.
Using template $paramod$b86b68a00733dbecb31d58a14a13683475a2002a$lut for cells of type $lut.
Using template $paramod$1375097368c7419afb8f82c9cef8dbc3b05a0e82$lut for cells of type $lut.
Using template $paramod$f70269f202d4dce0365aebaed07094a4216142a8$lut for cells of type $lut.
Using template $paramod$lut\WIDTH=32'00000000000000000000000000000010\LUT=4'1001 for cells of type $lut.
Using template $paramod$4282def8dbd6df3d1248ad282c629bee684502c2$lut for cells of type $lut.
Using template $paramod$lut\WIDTH=32'00000000000000000000000000000011\LUT=8'01101001 for cells of type $lut.
Using template $paramod$aab54572d5ffecd31253b36e73e9cb718d05be34$lut for cells of type $lut.
Using template $paramod$4cab3b31c601551ff65536bf4f533afa0b2094ee$lut for cells of type $lut.
Using template $paramod$aabefd8ce42fa6ef54dde64d2f0654be3dc29cf7$lut for cells of type $lut.
Using template $paramod$070ad9d1ddbf89389161ba7e9ac58b9c0e081923$lut for cells of type $lut.
Using template $paramod$034f5de26bf338600d36ef0e585c05d469cb259c$lut for cells of type $lut.
Using template $paramod$b600d182ae966d09f33a746441e104587fe7a58f$lut for cells of type $lut.
Using template $paramod$78107355136c565d78c8ffe30e4a20f55dedc5b7$lut for cells of type $lut.
Using template $paramod$lut\WIDTH=32'00000000000000000000000000000011\LUT=8'10111000 for cells of type $lut.
Using template $paramod$7d3cbfc289ec00e0691f33de08826f2254fca668$lut for cells of type $lut.
Using template $paramod$15d3dd50cc31557057274aea687fe2a8296cd155$lut for cells of type $lut.
Using template $paramod$75d5c453cca75cc7a7ca320c4fb7be0932b6aaa7$lut for cells of type $lut.
Using template $paramod$4541c098116f7292d10d7d30a0922be20fa68a41$lut for cells of type $lut.
Using template $paramod$f13784ede300b12a5285177c86c7721a54cf9e12$lut for cells of type $lut.
Using template $paramod$70f68cc10fbeada9b6fa90c3bb75475e348ca467$lut for cells of type $lut.
Using template $paramod$4d7f17f71543a1e7fc1835bd79c4827a43f2e844$lut for cells of type $lut.
Using template $paramod$27dd7ea71d2126c74d85758e5a06b7f432d9242f$lut for cells of type $lut.
Using template $paramod$d35161d1d7976dcc02e7c7d51172431be85143b4$lut for cells of type $lut.
Using template $paramod$6e3b22478ca21c5590744f2e30b92938c4d90996$lut for cells of type $lut.
Using template $paramod$478e4a53d21c4a6adf4356e643f2e3ccffe11b9e$lut for cells of type $lut.
Using template $paramod$lut\WIDTH=32'00000000000000000000000000000011\LUT=8'01111000 for cells of type $lut.
Using template $paramod$df6b12cebabc3b2db650658c5e894d03a346e968$lut for cells of type $lut.
Using template $paramod$lut\WIDTH=32'00000000000000000000000000000011\LUT=8'11011111 for cells of type $lut.
Using template $paramod$72d04cda0ad63fcea17225ad4256bc664683b513$lut for cells of type $lut.
Using template $paramod$lut\WIDTH=32'00000000000000000000000000000011\LUT=8'00110101 for cells of type $lut.
Using template $paramod$lut\WIDTH=32'00000000000000000000000000000011\LUT=8'10110101 for cells of type $lut.
Using template $paramod$ac625693f16b49e83fa04a6cb89d0c5ca3581404$lut for cells of type $lut.
Using template $paramod$c52228221673cb40e85e683314eb992be6bc9613$lut for cells of type $lut.
Using template $paramod$93270829043fa702b5a19ca9a0bf3f9b738b2488$lut for cells of type $lut.
Using template $paramod$044293bc0b0810535e7bb4b431eac61568086b74$lut for cells of type $lut.
Using template $paramod$lut\WIDTH=32'00000000000000000000000000000011\LUT=8'11010000 for cells of type $lut.
Using template $paramod$ef26adabe6060e01077b576cfe34e95e55a26aef$lut for cells of type $lut.
Using template $paramod$228e7968edba70367b6b9d961263814d7f7c612c$lut for cells of type $lut.
Using template $paramod$80a595552f7580b219935b9cfaeb6c58c6313ec4$lut for cells of type $lut.
Using template $paramod$19341da8fdbe102edfb4af43bd033fce663c5012$lut for cells of type $lut.
Using template $paramod$5396c54442dad8b5b1b0cf2a8879c9d9fd868ee7$lut for cells of type $lut.
Using template $paramod$b69ed7a5b6f8c0acc3913ae9c1063a5bfac099c2$lut for cells of type $lut.
Using template $paramod$5321e04f7ce32c091123c3570ab562efb1c81402$lut for cells of type $lut.
Using template $paramod$ca020c1ab6d2e23c58db150d6a92e287bfad6a27$lut for cells of type $lut.
Using template $paramod$9d76a3cd20a2cc80482240355e50ed59cce1ee90$lut for cells of type $lut.
Using template $paramod$6c21fed9d22f7e70118056bd742b69e2f255c401$lut for cells of type $lut.
Using template $paramod$lut\WIDTH=32'00000000000000000000000000000011\LUT=8'10011011 for cells of type $lut.
Using template $paramod$4b17cb40ea2960ed2a6000eaf245be7e50342c51$lut for cells of type $lut.
Using template $paramod$40ac38dd1173f9d7d56c22779b9b16b50d7583b4$lut for cells of type $lut.
Using template $paramod$lut\WIDTH=32'00000000000000000000000000000011\LUT=8'01001110 for cells of type $lut.
Using template $paramod$3bbe2f1c4383ef29ab66a5d81b262db3e2b984c3$lut for cells of type $lut.
Using template $paramod$683d78d68025e42b55684997b2bb72484f656fff$lut for cells of type $lut.
Using template $paramod$0d94766b8f50ae8b32739d9cec096f2c5d44402a$lut for cells of type $lut.
Using template $paramod$31114d87be01f977936de4d238d2be8c5bca7194$lut for cells of type $lut.
Using template $paramod$e84e4a245515000cd6930e0f4535753ed485f71e$lut for cells of type $lut.
Using template $paramod$0e7ce19e5da99c6675c7a5220f7cc55270b24ac0$lut for cells of type $lut.
Using template $paramod$adb84e058b0f32ce56f004e6ffa19883ace75fc0$lut for cells of type $lut.
Using template $paramod$lut\WIDTH=32'00000000000000000000000000000011\LUT=8'00100011 for cells of type $lut.
Using template $paramod$648d5b3c4c08a2b5e6752f60f9134dd7da5b02b9$lut for cells of type $lut.
Using template $paramod$c685a6e5e211287be351ac5f1078c1501564ce89$lut for cells of type $lut.
Using template $paramod$7b4268aed123ae38199ca216094c415d98763cb5$lut for cells of type $lut.
Using template $paramod$lut\WIDTH=32'00000000000000000000000000000011\LUT=8'00001101 for cells of type $lut.
Using template $paramod$8f7210088a40da1859d27e900c288fd298d68bed$lut for cells of type $lut.
Using template $paramod$556576dcba55c06ab292eeb98721827871a91aaa$lut for cells of type $lut.
Using template $paramod$7e8d331d1e06632d29fbdf6c3afc2de1856d3c67$lut for cells of type $lut.
Using template $paramod$cd6c4b4da6d8737b72fd2dc8f5d83d8967445809$lut for cells of type $lut.
Using template $paramod$e3232e0a90c8340ac10328f8e4e3ccd56fa7779b$lut for cells of type $lut.
Using template $paramod$2955ab75367a3dc9d6f50d3655eebcd4f615031f$lut for cells of type $lut.
Using template $paramod$3cd7ba4e37ac845a21f7d679f20c35087949289b$lut for cells of type $lut.
Using template $paramod$e2d96f36ef28053ecd27167cd95b944485ac3146$lut for cells of type $lut.
Using template $paramod$bacdb2105cbfbe75cfbcc2fb021fd3aba864526b$lut for cells of type $lut.
Using template $paramod$8384e66d408d22ab39dfb451efb7879731befeb8$lut for cells of type $lut.
Using template $paramod$lut\WIDTH=32'00000000000000000000000000000011\LUT=8'11001101 for cells of type $lut.
Using template $paramod$lut\WIDTH=32'00000000000000000000000000000011\LUT=8'10101000 for cells of type $lut.
Using template $paramod$lut\WIDTH=32'00000000000000000000000000000011\LUT=8'01010100 for cells of type $lut.
Using template $paramod$f28aede8a07a53ff316cc6f8627c7d8a2337a88a$lut for cells of type $lut.
Using template $paramod$lut\WIDTH=32'00000000000000000000000000000011\LUT=8'10001101 for cells of type $lut.
Using template $paramod$lut\WIDTH=32'00000000000000000000000000000011\LUT=8'00101110 for cells of type $lut.
Using template $paramod$28c616faf5f033f157ae11b466e19ab28d454f1e$lut for cells of type $lut.
Using template $paramod$927a9d8283ace908a2fb3858a8c9bb8c23272470$lut for cells of type $lut.
Using template $paramod$cdfb4ce36e9b97ab980954e4bd7262833a7086a8$lut for cells of type $lut.
Using template $paramod$7d35f3eb4056e6484203c99fe42cfcf1dfaba704$lut for cells of type $lut.
Using template $paramod$18df3812bc12364e5ebcb6c3ed05c0294e4c26fc$lut for cells of type $lut.
Using template $paramod$lut\WIDTH=32'00000000000000000000000000000011\LUT=8'11101001 for cells of type $lut.
Using template $paramod$7154fffd28a51a4d93b0b0e8bef23996836d7a1c$lut for cells of type $lut.
Using template $paramod$0383ab1f05f8be9f97ca24a50687ffc84314c0c8$lut for cells of type $lut.
Using template $paramod$lut\WIDTH=32'00000000000000000000000000000011\LUT=8'01110010 for cells of type $lut.
Using template $paramod$5f1f114b200cea2ba999909e379e76f330c230b9$lut for cells of type $lut.
Using template $paramod$93e4fc9cc1bb72661fb06e63baceb46b41dcc76a$lut for cells of type $lut.
Using template $paramod$lut\WIDTH=32'00000000000000000000000000000011\LUT=8'10110001 for cells of type $lut.
Using template $paramod$3751cff910103888107374559f35d9f1f2f94946$lut for cells of type $lut.
Using template $paramod$dc8eb389b2fc3ec6a78d93ff9b548b7fd27b6950$lut for cells of type $lut.
Using template $paramod$3ae9f1cda205b669870c653a21d45eee50078e98$lut for cells of type $lut.
Using template $paramod$daac9b1e7bb2ac018f7132a3fbe0026ddd7b1a71$lut for cells of type $lut.
Using template $paramod$8b81775fb73b10ccf3a57c39fc26126ef8a47ddb$lut for cells of type $lut.
Using template $paramod$47d363ae7b1a0e81207e02fe31af85b6bf36a2ac$lut for cells of type $lut.
Using template $paramod$aa87f4b44361d4073f55a64babebb83974861eee$lut for cells of type $lut.
Using template $paramod$323dbb47a6d14615772fecb6fe7c4bec277e6c6b$lut for cells of type $lut.
Using template $paramod$97108e3cc0d0482a6e72e932e86430aa2177750b$lut for cells of type $lut.
Using template $paramod$517625bf4a7b846fd553901d881a35fcc8afe4c4$lut for cells of type $lut.
Using template $paramod$lut\WIDTH=32'00000000000000000000000000000011\LUT=8'10110010 for cells of type $lut.
Using template $paramod$4f2ff369e573efd7ef2034d2c1f6c1a1cc73b2b7$lut for cells of type $lut.
Using template $paramod$704cad882e2bedddf5c55ef18de55c67afe1e0ec$lut for cells of type $lut.
Using template $paramod$2e242b3870fd1c78b14e7f95ffa17bf0b3a3339c$lut for cells of type $lut.
Using template $paramod$ee1273a447e63e4e9d26796e983b505bb2da74dd$lut for cells of type $lut.
Using template $paramod$18c0af0ab239136c12d03cf9ac659374dfbe1fe6$lut for cells of type $lut.
Using template $paramod$f81545e6a4d74ff7a6fcd3c6e45a6a8fe32672ac$lut for cells of type $lut.
Using template $paramod$cad8f5c808e91f937dcf797b89e646787b39867a$lut for cells of type $lut.
Using template $paramod$lut\WIDTH=32'00000000000000000000000000000011\LUT=8'01011100 for cells of type $lut.
Using template $paramod$95647f061a452a57330090c74bbb5ab75f7ee34a$lut for cells of type $lut.
Using template $paramod$b45e5cb971154e30a797eecb0461619c3eeae12d$lut for cells of type $lut.
Using template $paramod$8cc3490ab42a63312b8ab36121eb7c9227093866$lut for cells of type $lut.
Using template $paramod$22401499cdd44f3533d03c4b246566376c46a67b$lut for cells of type $lut.
Using template $paramod$e5b29079c1a88f3fc663c746ec8e3359690ef674$lut for cells of type $lut.
Using template $paramod$lut\WIDTH=32'00000000000000000000000000000011\LUT=8'00000110 for cells of type $lut.
Using template $paramod$lut\WIDTH=32'00000000000000000000000000000011\LUT=8'00101000 for cells of type $lut.
Using template $paramod$191987e4132f69ca46dd53dfa3f15f72d990cc0a$lut for cells of type $lut.
Using template $paramod$20235ca863361fbc253329cfc7eeea38c77404dc$lut for cells of type $lut.
Using template $paramod$6051cc942ebe6def12ad03e74fc57fd19331d317$lut for cells of type $lut.
Using template $paramod$4ddc2ad0019e4b996b49a3372d822a4601fc4ba8$lut for cells of type $lut.
Using template $paramod$c71ed138d834112b80a85f4478e2e21f72e5c48b$lut for cells of type $lut.
Using template $paramod$93785b9c731eec5233cca020cc98b38141190c08$lut for cells of type $lut.
Using template $paramod$e0286d7bdebdb6346cb367bb1962e01892ba2e32$lut for cells of type $lut.
Using template $paramod$f610396a8c1614f373f4d73e3d1e988bc93e396c$lut for cells of type $lut.
Using template $paramod$e104e5b82f586e765c5529391ca0e6396532ebdc$lut for cells of type $lut.
Using template $paramod$368ece0cbe0dd8813956f5c0ea41432c34a980c2$lut for cells of type $lut.
Using template $paramod$f87bcf1791971b4eaa30f3f28437044fef878a04$lut for cells of type $lut.
Using template $paramod$77c2a0573790d304ab2299da6d598e8d2e184867$lut for cells of type $lut.
Using template $paramod$b2192df6f90569fea4015d0a6658bdc192199f95$lut for cells of type $lut.
Using template $paramod$eea9f3bfa234687410071a547d41b806cab7d4e0$lut for cells of type $lut.
Using template $paramod$lut\WIDTH=32'00000000000000000000000000000011\LUT=8'00001110 for cells of type $lut.
Using template $paramod$38f9bf4dd2329347b8471f0a98443dd323386889$lut for cells of type $lut.
Using template $paramod$lut\WIDTH=32'00000000000000000000000000000011\LUT=8'00111101 for cells of type $lut.
Using template $paramod$lut\WIDTH=32'00000000000000000000000000000011\LUT=8'10111101 for cells of type $lut.
Using template $paramod$lut\WIDTH=32'00000000000000000000000000000011\LUT=8'00001001 for cells of type $lut.
Using template $paramod$a670b08a47dd8a34f954c50cd06e9996d77e8467$lut for cells of type $lut.
Using template $paramod$df23d368a6ae8908771963811f5ab56f622887ca$lut for cells of type $lut.
Using template $paramod$9dd298ae76fb41ac94779a83c068607fbc09ce4f$lut for cells of type $lut.
Using template $paramod$cd05caaf261e4148f336c0ecc488c806e4433d99$lut for cells of type $lut.
Using template $paramod$9cc51547ab44a72dd506ee5bb84a864365a103da$lut for cells of type $lut.
No more expansions possible.
<suppressed ~7169 debug messages>
Removed 0 unused cells and 6567 unused wires.

10.55. Executing AUTONAME pass.
Renamed 9257 objects in module upduino_replay.
<suppressed ~9257 debug messages>

10.56. Executing HIERARCHY pass (managing design hierarchy).
Attribute `top' found on module `upduino_replay'. Setting top module to upduino_replay.

10.56.1. Analyzing design hierarchy..
Top module:  \upduino_replay

10.56.2. Analyzing design hierarchy..
Top module:  \upduino_replay
Removed 0 unused modules.

10.57. Printing statistics.

=== upduino_replay ===

        +----------Local Count, excluding submodules.
        | 
     3805 wires
    10383 wire bits
     3805 public wires
    10383 public wire bits
        8 ports
        8 port bits
       35 cells
       11   $scopeinfo
        1   SB_HFOSC
        1   SB_MAC16
       19   SB_RAM40_4K
        3   SB_SPRAM256KA
     5719 submodules
     1203   SB_CARRY
      123   SB_DFF
      170   SB_DFFE
     1158   SB_DFFESR
       34   SB_DFFESS
       87   SB_DFFSR
        2   SB_DFFSS
     2942   SB_LUT4

=== design hierarchy ===

        +----------Count including submodules.
        | 
       35 upduino_replay

        +----------Count including submodules.
        | 
     3805 wires
    10383 wire bits
     3805 public wires
    10383 public wire bits
        8 ports
        8 port bits
        - memories
        - memory bits
        - processes
       35 cells
       11   $scopeinfo
        1   SB_HFOSC
        1   SB_MAC16
       19   SB_RAM40_4K
        3   SB_SPRAM256KA
     5719 submodules
     1203   SB_CARRY
      123   SB_DFF
      170   SB_DFFE
     1158   SB_DFFESR
       34   SB_DFFESS
       87   SB_DFFSR
        2   SB_DFFSS
     2942   SB_LUT4

10.58. Executing CHECK pass (checking for obvious problems).
Checking module upduino_replay...
Found and reported 0 problems.

10.59. Executing JSON backend.

11. Printing statistics.

=== upduino_replay ===

        +----------Local Count, excluding submodules.
        | 
     3805 wires
    10383 wire bits
     3805 public wires
    10383 public wire bits
        8 ports
        8 port bits
     5754 cells
       11   $scopeinfo
     1203   SB_CARRY
      123   SB_DFF
      170   SB_DFFE
     1158   SB_DFFESR
       34   SB_DFFESS
       87   SB_DFFSR
        2   SB_DFFSS
        1   SB_HFOSC
     2942   SB_LUT4
        1   SB_MAC16
       19   SB_RAM40_4K
        3   SB_SPRAM256KA

