Info: constrained 'clk12' to bel 'X19/Y0/io1'
Info: constrained 'flash_cs_n' to bel 'X24/Y0/io1'
Info: constrained 'flash_sclk' to bel 'X24/Y0/io0'
Info: constrained 'flash_mosi' to bel 'X23/Y0/io0'
Info: constrained 'flash_miso' to bel 'X23/Y0/io1'
Info: constrained 'status_done' to bel 'X18/Y0/io1'
Info: constrained 'status_error' to bel 'X18/Y0/io0'
Info: constrained 'status_running' to bel 'X19/Y0/io0'

Info: Packing constants..
Info: Packing IOs..
Info: Packing LUT-FFs..
Info:     2822 LCs used as LUT4 only
Info:      891 LCs used as LUT4 and DFF
Info: Packing non-LUT FFs..
Info:      818 LCs used as DFF only
Info: Packing carries..
Info:      542 LCs used as CARRY only
Info: Packing indirect carry+LUT pairs...
Info:      101 LUTs merged into carry LCs
Info: Packing RAMs..
Info: Placing PLLs..
Info: Packing special functions..
Info:   constrained ICESTORM_HFOSC 'internal_clock.oscillator_OSC' to X0/Y31/hfosc_1
Info:     Derived frequency constraint of 12.0 MHz for net system_clk
Info: Packing PLLs..
Info: Promoting globals..
Info: promoting rst [reset] (fanout 1223)
Info: promoting system.source.phase_SB_DFFESR_Q_14_D_SB_LUT4_O_I2_SB_LUT4_I3_O_SB_LUT4_O_I3_SB_CARRY_CI_CO_SB_CARRY_CI_CO_SB_CARRY_CI_CO_SB_CARRY_CI_CO_SB_CARRY_CI_CO_SB_CARRY_CI_CO_SB_CARRY_CI_CO_SB_CARRY_CI_CO_SB_CARRY_CI_CO_SB_CARRY_CI_CO_SB_CARRY_CI_CO_SB_CARRY_CI_CO_SB_CARRY_CI_CO_SB_LUT4_I3_O_SB_LUT4_I3_O[2] [reset] (fanout 71)
Info: promoting system.core.state_SB_DFFESR_Q_1_D_SB_LUT4_O_I1_SB_LUT4_I3_1_O_SB_LUT4_I2_O [cen] (fanout 174)
Info: promoting system.core.store_lane_SB_DFFESR_Q_D_SB_LUT4_O_I3_SB_LUT4_I2_O [cen] (fanout 160)
Info: promoting system.error_flags_SB_DFFESR_Q_6_E_SB_LUT4_O_I2_SB_LUT4_I2_O [cen] (fanout 74)
Info: promoting system.core.state_SB_DFFESR_Q_1_D_SB_LUT4_O_I3_SB_LUT4_O_1_I3_SB_LUT4_I2_O [cen] (fanout 43)
Info: promoting $PACKER_GND_NET (fanout 9)
Info: Constraining chains...
Info:       96 LCs used to legalise carry chains.
Info: Checksum: 0x13448c0c

Info: Device utilisation:
Info: 	         ICESTORM_LC:    5070/   5280    96%
Info: 	        ICESTORM_RAM:      25/     30    83%
Info: 	               SB_IO:       8/     39    20%
Info: 	               SB_GB:       8/      8   100%
Info: 	        ICESTORM_PLL:       0/      1     0%
Info: 	         SB_WARMBOOT:       0/      1     0%
Info: 	        ICESTORM_DSP:       4/      8    50%
Info: 	      ICESTORM_HFOSC:       1/      1   100%
Info: 	      ICESTORM_LFOSC:       0/      1     0%
Info: 	              SB_I2C:       0/      2     0%
Info: 	              SB_SPI:       0/      2     0%
Info: 	              IO_I3C:       0/      2     0%
Info: 	         SB_LEDDA_IP:       0/      1     0%
Info: 	         SB_RGBA_DRV:       0/      1     0%
Info: 	      ICESTORM_SPRAM:       3/      4    75%

Info: Placed 10 cells based on constraints.
Info: Creating initial analytic placement for 3669 cells, random placement wirelen = 118337.
Info:     at initial placer iter 0, wirelen = 2099
Info:     at initial placer iter 1, wirelen = 1964
Info:     at initial placer iter 2, wirelen = 2042
Info:     at initial placer iter 3, wirelen = 1976
Info: Running main analytical placer, max placement attempts per cell = 3275520.
Info:     at iteration #1, type ALL: wirelen solved = 1971, spread = 53680, legal = 64454; time = 0.36s
Info:     at iteration #2, type ALL: wirelen solved = 2485, spread = 43467, legal = 55716; time = 0.12s
Info:     at iteration #3, type ALL: wirelen solved = 4050, spread = 35677, legal = 46850; time = 0.10s
Info:     at iteration #4, type ALL: wirelen solved = 5530, spread = 32226, legal = 43667; time = 0.11s
Info:     at iteration #5, type ALL: wirelen solved = 6462, spread = 30914, legal = 45193; time = 0.12s
Info:     at iteration #6, type ALL: wirelen solved = 7343, spread = 29893, legal = 41355; time = 0.10s
Info:     at iteration #7, type ALL: wirelen solved = 8074, spread = 29421, legal = 39882; time = 0.10s
Info:     at iteration #8, type ALL: wirelen solved = 8751, spread = 28072, legal = 39204; time = 0.09s
Info:     at iteration #9, type ALL: wirelen solved = 9544, spread = 26691, legal = 39943; time = 0.10s
Info:     at iteration #10, type ALL: wirelen solved = 9909, spread = 27031, legal = 39499; time = 0.10s
Info:     at iteration #11, type ALL: wirelen solved = 10182, spread = 26744, legal = 37849; time = 0.10s
Info:     at iteration #12, type ALL: wirelen solved = 10820, spread = 25989, legal = 38516; time = 0.10s
Info:     at iteration #13, type ALL: wirelen solved = 11370, spread = 26089, legal = 37607; time = 0.11s
Info:     at iteration #14, type ALL: wirelen solved = 11495, spread = 25927, legal = 36862; time = 0.10s
Info:     at iteration #15, type ALL: wirelen solved = 11592, spread = 25776, legal = 37915; time = 0.09s
Info:     at iteration #16, type ALL: wirelen solved = 11920, spread = 25281, legal = 36623; time = 0.09s
Info:     at iteration #17, type ALL: wirelen solved = 12363, spread = 25721, legal = 38138; time = 0.09s
Info:     at iteration #18, type ALL: wirelen solved = 12484, spread = 25672, legal = 37694; time = 0.09s
Info:     at iteration #19, type ALL: wirelen solved = 12957, spread = 26149, legal = 35557; time = 0.09s
Info:     at iteration #20, type ALL: wirelen solved = 13175, spread = 25573, legal = 37841; time = 0.10s
Info:     at iteration #21, type ALL: wirelen solved = 13681, spread = 25696, legal = 36924; time = 0.13s
Info:     at iteration #22, type ALL: wirelen solved = 13618, spread = 25670, legal = 36446; time = 0.10s
Info:     at iteration #23, type ALL: wirelen solved = 13928, spread = 25656, legal = 37614; time = 0.13s
Info:     at iteration #24, type ALL: wirelen solved = 14058, spread = 26196, legal = 35994; time = 0.11s
Info: HeAP Placer Time: 3.07s
Info:   of which solving equations: 0.79s
Info:   of which spreading cells: 0.10s
Info:   of which strict legalisation: 1.91s

Info: Running simulated annealing placer for refinement.
Info:   at iteration #1: temp = 0.000000, timing cost = 1328, wirelen = 35557
Info:   at iteration #5: temp = 0.000000, timing cost = 1098, wirelen = 27615
Info:   at iteration #10: temp = 0.000000, timing cost = 1086, wirelen = 26122
Info:   at iteration #15: temp = 0.000000, timing cost = 1191, wirelen = 25283
Info:   at iteration #20: temp = 0.000000, timing cost = 1174, wirelen = 24690
Info:   at iteration #25: temp = 0.000000, timing cost = 1186, wirelen = 24505
Info:   at iteration #30: temp = 0.000000, timing cost = 1179, wirelen = 24453
Info:   at iteration #33: temp = 0.000000, timing cost = 1180, wirelen = 24434 
Info: SA placement time 2.76s

Info: Max frequency for clock 'system_clk': 19.30 MHz (PASS at 12.00 MHz)

Info: Clock '$PACKER_GND_NET_$glb_clk' has no interior paths

Info: Max delay <async>            -> posedge system_clk: 6.10 ns
Info: Max delay posedge system_clk -> <async>           : 12.62 ns

Info: Slack histogram:
Info:  legend: * represents 15 endpoint(s)
Info:          + represents [1,15) endpoint(s)
Info: [ 31525,  33966) |***+
Info: [ 33966,  36407) |**+
Info: [ 36407,  38848) |**+
Info: [ 38848,  41289) |*+
Info: [ 41289,  43730) |**+
Info: [ 43730,  46171) |**+
Info: [ 46171,  48612) |**+
Info: [ 48612,  51053) |*******+
Info: [ 51053,  53494) |***************+
Info: [ 53494,  55935) |**************************************************+
Info: [ 55935,  58376) |***********************************************+
Info: [ 58376,  60817) |************************************************************ 
Info: [ 60817,  63258) |***********************************************+
Info: [ 63258,  65699) |*******************+
Info: [ 65699,  68140) |**********************+
Info: [ 68140,  70581) |******************************+
Info: [ 70581,  73022) |***************************+
Info: [ 73022,  75463) |*****************************+
Info: [ 75463,  77904) |****************************************+
Info: [ 77904,  80345) |**************************************************+
Info: Checksum: 0xcaf7657e

Info: Routing..
Info: Setting up routing queue.
Info: Routing 16328 arcs.
Info:            |   (re-)routed arcs  |   delta    | remaining|       time spent     |
Info:    IterCnt |  w/ripup   wo/ripup |  w/r  wo/r |      arcs| batch(sec) total(sec)|
Info:       1000 |        8        991 |    8   991 |     15344|       0.44       0.44|
Info:       2000 |      129       1870 |  121   879 |     14558|       0.12       0.56|
Info:       3000 |      212       2715 |   83   845 |     13693|       0.09       0.65|
Info:       4000 |      355       3480 |  143   765 |     12914|       0.11       0.76|
Info:       5000 |      641       4133 |  286   653 |     12290|       0.07       0.83|
Info:       6000 |      905       4800 |  264   667 |     11627|       0.08       0.91|
Info:       7000 |     1123       5572 |  218   772 |     10903|       0.11       1.02|
Info:       8000 |     1332       6338 |  209   766 |     10260|       0.10       1.12|
Info:       9000 |     1600       7069 |  268   731 |      9684|       0.12       1.24|
Info:      10000 |     1897       7745 |  297   676 |      9148|       0.11       1.35|
Info:      11000 |     2206       8416 |  309   671 |      8652|       0.11       1.46|
Info:      12000 |     2503       9046 |  297   630 |      8117|       0.11       1.57|
Info:      13000 |     2832       9650 |  329   604 |      7703|       0.13       1.71|
Info:      14000 |     3124      10288 |  292   638 |      7192|       0.11       1.82|
Info:      15000 |     3454      10844 |  330   556 |      6712|       0.11       1.93|
Info:      16000 |     3754      11425 |  300   581 |      6200|       0.18       2.10|
Info:      17000 |     4016      12082 |  262   657 |      5641|       0.15       2.25|
Info:      18000 |     4378      12715 |  362   633 |      5230|       0.18       2.44|
Info:      19000 |     4759      13322 |  381   607 |      4844|       0.16       2.60|
Info:      20000 |     5281      13793 |  522   471 |      4658|       0.17       2.77|
Info:      21000 |     5656      14384 |  375   591 |      4288|       0.15       2.91|
Info:      22000 |     6053      14982 |  397   598 |      3966|       0.17       3.09|
Info:      23000 |     6604      15424 |  551   442 |      3883|       0.24       3.33|
Info:      24000 |     6996      16012 |  392   588 |      3526|       0.17       3.49|
Info:      25000 |     7479      16483 |  483   471 |      3278|       0.18       3.67|
Info:      26000 |     7887      17036 |  408   553 |      2935|       0.14       3.81|
Info:      27000 |     8277      17558 |  390   522 |      2529|       0.14       3.95|
Info:      28000 |     8743      18071 |  466   513 |      2325|       0.19       4.14|
Info:      29000 |     9155      18645 |  412   574 |      1936|       0.15       4.29|
Info:      30000 |     9571      19208 |  416   563 |      1545|       0.15       4.44|
Info:      31000 |     9869      19904 |  298   696 |       927|       0.11       4.55|
Info:      32000 |    10193      20573 |  324   669 |       455|       0.26       4.81|
Info:      32811 |    10409      21163 |  216   590 |         0|       0.18       4.99|
Info: Routing complete.
Info: Router1 time 4.99s
Info: Checksum: 0xec8d1a7b

Info: Critical path report for clock 'system_clk' (posedge -> posedge):
Info:       type curr  total name
Info:   clk-to-q  1.39  1.39 Source system.core.dft_component_SB_DFFESR_Q_D_SB_LUT4_O_LC.O
Info:    routing  3.60  4.99 Net system.core.busy_SB_DFFESR_Q_E_SB_LUT4_O_I0_SB_LUT4_O_1_I3_SB_LUT4_I3_2_O[0] (8,22) -> (10,17)
Info:                          Sink system.core.logits[0]_SB_DFFESR_Q_D_SB_LUT4_O_I1_SB_LUT4_O_LC.I2
Info:                          Defined in:
Info:                               rtl/core/vibration_core.sv:99.18-99.28
Info:      logic  1.21  6.20 Source system.core.logits[0]_SB_DFFESR_Q_D_SB_LUT4_O_I1_SB_LUT4_O_LC.O
Info:    routing  2.95  9.15 Net system.core.logits[0]_SB_DFFESR_Q_10_D_SB_LUT4_O_I3_SB_LUT4_O_I3[1] (10,17) -> (10,13)
Info:                          Sink system.core.logits[0]_SB_DFFESR_Q_2_D_SB_LUT4_O_LC.I1
Info:                          Defined in:
Info:                               /home/researcher/Desktop/￿FFE6￿FF95￿FF99￿FFE6￿FF9D￿FF90/Fall 2026/digital ic/.tools/oss-cad-suite/libexec/../share/yosys/ice40/cells_map.v:6.21-6.22
Info:      logic  1.23  10.38 Source system.core.logits[0]_SB_DFFESR_Q_2_D_SB_LUT4_O_LC.O
Info:    routing  1.76  12.14 Net system.core.logits[0]_SB_DFFESR_Q_2_D[0] (10,13) -> (11,13)
Info:                          Sink system.core.logits[0]_SB_DFFESR_Q_D_SB_LUT4_O_2_LC.I0
Info:                          Defined in:
Info:                               /home/researcher/Desktop/￿FFE6￿FF95￿FF99￿FFE6￿FF9D￿FF90/Fall 2026/digital ic/.tools/oss-cad-suite/libexec/../share/yosys/ice40/cells_map.v:6.21-6.22
Info:      logic  1.28  13.42 Source system.core.logits[0]_SB_DFFESR_Q_D_SB_LUT4_O_2_LC.O
Info:    routing  2.95  16.38 Net system.core.logits[0]_SB_DFFESR_Q_D[0] (11,13) -> (11,17)
Info:                          Sink system.core.logits[0]_SB_DFFESR_Q_17_D_SB_LUT4_O_LC.I1
Info:                          Defined in:
Info:                               /home/researcher/Desktop/￿FFE6￿FF95￿FF99￿FFE6￿FF9D￿FF90/Fall 2026/digital ic/.tools/oss-cad-suite/libexec/../share/yosys/ice40/cells_map.v:6.21-6.22
Info:      logic  1.23  17.61 Source system.core.logits[0]_SB_DFFESR_Q_17_D_SB_LUT4_O_LC.O
Info:    routing  1.76  19.37 Net system.core.logits[0]_SB_DFFESR_Q_17_D[1] (11,17) -> (11,18)
Info:                          Sink system.core.imag_part.0.0_WDATA_SB_LUT4_O_I1_SB_LUT4_O_I1_SB_LUT4_O_LC.I1
Info:                          Defined in:
Info:                               /home/researcher/Desktop/￿FFE6￿FF95￿FF99￿FFE6￿FF9D￿FF90/Fall 2026/digital ic/.tools/oss-cad-suite/libexec/../share/yosys/ice40/cells_map.v:6.21-6.22
Info:      logic  1.23  20.60 Source system.core.imag_part.0.0_WDATA_SB_LUT4_O_I1_SB_LUT4_O_I1_SB_LUT4_O_LC.O
Info:    routing  3.60  24.20 Net system.core.imag_part.0.0_WDATA_SB_LUT4_O_I1_SB_LUT4_O_I1[1] (11,18) -> (9,24)
Info:                          Sink system.core.imag_part.0.0_WDATA_SB_LUT4_O_I1_SB_LUT4_O_LC.I1
Info:                          Defined in:
Info:                               rtl/core/vibration_core.sv:149.23-149.120
Info:                               /home/researcher/Desktop/￿FFE6￿FF95￿FF99￿FFE6￿FF9D￿FF90/Fall 2026/digital ic/.tools/oss-cad-suite/libexec/../share/yosys/ice40/arith_map.v:62.5-70.4
Info:                               /home/researcher/Desktop/￿FFE6￿FF95￿FF99￿FFE6￿FF9D￿FF90/Fall 2026/digital ic/.tools/oss-cad-suite/libexec/../share/yosys/ice40/cells_map.v:6.21-6.22
Info:      logic  0.68  24.87 Source system.core.imag_part.0.0_WDATA_SB_LUT4_O_I1_SB_LUT4_O_LC.COUT
Info:    routing  0.00  24.87 Net system.core.logits[0]_SB_DFFESR_Q_10_D[3] (9,24) -> (9,24)
Info:                          Sink system.core.imag_part.0.0_WDATA_SB_LUT4_O_I1_SB_CARRY_CI_I0_SB_LUT4_O_LC.CIN
Info:                          Defined in:
Info:                               rtl/core/vibration_core.sv:149.23-149.120
Info:                               /home/researcher/Desktop/￿FFE6￿FF95￿FF99￿FFE6￿FF9D￿FF90/Fall 2026/digital ic/.tools/oss-cad-suite/libexec/../share/yosys/ice40/arith_map.v:62.5-70.4
Info:                               /home/researcher/Desktop/￿FFE6￿FF95￿FF99￿FFE6￿FF9D￿FF90/Fall 2026/digital ic/.tools/oss-cad-suite/libexec/../share/yosys/ice40/cells_map.v:6.21-6.22
Info:      logic  0.28  25.15 Source system.core.imag_part.0.0_WDATA_SB_LUT4_O_I1_SB_CARRY_CI_I0_SB_LUT4_O_LC.COUT
Info:    routing  0.00  25.15 Net system.core.logits[0]_SB_DFFESR_Q_14_D[3] (9,24) -> (9,24)
Info:                          Sink system.core.imag_part.0.0_WDATA_SB_LUT4_O_I1_SB_CARRY_CI_CO_SB_CARRY_CI_I0_SB_LUT4_O_LC.CIN
Info:                          Defined in:
Info:                               rtl/core/vibration_core.sv:149.23-149.120
Info:                               /home/researcher/Desktop/￿FFE6￿FF95￿FF99￿FFE6￿FF9D￿FF90/Fall 2026/digital ic/.tools/oss-cad-suite/libexec/../share/yosys/ice40/arith_map.v:62.5-70.4
Info:                               /home/researcher/Desktop/￿FFE6￿FF95￿FF99￿FFE6￿FF9D￿FF90/Fall 2026/digital ic/.tools/oss-cad-suite/libexec/../share/yosys/ice40/cells_map.v:6.21-6.22
Info:      logic  0.28  25.43 Source system.core.imag_part.0.0_WDATA_SB_LUT4_O_I1_SB_CARRY_CI_CO_SB_CARRY_CI_I0_SB_LUT4_O_LC.COUT
Info:    routing  0.00  25.43 Net system.core.logits[0]_SB_DFFESR_Q_13_D[3] (9,24) -> (9,24)
Info:                          Sink system.core.imag_part.0.0_WDATA_SB_LUT4_O_I1_SB_CARRY_CI_CO_SB_CARRY_CI_CO_SB_CARRY_CI_I0_SB_LUT4_O_LC.CIN
Info:                          Defined in:
Info:                               rtl/core/vibration_core.sv:149.23-149.120
Info:                               /home/researcher/Desktop/￿FFE6￿FF95￿FF99￿FFE6￿FF9D￿FF90/Fall 2026/digital ic/.tools/oss-cad-suite/libexec/../share/yosys/ice40/arith_map.v:62.5-70.4
Info:                               /home/researcher/Desktop/￿FFE6￿FF95￿FF99￿FFE6￿FF9D￿FF90/Fall 2026/digital ic/.tools/oss-cad-suite/libexec/../share/yosys/ice40/cells_map.v:6.21-6.22
Info:      logic  0.28  25.71 Source system.core.imag_part.0.0_WDATA_SB_LUT4_O_I1_SB_CARRY_CI_CO_SB_CARRY_CI_CO_SB_CARRY_CI_I0_SB_LUT4_O_LC.COUT
Info:    routing  0.00  25.71 Net system.core.logits[1]_SB_DFFESR_Q_D[3] (9,24) -> (9,24)
Info:                          Sink system.core.imag_part.0.0_WDATA_SB_LUT4_O_I1_SB_CARRY_CI_CO_SB_CARRY_CI_CO_SB_CARRY_CI_CO_SB_CARRY_CI_I0_SB_LUT4_O_LC.CIN
Info:                          Defined in:
Info:                               rtl/core/vibration_core.sv:149.23-149.120
Info:                               /home/researcher/Desktop/￿FFE6￿FF95￿FF99￿FFE6￿FF9D￿FF90/Fall 2026/digital ic/.tools/oss-cad-suite/libexec/../share/yosys/ice40/arith_map.v:62.5-70.4
Info:                               /home/researcher/Desktop/￿FFE6￿FF95￿FF99￿FFE6￿FF9D￿FF90/Fall 2026/digital ic/.tools/oss-cad-suite/libexec/../share/yosys/ice40/cells_map.v:6.21-6.22
Info:      logic  0.28  25.99 Source system.core.imag_part.0.0_WDATA_SB_LUT4_O_I1_SB_CARRY_CI_CO_SB_CARRY_CI_CO_SB_CARRY_CI_CO_SB_CARRY_CI_I0_SB_LUT4_O_LC.COUT
Info:    routing  0.00  25.99 Net system.core.logits[0]_SB_DFFESR_Q_11_D[3] (9,24) -> (9,24)
Info:                          Sink system.core.imag_part.0.0_WDATA_SB_LUT4_O_I1_SB_CARRY_CI_CO_SB_CARRY_CI_CO_SB_CARRY_CI_CO_SB_CARRY_CI_CO_SB_CARRY_CI_I0_SB_LUT4_O_LC.CIN
Info:                          Defined in:
Info:                               rtl/core/vibration_core.sv:149.23-149.120
Info:                               /home/researcher/Desktop/￿FFE6￿FF95￿FF99￿FFE6￿FF9D￿FF90/Fall 2026/digital ic/.tools/oss-cad-suite/libexec/../share/yosys/ice40/arith_map.v:62.5-70.4
Info:                               /home/researcher/Desktop/￿FFE6￿FF95￿FF99￿FFE6￿FF9D￿FF90/Fall 2026/digital ic/.tools/oss-cad-suite/libexec/../share/yosys/ice40/cells_map.v:6.21-6.22
Info:      logic  0.28  26.26 Source system.core.imag_part.0.0_WDATA_SB_LUT4_O_I1_SB_CARRY_CI_CO_SB_CARRY_CI_CO_SB_CARRY_CI_CO_SB_CARRY_CI_CO_SB_CARRY_CI_I0_SB_LUT4_O_LC.COUT
Info:    routing  0.00  26.26 Net system.core.logits[1]_SB_DFFESR_Q_13_D[3] (9,24) -> (9,24)
Info:                          Sink system.core.imag_part.0.0_WDATA_SB_LUT4_O_I1_SB_CARRY_CI_CO_SB_CARRY_CI_CO_SB_CARRY_CI_CO_SB_CARRY_CI_CO_SB_CARRY_CI_CO_SB_CARRY_CI_I0_SB_LUT4_O_LC.CIN
Info:                          Defined in:
Info:                               rtl/core/vibration_core.sv:149.23-149.120
Info:                               /home/researcher/Desktop/￿FFE6￿FF95￿FF99￿FFE6￿FF9D￿FF90/Fall 2026/digital ic/.tools/oss-cad-suite/libexec/../share/yosys/ice40/arith_map.v:62.5-70.4
Info:                               /home/researcher/Desktop/￿FFE6￿FF95￿FF99￿FFE6￿FF9D￿FF90/Fall 2026/digital ic/.tools/oss-cad-suite/libexec/../share/yosys/ice40/cells_map.v:6.21-6.22
Info:      logic  0.28  26.54 Source system.core.imag_part.0.0_WDATA_SB_LUT4_O_I1_SB_CARRY_CI_CO_SB_CARRY_CI_CO_SB_CARRY_CI_CO_SB_CARRY_CI_CO_SB_CARRY_CI_CO_SB_CARRY_CI_I0_SB_LUT4_O_LC.COUT
Info:    routing  0.00  26.54 Net system.core.logits[0]_SB_DFFESR_Q_9_D[3] (9,24) -> (9,24)
Info:                          Sink system.core.imag_part.0.0_WDATA_SB_LUT4_O_I1_SB_CARRY_CI_CO_SB_CARRY_CI_CO_SB_CARRY_CI_CO_SB_CARRY_CI_CO_SB_CARRY_CI_CO_SB_CARRY_CI_CO_SB_CARRY_CI_CO_SB_CARRY_CI_CO_SB_CARRY_CI_CO_SB_CARRY_CI_CO_SB_CARRY_CI_CO_SB_CARRY_CI_CO_SB_CARRY_CI_CO_SB_CARRY_CI_CO_SB_CARRY_CI_CO_SB_CARRY_CI_CO_SB_CARRY_CI_CO_SB_CARRY_CI_CO_SB_CARRY_CI_CO_SB_CARRY_CI_CO_SB_CARRY_CI_CO_SB_CARRY_CI_CO_SB_CARRY_CI_CO_SB_CARRY_CI_CO_SB_CARRY_CI_CO_SB_CARRY_CI_CO_SB_CARRY_CI_CO_SB_CARRY_CI_CO_SB_CARRY_CI_CO_SB_CARRY_CI_CO_SB_CARRY_CI_CO_SB_CARRY_CI_CO_SB_CARRY_CI_CO_SB_CARRY_CI_CO_SB_CARRY_CI_CO_SB_CARRY_CI_CO_SB_CARRY_CI_CO_SB_CARRY_CI_CO_SB_LUT4_I3_O_SB_LUT4_O_1_LC.CIN
Info:                          Defined in:
Info:                               rtl/core/vibration_core.sv:149.23-149.120
Info:                               /home/researcher/Desktop/￿FFE6￿FF95￿FF99￿FFE6￿FF9D￿FF90/Fall 2026/digital ic/.tools/oss-cad-suite/libexec/../share/yosys/ice40/arith_map.v:62.5-70.4
Info:                               /home/researcher/Desktop/￿FFE6￿FF95￿FF99￿FFE6￿FF9D￿FF90/Fall 2026/digital ic/.tools/oss-cad-suite/libexec/../share/yosys/ice40/cells_map.v:6.21-6.22
Info:      logic  0.28  26.82 Source system.core.imag_part.0.0_WDATA_SB_LUT4_O_I1_SB_CARRY_CI_CO_SB_CARRY_CI_CO_SB_CARRY_CI_CO_SB_CARRY_CI_CO_SB_CARRY_CI_CO_SB_CARRY_CI_CO_SB_CARRY_CI_CO_SB_CARRY_CI_CO_SB_CARRY_CI_CO_SB_CARRY_CI_CO_SB_CARRY_CI_CO_SB_CARRY_CI_CO_SB_CARRY_CI_CO_SB_CARRY_CI_CO_SB_CARRY_CI_CO_SB_CARRY_CI_CO_SB_CARRY_CI_CO_SB_CARRY_CI_CO_SB_CARRY_CI_CO_SB_CARRY_CI_CO_SB_CARRY_CI_CO_SB_CARRY_CI_CO_SB_CARRY_CI_CO_SB_CARRY_CI_CO_SB_CARRY_CI_CO_SB_CARRY_CI_CO_SB_CARRY_CI_CO_SB_CARRY_CI_CO_SB_CARRY_CI_CO_SB_CARRY_CI_CO_SB_CARRY_CI_CO_SB_CARRY_CI_CO_SB_CARRY_CI_CO_SB_CARRY_CI_CO_SB_CARRY_CI_CO_SB_CARRY_CI_CO_SB_CARRY_CI_CO_SB_CARRY_CI_CO_SB_LUT4_I3_O_SB_LUT4_O_1_LC.COUT
Info:    routing  0.56  27.38 Net system.core.logits[0]_SB_DFFESR_Q_8_D[3] (9,24) -> (9,25)
Info:                          Sink system.core.imag_part.0.0_WDATA_SB_LUT4_O_I1_SB_CARRY_CI_CO_SB_CARRY_CI_CO_SB_CARRY_CI_CO_SB_CARRY_CI_CO_SB_CARRY_CI_CO_SB_CARRY_CI_CO_SB_CARRY_CI_CO_SB_CARRY_CI_I0_SB_LUT4_O_LC.CIN
Info:                          Defined in:
Info:                               rtl/core/vibration_core.sv:149.23-149.120
Info:                               /home/researcher/Desktop/￿FFE6￿FF95￿FF99￿FFE6￿FF9D￿FF90/Fall 2026/digital ic/.tools/oss-cad-suite/libexec/../share/yosys/ice40/arith_map.v:62.5-70.4
Info:                               /home/researcher/Desktop/￿FFE6￿FF95￿FF99￿FFE6￿FF9D￿FF90/Fall 2026/digital ic/.tools/oss-cad-suite/libexec/../share/yosys/ice40/cells_map.v:6.21-6.22
Info:      logic  0.28  27.65 Source system.core.imag_part.0.0_WDATA_SB_LUT4_O_I1_SB_CARRY_CI_CO_SB_CARRY_CI_CO_SB_CARRY_CI_CO_SB_CARRY_CI_CO_SB_CARRY_CI_CO_SB_CARRY_CI_CO_SB_CARRY_CI_CO_SB_CARRY_CI_I0_SB_LUT4_O_LC.COUT
Info:    routing  0.00  27.65 Net system.core.logits[0]_SB_DFFESR_Q_7_D[3] (9,25) -> (9,25)
Info:                          Sink system.core.imag_part.0.0_WDATA_SB_LUT4_O_I1_SB_CARRY_CI_CO_SB_CARRY_CI_CO_SB_CARRY_CI_CO_SB_CARRY_CI_CO_SB_CARRY_CI_CO_SB_CARRY_CI_CO_SB_CARRY_CI_CO_SB_CARRY_CI_CO_SB_CARRY_CI_I0_SB_LUT4_O_LC.CIN
Info:                          Defined in:
Info:                               rtl/core/vibration_core.sv:149.23-149.120
Info:                               /home/researcher/Desktop/￿FFE6￿FF95￿FF99￿FFE6￿FF9D￿FF90/Fall 2026/digital ic/.tools/oss-cad-suite/libexec/../share/yosys/ice40/arith_map.v:62.5-70.4
Info:                               /home/researcher/Desktop/￿FFE6￿FF95￿FF99￿FFE6￿FF9D￿FF90/Fall 2026/digital ic/.tools/oss-cad-suite/libexec/../share/yosys/ice40/cells_map.v:6.21-6.22
Info:      logic  0.28  27.93 Source system.core.imag_part.0.0_WDATA_SB_LUT4_O_I1_SB_CARRY_CI_CO_SB_CARRY_CI_CO_SB_CARRY_CI_CO_SB_CARRY_CI_CO_SB_CARRY_CI_CO_SB_CARRY_CI_CO_SB_CARRY_CI_CO_SB_CARRY_CI_CO_SB_CARRY_CI_I0_SB_LUT4_O_LC.COUT
Info:    routing  0.00  27.93 Net system.core.logits[1]_SB_DFFESR_Q_10_D[3] (9,25) -> (9,25)
Info:                          Sink system.core.imag_part.0.0_WDATA_SB_LUT4_O_I1_SB_CARRY_CI_CO_SB_CARRY_CI_CO_SB_CARRY_CI_CO_SB_CARRY_CI_CO_SB_CARRY_CI_CO_SB_CARRY_CI_CO_SB_CARRY_CI_CO_SB_CARRY_CI_CO_SB_CARRY_CI_CO_SB_CARRY_CI_I0_SB_LUT4_O_LC.CIN
Info:                          Defined in:
Info:                               rtl/core/vibration_core.sv:149.23-149.120
Info:                               /home/researcher/Desktop/￿FFE6￿FF95￿FF99￿FFE6￿FF9D￿FF90/Fall 2026/digital ic/.tools/oss-cad-suite/libexec/../share/yosys/ice40/arith_map.v:62.5-70.4
Info:                               /home/researcher/Desktop/￿FFE6￿FF95￿FF99￿FFE6￿FF9D￿FF90/Fall 2026/digital ic/.tools/oss-cad-suite/libexec/../share/yosys/ice40/cells_map.v:6.21-6.22
Info:      logic  0.28  28.21 Source system.core.imag_part.0.0_WDATA_SB_LUT4_O_I1_SB_CARRY_CI_CO_SB_CARRY_CI_CO_SB_CARRY_CI_CO_SB_CARRY_CI_CO_SB_CARRY_CI_CO_SB_CARRY_CI_CO_SB_CARRY_CI_CO_SB_CARRY_CI_CO_SB_CARRY_CI_CO_SB_CARRY_CI_I0_SB_LUT4_O_LC.COUT
Info:    routing  0.00  28.21 Net system.core.imag_part.0.0_WDATA_SB_LUT4_O_I1_SB_LUT4_O_I1_SB_CARRY_I0_CO_SB_CARRY_CI_CO_SB_CARRY_CI_CO_SB_CARRY_CI_CO_SB_CARRY_CI_CO_SB_CARRY_CI_CO_SB_CARRY_CI_CO_SB_CARRY_CI_CO_SB_CARRY_CI_CO_SB_CARRY_CI_CO_SB_CARRY_CI_CO (9,25) -> (9,25)
Info:                          Sink system.core.imag_part.0.0_WDATA_SB_LUT4_O_I1_SB_CARRY_CI_CO_SB_CARRY_CI_CO_SB_CARRY_CI_CO_SB_CARRY_CI_CO_SB_CARRY_CI_CO_SB_CARRY_CI_CO_SB_CARRY_CI_CO_SB_CARRY_CI_CO_SB_CARRY_CI_CO_SB_CARRY_CI_CO_SB_CARRY_CI_I0_SB_LUT4_O_LC.CIN
Info:                          Defined in:
Info:                               rtl/core/vibration_core.sv:149.23-149.120
Info:                               /home/researcher/Desktop/￿FFE6￿FF95￿FF99￿FFE6￿FF9D￿FF90/Fall 2026/digital ic/.tools/oss-cad-suite/libexec/../share/yosys/ice40/arith_map.v:62.5-70.4
Info:                               /home/researcher/Desktop/￿FFE6￿FF95￿FF99￿FFE6￿FF9D￿FF90/Fall 2026/digital ic/.tools/oss-cad-suite/libexec/../share/yosys/ice40/abc9_model.v:4.9-4.11
Info:      logic  0.28  28.49 Source system.core.imag_part.0.0_WDATA_SB_LUT4_O_I1_SB_CARRY_CI_CO_SB_CARRY_CI_CO_SB_CARRY_CI_CO_SB_CARRY_CI_CO_SB_CARRY_CI_CO_SB_CARRY_CI_CO_SB_CARRY_CI_CO_SB_CARRY_CI_CO_SB_CARRY_CI_CO_SB_CARRY_CI_CO_SB_CARRY_CI_I0_SB_LUT4_O_LC.COUT
Info:    routing  0.00  28.49 Net system.core.imag_part.0.0_WDATA_SB_LUT4_O_I1_SB_CARRY_CI_CO_SB_CARRY_CI_CO_SB_CARRY_CI_CO_SB_CARRY_CI_CO_SB_CARRY_CI_CO_SB_CARRY_CI_CO_SB_CARRY_CI_CO_SB_CARRY_CI_CO_SB_CARRY_CI_CO_SB_CARRY_CI_CO_SB_CARRY_CI_CO_SB_CARRY_CI_I0_SB_LUT4_O_I2[3] (9,25) -> (9,25)
Info:                          Sink system.core.imag_part.0.0_WDATA_SB_LUT4_O_I1_SB_CARRY_CI_CO_SB_CARRY_CI_CO_SB_CARRY_CI_CO_SB_CARRY_CI_CO_SB_CARRY_CI_CO_SB_CARRY_CI_CO_SB_CARRY_CI_CO_SB_CARRY_CI_CO_SB_CARRY_CI_CO_SB_CARRY_CI_CO_SB_CARRY_CI_CO_SB_CARRY_CI_I0_SB_LUT4_O_LC.CIN
Info:                          Defined in:
Info:                               rtl/core/vibration_core.sv:149.23-149.120
Info:                               /home/researcher/Desktop/￿FFE6￿FF95￿FF99￿FFE6￿FF9D￿FF90/Fall 2026/digital ic/.tools/oss-cad-suite/libexec/../share/yosys/ice40/arith_map.v:62.5-70.4
Info:                               /home/researcher/Desktop/￿FFE6￿FF95￿FF99￿FFE6￿FF9D￿FF90/Fall 2026/digital ic/.tools/oss-cad-suite/libexec/../share/yosys/ice40/abc9_model.v:4.9-4.11
Info:      logic  0.28  28.76 Source system.core.imag_part.0.0_WDATA_SB_LUT4_O_I1_SB_CARRY_CI_CO_SB_CARRY_CI_CO_SB_CARRY_CI_CO_SB_CARRY_CI_CO_SB_CARRY_CI_CO_SB_CARRY_CI_CO_SB_CARRY_CI_CO_SB_CARRY_CI_CO_SB_CARRY_CI_CO_SB_CARRY_CI_CO_SB_CARRY_CI_CO_SB_CARRY_CI_I0_SB_LUT4_O_LC.COUT
Info:    routing  0.00  28.76 Net system.core.imag_part.0.0_WDATA_SB_LUT4_O_I1_SB_CARRY_CI_CO_SB_CARRY_CI_CO_SB_CARRY_CI_CO_SB_CARRY_CI_CO_SB_CARRY_CI_CO_SB_CARRY_CI_CO_SB_CARRY_CI_CO_SB_CARRY_CI_CO_SB_CARRY_CI_CO_SB_CARRY_CI_CO_SB_CARRY_CI_CO_SB_CARRY_CI_I0_SB_LUT4_O_I2_SB_LUT4_I3_I2[3] (9,25) -> (9,25)
Info:                          Sink system.core.imag_part.0.0_WDATA_SB_LUT4_O_I1_SB_CARRY_CI_CO_SB_CARRY_CI_CO_SB_CARRY_CI_CO_SB_CARRY_CI_CO_SB_CARRY_CI_CO_SB_CARRY_CI_CO_SB_CARRY_CI_CO_SB_CARRY_CI_CO_SB_CARRY_CI_CO_SB_CARRY_CI_CO_SB_CARRY_CI_CO_SB_CARRY_CI_CO_SB_CARRY_CI_I0_SB_LUT4_O_LC.CIN
Info:                          Defined in:
Info:                               rtl/core/vibration_core.sv:149.23-149.120
Info:                               /home/researcher/Desktop/￿FFE6￿FF95￿FF99￿FFE6￿FF9D￿FF90/Fall 2026/digital ic/.tools/oss-cad-suite/libexec/../share/yosys/ice40/arith_map.v:62.5-70.4
Info:                               /home/researcher/Desktop/￿FFE6￿FF95￿FF99￿FFE6￿FF9D￿FF90/Fall 2026/digital ic/.tools/oss-cad-suite/libexec/../share/yosys/ice40/abc9_model.v:4.9-4.11
Info:      logic  0.28  29.04 Source system.core.imag_part.0.0_WDATA_SB_LUT4_O_I1_SB_CARRY_CI_CO_SB_CARRY_CI_CO_SB_CARRY_CI_CO_SB_CARRY_CI_CO_SB_CARRY_CI_CO_SB_CARRY_CI_CO_SB_CARRY_CI_CO_SB_CARRY_CI_CO_SB_CARRY_CI_CO_SB_CARRY_CI_CO_SB_CARRY_CI_CO_SB_CARRY_CI_CO_SB_CARRY_CI_I0_SB_LUT4_O_LC.COUT
Info:    routing  0.00  29.04 Net system.core.imag_part.0.0_WDATA_SB_LUT4_O_I1_SB_CARRY_CI_CO_SB_CARRY_CI_CO_SB_CARRY_CI_CO_SB_CARRY_CI_CO_SB_CARRY_CI_CO_SB_CARRY_CI_CO_SB_CARRY_CI_CO_SB_CARRY_CI_CO_SB_CARRY_CI_CO_SB_CARRY_CI_CO_SB_CARRY_CI_CO_SB_CARRY_CI_I0_SB_LUT4_O_I2_SB_LUT4_I3_I1[3] (9,25) -> (9,25)
Info:                          Sink system.core.imag_part.0.0_WDATA_SB_LUT4_O_I1_SB_CARRY_CI_CO_SB_CARRY_CI_CO_SB_CARRY_CI_CO_SB_CARRY_CI_CO_SB_CARRY_CI_CO_SB_CARRY_CI_CO_SB_CARRY_CI_CO_SB_CARRY_CI_CO_SB_CARRY_CI_CO_SB_CARRY_CI_CO_SB_CARRY_CI_CO_SB_CARRY_CI_CO_SB_CARRY_CI_CO_SB_CARRY_CI_I0_SB_LUT4_O_LC.CIN
Info:                          Defined in:
Info:                               rtl/core/vibration_core.sv:149.23-149.120
Info:                               /home/researcher/Desktop/￿FFE6￿FF95￿FF99￿FFE6￿FF9D￿FF90/Fall 2026/digital ic/.tools/oss-cad-suite/libexec/../share/yosys/ice40/arith_map.v:62.5-70.4
Info:                               /home/researcher/Desktop/￿FFE6￿FF95￿FF99￿FFE6￿FF9D￿FF90/Fall 2026/digital ic/.tools/oss-cad-suite/libexec/../share/yosys/ice40/abc9_model.v:4.9-4.11
Info:      logic  0.28  29.32 Source system.core.imag_part.0.0_WDATA_SB_LUT4_O_I1_SB_CARRY_CI_CO_SB_CARRY_CI_CO_SB_CARRY_CI_CO_SB_CARRY_CI_CO_SB_CARRY_CI_CO_SB_CARRY_CI_CO_SB_CARRY_CI_CO_SB_CARRY_CI_CO_SB_CARRY_CI_CO_SB_CARRY_CI_CO_SB_CARRY_CI_CO_SB_CARRY_CI_CO_SB_CARRY_CI_CO_SB_CARRY_CI_I0_SB_LUT4_O_LC.COUT
Info:    routing  0.00  29.32 Net system.core.imag_part.0.0_WDATA_SB_LUT4_O_I1_SB_CARRY_CI_CO_SB_CARRY_CI_CO_SB_CARRY_CI_CO_SB_CARRY_CI_CO_SB_CARRY_CI_CO_SB_CARRY_CI_CO_SB_CARRY_CI_CO_SB_CARRY_CI_CO_SB_CARRY_CI_CO_SB_CARRY_CI_CO_SB_CARRY_CI_CO_SB_CARRY_CI_I0_SB_LUT4_O_I2_SB_LUT4_I3_I0[3] (9,25) -> (9,25)
Info:                          Sink system.core.imag_part.0.0_WDATA_SB_LUT4_O_I1_SB_CARRY_CI_CO_SB_CARRY_CI_CO_SB_CARRY_CI_CO_SB_CARRY_CI_CO_SB_CARRY_CI_CO_SB_CARRY_CI_CO_SB_CARRY_CI_CO_SB_CARRY_CI_CO_SB_CARRY_CI_CO_SB_CARRY_CI_CO_SB_CARRY_CI_CO_SB_CARRY_CI_CO_SB_CARRY_CI_CO_SB_CARRY_CI_CO_SB_CARRY_CI_I0_SB_LUT4_O_LC.CIN
Info:                          Defined in:
Info:                               rtl/core/vibration_core.sv:149.23-149.120
Info:                               /home/researcher/Desktop/￿FFE6￿FF95￿FF99￿FFE6￿FF9D￿FF90/Fall 2026/digital ic/.tools/oss-cad-suite/libexec/../share/yosys/ice40/arith_map.v:62.5-70.4
Info:                               /home/researcher/Desktop/￿FFE6￿FF95￿FF99￿FFE6￿FF9D￿FF90/Fall 2026/digital ic/.tools/oss-cad-suite/libexec/../share/yosys/ice40/abc9_model.v:4.9-4.11
Info:      logic  0.28  29.60 Source system.core.imag_part.0.0_WDATA_SB_LUT4_O_I1_SB_CARRY_CI_CO_SB_CARRY_CI_CO_SB_CARRY_CI_CO_SB_CARRY_CI_CO_SB_CARRY_CI_CO_SB_CARRY_CI_CO_SB_CARRY_CI_CO_SB_CARRY_CI_CO_SB_CARRY_CI_CO_SB_CARRY_CI_CO_SB_CARRY_CI_CO_SB_CARRY_CI_CO_SB_CARRY_CI_CO_SB_CARRY_CI_CO_SB_CARRY_CI_I0_SB_LUT4_O_LC.COUT
Info:    routing  0.56  30.16 Net system.core.imag_part.0.0_WDATA_SB_LUT4_O_I1_SB_CARRY_CI_CO_SB_CARRY_CI_CO_SB_CARRY_CI_CO_SB_CARRY_CI_CO_SB_CARRY_CI_CO_SB_CARRY_CI_CO_SB_CARRY_CI_CO_SB_CARRY_CI_CO_SB_CARRY_CI_CO_SB_CARRY_CI_CO_SB_CARRY_CI_CO_SB_CARRY_CI_I0_SB_LUT4_O_I2_SB_LUT4_I3_O_SB_LUT4_O_I3[3] (9,25) -> (9,26)
Info:                          Sink system.core.imag_part.0.0_WDATA_SB_LUT4_O_I1_SB_CARRY_CI_CO_SB_CARRY_CI_CO_SB_CARRY_CI_CO_SB_CARRY_CI_CO_SB_CARRY_CI_CO_SB_CARRY_CI_CO_SB_CARRY_CI_CO_SB_CARRY_CI_CO_SB_CARRY_CI_CO_SB_CARRY_CI_CO_SB_CARRY_CI_CO_SB_CARRY_CI_CO_SB_CARRY_CI_CO_SB_CARRY_CI_CO_SB_CARRY_CI_CO_SB_CARRY_CI_I0_SB_LUT4_O_LC.CIN
Info:                          Defined in:
Info:                               rtl/core/vibration_core.sv:149.23-149.120
Info:                               /home/researcher/Desktop/￿FFE6￿FF95￿FF99￿FFE6￿FF9D￿FF90/Fall 2026/digital ic/.tools/oss-cad-suite/libexec/../share/yosys/ice40/arith_map.v:62.5-70.4
Info:                               /home/researcher/Desktop/￿FFE6￿FF95￿FF99￿FFE6￿FF9D￿FF90/Fall 2026/digital ic/.tools/oss-cad-suite/libexec/../share/yosys/ice40/abc9_model.v:4.9-4.11
Info:      logic  0.28  30.43 Source system.core.imag_part.0.0_WDATA_SB_LUT4_O_I1_SB_CARRY_CI_CO_SB_CARRY_CI_CO_SB_CARRY_CI_CO_SB_CARRY_CI_CO_SB_CARRY_CI_CO_SB_CARRY_CI_CO_SB_CARRY_CI_CO_SB_CARRY_CI_CO_SB_CARRY_CI_CO_SB_CARRY_CI_CO_SB_CARRY_CI_CO_SB_CARRY_CI_CO_SB_CARRY_CI_CO_SB_CARRY_CI_CO_SB_CARRY_CI_CO_SB_CARRY_CI_I0_SB_LUT4_O_LC.COUT
Info:    routing  0.00  30.43 Net system.core.imag_part.0.0_WDATA_SB_LUT4_O_I1_SB_CARRY_CI_CO_SB_CARRY_CI_CO_SB_CARRY_CI_CO_SB_CARRY_CI_CO_SB_CARRY_CI_CO_SB_CARRY_CI_CO_SB_CARRY_CI_CO_SB_CARRY_CI_CO_SB_CARRY_CI_CO_SB_CARRY_CI_CO_SB_CARRY_CI_CO_SB_CARRY_CI_I0_SB_LUT4_O_I2_SB_LUT4_I3_O_SB_LUT4_O_I2[3] (9,26) -> (9,26)
Info:                          Sink system.core.imag_part.0.0_WDATA_SB_LUT4_O_I1_SB_CARRY_CI_CO_SB_CARRY_CI_CO_SB_CARRY_CI_CO_SB_CARRY_CI_CO_SB_CARRY_CI_CO_SB_CARRY_CI_CO_SB_CARRY_CI_CO_SB_CARRY_CI_CO_SB_CARRY_CI_CO_SB_CARRY_CI_CO_SB_CARRY_CI_CO_SB_CARRY_CI_CO_SB_CARRY_CI_CO_SB_CARRY_CI_CO_SB_CARRY_CI_CO_SB_CARRY_CI_CO_SB_CARRY_CI_I0_SB_LUT4_O_LC.CIN
Info:                          Defined in:
Info:                               rtl/core/vibration_core.sv:149.23-149.120
Info:                               /home/researcher/Desktop/￿FFE6￿FF95￿FF99￿FFE6￿FF9D￿FF90/Fall 2026/digital ic/.tools/oss-cad-suite/libexec/../share/yosys/ice40/arith_map.v:62.5-70.4
Info:                               /home/researcher/Desktop/￿FFE6￿FF95￿FF99￿FFE6￿FF9D￿FF90/Fall 2026/digital ic/.tools/oss-cad-suite/libexec/../share/yosys/ice40/abc9_model.v:4.9-4.11
Info:      logic  0.28  30.71 Source system.core.imag_part.0.0_WDATA_SB_LUT4_O_I1_SB_CARRY_CI_CO_SB_CARRY_CI_CO_SB_CARRY_CI_CO_SB_CARRY_CI_CO_SB_CARRY_CI_CO_SB_CARRY_CI_CO_SB_CARRY_CI_CO_SB_CARRY_CI_CO_SB_CARRY_CI_CO_SB_CARRY_CI_CO_SB_CARRY_CI_CO_SB_CARRY_CI_CO_SB_CARRY_CI_CO_SB_CARRY_CI_CO_SB_CARRY_CI_CO_SB_CARRY_CI_CO_SB_CARRY_CI_I0_SB_LUT4_O_LC.COUT
Info:    routing  0.00  30.71 Net system.core.imag_part.0.0_WDATA_SB_LUT4_O_I1_SB_CARRY_CI_CO_SB_CARRY_CI_CO_SB_CARRY_CI_CO_SB_CARRY_CI_CO_SB_CARRY_CI_CO_SB_CARRY_CI_CO_SB_CARRY_CI_CO_SB_CARRY_CI_CO_SB_CARRY_CI_CO_SB_CARRY_CI_CO_SB_CARRY_CI_CO_SB_CARRY_CI_I0_SB_LUT4_O_I2_SB_LUT4_I3_O_SB_LUT4_O_I1[3] (9,26) -> (9,26)
Info:                          Sink system.core.imag_part.0.0_WDATA_SB_LUT4_O_I1_SB_CARRY_CI_CO_SB_CARRY_CI_CO_SB_CARRY_CI_CO_SB_CARRY_CI_CO_SB_CARRY_CI_CO_SB_CARRY_CI_CO_SB_CARRY_CI_CO_SB_CARRY_CI_CO_SB_CARRY_CI_CO_SB_CARRY_CI_CO_SB_CARRY_CI_CO_SB_CARRY_CI_CO_SB_CARRY_CI_CO_SB_CARRY_CI_CO_SB_CARRY_CI_CO_SB_CARRY_CI_CO_SB_CARRY_CI_CO_SB_CARRY_CI_I0_SB_LUT4_O_LC.CIN
Info:                          Defined in:
Info:                               rtl/core/vibration_core.sv:149.23-149.120
Info:                               /home/researcher/Desktop/￿FFE6￿FF95￿FF99￿FFE6￿FF9D￿FF90/Fall 2026/digital ic/.tools/oss-cad-suite/libexec/../share/yosys/ice40/arith_map.v:62.5-70.4
Info:                               /home/researcher/Desktop/￿FFE6￿FF95￿FF99￿FFE6￿FF9D￿FF90/Fall 2026/digital ic/.tools/oss-cad-suite/libexec/../share/yosys/ice40/abc9_model.v:4.9-4.11
Info:      logic  0.28  30.99 Source system.core.imag_part.0.0_WDATA_SB_LUT4_O_I1_SB_CARRY_CI_CO_SB_CARRY_CI_CO_SB_CARRY_CI_CO_SB_CARRY_CI_CO_SB_CARRY_CI_CO_SB_CARRY_CI_CO_SB_CARRY_CI_CO_SB_CARRY_CI_CO_SB_CARRY_CI_CO_SB_CARRY_CI_CO_SB_CARRY_CI_CO_SB_CARRY_CI_CO_SB_CARRY_CI_CO_SB_CARRY_CI_CO_SB_CARRY_CI_CO_SB_CARRY_CI_CO_SB_CARRY_CI_CO_SB_CARRY_CI_I0_SB_LUT4_O_LC.COUT
Info:    routing  0.00  30.99 Net system.core.imag_part.0.0_WDATA_SB_LUT4_O_I1_SB_LUT4_O_I1_SB_CARRY_I0_CO_SB_CARRY_CI_CO_SB_CARRY_CI_CO_SB_CARRY_CI_CO_SB_CARRY_CI_CO_SB_CARRY_CI_CO_SB_CARRY_CI_CO_SB_CARRY_CI_CO_SB_CARRY_CI_CO_SB_CARRY_CI_CO_SB_CARRY_CI_CO_SB_CARRY_CI_CO_SB_CARRY_CI_CO_SB_CARRY_CI_CO_SB_CARRY_CI_CO_SB_CARRY_CI_CO_SB_CARRY_CI_CO_SB_CARRY_CI_CO_SB_CARRY_CI_CO (9,26) -> (9,26)
Info:                          Sink system.core.imag_part.0.0_WDATA_SB_LUT4_O_I1_SB_CARRY_CI_CO_SB_CARRY_CI_CO_SB_CARRY_CI_CO_SB_CARRY_CI_CO_SB_CARRY_CI_CO_SB_CARRY_CI_CO_SB_CARRY_CI_CO_SB_CARRY_CI_CO_SB_CARRY_CI_CO_SB_CARRY_CI_CO_SB_CARRY_CI_CO_SB_CARRY_CI_CO_SB_CARRY_CI_CO_SB_CARRY_CI_CO_SB_CARRY_CI_CO_SB_CARRY_CI_CO_SB_CARRY_CI_CO_SB_CARRY_CI_CO_SB_CARRY_CI_I0_SB_LUT4_O_LC.CIN
Info:                          Defined in:
Info:                               rtl/core/vibration_core.sv:149.23-149.120
Info:                               /home/researcher/Desktop/￿FFE6￿FF95￿FF99￿FFE6￿FF9D￿FF90/Fall 2026/digital ic/.tools/oss-cad-suite/libexec/../share/yosys/ice40/arith_map.v:62.5-70.4
Info:                               /home/researcher/Desktop/￿FFE6￿FF95￿FF99￿FFE6￿FF9D￿FF90/Fall 2026/digital ic/.tools/oss-cad-suite/libexec/../share/yosys/ice40/abc9_model.v:4.9-4.11
Info:      logic  0.28  31.27 Source system.core.imag_part.0.0_WDATA_SB_LUT4_O_I1_SB_CARRY_CI_CO_SB_CARRY_CI_CO_SB_CARRY_CI_CO_SB_CARRY_CI_CO_SB_CARRY_CI_CO_SB_CARRY_CI_CO_SB_CARRY_CI_CO_SB_CARRY_CI_CO_SB_CARRY_CI_CO_SB_CARRY_CI_CO_SB_CARRY_CI_CO_SB_CARRY_CI_CO_SB_CARRY_CI_CO_SB_CARRY_CI_CO_SB_CARRY_CI_CO_SB_CARRY_CI_CO_SB_CARRY_CI_CO_SB_CARRY_CI_CO_SB_CARRY_CI_I0_SB_LUT4_O_LC.COUT
Info:    routing  0.66  31.93 Net $nextpnr_ICESTORM_LC_76$I3 (9,26) -> (9,26)
Info:                          Sink $nextpnr_ICESTORM_LC_76.I3
Info:      logic  0.87  32.80 Source $nextpnr_ICESTORM_LC_76.O
Info:    routing  1.76  34.56 Net system.core.imag_part.0.0_WDATA_SB_LUT4_O_I1_SB_LUT4_O_I1_SB_CARRY_I0_CO_SB_CARRY_CI_CO_SB_CARRY_CI_CO_SB_CARRY_CI_CO_SB_CARRY_CI_CO_SB_CARRY_CI_CO_SB_CARRY_CI_CO_SB_CARRY_CI_CO_SB_CARRY_CI_CO_SB_CARRY_CI_CO_SB_CARRY_CI_CO_SB_CARRY_CI_CO_SB_CARRY_CI_CO_SB_CARRY_CI_CO_SB_CARRY_CI_CO_SB_CARRY_CI_CO_SB_CARRY_CI_CO_SB_CARRY_CI_CO_SB_CARRY_CI_CO_SB_CARRY_CI_CO (9,26) -> (8,25)
Info:                          Sink system.core.imag_part.0.0_WDATA_SB_LUT4_O_I1_SB_CARRY_CI_CO_SB_CARRY_CI_CO_SB_CARRY_CI_CO_SB_CARRY_CI_CO_SB_CARRY_CI_CO_SB_CARRY_CI_CO_SB_CARRY_CI_CO_SB_CARRY_CI_CO_SB_CARRY_CI_CO_SB_CARRY_CI_CO_SB_CARRY_CI_CO_SB_CARRY_CI_CO_SB_CARRY_CI_CO_SB_CARRY_CI_CO_SB_CARRY_CI_CO_SB_CARRY_CI_CO_SB_CARRY_CI_CO_SB_CARRY_CI_CO_SB_CARRY_CI_CO_SB_CARRY_CI_CO_SB_CARRY_CI$CARRY.I3
Info:                          Defined in:
Info:                               rtl/core/vibration_core.sv:149.23-149.120
Info:                               /home/researcher/Desktop/￿FFE6￿FF95￿FF99￿FFE6￿FF9D￿FF90/Fall 2026/digital ic/.tools/oss-cad-suite/libexec/../share/yosys/ice40/arith_map.v:62.5-70.4
Info:                               /home/researcher/Desktop/￿FFE6￿FF95￿FF99￿FFE6￿FF9D￿FF90/Fall 2026/digital ic/.tools/oss-cad-suite/libexec/../share/yosys/ice40/abc9_model.v:4.9-4.11
Info:      logic  0.87  35.44 Source system.core.imag_part.0.0_WDATA_SB_LUT4_O_I1_SB_CARRY_CI_CO_SB_CARRY_CI_CO_SB_CARRY_CI_CO_SB_CARRY_CI_CO_SB_CARRY_CI_CO_SB_CARRY_CI_CO_SB_CARRY_CI_CO_SB_CARRY_CI_CO_SB_CARRY_CI_CO_SB_CARRY_CI_CO_SB_CARRY_CI_CO_SB_CARRY_CI_CO_SB_CARRY_CI_CO_SB_CARRY_CI_CO_SB_CARRY_CI_CO_SB_CARRY_CI_CO_SB_CARRY_CI_CO_SB_CARRY_CI_CO_SB_CARRY_CI_CO_SB_CARRY_CI_CO_SB_CARRY_CI$CARRY.O
Info:    routing  1.76  37.20 Net system.core.imag_part.0.0_WDATA_SB_LUT4_O_I1_SB_LUT4_O_I1_SB_CARRY_I0_CO_SB_CARRY_CI_CO_SB_CARRY_CI_CO_SB_CARRY_CI_CO_SB_CARRY_CI_CO_SB_CARRY_CI_CO_SB_CARRY_CI_CO_SB_CARRY_CI_CO_SB_CARRY_CI_CO_SB_CARRY_CI_CO_SB_CARRY_CI_CO_SB_CARRY_CI_CO_SB_CARRY_CI_CO_SB_CARRY_CI_CO_SB_CARRY_CI_CO_SB_CARRY_CI_CO_SB_CARRY_CI_CO_SB_CARRY_CI_CO_SB_CARRY_CI_CO_SB_CARRY_CI_CO_SB_LUT4_I3_O[1] (8,25) -> (7,24)
Info:                          Sink system.core.imag_part.0.0_WDATA_SB_LUT4_O_I1_SB_CARRY_CI_CO_SB_CARRY_CI_CO_SB_CARRY_CI_CO_SB_CARRY_CI_CO_SB_CARRY_CI_CO_SB_CARRY_CI_CO_SB_CARRY_CI_CO_SB_CARRY_CI_CO_SB_CARRY_CI_CO_SB_CARRY_CI_CO_SB_CARRY_CI_CO_SB_CARRY_CI_CO_SB_CARRY_CI_CO_SB_CARRY_CI_CO_SB_CARRY_CI_CO_SB_CARRY_CI_CO_SB_CARRY_CI_CO_SB_CARRY_CI_CO_SB_CARRY_CI_CO_SB_CARRY_CI_CO_SB_CARRY_CI_CO_SB_CARRY_CI_CO_SB_CARRY_CI_CO_SB_CARRY_CI_CO_SB_CARRY_CI_CO_SB_CARRY_CI_CO_SB_CARRY_CI_CO_SB_CARRY_CI_CO_SB_CARRY_CI_CO_SB_CARRY_CI_CO_SB_CARRY_CI_CO_SB_CARRY_CI_CO_SB_CARRY_CI_CO_SB_CARRY_CI_CO_SB_CARRY_CI_CO_SB_CARRY_CI_CO_SB_CARRY_CI_CO_SB_CARRY_CI_CO_SB_LUT4_I3_O_SB_LUT4_O_I3_SB_CARRY_CO_CI_SB_CARRY_CO_CI_SB_CARRY_CO_CI_SB_CARRY_CO_CI_SB_CARRY_CO_CI_SB_CARRY_CO_CI_SB_CARRY_CO_CI_SB_CARRY_CO_CI_SB_CARRY_CO_CI_SB_CARRY_CO_CI_SB_CARRY_CO_CI_SB_CARRY_CO_CI_SB_CARRY_CO_CI_SB_CARRY_CO_CI_SB_CARRY_CO_CI_SB_CARRY_CO_CI_SB_CARRY_CO_CI_SB_CARRY_CO_CI_SB_CARRY_CO$CARRY.I1
Info:                          Defined in:
Info:                               rtl/core/vibration_core.sv:164.17-164.30
Info:                               /home/researcher/Desktop/￿FFE6￿FF95￿FF99￿FFE6￿FF9D￿FF90/Fall 2026/digital ic/.tools/oss-cad-suite/libexec/../share/yosys/ice40/arith_map.v:62.5-70.4
Info:                               /home/researcher/Desktop/￿FFE6￿FF95￿FF99￿FFE6￿FF9D￿FF90/Fall 2026/digital ic/.tools/oss-cad-suite/libexec/../share/yosys/ice40/cells_map.v:6.21-6.22
Info:      logic  0.68  37.87 Source system.core.imag_part.0.0_WDATA_SB_LUT4_O_I1_SB_CARRY_CI_CO_SB_CARRY_CI_CO_SB_CARRY_CI_CO_SB_CARRY_CI_CO_SB_CARRY_CI_CO_SB_CARRY_CI_CO_SB_CARRY_CI_CO_SB_CARRY_CI_CO_SB_CARRY_CI_CO_SB_CARRY_CI_CO_SB_CARRY_CI_CO_SB_CARRY_CI_CO_SB_CARRY_CI_CO_SB_CARRY_CI_CO_SB_CARRY_CI_CO_SB_CARRY_CI_CO_SB_CARRY_CI_CO_SB_CARRY_CI_CO_SB_CARRY_CI_CO_SB_CARRY_CI_CO_SB_CARRY_CI_CO_SB_CARRY_CI_CO_SB_CARRY_CI_CO_SB_CARRY_CI_CO_SB_CARRY_CI_CO_SB_CARRY_CI_CO_SB_CARRY_CI_CO_SB_CARRY_CI_CO_SB_CARRY_CI_CO_SB_CARRY_CI_CO_SB_CARRY_CI_CO_SB_CARRY_CI_CO_SB_CARRY_CI_CO_SB_CARRY_CI_CO_SB_CARRY_CI_CO_SB_CARRY_CI_CO_SB_CARRY_CI_CO_SB_CARRY_CI_CO_SB_LUT4_I3_O_SB_LUT4_O_I3_SB_CARRY_CO_CI_SB_CARRY_CO_CI_SB_CARRY_CO_CI_SB_CARRY_CO_CI_SB_CARRY_CO_CI_SB_CARRY_CO_CI_SB_CARRY_CO_CI_SB_CARRY_CO_CI_SB_CARRY_CO_CI_SB_CARRY_CO_CI_SB_CARRY_CO_CI_SB_CARRY_CO_CI_SB_CARRY_CO_CI_SB_CARRY_CO_CI_SB_CARRY_CO_CI_SB_CARRY_CO_CI_SB_CARRY_CO_CI_SB_CARRY_CO_CI_SB_CARRY_CO$CARRY.COUT
Info:    routing  0.00  37.87 Net system.core.imag_part.0.0_WDATA_SB_LUT4_O_I1_SB_CARRY_CI_CO_SB_CARRY_CI_CO_SB_CARRY_CI_CO_SB_CARRY_CI_CO_SB_CARRY_CI_CO_SB_CARRY_CI_CO_SB_CARRY_CI_CO_SB_CARRY_CI_CO_SB_CARRY_CI_CO_SB_CARRY_CI_CO_SB_CARRY_CI_CO_SB_CARRY_CI_CO_SB_CARRY_CI_CO_SB_CARRY_CI_CO_SB_CARRY_CI_CO_SB_CARRY_CI_CO_SB_CARRY_CI_CO_SB_CARRY_CI_CO_SB_CARRY_CI_CO_SB_CARRY_CI_CO_SB_CARRY_CI_CO_SB_CARRY_CI_CO_SB_CARRY_CI_CO_SB_CARRY_CI_CO_SB_CARRY_CI_CO_SB_CARRY_CI_CO_SB_CARRY_CI_CO_SB_CARRY_CI_CO_SB_CARRY_CI_CO_SB_CARRY_CI_CO_SB_CARRY_CI_CO_SB_CARRY_CI_CO_SB_CARRY_CI_CO_SB_CARRY_CI_CO_SB_CARRY_CI_CO_SB_CARRY_CI_CO_SB_CARRY_CI_CO_SB_CARRY_CI_CO_SB_LUT4_I3_O_SB_LUT4_O_I3_SB_CARRY_CO_CI_SB_CARRY_CO_CI_SB_CARRY_CO_CI_SB_CARRY_CO_CI_SB_CARRY_CO_CI_SB_CARRY_CO_CI_SB_CARRY_CO_CI_SB_CARRY_CO_CI_SB_CARRY_CO_CI_SB_CARRY_CO_CI_SB_CARRY_CO_CI_SB_CARRY_CO_CI_SB_CARRY_CO_CI_SB_CARRY_CO_CI_SB_CARRY_CO_CI_SB_CARRY_CO_CI_SB_CARRY_CO_CI_SB_CARRY_CO_CI (7,24) -> (7,24)
Info:                          Sink system.core.imag_part.0.0_WDATA_SB_LUT4_O_I1_SB_CARRY_CI_CO_SB_CARRY_CI_CO_SB_CARRY_CI_CO_SB_CARRY_CI_CO_SB_CARRY_CI_CO_SB_CARRY_CI_CO_SB_CARRY_CI_CO_SB_CARRY_CI_CO_SB_CARRY_CI_CO_SB_CARRY_CI_CO_SB_CARRY_CI_CO_SB_CARRY_CI_CO_SB_CARRY_CI_CO_SB_CARRY_CI_CO_SB_CARRY_CI_CO_SB_CARRY_CI_CO_SB_CARRY_CI_CO_SB_CARRY_CI_CO_SB_CARRY_CI_CO_SB_CARRY_CI_CO_SB_CARRY_CI_CO_SB_CARRY_CI_CO_SB_CARRY_CI_CO_SB_CARRY_CI_CO_SB_CARRY_CI_CO_SB_CARRY_CI_CO_SB_CARRY_CI_CO_SB_CARRY_CI_CO_SB_CARRY_CI_CO_SB_CARRY_CI_CO_SB_CARRY_CI_CO_SB_CARRY_CI_CO_SB_CARRY_CI_CO_SB_CARRY_CI_CO_SB_CARRY_CI_CO_SB_CARRY_CI_CO_SB_CARRY_CI_CO_SB_CARRY_CI_CO_SB_LUT4_I3_O_SB_LUT4_O_I3_SB_CARRY_CO_CI_SB_CARRY_CO_CI_SB_CARRY_CO_CI_SB_CARRY_CO_CI_SB_CARRY_CO_CI_SB_CARRY_CO_CI_SB_CARRY_CO_CI_SB_CARRY_CO_CI_SB_CARRY_CO_CI_SB_CARRY_CO_CI_SB_CARRY_CO_CI_SB_CARRY_CO_CI_SB_CARRY_CO_CI_SB_CARRY_CO_CI_SB_CARRY_CO_CI_SB_CARRY_CO_CI_SB_CARRY_CO_CI_SB_CARRY_CO$CARRY.CIN
Info:                          Defined in:
Info:                               rtl/core/vibration_core.sv:165.22-165.36
Info:                               /home/researcher/Desktop/￿FFE6￿FF95￿FF99￿FFE6￿FF9D￿FF90/Fall 2026/digital ic/.tools/oss-cad-suite/libexec/../share/yosys/ice40/arith_map.v:62.5-70.4
Info:                               /home/researcher/Desktop/￿FFE6￿FF95￿FF99￿FFE6￿FF9D￿FF90/Fall 2026/digital ic/.tools/oss-cad-suite/libexec/../share/yosys/ice40/abc9_model.v:4.9-4.11
Info:      logic  0.28  38.15 Source system.core.imag_part.0.0_WDATA_SB_LUT4_O_I1_SB_CARRY_CI_CO_SB_CARRY_CI_CO_SB_CARRY_CI_CO_SB_CARRY_CI_CO_SB_CARRY_CI_CO_SB_CARRY_CI_CO_SB_CARRY_CI_CO_SB_CARRY_CI_CO_SB_CARRY_CI_CO_SB_CARRY_CI_CO_SB_CARRY_CI_CO_SB_CARRY_CI_CO_SB_CARRY_CI_CO_SB_CARRY_CI_CO_SB_CARRY_CI_CO_SB_CARRY_CI_CO_SB_CARRY_CI_CO_SB_CARRY_CI_CO_SB_CARRY_CI_CO_SB_CARRY_CI_CO_SB_CARRY_CI_CO_SB_CARRY_CI_CO_SB_CARRY_CI_CO_SB_CARRY_CI_CO_SB_CARRY_CI_CO_SB_CARRY_CI_CO_SB_CARRY_CI_CO_SB_CARRY_CI_CO_SB_CARRY_CI_CO_SB_CARRY_CI_CO_SB_CARRY_CI_CO_SB_CARRY_CI_CO_SB_CARRY_CI_CO_SB_CARRY_CI_CO_SB_CARRY_CI_CO_SB_CARRY_CI_CO_SB_CARRY_CI_CO_SB_CARRY_CI_CO_SB_LUT4_I3_O_SB_LUT4_O_I3_SB_CARRY_CO_CI_SB_CARRY_CO_CI_SB_CARRY_CO_CI_SB_CARRY_CO_CI_SB_CARRY_CO_CI_SB_CARRY_CO_CI_SB_CARRY_CO_CI_SB_CARRY_CO_CI_SB_CARRY_CO_CI_SB_CARRY_CO_CI_SB_CARRY_CO_CI_SB_CARRY_CO_CI_SB_CARRY_CO_CI_SB_CARRY_CO_CI_SB_CARRY_CO_CI_SB_CARRY_CO_CI_SB_CARRY_CO_CI_SB_CARRY_CO$CARRY.COUT
Info:    routing  0.00  38.15 Net system.core.imag_part.0.0_WDATA_SB_LUT4_O_I1_SB_CARRY_CI_CO_SB_CARRY_CI_CO_SB_CARRY_CI_CO_SB_CARRY_CI_CO_SB_CARRY_CI_CO_SB_CARRY_CI_CO_SB_CARRY_CI_CO_SB_CARRY_CI_CO_SB_CARRY_CI_CO_SB_CARRY_CI_CO_SB_CARRY_CI_CO_SB_CARRY_CI_CO_SB_CARRY_CI_CO_SB_CARRY_CI_CO_SB_CARRY_CI_CO_SB_CARRY_CI_CO_SB_CARRY_CI_CO_SB_CARRY_CI_CO_SB_CARRY_CI_CO_SB_CARRY_CI_CO_SB_CARRY_CI_CO_SB_CARRY_CI_CO_SB_CARRY_CI_CO_SB_CARRY_CI_CO_SB_CARRY_CI_CO_SB_CARRY_CI_CO_SB_CARRY_CI_CO_SB_CARRY_CI_CO_SB_CARRY_CI_CO_SB_CARRY_CI_CO_SB_CARRY_CI_CO_SB_CARRY_CI_CO_SB_CARRY_CI_CO_SB_CARRY_CI_CO_SB_CARRY_CI_CO_SB_CARRY_CI_CO_SB_CARRY_CI_CO_SB_CARRY_CI_CO_SB_LUT4_I3_O_SB_LUT4_O_I3_SB_CARRY_CO_CI_SB_CARRY_CO_CI_SB_CARRY_CO_CI_SB_CARRY_CO_CI_SB_CARRY_CO_CI_SB_CARRY_CO_CI_SB_CARRY_CO_CI_SB_CARRY_CO_CI_SB_CARRY_CO_CI_SB_CARRY_CO_CI_SB_CARRY_CO_CI_SB_CARRY_CO_CI_SB_CARRY_CO_CI_SB_CARRY_CO_CI_SB_CARRY_CO_CI_SB_CARRY_CO_CI_SB_CARRY_CO_CI (7,24) -> (7,24)
Info:                          Sink system.core.imag_part.0.0_WDATA_SB_LUT4_O_I1_SB_CARRY_CI_CO_SB_CARRY_CI_CO_SB_CARRY_CI_CO_SB_CARRY_CI_CO_SB_CARRY_CI_CO_SB_CARRY_CI_CO_SB_CARRY_CI_CO_SB_CARRY_CI_CO_SB_CARRY_CI_CO_SB_CARRY_CI_CO_SB_CARRY_CI_CO_SB_CARRY_CI_CO_SB_CARRY_CI_CO_SB_CARRY_CI_CO_SB_CARRY_CI_CO_SB_CARRY_CI_CO_SB_CARRY_CI_CO_SB_CARRY_CI_CO_SB_CARRY_CI_CO_SB_CARRY_CI_CO_SB_CARRY_CI_CO_SB_CARRY_CI_CO_SB_CARRY_CI_CO_SB_CARRY_CI_CO_SB_CARRY_CI_CO_SB_CARRY_CI_CO_SB_CARRY_CI_CO_SB_CARRY_CI_CO_SB_CARRY_CI_CO_SB_CARRY_CI_CO_SB_CARRY_CI_CO_SB_CARRY_CI_CO_SB_CARRY_CI_CO_SB_CARRY_CI_CO_SB_CARRY_CI_CO_SB_CARRY_CI_CO_SB_CARRY_CI_CO_SB_CARRY_CI_CO_SB_LUT4_I3_O_SB_LUT4_O_I3_SB_CARRY_CO_CI_SB_CARRY_CO_CI_SB_CARRY_CO_CI_SB_CARRY_CO_CI_SB_CARRY_CO_CI_SB_CARRY_CO_CI_SB_CARRY_CO_CI_SB_CARRY_CO_CI_SB_CARRY_CO_CI_SB_CARRY_CO_CI_SB_CARRY_CO_CI_SB_CARRY_CO_CI_SB_CARRY_CO_CI_SB_CARRY_CO_CI_SB_CARRY_CO_CI_SB_CARRY_CO_CI_SB_CARRY_CO$CARRY.CIN
Info:                          Defined in:
Info:                               rtl/core/vibration_core.sv:165.22-165.36
Info:                               /home/researcher/Desktop/￿FFE6￿FF95￿FF99￿FFE6￿FF9D￿FF90/Fall 2026/digital ic/.tools/oss-cad-suite/libexec/../share/yosys/ice40/arith_map.v:62.5-70.4
Info:                               /home/researcher/Desktop/￿FFE6￿FF95￿FF99￿FFE6￿FF9D￿FF90/Fall 2026/digital ic/.tools/oss-cad-suite/libexec/../share/yosys/ice40/abc9_model.v:4.9-4.11
Info:      logic  0.28  38.43 Source system.core.imag_part.0.0_WDATA_SB_LUT4_O_I1_SB_CARRY_CI_CO_SB_CARRY_CI_CO_SB_CARRY_CI_CO_SB_CARRY_CI_CO_SB_CARRY_CI_CO_SB_CARRY_CI_CO_SB_CARRY_CI_CO_SB_CARRY_CI_CO_SB_CARRY_CI_CO_SB_CARRY_CI_CO_SB_CARRY_CI_CO_SB_CARRY_CI_CO_SB_CARRY_CI_CO_SB_CARRY_CI_CO_SB_CARRY_CI_CO_SB_CARRY_CI_CO_SB_CARRY_CI_CO_SB_CARRY_CI_CO_SB_CARRY_CI_CO_SB_CARRY_CI_CO_SB_CARRY_CI_CO_SB_CARRY_CI_CO_SB_CARRY_CI_CO_SB_CARRY_CI_CO_SB_CARRY_CI_CO_SB_CARRY_CI_CO_SB_CARRY_CI_CO_SB_CARRY_CI_CO_SB_CARRY_CI_CO_SB_CARRY_CI_CO_SB_CARRY_CI_CO_SB_CARRY_CI_CO_SB_CARRY_CI_CO_SB_CARRY_CI_CO_SB_CARRY_CI_CO_SB_CARRY_CI_CO_SB_CARRY_CI_CO_SB_CARRY_CI_CO_SB_LUT4_I3_O_SB_LUT4_O_I3_SB_CARRY_CO_CI_SB_CARRY_CO_CI_SB_CARRY_CO_CI_SB_CARRY_CO_CI_SB_CARRY_CO_CI_SB_CARRY_CO_CI_SB_CARRY_CO_CI_SB_CARRY_CO_CI_SB_CARRY_CO_CI_SB_CARRY_CO_CI_SB_CARRY_CO_CI_SB_CARRY_CO_CI_SB_CARRY_CO_CI_SB_CARRY_CO_CI_SB_CARRY_CO_CI_SB_CARRY_CO_CI_SB_CARRY_CO$CARRY.COUT
Info:    routing  0.56  38.99 Net system.core.imag_part.0.0_WDATA_SB_LUT4_O_I1_SB_CARRY_CI_CO_SB_CARRY_CI_CO_SB_CARRY_CI_CO_SB_CARRY_CI_CO_SB_CARRY_CI_CO_SB_CARRY_CI_CO_SB_CARRY_CI_CO_SB_CARRY_CI_CO_SB_CARRY_CI_CO_SB_CARRY_CI_CO_SB_CARRY_CI_CO_SB_CARRY_CI_CO_SB_CARRY_CI_CO_SB_CARRY_CI_CO_SB_CARRY_CI_CO_SB_CARRY_CI_CO_SB_CARRY_CI_CO_SB_CARRY_CI_CO_SB_CARRY_CI_CO_SB_CARRY_CI_CO_SB_CARRY_CI_CO_SB_CARRY_CI_CO_SB_CARRY_CI_CO_SB_CARRY_CI_CO_SB_CARRY_CI_CO_SB_CARRY_CI_CO_SB_CARRY_CI_CO_SB_CARRY_CI_CO_SB_CARRY_CI_CO_SB_CARRY_CI_CO_SB_CARRY_CI_CO_SB_CARRY_CI_CO_SB_CARRY_CI_CO_SB_CARRY_CI_CO_SB_CARRY_CI_CO_SB_CARRY_CI_CO_SB_CARRY_CI_CO_SB_CARRY_CI_CO_SB_LUT4_I3_O_SB_LUT4_O_I3_SB_CARRY_CO_CI_SB_CARRY_CO_CI_SB_CARRY_CO_CI_SB_CARRY_CO_CI_SB_CARRY_CO_CI_SB_CARRY_CO_CI_SB_CARRY_CO_CI_SB_CARRY_CO_CI_SB_CARRY_CO_CI_SB_CARRY_CO_CI_SB_CARRY_CO_CI_SB_CARRY_CO_CI_SB_CARRY_CO_CI_SB_CARRY_CO_CI_SB_CARRY_CO_CI_SB_CARRY_CO_CI (7,24) -> (7,25)
Info:                          Sink system.core.imag_part.0.0_WDATA_SB_LUT4_O_I1_SB_CARRY_CI_CO_SB_CARRY_CI_CO_SB_CARRY_CI_CO_SB_CARRY_CI_CO_SB_CARRY_CI_CO_SB_CARRY_CI_CO_SB_CARRY_CI_CO_SB_CARRY_CI_CO_SB_CARRY_CI_CO_SB_CARRY_CI_CO_SB_CARRY_CI_CO_SB_CARRY_CI_CO_SB_CARRY_CI_CO_SB_CARRY_CI_CO_SB_CARRY_CI_CO_SB_CARRY_CI_CO_SB_CARRY_CI_CO_SB_CARRY_CI_CO_SB_CARRY_CI_CO_SB_CARRY_CI_CO_SB_CARRY_CI_CO_SB_CARRY_CI_CO_SB_CARRY_CI_CO_SB_CARRY_CI_CO_SB_CARRY_CI_CO_SB_CARRY_CI_CO_SB_CARRY_CI_CO_SB_CARRY_CI_CO_SB_CARRY_CI_CO_SB_CARRY_CI_CO_SB_CARRY_CI_CO_SB_CARRY_CI_CO_SB_CARRY_CI_CO_SB_CARRY_CI_CO_SB_CARRY_CI_CO_SB_CARRY_CI_CO_SB_CARRY_CI_CO_SB_CARRY_CI_CO_SB_LUT4_I3_O_SB_LUT4_O_I3_SB_CARRY_CO_CI_SB_CARRY_CO_CI_SB_CARRY_CO_CI_SB_CARRY_CO_CI_SB_CARRY_CO_CI_SB_CARRY_CO_CI_SB_CARRY_CO_CI_SB_CARRY_CO_CI_SB_CARRY_CO_CI_SB_CARRY_CO_CI_SB_CARRY_CO_CI_SB_CARRY_CO_CI_SB_CARRY_CO_CI_SB_CARRY_CO_CI_SB_CARRY_CO_CI_SB_CARRY_CO$CARRY.CIN
Info:                          Defined in:
Info:                               rtl/core/vibration_core.sv:165.22-165.36
Info:                               /home/researcher/Desktop/￿FFE6￿FF95￿FF99￿FFE6￿FF9D￿FF90/Fall 2026/digital ic/.tools/oss-cad-suite/libexec/../share/yosys/ice40/arith_map.v:62.5-70.4
Info:                               /home/researcher/Desktop/￿FFE6￿FF95￿FF99￿FFE6￿FF9D￿FF90/Fall 2026/digital ic/.tools/oss-cad-suite/libexec/../share/yosys/ice40/abc9_model.v:4.9-4.11
Info:      logic  0.28  39.26 Source system.core.imag_part.0.0_WDATA_SB_LUT4_O_I1_SB_CARRY_CI_CO_SB_CARRY_CI_CO_SB_CARRY_CI_CO_SB_CARRY_CI_CO_SB_CARRY_CI_CO_SB_CARRY_CI_CO_SB_CARRY_CI_CO_SB_CARRY_CI_CO_SB_CARRY_CI_CO_SB_CARRY_CI_CO_SB_CARRY_CI_CO_SB_CARRY_CI_CO_SB_CARRY_CI_CO_SB_CARRY_CI_CO_SB_CARRY_CI_CO_SB_CARRY_CI_CO_SB_CARRY_CI_CO_SB_CARRY_CI_CO_SB_CARRY_CI_CO_SB_CARRY_CI_CO_SB_CARRY_CI_CO_SB_CARRY_CI_CO_SB_CARRY_CI_CO_SB_CARRY_CI_CO_SB_CARRY_CI_CO_SB_CARRY_CI_CO_SB_CARRY_CI_CO_SB_CARRY_CI_CO_SB_CARRY_CI_CO_SB_CARRY_CI_CO_SB_CARRY_CI_CO_SB_CARRY_CI_CO_SB_CARRY_CI_CO_SB_CARRY_CI_CO_SB_CARRY_CI_CO_SB_CARRY_CI_CO_SB_CARRY_CI_CO_SB_CARRY_CI_CO_SB_LUT4_I3_O_SB_LUT4_O_I3_SB_CARRY_CO_CI_SB_CARRY_CO_CI_SB_CARRY_CO_CI_SB_CARRY_CO_CI_SB_CARRY_CO_CI_SB_CARRY_CO_CI_SB_CARRY_CO_CI_SB_CARRY_CO_CI_SB_CARRY_CO_CI_SB_CARRY_CO_CI_SB_CARRY_CO_CI_SB_CARRY_CO_CI_SB_CARRY_CO_CI_SB_CARRY_CO_CI_SB_CARRY_CO_CI_SB_CARRY_CO$CARRY.COUT
Info:    routing  0.00  39.26 Net system.core.imag_part.0.0_WDATA_SB_LUT4_O_I1_SB_CARRY_CI_CO_SB_CARRY_CI_CO_SB_CARRY_CI_CO_SB_CARRY_CI_CO_SB_CARRY_CI_CO_SB_CARRY_CI_CO_SB_CARRY_CI_CO_SB_CARRY_CI_CO_SB_CARRY_CI_CO_SB_CARRY_CI_CO_SB_CARRY_CI_CO_SB_CARRY_CI_CO_SB_CARRY_CI_CO_SB_CARRY_CI_CO_SB_CARRY_CI_CO_SB_CARRY_CI_CO_SB_CARRY_CI_CO_SB_CARRY_CI_CO_SB_CARRY_CI_CO_SB_CARRY_CI_CO_SB_CARRY_CI_CO_SB_CARRY_CI_CO_SB_CARRY_CI_CO_SB_CARRY_CI_CO_SB_CARRY_CI_CO_SB_CARRY_CI_CO_SB_CARRY_CI_CO_SB_CARRY_CI_CO_SB_CARRY_CI_CO_SB_CARRY_CI_CO_SB_CARRY_CI_CO_SB_CARRY_CI_CO_SB_CARRY_CI_CO_SB_CARRY_CI_CO_SB_CARRY_CI_CO_SB_CARRY_CI_CO_SB_CARRY_CI_CO_SB_CARRY_CI_CO_SB_LUT4_I3_O_SB_LUT4_O_I3_SB_CARRY_CO_CI_SB_CARRY_CO_CI_SB_CARRY_CO_CI_SB_CARRY_CO_CI_SB_CARRY_CO_CI_SB_CARRY_CO_CI_SB_CARRY_CO_CI_SB_CARRY_CO_CI_SB_CARRY_CO_CI_SB_CARRY_CO_CI_SB_CARRY_CO_CI_SB_CARRY_CO_CI_SB_CARRY_CO_CI_SB_CARRY_CO_CI_SB_CARRY_CO_CI (7,25) -> (7,25)
Info:                          Sink system.core.imag_part.0.0_WDATA_SB_LUT4_O_I1_SB_CARRY_CI_CO_SB_CARRY_CI_CO_SB_CARRY_CI_CO_SB_CARRY_CI_CO_SB_CARRY_CI_CO_SB_CARRY_CI_CO_SB_CARRY_CI_CO_SB_CARRY_CI_CO_SB_CARRY_CI_CO_SB_CARRY_CI_CO_SB_CARRY_CI_CO_SB_CARRY_CI_CO_SB_CARRY_CI_CO_SB_CARRY_CI_CO_SB_CARRY_CI_CO_SB_CARRY_CI_CO_SB_CARRY_CI_CO_SB_CARRY_CI_CO_SB_CARRY_CI_CO_SB_CARRY_CI_CO_SB_CARRY_CI_CO_SB_CARRY_CI_CO_SB_CARRY_CI_CO_SB_CARRY_CI_CO_SB_CARRY_CI_CO_SB_CARRY_CI_CO_SB_CARRY_CI_CO_SB_CARRY_CI_CO_SB_CARRY_CI_CO_SB_CARRY_CI_CO_SB_CARRY_CI_CO_SB_CARRY_CI_CO_SB_CARRY_CI_CO_SB_CARRY_CI_CO_SB_CARRY_CI_CO_SB_CARRY_CI_CO_SB_CARRY_CI_CO_SB_CARRY_CI_CO_SB_LUT4_I3_O_SB_LUT4_O_I3_SB_CARRY_CO_CI_SB_CARRY_CO_CI_SB_CARRY_CO_CI_SB_CARRY_CO_CI_SB_CARRY_CO_CI_SB_CARRY_CO_CI_SB_CARRY_CO_CI_SB_CARRY_CO_CI_SB_CARRY_CO_CI_SB_CARRY_CO_CI_SB_CARRY_CO_CI_SB_CARRY_CO_CI_SB_CARRY_CO_CI_SB_CARRY_CO_CI_SB_CARRY_CO$CARRY.CIN
Info:                          Defined in:
Info:                               rtl/core/vibration_core.sv:165.22-165.36
Info:                               /home/researcher/Desktop/￿FFE6￿FF95￿FF99￿FFE6￿FF9D￿FF90/Fall 2026/digital ic/.tools/oss-cad-suite/libexec/../share/yosys/ice40/arith_map.v:62.5-70.4
Info:                               /home/researcher/Desktop/￿FFE6￿FF95￿FF99￿FFE6￿FF9D￿FF90/Fall 2026/digital ic/.tools/oss-cad-suite/libexec/../share/yosys/ice40/abc9_model.v:4.9-4.11
Info:      logic  0.28  39.54 Source system.core.imag_part.0.0_WDATA_SB_LUT4_O_I1_SB_CARRY_CI_CO_SB_CARRY_CI_CO_SB_CARRY_CI_CO_SB_CARRY_CI_CO_SB_CARRY_CI_CO_SB_CARRY_CI_CO_SB_CARRY_CI_CO_SB_CARRY_CI_CO_SB_CARRY_CI_CO_SB_CARRY_CI_CO_SB_CARRY_CI_CO_SB_CARRY_CI_CO_SB_CARRY_CI_CO_SB_CARRY_CI_CO_SB_CARRY_CI_CO_SB_CARRY_CI_CO_SB_CARRY_CI_CO_SB_CARRY_CI_CO_SB_CARRY_CI_CO_SB_CARRY_CI_CO_SB_CARRY_CI_CO_SB_CARRY_CI_CO_SB_CARRY_CI_CO_SB_CARRY_CI_CO_SB_CARRY_CI_CO_SB_CARRY_CI_CO_SB_CARRY_CI_CO_SB_CARRY_CI_CO_SB_CARRY_CI_CO_SB_CARRY_CI_CO_SB_CARRY_CI_CO_SB_CARRY_CI_CO_SB_CARRY_CI_CO_SB_CARRY_CI_CO_SB_CARRY_CI_CO_SB_CARRY_CI_CO_SB_CARRY_CI_CO_SB_CARRY_CI_CO_SB_LUT4_I3_O_SB_LUT4_O_I3_SB_CARRY_CO_CI_SB_CARRY_CO_CI_SB_CARRY_CO_CI_SB_CARRY_CO_CI_SB_CARRY_CO_CI_SB_CARRY_CO_CI_SB_CARRY_CO_CI_SB_CARRY_CO_CI_SB_CARRY_CO_CI_SB_CARRY_CO_CI_SB_CARRY_CO_CI_SB_CARRY_CO_CI_SB_CARRY_CO_CI_SB_CARRY_CO_CI_SB_CARRY_CO$CARRY.COUT
Info:    routing  0.00  39.54 Net system.core.imag_part.0.0_WDATA_SB_LUT4_O_I1_SB_CARRY_CI_CO_SB_CARRY_CI_CO_SB_CARRY_CI_CO_SB_CARRY_CI_CO_SB_CARRY_CI_CO_SB_CARRY_CI_CO_SB_CARRY_CI_CO_SB_CARRY_CI_CO_SB_CARRY_CI_CO_SB_CARRY_CI_CO_SB_CARRY_CI_CO_SB_CARRY_CI_CO_SB_CARRY_CI_CO_SB_CARRY_CI_CO_SB_CARRY_CI_CO_SB_CARRY_CI_CO_SB_CARRY_CI_CO_SB_CARRY_CI_CO_SB_CARRY_CI_CO_SB_CARRY_CI_CO_SB_CARRY_CI_CO_SB_CARRY_CI_CO_SB_CARRY_CI_CO_SB_CARRY_CI_CO_SB_CARRY_CI_CO_SB_CARRY_CI_CO_SB_CARRY_CI_CO_SB_CARRY_CI_CO_SB_CARRY_CI_CO_SB_CARRY_CI_CO_SB_CARRY_CI_CO_SB_CARRY_CI_CO_SB_CARRY_CI_CO_SB_CARRY_CI_CO_SB_CARRY_CI_CO_SB_CARRY_CI_CO_SB_CARRY_CI_CO_SB_CARRY_CI_CO_SB_LUT4_I3_O_SB_LUT4_O_I3_SB_CARRY_CO_CI_SB_CARRY_CO_CI_SB_CARRY_CO_CI_SB_CARRY_CO_CI_SB_CARRY_CO_CI_SB_CARRY_CO_CI_SB_CARRY_CO_CI_SB_CARRY_CO_CI_SB_CARRY_CO_CI_SB_CARRY_CO_CI_SB_CARRY_CO_CI_SB_CARRY_CO_CI_SB_CARRY_CO_CI_SB_CARRY_CO_CI (7,25) -> (7,25)
Info:                          Sink system.core.imag_part.0.0_WDATA_SB_LUT4_O_I1_SB_CARRY_CI_CO_SB_CARRY_CI_CO_SB_CARRY_CI_CO_SB_CARRY_CI_CO_SB_CARRY_CI_CO_SB_CARRY_CI_CO_SB_CARRY_CI_CO_SB_CARRY_CI_CO_SB_CARRY_CI_CO_SB_CARRY_CI_CO_SB_CARRY_CI_CO_SB_CARRY_CI_CO_SB_CARRY_CI_CO_SB_CARRY_CI_CO_SB_CARRY_CI_CO_SB_CARRY_CI_CO_SB_CARRY_CI_CO_SB_CARRY_CI_CO_SB_CARRY_CI_CO_SB_CARRY_CI_CO_SB_CARRY_CI_CO_SB_CARRY_CI_CO_SB_CARRY_CI_CO_SB_CARRY_CI_CO_SB_CARRY_CI_CO_SB_CARRY_CI_CO_SB_CARRY_CI_CO_SB_CARRY_CI_CO_SB_CARRY_CI_CO_SB_CARRY_CI_CO_SB_CARRY_CI_CO_SB_CARRY_CI_CO_SB_CARRY_CI_CO_SB_CARRY_CI_CO_SB_CARRY_CI_CO_SB_CARRY_CI_CO_SB_CARRY_CI_CO_SB_CARRY_CI_CO_SB_LUT4_I3_O_SB_LUT4_O_I3_SB_CARRY_CO_CI_SB_CARRY_CO_CI_SB_CARRY_CO_CI_SB_CARRY_CO_CI_SB_CARRY_CO_CI_SB_CARRY_CO_CI_SB_CARRY_CO_CI_SB_CARRY_CO_CI_SB_CARRY_CO_CI_SB_CARRY_CO_CI_SB_CARRY_CO_CI_SB_CARRY_CO_CI_SB_CARRY_CO_CI_SB_CARRY_CO$CARRY.CIN
Info:                          Defined in:
Info:                               rtl/core/vibration_core.sv:165.22-165.36
Info:                               /home/researcher/Desktop/￿FFE6￿FF95￿FF99￿FFE6￿FF9D￿FF90/Fall 2026/digital ic/.tools/oss-cad-suite/libexec/../share/yosys/ice40/arith_map.v:62.5-70.4
Info:                               /home/researcher/Desktop/￿FFE6￿FF95￿FF99￿FFE6￿FF9D￿FF90/Fall 2026/digital ic/.tools/oss-cad-suite/libexec/../share/yosys/ice40/abc9_model.v:4.9-4.11
Info:      logic  0.28  39.82 Source system.core.imag_part.0.0_WDATA_SB_LUT4_O_I1_SB_CARRY_CI_CO_SB_CARRY_CI_CO_SB_CARRY_CI_CO_SB_CARRY_CI_CO_SB_CARRY_CI_CO_SB_CARRY_CI_CO_SB_CARRY_CI_CO_SB_CARRY_CI_CO_SB_CARRY_CI_CO_SB_CARRY_CI_CO_SB_CARRY_CI_CO_SB_CARRY_CI_CO_SB_CARRY_CI_CO_SB_CARRY_CI_CO_SB_CARRY_CI_CO_SB_CARRY_CI_CO_SB_CARRY_CI_CO_SB_CARRY_CI_CO_SB_CARRY_CI_CO_SB_CARRY_CI_CO_SB_CARRY_CI_CO_SB_CARRY_CI_CO_SB_CARRY_CI_CO_SB_CARRY_CI_CO_SB_CARRY_CI_CO_SB_CARRY_CI_CO_SB_CARRY_CI_CO_SB_CARRY_CI_CO_SB_CARRY_CI_CO_SB_CARRY_CI_CO_SB_CARRY_CI_CO_SB_CARRY_CI_CO_SB_CARRY_CI_CO_SB_CARRY_CI_CO_SB_CARRY_CI_CO_SB_CARRY_CI_CO_SB_CARRY_CI_CO_SB_CARRY_CI_CO_SB_LUT4_I3_O_SB_LUT4_O_I3_SB_CARRY_CO_CI_SB_CARRY_CO_CI_SB_CARRY_CO_CI_SB_CARRY_CO_CI_SB_CARRY_CO_CI_SB_CARRY_CO_CI_SB_CARRY_CO_CI_SB_CARRY_CO_CI_SB_CARRY_CO_CI_SB_CARRY_CO_CI_SB_CARRY_CO_CI_SB_CARRY_CO_CI_SB_CARRY_CO_CI_SB_CARRY_CO$CARRY.COUT
Info:    routing  0.00  39.82 Net system.core.imag_part.0.0_WDATA_SB_LUT4_O_I1_SB_CARRY_CI_CO_SB_CARRY_CI_CO_SB_CARRY_CI_CO_SB_CARRY_CI_CO_SB_CARRY_CI_CO_SB_CARRY_CI_CO_SB_CARRY_CI_CO_SB_CARRY_CI_CO_SB_CARRY_CI_CO_SB_CARRY_CI_CO_SB_CARRY_CI_CO_SB_CARRY_CI_CO_SB_CARRY_CI_CO_SB_CARRY_CI_CO_SB_CARRY_CI_CO_SB_CARRY_CI_CO_SB_CARRY_CI_CO_SB_CARRY_CI_CO_SB_CARRY_CI_CO_SB_CARRY_CI_CO_SB_CARRY_CI_CO_SB_CARRY_CI_CO_SB_CARRY_CI_CO_SB_CARRY_CI_CO_SB_CARRY_CI_CO_SB_CARRY_CI_CO_SB_CARRY_CI_CO_SB_CARRY_CI_CO_SB_CARRY_CI_CO_SB_CARRY_CI_CO_SB_CARRY_CI_CO_SB_CARRY_CI_CO_SB_CARRY_CI_CO_SB_CARRY_CI_CO_SB_CARRY_CI_CO_SB_CARRY_CI_CO_SB_CARRY_CI_CO_SB_CARRY_CI_CO_SB_LUT4_I3_O_SB_LUT4_O_I3_SB_CARRY_CO_CI_SB_CARRY_CO_CI_SB_CARRY_CO_CI_SB_CARRY_CO_CI_SB_CARRY_CO_CI_SB_CARRY_CO_CI_SB_CARRY_CO_CI_SB_CARRY_CO_CI_SB_CARRY_CO_CI_SB_CARRY_CO_CI_SB_CARRY_CO_CI_SB_CARRY_CO_CI_SB_CARRY_CO_CI (7,25) -> (7,25)
Info:                          Sink system.core.imag_part.0.0_WDATA_SB_LUT4_O_I1_SB_CARRY_CI_CO_SB_CARRY_CI_CO_SB_CARRY_CI_CO_SB_CARRY_CI_CO_SB_CARRY_CI_CO_SB_CARRY_CI_CO_SB_CARRY_CI_CO_SB_CARRY_CI_CO_SB_CARRY_CI_CO_SB_CARRY_CI_CO_SB_CARRY_CI_CO_SB_CARRY_CI_CO_SB_CARRY_CI_CO_SB_CARRY_CI_CO_SB_CARRY_CI_CO_SB_CARRY_CI_CO_SB_CARRY_CI_CO_SB_CARRY_CI_CO_SB_CARRY_CI_CO_SB_CARRY_CI_CO_SB_CARRY_CI_CO_SB_CARRY_CI_CO_SB_CARRY_CI_CO_SB_CARRY_CI_CO_SB_CARRY_CI_CO_SB_CARRY_CI_CO_SB_CARRY_CI_CO_SB_CARRY_CI_CO_SB_CARRY_CI_CO_SB_CARRY_CI_CO_SB_CARRY_CI_CO_SB_CARRY_CI_CO_SB_CARRY_CI_CO_SB_CARRY_CI_CO_SB_CARRY_CI_CO_SB_CARRY_CI_CO_SB_CARRY_CI_CO_SB_CARRY_CI_CO_SB_LUT4_I3_O_SB_LUT4_O_I3_SB_CARRY_CO_CI_SB_CARRY_CO_CI_SB_CARRY_CO_CI_SB_CARRY_CO_CI_SB_CARRY_CO_CI_SB_CARRY_CO_CI_SB_CARRY_CO_CI_SB_CARRY_CO_CI_SB_CARRY_CO_CI_SB_CARRY_CO_CI_SB_CARRY_CO_CI_SB_CARRY_CO_CI_SB_CARRY_CO$CARRY.CIN
Info:                          Defined in:
Info:                               rtl/core/vibration_core.sv:165.22-165.36
Info:                               /home/researcher/Desktop/￿FFE6￿FF95￿FF99￿FFE6￿FF9D￿FF90/Fall 2026/digital ic/.tools/oss-cad-suite/libexec/../share/yosys/ice40/arith_map.v:62.5-70.4
Info:                               /home/researcher/Desktop/￿FFE6￿FF95￿FF99￿FFE6￿FF9D￿FF90/Fall 2026/digital ic/.tools/oss-cad-suite/libexec/../share/yosys/ice40/abc9_model.v:4.9-4.11
Info:      logic  0.28  40.10 Source system.core.imag_part.0.0_WDATA_SB_LUT4_O_I1_SB_CARRY_CI_CO_SB_CARRY_CI_CO_SB_CARRY_CI_CO_SB_CARRY_CI_CO_SB_CARRY_CI_CO_SB_CARRY_CI_CO_SB_CARRY_CI_CO_SB_CARRY_CI_CO_SB_CARRY_CI_CO_SB_CARRY_CI_CO_SB_CARRY_CI_CO_SB_CARRY_CI_CO_SB_CARRY_CI_CO_SB_CARRY_CI_CO_SB_CARRY_CI_CO_SB_CARRY_CI_CO_SB_CARRY_CI_CO_SB_CARRY_CI_CO_SB_CARRY_CI_CO_SB_CARRY_CI_CO_SB_CARRY_CI_CO_SB_CARRY_CI_CO_SB_CARRY_CI_CO_SB_CARRY_CI_CO_SB_CARRY_CI_CO_SB_CARRY_CI_CO_SB_CARRY_CI_CO_SB_CARRY_CI_CO_SB_CARRY_CI_CO_SB_CARRY_CI_CO_SB_CARRY_CI_CO_SB_CARRY_CI_CO_SB_CARRY_CI_CO_SB_CARRY_CI_CO_SB_CARRY_CI_CO_SB_CARRY_CI_CO_SB_CARRY_CI_CO_SB_CARRY_CI_CO_SB_LUT4_I3_O_SB_LUT4_O_I3_SB_CARRY_CO_CI_SB_CARRY_CO_CI_SB_CARRY_CO_CI_SB_CARRY_CO_CI_SB_CARRY_CO_CI_SB_CARRY_CO_CI_SB_CARRY_CO_CI_SB_CARRY_CO_CI_SB_CARRY_CO_CI_SB_CARRY_CO_CI_SB_CARRY_CO_CI_SB_CARRY_CO_CI_SB_CARRY_CO$CARRY.COUT
Info:    routing  0.00  40.10 Net system.core.imag_part.0.0_WDATA_SB_LUT4_O_I1_SB_CARRY_CI_CO_SB_CARRY_CI_CO_SB_CARRY_CI_CO_SB_CARRY_CI_CO_SB_CARRY_CI_CO_SB_CARRY_CI_CO_SB_CARRY_CI_CO_SB_CARRY_CI_CO_SB_CARRY_CI_CO_SB_CARRY_CI_CO_SB_CARRY_CI_CO_SB_CARRY_CI_CO_SB_CARRY_CI_CO_SB_CARRY_CI_CO_SB_CARRY_CI_CO_SB_CARRY_CI_CO_SB_CARRY_CI_CO_SB_CARRY_CI_CO_SB_CARRY_CI_CO_SB_CARRY_CI_CO_SB_CARRY_CI_CO_SB_CARRY_CI_CO_SB_CARRY_CI_CO_SB_CARRY_CI_CO_SB_CARRY_CI_CO_SB_CARRY_CI_CO_SB_CARRY_CI_CO_SB_CARRY_CI_CO_SB_CARRY_CI_CO_SB_CARRY_CI_CO_SB_CARRY_CI_CO_SB_CARRY_CI_CO_SB_CARRY_CI_CO_SB_CARRY_CI_CO_SB_CARRY_CI_CO_SB_CARRY_CI_CO_SB_CARRY_CI_CO_SB_CARRY_CI_CO_SB_LUT4_I3_O_SB_LUT4_O_I3_SB_CARRY_CO_CI_SB_CARRY_CO_CI_SB_CARRY_CO_CI_SB_CARRY_CO_CI_SB_CARRY_CO_CI_SB_CARRY_CO_CI_SB_CARRY_CO_CI_SB_CARRY_CO_CI_SB_CARRY_CO_CI_SB_CARRY_CO_CI_SB_CARRY_CO_CI_SB_CARRY_CO_CI (7,25) -> (7,25)
Info:                          Sink system.core.imag_part.0.0_WDATA_SB_LUT4_O_I1_SB_CARRY_CI_CO_SB_CARRY_CI_CO_SB_CARRY_CI_CO_SB_CARRY_CI_CO_SB_CARRY_CI_CO_SB_CARRY_CI_CO_SB_CARRY_CI_CO_SB_CARRY_CI_CO_SB_CARRY_CI_CO_SB_CARRY_CI_CO_SB_CARRY_CI_CO_SB_CARRY_CI_CO_SB_CARRY_CI_CO_SB_CARRY_CI_CO_SB_CARRY_CI_CO_SB_CARRY_CI_CO_SB_CARRY_CI_CO_SB_CARRY_CI_CO_SB_CARRY_CI_CO_SB_CARRY_CI_CO_SB_CARRY_CI_CO_SB_CARRY_CI_CO_SB_CARRY_CI_CO_SB_CARRY_CI_CO_SB_CARRY_CI_CO_SB_CARRY_CI_CO_SB_CARRY_CI_CO_SB_CARRY_CI_CO_SB_CARRY_CI_CO_SB_CARRY_CI_CO_SB_CARRY_CI_CO_SB_CARRY_CI_CO_SB_CARRY_CI_CO_SB_CARRY_CI_CO_SB_CARRY_CI_CO_SB_CARRY_CI_CO_SB_CARRY_CI_CO_SB_CARRY_CI_CO_SB_LUT4_I3_O_SB_LUT4_O_I3_SB_CARRY_CO_CI_SB_CARRY_CO_CI_SB_CARRY_CO_CI_SB_CARRY_CO_CI_SB_CARRY_CO_CI_SB_CARRY_CO_CI_SB_CARRY_CO_CI_SB_CARRY_CO_CI_SB_CARRY_CO_CI_SB_CARRY_CO_CI_SB_CARRY_CO_CI_SB_CARRY_CO$CARRY.CIN
Info:                          Defined in:
Info:                               rtl/core/vibration_core.sv:165.22-165.36
Info:                               /home/researcher/Desktop/￿FFE6￿FF95￿FF99￿FFE6￿FF9D￿FF90/Fall 2026/digital ic/.tools/oss-cad-suite/libexec/../share/yosys/ice40/arith_map.v:62.5-70.4
Info:                               /home/researcher/Desktop/￿FFE6￿FF95￿FF99￿FFE6￿FF9D￿FF90/Fall 2026/digital ic/.tools/oss-cad-suite/libexec/../share/yosys/ice40/abc9_model.v:4.9-4.11
Info:      logic  0.28  40.38 Source system.core.imag_part.0.0_WDATA_SB_LUT4_O_I1_SB_CARRY_CI_CO_SB_CARRY_CI_CO_SB_CARRY_CI_CO_SB_CARRY_CI_CO_SB_CARRY_CI_CO_SB_CARRY_CI_CO_SB_CARRY_CI_CO_SB_CARRY_CI_CO_SB_CARRY_CI_CO_SB_CARRY_CI_CO_SB_CARRY_CI_CO_SB_CARRY_CI_CO_SB_CARRY_CI_CO_SB_CARRY_CI_CO_SB_CARRY_CI_CO_SB_CARRY_CI_CO_SB_CARRY_CI_CO_SB_CARRY_CI_CO_SB_CARRY_CI_CO_SB_CARRY_CI_CO_SB_CARRY_CI_CO_SB_CARRY_CI_CO_SB_CARRY_CI_CO_SB_CARRY_CI_CO_SB_CARRY_CI_CO_SB_CARRY_CI_CO_SB_CARRY_CI_CO_SB_CARRY_CI_CO_SB_CARRY_CI_CO_SB_CARRY_CI_CO_SB_CARRY_CI_CO_SB_CARRY_CI_CO_SB_CARRY_CI_CO_SB_CARRY_CI_CO_SB_CARRY_CI_CO_SB_CARRY_CI_CO_SB_CARRY_CI_CO_SB_CARRY_CI_CO_SB_LUT4_I3_O_SB_LUT4_O_I3_SB_CARRY_CO_CI_SB_CARRY_CO_CI_SB_CARRY_CO_CI_SB_CARRY_CO_CI_SB_CARRY_CO_CI_SB_CARRY_CO_CI_SB_CARRY_CO_CI_SB_CARRY_CO_CI_SB_CARRY_CO_CI_SB_CARRY_CO_CI_SB_CARRY_CO_CI_SB_CARRY_CO$CARRY.COUT
Info:    routing  0.00  40.38 Net system.core.imag_part.0.0_WDATA_SB_LUT4_O_I1_SB_CARRY_CI_CO_SB_CARRY_CI_CO_SB_CARRY_CI_CO_SB_CARRY_CI_CO_SB_CARRY_CI_CO_SB_CARRY_CI_CO_SB_CARRY_CI_CO_SB_CARRY_CI_CO_SB_CARRY_CI_CO_SB_CARRY_CI_CO_SB_CARRY_CI_CO_SB_CARRY_CI_CO_SB_CARRY_CI_CO_SB_CARRY_CI_CO_SB_CARRY_CI_CO_SB_CARRY_CI_CO_SB_CARRY_CI_CO_SB_CARRY_CI_CO_SB_CARRY_CI_CO_SB_CARRY_CI_CO_SB_CARRY_CI_CO_SB_CARRY_CI_CO_SB_CARRY_CI_CO_SB_CARRY_CI_CO_SB_CARRY_CI_CO_SB_CARRY_CI_CO_SB_CARRY_CI_CO_SB_CARRY_CI_CO_SB_CARRY_CI_CO_SB_CARRY_CI_CO_SB_CARRY_CI_CO_SB_CARRY_CI_CO_SB_CARRY_CI_CO_SB_CARRY_CI_CO_SB_CARRY_CI_CO_SB_CARRY_CI_CO_SB_CARRY_CI_CO_SB_CARRY_CI_CO_SB_LUT4_I3_O_SB_LUT4_O_I3_SB_CARRY_CO_CI_SB_CARRY_CO_CI_SB_CARRY_CO_CI_SB_CARRY_CO_CI_SB_CARRY_CO_CI_SB_CARRY_CO_CI_SB_CARRY_CO_CI_SB_CARRY_CO_CI_SB_CARRY_CO_CI_SB_CARRY_CO_CI_SB_CARRY_CO_CI (7,25) -> (7,25)
Info:                          Sink system.core.imag_part.0.0_WDATA_SB_LUT4_O_I1_SB_CARRY_CI_CO_SB_CARRY_CI_CO_SB_CARRY_CI_CO_SB_CARRY_CI_CO_SB_CARRY_CI_CO_SB_CARRY_CI_CO_SB_CARRY_CI_CO_SB_CARRY_CI_CO_SB_CARRY_CI_CO_SB_CARRY_CI_CO_SB_CARRY_CI_CO_SB_CARRY_CI_CO_SB_CARRY_CI_CO_SB_CARRY_CI_CO_SB_CARRY_CI_CO_SB_CARRY_CI_CO_SB_CARRY_CI_CO_SB_CARRY_CI_CO_SB_CARRY_CI_CO_SB_CARRY_CI_CO_SB_CARRY_CI_CO_SB_CARRY_CI_CO_SB_CARRY_CI_CO_SB_CARRY_CI_CO_SB_CARRY_CI_CO_SB_CARRY_CI_CO_SB_CARRY_CI_CO_SB_CARRY_CI_CO_SB_CARRY_CI_CO_SB_CARRY_CI_CO_SB_CARRY_CI_CO_SB_CARRY_CI_CO_SB_CARRY_CI_CO_SB_CARRY_CI_CO_SB_CARRY_CI_CO_SB_CARRY_CI_CO_SB_CARRY_CI_CO_SB_CARRY_CI_CO_SB_LUT4_I3_O_SB_LUT4_O_I3_SB_CARRY_CO_CI_SB_CARRY_CO_CI_SB_CARRY_CO_CI_SB_CARRY_CO_CI_SB_CARRY_CO_CI_SB_CARRY_CO_CI_SB_CARRY_CO_CI_SB_CARRY_CO_CI_SB_CARRY_CO_CI_SB_CARRY_CO_CI_SB_CARRY_CO$CARRY.CIN
Info:                          Defined in:
Info:                               rtl/core/vibration_core.sv:165.22-165.36
Info:                               /home/researcher/Desktop/￿FFE6￿FF95￿FF99￿FFE6￿FF9D￿FF90/Fall 2026/digital ic/.tools/oss-cad-suite/libexec/../share/yosys/ice40/arith_map.v:62.5-70.4
Info:                               /home/researcher/Desktop/￿FFE6￿FF95￿FF99￿FFE6￿FF9D￿FF90/Fall 2026/digital ic/.tools/oss-cad-suite/libexec/../share/yosys/ice40/abc9_model.v:4.9-4.11
Info:      logic  0.28  40.65 Source system.core.imag_part.0.0_WDATA_SB_LUT4_O_I1_SB_CARRY_CI_CO_SB_CARRY_CI_CO_SB_CARRY_CI_CO_SB_CARRY_CI_CO_SB_CARRY_CI_CO_SB_CARRY_CI_CO_SB_CARRY_CI_CO_SB_CARRY_CI_CO_SB_CARRY_CI_CO_SB_CARRY_CI_CO_SB_CARRY_CI_CO_SB_CARRY_CI_CO_SB_CARRY_CI_CO_SB_CARRY_CI_CO_SB_CARRY_CI_CO_SB_CARRY_CI_CO_SB_CARRY_CI_CO_SB_CARRY_CI_CO_SB_CARRY_CI_CO_SB_CARRY_CI_CO_SB_CARRY_CI_CO_SB_CARRY_CI_CO_SB_CARRY_CI_CO_SB_CARRY_CI_CO_SB_CARRY_CI_CO_SB_CARRY_CI_CO_SB_CARRY_CI_CO_SB_CARRY_CI_CO_SB_CARRY_CI_CO_SB_CARRY_CI_CO_SB_CARRY_CI_CO_SB_CARRY_CI_CO_SB_CARRY_CI_CO_SB_CARRY_CI_CO_SB_CARRY_CI_CO_SB_CARRY_CI_CO_SB_CARRY_CI_CO_SB_CARRY_CI_CO_SB_LUT4_I3_O_SB_LUT4_O_I3_SB_CARRY_CO_CI_SB_CARRY_CO_CI_SB_CARRY_CO_CI_SB_CARRY_CO_CI_SB_CARRY_CO_CI_SB_CARRY_CO_CI_SB_CARRY_CO_CI_SB_CARRY_CO_CI_SB_CARRY_CO_CI_SB_CARRY_CO_CI_SB_CARRY_CO$CARRY.COUT
Info:    routing  0.00  40.65 Net system.core.imag_part.0.0_WDATA_SB_LUT4_O_I1_SB_CARRY_CI_CO_SB_CARRY_CI_CO_SB_CARRY_CI_CO_SB_CARRY_CI_CO_SB_CARRY_CI_CO_SB_CARRY_CI_CO_SB_CARRY_CI_CO_SB_CARRY_CI_CO_SB_CARRY_CI_CO_SB_CARRY_CI_CO_SB_CARRY_CI_CO_SB_CARRY_CI_CO_SB_CARRY_CI_CO_SB_CARRY_CI_CO_SB_CARRY_CI_CO_SB_CARRY_CI_CO_SB_CARRY_CI_CO_SB_CARRY_CI_CO_SB_CARRY_CI_CO_SB_CARRY_CI_CO_SB_CARRY_CI_CO_SB_CARRY_CI_CO_SB_CARRY_CI_CO_SB_CARRY_CI_CO_SB_CARRY_CI_CO_SB_CARRY_CI_CO_SB_CARRY_CI_CO_SB_CARRY_CI_CO_SB_CARRY_CI_CO_SB_CARRY_CI_CO_SB_CARRY_CI_CO_SB_CARRY_CI_CO_SB_CARRY_CI_CO_SB_CARRY_CI_CO_SB_CARRY_CI_CO_SB_CARRY_CI_CO_SB_CARRY_CI_CO_SB_CARRY_CI_CO_SB_LUT4_I3_O_SB_LUT4_O_I3_SB_CARRY_CO_CI_SB_CARRY_CO_CI_SB_CARRY_CO_CI_SB_CARRY_CO_CI_SB_CARRY_CO_CI_SB_CARRY_CO_CI_SB_CARRY_CO_CI_SB_CARRY_CO_CI_SB_CARRY_CO_CI_SB_CARRY_CO_CI (7,25) -> (7,25)
Info:                          Sink system.core.imag_part.0.0_WDATA_SB_LUT4_O_I1_SB_CARRY_CI_CO_SB_CARRY_CI_CO_SB_CARRY_CI_CO_SB_CARRY_CI_CO_SB_CARRY_CI_CO_SB_CARRY_CI_CO_SB_CARRY_CI_CO_SB_CARRY_CI_CO_SB_CARRY_CI_CO_SB_CARRY_CI_CO_SB_CARRY_CI_CO_SB_CARRY_CI_CO_SB_CARRY_CI_CO_SB_CARRY_CI_CO_SB_CARRY_CI_CO_SB_CARRY_CI_CO_SB_CARRY_CI_CO_SB_CARRY_CI_CO_SB_CARRY_CI_CO_SB_CARRY_CI_CO_SB_CARRY_CI_CO_SB_CARRY_CI_CO_SB_CARRY_CI_CO_SB_CARRY_CI_CO_SB_CARRY_CI_CO_SB_CARRY_CI_CO_SB_CARRY_CI_CO_SB_CARRY_CI_CO_SB_CARRY_CI_CO_SB_CARRY_CI_CO_SB_CARRY_CI_CO_SB_CARRY_CI_CO_SB_CARRY_CI_CO_SB_CARRY_CI_CO_SB_CARRY_CI_CO_SB_CARRY_CI_CO_SB_CARRY_CI_CO_SB_CARRY_CI_CO_SB_LUT4_I3_O_SB_LUT4_O_I3_SB_CARRY_CO_CI_SB_CARRY_CO_CI_SB_CARRY_CO_CI_SB_CARRY_CO_CI_SB_CARRY_CO_CI_SB_CARRY_CO_CI_SB_CARRY_CO_CI_SB_CARRY_CO_CI_SB_CARRY_CO_CI_SB_CARRY_CO$CARRY.CIN
Info:                          Defined in:
Info:                               rtl/core/vibration_core.sv:165.22-165.36
Info:                               /home/researcher/Desktop/￿FFE6￿FF95￿FF99￿FFE6￿FF9D￿FF90/Fall 2026/digital ic/.tools/oss-cad-suite/libexec/../share/yosys/ice40/arith_map.v:62.5-70.4
Info:                               /home/researcher/Desktop/￿FFE6￿FF95￿FF99￿FFE6￿FF9D￿FF90/Fall 2026/digital ic/.tools/oss-cad-suite/libexec/../share/yosys/ice40/abc9_model.v:4.9-4.11
Info:      logic  0.28  40.93 Source system.core.imag_part.0.0_WDATA_SB_LUT4_O_I1_SB_CARRY_CI_CO_SB_CARRY_CI_CO_SB_CARRY_CI_CO_SB_CARRY_CI_CO_SB_CARRY_CI_CO_SB_CARRY_CI_CO_SB_CARRY_CI_CO_SB_CARRY_CI_CO_SB_CARRY_CI_CO_SB_CARRY_CI_CO_SB_CARRY_CI_CO_SB_CARRY_CI_CO_SB_CARRY_CI_CO_SB_CARRY_CI_CO_SB_CARRY_CI_CO_SB_CARRY_CI_CO_SB_CARRY_CI_CO_SB_CARRY_CI_CO_SB_CARRY_CI_CO_SB_CARRY_CI_CO_SB_CARRY_CI_CO_SB_CARRY_CI_CO_SB_CARRY_CI_CO_SB_CARRY_CI_CO_SB_CARRY_CI_CO_SB_CARRY_CI_CO_SB_CARRY_CI_CO_SB_CARRY_CI_CO_SB_CARRY_CI_CO_SB_CARRY_CI_CO_SB_CARRY_CI_CO_SB_CARRY_CI_CO_SB_CARRY_CI_CO_SB_CARRY_CI_CO_SB_CARRY_CI_CO_SB_CARRY_CI_CO_SB_CARRY_CI_CO_SB_CARRY_CI_CO_SB_LUT4_I3_O_SB_LUT4_O_I3_SB_CARRY_CO_CI_SB_CARRY_CO_CI_SB_CARRY_CO_CI_SB_CARRY_CO_CI_SB_CARRY_CO_CI_SB_CARRY_CO_CI_SB_CARRY_CO_CI_SB_CARRY_CO_CI_SB_CARRY_CO_CI_SB_CARRY_CO$CARRY.COUT
Info:    routing  0.00  40.93 Net system.core.imag_part.0.0_WDATA_SB_LUT4_O_I1_SB_CARRY_CI_CO_SB_CARRY_CI_CO_SB_CARRY_CI_CO_SB_CARRY_CI_CO_SB_CARRY_CI_CO_SB_CARRY_CI_CO_SB_CARRY_CI_CO_SB_CARRY_CI_CO_SB_CARRY_CI_CO_SB_CARRY_CI_CO_SB_CARRY_CI_CO_SB_CARRY_CI_CO_SB_CARRY_CI_CO_SB_CARRY_CI_CO_SB_CARRY_CI_CO_SB_CARRY_CI_CO_SB_CARRY_CI_CO_SB_CARRY_CI_CO_SB_CARRY_CI_CO_SB_CARRY_CI_CO_SB_CARRY_CI_CO_SB_CARRY_CI_CO_SB_CARRY_CI_CO_SB_CARRY_CI_CO_SB_CARRY_CI_CO_SB_CARRY_CI_CO_SB_CARRY_CI_CO_SB_CARRY_CI_CO_SB_CARRY_CI_CO_SB_CARRY_CI_CO_SB_CARRY_CI_CO_SB_CARRY_CI_CO_SB_CARRY_CI_CO_SB_CARRY_CI_CO_SB_CARRY_CI_CO_SB_CARRY_CI_CO_SB_CARRY_CI_CO_SB_CARRY_CI_CO_SB_LUT4_I3_O_SB_LUT4_O_I3_SB_CARRY_CO_CI_SB_CARRY_CO_CI_SB_CARRY_CO_CI_SB_CARRY_CO_CI_SB_CARRY_CO_CI_SB_CARRY_CO_CI_SB_CARRY_CO_CI_SB_CARRY_CO_CI_SB_CARRY_CO_CI (7,25) -> (7,25)
Info:                          Sink system.core.imag_part.0.0_WDATA_SB_LUT4_O_I1_SB_CARRY_CI_CO_SB_CARRY_CI_CO_SB_CARRY_CI_CO_SB_CARRY_CI_CO_SB_CARRY_CI_CO_SB_CARRY_CI_CO_SB_CARRY_CI_CO_SB_CARRY_CI_CO_SB_CARRY_CI_CO_SB_CARRY_CI_CO_SB_CARRY_CI_CO_SB_CARRY_CI_CO_SB_CARRY_CI_CO_SB_CARRY_CI_CO_SB_CARRY_CI_CO_SB_CARRY_CI_CO_SB_CARRY_CI_CO_SB_CARRY_CI_CO_SB_CARRY_CI_CO_SB_CARRY_CI_CO_SB_CARRY_CI_CO_SB_CARRY_CI_CO_SB_CARRY_CI_CO_SB_CARRY_CI_CO_SB_CARRY_CI_CO_SB_CARRY_CI_CO_SB_CARRY_CI_CO_SB_CARRY_CI_CO_SB_CARRY_CI_CO_SB_CARRY_CI_CO_SB_CARRY_CI_CO_SB_CARRY_CI_CO_SB_CARRY_CI_CO_SB_CARRY_CI_CO_SB_CARRY_CI_CO_SB_CARRY_CI_CO_SB_CARRY_CI_CO_SB_CARRY_CI_CO_SB_LUT4_I3_O_SB_LUT4_O_I3_SB_CARRY_CO_CI_SB_CARRY_CO_CI_SB_CARRY_CO_CI_SB_CARRY_CO_CI_SB_CARRY_CO_CI_SB_CARRY_CO_CI_SB_CARRY_CO_CI_SB_CARRY_CO_CI_SB_CARRY_CO$CARRY.CIN
Info:                          Defined in:
Info:                               rtl/core/vibration_core.sv:165.22-165.36
Info:                               /home/researcher/Desktop/￿FFE6￿FF95￿FF99￿FFE6￿FF9D￿FF90/Fall 2026/digital ic/.tools/oss-cad-suite/libexec/../share/yosys/ice40/arith_map.v:62.5-70.4
Info:                               /home/researcher/Desktop/￿FFE6￿FF95￿FF99￿FFE6￿FF9D￿FF90/Fall 2026/digital ic/.tools/oss-cad-suite/libexec/../share/yosys/ice40/abc9_model.v:4.9-4.11
Info:      logic  0.28  41.21 Source system.core.imag_part.0.0_WDATA_SB_LUT4_O_I1_SB_CARRY_CI_CO_SB_CARRY_CI_CO_SB_CARRY_CI_CO_SB_CARRY_CI_CO_SB_CARRY_CI_CO_SB_CARRY_CI_CO_SB_CARRY_CI_CO_SB_CARRY_CI_CO_SB_CARRY_CI_CO_SB_CARRY_CI_CO_SB_CARRY_CI_CO_SB_CARRY_CI_CO_SB_CARRY_CI_CO_SB_CARRY_CI_CO_SB_CARRY_CI_CO_SB_CARRY_CI_CO_SB_CARRY_CI_CO_SB_CARRY_CI_CO_SB_CARRY_CI_CO_SB_CARRY_CI_CO_SB_CARRY_CI_CO_SB_CARRY_CI_CO_SB_CARRY_CI_CO_SB_CARRY_CI_CO_SB_CARRY_CI_CO_SB_CARRY_CI_CO_SB_CARRY_CI_CO_SB_CARRY_CI_CO_SB_CARRY_CI_CO_SB_CARRY_CI_CO_SB_CARRY_CI_CO_SB_CARRY_CI_CO_SB_CARRY_CI_CO_SB_CARRY_CI_CO_SB_CARRY_CI_CO_SB_CARRY_CI_CO_SB_CARRY_CI_CO_SB_CARRY_CI_CO_SB_LUT4_I3_O_SB_LUT4_O_I3_SB_CARRY_CO_CI_SB_CARRY_CO_CI_SB_CARRY_CO_CI_SB_CARRY_CO_CI_SB_CARRY_CO_CI_SB_CARRY_CO_CI_SB_CARRY_CO_CI_SB_CARRY_CO_CI_SB_CARRY_CO$CARRY.COUT
Info:    routing  0.56  41.77 Net system.core.imag_part.0.0_WDATA_SB_LUT4_O_I1_SB_CARRY_CI_CO_SB_CARRY_CI_CO_SB_CARRY_CI_CO_SB_CARRY_CI_CO_SB_CARRY_CI_CO_SB_CARRY_CI_CO_SB_CARRY_CI_CO_SB_CARRY_CI_CO_SB_CARRY_CI_CO_SB_CARRY_CI_CO_SB_CARRY_CI_CO_SB_CARRY_CI_CO_SB_CARRY_CI_CO_SB_CARRY_CI_CO_SB_CARRY_CI_CO_SB_CARRY_CI_CO_SB_CARRY_CI_CO_SB_CARRY_CI_CO_SB_CARRY_CI_CO_SB_CARRY_CI_CO_SB_CARRY_CI_CO_SB_CARRY_CI_CO_SB_CARRY_CI_CO_SB_CARRY_CI_CO_SB_CARRY_CI_CO_SB_CARRY_CI_CO_SB_CARRY_CI_CO_SB_CARRY_CI_CO_SB_CARRY_CI_CO_SB_CARRY_CI_CO_SB_CARRY_CI_CO_SB_CARRY_CI_CO_SB_CARRY_CI_CO_SB_CARRY_CI_CO_SB_CARRY_CI_CO_SB_CARRY_CI_CO_SB_CARRY_CI_CO_SB_CARRY_CI_CO_SB_LUT4_I3_O_SB_LUT4_O_I3_SB_CARRY_CO_CI_SB_CARRY_CO_CI_SB_CARRY_CO_CI_SB_CARRY_CO_CI_SB_CARRY_CO_CI_SB_CARRY_CO_CI_SB_CARRY_CO_CI_SB_CARRY_CO_CI (7,25) -> (7,26)
Info:                          Sink system.core.imag_part.0.0_WDATA_SB_LUT4_O_I1_SB_CARRY_CI_CO_SB_CARRY_CI_CO_SB_CARRY_CI_CO_SB_CARRY_CI_CO_SB_CARRY_CI_CO_SB_CARRY_CI_CO_SB_CARRY_CI_CO_SB_CARRY_CI_CO_SB_CARRY_CI_CO_SB_CARRY_CI_CO_SB_CARRY_CI_CO_SB_CARRY_CI_CO_SB_CARRY_CI_CO_SB_CARRY_CI_CO_SB_CARRY_CI_CO_SB_CARRY_CI_CO_SB_CARRY_CI_CO_SB_CARRY_CI_CO_SB_CARRY_CI_CO_SB_CARRY_CI_CO_SB_CARRY_CI_CO_SB_CARRY_CI_CO_SB_CARRY_CI_CO_SB_CARRY_CI_CO_SB_CARRY_CI_CO_SB_CARRY_CI_CO_SB_CARRY_CI_CO_SB_CARRY_CI_CO_SB_CARRY_CI_CO_SB_CARRY_CI_CO_SB_CARRY_CI_CO_SB_CARRY_CI_CO_SB_CARRY_CI_CO_SB_CARRY_CI_CO_SB_CARRY_CI_CO_SB_CARRY_CI_CO_SB_CARRY_CI_CO_SB_CARRY_CI_CO_SB_LUT4_I3_O_SB_LUT4_O_I3_SB_CARRY_CO_CI_SB_CARRY_CO_CI_SB_CARRY_CO_CI_SB_CARRY_CO_CI_SB_CARRY_CO_CI_SB_CARRY_CO_CI_SB_CARRY_CO_CI_SB_CARRY_CO$CARRY.CIN
Info:                          Defined in:
Info:                               rtl/core/vibration_core.sv:165.22-165.36
Info:                               /home/researcher/Desktop/￿FFE6￿FF95￿FF99￿FFE6￿FF9D￿FF90/Fall 2026/digital ic/.tools/oss-cad-suite/libexec/../share/yosys/ice40/arith_map.v:62.5-70.4
Info:                               /home/researcher/Desktop/￿FFE6￿FF95￿FF99￿FFE6￿FF9D￿FF90/Fall 2026/digital ic/.tools/oss-cad-suite/libexec/../share/yosys/ice40/abc9_model.v:4.9-4.11
Info:      logic  0.28  42.04 Source system.core.imag_part.0.0_WDATA_SB_LUT4_O_I1_SB_CARRY_CI_CO_SB_CARRY_CI_CO_SB_CARRY_CI_CO_SB_CARRY_CI_CO_SB_CARRY_CI_CO_SB_CARRY_CI_CO_SB_CARRY_CI_CO_SB_CARRY_CI_CO_SB_CARRY_CI_CO_SB_CARRY_CI_CO_SB_CARRY_CI_CO_SB_CARRY_CI_CO_SB_CARRY_CI_CO_SB_CARRY_CI_CO_SB_CARRY_CI_CO_SB_CARRY_CI_CO_SB_CARRY_CI_CO_SB_CARRY_CI_CO_SB_CARRY_CI_CO_SB_CARRY_CI_CO_SB_CARRY_CI_CO_SB_CARRY_CI_CO_SB_CARRY_CI_CO_SB_CARRY_CI_CO_SB_CARRY_CI_CO_SB_CARRY_CI_CO_SB_CARRY_CI_CO_SB_CARRY_CI_CO_SB_CARRY_CI_CO_SB_CARRY_CI_CO_SB_CARRY_CI_CO_SB_CARRY_CI_CO_SB_CARRY_CI_CO_SB_CARRY_CI_CO_SB_CARRY_CI_CO_SB_CARRY_CI_CO_SB_CARRY_CI_CO_SB_CARRY_CI_CO_SB_LUT4_I3_O_SB_LUT4_O_I3_SB_CARRY_CO_CI_SB_CARRY_CO_CI_SB_CARRY_CO_CI_SB_CARRY_CO_CI_SB_CARRY_CO_CI_SB_CARRY_CO_CI_SB_CARRY_CO_CI_SB_CARRY_CO$CARRY.COUT
Info:    routing  0.00  42.04 Net system.core.imag_part.0.0_WDATA_SB_LUT4_O_I1_SB_CARRY_CI_CO_SB_CARRY_CI_CO_SB_CARRY_CI_CO_SB_CARRY_CI_CO_SB_CARRY_CI_CO_SB_CARRY_CI_CO_SB_CARRY_CI_CO_SB_CARRY_CI_CO_SB_CARRY_CI_CO_SB_CARRY_CI_CO_SB_CARRY_CI_CO_SB_CARRY_CI_CO_SB_CARRY_CI_CO_SB_CARRY_CI_CO_SB_CARRY_CI_CO_SB_CARRY_CI_CO_SB_CARRY_CI_CO_SB_CARRY_CI_CO_SB_CARRY_CI_CO_SB_CARRY_CI_CO_SB_CARRY_CI_CO_SB_CARRY_CI_CO_SB_CARRY_CI_CO_SB_CARRY_CI_CO_SB_CARRY_CI_CO_SB_CARRY_CI_CO_SB_CARRY_CI_CO_SB_CARRY_CI_CO_SB_CARRY_CI_CO_SB_CARRY_CI_CO_SB_CARRY_CI_CO_SB_CARRY_CI_CO_SB_CARRY_CI_CO_SB_CARRY_CI_CO_SB_CARRY_CI_CO_SB_CARRY_CI_CO_SB_CARRY_CI_CO_SB_CARRY_CI_CO_SB_LUT4_I3_O_SB_LUT4_O_I3_SB_CARRY_CO_CI_SB_CARRY_CO_CI_SB_CARRY_CO_CI_SB_CARRY_CO_CI_SB_CARRY_CO_CI_SB_CARRY_CO_CI_SB_CARRY_CO_CI (7,26) -> (7,26)
Info:                          Sink system.core.imag_part.0.0_WDATA_SB_LUT4_O_I1_SB_CARRY_CI_CO_SB_CARRY_CI_CO_SB_CARRY_CI_CO_SB_CARRY_CI_CO_SB_CARRY_CI_CO_SB_CARRY_CI_CO_SB_CARRY_CI_CO_SB_CARRY_CI_CO_SB_CARRY_CI_CO_SB_CARRY_CI_CO_SB_CARRY_CI_CO_SB_CARRY_CI_CO_SB_CARRY_CI_CO_SB_CARRY_CI_CO_SB_CARRY_CI_CO_SB_CARRY_CI_CO_SB_CARRY_CI_CO_SB_CARRY_CI_CO_SB_CARRY_CI_CO_SB_CARRY_CI_CO_SB_CARRY_CI_CO_SB_CARRY_CI_CO_SB_CARRY_CI_CO_SB_CARRY_CI_CO_SB_CARRY_CI_CO_SB_CARRY_CI_CO_SB_CARRY_CI_CO_SB_CARRY_CI_CO_SB_CARRY_CI_CO_SB_CARRY_CI_CO_SB_CARRY_CI_CO_SB_CARRY_CI_CO_SB_CARRY_CI_CO_SB_CARRY_CI_CO_SB_CARRY_CI_CO_SB_CARRY_CI_CO_SB_CARRY_CI_CO_SB_CARRY_CI_CO_SB_LUT4_I3_O_SB_LUT4_O_I3_SB_CARRY_CO_CI_SB_CARRY_CO_CI_SB_CARRY_CO_CI_SB_CARRY_CO_CI_SB_CARRY_CO_CI_SB_CARRY_CO_CI_SB_CARRY_CO$CARRY.CIN
Info:                          Defined in:
Info:                               rtl/core/vibration_core.sv:165.22-165.36
Info:                               /home/researcher/Desktop/￿FFE6￿FF95￿FF99￿FFE6￿FF9D￿FF90/Fall 2026/digital ic/.tools/oss-cad-suite/libexec/../share/yosys/ice40/arith_map.v:62.5-70.4
Info:                               /home/researcher/Desktop/￿FFE6￿FF95￿FF99￿FFE6￿FF9D￿FF90/Fall 2026/digital ic/.tools/oss-cad-suite/libexec/../share/yosys/ice40/abc9_model.v:4.9-4.11
Info:      logic  0.28  42.32 Source system.core.imag_part.0.0_WDATA_SB_LUT4_O_I1_SB_CARRY_CI_CO_SB_CARRY_CI_CO_SB_CARRY_CI_CO_SB_CARRY_CI_CO_SB_CARRY_CI_CO_SB_CARRY_CI_CO_SB_CARRY_CI_CO_SB_CARRY_CI_CO_SB_CARRY_CI_CO_SB_CARRY_CI_CO_SB_CARRY_CI_CO_SB_CARRY_CI_CO_SB_CARRY_CI_CO_SB_CARRY_CI_CO_SB_CARRY_CI_CO_SB_CARRY_CI_CO_SB_CARRY_CI_CO_SB_CARRY_CI_CO_SB_CARRY_CI_CO_SB_CARRY_CI_CO_SB_CARRY_CI_CO_SB_CARRY_CI_CO_SB_CARRY_CI_CO_SB_CARRY_CI_CO_SB_CARRY_CI_CO_SB_CARRY_CI_CO_SB_CARRY_CI_CO_SB_CARRY_CI_CO_SB_CARRY_CI_CO_SB_CARRY_CI_CO_SB_CARRY_CI_CO_SB_CARRY_CI_CO_SB_CARRY_CI_CO_SB_CARRY_CI_CO_SB_CARRY_CI_CO_SB_CARRY_CI_CO_SB_CARRY_CI_CO_SB_CARRY_CI_CO_SB_LUT4_I3_O_SB_LUT4_O_I3_SB_CARRY_CO_CI_SB_CARRY_CO_CI_SB_CARRY_CO_CI_SB_CARRY_CO_CI_SB_CARRY_CO_CI_SB_CARRY_CO_CI_SB_CARRY_CO$CARRY.COUT
Info:    routing  0.00  42.32 Net system.core.imag_part.0.0_WDATA_SB_LUT4_O_I1_SB_CARRY_CI_CO_SB_CARRY_CI_CO_SB_CARRY_CI_CO_SB_CARRY_CI_CO_SB_CARRY_CI_CO_SB_CARRY_CI_CO_SB_CARRY_CI_CO_SB_CARRY_CI_CO_SB_CARRY_CI_CO_SB_CARRY_CI_CO_SB_CARRY_CI_CO_SB_CARRY_CI_CO_SB_CARRY_CI_CO_SB_CARRY_CI_CO_SB_CARRY_CI_CO_SB_CARRY_CI_CO_SB_CARRY_CI_CO_SB_CARRY_CI_CO_SB_CARRY_CI_CO_SB_CARRY_CI_CO_SB_CARRY_CI_CO_SB_CARRY_CI_CO_SB_CARRY_CI_CO_SB_CARRY_CI_CO_SB_CARRY_CI_CO_SB_CARRY_CI_CO_SB_CARRY_CI_CO_SB_CARRY_CI_CO_SB_CARRY_CI_CO_SB_CARRY_CI_CO_SB_CARRY_CI_CO_SB_CARRY_CI_CO_SB_CARRY_CI_CO_SB_CARRY_CI_CO_SB_CARRY_CI_CO_SB_CARRY_CI_CO_SB_CARRY_CI_CO_SB_CARRY_CI_CO_SB_LUT4_I3_O_SB_LUT4_O_I3_SB_CARRY_CO_CI_SB_CARRY_CO_CI_SB_CARRY_CO_CI_SB_CARRY_CO_CI_SB_CARRY_CO_CI_SB_CARRY_CO_CI (7,26) -> (7,26)
Info:                          Sink system.core.imag_part.0.0_WDATA_SB_LUT4_O_I1_SB_CARRY_CI_CO_SB_CARRY_CI_CO_SB_CARRY_CI_CO_SB_CARRY_CI_CO_SB_CARRY_CI_CO_SB_CARRY_CI_CO_SB_CARRY_CI_CO_SB_CARRY_CI_CO_SB_CARRY_CI_CO_SB_CARRY_CI_CO_SB_CARRY_CI_CO_SB_CARRY_CI_CO_SB_CARRY_CI_CO_SB_CARRY_CI_CO_SB_CARRY_CI_CO_SB_CARRY_CI_CO_SB_CARRY_CI_CO_SB_CARRY_CI_CO_SB_CARRY_CI_CO_SB_CARRY_CI_CO_SB_CARRY_CI_CO_SB_CARRY_CI_CO_SB_CARRY_CI_CO_SB_CARRY_CI_CO_SB_CARRY_CI_CO_SB_CARRY_CI_CO_SB_CARRY_CI_CO_SB_CARRY_CI_CO_SB_CARRY_CI_CO_SB_CARRY_CI_CO_SB_CARRY_CI_CO_SB_CARRY_CI_CO_SB_CARRY_CI_CO_SB_CARRY_CI_CO_SB_CARRY_CI_CO_SB_CARRY_CI_CO_SB_CARRY_CI_CO_SB_CARRY_CI_CO_SB_LUT4_I3_O_SB_LUT4_O_I3_SB_CARRY_CO_CI_SB_CARRY_CO_CI_SB_CARRY_CO_CI_SB_CARRY_CO_CI_SB_CARRY_CO_CI_SB_CARRY_CO$CARRY.CIN
Info:                          Defined in:
Info:                               rtl/core/vibration_core.sv:165.22-165.36
Info:                               /home/researcher/Desktop/￿FFE6￿FF95￿FF99￿FFE6￿FF9D￿FF90/Fall 2026/digital ic/.tools/oss-cad-suite/libexec/../share/yosys/ice40/arith_map.v:62.5-70.4
Info:                               /home/researcher/Desktop/￿FFE6￿FF95￿FF99￿FFE6￿FF9D￿FF90/Fall 2026/digital ic/.tools/oss-cad-suite/libexec/../share/yosys/ice40/abc9_model.v:4.9-4.11
Info:      logic  0.28  42.60 Source system.core.imag_part.0.0_WDATA_SB_LUT4_O_I1_SB_CARRY_CI_CO_SB_CARRY_CI_CO_SB_CARRY_CI_CO_SB_CARRY_CI_CO_SB_CARRY_CI_CO_SB_CARRY_CI_CO_SB_CARRY_CI_CO_SB_CARRY_CI_CO_SB_CARRY_CI_CO_SB_CARRY_CI_CO_SB_CARRY_CI_CO_SB_CARRY_CI_CO_SB_CARRY_CI_CO_SB_CARRY_CI_CO_SB_CARRY_CI_CO_SB_CARRY_CI_CO_SB_CARRY_CI_CO_SB_CARRY_CI_CO_SB_CARRY_CI_CO_SB_CARRY_CI_CO_SB_CARRY_CI_CO_SB_CARRY_CI_CO_SB_CARRY_CI_CO_SB_CARRY_CI_CO_SB_CARRY_CI_CO_SB_CARRY_CI_CO_SB_CARRY_CI_CO_SB_CARRY_CI_CO_SB_CARRY_CI_CO_SB_CARRY_CI_CO_SB_CARRY_CI_CO_SB_CARRY_CI_CO_SB_CARRY_CI_CO_SB_CARRY_CI_CO_SB_CARRY_CI_CO_SB_CARRY_CI_CO_SB_CARRY_CI_CO_SB_CARRY_CI_CO_SB_LUT4_I3_O_SB_LUT4_O_I3_SB_CARRY_CO_CI_SB_CARRY_CO_CI_SB_CARRY_CO_CI_SB_CARRY_CO_CI_SB_CARRY_CO_CI_SB_CARRY_CO$CARRY.COUT
Info:    routing  0.00  42.60 Net system.core.imag_part.0.0_WDATA_SB_LUT4_O_I1_SB_CARRY_CI_CO_SB_CARRY_CI_CO_SB_CARRY_CI_CO_SB_CARRY_CI_CO_SB_CARRY_CI_CO_SB_CARRY_CI_CO_SB_CARRY_CI_CO_SB_CARRY_CI_CO_SB_CARRY_CI_CO_SB_CARRY_CI_CO_SB_CARRY_CI_CO_SB_CARRY_CI_CO_SB_CARRY_CI_CO_SB_CARRY_CI_CO_SB_CARRY_CI_CO_SB_CARRY_CI_CO_SB_CARRY_CI_CO_SB_CARRY_CI_CO_SB_CARRY_CI_CO_SB_CARRY_CI_CO_SB_CARRY_CI_CO_SB_CARRY_CI_CO_SB_CARRY_CI_CO_SB_CARRY_CI_CO_SB_CARRY_CI_CO_SB_CARRY_CI_CO_SB_CARRY_CI_CO_SB_CARRY_CI_CO_SB_CARRY_CI_CO_SB_CARRY_CI_CO_SB_CARRY_CI_CO_SB_CARRY_CI_CO_SB_CARRY_CI_CO_SB_CARRY_CI_CO_SB_CARRY_CI_CO_SB_CARRY_CI_CO_SB_CARRY_CI_CO_SB_CARRY_CI_CO_SB_LUT4_I3_O_SB_LUT4_O_I3_SB_CARRY_CO_CI_SB_CARRY_CO_CI_SB_CARRY_CO_CI_SB_CARRY_CO_CI_SB_CARRY_CO_CI (7,26) -> (7,26)
Info:                          Sink system.core.imag_part.0.0_WDATA_SB_LUT4_O_I1_SB_CARRY_CI_CO_SB_CARRY_CI_CO_SB_CARRY_CI_CO_SB_CARRY_CI_CO_SB_CARRY_CI_CO_SB_CARRY_CI_CO_SB_CARRY_CI_CO_SB_CARRY_CI_CO_SB_CARRY_CI_CO_SB_CARRY_CI_CO_SB_CARRY_CI_CO_SB_CARRY_CI_CO_SB_CARRY_CI_CO_SB_CARRY_CI_CO_SB_CARRY_CI_CO_SB_CARRY_CI_CO_SB_CARRY_CI_CO_SB_CARRY_CI_CO_SB_CARRY_CI_CO_SB_CARRY_CI_CO_SB_CARRY_CI_CO_SB_CARRY_CI_CO_SB_CARRY_CI_CO_SB_CARRY_CI_CO_SB_CARRY_CI_CO_SB_CARRY_CI_CO_SB_CARRY_CI_CO_SB_CARRY_CI_CO_SB_CARRY_CI_CO_SB_CARRY_CI_CO_SB_CARRY_CI_CO_SB_CARRY_CI_CO_SB_CARRY_CI_CO_SB_CARRY_CI_CO_SB_CARRY_CI_CO_SB_CARRY_CI_CO_SB_CARRY_CI_CO_SB_CARRY_CI_CO_SB_LUT4_I3_O_SB_LUT4_O_I3_SB_CARRY_CO_CI_SB_CARRY_CO_CI_SB_CARRY_CO_CI_SB_CARRY_CO_CI_SB_CARRY_CO$CARRY.CIN
Info:                          Defined in:
Info:                               rtl/core/vibration_core.sv:165.22-165.36
Info:                               /home/researcher/Desktop/￿FFE6￿FF95￿FF99￿FFE6￿FF9D￿FF90/Fall 2026/digital ic/.tools/oss-cad-suite/libexec/../share/yosys/ice40/arith_map.v:62.5-70.4
Info:                               /home/researcher/Desktop/￿FFE6￿FF95￿FF99￿FFE6￿FF9D￿FF90/Fall 2026/digital ic/.tools/oss-cad-suite/libexec/../share/yosys/ice40/abc9_model.v:4.9-4.11
Info:      logic  0.28  42.88 Source system.core.imag_part.0.0_WDATA_SB_LUT4_O_I1_SB_CARRY_CI_CO_SB_CARRY_CI_CO_SB_CARRY_CI_CO_SB_CARRY_CI_CO_SB_CARRY_CI_CO_SB_CARRY_CI_CO_SB_CARRY_CI_CO_SB_CARRY_CI_CO_SB_CARRY_CI_CO_SB_CARRY_CI_CO_SB_CARRY_CI_CO_SB_CARRY_CI_CO_SB_CARRY_CI_CO_SB_CARRY_CI_CO_SB_CARRY_CI_CO_SB_CARRY_CI_CO_SB_CARRY_CI_CO_SB_CARRY_CI_CO_SB_CARRY_CI_CO_SB_CARRY_CI_CO_SB_CARRY_CI_CO_SB_CARRY_CI_CO_SB_CARRY_CI_CO_SB_CARRY_CI_CO_SB_CARRY_CI_CO_SB_CARRY_CI_CO_SB_CARRY_CI_CO_SB_CARRY_CI_CO_SB_CARRY_CI_CO_SB_CARRY_CI_CO_SB_CARRY_CI_CO_SB_CARRY_CI_CO_SB_CARRY_CI_CO_SB_CARRY_CI_CO_SB_CARRY_CI_CO_SB_CARRY_CI_CO_SB_CARRY_CI_CO_SB_CARRY_CI_CO_SB_LUT4_I3_O_SB_LUT4_O_I3_SB_CARRY_CO_CI_SB_CARRY_CO_CI_SB_CARRY_CO_CI_SB_CARRY_CO_CI_SB_CARRY_CO$CARRY.COUT
Info:    routing  0.00  42.88 Net system.core.imag_part.0.0_WDATA_SB_LUT4_O_I1_SB_CARRY_CI_CO_SB_CARRY_CI_CO_SB_CARRY_CI_CO_SB_CARRY_CI_CO_SB_CARRY_CI_CO_SB_CARRY_CI_CO_SB_CARRY_CI_CO_SB_CARRY_CI_CO_SB_CARRY_CI_CO_SB_CARRY_CI_CO_SB_CARRY_CI_CO_SB_CARRY_CI_CO_SB_CARRY_CI_CO_SB_CARRY_CI_CO_SB_CARRY_CI_CO_SB_CARRY_CI_CO_SB_CARRY_CI_CO_SB_CARRY_CI_CO_SB_CARRY_CI_CO_SB_CARRY_CI_CO_SB_CARRY_CI_CO_SB_CARRY_CI_CO_SB_CARRY_CI_CO_SB_CARRY_CI_CO_SB_CARRY_CI_CO_SB_CARRY_CI_CO_SB_CARRY_CI_CO_SB_CARRY_CI_CO_SB_CARRY_CI_CO_SB_CARRY_CI_CO_SB_CARRY_CI_CO_SB_CARRY_CI_CO_SB_CARRY_CI_CO_SB_CARRY_CI_CO_SB_CARRY_CI_CO_SB_CARRY_CI_CO_SB_CARRY_CI_CO_SB_CARRY_CI_CO_SB_LUT4_I3_O_SB_LUT4_O_I3_SB_CARRY_CO_CI_SB_CARRY_CO_CI_SB_CARRY_CO_CI_SB_CARRY_CO_CI (7,26) -> (7,26)
Info:                          Sink system.core.imag_part.0.0_WDATA_SB_LUT4_O_I1_SB_CARRY_CI_CO_SB_CARRY_CI_CO_SB_CARRY_CI_CO_SB_CARRY_CI_CO_SB_CARRY_CI_CO_SB_CARRY_CI_CO_SB_CARRY_CI_CO_SB_CARRY_CI_CO_SB_CARRY_CI_CO_SB_CARRY_CI_CO_SB_CARRY_CI_CO_SB_CARRY_CI_CO_SB_CARRY_CI_CO_SB_CARRY_CI_CO_SB_CARRY_CI_CO_SB_CARRY_CI_CO_SB_CARRY_CI_CO_SB_CARRY_CI_CO_SB_CARRY_CI_CO_SB_CARRY_CI_CO_SB_CARRY_CI_CO_SB_CARRY_CI_CO_SB_CARRY_CI_CO_SB_CARRY_CI_CO_SB_CARRY_CI_CO_SB_CARRY_CI_CO_SB_CARRY_CI_CO_SB_CARRY_CI_CO_SB_CARRY_CI_CO_SB_CARRY_CI_CO_SB_CARRY_CI_CO_SB_CARRY_CI_CO_SB_CARRY_CI_CO_SB_CARRY_CI_CO_SB_CARRY_CI_CO_SB_CARRY_CI_CO_SB_CARRY_CI_CO_SB_CARRY_CI_CO_SB_LUT4_I3_O_SB_LUT4_O_I3_SB_CARRY_CO_CI_SB_CARRY_CO_CI_SB_CARRY_CO_CI_SB_CARRY_CO$CARRY.CIN
Info:                          Defined in:
Info:                               rtl/core/vibration_core.sv:165.22-165.36
Info:                               /home/researcher/Desktop/￿FFE6￿FF95￿FF99￿FFE6￿FF9D￿FF90/Fall 2026/digital ic/.tools/oss-cad-suite/libexec/../share/yosys/ice40/arith_map.v:62.5-70.4
Info:                               /home/researcher/Desktop/￿FFE6￿FF95￿FF99￿FFE6￿FF9D￿FF90/Fall 2026/digital ic/.tools/oss-cad-suite/libexec/../share/yosys/ice40/abc9_model.v:4.9-4.11
Info:      logic  0.28  43.16 Source system.core.imag_part.0.0_WDATA_SB_LUT4_O_I1_SB_CARRY_CI_CO_SB_CARRY_CI_CO_SB_CARRY_CI_CO_SB_CARRY_CI_CO_SB_CARRY_CI_CO_SB_CARRY_CI_CO_SB_CARRY_CI_CO_SB_CARRY_CI_CO_SB_CARRY_CI_CO_SB_CARRY_CI_CO_SB_CARRY_CI_CO_SB_CARRY_CI_CO_SB_CARRY_CI_CO_SB_CARRY_CI_CO_SB_CARRY_CI_CO_SB_CARRY_CI_CO_SB_CARRY_CI_CO_SB_CARRY_CI_CO_SB_CARRY_CI_CO_SB_CARRY_CI_CO_SB_CARRY_CI_CO_SB_CARRY_CI_CO_SB_CARRY_CI_CO_SB_CARRY_CI_CO_SB_CARRY_CI_CO_SB_CARRY_CI_CO_SB_CARRY_CI_CO_SB_CARRY_CI_CO_SB_CARRY_CI_CO_SB_CARRY_CI_CO_SB_CARRY_CI_CO_SB_CARRY_CI_CO_SB_CARRY_CI_CO_SB_CARRY_CI_CO_SB_CARRY_CI_CO_SB_CARRY_CI_CO_SB_CARRY_CI_CO_SB_CARRY_CI_CO_SB_LUT4_I3_O_SB_LUT4_O_I3_SB_CARRY_CO_CI_SB_CARRY_CO_CI_SB_CARRY_CO_CI_SB_CARRY_CO$CARRY.COUT
Info:    routing  0.00  43.16 Net system.core.imag_part.0.0_WDATA_SB_LUT4_O_I1_SB_CARRY_CI_CO_SB_CARRY_CI_CO_SB_CARRY_CI_CO_SB_CARRY_CI_CO_SB_CARRY_CI_CO_SB_CARRY_CI_CO_SB_CARRY_CI_CO_SB_CARRY_CI_CO_SB_CARRY_CI_CO_SB_CARRY_CI_CO_SB_CARRY_CI_CO_SB_CARRY_CI_CO_SB_CARRY_CI_CO_SB_CARRY_CI_CO_SB_CARRY_CI_CO_SB_CARRY_CI_CO_SB_CARRY_CI_CO_SB_CARRY_CI_CO_SB_CARRY_CI_CO_SB_CARRY_CI_CO_SB_CARRY_CI_CO_SB_CARRY_CI_CO_SB_CARRY_CI_CO_SB_CARRY_CI_CO_SB_CARRY_CI_CO_SB_CARRY_CI_CO_SB_CARRY_CI_CO_SB_CARRY_CI_CO_SB_CARRY_CI_CO_SB_CARRY_CI_CO_SB_CARRY_CI_CO_SB_CARRY_CI_CO_SB_CARRY_CI_CO_SB_CARRY_CI_CO_SB_CARRY_CI_CO_SB_CARRY_CI_CO_SB_CARRY_CI_CO_SB_CARRY_CI_CO_SB_LUT4_I3_O_SB_LUT4_O_I3_SB_CARRY_CO_CI_SB_CARRY_CO_CI_SB_CARRY_CO_CI (7,26) -> (7,26)
Info:                          Sink system.core.imag_part.0.0_WDATA_SB_LUT4_O_I1_SB_CARRY_CI_CO_SB_CARRY_CI_CO_SB_CARRY_CI_CO_SB_CARRY_CI_CO_SB_CARRY_CI_CO_SB_CARRY_CI_CO_SB_CARRY_CI_CO_SB_CARRY_CI_CO_SB_CARRY_CI_CO_SB_CARRY_CI_CO_SB_CARRY_CI_CO_SB_CARRY_CI_CO_SB_CARRY_CI_CO_SB_CARRY_CI_CO_SB_CARRY_CI_CO_SB_CARRY_CI_CO_SB_CARRY_CI_CO_SB_CARRY_CI_CO_SB_CARRY_CI_CO_SB_CARRY_CI_CO_SB_CARRY_CI_CO_SB_CARRY_CI_CO_SB_CARRY_CI_CO_SB_CARRY_CI_CO_SB_CARRY_CI_CO_SB_CARRY_CI_CO_SB_CARRY_CI_CO_SB_CARRY_CI_CO_SB_CARRY_CI_CO_SB_CARRY_CI_CO_SB_CARRY_CI_CO_SB_CARRY_CI_CO_SB_CARRY_CI_CO_SB_CARRY_CI_CO_SB_CARRY_CI_CO_SB_CARRY_CI_CO_SB_CARRY_CI_CO_SB_CARRY_CI_CO_SB_LUT4_I3_O_SB_LUT4_O_I3_SB_CARRY_CO_CI_SB_CARRY_CO_CI_SB_CARRY_CO$CARRY.CIN
Info:                          Defined in:
Info:                               rtl/core/vibration_core.sv:165.22-165.36
Info:                               /home/researcher/Desktop/￿FFE6￿FF95￿FF99￿FFE6￿FF9D￿FF90/Fall 2026/digital ic/.tools/oss-cad-suite/libexec/../share/yosys/ice40/arith_map.v:62.5-70.4
Info:                               /home/researcher/Desktop/￿FFE6￿FF95￿FF99￿FFE6￿FF9D￿FF90/Fall 2026/digital ic/.tools/oss-cad-suite/libexec/../share/yosys/ice40/abc9_model.v:4.9-4.11
Info:      logic  0.28  43.43 Source system.core.imag_part.0.0_WDATA_SB_LUT4_O_I1_SB_CARRY_CI_CO_SB_CARRY_CI_CO_SB_CARRY_CI_CO_SB_CARRY_CI_CO_SB_CARRY_CI_CO_SB_CARRY_CI_CO_SB_CARRY_CI_CO_SB_CARRY_CI_CO_SB_CARRY_CI_CO_SB_CARRY_CI_CO_SB_CARRY_CI_CO_SB_CARRY_CI_CO_SB_CARRY_CI_CO_SB_CARRY_CI_CO_SB_CARRY_CI_CO_SB_CARRY_CI_CO_SB_CARRY_CI_CO_SB_CARRY_CI_CO_SB_CARRY_CI_CO_SB_CARRY_CI_CO_SB_CARRY_CI_CO_SB_CARRY_CI_CO_SB_CARRY_CI_CO_SB_CARRY_CI_CO_SB_CARRY_CI_CO_SB_CARRY_CI_CO_SB_CARRY_CI_CO_SB_CARRY_CI_CO_SB_CARRY_CI_CO_SB_CARRY_CI_CO_SB_CARRY_CI_CO_SB_CARRY_CI_CO_SB_CARRY_CI_CO_SB_CARRY_CI_CO_SB_CARRY_CI_CO_SB_CARRY_CI_CO_SB_CARRY_CI_CO_SB_CARRY_CI_CO_SB_LUT4_I3_O_SB_LUT4_O_I3_SB_CARRY_CO_CI_SB_CARRY_CO_CI_SB_CARRY_CO$CARRY.COUT
Info:    routing  0.00  43.43 Net system.core.imag_part.0.0_WDATA_SB_LUT4_O_I1_SB_CARRY_CI_CO_SB_CARRY_CI_CO_SB_CARRY_CI_CO_SB_CARRY_CI_CO_SB_CARRY_CI_CO_SB_CARRY_CI_CO_SB_CARRY_CI_CO_SB_CARRY_CI_CO_SB_CARRY_CI_CO_SB_CARRY_CI_CO_SB_CARRY_CI_CO_SB_CARRY_CI_CO_SB_CARRY_CI_CO_SB_CARRY_CI_CO_SB_CARRY_CI_CO_SB_CARRY_CI_CO_SB_CARRY_CI_CO_SB_CARRY_CI_CO_SB_CARRY_CI_CO_SB_CARRY_CI_CO_SB_CARRY_CI_CO_SB_CARRY_CI_CO_SB_CARRY_CI_CO_SB_CARRY_CI_CO_SB_CARRY_CI_CO_SB_CARRY_CI_CO_SB_CARRY_CI_CO_SB_CARRY_CI_CO_SB_CARRY_CI_CO_SB_CARRY_CI_CO_SB_CARRY_CI_CO_SB_CARRY_CI_CO_SB_CARRY_CI_CO_SB_CARRY_CI_CO_SB_CARRY_CI_CO_SB_CARRY_CI_CO_SB_CARRY_CI_CO_SB_CARRY_CI_CO_SB_LUT4_I3_O_SB_LUT4_O_I3_SB_CARRY_CO_CI_SB_CARRY_CO_CI (7,26) -> (7,26)
Info:                          Sink system.core.imag_part.0.0_WDATA_SB_LUT4_O_I1_SB_CARRY_CI_CO_SB_CARRY_CI_CO_SB_CARRY_CI_CO_SB_CARRY_CI_CO_SB_CARRY_CI_CO_SB_CARRY_CI_CO_SB_CARRY_CI_CO_SB_CARRY_CI_CO_SB_CARRY_CI_CO_SB_CARRY_CI_CO_SB_CARRY_CI_CO_SB_CARRY_CI_CO_SB_CARRY_CI_CO_SB_CARRY_CI_CO_SB_CARRY_CI_CO_SB_CARRY_CI_CO_SB_CARRY_CI_CO_SB_CARRY_CI_CO_SB_CARRY_CI_CO_SB_CARRY_CI_CO_SB_CARRY_CI_CO_SB_CARRY_CI_CO_SB_CARRY_CI_CO_SB_CARRY_CI_CO_SB_CARRY_CI_CO_SB_CARRY_CI_CO_SB_CARRY_CI_CO_SB_CARRY_CI_CO_SB_CARRY_CI_CO_SB_CARRY_CI_CO_SB_CARRY_CI_CO_SB_CARRY_CI_CO_SB_CARRY_CI_CO_SB_CARRY_CI_CO_SB_CARRY_CI_CO_SB_CARRY_CI_CO_SB_CARRY_CI_CO_SB_CARRY_CI_CO_SB_LUT4_I3_O_SB_LUT4_O_I3_SB_CARRY_CO_CI_SB_CARRY_CO$CARRY.CIN
Info:                          Defined in:
Info:                               rtl/core/vibration_core.sv:165.22-165.36
Info:                               /home/researcher/Desktop/￿FFE6￿FF95￿FF99￿FFE6￿FF9D￿FF90/Fall 2026/digital ic/.tools/oss-cad-suite/libexec/../share/yosys/ice40/arith_map.v:62.5-70.4
Info:                               /home/researcher/Desktop/￿FFE6￿FF95￿FF99￿FFE6￿FF9D￿FF90/Fall 2026/digital ic/.tools/oss-cad-suite/libexec/../share/yosys/ice40/abc9_model.v:4.9-4.11
Info:      logic  0.28  43.71 Source system.core.imag_part.0.0_WDATA_SB_LUT4_O_I1_SB_CARRY_CI_CO_SB_CARRY_CI_CO_SB_CARRY_CI_CO_SB_CARRY_CI_CO_SB_CARRY_CI_CO_SB_CARRY_CI_CO_SB_CARRY_CI_CO_SB_CARRY_CI_CO_SB_CARRY_CI_CO_SB_CARRY_CI_CO_SB_CARRY_CI_CO_SB_CARRY_CI_CO_SB_CARRY_CI_CO_SB_CARRY_CI_CO_SB_CARRY_CI_CO_SB_CARRY_CI_CO_SB_CARRY_CI_CO_SB_CARRY_CI_CO_SB_CARRY_CI_CO_SB_CARRY_CI_CO_SB_CARRY_CI_CO_SB_CARRY_CI_CO_SB_CARRY_CI_CO_SB_CARRY_CI_CO_SB_CARRY_CI_CO_SB_CARRY_CI_CO_SB_CARRY_CI_CO_SB_CARRY_CI_CO_SB_CARRY_CI_CO_SB_CARRY_CI_CO_SB_CARRY_CI_CO_SB_CARRY_CI_CO_SB_CARRY_CI_CO_SB_CARRY_CI_CO_SB_CARRY_CI_CO_SB_CARRY_CI_CO_SB_CARRY_CI_CO_SB_CARRY_CI_CO_SB_LUT4_I3_O_SB_LUT4_O_I3_SB_CARRY_CO_CI_SB_CARRY_CO$CARRY.COUT
Info:    routing  0.00  43.71 Net system.core.imag_part.0.0_WDATA_SB_LUT4_O_I1_SB_CARRY_CI_CO_SB_CARRY_CI_CO_SB_CARRY_CI_CO_SB_CARRY_CI_CO_SB_CARRY_CI_CO_SB_CARRY_CI_CO_SB_CARRY_CI_CO_SB_CARRY_CI_CO_SB_CARRY_CI_CO_SB_CARRY_CI_CO_SB_CARRY_CI_CO_SB_CARRY_CI_CO_SB_CARRY_CI_CO_SB_CARRY_CI_CO_SB_CARRY_CI_CO_SB_CARRY_CI_CO_SB_CARRY_CI_CO_SB_CARRY_CI_CO_SB_CARRY_CI_CO_SB_CARRY_CI_CO_SB_CARRY_CI_CO_SB_CARRY_CI_CO_SB_CARRY_CI_CO_SB_CARRY_CI_CO_SB_CARRY_CI_CO_SB_CARRY_CI_CO_SB_CARRY_CI_CO_SB_CARRY_CI_CO_SB_CARRY_CI_CO_SB_CARRY_CI_CO_SB_CARRY_CI_CO_SB_CARRY_CI_CO_SB_CARRY_CI_CO_SB_CARRY_CI_CO_SB_CARRY_CI_CO_SB_CARRY_CI_CO_SB_CARRY_CI_CO_SB_CARRY_CI_CO_SB_LUT4_I3_O_SB_LUT4_O_I3_SB_CARRY_CO_CI (7,26) -> (7,26)
Info:                          Sink system.core.imag_part.0.0_WDATA_SB_LUT4_O_I1_SB_CARRY_CI_CO_SB_CARRY_CI_CO_SB_CARRY_CI_CO_SB_CARRY_CI_CO_SB_CARRY_CI_CO_SB_CARRY_CI_CO_SB_CARRY_CI_CO_SB_CARRY_CI_CO_SB_CARRY_CI_CO_SB_CARRY_CI_CO_SB_CARRY_CI_CO_SB_CARRY_CI_CO_SB_CARRY_CI_CO_SB_CARRY_CI_CO_SB_CARRY_CI_CO_SB_CARRY_CI_CO_SB_CARRY_CI_CO_SB_CARRY_CI_CO_SB_CARRY_CI_CO_SB_CARRY_CI_CO_SB_CARRY_CI_CO_SB_CARRY_CI_CO_SB_CARRY_CI_CO_SB_CARRY_CI_CO_SB_CARRY_CI_CO_SB_CARRY_CI_CO_SB_CARRY_CI_CO_SB_CARRY_CI_CO_SB_CARRY_CI_CO_SB_CARRY_CI_CO_SB_CARRY_CI_CO_SB_CARRY_CI_CO_SB_CARRY_CI_CO_SB_CARRY_CI_CO_SB_CARRY_CI_CO_SB_CARRY_CI_CO_SB_CARRY_CI_CO_SB_CARRY_CI_CO_SB_LUT4_I3_O_SB_LUT4_O_I3_SB_CARRY_CO$CARRY.CIN
Info:                          Defined in:
Info:                               rtl/core/vibration_core.sv:165.22-165.36
Info:                               /home/researcher/Desktop/￿FFE6￿FF95￿FF99￿FFE6￿FF9D￿FF90/Fall 2026/digital ic/.tools/oss-cad-suite/libexec/../share/yosys/ice40/arith_map.v:62.5-70.4
Info:                               /home/researcher/Desktop/￿FFE6￿FF95￿FF99￿FFE6￿FF9D￿FF90/Fall 2026/digital ic/.tools/oss-cad-suite/libexec/../share/yosys/ice40/abc9_model.v:4.9-4.11
Info:      logic  0.28  43.99 Source system.core.imag_part.0.0_WDATA_SB_LUT4_O_I1_SB_CARRY_CI_CO_SB_CARRY_CI_CO_SB_CARRY_CI_CO_SB_CARRY_CI_CO_SB_CARRY_CI_CO_SB_CARRY_CI_CO_SB_CARRY_CI_CO_SB_CARRY_CI_CO_SB_CARRY_CI_CO_SB_CARRY_CI_CO_SB_CARRY_CI_CO_SB_CARRY_CI_CO_SB_CARRY_CI_CO_SB_CARRY_CI_CO_SB_CARRY_CI_CO_SB_CARRY_CI_CO_SB_CARRY_CI_CO_SB_CARRY_CI_CO_SB_CARRY_CI_CO_SB_CARRY_CI_CO_SB_CARRY_CI_CO_SB_CARRY_CI_CO_SB_CARRY_CI_CO_SB_CARRY_CI_CO_SB_CARRY_CI_CO_SB_CARRY_CI_CO_SB_CARRY_CI_CO_SB_CARRY_CI_CO_SB_CARRY_CI_CO_SB_CARRY_CI_CO_SB_CARRY_CI_CO_SB_CARRY_CI_CO_SB_CARRY_CI_CO_SB_CARRY_CI_CO_SB_CARRY_CI_CO_SB_CARRY_CI_CO_SB_CARRY_CI_CO_SB_CARRY_CI_CO_SB_LUT4_I3_O_SB_LUT4_O_I3_SB_CARRY_CO$CARRY.COUT
Info:    routing  1.22  45.21 Net system.core.imag_part.0.0_WDATA_SB_LUT4_O_I1_SB_CARRY_CI_CO_SB_CARRY_CI_CO_SB_CARRY_CI_CO_SB_CARRY_CI_CO_SB_CARRY_CI_CO_SB_CARRY_CI_CO_SB_CARRY_CI_CO_SB_CARRY_CI_CO_SB_CARRY_CI_CO_SB_CARRY_CI_CO_SB_CARRY_CI_CO_SB_CARRY_CI_CO_SB_CARRY_CI_CO_SB_CARRY_CI_CO_SB_CARRY_CI_CO_SB_CARRY_CI_CO_SB_CARRY_CI_CO_SB_CARRY_CI_CO_SB_CARRY_CI_CO_SB_CARRY_CI_CO_SB_CARRY_CI_CO_SB_CARRY_CI_CO_SB_CARRY_CI_CO_SB_CARRY_CI_CO_SB_CARRY_CI_CO_SB_CARRY_CI_CO_SB_CARRY_CI_CO_SB_CARRY_CI_CO_SB_CARRY_CI_CO_SB_CARRY_CI_CO_SB_CARRY_CI_CO_SB_CARRY_CI_CO_SB_CARRY_CI_CO_SB_CARRY_CI_CO_SB_CARRY_CI_CO_SB_CARRY_CI_CO_SB_CARRY_CI_CO_SB_CARRY_CI_CO_SB_LUT4_I3_O_SB_LUT4_O_I3 (7,26) -> (7,27)
Info:                          Sink system.core.imag_part.0.0_WDATA_SB_LUT4_O_I1_SB_CARRY_CI_CO_SB_CARRY_CI_CO_SB_CARRY_CI_CO_SB_CARRY_CI_CO_SB_CARRY_CI_CO_SB_CARRY_CI_CO_SB_CARRY_CI_CO_SB_CARRY_CI_CO_SB_CARRY_CI_CO_SB_CARRY_CI_CO_SB_CARRY_CI_CO_SB_CARRY_CI_CO_SB_CARRY_CI_CO_SB_CARRY_CI_CO_SB_CARRY_CI_CO_SB_CARRY_CI_CO_SB_CARRY_CI_CO_SB_CARRY_CI_CO_SB_CARRY_CI_CO_SB_CARRY_CI_CO_SB_CARRY_CI_CO_SB_CARRY_CI_CO_SB_CARRY_CI_CO_SB_CARRY_CI_CO_SB_CARRY_CI_CO_SB_CARRY_CI_CO_SB_CARRY_CI_CO_SB_CARRY_CI_CO_SB_CARRY_CI_CO_SB_CARRY_CI_CO_SB_CARRY_CI_CO_SB_CARRY_CI_CO_SB_CARRY_CI_CO_SB_CARRY_CI_CO_SB_CARRY_CI_CO_SB_CARRY_CI_CO_SB_CARRY_CI_CO_SB_CARRY_CI_CO_SB_LUT4_I3_O_SB_LUT4_O_LC.I3
Info:                          Defined in:
Info:                               rtl/core/vibration_core.sv:165.22-165.36
Info:                               /home/researcher/Desktop/￿FFE6￿FF95￿FF99￿FFE6￿FF9D￿FF90/Fall 2026/digital ic/.tools/oss-cad-suite/libexec/../share/yosys/ice40/arith_map.v:62.5-70.4
Info:                               /home/researcher/Desktop/￿FFE6￿FF95￿FF99￿FFE6￿FF9D￿FF90/Fall 2026/digital ic/.tools/oss-cad-suite/libexec/../share/yosys/ice40/abc9_model.v:4.9-4.11
Info:      logic  0.87  46.08 Source system.core.imag_part.0.0_WDATA_SB_LUT4_O_I1_SB_CARRY_CI_CO_SB_CARRY_CI_CO_SB_CARRY_CI_CO_SB_CARRY_CI_CO_SB_CARRY_CI_CO_SB_CARRY_CI_CO_SB_CARRY_CI_CO_SB_CARRY_CI_CO_SB_CARRY_CI_CO_SB_CARRY_CI_CO_SB_CARRY_CI_CO_SB_CARRY_CI_CO_SB_CARRY_CI_CO_SB_CARRY_CI_CO_SB_CARRY_CI_CO_SB_CARRY_CI_CO_SB_CARRY_CI_CO_SB_CARRY_CI_CO_SB_CARRY_CI_CO_SB_CARRY_CI_CO_SB_CARRY_CI_CO_SB_CARRY_CI_CO_SB_CARRY_CI_CO_SB_CARRY_CI_CO_SB_CARRY_CI_CO_SB_CARRY_CI_CO_SB_CARRY_CI_CO_SB_CARRY_CI_CO_SB_CARRY_CI_CO_SB_CARRY_CI_CO_SB_CARRY_CI_CO_SB_CARRY_CI_CO_SB_CARRY_CI_CO_SB_CARRY_CI_CO_SB_CARRY_CI_CO_SB_CARRY_CI_CO_SB_CARRY_CI_CO_SB_CARRY_CI_CO_SB_LUT4_I3_O_SB_LUT4_O_LC.O
Info:    routing  1.76  47.84 Net system.core.imag_part.0.0_WDATA_SB_LUT4_O_I1_SB_CARRY_CI_CO_SB_CARRY_CI_CO_SB_CARRY_CI_CO_SB_CARRY_CI_CO_SB_CARRY_CI_CO_SB_CARRY_CI_CO_SB_CARRY_CI_CO_SB_CARRY_CI_CO_SB_CARRY_CI_CO_SB_CARRY_CI_CO_SB_CARRY_CI_CO_SB_CARRY_CI_CO_SB_CARRY_CI_CO_SB_CARRY_CI_CO_SB_CARRY_CI_CO_SB_CARRY_CI_CO_SB_CARRY_CI_CO_SB_CARRY_CI_CO_SB_CARRY_CI_CO_SB_CARRY_CI_CO_SB_CARRY_CI_CO_SB_CARRY_CI_CO_SB_CARRY_CI_CO_SB_CARRY_CI_CO_SB_CARRY_CI_CO_SB_CARRY_CI_CO_SB_CARRY_CI_CO_SB_CARRY_CI_CO_SB_CARRY_CI_CO_SB_CARRY_CI_CO_SB_CARRY_CI_CO_SB_CARRY_CI_CO_SB_CARRY_CI_CO_SB_CARRY_CI_CO_SB_CARRY_CI_CO_SB_CARRY_CI_CO_SB_CARRY_CI_CO_SB_CARRY_CI_CO_SB_LUT4_I3_O[1] (7,27) -> (7,28)
Info:                          Sink system.core.imag_part.0.0_WDATA_SB_LUT4_O_I1_SB_CARRY_CI_CO_SB_CARRY_CI_CO_SB_CARRY_CI_CO_SB_CARRY_CI_CO_SB_CARRY_CI_CO_SB_CARRY_CI_CO_SB_CARRY_CI_CO_SB_CARRY_CI_CO_SB_CARRY_CI_CO_SB_CARRY_CI_CO_SB_CARRY_CI_CO_SB_CARRY_CI_CO_SB_CARRY_CI_I0_SB_LUT4_I1_LC.I2
Info:                          Defined in:
Info:                               /home/researcher/Desktop/￿FFE6￿FF95￿FF99￿FFE6￿FF9D￿FF90/Fall 2026/digital ic/.tools/oss-cad-suite/libexec/../share/yosys/ice40/cells_map.v:6.21-6.22
Info:      logic  1.21  49.05 Source system.core.imag_part.0.0_WDATA_SB_LUT4_O_I1_SB_CARRY_CI_CO_SB_CARRY_CI_CO_SB_CARRY_CI_CO_SB_CARRY_CI_CO_SB_CARRY_CI_CO_SB_CARRY_CI_CO_SB_CARRY_CI_CO_SB_CARRY_CI_CO_SB_CARRY_CI_CO_SB_CARRY_CI_CO_SB_CARRY_CI_CO_SB_CARRY_CI_CO_SB_CARRY_CI_I0_SB_LUT4_I1_LC.O
Info:    routing  3.39  52.44 Net system.core.imag_part.0.0_WDATA_SB_LUT4_O_I1_SB_CARRY_CI_CO_SB_CARRY_CI_CO_SB_CARRY_CI_CO_SB_CARRY_CI_CO_SB_CARRY_CI_CO_SB_CARRY_CI_CO_SB_CARRY_CI_CO_SB_CARRY_CI_CO_SB_CARRY_CI_CO_SB_CARRY_CI_CO_SB_CARRY_CI_CO_SB_CARRY_CI_CO_SB_CARRY_CI_I0_SB_LUT4_I1_O (7,28) -> (16,28)
Info:                          Sink system.core.imag_part.0.0_RDATA_11_SB_DFF_Q_DFFLC.I0
Info:      setup  1.23  53.67 Source system.core.imag_part.0.0_RDATA_11_SB_DFF_Q_DFFLC.I0
Info: 24.27 ns logic, 29.40 ns routing

Info: Critical path report for cross-domain path '<async>' -> 'posedge system_clk':
Info:       type curr  total name
Info:     source  0.00  0.00 Source flash_miso$sb_io.D_IN_0
Info:    routing  5.00  5.00 Net flash_miso$SB_IO_IN (23,0) -> (22,18)
Info:                          Sink system.transport.spi.rx_shift_SB_DFFESR_Q_7_DFFLC.I0
Info:                          Defined in:
Info:                               rtl/io/spi_master.sv:18.16-18.20
Info:      setup  1.23  6.24 Source system.transport.spi.rx_shift_SB_DFFESR_Q_7_DFFLC.I0
Info: 1.23 ns logic, 5.00 ns routing

Info: Critical path report for cross-domain path 'posedge system_clk' -> '<async>':
Info:       type curr  total name
Info:   clk-to-q  1.39  1.39 Source system.error_flags_SB_DFFESR_Q_5_DFFLC.O
Info:    routing  3.60  4.99 Net system.error_flags[1] (23,5) -> (21,11)
Info:                          Sink status_error_SB_LUT4_O_I3_SB_LUT4_O_LC.I2
Info:                          Defined in:
Info:                               rtl/upduino_replay.sv:56.15-56.26
Info:      logic  1.21  6.20 Source status_error_SB_LUT4_O_I3_SB_LUT4_O_LC.O
Info:    routing  1.76  7.96 Net status_error_SB_LUT4_O_I3[3] (21,11) -> (20,10)
Info:                          Sink status_error_SB_LUT4_O_LC.I3
Info:                          Defined in:
Info:                               /home/researcher/Desktop/￿FFE6￿FF95￿FF99￿FFE6￿FF9D￿FF90/Fall 2026/digital ic/.tools/oss-cad-suite/libexec/../share/yosys/ice40/cells_map.v:6.21-6.22
Info:      logic  0.87  8.83 Source status_error_SB_LUT4_O_LC.O
Info:    routing  4.25  13.08 Net status_error$SB_IO_OUT (20,10) -> (18,0)
Info:                          Sink status_error$sb_io.D_OUT_0
Info:                          Defined in:
Info:                               rtl/upduino_replay.sv:47.28-47.40
Info: 3.47 ns logic, 9.61 ns routing

Info: Max frequency for clock 'system_clk': 18.63 MHz (PASS at 12.00 MHz)

Info: Clock '$PACKER_GND_NET_$glb_clk' has no interior paths

Info: Max delay <async>            -> posedge system_clk: 6.24 ns
Info: Max delay posedge system_clk -> <async>           : 13.08 ns

Info: Slack histogram:
Info:  legend: * represents 28 endpoint(s)
Info:          + represents [1,28) endpoint(s)
Info: [ 29661,  32161) |*+
Info: [ 32161,  34661) |*+
Info: [ 34661,  37161) |*+
Info: [ 37161,  39661) |+
Info: [ 39661,  42161) |*+
Info: [ 42161,  44661) |*+
Info: [ 44661,  47161) |+
Info: [ 47161,  49661) |*+
Info: [ 49661,  52161) |*****+
Info: [ 52161,  54661) |********+
Info: [ 54661,  57161) |************+
Info: [ 57161,  59661) |***********+
Info: [ 59661,  62161) |***********************************+
Info: [ 62161,  64661) |**************+
Info: [ 64661,  67161) |************************************************************ 
Info: [ 67161,  69661) |**************+
Info: [ 69661,  72161) |************+
Info: [ 72161,  74661) |************+
Info: [ 74661,  77161) |******************+
Info: [ 77161,  79661) |**********************************+

Info: Program finished normally.
